4.17790900e-04 1.16082800e+03 2.43973800e-02 1.17085700e-01 1.04009500e+00 6.15201200e-02 3.08980900e+00 9.60539400e-01 1.00228200e+00 6.98077400e+01 7.08342500e-01 2.91657500e-01 1.42128200e-01 9.92165000e-02 8.08593800e-01 7.97271700e-01 4.36683700e-01 5.94222000e-01 9.67784400e-01 1.01673100e+02 2.46909900e+00 7.89642300e+00 2.19728800e+00 1.94290400e+00 1.31032600e+03 6.19771400e+03 2.62295400e+03 8.47842700e+02 2.42187400e+02 9.60539400e-01 2.46175600e-01 2.47505000e-01 2.24646600e+00 1.36057100e+01 1.08733200e+03 1.43634800e+02 1.04006700e+00 1.38101400e+01 1.06428100e+03 1.45647300e+02 1.43805500e-01 1.58189000e-01 3.38100400e+03 1.03191900e-02 8.22116200e-01 4.52451800e-01 7.49264900e+01 6.22413500e+02 8.47838300e+01 1.48912000e+03 9.13621300e+01 1.93212500e+03 9.68792800e+01 2.25084300e+03 2.36598000e+02 5.68060900e+03 4.42775000e-01 7.49187800e-01 4.65492000e-01 6.66317400e-01 4.66455800e-01 6.24490600e-01 4.63116300e-01 5.94793500e-01 3.00706300e-01 3.10954500e-01 1.55610600e+01 3.97578600e+02 1.89127700e+03 5.47814100e-02 2.50994400e+00 3.81282000e+00 1.08611500e+01 2.30441700e+03 6.37754500e+00
4.21428800e-04 1.15967900e+03 2.44516800e-02 1.16154500e-01 1.03936100e+00 5.77772300e-02 3.07701600e+00 9.65265200e-01 9.96964200e-01 6.99395800e+01 7.11233700e-01 2.88766300e-01 1.41251300e-01 9.87905800e-02 8.00640000e-01 7.85506700e-01 4.30239800e-01 5.86913300e-01 9.57361100e-01 1.01995900e+02 2.43616400e+00 7.52105700e+00 2.16935800e+00 1.93262000e+00 1.29186700e+03 6.16677200e+03 2.61546700e+03 8.47262600e+02 2.42120900e+02 9.65265200e-01 2.46196700e-01 2.47526100e-01 2.23829600e+00 1.36177200e+01 1.08719800e+03 1.43832800e+02 1.03933100e+00 1.38389800e+01 1.06432000e+03 1.45834300e+02 1.43631900e-01 1.58050200e-01 3.36004300e+03 1.02552300e-02 8.25519600e-01 4.54153700e-01 7.50188900e+01 6.21441300e+02 8.48082800e+01 1.48748900e+03 9.13457200e+01 1.93047000e+03 9.68307400e+01 2.24929800e+03 2.35970400e+02 5.68519500e+03 4.36477500e-01 7.42115000e-01 4.59603900e-01 6.60359600e-01 4.60904800e-01 6.19047200e-01 4.57838900e-01 5.89696700e-01 2.98256600e-01 3.08565900e-01 1.55437200e+01 3.96334200e+02 1.88911600e+03 8.93673200e-02 2.67357500e+00 4.09883200e+00 1.15023700e+01 2.30099400e+03 6.86177400e+00
9.55118400e-04 1.15821200e+03 2.40330300e-02 1.17807100e-01 1.04007000e+00 4.66349000e-02 3.05657900e+00 9.62426800e-01 9.97718300e-01 6.92327900e+01 7.02733300e-01 2.97266700e-01 1.42485200e-01 9.86465100e-02 8.00021100e-01 7.96368200e-01 4.36188800e-01 5.90728600e-01 9.61491600e-01 1.00976600e+02 2.43426200e+00 6.53533900e+00 2.12547300e+00 1.93619500e+00 1.29046900e+03 6.11366600e+03 2.61511700e+03 8.45740800e+02 2.41058000e+02 9.62426800e-01 2.46051100e-01 2.47380000e-01 2.30250700e+00 1.36461500e+01 1.08778300e+03 1.43727400e+02 1.04007800e+00 1.38189000e+01 1.06351900e+03 1.45850800e+02 1.43359600e-01 1.58580400e-01 3.38953800e+03 1.03452300e-02 8.19527100e-01 4.51377000e-01 7.44024700e+01 6.27199400e+02 8.43445300e+01 1.49921300e+03 9.09706000e+01 1.94432300e+03 9.65236400e+01 2.26431400e+03 2.36699800e+02 5.69828900e+03 4.41817400e-01 7.40675300e-01 4.63061300e-01 6.58111100e-01 4.63346000e-01 6.16532600e-01 4.59579100e-01 5.87047500e-01 2.96555000e-01 3.06388500e-01 1.39073500e+01 3.95899300e+02 1.89009100e+03 8.46810300e-03 2.04033800e+00 3.61706400e+00 1.08607600e+01 2.29989800e+03 5.66587000e+00
5.24812900e-06 1.16364300e+03 2.42764100e-02 1.17478900e-01 1.03981700e+00 5.79721300e-02 3.08916700e+00 9.67925500e-01 9.99626000e-01 6.94708300e+01 7.04942600e-01 2.95057400e-01 1.42400500e-01 9.89267900e-02 8.12405000e-01 8.05684900e-01 4.41291800e-01 5.98755100e-01 9.74700900e-01 1.01200500e+02 2.45886900e+00 7.59429900e+00 2.19587800e+00 1.95548400e+00 1.29451800e+03 6.17330900e+03 2.64484300e+03 8.58147700e+02 2.45625100e+02 9.67925500e-01 2.46130900e-01 2.47460100e-01 2.26483400e+00 1.36276200e+01 1.08749500e+03 1.43625900e+02 1.03980400e+00 1.38127800e+01 1.06405300e+03 1.45673300e+02 1.43705000e-01 1.58269400e-01 3.38751200e+03 1.03390400e-02 8.20380600e-01 4.51634700e-01 7.46221900e+01 6.25194300e+02 8.45328600e+01 1.49495400e+03 9.11414600e+01 1.93915100e+03 9.66814800e+01 2.25858100e+03 2.36705600e+02 5.69024600e+03 4.47164500e-01 7.52368200e-01 4.69232300e-01 6.68754300e-01 4.69789200e-01 6.26609900e-01 4.66148900e-01 5.96709200e-01 3.01530100e-01 3.11636500e-01 2.43152800e+01 3.96437800e+02 1.89070500e+03 1.87638300e-02 2.11648900e+00 3.64302300e+00 1.00501600e+01 2.31145800e+03 5.77827500e+00
2.67541300e-08 1.17258500e+03 2.46243400e-02 1.19058300e-01 1.03931400e+00 4.83794100e-02 3.07718300e+00 9.63669500e-01 9.96076600e-01 6.90350300e+01 6.97161700e-01 3.02838300e-01 1.44327800e-01 9.96367300e-02 8.09985700e-01 8.13808300e-01 4.45741200e-01 6.00869400e-01 9.74860700e-01 1.00029600e+02 2.46705500e+00 6.62384000e+00 2.16971900e+00 1.96961600e+00 1.30983300e+03 6.23305400e+03 2.65521000e+03 8.61600400e+02 2.46989900e+02 9.63669500e-01 2.46267600e-01 2.47597300e-01 2.21262200e+00 1.36142100e+01 1.08725400e+03 1.42960200e+02 1.03926400e+00 1.37559100e+01 1.06489200e+03 1.44896800e+02 1.44778100e-01 1.57745700e-01 3.43358200e+03 1.04796100e-02 8.12722800e-01 4.47404300e-01 7.42854000e+01 6.28584700e+02 8.43622700e+01 1.50119200e+03 9.10695200e+01 1.94601200e+03 9.66864900e+01 2.26555900e+03 2.38037300e+02 5.68566700e+03 4.50996100e-01 7.49336100e-01 4.71265500e-01 6.65179700e-01 4.70889000e-01 6.22892400e-01 4.66617800e-01 5.92940100e-01 2.99294300e-01 3.08958300e-01 3.48731500e+01 3.95714400e+02 1.89601800e+03 1.10294300e-02 1.40705700e+00 4.65448400e+00 1.24907100e+01 2.32660600e+03 6.07257000e+00
1.43648600e-08 1.17066200e+03 2.44723300e-02 1.18457600e-01 1.03996900e+00 6.23402800e-02 3.10566900e+00 9.68620300e-01 1.00043800e+00 6.93389900e+01 7.01376500e-01 2.98623500e-01 1.43575000e-01 9.95534800e-02 8.22219100e-01 8.20330500e-01 4.49313500e-01 6.07810900e-01 9.87412900e-01 1.00687300e+02 2.48582500e+00 7.97882100e+00 2.23241500e+00 1.97072900e+00 1.30274600e+03 6.20944100e+03 2.66214900e+03 8.65107400e+02 2.48340600e+02 9.68620300e-01 2.46204900e-01 2.47534400e-01 2.23520100e+00 1.36078600e+01 1.08736300e+03 1.43227600e+02 1.03992900e+00 1.37728200e+01 1.06454800e+03 1.45210200e+02 1.44334500e-01 1.58036300e-01 3.41558900e+03 1.04247100e-02 8.15999800e-01 4.49227100e-01 7.45405200e+01 6.26133700e+02 8.45377300e+01 1.49634300e+03 9.11984600e+01 1.94038800e+03 9.67795500e+01 2.25955600e+03 2.37556700e+02 5.68247400e+03 4.54983800e-01 7.61086400e-01 4.76512100e-01 6.76090800e-01 4.76640300e-01 6.33310900e-01 4.72655700e-01 6.02982500e-01 3.04543600e-01 3.14576900e-01 3.61169600e+01 3.97819200e+02 1.89169400e+03 9.72374700e-04 1.81943000e+00 3.81587200e+00 1.00584300e+01 2.32563000e+03 5.63627400e+00
5.31784400e-06 1.16784800e+03 2.39272600e-02 1.20337100e-01 1.03928200e+00 5.30495800e-02 3.08152500e+00 9.42038400e-01 1.00338400e+00 6.79876700e+01 6.86500700e-01 3.13499300e-01 1.44909500e-01 9.85206000e-02 8.12409700e-01 8.30486800e-01 4.54876400e-01 6.07902900e-01 9.85280800e-01 9.87903500e+01 2.53481900e+00 7.23114000e+00 2.17916100e+00 1.95979700e+00 1.35602200e+03 6.23117200e+03 2.62067400e+03 8.39033700e+02 2.38270800e+02 9.42038400e-01 2.46020800e-01 2.47349600e-01 2.31918100e+00 1.36905300e+01 1.08810700e+03 1.43163500e+02 1.03929900e+00 1.37750000e+01 1.06348000e+03 1.45306300e+02 1.43890000e-01 1.58499400e-01 3.44748800e+03 1.05220300e-02 8.08324000e-01 4.45619500e-01 7.33314700e+01 6.37532600e+02 8.35620600e+01 1.51998700e+03 9.03549900e+01 1.96869200e+03 9.60358900e+01 2.29058300e+03 2.38174100e+02 5.71878400e+03 4.59311200e-01 7.50508800e-01 4.77239300e-01 6.65044100e-01 4.75593300e-01 6.22277200e-01 4.70443700e-01 5.92051800e-01 2.98420700e-01 3.07575800e-01 2.42888900e+01 3.95995900e+02 1.89525300e+03 1.27528400e-01 7.68898900e-01 7.40226600e+00 1.18599500e+01 2.31553800e+03 8.29869400e+00
3.14793300e-03 1.16022700e+03 2.28355900e-02 1.19257900e-01 1.04021300e+00 4.82654000e-02 3.04192600e+00 9.66705900e-01 9.94143900e-01 6.77642800e+01 6.89157800e-01 3.10842200e-01 1.42738700e-01 9.67258200e-02 8.05676000e-01 8.20105500e-01 4.49190300e-01 6.01582800e-01 9.78723400e-01 9.94584000e+01 2.43037600e+00 6.94732700e+00 2.09455500e+00 1.90181800e+00 1.24250200e+03 5.83973200e+03 2.56827800e+03 8.29001300e+02 2.34949400e+02 9.66705900e-01 2.45571600e-01 2.46898800e-01 2.50236300e+00 1.37686300e+01 1.08928000e+03 1.44267600e+02 1.04034500e+00 1.38672800e+01 1.06096300e+03 1.46771100e+02 1.41553300e-01 1.60043700e-01 3.39559600e+03 1.03637100e-02 8.15211800e-01 4.50019100e-01 7.30459200e+01 6.39833500e+02 8.31672100e+01 1.52610900e+03 8.98916000e+01 1.97703700e+03 9.55170900e+01 2.30063200e+03 2.36466700e+02 5.75113100e+03 4.53822200e-01 7.44551100e-01 4.72195700e-01 6.60053900e-01 4.70874200e-01 6.17727800e-01 4.65978600e-01 5.87797900e-01 2.96392600e-01 3.05595900e-01 1.15220200e+01 3.95732000e+02 1.89150300e+03 4.60712000e-02 1.09677200e+00 5.03919600e+00 1.55147400e+01 2.29875700e+03 6.18203900e+00
1.74669900e-04 1.16127200e+03 2.28919000e-02 1.19799600e-01 1.04008700e+00 6.10333400e-02 3.07677800e+00 9.80561200e-01 1.00112600e+00 6.75775100e+01 6.86127900e-01 3.13872100e-01 1.43336600e-01 9.68633300e-02 8.25658800e-01 8.44532500e-01 4.62569500e-01 6.18000400e-01 1.00438300e+00 9.90471200e+01 2.45103900e+00 8.22601300e+00 2.16884000e+00 1.91961800e+00 1.22019700e+03 5.80955700e+03 2.60018100e+03 8.45753200e+02 2.41326900e+02 9.80561200e-01 2.45597200e-01 2.46924500e-01 2.49219400e+00 1.37689600e+01 1.08925900e+03 1.44085300e+02 1.04021200e+00 1.38515300e+01 1.06111500e+03 1.46568200e+02 1.41813000e-01 1.59932300e-01 3.40989000e+03 1.04073200e-02 8.12718200e-01 4.48675100e-01 7.28952000e+01 6.41375200e+02 8.30747200e+01 1.52905800e+03 8.98331700e+01 1.98038300e+03 9.54849600e+01 2.30413700e+03 2.36867500e+02 5.75159800e+03 4.67056600e-01 7.62712900e-01 4.85194000e-01 6.75820400e-01 4.83477500e-01 6.32345000e-01 4.78214200e-01 6.01621200e-01 3.03242000e-01 3.12523300e-01 1.73052300e+01 3.97506600e+02 1.89044100e+03 8.93645500e-02 9.26576500e-01 6.04459700e+00 1.02307800e+01 2.30525300e+03 7.06053800e+00
9.97868000e-04 1.16147900e+03 2.21580200e-02 1.20180800e-01 1.03925700e+00 5.24923600e-02 3.05483200e+00 9.61030500e-01 9.99678200e-01 6.65631100e+01 6.77284300e-01 3.22715700e-01 1.42983900e-01 9.51745600e-02 8.14161800e-01 8.44423100e-01 4.62509600e-01 6.13642900e-01 9.97915800e-01 9.80330900e+01 2.47430100e+00 7.53936800e+00 2.12176300e+00 1.91030400e+00 1.25535300e+03 5.81503700e+03 2.57006700e+03 8.24397100e+02 2.32412400e+02 9.61030500e-01 2.45308500e-01 2.46634700e-01 2.62595800e+00 1.38697100e+01 1.09020500e+03 1.44546300e+02 1.03945700e+00 1.39059400e+01 1.05947500e+03 1.47278400e+02 1.40503900e-01 1.60790700e-01 3.40145900e+03 1.03816000e-02 8.11544200e-01 4.48584000e-01 7.19419300e+01 6.50522300e+02 8.22157800e+01 1.54871600e+03 8.90233100e+01 2.00444800e+03 9.47098500e+01 2.33099900e+03 2.36311800e+02 5.79458600e+03 4.66198700e-01 7.51222000e-01 4.82077400e-01 6.64691000e-01 4.79346000e-01 6.21541500e-01 4.73453600e-01 5.91102100e-01 2.97604800e-01 3.06339900e-01 1.38197800e+01 3.95971000e+02 1.89314300e+03 2.55189100e-01 4.95667100e-01 9.22997900e+00 1.00443500e+01 2.30293300e+03 9.98083500e+00
4.87662500e-04 1.16092000e+03 2.30801500e-02 1.19512300e-01 1.03835800e+00 5.85792300e-02 3.07251000e+00 9.53103800e-01 1.00174600e+00 6.72552500e+01 6.83331600e-01 3.16668400e-01 1.43237600e-01 9.63348100e-02 8.12025700e-01 8.34279300e-01 4.56953600e-01 6.09145400e-01 9.90163000e-01 9.84859000e+01 2.50136800e+00 7.93609600e+00 2.15960300e+00 1.92084600e+00 1.29481200e+03 5.98960000e+03 2.57960300e+03 8.27331600e+02 2.34289900e+02 9.53103800e-01 2.45689300e-01 2.47016900e-01 2.45903900e+00 1.38004000e+01 1.08901000e+03 1.44015700e+02 1.03846600e+00 1.38681200e+01 1.06153500e+03 1.46436000e+02 1.42086800e-01 1.59433000e-01 3.40752300e+03 1.04001000e-02 8.12309700e-01 4.48282400e-01 7.25930000e+01 6.44248400e+02 8.28030500e+01 1.53523400e+03 8.95775000e+01 1.98794100e+03 9.52406700e+01 2.31257300e+03 2.36700600e+02 5.76502800e+03 4.61134900e-01 7.49843200e-01 4.78341700e-01 6.64115300e-01 4.76324900e-01 6.21268300e-01 4.70925700e-01 5.91005800e-01 2.97783400e-01 3.06777600e-01 1.52517700e+01 3.97373600e+02 1.88967400e+03 1.74456000e-01 6.25207500e-01 8.22547200e+00 1.05154600e+01 2.30229900e+03 9.02513500e+00
1.39343600e-02 1.15529100e+03 2.26691800e-02 1.17246300e-01 1.03928300e+00 4.86893200e-02 3.03593400e+00 9.74142400e-01 1.00132400e+00 6.80279500e+01 6.96269300e-01 3.03730700e-01 1.40560600e-01 9.56204900e-02 7.98543200e-01 8.03493100e-01 4.40091300e-01 5.92816900e-01 9.68176900e-01 1.00334400e+02 2.39242600e+00 6.99310300e+00 2.08204200e+00 1.88885400e+00 1.21882800e+03 5.79493500e+03 2.56215500e+03 8.28509900e+02 2.34620400e+02 9.74142400e-01 2.45504800e-01 2.46831700e-01 2.53225000e+00 1.38041300e+01 1.08931000e+03 1.44916900e+02 1.03944500e+00 1.39417700e+01 1.06042900e+03 1.47489900e+02 1.40670200e-01 1.60188000e-01 3.34353100e+03 1.02048600e-02 8.23478500e-01 4.54427500e-01 7.32176800e+01 6.37815200e+02 8.31732600e+01 1.52302200e+03 8.97984300e+01 1.97416900e+03 9.53460300e+01 2.29822400e+03 2.34883900e+02 5.76512100e+03 4.45218000e-01 7.38666800e-01 4.65011500e-01 6.55617300e-01 4.64538700e-01 6.13900500e-01 4.60258100e-01 5.84357500e-01 2.94951500e-01 3.04425200e-01 8.54679600e+00 3.95761000e+02 1.89056500e+03 1.19492800e-03 1.60798500e+00 3.79172900e+00 1.03084200e+01 2.29487300e+03 5.40090900e+00
2.10873500e-06 1.16476900e+03 2.46490400e-02 1.17635200e-01 1.03878200e+00 5.17679800e-02 3.08643900e+00 9.71264400e-01 1.00348900e+00 6.93792700e+01 7.03064600e-01 2.96935400e-01 1.42929400e-01 9.91633600e-02 8.10415900e-01 8.06265900e-01 4.41610000e-01 5.98237200e-01 9.72955700e-01 1.00764800e+02 2.45048500e+00 6.93206800e+00 2.18989600e+00 1.97450500e+00 1.29738400e+03 6.24333300e+03 2.67136000e+03 8.69464600e+02 2.49655200e+02 9.71264400e-01 2.46278200e-01 2.47607900e-01 2.20898600e+00 1.36215900e+01 1.08711200e+03 1.43302800e+02 1.03873000e+00 1.37959700e+01 1.06485400e+03 1.45237600e+02 1.44409600e-01 1.57689100e-01 3.40015500e+03 1.03776200e-02 8.18327200e-01 4.50273700e-01 7.45543100e+01 6.25898300e+02 8.45076000e+01 1.49618300e+03 9.11416700e+01 1.94044600e+03 9.67016600e+01 2.25984200e+03 2.37079400e+02 5.68798600e+03 4.47334400e-01 7.50332400e-01 4.68927700e-01 6.66728800e-01 4.69255700e-01 6.24621400e-01 4.65467300e-01 5.94759100e-01 3.00462500e-01 3.10442000e-01 2.61388400e+01 3.95584600e+02 1.89012400e+03 1.94031600e-03 1.81943000e+00 3.89459500e+00 1.19751600e+01 2.31184700e+03 5.71596500e+00
3.71819000e-06 1.16562700e+03 2.35787500e-02 1.19140100e-01 1.03833200e+00 5.94807400e-02 3.09042500e+00 9.67410800e-01 1.00443200e+00 6.77899200e+01 6.88032100e-01 3.11967900e-01 1.43364000e-01 9.71863400e-02 8.20338900e-01 8.36541800e-01 4.58192800e-01 6.13085100e-01 9.96347300e-01 9.89686100e+01 2.48724100e+00 7.90863000e+00 2.19864300e+00 1.95204800e+00 1.28173500e+03 6.05920400e+03 2.63350200e+03 8.52641000e+02 2.43440200e+02 9.67410800e-01 2.45897500e-01 2.47225800e-01 2.37539700e+00 1.37491300e+01 1.08840100e+03 1.43731700e+02 1.03838900e+00 1.38418000e+01 1.06260300e+03 1.45993100e+02 1.42910800e-01 1.58815300e-01 3.41054400e+03 1.04093200e-02 8.13133800e-01 4.48346500e-01 7.30953900e+01 6.39479500e+02 8.32522500e+01 1.52500200e+03 8.99986100e+01 1.97543100e+03 9.56416700e+01 2.29862300e+03 2.36949600e+02 5.74310500e+03 4.62792200e-01 7.57991200e-01 4.81251000e-01 6.71847500e-01 4.79775000e-01 6.28714900e-01 4.74701400e-01 5.98221500e-01 3.01602900e-01 3.10919600e-01 2.50045500e+01 3.97131000e+02 1.88810100e+03 1.02501200e-01 8.72797100e-01 6.87100900e+00 1.31709000e+01 2.31023600e+03 7.84630700e+00
6.61350500e-06 1.16358400e+03 2.36049700e-02 1.19139500e-01 1.03824600e+00 5.60012500e-02 3.07917400e+00 9.60958900e-01 1.00036300e+00 6.77825900e+01 6.87909000e-01 3.12091000e-01 1.43389600e-01 9.71931800e-02 8.13564400e-01 8.29797100e-01 4.54498600e-01 6.08082100e-01 9.88172700e-01 9.89377200e+01 2.48631000e+00 7.56683300e+00 2.17404400e+00 1.94368600e+00 1.29289400e+03 6.07245300e+03 2.61740200e+03 8.44691700e+02 2.40599800e+02 9.60958900e-01 2.45908200e-01 2.47236600e-01 2.37110000e+00 1.37488800e+01 1.08837100e+03 1.43711900e+02 1.03830600e+00 1.38410000e+01 1.06267900e+03 1.45963300e+02 1.42958800e-01 1.58771000e-01 3.41115600e+03 1.04111800e-02 8.13034900e-01 4.48274000e-01 7.30917700e+01 6.39518400e+02 8.32507700e+01 1.52507000e+03 8.99984000e+01 1.97550400e+03 9.56424500e+01 2.29869500e+03 2.36967600e+02 5.74300900e+03 4.59034800e-01 7.51721500e-01 4.77318400e-01 6.66279200e-01 4.75842600e-01 6.23499500e-01 4.70802800e-01 5.93256200e-01 2.99094800e-01 3.08330100e-01 2.38527900e+01 3.96319000e+02 1.88903800e+03 1.06288600e-01 8.20176000e-01 6.98241800e+00 1.00489200e+01 2.30921000e+03 7.90888300e+00
5.76362300e-04 1.15813600e+03 2.39846800e-02 1.17650900e-01 1.03844300e+00 5.06296400e-02 3.06388100e+00 9.75179600e-01 1.00041000e+00 6.86944600e+01 6.98489200e-01 3.01510800e-01 1.42280800e-01 9.77390000e-02 8.05129900e-01 8.07154600e-01 4.42096800e-01 5.96611600e-01 9.71415700e-01 1.00255000e+02 2.42102000e+00 6.94122300e+00 2.14105000e+00 1.93486400e+00 1.25480700e+03 6.03596400e+03 2.62225700e+03 8.53391800e+02 2.44218600e+02 9.75179600e-01 2.46037000e-01 2.47365800e-01 2.31010500e+00 1.36985800e+01 1.08782500e+03 1.43804100e+02 1.03845600e+00 1.38478700e+01 1.06340400e+03 1.45943400e+02 1.43228500e-01 1.58393400e-01 3.38465100e+03 1.03303100e-02 8.18993200e-01 4.51094300e-01 7.38957500e+01 6.31804600e+02 8.38843800e+01 1.50919900e+03 9.05349400e+01 1.95659900e+03 9.61053800e+01 2.27805600e+03 2.36387900e+02 5.72074900e+03 4.47439600e-01 7.44978200e-01 4.67882200e-01 6.61460600e-01 4.67665100e-01 6.19472500e-01 4.63527400e-01 5.89723600e-01 2.97737300e-01 3.07407100e-01 1.49175500e+01 3.95656200e+02 1.88982700e+03 3.39609800e-03 1.53969800e+00 4.27396500e+00 1.00546800e+01 2.30040100e+03 5.81705900e+00
1.23822000e-02 1.16088800e+03 2.41234300e-02 1.15005900e-01 1.03809600e+00 6.43534400e-02 3.06993300e+00 9.75189900e-01 9.97448200e-01 6.96502700e+01 7.11874100e-01 2.88125900e-01 1.39774500e-01 9.73532900e-02 7.97029200e-01 7.81096600e-01 4.27824200e-01 5.83942100e-01 9.55020900e-01 1.02031500e+02 2.40198400e+00 8.17413300e+00 2.15404700e+00 1.89390600e+00 1.24173700e+03 5.98779600e+03 2.57364500e+03 8.36388900e+02 2.39025300e+02 9.75189900e-01 2.46079100e-01 2.47408100e-01 2.28840100e+00 1.36825600e+01 1.08745400e+03 1.44382400e+02 1.03810900e+00 1.39082100e+01 1.06351900e+03 1.46491200e+02 1.42713800e-01 1.58275100e-01 3.32474000e+03 1.01475200e-02 8.30129400e-01 4.56750400e-01 7.46989100e+01 6.24056800e+02 8.44285800e+01 1.49390700e+03 9.09271500e+01 1.93890400e+03 9.63800400e+01 2.25921100e+03 2.34757800e+02 5.71217800e+03 4.34079600e-01 7.38836200e-01 4.57245000e-01 6.57518900e-01 4.58618600e-01 6.16417000e-01 4.55621200e-01 5.87211700e-01 2.97038000e-01 3.07333700e-01 8.78299000e+00 3.98050900e+02 1.89696600e+03 9.34583300e-02 2.67357500e+00 4.13964200e+00 1.10696400e+01 2.30380000e+03 6.90667600e+00
7.54953300e-04 1.16296000e+03 2.35777700e-02 1.17643000e-01 1.04004200e+00 7.50330800e-02 3.09930100e+00 9.75039800e-01 1.00049000e+00 6.88958700e+01 7.01123700e-01 2.98876300e-01 1.41865900e-01 9.77397300e-02 8.22635000e-01 8.21092800e-01 4.49731100e-01 6.08247100e-01 9.91084200e-01 1.00852200e+02 2.46312200e+00 9.31243900e+00 2.21824400e+00 1.90913400e+00 1.24542500e+03 5.92189300e+03 2.58753300e+03 8.40381600e+02 2.40210700e+02 9.75039800e-01 2.45897100e-01 2.47225400e-01 2.37555800e+00 1.36917600e+01 1.08827900e+03 1.44116800e+02 1.04010400e+00 1.38559900e+01 1.06252700e+03 1.46383600e+02 1.42483600e-01 1.59128300e-01 3.37473300e+03 1.03000500e-02 8.20918000e-01 4.52433800e-01 7.40718500e+01 6.30111500e+02 8.40122200e+01 1.50579600e+03 9.06347400e+01 1.95261000e+03 9.61836600e+01 2.27376000e+03 2.36132200e+02 5.71755300e+03 4.55373900e-01 7.61450400e-01 4.76865300e-01 6.76391400e-01 4.76967700e-01 6.33583200e-01 4.72963100e-01 6.03236200e-01 3.04675200e-01 3.14696400e-01 1.43777100e+01 4.04033800e+02 1.89188700e+03 4.85238800e-03 1.96545900e+00 3.58572900e+00 1.00662700e+01 2.31029800e+03 5.55604000e+00
3.92483100e-03 1.15591100e+03 2.31681400e-02 1.18060600e-01 1.03930900e+00 5.16304000e-02 3.06038500e+00 9.73439100e-01 1.00352800e+00 6.81597900e+01 6.94616200e-01 3.05383800e-01 1.41873900e-01 9.67009500e-02 8.08860200e-01 8.16085800e-01 4.46988600e-01 6.01291400e-01 9.79736600e-01 1.00006200e+02 2.42778700e+00 7.20672600e+00 2.13357600e+00 1.92425500e+00 1.24582400e+03 5.93037500e+03 2.60638300e+03 8.44812400e+02 2.40432300e+02 9.73439100e-01 2.45731100e-01 2.47058900e-01 2.44406100e+00 1.37569700e+01 1.08878500e+03 1.44322300e+02 1.03940500e+00 1.38850900e+01 1.06161100e+03 1.46723200e+02 1.41842200e-01 1.59512900e-01 3.37492500e+03 1.03006400e-02 8.19151300e-01 4.51801300e-01 7.33822800e+01 6.36507000e+02 8.34054100e+01 1.51948800e+03 9.00729200e+01 1.96932000e+03 9.56547400e+01 2.29235700e+03 2.35922800e+02 5.74562400e+03 4.52075100e-01 7.48038500e-01 4.71744000e-01 6.63745500e-01 4.71062900e-01 6.21432200e-01 4.66588600e-01 5.91477500e-01 2.98469200e-01 3.07980700e-01 1.10808600e+01 3.95636600e+02 1.88736300e+03 1.10920200e-02 1.40705700e+00 4.30326300e+00 1.20197600e+01 2.29408000e+03 5.72141200e+00
1.51601900e-02 1.15450000e+03 2.27467200e-02 1.17247100e-01 1.03917000e+00 4.84185100e-02 3.04234400e+00 9.71518500e-01 1.00158200e+00 6.80535900e+01 6.96328900e-01 3.03671100e-01 1.40638900e-01 9.57098300e-02 7.99874500e-01 8.04753600e-01 4.40781700e-01 5.93776100e-01 9.69608300e-01 1.00312500e+02 2.40504300e+00 6.95037800e+00 2.09542900e+00 1.90202900e+00 1.23465400e+03 5.85633400e+03 2.57760900e+03 8.32600200e+02 2.35779900e+02 9.71518500e-01 2.45534200e-01 2.46861300e-01 2.51841400e+00 1.37998000e+01 1.08921700e+03 1.44857000e+02 1.03931900e+00 1.39376800e+01 1.06061900e+03 1.47402300e+02 1.40818400e-01 1.60066300e-01 3.34540400e+03 1.02105700e-02 8.23259000e-01 4.54251600e-01 7.32431500e+01 6.37589800e+02 8.32008900e+01 1.52249600e+03 8.98275800e+01 1.97349500e+03 9.53764800e+01 2.29744500e+03 2.34950900e+02 5.76330700e+03 4.45928000e-01 7.39903000e-01 4.65765100e-01 6.56719700e-01 4.65297200e-01 6.14935000e-01 4.61013400e-01 5.85343500e-01 2.95450400e-01 3.04942700e-01 8.37816400e+00 3.95796700e+02 1.88894600e+03 1.59629100e-03 1.60798500e+00 3.84254400e+00 1.04283000e+01 2.29312000e+03 5.45212500e+00
4.58214300e-04 1.15751300e+03 2.35974500e-02 1.19062700e-01 1.03899800e+00 4.83140800e-02 3.05912200e+00 9.63455900e-01 1.00035600e+00 6.80572500e+01 6.90604900e-01 3.09395100e-01 1.43305300e-01 9.75296400e-02 8.06662500e-01 8.19196200e-01 4.48692300e-01 6.01617200e-01 9.77810400e-01 9.93587500e+01 2.45368700e+00 6.80084200e+00 2.13088300e+00 1.93461500e+00 1.27851700e+03 6.03130800e+03 2.60910800e+03 8.43343900e+02 2.40134100e+02 9.63455900e-01 2.45905100e-01 2.47233500e-01 2.37233100e+00 1.37269400e+01 1.08837400e+03 1.43737200e+02 1.03905600e+00 1.38334400e+01 1.06264100e+03 1.45992900e+02 1.42923500e-01 1.58897100e-01 3.40914100e+03 1.04050300e-02 8.13960100e-01 4.48778900e-01 7.33424300e+01 6.37139200e+02 8.34653500e+01 1.52004100e+03 9.01931100e+01 1.96941000e+03 9.58224900e+01 2.29194900e+03 2.36982100e+02 5.73354300e+03 4.53413200e-01 7.45609800e-01 4.72141800e-01 6.61153600e-01 4.70993700e-01 6.18823800e-01 4.66211400e-01 5.88882100e-01 2.96993700e-01 3.06283100e-01 1.53763500e+01 3.95703100e+02 1.88709700e+03 5.70143700e-02 1.03858200e+00 5.70667400e+00 1.00480400e+01 2.29817600e+03 6.80227000e+00
1.51442400e-05 1.16222100e+03 2.37825000e-02 1.19297100e-01 1.03886400e+00 4.70532400e-02 3.06919300e+00 9.65473600e-01 1.00286000e+00 6.80865500e+01 6.89966300e-01 3.10033700e-01 1.43724700e-01 9.78572000e-02 8.11272200e-01 8.24727300e-01 4.51721800e-01 6.05367100e-01 9.83186600e-01 9.92222100e+01 2.46334500e+00 6.63909900e+00 2.15245200e+00 1.95913100e+00 1.28948400e+03 6.10682400e+03 2.64254600e+03 8.55769000e+02 2.44268200e+02 9.65473600e-01 2.45976000e-01 2.47304700e-01 2.34229800e+00 1.37131000e+01 1.08818500e+03 1.43536800e+02 1.03890700e+00 1.38161400e+01 1.06309900e+03 1.45729500e+02 1.43330100e-01 1.58644700e-01 3.41916700e+03 1.04356200e-02 8.12590100e-01 4.47929500e-01 7.33845100e+01 6.36819900e+02 8.35301200e+01 1.51912600e+03 9.02719900e+01 1.96812400e+03 9.59127100e+01 2.29037000e+03 2.37308200e+02 5.72783300e+03 4.56416300e-01 7.49806600e-01 4.75108000e-01 6.64804600e-01 4.73877700e-01 6.22211800e-01 4.69016400e-01 5.92087900e-01 2.98582800e-01 3.07894500e-01 2.21957800e+01 3.95845500e+02 1.88786600e+03 7.16840200e-02 9.81866700e-01 6.14474800e+00 1.13361900e+01 2.30590700e+03 7.19829900e+00
5.37468500e-05 1.16090900e+03 2.32637200e-02 1.19654000e-01 1.03890600e+00 4.82676400e-02 3.06380200e+00 9.64630000e-01 1.00152100e+00 6.75408900e+01 6.85291400e-01 3.14708600e-01 1.43562900e-01 9.69636700e-02 8.12236200e-01 8.31909400e-01 4.55655600e-01 6.08358400e-01 9.88323100e-01 9.87441400e+01 2.46565700e+00 6.86798100e+00 2.14088000e+00 1.94387100e+00 1.27670500e+03 6.00825600e+03 2.62030300e+03 8.46542900e+02 2.40806800e+02 9.64630000e-01 2.45773000e-01 2.47100900e-01 2.42794500e+00 1.37658900e+01 1.08880600e+03 1.43839800e+02 1.03899800e+00 1.38440900e+01 1.06195400e+03 1.46199000e+02 1.42470800e-01 1.59279400e-01 3.41529900e+03 1.04238200e-02 8.11867800e-01 4.47931700e-01 7.28716000e+01 6.41641800e+02 8.30690900e+01 1.52949800e+03 8.98382300e+01 1.98082500e+03 9.54983800e+01 2.30454700e+03 2.37029300e+02 5.75040300e+03 4.59983800e-01 7.50232800e-01 4.77642200e-01 6.64673500e-01 4.75857500e-01 6.21878500e-01 4.70614600e-01 5.91640600e-01 2.98176500e-01 3.07269400e-01 1.96624500e+01 3.95738300e+02 1.88781000e+03 1.32390800e-01 7.68898900e-01 7.30941500e+00 1.03977200e+01 2.30321100e+03 8.21070400e+00
7.34452400e-05 1.16384700e+03 2.46302700e-02 1.15660200e-01 1.03924400e+00 5.52377300e-02 3.09104300e+00 9.84127900e-01 1.00611900e+00 7.02288800e+01 7.14248000e-01 2.85752000e-01 1.40935600e-01 9.89775100e-02 8.09469700e-01 7.90013700e-01 4.32708300e-01 5.91831300e-01 9.65923500e-01 1.02373100e+02 2.40982300e+00 7.24029500e+00 2.20000100e+00 1.96989900e+00 1.26710700e+03 6.20349100e+03 2.68191700e+03 8.77739800e+02 2.52610800e+02 9.84127900e-01 2.46270100e-01 2.47599800e-01 2.21174900e+00 1.36008700e+01 1.08697200e+03 1.43823800e+02 1.03920200e+00 1.38398300e+01 1.06470100e+03 1.45770600e+02 1.43802800e-01 1.57852700e-01 3.35249600e+03 1.02322100e-02 8.27326400e-01 4.54952500e-01 7.52811800e+01 6.19060100e+02 8.50198200e+01 1.48252200e+03 9.15281000e+01 1.92451100e+03 9.69909200e+01 2.24275900e+03 2.35817000e+02 5.67768900e+03 4.39204900e-01 7.50616500e-01 4.63257600e-01 6.68281400e-01 4.64942900e-01 6.26624300e-01 4.62101100e-01 5.97009000e-01 3.02088700e-01 3.12689200e-01 1.90379400e+01 3.95700400e+02 1.88928800e+03 1.41896800e-01 2.92364600e+00 4.58243500e+00 1.60183400e+01 2.30402700e+03 7.64797800e+00
1.82801700e-04 1.15848800e+03 2.37568200e-02 1.19034400e-01 1.03948200e+00 4.79105800e-02 3.06387700e+00 9.69020200e-01 1.00162000e+00 6.83648700e+01 6.93102500e-01 3.06897500e-01 1.43436400e-01 9.80600800e-02 8.09971100e-01 8.19229300e-01 4.48710400e-01 6.02861900e-01 9.79609500e-01 9.96934700e+01 2.44565500e+00 6.73065200e+00 2.14104000e+00 1.94540600e+00 1.27218700e+03 6.04820400e+03 2.62848700e+03 8.52707400e+02 2.43499400e+02 9.69020200e-01 2.45967200e-01 2.47295800e-01 2.34643300e+00 1.36963100e+01 1.08819100e+03 1.43623400e+02 1.03952500e+00 1.38162500e+01 1.06302300e+03 1.45825600e+02 1.43207600e-01 1.58779200e-01 3.41227400e+03 1.04145900e-02 8.14224600e-01 4.48812400e-01 7.36326200e+01 6.34448700e+02 8.37291100e+01 1.51422100e+03 9.04431700e+01 1.96226200e+03 9.60628700e+01 2.28395200e+03 2.37169900e+02 5.72045800e+03 4.53647900e-01 7.48917000e-01 4.73012900e-01 6.64360400e-01 4.72155700e-01 6.21939100e-01 4.67555400e-01 5.91917200e-01 2.98622200e-01 3.08075600e-01 1.72142200e+01 3.95777800e+02 1.88732300e+03 2.89003100e-02 1.21731700e+00 4.96775200e+00 1.04478600e+01 2.30031400e+03 6.21397000e+00
2.82803900e-06 1.16439600e+03 2.36419600e-02 1.19671100e-01 1.03931600e+00 5.77468300e-02 3.08828400e+00 9.66755600e-01 1.00366900e+00 6.79913300e+01 6.88592300e-01 3.11407700e-01 1.43958200e-01 9.78791000e-02 8.21751100e-01 8.37229100e-01 4.58569300e-01 6.13864700e-01 9.96583100e-01 9.91215300e+01 2.48795900e+00 7.73773200e+00 2.19393900e+00 1.95463800e+00 1.28437600e+03 6.06328900e+03 2.63593900e+03 8.53766900e+02 2.43859500e+02 9.66755600e-01 2.45923200e-01 2.47251700e-01 2.36505800e+00 1.37154600e+01 1.08837500e+03 1.43548000e+02 1.03936800e+00 1.38110900e+01 1.06279400e+03 1.45785500e+02 1.43179300e-01 1.58870000e-01 3.42474800e+03 1.04526500e-02 8.11563300e-01 4.47508800e-01 7.33022000e+01 6.37635600e+02 8.34733100e+01 1.52073600e+03 9.02299700e+01 1.96999200e+03 9.58820500e+01 2.29236400e+03 2.37456900e+02 5.72897600e+03 4.63226400e-01 7.59350700e-01 4.81841500e-01 6.73112200e-01 4.80428200e-01 6.29923000e-01 4.75390300e-01 5.99386200e-01 3.02207700e-01 3.11569300e-01 2.55518500e+01 3.96660200e+02 1.88710500e+03 8.27870000e-02 9.26576500e-01 6.28396800e+00 1.21821300e+01 2.30931700e+03 7.29333200e+00
1.42720300e-06 1.16522800e+03 2.38780700e-02 1.18803200e-01 1.03952000e+00 6.47425000e-02 3.10067000e+00 9.71801600e-01 1.00269900e+00 6.85626200e+01 6.95104300e-01 3.04895700e-01 1.43326400e-01 9.82683200e-02 8.24571400e-01 8.31272200e-01 4.55306500e-01 6.12725700e-01 9.95828500e-01 9.99350200e+01 2.48222800e+00 8.33282500e+00 2.22128300e+00 1.95150300e+00 1.27591800e+03 6.06830400e+03 2.63807800e+03 8.57018000e+02 2.45460000e+02 9.71801600e-01 2.46006400e-01 2.47335100e-01 2.32699900e+00 1.36821100e+01 1.08803800e+03 1.43590200e+02 1.03954700e+00 1.38127700e+01 1.06325100e+03 1.45757300e+02 1.43364300e-01 1.58645600e-01 3.40964500e+03 1.04065700e-02 8.15057400e-01 4.49157600e-01 7.38101200e+01 6.32780900e+02 8.38779900e+01 1.51071600e+03 9.05760600e+01 1.95803100e+03 9.61838300e+01 2.27928300e+03 2.37143000e+02 5.71428700e+03 4.60508300e-01 7.62618900e-01 4.80673800e-01 6.76738300e-01 4.80040500e-01 6.33619500e-01 4.75521100e-01 6.03091400e-01 3.04342400e-01 3.14067500e-01 2.69195900e+01 3.98896600e+02 1.88751300e+03 1.47877500e-02 1.34256300e+00 4.57667800e+00 1.11937200e+01 2.31332900e+03 5.93402900e+00
1.69896200e-02 1.15675100e+03 2.38211100e-02 1.16013700e-01 1.03879300e+00 4.68321100e-02 3.04542700e+00 9.71929200e-01 1.00266200e+00 6.92657500e+01 7.07195800e-01 2.92804200e-01 1.40479900e-01 9.73044900e-02 7.91895500e-01 7.82340600e-01 4.28505600e-01 5.82521800e-01 9.51499600e-01 1.01508800e+02 2.38924400e+00 6.56585700e+00 2.10190000e+00 1.91396600e+00 1.25306800e+03 6.01687300e+03 2.59746300e+03 8.42556300e+02 2.40075100e+02 9.71929200e-01 2.45988800e-01 2.47317500e-01 2.33609900e+00 1.36971400e+01 1.08786700e+03 1.44352500e+02 1.03883100e+00 1.38956700e+01 1.06294600e+03 1.46549800e+02 1.42458900e-01 1.58701400e-01 3.34160400e+03 1.01989800e-02 8.26686900e-01 4.55213100e-01 7.43640800e+01 6.27203000e+02 8.41788900e+01 1.50030100e+03 9.07270400e+01 1.94644700e+03 9.62180500e+01 2.26737700e+03 2.35183100e+02 5.71896300e+03 4.34399400e-01 7.33602500e-01 4.56400900e-01 6.52329300e-01 4.57210200e-01 6.11327600e-01 4.53846200e-01 5.82223400e-01 2.94313600e-01 3.04284100e-01 8.15030500e+00 3.96017100e+02 1.89206100e+03 4.01004800e-02 2.34993600e+00 3.72151500e+00 1.11617000e+01 2.29622800e+03 6.11155200e+00
1.09278100e-02 1.15799800e+03 2.32100800e-02 1.16132100e-01 1.03909400e+00 4.86938700e-02 3.03207900e+00 9.80586100e-01 9.99325600e-01 6.88153100e+01 7.04390300e-01 2.95609700e-01 1.39987300e-01 9.63327200e-02 7.92572600e-01 7.86751800e-01 4.30921700e-01 5.84411400e-01 9.55424800e-01 1.01288400e+02 2.36113100e+00 6.87103300e+00 2.07403100e+00 1.88157000e+00 1.20498300e+03 5.81146800e+03 2.56091300e+03 8.32571400e+02 2.36859400e+02 9.80586100e-01 2.45750000e-01 2.47077800e-01 2.43698700e+00 1.37500700e+01 1.08857100e+03 1.44791700e+02 1.03920000e+00 1.39329900e+01 1.06157300e+03 1.47188800e+02 1.41370600e-01 1.59494800e-01 3.32982900e+03 1.01630500e-02 8.27387000e-01 4.56045200e-01 7.39284900e+01 6.31099900e+02 8.37617900e+01 1.50894300e+03 9.03179600e+01 1.95721000e+03 9.58136400e+01 2.27954300e+03 2.34674500e+02 5.74146800e+03 4.36617800e-01 7.33949700e-01 4.58032000e-01 6.52325800e-01 4.58512700e-01 6.11193100e-01 4.54918000e-01 5.82013700e-01 2.94097100e-01 3.03922700e-01 9.03288800e+00 3.95857200e+02 1.89520000e+03 2.50509400e-02 2.19351700e+00 3.58553200e+00 1.01005400e+01 2.30009000e+03 5.80410100e+00
1.13035700e-02 1.15583000e+03 2.27589900e-02 1.17075800e-01 1.04009400e+00 5.97231500e-02 3.06072700e+00 9.80015800e-01 1.00003500e+00 6.84344500e+01 7.00039100e-01 2.99960900e-01 1.40479900e-01 9.61366600e-02 8.10045300e-01 8.09992600e-01 4.43651200e-01 5.99481100e-01 9.79201200e-01 1.00896900e+02 2.40633600e+00 8.08258100e+00 2.13430700e+00 1.89400900e+00 1.21209700e+03 5.79050400e+03 2.57394400e+03 8.35033000e+02 2.37246700e+02 9.80015800e-01 2.45539200e-01 2.46866200e-01 2.51620500e+00 1.37702900e+01 1.08918600e+03 1.44892500e+02 1.04023800e+00 1.39287800e+01 1.06061900e+03 1.47435800e+02 1.40792400e-01 1.60198300e-01 3.34160300e+03 1.01989700e-02 8.24722100e-01 4.55026700e-01 7.35915400e+01 6.34303900e+02 8.34972100e+01 1.51554600e+03 9.00949100e+01 1.96507700e+03 9.56222300e+01 2.28813100e+03 2.34940000e+02 5.75050500e+03 4.49147500e-01 7.49686400e-01 4.70065200e-01 6.65818900e-01 4.70034400e-01 6.23628800e-01 4.66000300e-01 5.93726900e-01 2.99834800e-01 3.09641600e-01 8.96527400e+00 3.96938500e+02 1.89029400e+03 6.63500800e-03 1.96545900e+00 3.46251300e+00 1.00279700e+01 2.29619800e+03 5.43460700e+00
1.44780500e-02 1.15635100e+03 2.35286200e-02 1.15567500e-01 1.04050500e+00 5.83818100e-02 3.06311600e+00 9.74524600e-01 9.99069600e-01 6.97637900e+01 7.12879300e-01 2.87120700e-01 1.39741300e-01 9.74888200e-02 8.00789700e-01 7.83411800e-01 4.29092300e-01 5.86184800e-01 9.58745600e-01 1.02544500e+02 2.39843300e+00 7.75909400e+00 2.13941100e+00 1.90363800e+00 1.24347900e+03 5.95560900e+03 2.58776600e+03 8.39237900e+02 2.38950800e+02 9.74524600e-01 2.45877100e-01 2.47205300e-01 2.38364200e+00 1.36736700e+01 1.08816000e+03 1.44693600e+02 1.04056900e+00 1.39052400e+01 1.06226000e+03 1.46988200e+02 1.41798500e-01 1.59330700e-01 3.32394700e+03 1.01451000e-02 8.30504600e-01 4.57457100e-01 7.48024800e+01 6.23121700e+02 8.45180600e+01 1.49190900e+03 9.10087600e+01 1.93647200e+03 9.64557700e+01 2.25651000e+03 2.34765800e+02 5.70830900e+03 4.35452900e-01 7.42424500e-01 4.58944500e-01 6.60827400e-01 4.60444000e-01 6.19567200e-01 4.57515800e-01 5.90243200e-01 2.98613200e-01 3.09015700e-01 8.47024300e+00 3.96393200e+02 1.88942600e+03 1.73930100e-01 3.09335200e+00 4.97858900e+00 1.01662700e+01 2.29428900e+03 8.24587000e+00
6.98269800e-03 1.15713700e+03 2.36610300e-02 1.16216300e-01 1.04025000e+00 5.63059000e-02 3.06236500e+00 9.89252100e-01 9.98685600e-01 6.95513900e+01 7.09507900e-01 2.90492100e-01 1.40522500e-01 9.77353700e-02 8.06691000e-01 7.93804800e-01 4.34784800e-01 5.92230500e-01 9.67284600e-01 1.02011400e+02 2.37510300e+00 7.54241900e+00 2.13780500e+00 1.91012300e+00 1.20730900e+03 5.88826700e+03 2.60615200e+03 8.52787400e+02 2.44294100e+02 9.89252100e-01 2.45930900e-01 2.47259300e-01 2.36195100e+00 1.36708100e+01 1.08806600e+03 1.44422500e+02 1.04030500e+00 1.38827100e+01 1.06260300e+03 1.46670600e+02 1.42227500e-01 1.59108100e-01 3.34262200e+03 1.02020800e-02 8.27206800e-01 4.55640300e-01 7.46339700e+01 6.24768300e+02 8.44202000e+01 1.49504000e+03 9.09528900e+01 1.93999500e+03 9.64326500e+01 2.26017000e+03 2.35300600e+02 5.70762600e+03 4.40940100e-01 7.47548700e-01 4.63867100e-01 6.64998900e-01 4.64972500e-01 6.23313900e-01 4.61740600e-01 5.93709600e-01 3.00219600e-01 3.10507200e-01 9.92864000e+00 3.95876000e+02 1.89118700e+03 9.44443900e-02 2.75631800e+00 4.12687200e+00 1.03042100e+01 2.29699100e+03 6.97763400e+00
9.97149400e-03 1.15659400e+03 2.38293500e-02 1.14901800e-01 1.03899800e+00 4.95098900e-02 3.05175200e+00 9.78865200e-01 9.98198400e-01 6.97491500e+01 7.13509000e-01 2.86491000e-01 1.39376200e-01 9.72137400e-02 7.92587300e-01 7.74536600e-01 4.24231200e-01 5.79862300e-01 9.49025000e-01 1.02418200e+02 2.37163700e+00 6.82220500e+00 2.11523700e+00 1.91582200e+00 1.24034900e+03 6.01232500e+03 2.60857300e+03 8.48651800e+02 2.42166100e+02 9.78865200e-01 2.45991400e-01 2.47320100e-01 2.33477900e+00 1.36848700e+01 1.08776800e+03 1.44636000e+02 1.03903700e+00 1.39201900e+01 1.06287000e+03 1.46837900e+02 1.42154300e-01 1.58761300e-01 3.31522100e+03 1.01184800e-02 8.31795700e-01 4.57859000e-01 7.47761100e+01 6.23296500e+02 8.44708000e+01 1.49248100e+03 9.09485100e+01 1.93731400e+03 9.63851100e+01 2.25757600e+03 2.34481900e+02 5.71288800e+03 4.30570700e-01 7.34884500e-01 4.53957900e-01 6.54188800e-01 4.55517200e-01 6.13374000e-01 4.52671200e-01 5.84362300e-01 2.95666200e-01 3.05998100e-01 9.21605000e+00 3.95752700e+02 1.88983600e+03 1.50093300e-01 3.00817000e+00 4.67864500e+00 1.05470700e+01 2.29480500e+03 7.83690800e+00
6.86460100e-03 1.15590600e+03 2.29595700e-02 1.17240200e-01 1.03912500e+00 4.80313300e-02 3.04658300e+00 9.76357200e-01 9.99322000e-01 6.82183800e+01 6.97351700e-01 3.02648300e-01 1.40844900e-01 9.60821000e-02 8.02067200e-01 8.05599600e-01 4.41245100e-01 5.94901800e-01 9.71091300e-01 1.00397400e+02 2.39925200e+00 6.86798100e+00 2.10433100e+00 1.91158900e+00 1.22964900e+03 5.87752200e+03 2.59434000e+03 8.41032500e+02 2.38930200e+02 9.76357200e-01 2.45629800e-01 2.46957200e-01 2.48007600e+00 1.37798100e+01 1.08895900e+03 1.44695300e+02 1.03924700e+00 1.39230900e+01 1.06107700e+03 1.47170600e+02 1.41217300e-01 1.59781300e-01 3.35032700e+03 1.02255900e-02 8.22910900e-01 4.53908500e-01 7.34002000e+01 6.36154000e+02 8.33528600e+01 1.51930700e+03 8.99776800e+01 1.96951900e+03 9.55257400e+01 2.29294600e+03 2.35155000e+02 5.75483200e+03 4.46503600e-01 7.42029900e-01 4.66613900e-01 6.58716600e-01 4.66261400e-01 6.16850200e-01 4.62045900e-01 5.87194800e-01 2.96423200e-01 3.05992900e-01 9.96275500e+00 3.95831500e+02 1.89041900e+03 6.04264500e-04 1.67729600e+00 3.81920400e+00 1.01013200e+01 2.29621300e+03 5.49710400e+00
7.25498700e-04 1.15838800e+03 2.31066400e-02 1.17739200e-01 1.03898900e+00 5.58993500e-02 3.06660800e+00 9.84999700e-01 9.99972400e-01 6.81158400e+01 6.95047200e-01 3.04952800e-01 1.41491000e-01 9.63778100e-02 8.13815900e-01 8.20506200e-01 4.49409700e-01 6.04761800e-01 9.86057200e-01 1.00045000e+02 2.41085000e+00 7.64007600e+00 2.14689600e+00 1.91980700e+00 1.21415100e+03 5.85509000e+03 2.60996800e+03 8.50726100e+02 2.42909700e+02 9.84999700e-01 2.45702200e-01 2.47029800e-01 2.45450600e+00 1.37712800e+01 1.08882900e+03 1.44452600e+02 1.03909400e+00 1.39017900e+01 1.06145900e+03 1.46874900e+02 1.41635600e-01 1.59553600e-01 3.36577300e+03 1.02727200e-02 8.20390900e-01 4.52483900e-01 7.33278700e+01 6.36948200e+02 8.33321100e+01 1.52064600e+03 8.99877200e+01 1.97088800e+03 9.55598800e+01 2.29423900e+03 2.35618400e+02 5.75155300e+03 4.54563900e-01 7.52665600e-01 4.74450800e-01 6.67899900e-01 4.73817300e-01 6.25342100e-01 4.69350900e-01 5.95211500e-01 3.00374300e-01 3.09964700e-01 1.44573000e+01 3.95983600e+02 1.89062100e+03 9.54052000e-03 1.40705700e+00 4.26995300e+00 1.00279000e+01 2.30106200e+03 5.68655100e+00
7.89035800e-03 1.15746200e+03 2.27944200e-02 1.15995400e-01 1.04004800e+00 5.44978800e-02 3.04135000e+00 9.65568700e-01 1.00079600e+00 6.88409400e+01 7.05775900e-01 2.94224100e-01 1.39435000e-01 9.59883800e-02 7.93804300e-01 7.86125600e-01 4.30578700e-01 5.84632600e-01 9.56731500e-01 1.01668600e+02 2.40054800e+00 7.54241900e+00 2.09334800e+00 1.87717700e+00 1.24105900e+03 5.84849000e+03 2.54398300e+03 8.18649700e+02 2.31172000e+02 9.65568700e-01 2.45553800e-01 2.46880900e-01 2.50980900e+00 1.37630500e+01 1.08904800e+03 1.45148500e+02 1.04019100e+00 1.39540300e+01 1.06061900e+03 1.47686300e+02 1.40552300e-01 1.60181500e-01 3.31662600e+03 1.01227700e-02 8.29427400e-01 4.57446800e-01 7.39317700e+01 6.30973000e+02 8.37281700e+01 1.50897300e+03 9.02618500e+01 1.95747000e+03 9.57396800e+01 2.28002800e+03 2.34258500e+02 5.74670000e+03 4.36392200e-01 7.35228900e-01 4.58139400e-01 6.53617300e-01 4.58783400e-01 6.12468300e-01 4.55295500e-01 5.83268500e-01 2.94790900e-01 3.04704800e-01 9.68422800e+00 3.95913200e+02 1.89286700e+03 5.72402500e-02 2.50994400e+00 3.76251700e+00 1.01292000e+01 2.29846400e+03 6.32970100e+00
9.31006100e-03 1.15759500e+03 2.26530000e-02 1.17766700e-01 1.03898200e+00 6.57134800e-02 3.06556400e+00 9.67782500e-01 9.97436400e-01 6.77276600e+01 6.92470600e-01 3.07529400e-01 1.41064900e-01 9.55399300e-02 8.10101400e-01 8.20204400e-01 4.49244500e-01 6.03269100e-01 9.84365400e-01 9.98096100e+01 2.44703300e+00 8.69293200e+00 2.14465600e+00 1.88052700e+00 1.23350500e+03 5.78997800e+03 2.54275000e+03 8.19371200e+02 2.31949500e+02 9.67782500e-01 2.45498900e-01 2.46825800e-01 2.53510200e+00 1.38173300e+01 1.08937300e+03 1.44793700e+02 1.03914000e+00 1.39340000e+01 1.06042900e+03 1.47369000e+02 1.40785000e-01 1.60146600e-01 3.35558600e+03 1.02416400e-02 8.20978600e-01 4.53130200e-01 7.29544900e+01 6.40393600e+02 8.29753100e+01 1.52825100e+03 8.96380500e+01 1.98033900e+03 9.52143300e+01 2.30490700e+03 2.35181900e+02 5.77109700e+03 4.54161200e-01 7.48974600e-01 4.73385800e-01 6.64342900e-01 4.72452200e-01 6.21894600e-01 4.67799100e-01 5.91857600e-01 2.98583300e-01 3.07998200e-01 9.35331900e+00 3.99821900e+02 1.88908000e+03 2.05466100e-02 1.34256300e+00 4.49153800e+00 1.10792700e+01 2.29825500e+03 5.85464800e+00
5.54123400e-03 1.15690200e+03 2.26742000e-02 1.17896800e-01 1.03894700e+00 6.18769900e-02 3.06657200e+00 9.76293900e-01 1.00066700e+00 6.76873800e+01 6.91774200e-01 3.08225800e-01 1.41216100e-01 9.55855100e-02 8.13460200e-01 8.24537000e-01 4.51617500e-01 6.06112900e-01 9.88740800e-01 9.97120600e+01 2.43260500e+00 8.32366900e+00 2.14681800e+00 1.89692200e+00 1.22017000e+03 5.79195500e+03 2.57111000e+03 8.32457900e+02 2.36368300e+02 9.76293900e-01 2.45506700e-01 2.46833600e-01 2.53136300e+00 1.38166700e+01 1.08935800e+03 1.44743600e+02 1.03910700e+00 1.39296100e+01 1.06046700e+03 1.47312600e+02 1.40862200e-01 1.60109300e-01 3.35920200e+03 1.02526700e-02 8.20353500e-01 4.52787800e-01 7.29236300e+01 6.40714400e+02 8.29582800e+01 1.52885000e+03 8.96291600e+01 1.98100700e+03 9.52117600e+01 2.30559500e+03 2.35286200e+02 5.77090300e+03 4.56491500e-01 7.52011200e-01 4.75641500e-01 6.66960700e-01 4.74622600e-01 6.24313700e-01 4.69894500e-01 5.94140400e-01 2.99706800e-01 3.09126600e-01 1.03910800e+01 3.97857500e+02 1.88948700e+03 2.65951900e-02 1.27934900e+00 4.66344400e+00 1.00989000e+01 2.29773500e+03 5.96938800e+00
9.90327800e-03 1.15442000e+03 2.30864300e-02 1.17281800e-01 1.03921900e+00 5.49839600e-02 3.05332700e+00 9.72363700e-01 9.98132500e-01 6.83392300e+01 6.98060400e-01 3.01939600e-01 1.41013400e-01 9.63674500e-02 8.03232400e-01 8.05824800e-01 4.41368400e-01 5.95417000e-01 9.71641800e-01 1.00471100e+02 2.41444900e+00 7.54852300e+00 2.11857100e+00 1.89794900e+00 1.23429000e+03 5.86767500e+03 2.57237500e+03 8.32601100e+02 2.36508700e+02 9.72363700e-01 2.45692400e-01 2.47020000e-01 2.45796300e+00 1.37643700e+01 1.08881400e+03 1.44586900e+02 1.03932700e+00 1.39115900e+01 1.06138200e+03 1.47018200e+02 1.41468300e-01 1.59629800e-01 3.35435500e+03 1.02378800e-02 8.22602900e-01 4.53655200e-01 7.35196300e+01 6.35068700e+02 8.34692300e+01 1.51688900e+03 9.00931100e+01 1.96649900e+03 9.56409000e+01 2.28952400e+03 2.35319100e+02 5.74829100e+03 4.46680400e-01 7.43179700e-01 4.66979100e-01 6.59816800e-01 4.66711100e-01 6.17913600e-01 4.62547900e-01 5.88227600e-01 2.96972900e-01 3.06593800e-01 9.22977900e+00 3.95977800e+02 1.88759400e+03 8.95014000e-05 1.67729600e+00 3.77459400e+00 1.05857900e+01 2.29280200e+03 5.45198000e+00
3.37363100e-05 1.16339600e+03 2.28582500e-02 1.18945600e-01 1.03949600e+00 6.77142300e-02 3.09293200e+00 9.79122000e-01 1.00223200e+00 6.76507600e+01 6.88746700e-01 3.11253300e-01 1.42449000e-01 9.63678000e-02 8.28515100e-01 8.43911200e-01 4.62229200e-01 6.18840800e-01 1.00731200e+00 9.93323600e+01 2.46709800e+00 8.85162400e+00 2.20416200e+00 1.92498600e+00 1.23165900e+03 5.85208600e+03 2.60777800e+03 8.46766000e+02 2.41447300e+02 9.79122000e-01 2.45581700e-01 2.46908900e-01 2.49826600e+00 1.37864900e+01 1.08922900e+03 1.44330500e+02 1.03962300e+00 1.38829700e+01 1.06096300e+03 1.46831100e+02 1.41510300e-01 1.59911400e-01 3.38867100e+03 1.03425800e-02 8.15953800e-01 4.50371500e-01 7.29314100e+01 6.40867100e+02 8.30473400e+01 1.52847800e+03 8.97675700e+01 1.98004200e+03 9.53892800e+01 2.30407800e+03 2.36214300e+02 5.75863900e+03 4.66954400e-01 7.65617300e-01 4.85757600e-01 6.78685500e-01 4.84350800e-01 6.35146500e-01 4.79283700e-01 6.04361500e-01 3.04733300e-01 3.14174600e-01 2.05938700e+01 4.00395100e+02 1.88845600e+03 5.82828700e-02 1.03858200e+00 5.42549000e+00 1.08249200e+01 2.30944500e+03 6.52235500e+00
4.67609300e-07 1.16719700e+03 2.36691200e-02 1.19286700e-01 1.03811200e+00 6.04532400e-02 3.08768500e+00 9.69193800e-01 9.99173900e-01 6.77423100e+01 6.87077000e-01 3.12923000e-01 1.43601000e-01 9.72786300e-02 8.19693300e-01 8.37161900e-01 4.58532500e-01 6.13070900e-01 9.95912900e-01 9.88060300e+01 2.48162300e+00 7.98187300e+00 2.19262600e+00 1.94292200e+00 1.27135900e+03 6.02543900e+03 2.62220100e+03 8.50207500e+02 2.43031000e+02 9.69193800e-01 2.45934100e-01 2.47262600e-01 2.36063500e+00 1.37470800e+01 1.08831000e+03 1.43625600e+02 1.03816200e+00 1.38346000e+01 1.06283200e+03 1.45855700e+02 1.43118600e-01 1.58667200e-01 3.41620900e+03 1.04266000e-02 8.12208300e-01 4.47794500e-01 7.30585500e+01 6.39871700e+02 8.32356700e+01 1.52570500e+03 8.99940000e+01 1.97619000e+03 9.56463900e+01 2.29938200e+03 2.37115300e+02 5.74235300e+03 4.63056000e-01 7.57297700e-01 4.81280400e-01 6.71126500e-01 4.79690300e-01 6.27996200e-01 4.74542400e-01 5.97510400e-01 3.01205200e-01 3.10467200e-01 2.91512700e+01 3.97452800e+02 1.88929100e+03 1.25724300e-01 7.68898900e-01 7.46794100e+00 1.01369800e+01 2.31589500e+03 8.36256500e+00
1.04915500e-06 1.16540700e+03 2.38457600e-02 1.19168900e-01 1.03838300e+00 5.84150800e-02 3.08631200e+00 9.71075900e-01 1.00045700e+00 6.80206300e+01 6.89505500e-01 3.10494500e-01 1.43659800e-01 9.77182800e-02 8.18816900e-01 8.33015500e-01 4.56261400e-01 6.11223800e-01 9.92810800e-01 9.91035200e+01 2.47291200e+00 7.74993900e+00 2.18961700e+00 1.94818200e+00 1.27100500e+03 6.04967500e+03 2.63141100e+03 8.54656300e+02 2.44651000e+02 9.71075900e-01 2.45996600e-01 2.47325300e-01 2.33215500e+00 1.37208700e+01 1.08810500e+03 1.43521400e+02 1.03840600e+00 1.38213100e+01 1.06321300e+03 1.45696300e+02 1.43410200e-01 1.58496900e-01 3.41761400e+03 1.04308900e-02 8.12655100e-01 4.47905200e-01 7.33187800e+01 6.37425600e+02 8.34680700e+01 1.52045500e+03 9.02116500e+01 1.96977000e+03 9.58534400e+01 2.29222400e+03 2.37239400e+02 5.73113500e+03 4.60978000e-01 7.56731300e-01 4.79734200e-01 6.70891200e-01 4.78434900e-01 6.27886400e-01 4.73489300e-01 5.97474300e-01 3.01281900e-01 3.10654700e-01 2.75350500e+01 3.96674600e+02 1.88894000e+03 8.63632100e-02 9.26576500e-01 6.59109900e+00 1.00612200e+01 2.31314900e+03 7.60403800e+00
1.85759500e-04 1.15890800e+03 2.35510900e-02 1.17496900e-01 1.03875900e+00 5.84303600e-02 3.07608400e+00 9.73020200e-01 9.99093100e-01 6.84930400e+01 6.97965900e-01 3.02034100e-01 1.41693100e-01 9.70499400e-02 8.10974400e-01 8.13719100e-01 4.45692300e-01 6.01203000e-01 9.79904900e-01 1.00309200e+02 2.44087000e+00 7.78656000e+00 2.16733600e+00 1.92829800e+00 1.25607300e+03 5.99341500e+03 2.61210200e+03 8.47404200e+02 2.41786700e+02 9.73020200e-01 2.45886200e-01 2.47214500e-01 2.37994100e+00 1.37320700e+01 1.08829600e+03 1.44174900e+02 1.03882200e+00 1.38787000e+01 1.06245000e+03 1.46451600e+02 1.42392500e-01 1.58969600e-01 3.37060400e+03 1.02874600e-02 8.20578600e-01 4.52245000e-01 7.36889200e+01 6.33614900e+02 8.36633700e+01 1.51339900e+03 9.03036800e+01 1.96196300e+03 9.58651800e+01 2.28423400e+03 2.35882800e+02 5.73480400e+03 4.51030400e-01 7.50334800e-01 4.71507600e-01 6.66160100e-01 4.71228100e-01 6.23850100e-01 4.67018500e-01 5.93876500e-01 2.99817800e-01 3.09528800e-01 1.71821100e+01 3.96635400e+02 1.88815800e+03 1.98798900e-03 1.60798500e+00 4.07053400e+00 1.01593600e+01 2.30197500e+03 5.68050700e+00
1.24934700e-04 1.16038900e+03 2.37281800e-02 1.18351700e-01 1.03867900e+00 6.11652300e-02 3.08436200e+00 9.64394100e-01 1.00184900e+00 6.83099400e+01 6.94133300e-01 3.05866700e-01 1.42725000e-01 9.74953500e-02 8.13861200e-01 8.21780500e-01 4.50107700e-01 6.05248100e-01 9.84710100e-01 9.97563200e+01 2.47581900e+00 8.02154500e+00 2.18535200e+00 1.93372200e+00 1.28258800e+03 6.05341400e+03 2.60947400e+03 8.43667900e+02 2.40606300e+02 9.64394100e-01 2.45956800e-01 2.47285400e-01 2.35105800e+00 1.37201400e+01 1.08816700e+03 1.43819800e+02 1.03872900e+00 1.38457600e+01 1.06290800e+03 1.46034900e+02 1.42960700e-01 1.58714500e-01 3.39526900e+03 1.03627100e-02 8.16557400e-01 4.50024700e-01 7.35575700e+01 6.35021100e+02 8.36160400e+01 1.51583800e+03 9.03064100e+01 1.96452100e+03 9.59070400e+01 2.28671600e+03 2.36615000e+02 5.73028900e+03 4.55147200e-01 7.52619400e-01 4.74840400e-01 6.67761200e-01 4.74103600e-01 6.25171400e-01 4.69566400e-01 5.95023600e-01 3.00236700e-01 3.09786100e-01 1.79754400e+01 3.97647100e+02 1.88832700e+03 2.49751900e-02 1.27934900e+00 4.94902100e+00 1.05750500e+01 2.30394900e+03 6.25334500e+00
1.27015800e-04 1.16032600e+03 2.40365900e-02 1.17617100e-01 1.03872200e+00 4.66920000e-02 3.05913800e+00 9.71681300e-01 9.97337300e-01 6.88446000e+01 6.99764900e-01 3.00235100e-01 1.42298800e-01 9.79650500e-02 8.02053500e-01 8.02367600e-01 4.39474900e-01 5.93702200e-01 9.66648000e-01 1.00441600e+02 2.42071100e+00 6.53533900e+00 2.13091700e+00 1.94093300e+00 1.26782600e+03 6.08047800e+03 2.62822200e+03 8.53965300e+02 2.44121300e+02 9.71681300e-01 2.46052100e-01 2.47381000e-01 2.30194700e+00 1.36848200e+01 1.08776300e+03 1.43773400e+02 1.03873400e+00 1.38412100e+01 1.06351900e+03 1.45896100e+02 1.43311300e-01 1.58378100e-01 3.38508200e+03 1.03316300e-02 8.19283000e-01 4.51213600e-01 7.40371200e+01 6.30506000e+02 8.40101300e+01 1.50640600e+03 9.06522700e+01 1.95318300e+03 9.62166100e+01 2.27424600e+03 2.36445700e+02 5.71483500e+03 4.44885500e-01 7.42260500e-01 4.65533900e-01 6.59190400e-01 4.65469800e-01 6.17406000e-01 4.61452500e-01 5.87793500e-01 2.96814000e-01 3.06514700e-01 1.79424000e+01 3.95975700e+02 1.88985000e+03 3.74269200e-04 1.67729600e+00 4.04322900e+00 1.11622100e+01 2.30376800e+03 5.72090000e+00
1.27795000e-03 1.15854600e+03 2.32453000e-02 1.19649100e-01 1.04078800e+00 5.02981900e-02 3.06342700e+00 9.63616800e-01 1.00320800e+00 6.81597900e+01 6.91030800e-01 3.08969200e-01 1.43539600e-01 9.78362800e-02 8.13567700e-01 8.25639800e-01 4.52221600e-01 6.06558200e-01 9.85438600e-01 9.96632800e+01 2.46213100e+00 7.08160400e+00 2.14007700e+00 1.93526700e+00 1.27596700e+03 5.98622800e+03 2.60954600e+03 8.42594800e+02 2.39531000e+02 9.63616800e-01 2.45765300e-01 2.47093100e-01 2.43105000e+00 1.37116000e+01 1.08882900e+03 1.43854900e+02 1.04088200e+00 1.38204800e+01 1.06191600e+03 1.46220100e+02 1.42436000e-01 1.59590400e-01 3.41474100e+03 1.04221200e-02 8.13387400e-01 4.48782100e-01 7.34459000e+01 6.36210900e+02 8.35718000e+01 1.51792900e+03 9.03022100e+01 1.96674000e+03 9.59341000e+01 2.28889700e+03 2.37189100e+02 5.72708600e+03 4.57015900e-01 7.52034700e-01 4.76000500e-01 6.66897300e-01 4.74893000e-01 6.24219100e-01 4.70104100e-01 5.94028200e-01 2.99604500e-01 3.08995300e-01 1.33250000e+01 3.95705300e+02 1.89045900e+03 2.95349100e-02 1.21731700e+00 4.68116700e+00 1.16743300e+01 2.29949000e+03 5.92802000e+00
1.06925900e-04 1.15987100e+03 2.44764000e-02 1.17180200e-01 1.04007200e+00 5.11829400e-02 3.07626900e+00 9.71294600e-01 1.00113400e+00 6.98333700e+01 7.08200700e-01 2.91799300e-01 1.42301800e-01 9.93741300e-02 8.06479200e-01 7.95380000e-01 4.35647600e-01 5.92740000e-01 9.65076300e-01 1.01633600e+02 2.43126800e+00 6.90155000e+00 2.16773700e+00 1.95681400e+00 1.28675900e+03 6.18369200e+03 2.65081800e+03 8.62266900e+02 2.47143700e+02 9.71294600e-01 2.46206500e-01 2.47536000e-01 2.23459200e+00 1.35989800e+01 1.08725700e+03 1.43550200e+02 1.04003200e+00 1.38024800e+01 1.06447200e+03 1.45537200e+02 1.43974100e-01 1.58091400e-01 3.38515300e+03 1.03318500e-02 8.21564600e-01 4.52107700e-01 7.49552600e+01 6.22185400e+02 8.48205900e+01 1.48853800e+03 9.14039800e+01 1.93134500e+03 9.69252800e+01 2.24991500e+03 2.36737000e+02 5.67782300e+03 4.41718800e-01 7.47212900e-01 4.64342700e-01 6.64543400e-01 4.65285600e-01 6.22820500e-01 4.61942100e-01 5.93198200e-01 2.99891600e-01 3.10105600e-01 1.82867500e+01 3.95602200e+02 1.88934800e+03 5.07247900e-02 2.42950100e+00 3.79076100e+00 1.02334600e+01 2.30323700e+03 6.27098700e+00
2.29022900e-04 1.15934200e+03 2.39417900e-02 1.17173300e-01 1.04029600e+00 5.39328400e-02 3.07651800e+00 9.74867900e-01 1.00109900e+00 6.94598400e+01 7.06176200e-01 2.93823800e-01 1.41760300e-01 9.84664400e-02 8.10202000e-01 8.01818600e-01 4.39174100e-01 5.96506300e-01 9.72134600e-01 1.01490300e+02 2.42757400e+00 7.27081300e+00 2.16827600e+00 1.94656600e+00 1.26710100e+03 6.08279100e+03 2.64056300e+03 8.58827600e+02 2.45681500e+02 9.74867900e-01 2.46024900e-01 2.47353700e-01 2.31688000e+00 1.36455800e+01 1.08783000e+03 1.43959900e+02 1.04032400e+00 1.38379900e+01 1.06329000e+03 1.46113600e+02 1.43012000e-01 1.58746600e-01 3.37220800e+03 1.02923500e-02 8.22600900e-01 4.53043900e-01 7.45907500e+01 6.25369100e+02 8.44631600e+01 1.49567100e+03 9.10481600e+01 1.94028000e+03 9.65693300e+01 2.26005900e+03 2.36216300e+02 5.69757200e+03 4.45117200e-01 7.50456400e-01 4.67402100e-01 6.67198300e-01 4.68107700e-01 6.25212300e-01 4.64581200e-01 5.95416000e-01 3.00932600e-01 3.11079600e-01 1.67633800e+01 3.95721300e+02 1.88991100e+03 3.95756300e-02 2.34993600e+00 3.67851900e+00 1.02208700e+01 2.30239600e+03 6.06803100e+00
5.38250500e-03 1.15656100e+03 2.33818500e-02 1.17741800e-01 1.04050200e+00 5.45761900e-02 3.05587700e+00 9.76057300e-01 9.96267600e-01 6.88519300e+01 7.00946700e-01 2.99053300e-01 1.41768800e-01 9.76105800e-02 8.06891600e-01 8.05617400e-01 4.41254800e-01 5.96694900e-01 9.72427300e-01 1.00918600e+02 2.40928300e+00 7.45391800e+00 2.12398100e+00 1.90434800e+00 1.23067500e+03 5.88145300e+03 2.58378700e+03 8.39406600e+02 2.39297500e+02 9.76057300e-01 2.45820100e-01 2.47148100e-01 2.40805200e+00 1.36982300e+01 1.08850900e+03 1.44241200e+02 1.04058600e+00 1.38615400e+01 1.06206900e+03 1.46573400e+02 1.42148800e-01 1.59439300e-01 3.37241300e+03 1.02929800e-02 8.21153800e-01 4.52713300e-01 7.40275600e+01 6.30501100e+02 8.39667700e+01 1.50668400e+03 9.05882600e+01 1.95373400e+03 9.61361700e+01 2.27504500e+03 2.36045500e+02 5.72027900e+03 4.46776000e-01 7.46860200e-01 4.67816800e-01 6.63411200e-01 4.67896100e-01 6.21416200e-01 4.63953500e-01 5.91646900e-01 2.98813100e-01 3.08634600e-01 1.04492000e+01 3.95848400e+02 1.88908000e+03 7.20351600e-03 1.96545900e+00 3.51561200e+00 1.22566600e+01 2.29537800e+03 5.48827400e+00
1.48844600e-03 1.15883700e+03 2.41186600e-02 1.16017300e-01 1.03981800e+00 6.65074700e-02 3.08630700e+00 9.76793600e-01 9.98218300e-01 6.98626700e+01 7.11560900e-01 2.88439100e-01 1.40781100e-01 9.83534700e-02 8.09305800e-01 7.93558800e-01 4.34650100e-01 5.93097700e-01 9.68255800e-01 1.02158300e+02 2.42417900e+00 8.39080800e+00 2.18960800e+00 1.91689600e+00 1.25160200e+03 6.02485200e+03 2.60437700e+03 8.47733500e+02 2.42745600e+02 9.76793600e-01 2.46077500e-01 2.47406500e-01 2.28914200e+00 1.36370900e+01 1.08754400e+03 1.44123100e+02 1.03981700e+00 1.38604300e+01 1.06359500e+03 1.46227300e+02 1.42999300e-01 1.58503600e-01 3.34880400e+03 1.02209400e-02 8.27007300e-01 4.55182700e-01 7.49297200e+01 6.22158200e+02 8.46986800e+01 1.48928200e+03 9.12229800e+01 1.93284800e+03 9.66972000e+01 2.25211000e+03 2.35589000e+02 5.69323900e+03 4.40988500e-01 7.50180900e-01 4.64436000e-01 6.67574700e-01 4.65789800e-01 6.25827100e-01 4.62717800e-01 5.96165200e-01 3.01546300e-01 3.11983600e-01 1.30200500e+01 3.99059900e+02 1.88781300e+03 1.11499400e-01 2.83966800e+00 4.29325900e+00 1.05356900e+01 2.29989300e+03 7.24442700e+00
1.38092700e-02 1.16057400e+03 2.40394700e-02 1.15360700e-01 1.03962200e+00 6.54006800e-02 3.07861400e+00 9.74745200e-01 1.00210200e+00 6.99688700e+01 7.13938800e-01 2.86061200e-01 1.40045300e-01 9.79881500e-02 8.03301000e-01 7.84417300e-01 4.29643000e-01 5.87480000e-01 9.60341900e-01 1.02495600e+02 2.41344600e+00 8.29620400e+00 2.17282700e+00 1.90642100e+00 1.25109100e+03 6.01345100e+03 2.59064400e+03 8.41749900e+02 2.40540900e+02 9.74745200e-01 2.46053000e-01 2.47381900e-01 2.30149700e+00 1.36476000e+01 1.08757600e+03 1.44354300e+02 1.03963500e+00 1.38851000e+01 1.06336600e+03 1.46487400e+02 1.42667200e-01 1.58590300e-01 3.33121500e+03 1.01672800e-02 8.29895300e-01 4.56732200e-01 7.50043400e+01 6.21369200e+02 8.47166400e+01 1.48797000e+03 9.12067800e+01 1.93152800e+03 9.66541300e+01 2.25089100e+03 2.35059300e+02 5.69725800e+03 4.36094400e-01 7.44862100e-01 4.59890900e-01 6.63119800e-01 4.61522900e-01 6.21768400e-01 4.58674600e-01 5.92372600e-01 2.99734700e-01 3.10231600e-01 8.56483000e+00 3.98495300e+02 1.89528200e+03 1.62881400e-01 3.09335200e+00 4.81488500e+00 1.07350000e+01 2.30234200e+03 8.07111800e+00
1.94707400e-06 1.16474700e+03 2.48662900e-02 1.17965100e-01 1.03969300e+00 5.32464900e-02 3.08338800e+00 9.71419800e-01 9.98603000e-01 6.97564700e+01 7.05142700e-01 2.94857300e-01 1.43476500e-01 1.00084200e-01 8.10299400e-01 8.03324200e-01 4.39998800e-01 5.97102000e-01 9.70182200e-01 1.01092600e+02 2.44565000e+00 7.03887900e+00 2.18322500e+00 1.96267800e+00 1.29124800e+03 6.21683900e+03 2.65542600e+03 8.65320500e+02 2.48794700e+02 9.71419800e-01 2.46375700e-01 2.47705800e-01 2.17740700e+00 1.35742100e+01 1.08691400e+03 1.43054200e+02 1.03962200e+00 1.37602200e+01 1.06535000e+03 1.44922200e+02 1.44885700e-01 1.57579300e-01 3.41323400e+03 1.04175200e-02 8.17310500e-01 4.49614700e-01 7.49278700e+01 6.22628000e+02 8.48730400e+01 1.48887000e+03 9.15049900e+01 1.93129500e+03 9.70647400e+01 2.24946000e+03 2.37605200e+02 5.66790600e+03 4.45851200e-01 7.50439900e-01 4.67909500e-01 6.67064000e-01 4.68490900e-01 6.25035900e-01 4.64878100e-01 5.95216400e-01 3.00777700e-01 3.10873000e-01 2.62983700e+01 3.95593200e+02 1.89148500e+03 1.28163200e-02 2.04033800e+00 3.72452200e+00 1.03400300e+01 2.31337600e+03 5.77767600e+00
3.13942100e-08 1.17137200e+03 2.46209200e-02 1.19036600e-01 1.03886200e+00 6.34338400e-02 3.10587600e+00 9.64826400e-01 1.00200900e+00 6.88848900e+01 6.95892900e-01 3.04107100e-01 1.44302700e-01 9.94027600e-02 8.21574900e-01 8.27179600e-01 4.53064900e-01 6.10103900e-01 9.89886000e-01 9.98178100e+01 2.50153500e+00 8.05511500e+00 2.23287800e+00 1.96683100e+00 1.30943800e+03 6.21793300e+03 2.65075600e+03 8.60307300e+02 2.47017500e+02 9.64826400e-01 2.46266100e-01 2.47595800e-01 2.21312600e+00 1.36280200e+01 1.08725400e+03 1.42968300e+02 1.03880700e+00 1.37627500e+01 1.06489200e+03 1.44905200e+02 1.44765000e-01 1.57681700e-01 3.43298300e+03 1.04777800e-02 8.12460700e-01 4.47259300e-01 7.41438700e+01 6.29876100e+02 8.42360200e+01 1.50397000e+03 9.09514600e+01 1.94941100e+03 9.65743500e+01 2.26935100e+03 2.37974500e+02 5.69159400e+03 4.58304100e-01 7.59926900e-01 4.78573800e-01 6.74436600e-01 4.78037400e-01 6.31500700e-01 4.73599200e-01 6.01097100e-01 3.03361400e-01 3.13094700e-01 3.45532800e+01 3.98382300e+02 1.89274000e+03 2.23798700e-02 1.27934900e+00 5.09284400e+00 1.06734500e+01 2.32567600e+03 6.39457200e+00
2.18795800e-07 1.16923000e+03 2.46892600e-02 1.18090600e-01 1.03943600e+00 6.09704300e-02 3.09141400e+00 9.79123700e-01 9.95214900e-01 6.94744900e+01 7.02851000e-01 2.97149000e-01 1.43425000e-01 9.96438100e-02 8.16980500e-01 8.13089200e-01 4.45347300e-01 6.03191600e-01 9.80164600e-01 1.00791800e+02 2.44340300e+00 7.79876700e+00 2.20081800e+00 1.94816500e+00 1.26140900e+03 6.10735600e+03 2.64148100e+03 8.63803500e+02 2.48851600e+02 9.79123700e-01 2.46295700e-01 2.47625400e-01 2.20308700e+00 1.36000000e+01 1.08710700e+03 1.43156400e+02 1.03938500e+00 1.37731900e+01 1.06496800e+03 1.45077400e+02 1.44612300e-01 1.57728500e-01 3.41200300e+03 1.04137700e-02 8.16835100e-01 4.49489700e-01 7.46624900e+01 6.25005200e+02 8.46354800e+01 1.49400200e+03 9.12823800e+01 1.93758700e+03 9.68529800e+01 2.25648700e+03 2.37483200e+02 5.67899200e+03 4.51086200e-01 7.56390200e-01 4.72810800e-01 6.72088900e-01 4.73118000e-01 6.29633500e-01 4.69282600e-01 5.99525600e-01 3.02860500e-01 3.12910600e-01 3.06702500e+01 3.96995500e+02 1.89137900e+03 2.63337900e-03 1.89191900e+00 3.82903200e+00 1.36912900e+01 2.31904500e+03 5.72358400e+00
9.54418100e-06 1.16709500e+03 2.48783700e-02 1.17369700e-01 1.03953100e+00 5.20773300e-02 3.07100100e+00 9.73910500e-01 9.92952200e-01 6.99249300e+01 7.07754600e-01 2.92245400e-01 1.42893200e-01 9.99179900e-02 8.03690500e-01 7.93235200e-01 4.34472800e-01 5.90916000e-01 9.61109400e-01 1.01434500e+02 2.42011200e+00 6.91680900e+00 2.15634700e+00 1.94305400e+00 1.27304800e+03 6.15670300e+03 2.63296100e+03 8.58949600e+02 2.46909300e+02 9.73910500e-01 2.46381400e-01 2.47711500e-01 2.17567200e+00 1.35753200e+01 1.08685500e+03 1.43196400e+02 1.03945700e+00 1.37760800e+01 1.06535000e+03 1.45062000e+02 1.44734100e-01 1.57562700e-01 3.39929100e+03 1.03749800e-02 8.19716800e-01 4.50845700e-01 7.50622300e+01 6.21329700e+02 8.49536700e+01 1.48638600e+03 9.15538200e+01 1.92848400e+03 9.70888500e+01 2.24652500e+03 2.37212700e+02 5.66800200e+03 4.40481600e-01 7.44583900e-01 4.62930800e-01 6.62154600e-01 4.63817900e-01 6.20560400e-01 4.60449500e-01 5.91032100e-01 2.98774800e-01 3.08930100e-01 2.31191600e+01 3.95581500e+02 1.89146000e+03 3.32487200e-02 2.27128100e+00 3.74886500e+00 1.79752100e+01 2.31016100e+03 6.05339500e+00
3.15697900e-04 1.15813300e+03 2.40230200e-02 1.18222900e-01 1.03948100e+00 5.07646300e-02 3.06304700e+00 9.74609300e-01 9.97892100e-01 6.88775600e+01 6.98803800e-01 3.01196200e-01 1.42891000e-01 9.84198700e-02 8.07396600e-01 8.09004700e-01 4.43110100e-01 5.98135100e-01 9.72854900e-01 1.00391600e+02 2.42370500e+00 6.95648200e+00 2.13926400e+00 1.93272800e+00 1.25443800e+03 6.02167200e+03 2.61833300e+03 8.52438900e+02 2.44054900e+02 9.74609300e-01 2.46048100e-01 2.47377000e-01 2.30407600e+00 1.36663900e+01 1.08782800e+03 1.43628500e+02 1.03948900e+00 1.38172200e+01 1.06351900e+03 1.45753700e+02 1.43461200e-01 1.58487500e-01 3.39923900e+03 1.03748200e-02 8.17288900e-01 4.50208700e-01 7.40851800e+01 6.30168100e+02 8.40914900e+01 1.50536000e+03 9.07542700e+01 1.95166900e+03 9.63351600e+01 2.27235400e+03 2.36903700e+02 5.70726300e+03 4.48502600e-01 7.47104500e-01 4.69067200e-01 6.63380400e-01 4.68884100e-01 6.21283700e-01 4.64758600e-01 5.91456000e-01 2.98619900e-01 3.08333800e-01 1.61214500e+01 3.95628200e+02 1.88814900e+03 8.60454500e-04 1.60798500e+00 4.02042100e+00 1.07386700e+01 2.29989800e+03 5.62926600e+00
1.35635400e-02 1.15417700e+03 2.30305200e-02 1.17387400e-01 1.03938000e+00 5.12033000e-02 3.04920000e+00 9.61658400e-01 1.00015700e+00 6.83099400e+01 6.97694800e-01 3.02305200e-01 1.41063100e-01 9.63601100e-02 7.99072200e-01 8.02136300e-01 4.39348200e-01 5.92512300e-01 9.66816500e-01 1.00450700e+02 2.43170000e+00 7.18231200e+00 2.10984500e+00 1.90447800e+00 1.26543000e+03 5.94021200e+03 2.57280000e+03 8.27854700e+02 2.34251500e+02 9.61658400e-01 2.45665000e-01 2.46992500e-01 2.46761000e+00 1.37656200e+01 1.08889000e+03 1.44602200e+02 1.03949500e+00 1.39108200e+01 1.06126800e+03 1.47051400e+02 1.41394300e-01 1.59722300e-01 3.35554300e+03 1.02415100e-02 8.22357400e-01 4.53573500e-01 7.34941600e+01 6.35315200e+02 8.34500900e+01 1.51738900e+03 9.00776400e+01 1.96708900e+03 9.56282200e+01 2.29016400e+03 2.35348500e+02 5.74885500e+03 4.44604100e-01 7.39293900e-01 4.64716900e-01 6.56326200e-01 4.64407300e-01 6.14627800e-01 4.60236000e-01 5.85089200e-01 2.95372600e-01 3.04925300e-01 8.60074000e+00 3.95689600e+02 1.88858800e+03 1.72815300e-04 1.67729600e+00 3.76549200e+00 1.00317000e+01 2.29287800e+03 5.44296100e+00
4.81913000e-05 1.16027200e+03 2.34419800e-02 1.18836400e-01 1.03933900e+00 5.43009800e-02 3.07358200e+00 9.65492200e-01 1.00008800e+00 6.81231700e+01 6.92026000e-01 3.07974000e-01 1.42923500e-01 9.73640300e-02 8.13321200e-01 8.24059400e-01 4.51355900e-01 6.05885600e-01 9.85404800e-01 9.96089000e+01 2.46540900e+00 7.42950400e+00 2.16191900e+00 1.93943100e+00 1.27774000e+03 6.02670100e+03 2.61766200e+03 8.46211900e+02 2.40959900e+02 9.65492200e-01 2.45843100e-01 2.47171300e-01 2.39799700e+00 1.37316000e+01 1.08853100e+03 1.43913500e+02 1.03941100e+00 1.38456800e+01 1.06229800e+03 1.46218800e+02 1.42571400e-01 1.59148800e-01 3.40001500e+03 1.03771900e-02 8.15422800e-01 4.49661200e-01 7.33877900e+01 6.36644500e+02 8.34798900e+01 1.51919700e+03 9.01893300e+01 1.96853700e+03 9.58043800e+01 2.29111300e+03 2.36710800e+02 5.73533100e+03 4.56246000e-01 7.51904900e-01 4.75444600e-01 6.66890300e-01 4.74453500e-01 6.24257500e-01 4.69745100e-01 5.94092700e-01 2.99679900e-01 3.09115000e-01 1.98806600e+01 3.95954800e+02 1.88836800e+03 3.49936000e-02 1.21731700e+00 5.05907600e+00 1.00290300e+01 2.30420400e+03 6.31138700e+00
1.07060000e-02 1.15524500e+03 2.38446500e-02 1.17285600e-01 1.03912900e+00 4.71972500e-02 3.04858900e+00 9.63485100e-01 1.00068900e+00 6.89398200e+01 7.01694900e-01 2.98305100e-01 1.41775400e-01 9.77397200e-02 7.95317200e-01 7.93067400e-01 4.34380900e-01 5.87767500e-01 9.57867200e-01 1.00783900e+02 2.42120200e+00 6.61773700e+00 2.10855800e+00 1.91862700e+00 1.27535300e+03 6.04884000e+03 2.59338300e+03 8.38249900e+02 2.38546100e+02 9.63485100e-01 2.45996200e-01 2.47324900e-01 2.33233200e+00 1.36907700e+01 1.08794800e+03 1.44005100e+02 1.03915500e+00 1.38579100e+01 1.06306100e+03 1.46191100e+02 1.42868000e-01 1.58678200e-01 3.37257100e+03 1.02934600e-02 8.21330500e-01 4.52426900e-01 7.41050000e+01 6.29791600e+02 8.40354900e+01 1.50515900e+03 9.06522500e+01 1.95186900e+03 9.61967200e+01 2.27296500e+03 2.36074800e+02 5.71707000e+03 4.39904500e-01 7.36217200e-01 4.60797500e-01 6.54035400e-01 4.60958600e-01 6.12666600e-01 4.57129700e-01 5.83336700e-01 2.94643100e-01 3.04361800e-01 9.07390300e+00 3.95846300e+02 1.88985300e+03 2.65996300e-03 1.89191900e+00 3.71904900e+00 1.01037200e+01 2.29477400e+03 5.61362700e+00
1.51645600e-02 1.15580300e+03 2.37016000e-02 1.17322300e-01 1.03924900e+00 4.66956500e-02 3.04514400e+00 9.63595400e-01 1.00163500e+00 6.88482700e+01 7.01125500e-01 2.98874500e-01 1.41669000e-01 9.75366700e-02 7.94787400e-01 7.93295100e-01 4.34505600e-01 5.87656000e-01 9.57865300e-01 1.00749500e+02 2.41788000e+00 6.59332300e+00 2.10130700e+00 1.91394800e+00 1.27063800e+03 6.01979600e+03 2.58734900e+03 8.35915100e+02 2.37655600e+02 9.63595400e-01 2.45946800e-01 2.47275300e-01 2.35536100e+00 1.37017800e+01 1.08811300e+03 1.44104800e+02 1.03928800e+00 1.38657300e+01 1.06275600e+03 1.46335600e+02 1.42618800e-01 1.58865800e-01 3.37002800e+03 1.02857000e-02 8.21486500e-01 4.52616800e-01 7.40149600e+01 6.30599400e+02 8.39490900e+01 1.50695000e+03 9.05673700e+01 1.95409800e+03 9.61127000e+01 2.27548500e+03 2.35966700e+02 5.72174500e+03 4.39991300e-01 7.35669000e-01 4.60743800e-01 6.53484200e-01 4.60836600e-01 6.12123500e-01 4.56963300e-01 5.82802900e-01 2.94350700e-01 3.04032100e-01 8.37758800e+00 3.95892700e+02 1.89128100e+03 2.01682700e-03 1.89191900e+00 3.70492600e+00 1.04552800e+01 2.29555100e+03 5.59886100e+00
4.11367700e-03 1.15634100e+03 2.36667200e-02 1.17945800e-01 1.03956800e+00 5.14803500e-02 3.05725400e+00 9.77695500e-01 1.00028400e+00 6.87054400e+01 6.98634700e-01 3.01365300e-01 1.42257600e-01 9.77387400e-02 8.06630300e-01 8.08463800e-01 4.42813900e-01 5.97651300e-01 9.73148200e-01 1.00454200e+02 2.41023600e+00 7.09381100e+00 2.12690800e+00 1.91881600e+00 1.23553300e+03 5.93639900e+03 2.60314100e+03 8.47558500e+02 2.42251200e+02 9.77695500e-01 2.45933100e-01 2.47261600e-01 2.36102600e+00 1.36983500e+01 1.08820300e+03 1.43970900e+02 1.03961700e+00 1.38484600e+01 1.06271700e+03 1.46210000e+02 1.42732700e-01 1.58937000e-01 3.38409800e+03 1.03286300e-02 8.19092400e-01 4.51408100e-01 7.39040200e+01 6.31724300e+02 8.38901400e+01 1.50903900e+03 9.05392300e+01 1.95641400e+03 9.61085400e+01 2.27785800e+03 2.36373200e+02 5.72063300e+03 4.48185000e-01 7.46380200e-01 4.68695700e-01 6.62720500e-01 4.68494300e-01 6.20658700e-01 4.64359900e-01 5.90856900e-01 2.98315200e-01 3.08010100e-01 1.09868800e+01 3.95616000e+02 1.89048500e+03 2.13142400e-04 1.67729600e+00 3.87505300e+00 1.00406700e+01 2.29708800e+03 5.55256300e+00
1.41617900e-02 1.15730600e+03 2.25261700e-02 1.17166700e-01 1.03891700e+00 5.74954800e-02 3.04637700e+00 9.73134200e-01 9.95536300e-01 6.78155500e+01 6.94847600e-01 3.05152400e-01 1.40338100e-01 9.51710300e-02 8.02413000e-01 8.09274300e-01 4.43257800e-01 5.96385600e-01 9.74391100e-01 1.00144300e+02 2.40818800e+00 7.91473400e+00 2.10389900e+00 1.87536100e+00 1.21414900e+03 5.74903900e+03 2.54243700e+03 8.20905200e+02 2.32249100e+02 9.73134200e-01 2.45453800e-01 2.46780500e-01 2.55730700e+00 1.38294700e+01 1.08947800e+03 1.45048000e+02 1.03908500e+00 1.39592000e+01 1.06008500e+03 1.47671500e+02 1.40373300e-01 1.60326300e-01 3.33821200e+03 1.01886300e-02 8.23760400e-01 4.54673800e-01 7.30101700e+01 6.39732800e+02 8.29758000e+01 1.52725000e+03 8.96054500e+01 1.97942000e+03 9.51557600e+01 2.30414700e+03 2.34651500e+02 5.77588400e+03 4.48316100e-01 7.42102900e-01 4.67886200e-01 6.58508700e-01 4.67241200e-01 6.16542000e-01 4.62823400e-01 5.86831000e-01 2.96145100e-01 3.05589600e-01 8.51441500e+00 3.96548200e+02 1.89079300e+03 5.52480200e-03 1.53969800e+00 3.99508000e+00 1.32156600e+01 2.29585600e+03 5.54030400e+00
8.14200700e-03 1.15583500e+03 2.29985000e-02 1.18290500e-01 1.03994500e+00 4.90484900e-02 3.05339900e+00 9.57814100e-01 1.00269100e+00 6.81488000e+01 6.94387900e-01 3.05612100e-01 1.41934200e-01 9.67264400e-02 8.03358800e-01 8.10838100e-01 4.44114300e-01 5.97313300e-01 9.73151400e-01 1.00074200e+02 2.45214700e+00 6.98089600e+00 2.11872500e+00 1.92075300e+00 1.28346400e+03 5.98669700e+03 2.58926800e+03 8.31801200e+02 2.35252400e+02 9.57814100e-01 2.45649100e-01 2.46976500e-01 2.47320100e+00 1.37557600e+01 1.08900600e+03 1.44392500e+02 1.04006900e+00 1.38829700e+01 1.06126800e+03 1.46846600e+02 1.41590200e-01 1.59821100e-01 3.37636600e+03 1.03050400e-02 8.18926400e-01 4.51826500e-01 7.33798900e+01 6.36540400e+02 8.34073000e+01 1.51952600e+03 9.00774000e+01 1.96934100e+03 9.56612600e+01 2.29236000e+03 2.35967300e+02 5.74514300e+03 4.49111900e-01 7.42933300e-01 4.68608200e-01 6.59196200e-01 4.67911200e-01 6.17164900e-01 4.63453300e-01 5.87410800e-01 2.96408900e-01 3.05847500e-01 9.62143700e+00 3.95664800e+02 1.88963300e+03 7.69969600e-03 1.47275900e+00 4.08312700e+00 1.11865700e+01 2.29491900e+03 5.56358600e+00
5.61745900e-03 1.15629400e+03 2.32274300e-02 1.17349300e-01 1.04008500e+00 4.74051700e-02 3.05493800e+00 9.77910700e-01 1.00342700e+00 6.87237500e+01 7.00988300e-01 2.99011700e-01 1.41221800e-01 9.70529600e-02 8.05993600e-01 8.04664800e-01 4.40733100e-01 5.96010100e-01 9.72250500e-01 1.00918700e+02 2.40287500e+00 6.75506600e+00 2.12198700e+00 1.93004400e+00 1.23988600e+03 5.94632500e+03 2.62090900e+03 8.51482900e+02 2.42542800e+02 9.77910700e-01 2.45757600e-01 2.47085400e-01 2.43406300e+00 1.37246100e+01 1.08865500e+03 1.44461100e+02 1.04017900e+00 1.38881100e+01 1.06168700e+03 1.46846900e+02 1.41750500e-01 1.59581400e-01 3.35933800e+03 1.02530800e-02 8.22771900e-01 4.53658900e-01 7.38856700e+01 6.31711200e+02 8.38055800e+01 1.50957800e+03 9.04142200e+01 1.95748900e+03 9.59513800e+01 2.27941800e+03 2.35590400e+02 5.73129900e+03 4.46275100e-01 7.46030600e-01 4.67295200e-01 6.62676200e-01 4.67375800e-01 6.20728600e-01 4.63438500e-01 5.90992800e-01 2.98486000e-01 3.08296400e-01 1.03637500e+01 3.95945400e+02 1.88888000e+03 7.00107500e-03 1.96545900e+00 3.52020900e+00 1.19067200e+01 2.29518900e+03 5.49266900e+00
5.03341500e-05 1.16242500e+03 2.45320100e-02 1.16435500e-01 1.04011900e+00 6.22774600e-02 3.09516000e+00 9.66353400e-01 1.00043000e+00 7.01666300e+01 7.12365600e-01 2.87634400e-01 1.41612700e-01 9.93648300e-02 8.09585100e-01 7.92724500e-01 4.34193100e-01 5.92888100e-01 9.66489600e-01 1.02215300e+02 2.45638600e+00 7.92694100e+00 2.20907600e+00 1.95037100e+00 1.30273500e+03 6.21687700e+03 2.63937300e+03 8.55804100e+02 2.45000700e+02 9.66353400e-01 2.46229000e-01 2.47558500e-01 2.22629400e+00 1.35886900e+01 1.08713700e+03 1.43699100e+02 1.04007700e+00 1.38162000e+01 1.06451000e+03 1.45675100e+02 1.43855300e-01 1.58064900e-01 3.36868000e+03 1.02815900e-02 8.24760800e-01 4.53721600e-01 7.52408400e+01 6.19529200e+02 8.50282000e+01 1.48318000e+03 9.15660200e+01 1.92505500e+03 9.70521800e+01 2.24313600e+03 2.36311900e+02 5.67290500e+03 4.40591300e-01 7.50521300e-01 4.64220900e-01 6.67969000e-01 4.65671200e-01 6.26235200e-01 4.62664900e-01 5.96577900e-01 3.01782800e-01 3.12272400e-01 1.97936500e+01 3.97681000e+02 1.88999800e+03 1.18534200e-01 2.83966800e+00 4.36049800e+00 1.00573400e+01 2.30747300e+03 7.31870100e+00
4.69750900e-08 1.17002700e+03 2.45674900e-02 1.17449000e-01 1.03937100e+00 6.59982500e-02 3.11001000e+00 9.65631600e-01 1.00007000e+00 6.95770300e+01 7.05303200e-01 2.94696800e-01 1.42661600e-01 9.92597100e-02 8.18405600e-01 8.11139700e-01 4.44279500e-01 6.02993200e-01 9.81150600e-01 1.01145900e+02 2.48814300e+00 8.27179000e+00 2.24212800e+00 1.96487500e+00 1.31211500e+03 6.24380500e+03 2.65396800e+03 8.60670600e+02 2.46778800e+02 9.65631600e-01 2.46243600e-01 2.47573200e-01 2.22102400e+00 1.36113600e+01 1.08718100e+03 1.43412400e+02 1.03933400e+00 1.37984800e+01 1.06466300e+03 1.45372600e+02 1.44211600e-01 1.57876800e-01 3.39375400e+03 1.03580900e-02 8.19720700e-01 4.51069300e-01 7.47313100e+01 6.24255000e+02 8.46462800e+01 1.49279700e+03 9.12583200e+01 1.93641200e+03 9.68015100e+01 2.25544000e+03 2.36935200e+02 5.68340400e+03 4.50214000e-01 7.57963500e-01 4.72527700e-01 6.73770200e-01 4.73133700e-01 6.31327400e-01 4.69497700e-01 6.01212700e-01 3.03820500e-01 3.14022200e-01 3.37473000e+01 3.99406200e+02 1.89104200e+03 1.54595300e-02 2.11648900e+00 3.69937300e+00 1.00285700e+01 2.32419500e+03 5.83132100e+00
2.11625600e-03 1.15663900e+03 2.27494200e-02 1.19150200e-01 1.03996800e+00 5.45397200e-02 3.06242500e+00 9.70701200e-01 1.00183900e+00 6.76470900e+01 6.88503800e-01 3.11496200e-01 1.42544700e-01 9.64273600e-02 8.14984800e-01 8.30453400e-01 4.54858100e-01 6.08853400e-01 9.90888900e-01 9.93713900e+01 2.44774000e+00 7.60650600e+00 2.13793400e+00 1.91699800e+00 1.24306400e+03 5.85924300e+03 2.59110700e+03 8.37528400e+02 2.37708700e+02 9.70701200e-01 2.45535300e-01 2.46862400e-01 2.51792900e+00 1.37838900e+01 1.08937800e+03 1.44360900e+02 1.04011800e+00 1.38792800e+01 1.06073400e+03 1.46896800e+02 1.41360300e-01 1.60123600e-01 3.39096000e+03 1.03495600e-02 8.15620100e-01 4.50290000e-01 7.29348300e+01 6.40852200e+02 8.30567300e+01 1.52839200e+03 8.97806000e+01 1.97989800e+03 9.54052000e+01 2.30388300e+03 2.36287100e+02 5.75757500e+03 4.59463000e-01 7.53093200e-01 4.77911500e-01 6.67560200e-01 4.76502700e-01 6.24725400e-01 4.71501400e-01 5.94439400e-01 2.99719800e-01 3.08998100e-01 1.23162100e+01 3.96044800e+02 1.88798600e+03 5.33716200e-02 1.09677200e+00 5.21112200e+00 1.05689900e+01 2.29634700e+03 6.36126500e+00
1.06833600e-03 1.15823400e+03 2.27984000e-02 1.18753000e-01 1.04018300e+00 5.69639500e-02 3.07014500e+00 9.77872100e-01 1.00261300e+00 6.78997800e+01 6.91573000e-01 3.08427000e-01 1.42196600e-01 9.65511500e-02 8.18987300e-01 8.30410300e-01 4.54834400e-01 6.10330700e-01 9.93900600e-01 9.97751600e+01 2.43818700e+00 7.83233600e+00 2.15450200e+00 1.92251000e+00 1.23022800e+03 5.85055900e+03 2.60538100e+03 8.45301800e+02 2.40532200e+02 9.77872100e-01 2.45555500e-01 2.46882600e-01 2.50908900e+00 1.37711800e+01 1.08928100e+03 1.44426300e+02 1.04031900e+00 1.38828900e+01 1.06084800e+03 1.46944700e+02 1.41340300e-01 1.60104600e-01 3.38263800e+03 1.03241700e-02 8.17413400e-01 4.51193100e-01 7.31534700e+01 6.38717400e+02 8.32256300e+01 1.52403200e+03 8.99211000e+01 1.97472800e+03 9.55241300e+01 2.29825800e+03 2.36093800e+02 5.75192000e+03 4.59734400e-01 7.57097200e-01 4.78962700e-01 6.71445300e-01 4.77909500e-01 6.28500600e-01 4.73130700e-01 5.98118000e-01 3.01697400e-01 3.11172700e-01 1.36833100e+01 3.96357600e+02 1.88956100e+03 2.22881700e-02 1.27934900e+00 4.44350700e+00 1.11202800e+01 2.29960200e+03 5.74514400e+00
1.07668500e-02 1.15554900e+03 2.26798900e-02 1.17846400e-01 1.04015500e+00 5.77387200e-02 3.06061800e+00 9.71730200e-01 1.00202200e+00 6.81158400e+01 6.95736000e-01 3.04264000e-01 1.41171500e-01 9.61601400e-02 8.10536500e-01 8.16276500e-01 4.47093000e-01 6.01984400e-01 9.82083700e-01 1.00346300e+02 2.43056500e+00 7.91778600e+00 2.13407400e+00 1.90133300e+00 1.23490100e+03 5.83251500e+03 2.57503100e+03 8.31778200e+02 2.35730300e+02 9.71730200e-01 2.45508800e-01 2.46835700e-01 2.53035600e+00 1.37800000e+01 1.08934700e+03 1.44752300e+02 1.04030500e+00 1.39144200e+01 1.06050500e+03 1.47317100e+02 1.40859000e-01 1.60287700e-01 3.35813400e+03 1.02494100e-02 8.21510500e-01 4.53415600e-01 7.33165200e+01 6.36997000e+02 8.33008900e+01 1.52092900e+03 8.99443300e+01 1.97136400e+03 9.55068100e+01 2.29488300e+03 2.35374700e+02 5.75511100e+03 4.52281200e-01 7.49702100e-01 4.72242300e-01 6.65346900e-01 4.71693400e-01 6.22983800e-01 4.67301300e-01 5.92986800e-01 2.99280700e-01 3.08867500e-01 9.06256700e+00 3.96638300e+02 1.88939400e+03 1.03357400e-03 1.60798500e+00 3.71248700e+00 1.06816400e+01 2.29509500e+03 5.32150500e+00
1.63113400e-02 1.15773900e+03 2.31639800e-02 1.15387000e-01 1.03974200e+00 4.64603600e-02 3.03662900e+00 9.62182800e-01 9.99179600e-01 6.92657500e+01 7.09871800e-01 2.90128200e-01 1.39196100e-01 9.64152100e-02 7.86851300e-01 7.73796900e-01 4.23826000e-01 5.77484200e-01 9.45438700e-01 1.02124600e+02 2.39384000e+00 6.64215100e+00 2.08348800e+00 1.89861100e+00 1.26670500e+03 5.98227300e+03 2.57227900e+03 8.27426700e+02 2.33823100e+02 9.62182800e-01 2.45729200e-01 2.47056900e-01 2.44476500e+00 1.37321400e+01 1.08855900e+03 1.45022800e+02 1.03984500e+00 1.39465800e+01 1.06142000e+03 1.47438800e+02 1.41070800e-01 1.59677900e-01 3.31091500e+03 1.01053400e-02 8.31301200e-01 4.58129300e-01 7.43191000e+01 6.27390700e+02 8.40546500e+01 1.50139800e+03 9.05540300e+01 1.94830100e+03 9.60061100e+01 2.26989200e+03 2.34200500e+02 5.73319000e+03 4.29873900e-01 7.29199100e-01 4.52311900e-01 6.48715700e-01 4.53431100e-01 6.08068500e-01 4.50307100e-01 5.79199100e-01 2.92902600e-01 3.02954500e-01 8.23178900e+00 3.95920800e+02 1.89396200e+03 1.09488200e-01 2.83966800e+00 4.27854500e+00 1.01354700e+01 2.29811400e+03 7.22770200e+00
3.71830300e-03 1.15779500e+03 2.40790200e-02 1.16180800e-01 1.03778800e+00 5.06339200e-02 3.05535700e+00 9.66405700e-01 9.97297700e-01 6.90789800e+01 7.04719800e-01 2.95280200e-01 1.40904900e-01 9.73356800e-02 7.92804700e-01 7.86543500e-01 4.30807600e-01 5.84419700e-01 9.53879000e-01 1.01012100e+02 2.41464300e+00 6.90155000e+00 2.12287700e+00 1.91842500e+00 1.27256000e+03 6.08098200e+03 2.59682700e+03 8.40580400e+02 2.39624900e+02 9.66405700e-01 2.46065100e-01 2.47394000e-01 2.29531200e+00 1.37018800e+01 1.08759800e+03 1.44111300e+02 1.03779900e+00 1.38862500e+01 1.06351900e+03 1.46227000e+02 1.42973900e-01 1.58237100e-01 3.35176300e+03 1.02299700e-02 8.24741400e-01 4.53986500e-01 7.42062000e+01 6.28714400e+02 8.40674400e+01 1.50331900e+03 9.06427500e+01 1.94996800e+03 9.61547200e+01 2.27115200e+03 2.35453000e+02 5.72129300e+03 4.36523400e-01 7.34196600e-01 4.58014200e-01 6.52580400e-01 4.58533400e-01 6.11446300e-01 4.54964100e-01 5.82263800e-01 2.94230600e-01 3.04078900e-01 1.11889800e+01 3.95608900e+02 1.89178800e+03 9.20618000e-03 2.04033800e+00 3.75851800e+00 1.11961800e+01 2.29858500e+03 5.80806200e+00
1.94896000e-05 1.16239300e+03 2.43308800e-02 1.16502900e-01 1.03939100e+00 6.52083500e-02 3.09727700e+00 9.72612700e-01 9.99314600e-01 6.97198500e+01 7.08942400e-01 2.91057600e-01 1.41478900e-01 9.86388900e-02 8.12953300e-01 8.00745300e-01 4.38586300e-01 5.97118200e-01 9.73615300e-01 1.01701400e+02 2.45043000e+00 8.23516800e+00 2.21375800e+00 1.94308100e+00 1.27928300e+03 6.13741400e+03 2.63393200e+03 8.56249100e+02 2.45384400e+02 9.72612700e-01 2.46150700e-01 2.47479900e-01 2.25653500e+00 1.36306500e+01 1.08735500e+03 1.43835300e+02 1.03936900e+00 1.38387200e+01 1.06409100e+03 1.45871500e+02 1.43518700e-01 1.58177800e-01 3.36548300e+03 1.02718300e-02 8.24200800e-01 4.53561300e-01 7.48220100e+01 6.23239900e+02 8.46490600e+01 1.49124200e+03 9.12080800e+01 1.93497300e+03 9.67095000e+01 2.25424100e+03 2.36078600e+02 5.69093800e+03 4.44757500e-01 7.53290000e-01 4.67731100e-01 6.70036500e-01 4.68773400e-01 6.28006100e-01 4.65466700e-01 5.98160500e-01 3.02439200e-01 3.12774800e-01 2.16912600e+01 3.98695600e+02 1.88788700e+03 5.70763600e-02 2.50994400e+00 3.84289200e+00 1.01029500e+01 2.30827300e+03 6.40991200e+00
5.23667600e-06 1.16494000e+03 2.41495100e-02 1.16787400e-01 1.03927600e+00 5.42400600e-02 3.08372200e+00 9.88724300e-01 1.00096800e+00 6.94268800e+01 7.06266900e-01 2.93733100e-01 1.41582100e-01 9.82960000e-02 8.14298600e-01 8.05748500e-01 4.41326600e-01 5.99476100e-01 9.77281900e-01 1.01357700e+02 2.40655900e+00 7.25250200e+00 2.18395300e+00 1.95943500e+00 1.24048700e+03 6.07177100e+03 2.66916100e+03 8.74952300e+02 2.51697600e+02 9.88724300e-01 2.46087500e-01 2.47416500e-01 2.28435600e+00 1.36533300e+01 1.08757200e+03 1.43900700e+02 1.03927900e+00 1.38462000e+01 1.06370900e+03 1.45992000e+02 1.43275900e-01 1.58360200e-01 3.36794900e+03 1.02793500e-02 8.23152800e-01 4.53149900e-01 7.45527000e+01 6.25682500e+02 8.44178700e+01 1.49644000e+03 9.09981700e+01 1.94129000e+03 9.65154600e+01 2.26124700e+03 2.36070700e+02 5.70079900e+03 4.47315000e-01 7.54259500e-01 4.69730800e-01 6.70589200e-01 4.70449800e-01 6.28394000e-01 4.66912400e-01 5.98448600e-01 3.02470500e-01 3.12672600e-01 2.43196500e+01 3.95679900e+02 1.89372700e+03 2.85007700e-02 2.27128100e+00 3.67708000e+00 1.01778400e+01 2.31372600e+03 5.97686100e+00
2.71381200e-05 1.16204600e+03 2.33611400e-02 1.20080000e-01 1.03932600e+00 5.07921000e-02 3.06267200e+00 9.66145100e-01 9.97090300e-01 6.76141400e+01 6.84828100e-01 3.15171900e-01 1.44086300e-01 9.74226800e-02 8.13666200e-01 8.33987300e-01 4.56793700e-01 6.09653600e-01 9.89526700e-01 9.87058400e+01 2.46352700e+00 7.11212200e+00 2.13846200e+00 1.93189700e+00 1.26534300e+03 5.96109400e+03 2.60467000e+03 8.42829500e+02 2.40083400e+02 9.66145100e-01 2.45812000e-01 2.47140100e-01 2.41153200e+00 1.37453000e+01 1.08873200e+03 1.43656800e+02 1.03940300e+00 1.38210900e+01 1.06218300e+03 1.45984000e+02 1.42774900e-01 1.59204600e-01 3.42780900e+03 1.04619900e-02 8.10251600e-01 4.47030000e-01 7.29581800e+01 6.40913900e+02 8.31798900e+01 1.52765200e+03 8.99643900e+01 1.97836100e+03 9.56370600e+01 2.30162200e+03 2.37446400e+02 5.74184600e+03 4.61088600e-01 7.51507300e-01 4.78672800e-01 6.65751900e-01 4.76830200e-01 6.22866300e-01 4.71540900e-01 5.92567400e-01 2.98622800e-01 3.07710300e-01 2.10291400e+01 3.95670100e+02 1.88771400e+03 1.37885800e-01 7.68898900e-01 7.39002800e+00 1.13823900e+01 2.30441300e+03 8.29681300e+00
2.07678400e-03 1.15870100e+03 2.40862900e-02 1.18040200e-01 1.03940000e+00 4.75503700e-02 3.05960000e+00 9.47724900e-01 1.00120600e+00 6.89654500e+01 6.99822000e-01 3.00178000e-01 1.42771700e-01 9.84631400e-02 7.96781800e-01 7.97018100e-01 4.36544800e-01 5.89772000e-01 9.59452800e-01 1.00504100e+02 2.47148800e+00 6.62078900e+00 2.13190300e+00 1.93849900e+00 1.33247600e+03 6.20514500e+03 2.60482400e+03 8.35993800e+02 2.37327200e+02 9.47724900e-01 2.46067300e-01 2.47396300e-01 2.29417900e+00 1.36614800e+01 1.08774600e+03 1.43626900e+02 1.03940600e+00 1.38181600e+01 1.06367100e+03 1.45731000e+02 1.43524400e-01 1.58406700e-01 3.39638600e+03 1.03661200e-02 8.17919100e-01 4.50487500e-01 7.41672500e+01 6.29394900e+02 8.41559500e+01 1.50376800e+03 9.08086400e+01 1.94977300e+03 9.63818700e+01 2.27028400e+03 2.36840100e+02 5.70507400e+03 4.41913600e-01 7.37387800e-01 4.62440400e-01 6.54869500e-01 4.62384300e-01 6.13361700e-01 4.58398700e-01 5.83944800e-01 2.94869200e-01 3.04511200e-01 1.23538700e+01 3.95710700e+02 1.89347000e+03 2.70320900e-05 1.67729600e+00 3.92903400e+00 1.02604900e+01 2.30153500e+03 5.60635800e+00
1.09163200e-04 1.15940000e+03 2.42536300e-02 1.17808900e-01 1.03963600e+00 5.09127800e-02 3.06794300e+00 9.72755300e-01 9.97694600e-01 6.92730700e+01 7.02615400e-01 2.97384600e-01 1.42707700e-01 9.88579800e-02 8.06456100e-01 8.02933000e-01 4.39784500e-01 5.95539200e-01 9.68943600e-01 1.00870400e+02 2.42718400e+00 6.92291300e+00 2.14976300e+00 1.94163800e+00 1.26856700e+03 6.09124700e+03 2.62986500e+03 8.55830600e+02 2.45164800e+02 9.72755300e-01 2.46122800e-01 2.47452000e-01 2.26832000e+00 1.36368200e+01 1.08754400e+03 1.43559000e+02 1.03962300e+00 1.38087600e+01 1.06401400e+03 1.45612700e+02 1.43757600e-01 1.58257600e-01 3.39485500e+03 1.03614500e-02 8.18845000e-01 4.50851100e-01 7.44466000e+01 6.26836700e+02 8.43980500e+01 1.49831600e+03 9.10301900e+01 1.94313900e+03 9.65882100e+01 2.26291800e+03 2.36879900e+02 5.69440800e+03 4.45456100e-01 7.46619800e-01 4.66842400e-01 6.63378300e-01 4.67114000e-01 6.21460900e-01 4.63306200e-01 5.91736300e-01 2.98917800e-01 3.08823400e-01 1.82453300e+01 3.95615000e+02 1.88838200e+03 4.66232200e-03 1.96545900e+00 3.70980300e+00 1.08781800e+01 2.30224200e+03 5.67992400e+00
4.96510100e-05 1.16117100e+03 2.37142700e-02 1.19356700e-01 1.03917100e+00 5.90110100e-02 3.07796700e+00 9.68591300e-01 9.99084800e-01 6.81121800e+01 6.90218300e-01 3.09781700e-01 1.43716100e-01 9.78881500e-02 8.16571900e-01 8.29777500e-01 4.54487900e-01 6.09197900e-01 9.89423100e-01 9.92994100e+01 2.46819200e+00 7.83844000e+00 2.17142000e+00 1.92969000e+00 1.26489100e+03 5.99015000e+03 2.60508900e+03 8.44787400e+02 2.41366100e+02 9.68591300e-01 2.45951600e-01 2.47280200e-01 2.35330900e+00 1.37111800e+01 1.08826600e+03 1.43573400e+02 1.03921800e+00 1.38155300e+01 1.06294600e+03 1.45788000e+02 1.43221900e-01 1.58771600e-01 3.41896000e+03 1.04349900e-02 8.12675400e-01 4.48030800e-01 7.34068500e+01 6.36608700e+02 8.35491800e+01 1.51868000e+03 9.02892400e+01 1.96758400e+03 9.59286100e+01 2.28977300e+03 2.37308700e+02 5.72700300e+03 4.59241500e-01 7.54728900e-01 4.78109900e-01 6.69195600e-01 4.76900300e-01 6.26332500e-01 4.72026800e-01 5.96016000e-01 3.00574600e-01 3.09958100e-01 1.98209800e+01 3.96925200e+02 1.88845900e+03 6.32431800e-02 1.03858200e+00 5.87283300e+00 1.01618100e+01 2.30520500e+03 6.97465800e+00
3.09680600e-03 1.15641200e+03 2.33639700e-02 1.19190800e-01 1.03922900e+00 4.98800700e-02 3.05432600e+00 9.55398900e-01 1.00013100e+00 6.78961200e+01 6.89363100e-01 3.10636900e-01 1.43199900e-01 9.72272100e-02 8.03902000e-01 8.18029400e-01 4.48053200e-01 6.00159000e-01 9.75619800e-01 9.92717000e+01 2.46630000e+00 7.00836200e+00 2.12068900e+00 1.91933900e+00 1.28875600e+03 6.00519000e+03 2.58201600e+03 8.30276200e+02 2.35432400e+02 9.55398900e-01 2.45813100e-01 2.47141200e-01 2.41105500e+00 1.37440300e+01 1.08865100e+03 1.43882000e+02 1.03931600e+00 1.38439200e+01 1.06214500e+03 1.46211200e+02 1.42527300e-01 1.59218300e-01 3.40662300e+03 1.03973500e-02 8.13945100e-01 4.48947400e-01 7.31891800e+01 6.38563000e+02 8.33237200e+01 1.52313900e+03 9.00573000e+01 1.97322800e+03 9.56906400e+01 2.29623200e+03 2.36856000e+02 5.74082500e+03 4.52659600e-01 7.42935700e-01 4.71047700e-01 6.58647900e-01 4.69758100e-01 6.16422800e-01 4.64893000e-01 5.86562800e-01 2.95776200e-01 3.04972500e-01 1.15547700e+01 3.95671400e+02 1.88867200e+03 6.51689100e-02 1.03858200e+00 5.79215800e+00 1.00305400e+01 2.29589800e+03 6.89590900e+00
1.74639300e-02 1.15642900e+03 2.24955900e-02 1.16742100e-01 1.03890800e+00 5.63585100e-02 3.05064700e+00 9.61947500e-01 1.00184500e+00 6.79400600e+01 6.96951200e-01 3.03048800e-01 1.39882900e-01 9.50365000e-02 7.99394400e-01 8.03446200e-01 4.40065600e-01 5.93115500e-01 9.69835700e-01 1.00427300e+02 2.43157900e+00 7.80181900e+00 2.11290200e+00 1.88767400e+00 1.25254400e+03 5.85649000e+03 2.55156900e+03 8.18499600e+02 2.30648400e+02 9.61947500e-01 2.45442900e-01 2.46769600e-01 2.56268700e+00 1.38306700e+01 1.08947800e+03 1.45183000e+02 1.03908600e+00 1.39721700e+01 1.06000900e+03 1.47817400e+02 1.40194400e-01 1.60381800e-01 3.32733100e+03 1.01554300e-02 8.25685900e-01 4.55700100e-01 7.31118900e+01 6.38688700e+02 8.30349700e+01 1.52527300e+03 8.96395600e+01 1.97719600e+03 9.51704200e+01 2.30183700e+03 2.34339600e+02 5.77612300e+03 4.45253000e-01 7.39522500e-01 4.65218800e-01 6.56452600e-01 4.64826000e-01 6.14714400e-01 4.60596000e-01 5.85152000e-01 2.95384200e-01 3.04901000e-01 8.09523500e+00 3.96418600e+02 1.89238200e+03 2.39375500e-04 1.67729600e+00 3.71140200e+00 1.05725900e+01 2.29689600e+03 5.38893800e+00
1.44668200e-03 1.15938400e+03 2.23469600e-02 1.20329100e-01 1.03956100e+00 5.89973600e-02 3.05988800e+00 9.65245000e-01 9.97597300e-01 6.67645300e+01 6.78471800e-01 3.21528200e-01 1.43321200e-01 9.56877500e-02 8.17500200e-01 8.46324200e-01 4.63550900e-01 6.15591500e-01 1.00049500e+00 9.81648900e+01 2.47130000e+00 8.16192600e+00 2.13251600e+00 1.89516900e+00 1.23753400e+03 5.75876800e+03 2.55285600e+03 8.21643600e+02 2.32348700e+02 9.65245000e-01 2.45386300e-01 2.46712800e-01 2.58982000e+00 1.38419700e+01 1.08998000e+03 1.44363900e+02 1.03974200e+00 1.38845900e+01 1.05989500e+03 1.47031500e+02 1.40914900e-01 1.60568400e-01 3.40952200e+03 1.04062000e-02 8.10870700e-01 4.48099700e-01 7.21438900e+01 6.48612100e+02 8.24152200e+01 1.54446300e+03 8.92229300e+01 1.99913400e+03 9.49104900e+01 2.32497400e+03 2.36625800e+02 5.78287700e+03 4.67333600e-01 7.54421900e-01 4.83555900e-01 6.67652000e-01 4.80956400e-01 6.24363400e-01 4.75136300e-01 5.93818600e-01 2.99017100e-01 3.07844500e-01 1.30769600e+01 3.97475200e+02 1.88777400e+03 2.27860500e-01 5.37244800e-01 8.72515400e+00 1.09514900e+01 2.29832600e+03 9.49025900e+00
1.08949200e-02 1.15969300e+03 2.18084800e-02 1.19492300e-01 1.03917100e+00 5.89203500e-02 3.04787500e+00 9.59038900e-01 9.97361000e-01 6.64898700e+01 6.78921000e-01 3.21079000e-01 1.41945900e-01 9.43796500e-02 8.09859800e-01 8.37828600e-01 4.58897600e-01 6.09625100e-01 9.93189500e-01 9.83083000e+01 2.46572000e+00 8.26873800e+00 2.10705200e+00 1.87282700e+00 1.23726700e+03 5.69889600e+03 2.51970400e+03 8.05401500e+02 2.26082100e+02 9.59038900e-01 2.45140700e-01 2.46466300e-01 2.69349500e+00 1.39049300e+01 1.09059700e+03 1.44992100e+02 1.03940700e+00 1.39495000e+01 1.05859800e+03 1.47854600e+02 1.39624100e-01 1.61298700e-01 3.37664600e+03 1.03058900e-02 8.14953400e-01 4.50625500e-01 7.18365500e+01 6.51356800e+02 8.20535800e+01 1.55109900e+03 8.88259300e+01 2.00778800e+03 9.44842300e+01 2.33509100e+03 2.35500700e+02 5.80914800e+03 4.62712700e-01 7.47412600e-01 4.78878300e-01 6.61494400e-01 4.76351900e-01 6.18624100e-01 4.70619100e-01 5.88371800e-01 2.96298200e-01 3.05059100e-01 9.03891800e+00 3.97666100e+02 1.89275100e+03 2.00236300e-01 5.80430900e-01 8.00777200e+00 1.11420700e+01 2.29945600e+03 8.78844000e+00
4.08509400e-03 1.15692800e+03 2.30459800e-02 1.17156000e-01 1.03996900e+00 6.16130000e-02 3.07636700e+00 9.69752800e-01 1.00260500e+00 6.86029100e+01 7.00730100e-01 2.99269900e-01 1.40847200e-01 9.66252400e-02 8.12117300e-01 8.11128500e-01 4.44273400e-01 6.00668000e-01 9.80499800e-01 1.00913200e+02 2.44471700e+00 8.19854700e+00 2.16795100e+00 1.91660700e+00 1.25640100e+03 5.93994100e+03 2.59574700e+03 8.38564900e+02 2.38123100e+02 9.69752800e-01 2.45672600e-01 2.47000100e-01 2.46492900e+00 1.37455700e+01 1.08884900e+03 1.44650900e+02 1.04008000e+00 1.39076600e+01 1.06126800e+03 1.47097500e+02 1.41355500e-01 1.59802300e-01 3.35038200e+03 1.02257600e-02 8.23810700e-01 4.54332300e-01 7.37589100e+01 6.32816200e+02 8.36690600e+01 1.51215400e+03 9.02707900e+01 1.96078500e+03 9.58019500e+01 2.28322200e+03 2.35268900e+02 5.74008900e+03 4.49847500e-01 7.51671600e-01 4.70967800e-01 6.67657000e-01 4.71017000e-01 6.25381700e-01 4.67027800e-01 5.95415200e-01 3.00712200e-01 3.10580700e-01 1.10008200e+01 3.97761800e+02 1.88850200e+03 6.83699000e-03 1.96545900e+00 3.50456300e+00 1.11135400e+01 2.29726500e+03 5.47685900e+00
1.21870000e-03 1.15755700e+03 2.32384800e-02 1.17179100e-01 1.03931800e+00 5.63194700e-02 3.07105900e+00 9.83561700e-01 1.00218200e+00 6.85333300e+01 6.99663200e-01 3.00336800e-01 1.41062700e-01 9.66749500e-02 8.12929900e-01 8.13386100e-01 4.45509900e-01 6.01804300e-01 9.81979000e-01 1.00660100e+02 2.41160300e+00 7.64617900e+00 2.15647300e+00 1.92675100e+00 1.22545600e+03 5.90969500e+03 2.62006100e+03 8.53532900e+02 2.43720500e+02 9.83561700e-01 2.45762400e-01 2.47090200e-01 2.43220100e+00 1.37457400e+01 1.08862600e+03 1.44497000e+02 1.03940700e+00 1.39018700e+01 1.06172600e+03 1.46877600e+02 1.41721700e-01 1.59455800e-01 3.35553400e+03 1.02414800e-02 8.22889000e-01 4.53692200e-01 7.37029600e+01 6.33372800e+02 8.36340100e+01 1.51322800e+03 9.02480300e+01 1.96201000e+03 9.57887200e+01 2.28450900e+03 2.35413500e+02 5.74029900e+03 4.51001200e-01 7.52316100e-01 4.71906200e-01 6.68110000e-01 4.71828500e-01 6.25756000e-01 4.67748000e-01 5.95740500e-01 3.00831900e-01 3.10654400e-01 1.34199400e+01 3.96050200e+02 1.88936700e+03 8.53435600e-04 1.81943000e+00 3.66702400e+00 1.07893100e+01 2.29883700e+03 5.48730700e+00
8.65477000e-06 1.16291000e+03 2.43911300e-02 1.17604100e-01 1.03926800e+00 4.94668900e-02 3.07453800e+00 9.83544200e-01 1.00031200e+00 6.93353300e+01 7.03289200e-01 2.96710800e-01 1.42640400e-01 9.89001800e-02 8.10862200e-01 8.06404800e-01 4.41686100e-01 5.98453500e-01 9.73800000e-01 1.00897300e+02 2.41201900e+00 6.75201400e+00 2.16398800e+00 1.96014600e+00 1.25262200e+03 6.10454400e+03 2.66365100e+03 8.72082500e+02 2.50895900e+02 9.83544200e-01 2.46173200e-01 2.47502600e-01 2.24740900e+00 1.36330900e+01 1.08738200e+03 1.43506600e+02 1.03923700e+00 1.38088400e+01 1.06428100e+03 1.45520800e+02 1.43945200e-01 1.58050300e-01 3.39324700e+03 1.03565400e-02 8.19228000e-01 4.50939700e-01 7.45033200e+01 6.26310700e+02 8.44436700e+01 1.49722300e+03 9.10694800e+01 1.94183000e+03 9.66226900e+01 2.26148300e+03 2.36847500e+02 5.69276100e+03 4.47432300e-01 7.50769100e-01 4.69087900e-01 6.67142900e-01 4.69443300e-01 6.25020400e-01 4.65671500e-01 5.95145900e-01 3.00669300e-01 3.10666000e-01 2.33148000e+01 3.95753900e+02 1.89099300e+03 5.33575900e-03 1.96545900e+00 3.74452200e+00 1.00433800e+01 2.31006200e+03 5.71531700e+00
1.65761800e-02 1.15842500e+03 2.34770400e-02 1.14432100e-01 1.03975700e+00 5.95570000e-02 3.06957800e+00 9.68250000e-01 1.00289300e+00 6.98846400e+01 7.16301800e-01 2.83698200e-01 1.38554300e-01 9.68281800e-02 7.96833500e-01 7.74881400e-01 4.24420000e-01 5.81542900e-01 9.53183900e-01 1.02974000e+02 2.40969800e+00 7.86285400e+00 2.15328200e+00 1.91148300e+00 1.26850300e+03 6.04071200e+03 2.59594500e+03 8.38087700e+02 2.37883200e+02 9.68250000e-01 2.45856600e-01 2.47184800e-01 2.39217300e+00 1.36953600e+01 1.08812000e+03 1.45031800e+02 1.03983500e+00 1.39475800e+01 1.06206900e+03 1.47348500e+02 1.41375000e-01 1.59322900e-01 3.29557400e+03 1.00585400e-02 8.35110000e-01 4.59865300e-01 7.48750700e+01 6.22272600e+02 8.45045800e+01 1.49070800e+03 9.09430800e+01 1.93546700e+03 9.63488300e+01 2.25579900e+03 2.33892200e+02 5.71682100e+03 4.30978000e-01 7.39110800e-01 4.55098200e-01 6.58277000e-01 4.57002300e-01 6.17345200e-01 4.54376200e-01 5.88232400e-01 2.97750300e-01 3.08299100e-01 8.19957700e+00 3.96801800e+02 1.89089800e+03 2.54666900e-01 3.43847500e+00 5.89194300e+00 1.13664800e+01 2.29589900e+03 9.58508600e+00
4.39529200e-04 1.15923000e+03 2.34961000e-02 1.16534700e-01 1.03944000e+00 6.58569000e-02 3.08870600e+00 9.79082700e-01 1.00052600e+00 6.90240500e+01 7.04730300e-01 2.95269700e-01 1.40675900e-01 9.71002200e-02 8.15347400e-01 8.08893800e-01 4.43049400e-01 6.01031800e-01 9.81391900e-01 1.01303900e+02 2.43320800e+00 8.48236100e+00 2.19486600e+00 1.92400200e+00 1.24294000e+03 5.96563700e+03 2.61412900e+03 8.49992700e+02 2.42798900e+02 9.79082700e-01 2.45864100e-01 2.47192300e-01 2.38901400e+00 1.37132300e+01 1.08827600e+03 1.44466600e+02 1.03950200e+00 1.38976700e+01 1.06226000e+03 1.46766100e+02 1.42015000e-01 1.59174600e-01 3.34628900e+03 1.02132700e-02 8.25410900e-01 4.54811700e-01 7.41436200e+01 6.29246600e+02 8.39971100e+01 1.50458700e+03 9.05672300e+01 1.95160900e+03 9.60748200e+01 2.27306000e+03 2.35261000e+02 5.72603900e+03 4.48952300e-01 7.55071100e-01 4.71050200e-01 6.71132600e-01 4.71581900e-01 6.28828500e-01 4.67909500e-01 5.98815900e-01 3.02597600e-01 3.12722800e-01 1.54596100e+01 3.99026900e+02 1.88808100e+03 2.55298700e-02 2.19351700e+00 3.60053900e+00 1.00721200e+01 2.30256800e+03 5.81958600e+00
2.09866600e-03 1.15762300e+03 2.35632600e-02 1.17147400e-01 1.03926800e+00 6.42366100e-02 3.08144300e+00 9.59770600e-01 1.00054800e+00 6.88006600e+01 7.01373500e-01 2.98626500e-01 1.41355800e-01 9.72537100e-02 8.08187300e-01 8.06335100e-01 4.41647900e-01 5.97439700e-01 9.74351600e-01 1.00814200e+02 2.46919900e+00 8.32672100e+00 2.17898200e+00 1.91627800e+00 1.28784700e+03 6.04149100e+03 2.58659800e+03 8.33010600e+02 2.36661300e+02 9.59770600e-01 2.45891200e-01 2.47219500e-01 2.37794000e+00 1.37141100e+01 1.08825100e+03 1.44256200e+02 1.03933200e+00 1.38797100e+01 1.06245000e+03 1.46530800e+02 1.42313500e-01 1.59046300e-01 3.36254000e+03 1.02628500e-02 8.22486100e-01 4.53239100e-01 7.39630600e+01 6.31021800e+02 8.38826600e+01 1.50802700e+03 9.04917000e+01 1.95553900e+03 9.60294900e+01 2.27720000e+03 2.35715300e+02 5.72685800e+03 4.47225800e-01 7.48100800e-01 4.68390900e-01 6.64559200e-01 4.68519000e-01 6.22510900e-01 4.64603600e-01 5.92701100e-01 2.99365200e-01 3.09222600e-01 1.23329100e+01 3.99041300e+02 1.88825200e+03 3.58060100e-03 1.89191900e+00 3.64940600e+00 1.00758600e+01 2.29962600e+03 5.54490600e+00
4.54583300e-05 1.16355100e+03 2.39975000e-02 1.20097300e-01 1.03877000e+00 4.82836900e-02 3.05982800e+00 9.53216200e-01 9.96741400e-01 6.79583700e+01 6.86597500e-01 3.13402500e-01 1.44740000e-01 9.83629300e-02 8.05482300e-01 8.23278200e-01 4.50928100e-01 6.02672900e-01 9.77089900e-01 9.87401900e+01 2.48299800e+00 6.73675500e+00 2.13238800e+00 1.93609900e+00 1.30747200e+03 6.10411500e+03 2.59930300e+03 8.37494400e+02 2.38510000e+02 9.53216200e-01 2.46040700e-01 2.47369500e-01 2.30808700e+00 1.36976200e+01 1.08800900e+03 1.43171100e+02 1.03878400e+00 1.37825600e+01 1.06359500e+03 1.45295100e+02 1.43949900e-01 1.58346500e-01 3.44343500e+03 1.05096700e-02 8.08830800e-01 4.45820000e-01 7.32982800e+01 6.37814200e+02 8.35217000e+01 1.52068200e+03 9.03100200e+01 1.96960700e+03 9.59871300e+01 2.29166000e+03 2.38037800e+02 5.72173500e+03 4.55334100e-01 7.44119000e-01 4.73131200e-01 6.59392800e-01 4.71510600e-01 6.16993700e-01 4.66412600e-01 5.87027800e-01 2.95893100e-01 3.04974600e-01 1.99974300e+01 3.95641700e+02 1.89112900e+03 1.35813100e-01 7.68898900e-01 7.70221300e+00 1.17266900e+01 2.30676900e+03 8.60692500e+00
8.40469500e-05 1.16343500e+03 2.44842600e-02 1.19499800e-01 1.03975000e+00 4.75524900e-02 3.06705300e+00 9.65422800e-01 1.00108700e+00 6.89105200e+01 6.95431600e-01 3.04568400e-01 1.44629200e-01 9.96647100e-02 8.08953000e-01 8.15089100e-01 4.46442700e-01 6.00958500e-01 9.74497100e-01 9.98726300e+01 2.45522300e+00 6.57196000e+00 2.14785000e+00 1.95299200e+00 1.29154800e+03 6.14632800e+03 2.63399100e+03 8.55506500e+02 2.45186700e+02 9.65422800e-01 2.46209700e-01 2.47539100e-01 2.23341600e+00 1.36172800e+01 1.08743600e+03 1.42954500e+02 1.03971000e+00 1.37494500e+01 1.06462500e+03 1.44930900e+02 1.44656200e-01 1.57952900e-01 3.44078700e+03 1.05015900e-02 8.11402500e-01 4.46831200e-01 7.41780100e+01 6.29619800e+02 8.42875200e+01 1.50324500e+03 9.10137800e+01 1.94839800e+03 9.66453800e+01 2.26811000e+03 2.38227800e+02 5.68716500e+03 4.51570300e-01 7.48204400e-01 4.71422700e-01 6.63980100e-01 4.70838200e-01 6.21687800e-01 4.66429600e-01 5.91742900e-01 2.98617900e-01 3.08179500e-01 1.87682700e+01 3.95800500e+02 1.89589300e+03 1.86765900e-02 1.34256300e+00 4.82905100e+00 1.02168300e+01 2.31046200e+03 6.19029000e+00
1.28419200e-04 1.16055300e+03 2.42966400e-02 1.18006500e-01 1.03849100e+00 5.38399800e-02 3.07498400e+00 9.66584900e-01 1.00113400e+00 6.88482700e+01 6.98426700e-01 3.01573300e-01 1.42948300e-01 9.84174000e-02 8.06934800e-01 8.09047900e-01 4.43133800e-01 5.97980000e-01 9.72505200e-01 1.00184400e+02 2.45278500e+00 7.20062300e+00 2.16495300e+00 1.94394400e+00 1.28645800e+03 6.13282800e+03 2.62589100e+03 8.51751800e+02 2.43714700e+02 9.66584900e-01 2.46138200e-01 2.47467400e-01 2.26174700e+00 1.36670000e+01 1.08751600e+03 1.43475600e+02 1.03848100e+00 1.38159100e+01 1.06412900e+03 1.45514800e+02 1.43892700e-01 1.58027100e-01 3.40060600e+03 1.03789900e-02 8.17037500e-01 4.49854300e-01 7.40645000e+01 6.30368100e+02 8.40770400e+01 1.50575700e+03 9.07434400e+01 1.95213100e+03 9.63271400e+01 2.27284800e+03 2.36940000e+02 5.70755800e+03 4.48465900e-01 7.46643400e-01 4.68944300e-01 6.62933400e-01 4.68721500e-01 6.20849300e-01 4.64571000e-01 5.91032700e-01 2.98392300e-01 3.08083000e-01 1.79204200e+01 3.95749100e+02 1.89128900e+03 5.34816800e-03 1.47275900e+00 4.43597400e+00 1.02334200e+01 2.30495800e+03 5.91408100e+00
1.73492100e-03 1.15991600e+03 2.43520300e-02 1.14348700e-01 1.03897400e+00 5.30197400e-02 3.06913400e+00 9.80872500e-01 9.98818100e-01 7.03826900e+01 7.18704700e-01 2.81295300e-01 1.39345900e-01 9.80754000e-02 7.95694000e-01 7.70489500e-01 4.22014500e-01 5.79477700e-01 9.48447200e-01 1.03053200e+02 2.37946500e+00 7.06024200e+00 2.15232600e+00 1.93577900e+00 1.25489400e+03 6.12444600e+03 2.63770200e+03 8.60302900e+02 2.46440600e+02 9.80872500e-01 2.46158500e-01 2.47487800e-01 2.25332400e+00 1.36305600e+01 1.08715600e+03 1.44377800e+02 1.03895900e+00 1.38963800e+01 1.06397600e+03 1.46418300e+02 1.42930000e-01 1.58170200e-01 3.31449600e+03 1.01162700e-02 8.33402900e-01 4.58293500e-01 7.53675000e+01 6.18036100e+02 8.49927800e+01 1.48114100e+03 9.14321700e+01 1.92343300e+03 9.68404700e+01 2.24209500e+03 2.34648300e+02 5.68936200e+03 4.28716400e-01 7.38301300e-01 4.53319100e-01 6.57835500e-01 4.55508600e-01 6.17049700e-01 4.53088100e-01 5.88025000e-01 2.97743700e-01 3.08423000e-01 1.27135900e+01 3.95575500e+02 1.89167000e+03 2.66645700e-01 3.43847500e+00 5.91581500e+00 1.02512800e+01 2.29995900e+03 9.62093600e+00
8.17467600e-05 1.16137000e+03 2.38589300e-02 1.16501400e-01 1.03849800e+00 5.85749500e-02 3.08003300e+00 9.86466800e-01 9.99322900e-01 6.90203900e+01 7.04007300e-01 2.95992700e-01 1.41005400e-01 9.73224900e-02 8.11616800e-01 8.06177900e-01 4.41561800e-01 5.98647600e-01 9.76927500e-01 1.01032100e+02 2.40775700e+00 7.71942100e+00 2.17591200e+00 1.93536900e+00 1.23039500e+03 5.99167100e+03 2.63492800e+03 8.61461200e+02 2.47131800e+02 9.86466800e-01 2.46000600e-01 2.47329300e-01 2.33005100e+00 1.37043000e+01 1.08786800e+03 1.44196800e+02 1.03853200e+00 1.38846700e+01 1.06306100e+03 1.46380100e+02 1.42669000e-01 1.58593200e-01 3.35416500e+03 1.02373000e-02 8.24244400e-01 4.53911300e-01 7.41551900e+01 6.29198000e+02 8.40290400e+01 1.50430300e+03 9.06116600e+01 1.95113100e+03 9.61292200e+01 2.27241200e+03 2.35512500e+02 5.72240200e+03 4.47361700e-01 7.51545100e-01 4.69204200e-01 6.67919100e-01 4.69649800e-01 6.25784200e-01 4.65936500e-01 5.95896100e-01 3.01090700e-01 3.11132700e-01 1.88237700e+01 3.96305600e+02 1.89178200e+03 1.04250000e-02 2.04033800e+00 3.67750100e+00 1.01011300e+01 2.30691100e+03 5.72826300e+00
1.98407700e-03 1.15731300e+03 2.27515500e-02 1.19742500e-01 1.04023000e+00 4.95026100e-02 3.05197200e+00 9.76365200e-01 1.00058400e+00 6.75299100e+01 6.86118200e-01 3.13881800e-01 1.43139200e-01 9.66617500e-02 8.14712800e-01 8.33349100e-01 4.56444100e-01 6.09812200e-01 9.91417200e-01 9.90905600e+01 2.42898200e+00 7.09991500e+00 2.11570200e+00 1.91627100e+00 1.22460900e+03 5.81147100e+03 2.59349400e+03 8.41303800e+02 2.39233600e+02 9.76365200e-01 2.45536200e-01 2.46863200e-01 2.51754500e+00 1.37786500e+01 1.08942600e+03 1.44206800e+02 1.04036800e+00 1.38611200e+01 1.06081000e+03 1.46735800e+02 1.41530500e-01 1.60140500e-01 3.40517000e+03 1.03929200e-02 8.13281400e-01 4.49075300e-01 7.28428800e+01 6.41837400e+02 8.30156400e+01 1.53015500e+03 8.97695800e+01 1.98180000e+03 9.54175800e+01 2.30578400e+03 2.36703800e+02 5.75564900e+03 4.60878600e-01 7.52599500e-01 4.78770900e-01 6.66857100e-01 4.77074600e-01 6.23957400e-01 4.71879400e-01 5.93640700e-01 2.99218500e-01 3.08376300e-01 1.24452000e+01 3.95749700e+02 1.88948300e+03 8.38657700e-02 9.26576500e-01 5.85599100e+00 1.00823600e+01 2.29767800e+03 6.86643300e+00
5.69328600e-04 1.15966300e+03 2.42767500e-02 1.18957300e-01 1.04022100e+00 4.70611500e-02 3.06078000e+00 9.56804900e-01 9.99481000e-01 6.90826400e+01 6.98518800e-01 3.01481200e-01 1.43879200e-01 9.93955700e-02 8.03139500e-01 8.05119700e-01 4.40982200e-01 5.95122100e-01 9.66287900e-01 1.00371200e+02 2.45974500e+00 6.55059800e+00 2.13442100e+00 1.94268900e+00 1.30888600e+03 6.15899800e+03 2.61560300e+03 8.44763100e+02 2.40985000e+02 9.56804900e-01 2.46131000e-01 2.47460200e-01 2.26478200e+00 1.36218200e+01 1.08761300e+03 1.43248700e+02 1.04021000e+00 1.37711400e+01 1.06412900e+03 1.45291500e+02 1.44129500e-01 1.58280500e-01 3.42286000e+03 1.04468900e-02 8.14366400e-01 4.48528300e-01 7.43150600e+01 6.28236100e+02 8.43589600e+01 1.50068700e+03 9.10463800e+01 1.94557200e+03 9.66477500e+01 2.26522400e+03 2.37712700e+02 5.68867600e+03 4.46290600e-01 7.43139800e-01 4.66691800e-01 6.59831500e-01 4.66480400e-01 6.17947800e-01 4.62356500e-01 5.88272700e-01 2.96995600e-01 3.06648400e-01 1.49421100e+01 3.95826000e+02 1.89286300e+03 1.00672000e-03 1.60798500e+00 4.01473300e+00 1.00708800e+01 2.30363100e+03 5.62372400e+00
1.71318700e-05 1.16349300e+03 2.39649100e-02 1.18768000e-01 1.04056100e+00 6.36594000e-02 3.08946900e+00 9.68493800e-01 9.97495900e-01 6.90020800e+01 6.98867100e-01 3.01132900e-01 1.43378000e-01 9.89338000e-02 8.19365300e-01 8.20910900e-01 4.49631400e-01 6.06969800e-01 9.86385000e-01 1.00517400e+02 2.47110500e+00 8.21380600e+00 2.19654100e+00 1.93395100e+00 1.27474200e+03 6.04142100e+03 2.61317800e+03 8.47873900e+02 2.42576100e+02 9.68493800e-01 2.46031400e-01 2.47360200e-01 2.31322400e+00 1.36423400e+01 1.08793800e+03 1.43533300e+02 1.04058100e+00 1.37935800e+01 1.06344200e+03 1.45673000e+02 1.43512200e-01 1.58702600e-01 3.41087900e+03 1.04103400e-02 8.15896400e-01 4.49556100e-01 7.42203100e+01 6.29014700e+02 8.42425700e+01 1.50262500e+03 9.09161000e+01 1.94813700e+03 9.65060600e+01 2.26825200e+03 2.37309500e+02 5.69720300e+03 4.55092100e-01 7.58187500e-01 4.75980200e-01 6.73230300e-01 4.75804400e-01 6.30512100e-01 4.71624600e-01 6.00243600e-01 3.03058100e-01 3.12920700e-01 2.19491400e+01 3.98493400e+02 1.88997300e+03 5.04536600e-07 1.74777200e+00 3.79193500e+00 1.10310700e+01 2.31041500e+03 5.53970800e+00
5.55096100e-07 1.16591200e+03 2.43954300e-02 1.17888600e-01 1.03841200e+00 5.68046200e-02 3.08686100e+00 9.73296400e-01 9.98584000e-01 6.89471400e+01 6.99331300e-01 3.00668700e-01 1.42929100e-01 9.85455500e-02 8.12917300e-01 8.13822800e-01 4.45749100e-01 6.01961100e-01 9.79012500e-01 1.00277700e+02 2.45227500e+00 7.46307400e+00 2.19082100e+00 1.95554100e+00 1.27785200e+03 6.14248600e+03 2.64672500e+03 8.61721400e+02 2.47328900e+02 9.73296400e-01 2.46174900e-01 2.47504200e-01 2.24676000e+00 1.36589800e+01 1.08739900e+03 1.43430800e+02 1.03839000e+00 1.38128000e+01 1.06432000e+03 1.45441500e+02 1.44034300e-01 1.57907300e-01 3.40014900e+03 1.03776000e-02 8.17331300e-01 4.49932700e-01 7.41546200e+01 6.29538000e+02 8.41551800e+01 1.50398900e+03 9.08149900e+01 1.94998000e+03 9.63938100e+01 2.27046000e+03 2.36953800e+02 5.70409400e+03 4.51197300e-01 7.52269700e-01 4.72027700e-01 6.68029700e-01 4.71910500e-01 6.25664200e-01 4.67802900e-01 5.95642500e-01 3.00756800e-01 3.10566400e-01 2.88082500e+01 3.96133700e+02 1.89064500e+03 3.00736900e-03 1.53969800e+00 4.34594900e+00 1.03485900e+01 2.31558700e+03 5.88865500e+00
9.70739400e-07 1.16748300e+03 2.46981000e-02 1.18168200e-01 1.03908500e+00 6.05378500e-02 3.08811200e+00 9.71927900e-01 9.95199300e-01 6.93353300e+01 7.01477300e-01 2.98522700e-01 1.43511400e-01 9.95041100e-02 8.13299900e-01 8.11294900e-01 4.44364500e-01 6.01166900e-01 9.76727500e-01 1.00568700e+02 2.45531400e+00 7.75909400e+00 2.19356300e+00 1.94342400e+00 1.27701500e+03 6.13247400e+03 2.62856700e+03 8.56318700e+02 2.46127800e+02 9.71927900e-01 2.46299500e-01 2.47629300e-01 2.20179300e+00 1.36099600e+01 1.08710300e+03 1.43130100e+02 1.03902800e+00 1.37753900e+01 1.06500600e+03 1.45046800e+02 1.44649800e-01 1.57662400e-01 3.41406800e+03 1.04200700e-02 8.16211000e-01 4.49151100e-01 7.45337600e+01 6.26184100e+02 8.45276000e+01 1.49648600e+03 9.11862300e+01 1.94058700e+03 9.67656200e+01 2.25979900e+03 2.37507200e+02 5.68334200e+03 4.49988300e-01 7.52839700e-01 4.71303300e-01 6.68775400e-01 4.71441000e-01 6.26462700e-01 4.67507100e-01 5.96465000e-01 3.01255900e-01 3.11185200e-01 2.76904200e+01 3.96992000e+02 1.89079100e+03 1.72102300e-05 1.74777200e+00 4.02931500e+00 1.37152300e+01 2.31547400e+03 5.77710400e+00
1.69030200e-04 1.15935300e+03 2.34568100e-02 1.19767300e-01 1.03915600e+00 4.76737500e-02 3.05669600e+00 9.61271300e-01 9.98316800e-01 6.77459700e+01 6.86526400e-01 3.13473600e-01 1.43869200e-01 9.74656000e-02 8.08140300e-01 8.26088500e-01 4.52467300e-01 6.04695900e-01 9.81849700e-01 9.88832600e+01 2.46258900e+00 6.77032500e+00 2.12572000e+00 1.93240000e+00 1.27959900e+03 6.00642900e+03 2.60247900e+03 8.40138900e+02 2.38969100e+02 9.61271300e-01 2.45848800e-01 2.47176900e-01 2.39553000e+00 1.37394400e+01 1.08859300e+03 1.43664100e+02 1.03922500e+00 1.38241700e+01 1.06237400e+03 1.45961800e+02 1.42863100e-01 1.59070900e-01 3.42262100e+03 1.04461600e-02 8.11299000e-01 4.47501500e-01 7.30726400e+01 6.39787300e+02 8.32658700e+01 1.52537400e+03 9.00340700e+01 1.97567700e+03 9.56943300e+01 2.29871600e+03 2.37319800e+02 5.73921700e+03 4.56872700e-01 7.46570700e-01 4.74718800e-01 6.61561500e-01 4.73087600e-01 6.19021500e-01 4.67969200e-01 5.88956300e-01 2.96868900e-01 3.05976200e-01 1.73708700e+01 3.95727200e+02 1.88728200e+03 1.12689400e-01 8.20176000e-01 6.91226600e+00 1.04810900e+01 2.30038000e+03 7.84513200e+00
1.36796500e-02 1.15397400e+03 2.28734600e-02 1.18061200e-01 1.03935600e+00 4.91530100e-02 3.04326300e+00 9.66380500e-01 1.00038300e+00 6.79290800e+01 6.93175600e-01 3.06824400e-01 1.41579800e-01 9.61738400e-02 8.01105600e-01 8.10166000e-01 4.43746200e-01 5.96227800e-01 9.71990200e-01 9.98867400e+01 2.42293000e+00 7.01141400e+00 2.09735600e+00 1.90098400e+00 1.24643700e+03 5.87238500e+03 2.56996300e+03 8.28844900e+02 2.34719500e+02 9.66380500e-01 2.45588700e-01 2.46915900e-01 2.49551900e+00 1.37853600e+01 1.08913200e+03 1.44548000e+02 1.03948300e+00 1.39057600e+01 1.06096300e+03 1.47045600e+02 1.41287800e-01 1.59900800e-01 3.36789400e+03 1.02791900e-02 8.19640300e-01 4.52276700e-01 7.31587100e+01 6.38555700e+02 8.31892000e+01 1.52403300e+03 8.98594300e+01 1.97498300e+03 9.54424800e+01 2.29876300e+03 2.35632500e+02 5.75765900e+03 4.48666700e-01 7.40725600e-01 4.67830700e-01 6.57100800e-01 4.66988500e-01 6.15146300e-01 4.62442400e-01 5.85454400e-01 2.95375000e-01 3.04722800e-01 8.58369200e+00 3.95726600e+02 1.88783600e+03 1.64306200e-02 1.34256300e+00 4.39163100e+00 1.00512900e+01 2.29214700e+03 5.75062500e+00
1.33364700e-02 1.15566200e+03 2.26571800e-02 1.17511400e-01 1.03886700e+00 5.62754800e-02 3.05182600e+00 9.75367200e-01 1.00069900e+00 6.77825900e+01 6.93515300e-01 3.06484700e-01 1.40813800e-01 9.54472200e-02 8.05865600e-01 8.14528600e-01 4.46135700e-01 5.99604400e-01 9.78821600e-01 9.99330100e+01 2.41304400e+00 7.77130100e+00 2.11539300e+00 1.89021300e+00 1.21743100e+03 5.78468000e+03 2.56304400e+03 8.29269200e+02 2.35137100e+02 9.75367200e-01 2.45500400e-01 2.46827300e-01 2.53436500e+00 1.38194200e+01 1.08934600e+03 1.44857100e+02 1.03901700e+00 1.39417400e+01 1.06042900e+03 1.47431700e+02 1.40720900e-01 1.60130600e-01 3.34958300e+03 1.02233200e-02 8.21992800e-01 4.53652300e-01 7.29954000e+01 6.39959800e+02 8.29945400e+01 1.52746600e+03 8.96444300e+01 1.97948600e+03 9.52107100e+01 2.30404800e+03 2.35005500e+02 5.77184900e+03 4.51116900e-01 7.45161600e-01 4.70471600e-01 6.61074500e-01 4.69664900e-01 6.18882400e-01 4.65119500e-01 5.89020300e-01 2.97193600e-01 3.06611600e-01 8.63450500e+00 3.96219400e+02 1.89062300e+03 1.40804000e-02 1.40705700e+00 4.31926100e+00 1.01060300e+01 2.29547700e+03 5.74039800e+00
4.34570200e-03 1.15674200e+03 2.26413600e-02 1.19084200e-01 1.03956200e+00 5.12156200e-02 3.05699200e+00 9.66174600e-01 1.00395600e+00 6.74456800e+01 6.87023000e-01 3.12977000e-01 1.42370700e-01 9.60228900e-02 8.11231600e-01 8.28591400e-01 4.53838200e-01 6.06768400e-01 9.87797200e-01 9.91664300e+01 2.45135800e+00 7.28912400e+00 2.12635000e+00 1.91932900e+00 1.25464700e+03 5.88358800e+03 2.59063800e+03 8.34882400e+02 2.36378100e+02 9.66174600e-01 2.45494700e-01 2.46821600e-01 2.53714800e+00 1.38069400e+01 1.08950200e+03 1.44460700e+02 1.03971700e+00 1.38942400e+01 1.06050500e+03 1.47031600e+02 1.41133800e-01 1.60208000e-01 3.38680000e+03 1.03368700e-02 8.15742200e-01 4.50423900e-01 7.27384300e+01 6.42692600e+02 8.28726900e+01 1.53241500e+03 8.96024500e+01 1.98487100e+03 9.52309100e+01 2.30947400e+03 2.36096100e+02 5.76737200e+03 4.58324100e-01 7.49475000e-01 4.76347000e-01 6.64188600e-01 4.74766200e-01 6.21502100e-01 4.69666600e-01 5.91330400e-01 2.98094000e-01 3.07255500e-01 1.08771400e+01 3.95704200e+02 1.88758500e+03 7.52977100e-02 9.81866700e-01 5.72871400e+00 1.25321400e+01 2.29416600e+03 6.78587800e+00
1.03231000e-03 1.15820800e+03 2.41366700e-02 1.16402700e-01 1.04032100e+00 5.09743600e-02 3.06764800e+00 9.79265000e-01 9.99908100e-01 6.99102800e+01 7.11128300e-01 2.88871700e-01 1.41184500e-01 9.87024700e-02 8.04340000e-01 7.89280700e-01 4.32306900e-01 5.89679300e-01 9.61986900e-01 1.02142700e+02 2.39913300e+00 6.93206800e+00 2.14912900e+00 1.94082600e+00 1.25475200e+03 6.07710200e+03 2.63898900e+03 8.60660400e+02 2.46573300e+02 9.79265000e-01 2.46083300e-01 2.47412300e-01 2.28634500e+00 1.36220400e+01 1.08755400e+03 1.44009800e+02 1.04032300e+00 1.38427900e+01 1.06367100e+03 1.46105400e+02 1.43141800e-01 1.58547600e-01 3.35844500e+03 1.02503600e-02 8.25684700e-01 4.54497700e-01 7.49892600e+01 6.21694400e+02 8.47777000e+01 1.48807000e+03 9.13143500e+01 1.93120700e+03 9.67986200e+01 2.25014200e+03 2.35910800e+02 5.68701700e+03 4.38566900e-01 7.45533900e-01 4.61777200e-01 6.63390000e-01 4.63071400e-01 6.21883100e-01 4.59982600e-01 5.92395000e-01 2.99617200e-01 3.09968400e-01 1.37519100e+01 3.95616900e+02 1.88978800e+03 1.10136500e-01 2.83966800e+00 4.28029700e+00 1.00291300e+01 2.29915700e+03 7.23010100e+00
6.07335600e-06 1.16363500e+03 2.39970900e-02 1.17588800e-01 1.03795200e+00 5.63460400e-02 3.08339800e+00 9.71349200e-01 1.00068300e+00 6.85626200e+01 6.97434300e-01 3.02565700e-01 1.42231100e-01 9.75173500e-02 8.11122100e-01 8.14583100e-01 4.46165600e-01 6.01576900e-01 9.79585900e-01 1.00063700e+02 2.45308800e+00 7.49359100e+00 2.18324600e+00 1.95056800e+00 1.27704000e+03 6.10977100e+03 2.63926100e+03 8.56903800e+02 2.45160300e+02 9.71349200e-01 2.46040500e-01 2.47369400e-01 2.30815100e+00 1.37115100e+01 1.08780500e+03 1.43810700e+02 1.03797100e+00 1.38549900e+01 1.06344200e+03 1.45944900e+02 1.43232400e-01 1.58307800e-01 3.38346300e+03 1.03266900e-02 8.18860000e-01 4.51003700e-01 7.37714600e+01 6.32945000e+02 8.37716300e+01 1.51166800e+03 9.04282300e+01 1.95963300e+03 9.60029800e+01 2.28145100e+03 2.36311900e+02 5.72628300e+03 4.51467900e-01 7.50416000e-01 4.71826900e-01 6.66170700e-01 4.71482300e-01 6.23834300e-01 4.67227300e-01 5.93845400e-01 2.99776400e-01 3.09462000e-01 2.40232000e+01 3.96096500e+02 1.89102500e+03 9.68725900e-03 1.40705700e+00 4.60617600e+00 1.01024800e+01 2.31114500e+03 6.02292000e+00
5.68811300e-06 1.16269300e+03 2.42330900e-02 1.18378200e-01 1.03915200e+00 5.47830600e-02 3.07814600e+00 9.73699800e-01 9.97795100e-01 6.88885500e+01 6.98130000e-01 3.01870000e-01 1.43256400e-01 9.86872700e-02 8.12604400e-01 8.15133100e-01 4.46466800e-01 6.02329500e-01 9.79051700e-01 1.00223300e+02 2.44477800e+00 7.31048600e+00 2.17181000e+00 1.94642600e+00 1.26795500e+03 6.08446800e+03 2.63458900e+03 8.57916200e+02 2.46046500e+02 9.73699800e-01 2.46115700e-01 2.47444800e-01 2.27147000e+00 1.36553600e+01 1.08761400e+03 1.43429000e+02 1.03914800e+00 1.38025600e+01 1.06401400e+03 1.45486200e+02 1.43885700e-01 1.58187600e-01 3.40797300e+03 1.04014700e-02 8.16060400e-01 4.49411000e-01 7.41116400e+01 6.29989100e+02 8.41388500e+01 1.50477800e+03 9.08145400e+01 1.95081300e+03 9.64057900e+01 2.27127400e+03 2.37184800e+02 5.70273700e+03 4.51819500e-01 7.51857900e-01 4.72372700e-01 6.67528500e-01 4.72111400e-01 6.25138100e-01 4.67906400e-01 5.95106500e-01 3.00435000e-01 3.10178000e-01 2.41542600e+01 3.95824200e+02 1.88876500e+03 4.11202200e-03 1.53969800e+00 4.29335200e+00 1.08056500e+01 2.30874400e+03 5.83716200e+00
7.81317800e-06 1.16304900e+03 2.39911200e-02 1.18165500e-01 1.03843400e+00 5.22949100e-02 3.07371600e+00 9.79601600e-01 9.99188100e-01 6.85150100e+01 6.95798000e-01 3.04202000e-01 1.42801800e-01 9.78406600e-02 8.12264800e-01 8.17933600e-01 4.48000700e-01 6.03237200e-01 9.81306600e-01 9.98946900e+01 2.42937300e+00 7.11212200e+00 2.16221000e+00 1.94748900e+00 1.25009300e+03 6.03743300e+03 2.64101000e+03 8.61762700e+02 2.47193700e+02 9.79601600e-01 2.46038800e-01 2.47367700e-01 2.30909000e+00 1.37004500e+01 1.08786000e+03 1.43667300e+02 1.03844500e+00 1.38348500e+01 1.06348000e+03 1.45799700e+02 1.43387800e-01 1.58366500e-01 3.39710500e+03 1.03683100e-02 8.16760000e-01 4.49931200e-01 7.37462400e+01 6.33279900e+02 8.37871400e+01 1.51207100e+03 9.04683100e+01 1.95989500e+03 9.60624200e+01 2.28154200e+03 2.36731200e+02 5.72186600e+03 4.53188500e-01 7.51306300e-01 4.73206500e-01 6.66776400e-01 4.72664400e-01 6.24324500e-01 4.68268300e-01 5.94264100e-01 2.99917700e-01 3.09532600e-01 2.35194000e+01 3.95653000e+02 1.89060600e+03 1.75826000e-02 1.34256300e+00 4.82629200e+00 1.01332500e+01 2.30977800e+03 6.18643800e+00
5.78564800e-04 1.16035200e+03 2.43437100e-02 1.14943500e-01 1.03790200e+00 5.88313700e-02 3.08127300e+00 9.71129000e-01 1.00015300e+00 6.97894300e+01 7.12697800e-01 2.87302200e-01 1.39932400e-01 9.76580100e-02 7.98938700e-01 7.81847900e-01 4.28235800e-01 5.84922300e-01 9.56353900e-01 1.02079700e+02 2.42217800e+00 7.61871300e+00 2.17861200e+00 1.93677700e+00 1.28073300e+03 6.16792600e+03 2.62775900e+03 8.52630800e+02 2.43766700e+02 9.71129000e-01 2.46155400e-01 2.47484700e-01 2.25458700e+00 1.36659400e+01 1.08721400e+03 1.44229200e+02 1.03789100e+00 1.38963700e+01 1.06401400e+03 1.46268200e+02 1.43088500e-01 1.57995100e-01 3.32851500e+03 1.01590400e-02 8.29894900e-01 4.56458300e-01 7.48364600e+01 6.22849600e+02 8.45606400e+01 1.49122100e+03 9.10568500e+01 1.93555400e+03 9.65083900e+01 2.25542000e+03 2.34920600e+02 5.70510400e+03 4.34547500e-01 7.40692600e-01 4.57951700e-01 6.59268000e-01 4.59429500e-01 6.18097600e-01 4.56495300e-01 5.88838300e-01 2.97894800e-01 3.08264700e-01 1.49099200e+01 3.96425200e+02 1.89228500e+03 9.93449100e-02 2.75631800e+00 4.19662600e+00 1.00315100e+01 2.30362100e+03 7.05228800e+00
8.00112200e-03 1.15780500e+03 2.38795800e-02 1.15062300e-01 1.03767100e+00 5.23194900e-02 3.05997800e+00 9.64946700e-01 1.00073700e+00 6.92804000e+01 7.09179900e-01 2.90820100e-01 1.39587100e-01 9.67064600e-02 7.90894000e-01 7.78699500e-01 4.26511300e-01 5.80797100e-01 9.50195800e-01 1.01662800e+02 2.41377000e+00 7.08770800e+00 2.13270800e+00 1.92082200e+00 1.28065800e+03 6.10862500e+03 2.60212800e+03 8.40247000e+02 2.38945500e+02 9.64946700e-01 2.46006900e-01 2.47335600e-01 2.32675700e+00 1.37201500e+01 1.08772500e+03 1.44555400e+02 1.03770400e+00 1.39303100e+01 1.06298400e+03 1.46741100e+02 1.42291100e-01 1.58493500e-01 3.32026000e+03 1.01338600e-02 8.29930300e-01 4.56820200e-01 7.43464500e+01 6.27209500e+02 8.41045700e+01 1.50079700e+03 9.06179500e+01 1.94741000e+03 9.60812600e+01 2.26876100e+03 2.34504500e+02 5.72828700e+03 4.32540600e-01 7.32875400e-01 4.54944200e-01 6.51907400e-01 4.55987100e-01 6.11026900e-01 4.52790200e-01 5.81996200e-01 2.94286700e-01 3.04351800e-01 9.65634700e+00 3.95630300e+02 1.89389200e+03 5.27936400e-02 2.42950100e+00 3.83489900e+00 1.01147800e+01 2.29917900e+03 6.31719400e+00
2.27719400e-03 1.15833600e+03 2.35835400e-02 1.16822200e-01 1.03792300e+00 5.10250600e-02 3.06373600e+00 9.59487200e-01 1.00263800e+00 6.84783900e+01 6.99206300e-01 3.00793700e-01 1.41050900e-01 9.65893900e-02 7.98548000e-01 7.99603700e-01 4.37961000e-01 5.91382200e-01 9.64993200e-01 1.00387000e+02 2.44827200e+00 7.04193100e+00 2.14073800e+00 1.93305300e+00 1.29546900e+03 6.10610800e+03 2.60941200e+03 8.40154100e+02 2.38502600e+02 9.59487200e-01 2.45899400e-01 2.47227800e-01 2.37461100e+00 1.37508100e+01 1.08820200e+03 1.44324800e+02 1.03798100e+00 1.39043800e+01 1.06245000e+03 1.46596600e+02 1.42258400e-01 1.58825600e-01 3.35525200e+03 1.02406200e-02 8.22809600e-01 4.53357700e-01 7.36526000e+01 6.33838000e+02 8.35888500e+01 1.51423200e+03 9.02056500e+01 1.96324000e+03 9.57483500e+01 2.28588300e+03 2.35388900e+02 5.74247500e+03 4.43312600e-01 7.38961700e-01 4.63749400e-01 6.56200500e-01 4.63620400e-01 6.14580700e-01 4.59575800e-01 5.85088300e-01 2.95433400e-01 3.05059400e-01 1.21696200e+01 3.95633700e+02 1.89204100e+03 9.10618400e-04 1.60798500e+00 4.07838900e+00 1.11408900e+01 2.29984400e+03 5.68728500e+00
1.95569600e-04 1.15901500e+03 2.36088100e-02 1.17919900e-01 1.03941500e+00 5.95601400e-02 3.08440000e+00 9.66352700e-01 1.00317200e+00 6.86138900e+01 6.98007900e-01 3.01992100e-01 1.42173900e-01 9.75510200e-02 8.14114000e-01 8.16812600e-01 4.47386700e-01 6.03509600e-01 9.82831800e-01 1.00367100e+02 2.46650000e+00 7.89032000e+00 2.18543400e+00 1.94001200e+00 1.28188700e+03 6.06212900e+03 2.62153200e+03 8.47846100e+02 2.41649200e+02 9.66352700e-01 2.45909800e-01 2.47238200e-01 2.37047200e+00 1.37087600e+01 1.08826400e+03 1.44021900e+02 1.03946600e+00 1.38553700e+01 1.06260300e+03 1.46278100e+02 1.42618000e-01 1.58985500e-01 3.38209500e+03 1.03225200e-02 8.19168300e-01 4.51486300e-01 7.38148200e+01 6.32533500e+02 8.38060400e+01 1.51081800e+03 9.04575400e+01 1.95861900e+03 9.60284000e+01 2.28034200e+03 2.36282500e+02 5.72506300e+03 4.52767200e-01 7.53240100e-01 4.73325200e-01 6.68739700e-01 4.73045500e-01 6.26266000e-01 4.68820300e-01 5.96176300e-01 3.00975900e-01 3.10726200e-01 1.70791900e+01 3.97095300e+02 1.88664700e+03 1.08201200e-03 1.60798500e+00 3.96226700e+00 1.16374800e+01 2.30082100e+03 5.57133400e+00
6.30734900e-03 1.15860100e+03 2.26368000e-02 1.19748100e-01 1.03937800e+00 4.79092800e-02 3.04748700e+00 9.45264900e-01 1.00145000e+00 6.71453900e+01 6.82754800e-01 3.17245200e-01 1.43030100e-01 9.60381000e-02 8.03149000e-01 8.25910600e-01 4.52369900e-01 6.02760700e-01 9.80139900e-01 9.86106300e+01 2.48896100e+00 6.95343000e+00 2.10623600e+00 1.91378700e+00 1.30497800e+03 5.96637000e+03 2.56485200e+03 8.17768200e+02 2.30045000e+02 9.45264900e-01 2.45493100e-01 2.46819900e-01 2.53794800e+00 1.38156600e+01 1.08956700e+03 1.44292700e+02 1.03953200e+00 1.38805400e+01 1.06054300e+03 1.46861400e+02 1.41312600e-01 1.60163100e-01 3.40256200e+03 1.03849600e-02 8.12765700e-01 4.48870600e-01 7.24860300e+01 6.45239400e+02 8.26954000e+01 1.53746100e+03 8.94685400e+01 1.99073900e+03 9.51302400e+01 2.31575700e+03 2.36512600e+02 5.77146200e+03 4.56443700e-01 7.41592500e-01 4.73338800e-01 6.56749400e-01 4.71279800e-01 6.14353500e-01 4.65896100e-01 5.84413000e-01 2.94440500e-01 3.03311100e-01 1.01320800e+01 3.95699300e+02 1.89279200e+03 1.50350800e-01 7.19420900e-01 7.34405200e+00 1.03642700e+01 2.29862300e+03 8.21382400e+00
2.22016300e-09 1.17366400e+03 2.41093400e-02 1.18970400e-01 1.03976600e+00 6.52719200e-02 3.10554200e+00 9.81457100e-01 9.98274900e-01 6.87823500e+01 6.96206800e-01 3.03793200e-01 1.43724900e-01 9.88573800e-02 8.29499100e-01 8.34726700e-01 4.57198700e-01 6.15829400e-01 1.00017800e+00 1.00054000e+02 2.46829300e+00 8.33282500e+00 2.23213100e+00 1.95895900e+00 1.25654900e+03 6.05299900e+03 2.65560200e+03 8.68061500e+02 2.49814600e+02 9.81457100e-01 2.46074600e-01 2.47403600e-01 2.29059100e+00 1.36522700e+01 1.08779700e+03 1.43372100e+02 1.03976700e+00 1.37888600e+01 1.06378600e+03 1.45464700e+02 1.43832700e-01 1.58403100e-01 3.41917200e+03 1.04356400e-02 8.14196600e-01 4.48549400e-01 7.40282900e+01 6.30837000e+02 8.40962800e+01 1.50633900e+03 9.07961300e+01 1.95253200e+03 9.64062000e+01 2.27302400e+03 2.37508200e+02 5.70168500e+03 4.62517200e-01 7.67289500e-01 4.83055100e-01 6.81007900e-01 4.82552200e-01 6.37669100e-01 4.78097700e-01 6.06978100e-01 3.06346900e-01 3.16189200e-01 3.98513700e+01 3.98738500e+02 1.89239100e+03 9.54075900e-03 1.40705700e+00 4.42700600e+00 1.05039500e+01 2.33098100e+03 5.84360300e+00
1.69165500e-04 1.15938500e+03 2.37771400e-02 1.18257500e-01 1.03907500e+00 5.04214000e-02 3.06325900e+00 9.82653300e-01 9.98933400e-01 6.85186800e+01 6.96090300e-01 3.03909700e-01 1.42679800e-01 9.77623200e-02 8.10787000e-01 8.16053100e-01 4.46970700e-01 6.01995100e-01 9.79495200e-01 1.00043300e+02 2.41144000e+00 6.96868900e+00 2.13971800e+00 1.93446600e+00 1.23174900e+03 5.95885300e+03 2.62680100e+03 8.58017400e+02 2.45935500e+02 9.82653300e-01 2.45974200e-01 2.47302800e-01 2.34315900e+00 1.37033000e+01 1.08810400e+03 1.43806700e+02 1.03911000e+00 1.38394100e+01 1.06298400e+03 1.46008900e+02 1.43023200e-01 1.58717900e-01 3.39418900e+03 1.03594200e-02 8.17191800e-01 4.50327900e-01 7.37464700e+01 6.33256200e+02 8.37792800e+01 1.51208800e+03 9.04555400e+01 1.95996400e+03 9.60457600e+01 2.28166100e+03 2.36640000e+02 5.72301900e+03 4.52165300e-01 7.49970200e-01 4.72214900e-01 6.65624600e-01 4.71709900e-01 6.23260100e-01 4.67346600e-01 5.93259800e-01 2.99423700e-01 3.09036700e-01 1.73692700e+01 3.95689000e+02 1.88964900e+03 9.95636300e-03 1.40705700e+00 4.43676100e+00 1.02098000e+01 2.30270700e+03 5.85377400e+00
8.80673700e-04 1.15721600e+03 2.33175100e-02 1.19470200e-01 1.03954700e+00 4.71014800e-02 3.05366700e+00 9.59269400e-01 9.99486600e-01 6.78668200e+01 6.88589200e-01 3.11410800e-01 1.43432900e-01 9.73433300e-02 8.06232800e-01 8.21422700e-01 4.49911700e-01 6.02273700e-01 9.78659800e-01 9.92131100e+01 2.45992900e+00 6.73370400e+00 2.11929200e+00 1.92876300e+00 1.28265600e+03 6.00158100e+03 2.59731200e+03 8.36944900e+02 2.37589700e+02 9.59269400e-01 2.45794900e-01 2.47122900e-01 2.41887400e+00 1.37407900e+01 1.08872900e+03 1.43845800e+02 1.03962500e+00 1.38363100e+01 1.06206900e+03 1.46187900e+02 1.42520000e-01 1.59313900e-01 3.41219100e+03 1.04143400e-02 8.13063800e-01 4.48530300e-01 7.31657700e+01 6.38826500e+02 8.33186300e+01 1.52357000e+03 9.00631300e+01 1.97365900e+03 9.57050200e+01 2.29662800e+03 2.37022800e+02 5.73956000e+03 4.54497100e-01 7.45008800e-01 4.72755300e-01 6.60396900e-01 4.71365800e-01 6.18022800e-01 4.66421100e-01 5.88062300e-01 2.96499100e-01 3.05682600e-01 1.40696500e+01 3.95785800e+02 1.88756700e+03 7.18403100e-02 9.81866700e-01 5.88704000e+00 1.00699500e+01 2.29742200e+03 6.94074700e+00
1.89824000e-03 1.15693200e+03 2.30713000e-02 1.19180900e-01 1.03904600e+00 4.75528200e-02 3.05314200e+00 9.57017700e-01 1.00122800e+00 6.75921600e+01 6.87225500e-01 3.12774500e-01 1.42897300e-01 9.65873900e-02 8.04943300e-01 8.21902500e-01 4.50174600e-01 6.01967600e-01 9.79077500e-01 9.90442400e+01 2.46414900e+00 6.82220500e+00 2.11818000e+00 1.92601200e+00 1.28563700e+03 5.99121200e+03 2.59223100e+03 8.33149800e+02 2.35907700e+02 9.57017700e-01 2.45685000e-01 2.47012600e-01 2.46056100e+00 1.37791100e+01 1.08899300e+03 1.44107500e+02 1.03916100e+00 1.38676700e+01 1.06149700e+03 1.46532100e+02 1.41977200e-01 1.59561300e-01 3.39938900e+03 1.03752800e-02 8.14279200e-01 4.49331400e-01 7.28976100e+01 6.41271200e+02 8.30475500e+01 1.52908600e+03 8.97881100e+01 1.98059700e+03 9.54257700e+01 2.30453400e+03 2.36539700e+02 5.75571600e+03 4.54609700e-01 7.43689000e-01 4.72547400e-01 6.59086800e-01 4.71007500e-01 6.16738700e-01 4.65966900e-01 5.86804700e-01 2.95818000e-01 3.04922000e-01 1.25336600e+01 3.95724300e+02 1.88802500e+03 9.03914300e-02 9.26576500e-01 6.29508300e+00 1.02692300e+01 2.29628300e+03 7.31205100e+00
1.22694300e-02 1.15887800e+03 2.25752900e-02 1.16864500e-01 1.03855800e+00 4.75508200e-02 3.02521200e+00 9.50870200e-01 9.97124200e-01 6.78448500e+01 6.95660900e-01 3.04339100e-01 1.40085000e-01 9.50404300e-02 7.85798100e-01 7.91460400e-01 4.33500700e-01 5.83647200e-01 9.54009100e-01 1.00203800e+02 2.42451500e+00 6.88629200e+00 2.05983700e+00 1.87297000e+00 1.26993400e+03 5.87606300e+03 2.52360800e+03 8.05343000e+02 2.26074700e+02 9.50870200e-01 2.45471200e-01 2.46798000e-01 2.54871000e+00 1.38338300e+01 1.08939100e+03 1.45089300e+02 1.03872300e+00 1.39680400e+01 1.06020000e+03 1.47695600e+02 1.40382100e-01 1.60214800e-01 3.33216200e+03 1.01701700e-02 8.24733000e-01 4.55134200e-01 7.30283600e+01 6.39514500e+02 8.29749200e+01 1.52692600e+03 8.95931300e+01 1.97912900e+03 9.51344400e+01 2.30391600e+03 2.34466200e+02 5.77760700e+03 4.38515400e-01 7.26816000e-01 4.57856600e-01 6.45031400e-01 4.57318800e-01 6.03960000e-01 4.53056700e-01 5.74878000e-01 2.90144100e-01 2.99434300e-01 8.80128900e+00 3.95753000e+02 1.89632900e+03 3.96565400e-03 1.53969800e+00 3.97787200e+00 1.13510200e+01 2.30088300e+03 5.52153600e+00
1.56186000e-02 1.15618300e+03 2.27696400e-02 1.17205200e-01 1.03940200e+00 4.54285600e-02 3.03534300e+00 9.64857900e-01 9.98459600e-01 6.81634500e+01 6.97347600e-01 3.02652400e-01 1.40620000e-01 9.58514700e-02 7.95031200e-01 7.98538000e-01 4.37377300e-01 5.89685200e-01 9.62960300e-01 1.00465400e+02 2.40853300e+00 6.62994400e+00 2.08081100e+00 1.90008900e+00 1.25084500e+03 5.89064500e+03 2.57049000e+03 8.27486800e+02 2.33790100e+02 9.64857900e-01 2.45543500e-01 2.46870600e-01 2.51428400e+00 1.37903200e+01 1.08918300e+03 1.44850500e+02 1.03955200e+00 1.39339400e+01 1.06065800e+03 1.47389000e+02 1.40848700e-01 1.60074800e-01 3.34495300e+03 1.02091900e-02 8.23591100e-01 4.54412900e-01 7.33468400e+01 6.36613200e+02 8.32909300e+01 1.52041600e+03 8.99101300e+01 1.97096400e+03 9.54535100e+01 2.29463500e+03 2.34969000e+02 5.75921300e+03 4.42554800e-01 7.35525700e-01 4.62499800e-01 6.52948300e-01 4.62156400e-01 6.11450900e-01 4.57981900e-01 5.82056600e-01 2.93832000e-01 3.03320300e-01 8.31858600e+00 3.96079400e+02 1.89219000e+03 5.68837900e-05 1.67729600e+00 3.69375500e+00 1.04074100e+01 2.29658800e+03 5.37110800e+00
1.87606900e-05 1.16408000e+03 2.47660700e-02 1.16326600e-01 1.03802700e+00 5.17555600e-02 3.07574300e+00 9.66558800e-01 9.97761300e-01 6.96868900e+01 7.08133900e-01 2.91866100e-01 1.41737800e-01 9.87726900e-02 7.98719000e-01 7.87816800e-01 4.31505000e-01 5.87070100e-01 9.56794100e-01 1.01362800e+02 2.43507800e+00 6.88934300e+00 2.16659700e+00 1.95354700e+00 1.30107800e+03 6.24984800e+03 2.64239500e+03 8.57417000e+02 2.45582000e+02 9.66558800e-01 2.46329800e-01 2.47659700e-01 2.19188700e+00 1.36262600e+01 1.08688500e+03 1.43548500e+02 1.03797100e+00 1.38297200e+01 1.06500600e+03 1.45454600e+02 1.44234600e-01 1.57495100e-01 3.37167300e+03 1.02907200e-02 8.23223600e-01 4.52700400e-01 7.48037300e+01 6.23447700e+02 8.46498300e+01 1.49155100e+03 9.12203600e+01 1.93525100e+03 9.67308600e+01 2.25446200e+03 2.36266900e+02 5.68921900e+03 4.37488500e-01 7.40020800e-01 4.59889600e-01 6.58144700e-01 4.60820700e-01 6.16822800e-01 4.57507300e-01 5.87485100e-01 2.97005800e-01 3.07118600e-01 2.17674900e+01 3.95569700e+02 1.89390200e+03 2.77533100e-02 2.27128100e+00 3.79246000e+00 1.08296700e+01 2.31124000e+03 6.09149400e+00
2.16233000e-03 1.15699400e+03 2.39396200e-02 1.16005400e-01 1.03977700e+00 5.60763400e-02 3.07445600e+00 9.82187200e-01 1.00220400e+00 6.97015400e+01 7.10618800e-01 2.89381200e-01 1.40590200e-01 9.79935400e-02 8.06944600e-01 7.92534700e-01 4.34089100e-01 5.91849600e-01 9.66546100e-01 1.02059000e+02 2.40046200e+00 7.46002200e+00 2.16381000e+00 1.93424600e+00 1.24347900e+03 6.03237200e+03 2.63286400e+03 8.58990300e+02 2.46010200e+02 9.82187200e-01 2.46024300e-01 2.47353100e-01 2.31722300e+00 1.36558000e+01 1.08773600e+03 1.44263700e+02 1.03980900e+00 1.38740500e+01 1.06321300e+03 1.46422900e+02 1.42671600e-01 1.58711700e-01 3.34424000e+03 1.02070200e-02 8.27322400e-01 4.55479100e-01 7.47774100e+01 6.23489900e+02 8.45514700e+01 1.49225100e+03 9.10777700e+01 1.93655700e+03 9.65530100e+01 2.25631200e+03 2.35397100e+02 5.70119000e+03 4.40316700e-01 7.47899200e-01 4.63497600e-01 6.65440100e-01 4.64738500e-01 6.23782000e-01 4.61599700e-01 5.94189500e-01 3.00509000e-01 3.10864300e-01 1.22731400e+01 3.95885300e+02 1.88799000e+03 9.95975400e-02 2.75631800e+00 4.17927400e+00 1.08047800e+01 2.29614900e+03 7.03518900e+00
5.46379000e-05 1.16143200e+03 2.45335700e-02 1.16260800e-01 1.03979100e+00 5.89081600e-02 3.08573400e+00 9.78551200e-01 9.98266100e-01 7.01190200e+01 7.12327000e-01 2.87673000e-01 1.41439500e-01 9.91759900e-02 8.08698500e-01 7.91909400e-01 4.33746700e-01 5.92258600e-01 9.65758900e-01 1.02176300e+02 2.41957100e+00 7.61261000e+00 2.18835300e+00 1.94513800e+00 1.26509200e+03 6.13390300e+03 2.64290000e+03 8.62564700e+02 2.47759300e+02 9.78551200e-01 2.46229600e-01 2.47559200e-01 2.22606100e+00 1.35970900e+01 1.08712200e+03 1.43742800e+02 1.03975900e+00 1.38246200e+01 1.06451000e+03 1.45718400e+02 1.43807800e-01 1.58020700e-01 3.36454100e+03 1.02689600e-02 8.25272400e-01 4.53976700e-01 7.51938700e+01 6.19916800e+02 8.49753600e+01 1.48410600e+03 9.15092400e+01 1.92625600e+03 9.69920900e+01 2.24453400e+03 2.36167200e+02 5.67641400e+03 4.40116000e-01 7.49698800e-01 4.63718100e-01 6.67236400e-01 4.65165800e-01 6.25548100e-01 4.62162300e-01 5.95923300e-01 3.01452600e-01 3.11929900e-01 1.96295700e+01 3.96347300e+02 1.88911300e+03 1.13447500e-01 2.83966800e+00 4.31241400e+00 1.05088300e+01 2.30509000e+03 7.26553000e+00
1.09964600e-02 1.15897400e+03 2.29582100e-02 1.18009600e-01 1.04134900e+00 4.53402900e-02 3.03967600e+00 9.87396800e-01 1.00111700e+00 6.86908000e+01 6.99872400e-01 3.00127600e-01 1.41613000e-01 9.72750900e-02 8.07401600e-01 8.07573300e-01 4.42326100e-01 5.97607600e-01 9.74182500e-01 1.00951800e+02 2.37139500e+00 6.60247800e+00 2.08984800e+00 1.90867800e+00 1.19802100e+03 5.78866600e+03 2.59884000e+03 8.48067400e+02 2.41861100e+02 9.87396800e-01 2.45629100e-01 2.46956500e-01 2.48031900e+00 1.37170300e+01 1.08903000e+03 1.44496100e+02 1.04147000e+00 1.38742500e+01 1.06115300e+03 1.46965600e+02 1.41434900e-01 1.60097200e-01 3.36868800e+03 1.02816100e-02 8.21308400e-01 4.53130700e-01 7.38676700e+01 6.31946200e+02 8.38155500e+01 1.50986800e+03 9.04410900e+01 1.95768400e+03 9.59915800e+01 2.27949900e+03 2.35878500e+02 5.72827800e+03 4.47799500e-01 7.47219500e-01 4.68605800e-01 6.63605400e-01 4.68551900e-01 6.21545900e-01 4.64515200e-01 5.91737800e-01 2.98814000e-01 3.08582600e-01 9.02036300e+00 3.96458200e+02 1.89677300e+03 8.71286700e-03 2.04033800e+00 3.41962300e+00 1.02275800e+01 2.30225200e+03 5.46867300e+00
2.04010000e-04 1.16084900e+03 2.33926100e-02 1.17757400e-01 1.04038100e+00 5.61686000e-02 3.07675400e+00 9.87372700e-01 1.00185900e+00 6.88153100e+01 7.00572800e-01 2.99427200e-01 1.41795200e-01 9.75767700e-02 8.18827400e-01 8.18045400e-01 4.48061900e-01 6.05710600e-01 9.87074300e-01 1.00853200e+02 2.41288700e+00 7.60955800e+00 2.16878900e+00 1.93834000e+00 1.22321000e+03 5.92301300e+03 2.63794100e+03 8.62052300e+02 2.46873300e+02 9.87372700e-01 2.45824200e-01 2.47152300e-01 2.40624800e+00 1.37009500e+01 1.08849700e+03 1.44229000e+02 1.04046000e+00 1.38620500e+01 1.06210700e+03 1.46556400e+02 1.42172900e-01 1.59406400e-01 3.37304200e+03 1.02949000e-02 8.20970400e-01 4.52606800e-01 7.39921500e+01 6.30831200e+02 8.39373000e+01 1.50737800e+03 9.05621200e+01 1.95457100e+03 9.61125400e+01 2.27596700e+03 2.36054200e+02 5.72146600e+03 4.53651200e-01 7.57867600e-01 4.74914400e-01 6.73143800e-01 4.74947000e-01 6.30513900e-01 4.70913200e-01 6.00297100e-01 3.03166100e-01 3.13111200e-01 1.69946800e+01 3.95989800e+02 1.89262300e+03 4.96338200e-03 1.96545900e+00 3.53870600e+00 1.05808700e+01 2.30560700e+03 5.50912800e+00
9.75118700e-05 1.16023900e+03 2.34921000e-02 1.18440500e-01 1.04011400e+00 5.28693800e-02 3.07210200e+00 9.82592000e-01 1.00127100e+00 6.85662800e+01 6.96729200e-01 3.03270800e-01 1.42577800e-01 9.77602900e-02 8.17172500e-01 8.21615100e-01 4.50017100e-01 6.06417000e-01 9.86866600e-01 1.00291100e+02 2.42333300e+00 7.27386500e+00 2.15872400e+00 1.94211700e+00 1.23556900e+03 5.95290100e+03 2.63713200e+03 8.60397400e+02 2.46292600e+02 9.82592000e-01 2.45862500e-01 2.47190700e-01 2.38967700e+00 1.37017500e+01 1.08844000e+03 1.43977000e+02 1.04018400e+00 1.38414900e+01 1.06237400e+03 1.46268800e+02 1.42551300e-01 1.59219300e-01 3.39175000e+03 1.03519700e-02 8.17656000e-01 4.50804400e-01 7.37882300e+01 6.32851000e+02 8.38093100e+01 1.51127700e+03 9.04787600e+01 1.95901600e+03 9.60637500e+01 2.28064200e+03 2.36576700e+02 5.72229100e+03 4.55295800e-01 7.55942800e-01 4.75650000e-01 6.70998600e-01 4.75219100e-01 6.28322600e-01 4.70875000e-01 5.98097600e-01 3.01892500e-01 3.11615000e-01 1.84710700e+01 3.95689900e+02 1.89048300e+03 2.08882000e-03 1.60798500e+00 3.93828300e+00 1.02861600e+01 2.30464400e+03 5.54835700e+00
2.30295300e-05 1.16841700e+03 2.33673800e-02 1.21436200e-01 1.04076500e+00 6.16680800e-02 3.08814000e+00 9.58141700e-01 1.00369300e+00 6.76361100e+01 6.82054500e-01 3.17945500e-01 1.45448700e-01 9.83758500e-02 8.27523200e-01 8.51914200e-01 4.66612700e-01 6.21395800e-01 1.00621500e+00 9.84955200e+01 2.52083400e+00 8.20770300e+00 2.19362400e+00 1.93909000e+00 1.29252100e+03 5.99466000e+03 2.60347000e+03 8.39345700e+02 2.39022600e+02 9.58141700e-01 2.45814500e-01 2.47142500e-01 2.41048200e+00 1.37071900e+01 1.08883500e+03 1.43308300e+02 1.04083900e+00 1.37685300e+01 1.06229800e+03 1.45625700e+02 1.43166900e-01 1.59374800e-01 3.46037700e+03 1.05613600e-02 8.05692100e-01 4.44686600e-01 7.30248900e+01 6.40530300e+02 8.33289700e+01 1.52606800e+03 9.01638300e+01 1.97587500e+03 9.58766000e+01 2.29837400e+03 2.38480400e+02 5.72620600e+03 4.70753300e-01 7.64023900e-01 4.87992200e-01 6.76532300e-01 4.85783300e-01 6.32825200e-01 4.80177300e-01 6.01963100e-01 3.03241300e-01 3.12350400e-01 2.13574700e+01 3.98394100e+02 1.89622700e+03 1.70222100e-01 6.71532900e-01 7.80501700e+00 1.22093100e+01 2.31597800e+03 8.64677200e+00
2.56553600e-06 1.16727000e+03 2.43273500e-02 1.19692500e-01 1.04125600e+00 4.76686700e-02 3.07588500e+00 9.67457500e-01 1.00053900e+00 6.92218000e+01 6.98090000e-01 3.01910000e-01 1.44664900e-01 1.00139700e-01 8.15849700e-01 8.18442700e-01 4.48279500e-01 6.04755100e-01 9.80592800e-01 1.00403100e+02 2.46094800e+00 6.61468500e+00 2.16690400e+00 1.96985900e+00 1.29663800e+03 6.16838600e+03 2.65892900e+03 8.64154300e+02 2.47763600e+02 9.67457500e-01 2.46149400e-01 2.47478600e-01 2.25707100e+00 1.35892700e+01 1.08761700e+03 1.43024400e+02 1.04123700e+00 1.37360100e+01 1.06432000e+03 1.45045600e+02 1.44430300e-01 1.58354700e-01 3.44164200e+03 1.05042000e-02 8.11994700e-01 4.47288300e-01 7.44696500e+01 6.26964000e+02 8.45466400e+01 1.49754100e+03 9.12554000e+01 1.94142300e+03 9.68743000e+01 2.26033400e+03 2.38345400e+02 5.67513300e+03 4.53649600e-01 7.54854000e-01 4.74271700e-01 6.70180800e-01 4.74002500e-01 6.27618500e-01 4.69776000e-01 5.97465500e-01 3.01613800e-01 3.11397200e-01 2.57466900e+01 3.95828200e+02 1.89731500e+03 5.92102200e-04 1.67729600e+00 3.89897500e+00 1.00741800e+01 2.31889000e+03 5.57686300e+00
1.12096300e-06 1.16840600e+03 2.44669300e-02 1.18418200e-01 1.03975300e+00 4.77414400e-02 3.08547100e+00 9.58940100e-01 1.00561500e+00 6.92767300e+01 7.00932700e-01 2.99067300e-01 1.43530300e-01 9.94331200e-02 8.10631500e-01 8.09370400e-01 4.43310400e-01 5.99467600e-01 9.73934600e-01 1.00609400e+02 2.48060200e+00 6.57806400e+00 2.18777700e+00 1.98854500e+00 1.33687200e+03 6.32336300e+03 2.67900700e+03 8.66222300e+02 2.47671700e+02 9.58940100e-01 2.46202700e-01 2.47532200e-01 2.23600900e+00 1.36145400e+01 1.08736700e+03 1.43241600e+02 1.03971600e+00 1.37769900e+01 1.06451000e+03 1.45228200e+02 1.44314200e-01 1.58010600e-01 3.41452000e+03 1.04214500e-02 8.16007800e-01 4.49229700e-01 7.44799200e+01 6.26675700e+02 8.44813700e+01 1.49753000e+03 9.11442200e+01 1.94185500e+03 9.67267500e+01 2.26120500e+03 2.37504400e+02 5.68532500e+03 4.48873700e-01 7.50314100e-01 4.69997000e-01 6.66470100e-01 4.70068900e-01 6.24277400e-01 4.66102800e-01 5.94368200e-01 3.00172500e-01 3.10041300e-01 2.74026500e+01 3.95727000e+02 1.89297200e+03 2.10404200e-04 1.74777200e+00 3.88858900e+00 1.50730300e+01 2.31610200e+03 5.63657100e+00
7.30930500e-08 1.16842500e+03 2.43092700e-02 1.18861100e-01 1.03958600e+00 6.04844200e-02 3.09859900e+00 9.79974800e-01 1.00136900e+00 6.89288300e+01 6.97306000e-01 3.02694000e-01 1.43815500e-01 9.91303500e-02 8.24745200e-01 8.28440100e-01 4.53755300e-01 6.11745500e-01 9.93389000e-01 1.00140300e+02 2.46057100e+00 7.84454300e+00 2.21668700e+00 1.96412100e+00 1.26392000e+03 6.09817800e+03 2.66174400e+03 8.70037400e+02 2.50453300e+02 9.79974800e-01 2.46142700e-01 2.47472000e-01 2.25982200e+00 1.36371000e+01 1.08756900e+03 1.43248600e+02 1.03956700e+00 1.37796400e+01 1.06420500e+03 1.45280700e+02 1.44159500e-01 1.58149800e-01 3.42133700e+03 1.04422400e-02 8.14225800e-01 4.48415800e-01 7.41675900e+01 6.29573600e+02 8.42248900e+01 1.50358600e+03 9.09193200e+01 1.94913600e+03 9.65256500e+01 2.26921300e+03 2.37619200e+02 5.69521100e+03 4.59128600e-01 7.63004900e-01 4.79798700e-01 6.77329500e-01 4.79431900e-01 6.34276800e-01 4.75094300e-01 6.03781300e-01 3.04777300e-01 3.14622100e-01 3.28630700e+01 3.96931200e+02 1.89087300e+03 6.57033900e-03 1.47275900e+00 4.37639900e+00 1.03274500e+01 2.32066800e+03 5.85572800e+00
3.82752200e-06 1.16538800e+03 2.36819900e-02 1.18248800e-01 1.03975000e+00 5.92238200e-02 3.09366100e+00 9.84265000e-01 1.00485700e+00 6.86688200e+01 6.97638200e-01 3.02361800e-01 1.42575900e-01 9.79052000e-02 8.24714100e-01 8.27954100e-01 4.53489100e-01 6.11554500e-01 9.95230300e-01 1.00333500e+02 2.44407900e+00 7.84759500e+00 2.20576900e+00 1.95938100e+00 1.24599300e+03 6.01831000e+03 2.66135900e+03 8.69439100e+02 2.49498000e+02 9.84265000e-01 2.45939200e-01 2.47267700e-01 2.35854400e+00 1.36927900e+01 1.08821100e+03 1.43881300e+02 1.03979300e+00 1.38374900e+01 1.06279400e+03 1.46112200e+02 1.42847600e-01 1.58935000e-01 3.39170600e+03 1.03518400e-02 8.17903400e-01 4.50784100e-01 7.38834600e+01 6.31970100e+02 8.38930400e+01 1.50939200e+03 9.05562400e+01 1.95671600e+03 9.61366600e+01 2.27808200e+03 2.36605000e+02 5.71843600e+03 4.58887900e-01 7.63012600e-01 4.79636600e-01 6.77377300e-01 4.79312100e-01 6.34338700e-01 4.75003700e-01 6.03851100e-01 3.04834700e-01 3.14694600e-01 2.49465900e+01 3.96579000e+02 1.88986500e+03 1.47446800e-03 1.60798500e+00 3.97417000e+00 1.38026200e+01 2.31139000e+03 5.58362900e+00
9.67930300e-03 1.16189800e+03 2.23609400e-02 1.17061500e-01 1.04170900e+00 5.16849700e-02 3.04430000e+00 9.88449000e-01 1.00229800e+00 6.86541700e+01 7.02830800e-01 2.97169200e-01 1.40067600e-01 9.61622700e-02 8.09167800e-01 8.05341100e-01 4.41103500e-01 5.97433500e-01 9.76573900e-01 1.01528600e+02 2.36881300e+00 7.36846900e+00 2.09953300e+00 1.89334500e+00 1.18598100e+03 5.70923200e+03 2.58104900e+03 8.39444200e+02 2.38270400e+02 9.88449000e-01 2.45391900e-01 2.46718400e-01 2.58718700e+00 1.37621200e+01 1.08967400e+03 1.45202900e+02 1.04189500e+00 1.39364300e+01 1.05970400e+03 1.47884200e+02 1.40025600e-01 1.60987100e-01 3.33174800e+03 1.01689000e-02 8.26706900e-01 4.56403800e-01 7.37813600e+01 6.32470900e+02 8.36372700e+01 1.51184200e+03 9.02061200e+01 1.96072000e+03 9.57112800e+01 2.28342500e+03 2.34688700e+02 5.74671600e+03 4.46804400e-01 7.49158400e-01 4.68320800e-01 6.65665900e-01 4.68624400e-01 6.23617900e-01 4.64825100e-01 5.93799000e-01 2.99987900e-01 3.09934000e-01 9.27553100e+00 3.95756300e+02 1.90179000e+03 4.64515600e-02 2.42950100e+00 3.62534400e+00 1.08724600e+01 2.30682100e+03 6.10129700e+00
7.26552000e-03 1.15487700e+03 2.34730400e-02 1.17849200e-01 1.03983900e+00 4.82411200e-02 3.04600100e+00 9.75007700e-01 9.97677300e-01 6.86688200e+01 6.98928600e-01 3.01071400e-01 1.41967400e-01 9.74873600e-02 8.02004000e-01 8.03434800e-01 4.40059400e-01 5.94078600e-01 9.67824800e-01 1.00561500e+02 2.40159100e+00 6.80084200e+00 2.10310800e+00 1.90967700e+00 1.23482800e+03 5.90884600e+03 2.58971100e+03 8.41334600e+02 2.39838600e+02 9.75007700e-01 2.45855000e-01 2.47183200e-01 2.39283500e+00 1.37091700e+01 1.08841200e+03 1.44143800e+02 1.03991600e+00 1.38611100e+01 1.06229800e+03 1.46444100e+02 1.42347600e-01 1.59221500e-01 3.37716000e+03 1.03074600e-02 8.20025500e-01 4.52042800e-01 7.38620100e+01 6.32060900e+02 8.38339700e+01 1.50991900e+03 9.04741200e+01 1.95760500e+03 9.60361800e+01 2.27928500e+03 2.36142600e+02 5.72511500e+03 4.45409100e-01 7.42131300e-01 4.65872100e-01 6.58983300e-01 4.65709200e-01 6.17173500e-01 4.61624300e-01 5.87548200e-01 2.96658800e-01 3.06314200e-01 9.84923100e+00 3.95809700e+02 1.88772900e+03 8.73404300e-05 1.74777200e+00 3.72703700e+00 1.08909600e+01 2.29338800e+03 5.47489600e+00
1.22814400e-02 1.15430300e+03 2.31605900e-02 1.17713100e-01 1.03989200e+00 4.77986600e-02 3.04198900e+00 9.76161400e-01 9.99185900e-01 6.84710700e+01 6.98143900e-01 3.01856100e-01 1.41518800e-01 9.68994600e-02 8.01648300e-01 8.04124500e-01 4.40437100e-01 5.94201700e-01 9.68791600e-01 1.00531300e+02 2.39527900e+00 6.81304900e+00 2.09468700e+00 1.90371500e+00 1.22581900e+03 5.86018500e+03 2.58305400e+03 8.38462100e+02 2.38548600e+02 9.76161400e-01 2.45727600e-01 2.47055400e-01 2.44534000e+00 1.37385200e+01 1.08876200e+03 1.44418200e+02 1.04000000e+00 1.38863600e+01 1.06157300e+03 1.46823000e+02 1.41728400e-01 1.59626300e-01 3.36643700e+03 1.02747400e-02 8.21140400e-01 4.52856100e-01 7.36646000e+01 6.33809700e+02 8.36304100e+01 1.51391200e+03 9.02652900e+01 1.96266000e+03 9.58223700e+01 2.28507200e+03 2.35744300e+02 5.73747400e+03 4.45713800e-01 7.41726200e-01 4.65999700e-01 6.58539600e-01 4.65747000e-01 6.16723000e-01 4.61602000e-01 5.87097700e-01 2.96403600e-01 3.06013900e-01 8.79933200e+00 3.95865500e+02 1.88837800e+03 2.74185700e-05 1.74777200e+00 3.68175500e+00 1.01338300e+01 2.29304300e+03 5.42955400e+00
1.56552700e-03 1.15692800e+03 2.30208800e-02 1.19283700e-01 1.03904200e+00 4.99980200e-02 3.05794900e+00 9.63974100e-01 1.00249200e+00 6.75152600e+01 6.86397600e-01 3.13602400e-01 1.42949700e-01 9.65128500e-02 8.09541200e-01 8.27690500e-01 4.53344800e-01 6.05806300e-01 9.85230800e-01 9.89510800e+01 2.45752400e+00 7.08770800e+00 2.12838700e+00 1.92585200e+00 1.26648400e+03 5.94433600e+03 2.59695900e+03 8.37605100e+02 2.37685300e+02 9.63974100e-01 2.45660200e-01 2.46987700e-01 2.46928800e+00 1.37850900e+01 1.08906400e+03 1.44119400e+02 1.03915000e+00 1.38689600e+01 1.06138200e+03 1.46561100e+02 1.41912600e-01 1.59619100e-01 3.40064000e+03 1.03791000e-02 8.13904000e-01 4.49172700e-01 7.28225200e+01 6.41996600e+02 8.29851400e+01 1.53060200e+03 8.97327700e+01 1.98242200e+03 9.53757000e+01 2.30654400e+03 2.36555700e+02 5.75831100e+03 4.57774400e-01 7.47849800e-01 4.75615900e-01 6.62678700e-01 4.73963300e-01 6.20060300e-01 4.68823400e-01 5.89940700e-01 2.97365000e-01 3.06477900e-01 1.29190700e+01 3.95662000e+02 1.88671500e+03 1.03277500e-01 8.72797100e-01 6.56198900e+00 1.10217200e+01 2.29529600e+03 7.53806400e+00
1.00194100e-05 1.16318000e+03 2.39740500e-02 1.18352400e-01 1.03875300e+00 4.67259600e-02 3.06543900e+00 9.80392600e-01 9.99337200e-01 6.85406500e+01 6.95664000e-01 3.04336000e-01 1.42971600e-01 9.79936700e-02 8.10183200e-01 8.16017100e-01 4.46951000e-01 6.01757600e-01 9.78608800e-01 9.99120700e+01 2.41883900e+00 6.55975300e+00 2.14438700e+00 1.95306900e+00 1.24955400e+03 6.04396500e+03 2.64940900e+03 8.65045500e+02 2.48117000e+02 9.80392600e-01 2.46033900e-01 2.47362800e-01 2.31178100e+00 1.36933200e+01 1.08789500e+03 1.43632300e+02 1.03877000e+00 1.38271500e+01 1.06344200e+03 1.45770500e+02 1.43410900e-01 1.58429100e-01 3.40116500e+03 1.03807000e-02 8.16239200e-01 4.49681700e-01 7.37794500e+01 6.33002100e+02 8.38275900e+01 1.51138400e+03 9.05134200e+01 1.95898800e+03 9.61113600e+01 2.28047200e+03 2.36868500e+02 5.71890000e+03 4.52092600e-01 7.49370600e-01 4.72036400e-01 6.65046900e-01 4.71483500e-01 6.22700300e-01 4.67090300e-01 5.92715100e-01 2.99130200e-01 3.08716100e-01 2.30219700e+01 3.96035700e+02 1.89110800e+03 1.62042700e-02 1.34256300e+00 4.73720100e+00 1.00980800e+01 2.31016600e+03 6.09596800e+00
3.45442300e-05 1.16156500e+03 2.38940300e-02 1.18804800e-01 1.03935500e+00 6.17695800e-02 3.08503100e+00 9.60033600e-01 9.98683800e-01 6.85186800e+01 6.94675700e-01 3.05324300e-01 1.43343900e-01 9.82173700e-02 8.14264100e-01 8.21458000e-01 4.49931100e-01 6.05279100e-01 9.83695800e-01 9.98587500e+01 2.48693600e+00 8.05206300e+00 2.18681500e+00 1.93267900e+00 1.29455900e+03 6.07827900e+03 2.60364200e+03 8.40700000e+02 2.39753200e+02 9.60033600e-01 2.46011100e-01 2.47339900e-01 2.32445800e+00 1.36854900e+01 1.08802100e+03 1.43577600e+02 1.03937700e+00 1.38138200e+01 1.06329000e+03 1.45739500e+02 1.43394400e-01 1.58600200e-01 3.41006500e+03 1.04078500e-02 8.14895300e-01 4.49057600e-01 7.37699200e+01 6.33156500e+02 8.38437800e+01 1.51151000e+03 9.05451700e+01 1.95899200e+03 9.61554100e+01 2.28034600e+03 2.37143600e+02 5.71575300e+03 4.55033600e-01 7.53042700e-01 4.74850400e-01 6.68192500e-01 4.74173700e-01 6.25598300e-01 4.69675700e-01 5.95444200e-01 3.00465200e-01 3.10047000e-01 2.05465400e+01 3.98043300e+02 1.88814300e+03 1.89328700e-02 1.34256300e+00 4.73096800e+00 1.03049800e+01 2.30673300e+03 6.09246500e+00
8.16160900e-06 1.16223200e+03 2.45123900e-02 1.17645500e-01 1.03907500e+00 5.73395300e-02 3.08615700e+00 9.68711500e-01 9.99419700e-01 6.93573000e+01 7.03139100e-01 2.96860900e-01 1.42803000e-01 9.90443100e-02 8.10371500e-01 8.06120600e-01 4.41530400e-01 5.98166900e-01 9.73056500e-01 1.00832200e+02 2.45552500e+00 7.49054000e+00 2.18927700e+00 1.95207400e+00 1.29054500e+03 6.17487100e+03 2.63943000e+03 8.57539600e+02 2.45846400e+02 9.68711500e-01 2.46221000e-01 2.47550500e-01 2.22921600e+00 1.36266400e+01 1.08725700e+03 1.43403900e+02 1.03903700e+00 1.38016100e+01 1.06454800e+03 1.45380900e+02 1.44172300e-01 1.57884000e-01 3.39713400e+03 1.03684000e-02 8.18719700e-01 4.50583500e-01 7.45317200e+01 6.26081300e+02 8.44793900e+01 1.49664300e+03 9.11098700e+01 1.94105800e+03 9.66669100e+01 2.26056700e+03 2.36977900e+02 5.69008500e+03 4.47246800e-01 7.50301200e-01 4.68860400e-01 6.66712100e-01 4.69200000e-01 6.24610300e-01 4.65419700e-01 5.94751500e-01 3.00463800e-01 3.10447400e-01 2.34321400e+01 3.96243800e+02 1.88900400e+03 3.55748600e-03 1.89191900e+00 3.80593900e+00 1.00816600e+01 2.30868000e+03 5.70141500e+00
2.25920800e-04 1.15961700e+03 2.46609100e-02 1.16174400e-01 1.03838500e+00 4.99234100e-02 3.07096700e+00 9.73318400e-01 1.00053800e+00 6.97747800e+01 7.09397400e-01 2.90602600e-01 1.41480500e-01 9.87176800e-02 7.99089400e-01 7.86474300e-01 4.30769700e-01 5.86705700e-01 9.56634800e-01 1.01595900e+02 2.41406700e+00 6.72760000e+00 2.15627500e+00 1.95137700e+00 1.28053300e+03 6.19778800e+03 2.64631400e+03 8.61538200e+02 2.47062200e+02 9.73318400e-01 2.46283300e-01 2.47613100e-01 2.20724300e+00 1.36255300e+01 1.08698100e+03 1.43667900e+02 1.03834000e+00 1.38363000e+01 1.06477700e+03 1.45605500e+02 1.44006100e-01 1.57669900e-01 3.36552000e+03 1.02719500e-02 8.24335700e-01 4.53361700e-01 7.48766600e+01 6.22750400e+02 8.46974700e+01 1.49018700e+03 9.12530800e+01 1.93368300e+03 9.67520000e+01 2.25280200e+03 2.36097100e+02 5.68872900e+03 4.36846200e-01 7.40493100e-01 4.59533900e-01 6.58709200e-01 4.60616200e-01 6.17412800e-01 4.57406100e-01 5.88085100e-01 2.97363700e-01 3.07551600e-01 1.67906500e+01 3.95668400e+02 1.89039300e+03 4.64187300e-02 2.42950100e+00 3.83138400e+00 1.00741700e+01 2.30285200e+03 6.30730400e+00
1.17698300e-04 1.16458900e+03 2.50837000e-02 1.16428300e-01 1.03797600e+00 4.95982400e-02 3.07722100e+00 9.70379300e-01 1.00361900e+00 6.99029500e+01 7.09077300e-01 2.90922700e-01 1.42157100e-01 9.93720300e-02 7.99447400e-01 7.87259700e-01 4.31199900e-01 5.87130000e-01 9.56185400e-01 1.01423800e+02 2.42814800e+00 6.62689200e+00 2.16980100e+00 1.96489500e+00 1.29958800e+03 6.28987900e+03 2.65981900e+03 8.65742900e+02 2.48698900e+02 9.70379300e-01 2.46476600e-01 2.47807100e-01 2.14643800e+00 1.35965100e+01 1.08657200e+03 1.43280600e+02 1.03788300e+00 1.38050900e+01 1.06569300e+03 1.45092300e+02 1.44815600e-01 1.57143100e-01 3.38169500e+03 1.03213000e-02 8.22249300e-01 4.51963900e-01 7.50184800e+01 6.21596600e+02 8.48670200e+01 1.48734700e+03 9.14406300e+01 1.92994400e+03 9.69544000e+01 2.24840300e+03 2.36648800e+02 5.67665700e+03 4.37259900e-01 7.40790300e-01 4.59884700e-01 6.58934900e-01 4.60927800e-01 6.17607900e-01 4.57688600e-01 5.88260700e-01 2.97434200e-01 3.07609500e-01 1.80947700e+01 3.95685400e+02 1.89713800e+03 3.15197700e-02 2.27128100e+00 3.83363000e+00 1.21233000e+01 2.31091900e+03 6.13643000e+00
5.96348200e-03 1.15855700e+03 2.40577200e-02 1.14712500e-01 1.03917000e+00 4.85896800e-02 3.06200800e+00 9.88587900e-01 1.00363600e+00 7.00677500e+01 7.16028800e-01 2.83971200e-01 1.39415400e-01 9.76852000e-02 7.98097500e-01 7.76483900e-01 4.25297800e-01 5.82605400e-01 9.53447700e-01 1.02746900e+02 2.36115000e+00 6.68487500e+00 2.13704300e+00 1.93913800e+00 1.23204100e+03 6.05486400e+03 2.64836200e+03 8.66712700e+02 2.48481500e+02 9.88587900e-01 2.46058500e-01 2.47387400e-01 2.29864000e+00 1.36561700e+01 1.08750200e+03 1.44509400e+02 1.03917800e+00 1.39061200e+01 1.06336600e+03 1.46639400e+02 1.42511700e-01 1.58523300e-01 3.31615600e+03 1.01213300e-02 8.32402400e-01 4.58004000e-01 7.50736000e+01 6.20647800e+02 8.47368100e+01 1.48674500e+03 9.11973800e+01 1.93027500e+03 9.66214500e+01 2.24970800e+03 2.34606500e+02 5.70050500e+03 4.31857300e-01 7.40252200e-01 4.55951300e-01 6.59258400e-01 4.57822700e-01 6.18250700e-01 4.55167500e-01 5.89085700e-01 2.98163600e-01 3.08714500e-01 1.02442000e+01 3.95922600e+02 1.89006200e+03 2.06157600e-01 3.26523000e+00 5.27064600e+00 1.21430000e+01 2.29622900e+03 8.74203400e+00
1.55936100e-02 1.15606700e+03 2.32700200e-02 1.15768200e-01 1.03928700e+00 4.64966200e-02 3.04259500e+00 9.85680400e-01 1.00227800e+00 6.90606700e+01 7.07124400e-01 2.92875600e-01 1.39683400e-01 9.64662800e-02 7.96905300e-01 7.87386000e-01 4.31269100e-01 5.86242800e-01 9.58939800e-01 1.01670700e+02 2.35929900e+00 6.62994400e+00 2.09595600e+00 1.90983400e+00 1.21102300e+03 5.88444700e+03 2.60418700e+03 8.48896600e+02 2.42010100e+02 9.85680400e-01 2.45775600e-01 2.47103500e-01 2.42688200e+00 1.37368500e+01 1.08847000e+03 1.44840800e+02 1.03937800e+00 1.39353300e+01 1.06168700e+03 1.47219400e+02 1.41377400e-01 1.59460300e-01 3.32256300e+03 1.01408800e-02 8.29056500e-01 4.56871200e-01 7.41451300e+01 6.29060400e+02 8.39330100e+01 1.50472600e+03 9.04630800e+01 1.95217700e+03 9.59388800e+01 2.27404200e+03 2.34513500e+02 5.73556100e+03 4.37200100e-01 7.38237300e-01 4.59326300e-01 6.56443900e-01 4.60132700e-01 6.15180900e-01 4.56741900e-01 5.85891600e-01 2.96170700e-01 3.06198400e-01 8.32178800e+00 3.96222400e+02 1.89038300e+03 5.59209800e-02 2.50994400e+00 3.78314500e+00 1.08578700e+01 2.29492700e+03 6.34901000e+00
1.13252800e-02 1.15676300e+03 2.31222100e-02 1.15871900e-01 1.03934000e+00 5.79742700e-02 3.05659600e+00 9.87221100e-01 9.97409900e-01 6.89178500e+01 7.06002100e-01 2.93997900e-01 1.39639300e-01 9.62363900e-02 8.04048700e-01 7.95964700e-01 4.35967800e-01 5.92063600e-01 9.68537600e-01 1.01554900e+02 2.37486200e+00 7.81097400e+00 2.12550800e+00 1.89280900e+00 1.19811700e+03 5.80826500e+03 2.58126700e+03 8.41471800e+02 2.39933600e+02 9.87221100e-01 2.45709600e-01 2.47037300e-01 2.45185200e+00 1.37505400e+01 1.08865100e+03 1.44927600e+02 1.03944900e+00 1.39427300e+01 1.06134400e+03 1.47356500e+02 1.41132700e-01 1.59652000e-01 3.32150900e+03 1.01376700e-02 8.28879500e-01 4.56893400e-01 7.40117000e+01 6.30274400e+02 8.38122500e+01 1.50736000e+03 9.03490700e+01 1.95541500e+03 9.58297000e+01 2.27766600e+03 2.34438000e+02 5.74144100e+03 4.41865600e-01 7.44741400e-01 4.63945600e-01 6.62100800e-01 4.64626200e-01 6.20429000e-01 4.61112900e-01 5.90856700e-01 2.98635900e-01 3.08690600e-01 8.96143500e+00 3.96262000e+02 1.89103100e+03 4.56936700e-02 2.42950100e+00 3.69551800e+00 1.11011700e+01 2.29625500e+03 6.17071300e+00
1.63520400e-02 1.15563200e+03 2.27746700e-02 1.17864300e-01 1.04017900e+00 4.98703500e-02 3.03473000e+00 9.63490400e-01 9.96261600e-01 6.81927500e+01 6.96179600e-01 3.03820400e-01 1.41284100e-01 9.63455100e-02 7.97301000e-01 8.02361600e-01 4.39471500e-01 5.91938400e-01 9.65502100e-01 1.00386300e+02 2.41485500e+00 7.10601800e+00 2.07953600e+00 1.88213000e+00 1.24244600e+03 5.82639100e+03 2.54368700e+03 8.18688500e+02 2.31327500e+02 9.63490400e-01 2.45545600e-01 2.46872600e-01 2.51337600e+00 1.37695500e+01 1.08923400e+03 1.44674900e+02 1.04032700e+00 1.39066800e+01 1.06069600e+03 1.47209700e+02 1.41044600e-01 1.60165900e-01 3.36082600e+03 1.02576200e-02 8.21309500e-01 4.53240300e-01 7.33976400e+01 6.36257000e+02 8.33797700e+01 1.51928200e+03 9.00224900e+01 1.96930900e+03 9.55847300e+01 2.29255600e+03 2.35484600e+02 5.75068400e+03 4.44572100e-01 7.37509000e-01 4.64316500e-01 6.54580000e-01 4.63834800e-01 6.12925000e-01 4.59554300e-01 5.83426300e-01 2.94473300e-01 3.03930000e-01 8.22680500e+00 3.95639300e+02 1.88976900e+03 5.01890700e-04 1.67729600e+00 3.68768600e+00 1.22639200e+01 2.29363500e+03 5.36548400e+00
1.25610200e-02 1.15709900e+03 2.20317300e-02 1.18845200e-01 1.03961700e+00 4.72169600e-02 3.02529100e+00 9.57024800e-01 9.98631700e-01 6.70465100e+01 6.85173200e-01 3.14826800e-01 1.41522000e-01 9.48855900e-02 7.97551200e-01 8.17022200e-01 4.47501500e-01 5.97415600e-01 9.74025900e-01 9.90795800e+01 2.43275300e+00 6.99005100e+00 2.05999900e+00 1.87436800e+00 1.24434400e+03 5.74964500e+03 2.52414500e+03 8.06882800e+02 2.26382800e+02 9.57024800e-01 2.45254000e-01 2.46580000e-01 2.65017600e+00 1.38657500e+01 1.09024900e+03 1.44989500e+02 1.03984200e+00 1.39434200e+01 1.05905500e+03 1.47777400e+02 1.39884100e-01 1.61069100e-01 3.36651400e+03 1.02749800e-02 8.17761500e-01 4.51935900e-01 7.23413100e+01 6.46353200e+02 8.24674000e+01 1.54070300e+03 8.91889800e+01 1.99531800e+03 9.48093000e+01 2.32139600e+03 2.35336600e+02 5.79214200e+03 4.51745400e-01 7.36660500e-01 4.69063200e-01 6.52640500e-01 4.67299400e-01 6.10617100e-01 4.62143600e-01 5.80924900e-01 2.92784300e-01 3.01703500e-01 8.75431400e+00 3.95753800e+02 1.89268200e+03 8.31333400e-02 9.26576500e-01 5.67070300e+00 1.03273500e+01 2.29719000e+03 6.68041300e+00
9.25058900e-03 1.15547500e+03 2.27499400e-02 1.18678100e-01 1.03901200e+00 5.12956500e-02 3.05122200e+00 9.60547000e-01 1.00222100e+00 6.74932900e+01 6.88117600e-01 3.11882400e-01 1.42073100e-01 9.58898300e-02 8.04850800e-01 8.20635200e-01 4.49480400e-01 6.01468700e-01 9.79681900e-01 9.92272600e+01 2.45220400e+00 7.26776100e+00 2.11411500e+00 1.90798000e+00 1.26405100e+03 5.89977700e+03 2.57204900e+03 8.26662000e+02 2.33690800e+02 9.60547000e-01 2.45535500e-01 2.46862600e-01 2.51783500e+00 1.38106900e+01 1.08933400e+03 1.44482800e+02 1.03915600e+00 1.39038500e+01 1.06073400e+03 1.47018000e+02 1.41226900e-01 1.59991600e-01 3.37968700e+03 1.03151700e-02 8.16893300e-01 4.50929800e-01 7.27730500e+01 6.42306600e+02 8.28832100e+01 1.53176100e+03 8.95986600e+01 1.98419800e+03 9.52159200e+01 2.30883400e+03 2.35883600e+02 5.76881900e+03 4.54013400e-01 7.43688800e-01 4.72141700e-01 6.59180300e-01 4.70702700e-01 6.16865200e-01 4.65731200e-01 5.86949200e-01 2.95929600e-01 3.05072000e-01 9.36613600e+00 3.95744700e+02 1.88826000e+03 6.91781000e-02 9.81866700e-01 5.71084700e+00 1.08173000e+01 2.29337100e+03 6.76189200e+00
1.00536600e-02 1.15603500e+03 2.31115300e-02 1.18998400e-01 1.03937900e+00 5.01698900e-02 3.04924300e+00 9.51691400e-01 1.00077200e+00 6.78045700e+01 6.89491400e-01 3.10508600e-01 1.42755100e-01 9.67944500e-02 8.01280500e-01 8.15193700e-01 4.46500000e-01 5.98140200e-01 9.73094700e-01 9.93582000e+01 2.46711100e+00 7.08465600e+00 2.10993600e+00 1.90850000e+00 1.29048700e+03 5.97482500e+03 2.56539600e+03 8.22280200e+02 2.32408800e+02 9.51691400e-01 2.45704500e-01 2.47032100e-01 2.45367100e+00 1.37642800e+01 1.08892900e+03 1.44123800e+02 1.03949200e+00 1.38648300e+01 1.06157300e+03 1.46536200e+02 1.42000800e-01 1.59567600e-01 3.39598800e+03 1.03649000e-02 8.15261500e-01 4.49821300e-01 7.30872800e+01 6.39444900e+02 8.32046200e+01 1.52527100e+03 8.99269600e+01 1.97600800e+03 9.55509900e+01 2.29948300e+03 2.36491700e+02 5.74927200e+03 4.51110900e-01 7.40525000e-01 4.69465500e-01 6.56524000e-01 4.68194000e-01 6.14440600e-01 4.63354200e-01 5.84680000e-01 2.94834000e-01 3.04005000e-01 9.19963800e+00 3.95655700e+02 1.89052400e+03 5.60057400e-02 1.03858200e+00 5.47223500e+00 1.01232200e+01 2.29537900e+03 6.56682200e+00
9.23946000e-04 1.15781500e+03 2.38171100e-02 1.17887500e-01 1.03979900e+00 5.16767300e-02 3.07120000e+00 9.70344500e-01 1.00430100e+00 6.89288300e+01 7.00390900e-01 2.99609100e-01 1.42349800e-01 9.81200400e-02 8.09331300e-01 8.08803800e-01 4.43000100e-01 5.98776900e-01 9.74823200e-01 1.00678300e+02 2.43938700e+00 7.08160400e+00 2.15677600e+00 1.94499800e+00 1.27389300e+03 6.07434500e+03 2.63250000e+03 8.54119500e+02 2.43908300e+02 9.70344500e-01 2.45987500e-01 2.47316200e-01 2.33673900e+00 1.36761900e+01 1.08802800e+03 1.43871300e+02 1.03983000e+00 1.38360300e+01 1.06306100e+03 1.46061300e+02 1.42990000e-01 1.58793400e-01 3.38630000e+03 1.03353500e-02 8.19294800e-01 4.51408200e-01 7.41161000e+01 6.29790000e+02 8.40831100e+01 1.50484400e+03 9.07221900e+01 1.95125400e+03 9.62844200e+01 2.27208000e+03 2.36508600e+02 5.71114800e+03 4.48513900e-01 7.49058100e-01 4.69486700e-01 6.65296400e-01 4.69495600e-01 6.23153900e-01 4.65492500e-01 5.93283700e-01 2.99611500e-01 3.09432900e-01 1.39737100e+01 3.95642600e+02 1.88748600e+03 9.94553000e-04 1.81943000e+00 3.71967000e+00 1.29872300e+01 2.29710200e+03 5.54009400e+00
4.56879700e-05 1.16244600e+03 2.30932800e-02 1.19066500e-01 1.03848200e+00 5.24585200e-02 3.07212300e+00 9.74907700e-01 1.00373300e+00 6.74639900e+01 6.86238900e-01 3.13761100e-01 1.42804900e-01 9.63418800e-02 8.17105600e-01 8.35635900e-01 4.57696600e-01 6.11544400e-01 9.94814700e-01 9.88606600e+01 2.45203600e+00 7.31964100e+00 2.15876900e+00 1.94375400e+00 1.25026100e+03 5.94973000e+03 2.62950100e+03 8.53081300e+02 2.43164600e+02 9.74907700e-01 2.45695700e-01 2.47023300e-01 2.45678900e+00 1.37933800e+01 1.08895900e+03 1.44120000e+02 1.03859100e+00 1.38764900e+01 1.06153500e+03 1.46538400e+02 1.41987000e-01 1.59448900e-01 3.39717900e+03 1.03685400e-02 8.14290800e-01 4.49307300e-01 7.27720800e+01 6.42451500e+02 8.29312100e+01 1.53165400e+03 8.96763200e+01 1.98376300e+03 9.53170500e+01 2.30808600e+03 2.36431800e+02 5.76178800e+03 4.62141300e-01 7.54824500e-01 4.80119000e-01 6.68844600e-01 4.78435000e-01 6.25823700e-01 4.73236100e-01 5.95420500e-01 3.00123600e-01 3.09314200e-01 1.99873500e+01 3.95729200e+02 1.88902300e+03 1.15892100e-01 8.20176000e-01 6.95833700e+00 1.22575000e+01 2.30474000e+03 7.89440500e+00
7.65653400e-07 1.16774900e+03 2.33312300e-02 1.18775500e-01 1.03838400e+00 5.66981700e-02 3.08520000e+00 9.71193200e-01 1.00162400e+00 6.77313200e+01 6.88826400e-01 3.11173600e-01 1.42751900e-01 9.66877500e-02 8.19210500e-01 8.34327000e-01 4.56979700e-01 6.11851800e-01 9.95407100e-01 9.91292500e+01 2.47118300e+00 7.68585200e+00 2.18718400e+00 1.95271100e+00 1.27015000e+03 6.02685100e+03 2.63892200e+03 8.55060700e+02 2.43901000e+02 9.71193200e-01 2.45800300e-01 2.47128300e-01 2.41656300e+00 1.37708800e+01 1.08865400e+03 1.44013600e+02 1.03847400e+00 1.38678100e+01 1.06203100e+03 1.46356600e+02 1.42348300e-01 1.59143800e-01 3.39591300e+03 1.03646700e-02 8.15104700e-01 4.49553600e-01 7.30192200e+01 6.40089000e+02 8.31446400e+01 1.52664700e+03 8.98713200e+01 1.97768600e+03 9.54985100e+01 2.30135000e+03 2.36468300e+02 5.75210300e+03 4.61641000e-01 7.57028900e-01 4.80255600e-01 6.71082900e-01 4.78876500e-01 6.28036000e-01 4.73874500e-01 5.97598200e-01 3.01323700e-01 3.10665800e-01 2.81650700e+01 3.96392300e+02 1.89318300e+03 8.18934900e-02 9.26576500e-01 6.29881800e+00 1.04496000e+01 2.31774000e+03 7.30728800e+00
1.24628300e-05 1.16379200e+03 2.30708200e-02 1.19229800e-01 1.03859800e+00 5.58799600e-02 3.07911100e+00 9.67192600e-01 1.00280300e+00 6.74273700e+01 6.85588100e-01 3.14411900e-01 1.42945800e-01 9.63845800e-02 8.18331800e-01 8.37757300e-01 4.58858600e-01 6.12779400e-01 9.96578000e-01 9.87946000e+01 2.47755400e+00 7.66754200e+00 2.17390600e+00 1.94403500e+00 1.27172100e+03 5.98812300e+03 2.62298800e+03 8.47393400e+02 2.41023200e+02 9.67192600e-01 2.45684800e-01 2.47012300e-01 2.46064400e+00 1.37930400e+01 1.08899900e+03 1.44095200e+02 1.03870400e+00 1.38726000e+01 1.06149700e+03 1.46520000e+02 1.41990600e-01 1.59489600e-01 3.40054700e+03 1.03788100e-02 8.13712900e-01 4.49025700e-01 7.27409100e+01 6.42775600e+02 8.29132700e+01 1.53226400e+03 8.96661300e+01 1.98444800e+03 9.53128600e+01 2.30879600e+03 2.36527700e+02 5.76171900e+03 4.63269900e-01 7.55889900e-01 4.81121300e-01 6.69714900e-01 4.79354800e-01 6.26607600e-01 4.74093900e-01 5.96147400e-01 3.00462900e-01 3.09634700e-01 2.25855200e+01 3.96323900e+02 1.88935400e+03 1.25599500e-01 7.68898900e-01 7.14120800e+00 1.12845200e+01 2.30826400e+03 8.03570700e+00
3.44954100e-03 1.15893200e+03 2.28923500e-02 1.17280700e-01 1.03831300e+00 5.75070100e-02 3.07130400e+00 9.65206400e-01 1.00480100e+00 6.78741500e+01 6.94331900e-01 3.05668100e-01 1.40818200e-01 9.55791800e-02 8.08314300e-01 8.15914600e-01 4.46894800e-01 6.01025400e-01 9.81133400e-01 9.99341100e+01 2.45450000e+00 7.83538800e+00 2.15700100e+00 1.92265100e+00 1.26814600e+03 5.96730100e+03 2.59854000e+03 8.36814700e+02 2.37082100e+02 9.65206400e-01 2.45597400e-01 2.46924700e-01 2.49211200e+00 1.38110000e+01 1.08904300e+03 1.44736300e+02 1.03844500e+00 1.39377900e+01 1.06092500e+03 1.47234400e+02 1.41103100e-01 1.59742100e-01 3.34969000e+03 1.02236500e-02 8.22199200e-01 4.53568800e-01 7.30817100e+01 6.39144000e+02 8.30707600e+01 1.52571900e+03 8.97152100e+01 1.97735400e+03 9.52775200e+01 2.30167500e+03 2.35035700e+02 5.76823300e+03 4.51947200e-01 7.47508400e-01 4.71545400e-01 6.63247600e-01 4.70834300e-01 6.20954700e-01 4.66342000e-01 5.91016000e-01 2.98233100e-01 3.07721800e-01 1.13390300e+01 3.96642500e+02 1.89029700e+03 1.43923200e-02 1.40705700e+00 4.44740400e+00 1.37159300e+01 2.29827800e+03 5.86885400e+00
9.86465100e-03 1.16036600e+03 2.39585400e-02 1.14521200e-01 1.03850700e+00 4.69241200e-02 3.03876600e+00 9.60857300e-01 1.00221300e+00 6.98297100e+01 7.14685100e-01 2.85314900e-01 1.39124900e-01 9.71505300e-02 7.79651000e-01 7.60329500e-01 4.16449600e-01 5.69811700e-01 9.32996800e-01 1.02508600e+02 2.38833700e+00 6.53228800e+00 2.08794600e+00 1.90090900e+00 1.28008300e+03 6.09007800e+03 2.57517000e+03 8.29975100e+02 2.35470900e+02 9.60857300e-01 2.46029600e-01 2.47358400e-01 2.31423100e+00 1.36849000e+01 1.08759300e+03 1.44636100e+02 1.03852600e+00 1.39270600e+01 1.06313700e+03 1.46797900e+02 1.42276600e-01 1.58546600e-01 3.30921300e+03 1.01001500e-02 8.32894500e-01 4.58316500e-01 7.48402400e+01 6.22679800e+02 8.45111100e+01 1.49128400e+03 9.09747000e+01 1.93594800e+03 9.64003000e+01 2.25613800e+03 2.34312600e+02 5.71271600e+03 4.22776700e-01 7.23006300e-01 4.46027300e-01 6.43745800e-01 4.47696700e-01 6.03637900e-01 4.44991800e-01 5.75121400e-01 2.91039400e-01 3.01268400e-01 9.23759500e+00 3.95928100e+02 1.89669500e+03 1.63153300e-01 3.09335200e+00 4.80290000e+00 1.08114400e+01 2.30186100e+03 8.05940500e+00
1.45417700e-03 1.15964500e+03 2.33404400e-02 1.17156500e-01 1.04094300e+00 5.95690100e-02 3.07463400e+00 9.82252400e-01 9.99376700e-01 6.91778600e+01 7.05067700e-01 2.94932300e-01 1.41142100e-01 9.76390700e-02 8.14903600e-01 8.07991500e-01 4.42555200e-01 6.00532900e-01 9.79766800e-01 1.01533500e+02 2.41315900e+00 7.93914800e+00 2.16419700e+00 1.92112500e+00 1.22869800e+03 5.90972700e+03 2.61282200e+03 8.50978200e+02 2.43065100e+02 9.82252400e-01 2.45804000e-01 2.47132000e-01 2.41501200e+00 1.36869100e+01 1.08850800e+03 1.44424500e+02 1.04102500e+00 1.38733000e+01 1.06195400e+03 1.46771600e+02 1.41905400e-01 1.59577300e-01 3.35743200e+03 1.02472700e-02 8.24117600e-01 4.54295000e-01 7.43054400e+01 6.27850600e+02 8.41706500e+01 1.50133500e+03 9.07491300e+01 1.94744900e+03 9.62640000e+01 2.26826200e+03 2.35662500e+02 5.71499300e+03 4.48462900e-01 7.54696600e-01 4.70628200e-01 6.70840300e-01 4.71202600e-01 6.28571600e-01 4.67562100e-01 5.98581900e-01 3.02490600e-01 3.12632000e-01 1.30666300e+01 3.96727800e+02 1.89327100e+03 4.44561600e-02 2.42950100e+00 3.66082300e+00 1.00899400e+01 2.30306600e+03 6.13478100e+00
7.20541600e-03 1.15781200e+03 2.27801400e-02 1.16998300e-01 1.03993000e+00 4.99033000e-02 3.04993000e+00 9.82759700e-01 9.99842100e-01 6.84271200e+01 7.00095300e-01 2.99904700e-01 1.40423500e-01 9.60877900e-02 8.06027900e-01 8.05899900e-01 4.41409500e-01 5.96480000e-01 9.74396900e-01 1.00884500e+02 2.38756700e+00 7.09381100e+00 2.11138700e+00 1.91083100e+00 1.21304000e+03 5.83046700e+03 2.59961100e+03 8.44750400e+02 2.40135300e+02 9.82759700e-01 2.45547800e-01 2.46874900e-01 2.51239000e+00 1.37727000e+01 1.08915300e+03 1.44896500e+02 1.04007200e+00 1.39313800e+01 1.06065800e+03 1.47433400e+02 1.40810400e-01 1.60147800e-01 3.34025500e+03 1.01948600e-02 8.24900400e-01 4.55099400e-01 7.35804600e+01 6.34396900e+02 8.34837000e+01 1.51577700e+03 9.00798500e+01 1.96538100e+03 9.56058800e+01 2.28849000e+03 2.34894000e+02 5.75150700e+03 4.46896900e-01 7.45971900e-01 4.67718600e-01 6.62523900e-01 4.67692000e-01 6.20544300e-01 4.63680700e-01 5.90791300e-01 2.98353200e-01 3.08113800e-01 9.86584400e+00 3.95724900e+02 1.89455300e+03 6.05348000e-03 1.96545900e+00 3.47629100e+00 1.00317600e+01 2.30014400e+03 5.44780400e+00
1.24825900e-02 1.15590500e+03 2.24149900e-02 1.17680600e-01 1.04041500e+00 4.99491400e-02 3.03707900e+00 9.75611900e-01 1.00036000e+00 6.80426000e+01 6.96010900e-01 3.03989100e-01 1.40740800e-01 9.57636700e-02 8.03049700e-01 8.08371200e-01 4.42763100e-01 5.96289200e-01 9.73535900e-01 1.00471100e+02 2.39404800e+00 7.18536400e+00 2.08442700e+00 1.88625900e+00 1.21129200e+03 5.74642800e+03 2.55894700e+03 8.27250400e+02 2.34012100e+02 9.75611900e-01 2.45413100e-01 2.46739700e-01 2.57714400e+00 1.37978800e+01 1.08966100e+03 1.44999000e+02 1.04060300e+00 1.39341400e+01 1.05985600e+03 1.47659100e+02 1.40304200e-01 1.60693700e-01 3.34783800e+03 1.02180000e-02 8.22869600e-01 4.54330800e-01 7.32377000e+01 6.37659500e+02 8.32028700e+01 1.52258800e+03 8.98340300e+01 1.97356500e+03 9.53864500e+01 2.29748700e+03 2.35025900e+02 5.76254100e+03 4.47898200e-01 7.42809500e-01 4.67746000e-01 6.59265500e-01 4.67239900e-01 6.17304600e-01 4.62914200e-01 5.87590400e-01 2.96572000e-01 3.06086200e-01 8.76684100e+00 3.95756000e+02 1.89195100e+03 1.20600400e-05 1.74777200e+00 3.54052500e+00 1.00485200e+01 2.29647300e+03 5.28830800e+00
1.30724800e-02 1.15752100e+03 2.23195000e-02 1.17234300e-01 1.03854800e+00 5.43044000e-02 3.03970000e+00 9.81692000e-01 9.98414900e-01 6.75006100e+01 6.92298600e-01 3.07701400e-01 1.40199000e-01 9.46351600e-02 8.03115600e-01 8.13358700e-01 4.45494900e-01 5.98150400e-01 9.77516700e-01 9.98223300e+01 2.38664300e+00 7.64312700e+00 2.08989700e+00 1.87480700e+00 1.18865100e+03 5.68155800e+03 2.54764600e+03 8.25515400e+02 2.33798800e+02 9.81692000e-01 2.45375200e-01 2.46701600e-01 2.59502600e+00 1.38618200e+01 1.08974000e+03 1.45189500e+02 1.03873600e+00 1.39775100e+01 1.05962800e+03 1.47883600e+02 1.39993900e-01 1.60550200e-01 3.33488700e+03 1.01784800e-02 8.23500800e-01 4.54686900e-01 7.27104800e+01 6.42556900e+02 8.27029200e+01 1.53336600e+03 8.93464800e+01 1.98693600e+03 9.49065800e+01 2.31256000e+03 2.34453400e+02 5.78970900e+03 4.50375100e-01 7.42497700e-01 4.69391900e-01 6.58578200e-01 4.68444000e-01 6.16490200e-01 4.63815700e-01 5.86709300e-01 2.95983500e-01 3.05306300e-01 8.67449200e+00 3.95963600e+02 1.89418000e+03 1.98373100e-02 1.34256300e+00 4.43173800e+00 1.04297700e+01 2.29881800e+03 5.79413900e+00
2.38946200e-03 1.15864300e+03 2.31476900e-02 1.17626300e-01 1.03983700e+00 4.91512500e-02 3.05386200e+00 9.93160500e-01 1.00056700e+00 6.84747300e+01 6.98388700e-01 3.01611300e-01 1.41419200e-01 9.68364100e-02 8.11412900e-01 8.13589100e-01 4.45621100e-01 6.01317500e-01 9.80565800e-01 1.00562300e+02 2.37618600e+00 6.95343000e+00 2.11970600e+00 1.92124800e+00 1.19357500e+03 5.82096300e+03 2.62018300e+03 8.58085200e+02 2.45537000e+02 9.93160500e-01 2.45721600e-01 2.47049300e-01 2.44752400e+00 1.37412300e+01 1.08877000e+03 1.44450500e+02 1.03994100e+00 1.38902600e+01 1.06153500e+03 1.46860400e+02 1.41679500e-01 1.59636600e-01 3.36405500e+03 1.02674800e-02 8.21491200e-01 4.53046600e-01 7.36610800e+01 6.33824700e+02 8.36207100e+01 1.51400000e+03 9.02518000e+01 1.96280700e+03 9.58058700e+01 2.28527100e+03 2.35668400e+02 5.73857700e+03 4.51003500e-01 7.50782700e-01 4.71584400e-01 6.66604600e-01 4.71354100e-01 6.24286100e-01 4.67176100e-01 5.94303700e-01 3.00051800e-01 3.09789700e-01 1.20733700e+01 3.95913500e+02 1.89380500e+03 1.08945500e-04 1.74777200e+00 3.66727600e+00 1.00792600e+01 2.30179200e+03 5.41515600e+00
2.15446500e-04 1.15977500e+03 2.37475300e-02 1.17050400e-01 1.03883100e+00 6.33156500e-02 3.08221700e+00 9.81409900e-01 9.98193100e-01 6.88409400e+01 7.01538700e-01 2.98461300e-01 1.41443100e-01 9.73707300e-02 8.13680600e-01 8.11591200e-01 4.44526800e-01 6.01417400e-01 9.80687400e-01 1.00754200e+02 2.42573400e+00 8.19854700e+00 2.18066900e+00 1.92129700e+00 1.23396100e+03 5.95306200e+03 2.61037900e+03 8.51067000e+02 2.43732200e+02 9.81409900e-01 2.45963900e-01 2.47292500e-01 2.34793100e+00 1.37083100e+01 1.08803800e+03 1.44140000e+02 1.03886800e+00 1.38747200e+01 1.06283200e+03 1.46358000e+02 1.42624300e-01 1.58756700e-01 3.36462600e+03 1.02692200e-02 8.22271900e-01 4.52979600e-01 7.40024700e+01 6.30674700e+02 8.39231700e+01 1.50723400e+03 9.05331800e+01 1.95453700e+03 9.60718900e+01 2.27605300e+03 2.35793200e+02 5.72441700e+03 4.50162600e-01 7.53201700e-01 4.71506300e-01 6.69108200e-01 4.71653900e-01 6.26779500e-01 4.67724700e-01 5.96770000e-01 3.01427000e-01 3.11359700e-01 1.68856000e+01 3.97868100e+02 1.88861300e+03 2.08961900e-03 1.89191900e+00 3.73956500e+00 1.05501700e+01 2.30336700e+03 5.63357300e+00
1.52030200e-02 1.15838100e+03 2.26023600e-02 1.16596100e-01 1.04009400e+00 5.96004400e-02 3.05314300e+00 9.55291800e-01 1.00083100e+00 6.84783900e+01 7.01781000e-01 2.98219000e-01 1.39843600e-01 9.57626200e-02 7.98411600e-01 7.96038200e-01 4.36008100e-01 5.90011800e-01 9.64828400e-01 1.01168500e+02 2.44266300e+00 8.09783900e+00 2.11818000e+00 1.88015900e+00 1.26893000e+03 5.88313500e+03 2.53767000e+03 8.11537300e+02 2.28332900e+02 9.55291800e-01 2.45480800e-01 2.46807600e-01 2.54397900e+00 1.37838500e+01 1.08933300e+03 1.45139000e+02 1.04025600e+00 1.39522300e+01 1.06023800e+03 1.47737800e+02 1.40357200e-01 1.60424700e-01 3.32639200e+03 1.01525600e-02 8.27099400e-01 4.56383700e-01 7.36098900e+01 6.34020000e+02 8.34711900e+01 1.51529000e+03 9.00420100e+01 1.96502400e+03 9.55480700e+01 2.28829800e+03 2.34465700e+02 5.75593800e+03 4.41556300e-01 7.39094400e-01 4.62556600e-01 6.56606100e-01 4.62732000e-01 6.15081100e-01 4.58897600e-01 5.85639800e-01 2.95824200e-01 3.05581100e-01 8.37252200e+00 3.97473300e+02 1.89509900e+03 1.89921700e-02 2.19351700e+00 3.46592900e+00 1.01382100e+01 2.30094400e+03 5.67843900e+00
2.70295800e-03 1.15670000e+03 2.41096300e-02 1.16234200e-01 1.03873400e+00 4.99012000e-02 3.06139100e+00 9.61206900e-01 9.99937400e-01 6.94085700e+01 7.07343000e-01 2.92657000e-01 1.40989000e-01 9.78584300e-02 7.94451100e-01 7.84668100e-01 4.29780400e-01 5.84328300e-01 9.53587600e-01 1.01461000e+02 2.43015400e+00 6.82525600e+00 2.13572400e+00 1.93286500e+00 1.29717600e+03 6.15836600e+03 2.61284400e+03 8.43614200e+02 2.40178500e+02 9.61206900e-01 2.46074700e-01 2.47403600e-01 2.29054600e+00 1.36709900e+01 1.08757100e+03 1.44073900e+02 1.03873800e+00 1.38700900e+01 1.06359500e+03 1.46179400e+02 1.43045200e-01 1.58342400e-01 3.35377200e+03 1.02361000e-02 8.25207600e-01 4.54229600e-01 7.45137800e+01 6.25933100e+02 8.43445900e+01 1.49729600e+03 9.09036200e+01 1.94257100e+03 9.64038500e+01 2.26288000e+03 2.35613300e+02 5.70802300e+03 4.35707400e-01 7.35983200e-01 4.57808900e-01 6.54460800e-01 4.58636700e-01 6.13331100e-01 4.55272900e-01 5.84135200e-01 2.95282200e-01 3.05293600e-01 1.18268200e+01 3.95604800e+02 1.88983000e+03 3.56761600e-02 2.34993600e+00 3.72439300e+00 1.00284100e+01 2.29726200e+03 6.11000500e+00
8.50069800e-03 1.15620000e+03 2.34687100e-02 1.17925000e-01 1.04074500e+00 5.54790500e-02 3.05798600e+00 9.70962300e-01 9.98087100e-01 6.89434800e+01 7.01172400e-01 2.98827600e-01 1.42038800e-01 9.79265100e-02 8.06641100e-01 8.05063300e-01 4.40951300e-01 5.96397100e-01 9.71479700e-01 1.00952900e+02 2.42237300e+00 7.53021200e+00 2.12846600e+00 1.90492600e+00 1.24505000e+03 5.91433200e+03 2.57994900e+03 8.36284500e+02 2.38215800e+02 9.70962300e-01 2.45853300e-01 2.47181500e-01 2.39355500e+00 1.36832600e+01 1.08842600e+03 1.44127400e+02 1.04081300e+00 1.38475800e+01 1.06229800e+03 1.46428500e+02 1.42362400e-01 1.59360500e-01 3.37886700e+03 1.03126700e-02 8.20412000e-01 4.52269300e-01 7.41188000e+01 6.29711000e+02 8.40650100e+01 1.50484300e+03 9.06914500e+01 1.95137800e+03 9.62436600e+01 2.27232600e+03 2.36276500e+02 5.71399800e+03 4.46507100e-01 7.46647600e-01 4.67584000e-01 6.63243700e-01 4.67686200e-01 6.21268300e-01 4.63760700e-01 5.91511500e-01 2.98750700e-01 3.08580300e-01 9.53521400e+00 3.96020100e+02 1.89067300e+03 8.25432300e-03 2.04033800e+00 3.51039300e+00 1.06132400e+01 2.29622800e+03 5.55898500e+00
1.69370500e-02 1.15539600e+03 2.32369600e-02 1.17541100e-01 1.04057000e+00 5.28658900e-02 3.04812000e+00 9.61631200e-01 9.98802300e-01 6.88262900e+01 7.01453500e-01 2.98546500e-01 1.41423200e-01 9.73363600e-02 7.99297800e-01 7.97359100e-01 4.36731600e-01 5.90828700e-01 9.63455000e-01 1.01026900e+02 2.42728900e+00 7.31353800e+00 2.10756800e+00 1.89610700e+00 1.26260700e+03 5.92839200e+03 2.56200400e+03 8.25322000e+02 2.33862600e+02 9.61631200e-01 2.45761700e-01 2.47089600e-01 2.43245800e+00 1.37101400e+01 1.08865900e+03 1.44404200e+02 1.04066200e+00 1.38761900e+01 1.06172600e+03 1.46785400e+02 1.41821800e-01 1.59638200e-01 3.36415200e+03 1.02677700e-02 8.22300600e-01 4.53418900e-01 7.39881400e+01 6.30802900e+02 8.39092300e+01 1.50752000e+03 9.05193600e+01 1.95489400e+03 9.60581200e+01 2.27645700e+03 2.35773800e+02 5.72519000e+03 4.42260200e-01 7.39879200e-01 4.63207600e-01 6.57263400e-01 4.63342400e-01 6.15680000e-01 4.59475700e-01 5.86199300e-01 2.96082400e-01 3.05836300e-01 8.15650300e+00 3.95754400e+02 1.89108500e+03 1.13789500e-02 2.04033800e+00 3.48796900e+00 1.02573000e+01 2.29499600e+03 5.53968600e+00
4.58733300e-04 1.15966300e+03 2.39037200e-02 1.18533300e-01 1.03935100e+00 4.68455500e-02 3.05119100e+00 9.67895700e-01 9.94708000e-01 6.86212200e+01 6.96143300e-01 3.03856700e-01 1.43082200e-01 9.81847500e-02 8.02032100e-01 8.07170900e-01 4.42105700e-01 5.95468700e-01 9.68194300e-01 1.00049700e+02 2.42676800e+00 6.58721900e+00 2.11405000e+00 1.92497800e+00 1.26420600e+03 6.01707300e+03 2.60192500e+03 8.43924400e+02 2.40881300e+02 9.67895700e-01 2.46014000e-01 2.47342700e-01 2.32291800e+00 1.36835000e+01 1.08798600e+03 1.43639700e+02 1.03937300e+00 1.38198500e+01 1.06329000e+03 1.45799900e+02 1.43333600e-01 1.58598300e-01 3.40380800e+03 1.03887600e-02 8.16036700e-01 4.49642900e-01 7.38559400e+01 6.32313700e+02 8.39022100e+01 1.50985000e+03 9.05875100e+01 1.95707200e+03 9.61853400e+01 2.27830200e+03 2.36974900e+02 5.71474200e+03 4.47245200e-01 7.41876600e-01 4.67089400e-01 6.58446300e-01 4.66595800e-01 6.16540800e-01 4.62283800e-01 5.86865100e-01 2.96194700e-01 3.05708100e-01 1.53740800e+01 3.95879100e+02 1.88771900e+03 9.70174800e-03 1.40705700e+00 4.42832200e+00 1.45086700e+01 2.29897200e+03 5.84508100e+00
1.43916900e-02 1.15531200e+03 2.30877600e-02 1.18553500e-01 1.04056800e+00 4.77535000e-02 3.03958600e+00 9.61214700e-01 9.97811000e-01 6.83392300e+01 6.95334500e-01 3.04665500e-01 1.42286400e-01 9.72374600e-02 7.99927400e-01 8.06123500e-01 4.41532100e-01 5.94300900e-01 9.67643800e-01 1.00241300e+02 2.42870400e+00 6.83441200e+00 2.08965800e+00 1.89931500e+00 1.25997500e+03 5.90223800e+03 2.56334100e+03 8.25632600e+02 2.33818800e+02 9.61214700e-01 2.45693000e-01 2.47020600e-01 2.45773600e+00 1.37293800e+01 1.08891900e+03 1.44256600e+02 1.04068300e+00 1.38617300e+01 1.06145900e+03 1.46681900e+02 1.41830300e-01 1.59795200e-01 3.38478600e+03 1.03307300e-02 8.18142000e-01 4.51367200e-01 7.35692500e+01 6.34833700e+02 8.35972800e+01 1.51568000e+03 9.02692500e+01 1.96450600e+03 9.58553500e+01 2.28685500e+03 2.36290300e+02 5.73400500e+03 4.46579200e-01 7.39853600e-01 4.66200900e-01 6.56566700e-01 4.65617800e-01 6.14745900e-01 4.61254800e-01 5.85135000e-01 2.95295600e-01 3.04742800e-01 8.48220800e+00 3.95760100e+02 1.89019600e+03 2.78262500e-03 1.53969800e+00 3.84923200e+00 1.07944200e+01 2.29443900e+03 5.39171300e+00
1.69421900e-02 1.15517600e+03 2.36308000e-02 1.16597700e-01 1.04017000e+00 5.06404300e-02 3.05009500e+00 9.67083200e-01 1.00108300e+00 6.93609600e+01 7.07180800e-01 2.92819200e-01 1.40873700e-01 9.77113300e-02 7.96340800e-01 7.86752500e-01 4.30922100e-01 5.85799300e-01 9.56183900e-01 1.01684800e+02 2.40782300e+00 6.99615500e+00 2.11173500e+00 1.90833100e+00 1.26126500e+03 5.99495900e+03 2.58544800e+03 8.36218000e+02 2.37783600e+02 9.67083200e-01 2.45918700e-01 2.47247100e-01 2.36687800e+00 1.36779400e+01 1.08812900e+03 1.44346800e+02 1.04023000e+00 1.38764300e+01 1.06256500e+03 1.46602300e+02 1.42280000e-01 1.59121200e-01 3.35101500e+03 1.02276900e-02 8.25508600e-01 4.54780100e-01 7.44688200e+01 6.26320500e+02 8.42972900e+01 1.49819100e+03 9.08545700e+01 1.94371100e+03 9.63532300e+01 2.26419000e+03 2.35512400e+02 5.71094400e+03 4.36832100e-01 7.37720800e-01 4.58957800e-01 6.55991300e-01 4.59772100e-01 6.14759400e-01 4.56389600e-01 5.85491700e-01 2.95963500e-01 3.05991200e-01 8.15589700e+00 3.95601100e+02 1.89001700e+03 5.76967700e-02 2.50994400e+00 3.79609900e+00 1.02156100e+01 2.29377400e+03 6.36373900e+00
2.10782700e-06 1.16538200e+03 2.43852000e-02 1.17997900e-01 1.03882100e+00 5.32453500e-02 3.08123100e+00 9.58584200e-01 9.98731700e-01 6.90387000e+01 6.99920200e-01 3.00079800e-01 1.43028300e-01 9.87448600e-02 8.06859800e-01 8.06967100e-01 4.41994100e-01 5.97182800e-01 9.71072800e-01 1.00397900e+02 2.47504300e+00 7.12738000e+00 2.17852000e+00 1.95845300e+00 1.31919500e+03 6.23356100e+03 2.63885500e+03 8.52529400e+02 2.43494000e+02 9.58584200e-01 2.46171000e-01 2.47500300e-01 2.24830500e+00 1.36482400e+01 1.08741800e+03 1.43410700e+02 1.03880400e+00 1.38053700e+01 1.06432000e+03 1.45422700e+02 1.44046800e-01 1.57978600e-01 3.40251900e+03 1.03848300e-02 8.17202000e-01 4.49883700e-01 7.42443600e+01 6.28734100e+02 8.42407800e+01 1.50221300e+03 9.08987700e+01 1.94777200e+03 9.64765000e+01 2.26796700e+03 2.37056000e+02 5.69953200e+03 4.47437600e-01 7.46724400e-01 4.68245600e-01 6.63172100e-01 4.68200500e-01 6.21142500e-01 4.64172500e-01 5.91355200e-01 2.98614700e-01 3.08383600e-01 2.61397100e+01 3.95771300e+02 1.89280600e+03 8.46171700e-04 1.60798500e+00 4.15398600e+00 1.02851700e+01 2.31471700e+03 5.76281700e+00
1.01826600e-02 1.15927400e+03 2.29748900e-02 1.15604400e-01 1.03778600e+00 5.92327200e-02 3.05804600e+00 9.84417400e-01 9.97622500e-01 6.83685300e+01 7.02146200e-01 2.97853800e-01 1.39224500e-01 9.51857200e-02 8.02092000e-01 7.99217700e-01 4.37749600e-01 5.92549900e-01 9.70054300e-01 1.00905600e+02 2.38442600e+00 7.95745800e+00 2.12859300e+00 1.89079200e+00 1.20277200e+03 5.81141900e+03 2.57543300e+03 8.37393700e+02 2.38344700e+02 9.84417400e-01 2.45637400e-01 2.46964800e-01 2.47735900e+00 1.38104900e+01 1.08879900e+03 1.45111800e+02 1.03791700e+00 1.39810700e+01 1.06100100e+03 1.47590700e+02 1.40780300e-01 1.59612700e-01 3.31159300e+03 1.01074100e-02 8.29081000e-01 4.57071500e-01 7.34880300e+01 6.35043400e+02 8.33226200e+01 1.51783000e+03 8.98762500e+01 1.96837900e+03 9.53681700e+01 2.29225700e+03 2.33959500e+02 5.76701300e+03 4.43340900e-01 7.42541200e-01 4.64524200e-01 6.59712800e-01 4.64746800e-01 6.18010200e-01 4.60926600e-01 5.88440400e-01 2.97260000e-01 3.07080600e-01 9.17413800e+00 3.96619800e+02 1.89622500e+03 6.26201900e-03 1.96545900e+00 3.62558800e+00 1.09321500e+01 2.30201900e+03 5.59731000e+00
1.09585200e-02 1.15775200e+03 2.33900500e-02 1.16389800e-01 1.03776300e+00 5.66063900e-02 3.05286600e+00 9.71083400e-01 9.96130600e-01 6.84198000e+01 7.00027900e-01 2.99972100e-01 1.40425000e-01 9.60785000e-02 7.96933100e-01 7.96896000e-01 4.36477900e-01 5.89782800e-01 9.63454000e-01 1.00524000e+02 2.40931900e+00 7.62481700e+00 2.11759500e+00 1.89092900e+00 1.23758600e+03 5.90213300e+03 2.56320100e+03 8.29563400e+02 2.35877000e+02 9.71083400e-01 2.45823200e-01 2.47151300e-01 2.40667800e+00 1.37731000e+01 1.08838500e+03 1.44585900e+02 1.03784400e+00 1.39313700e+01 1.06199300e+03 1.46922400e+02 1.41777600e-01 1.59055400e-01 3.34029000e+03 1.01949700e-02 8.24892500e-01 4.54579900e-01 7.35759700e+01 6.34438900e+02 8.34798400e+01 1.51586600e+03 9.00763400e+01 1.96549000e+03 9.56026300e+01 2.28861000e+03 2.34893700e+02 5.75167800e+03 4.41884000e-01 7.37550000e-01 4.62460700e-01 6.55038800e-01 4.62428900e-01 6.13531200e-01 4.58459200e-01 5.84113200e-01 2.94979100e-01 3.04626600e-01 9.02727600e+00 3.96144000e+02 1.89224200e+03 2.52969300e-06 1.74777200e+00 3.92050100e+00 1.24233300e+01 2.29741300e+03 5.66827600e+00
4.17795700e-07 1.16908800e+03 2.41633600e-02 1.17842000e-01 1.03753800e+00 6.62137000e-02 3.10120000e+00 9.71239900e-01 1.00023700e+00 6.84710700e+01 6.95730100e-01 3.04269900e-01 1.42650500e-01 9.76743000e-02 8.18150300e-01 8.23952100e-01 4.51297100e-01 6.07642100e-01 9.88734100e-01 9.97625800e+01 2.47778200e+00 8.38165300e+00 2.22246000e+00 1.94680100e+00 1.27853800e+03 6.10727800e+03 2.63195500e+03 8.54933600e+02 2.45098100e+02 9.71239900e-01 2.46092100e-01 2.47421100e-01 2.28221300e+00 1.37083800e+01 1.08764500e+03 1.43619100e+02 1.03753200e+00 1.38423800e+01 1.06382400e+03 1.45700300e+02 1.43605900e-01 1.58039900e-01 3.39348800e+03 1.03572800e-02 8.17185400e-01 4.50003300e-01 7.37000700e+01 6.33681600e+02 8.37365000e+01 1.51301400e+03 9.04145900e+01 1.96110600e+03 9.60060800e+01 2.28294300e+03 2.36603600e+02 5.72518800e+03 4.56518300e-01 7.56743300e-01 4.76666300e-01 6.71594100e-01 4.76112200e-01 6.28832400e-01 4.71678800e-01 5.98553000e-01 3.02081600e-01 3.11761100e-01 2.93765500e+01 3.99422900e+02 1.89277700e+03 2.62075300e-02 1.27934900e+00 5.25640500e+00 1.00367800e+01 2.32157600e+03 6.56196200e+00
4.72932700e-06 1.16664600e+03 2.37153700e-02 1.19878600e-01 1.03824700e+00 5.04453200e-02 3.07483600e+00 9.47570200e-01 1.00243900e+00 6.76178000e+01 6.84527800e-01 3.15472200e-01 1.44239200e-01 9.75313400e-02 8.09783500e-01 8.30402900e-01 4.54830400e-01 6.06888900e-01 9.84778200e-01 9.84863200e+01 2.51482500e+00 7.00531000e+00 2.16463300e+00 1.95689700e+00 1.33608100e+03 6.18200400e+03 2.62211500e+03 8.40987600e+02 2.38810800e+02 9.47570200e-01 2.45952000e-01 2.47280600e-01 2.35313100e+00 1.37407700e+01 1.08830700e+03 1.43439800e+02 1.03829200e+00 1.38149700e+01 1.06298400e+03 1.45651500e+02 1.43371800e-01 1.58612100e-01 3.43146400e+03 1.04731400e-02 8.09747500e-01 4.46485700e-01 7.29681600e+01 6.40847100e+02 8.31988200e+01 1.52742300e+03 8.99888200e+01 1.97802000e+03 9.56658700e+01 2.30118800e+03 2.37563400e+02 5.73998100e+03 4.59071000e-01 7.47892400e-01 4.76506000e-01 6.62517900e-01 4.74638200e-01 6.19827600e-01 4.69351100e-01 5.89668300e-01 2.97149100e-01 3.06179900e-01 2.45234600e+01 3.95703400e+02 1.89273000e+03 1.75775000e-01 6.25207500e-01 8.55477600e+00 1.09797400e+01 2.31295600e+03 9.35575800e+00
1.52013700e-07 1.16856500e+03 2.40715500e-02 1.19953900e-01 1.03932300e+00 4.95870100e-02 3.08429200e+00 9.61441600e-01 1.00431800e+00 6.82550000e+01 6.89464600e-01 3.10535400e-01 1.44670600e-01 9.87449000e-02 8.17639800e-01 8.31872900e-01 4.55635600e-01 6.10365300e-01 9.89680000e-01 9.91424800e+01 2.49332000e+00 6.85272200e+00 2.18519900e+00 1.97888300e+00 1.31516300e+03 6.20129900e+03 2.66344900e+03 8.61931000e+02 2.46434400e+02 9.61441600e-01 2.46062800e-01 2.47391700e-01 2.29647800e+00 1.36732800e+01 1.08791800e+03 1.43151300e+02 1.03932400e+00 1.37735000e+01 1.06374700e+03 1.45253100e+02 1.44044800e-01 1.58346300e-01 3.44177600e+03 1.05046100e-02 8.09753100e-01 4.46259600e-01 7.35720600e+01 6.35234100e+02 8.37574800e+01 1.51521800e+03 9.05249900e+01 1.96297900e+03 9.61867800e+01 2.28431600e+03 2.38070600e+02 5.71125500e+03 4.60335700e-01 7.55638200e-01 4.79054300e-01 6.69916000e-01 4.77751400e-01 6.26971100e-01 4.72809200e-01 5.96601500e-01 3.00832400e-01 3.10192900e-01 3.13985900e+01 3.95596300e+02 1.88971900e+03 8.12803900e-02 9.26576500e-01 6.39806800e+00 1.30105100e+01 2.31671400e+03 7.40592500e+00
4.30214400e-08 1.17019200e+03 2.50038200e-02 1.18066900e-01 1.03950300e+00 6.05348200e-02 3.10542700e+00 9.62776000e-01 1.00167000e+00 6.97747800e+01 7.04805900e-01 2.95194100e-01 1.43715800e-01 1.00277400e-01 8.16140500e-01 8.09576900e-01 4.43423500e-01 6.01577800e-01 9.77047500e-01 1.00999700e+02 2.49090600e+00 7.69805900e+00 2.23187500e+00 1.97737900e+00 1.32808400e+03 6.32424900e+03 2.66617900e+03 8.64962500e+02 2.48438000e+02 9.62776000e-01 2.46440600e-01 2.47771000e-01 2.15776700e+00 1.35666500e+01 1.08678300e+03 1.42924300e+02 1.03941100e+00 1.37505100e+01 1.06565500e+03 1.44751000e+02 1.45155000e-01 1.57398000e-01 3.41895400e+03 1.04349700e-02 8.16519500e-01 4.49102000e-01 7.49498300e+01 6.22471700e+02 8.49080300e+01 1.48840900e+03 9.15480900e+01 1.93063800e+03 9.71143800e+01 2.24864700e+03 2.37790300e+02 5.66480000e+03 4.49313000e-01 7.55811100e-01 4.71447800e-01 6.71795700e-01 4.71988700e-01 6.29451500e-01 4.68318900e-01 5.99410000e-01 3.02880300e-01 3.13027900e-01 3.39231300e+01 3.97189900e+02 1.89304200e+03 8.50418800e-03 1.96545900e+00 3.78098000e+00 1.04737900e+01 2.32415500e+03 5.75494400e+00
1.03520100e-02 1.15848400e+03 2.46418800e-02 1.15153000e-01 1.03927800e+00 5.02475700e-02 3.05672700e+00 9.57054800e-01 9.99063300e-01 7.04376200e+01 7.16938100e-01 2.83061900e-01 1.40440000e-01 9.89226000e-02 7.85449400e-01 7.62954000e-01 4.17887100e-01 5.72912900e-01 9.35870800e-01 1.02764300e+02 2.41707500e+00 6.75201400e+00 2.12578700e+00 1.92254000e+00 1.31023800e+03 6.22630200e+03 2.59859500e+03 8.38250800e+02 2.38745300e+02 9.57054800e-01 2.46275100e-01 2.47604800e-01 2.21004000e+00 1.35964800e+01 1.08691800e+03 1.43946000e+02 1.03923100e+00 1.38512000e+01 1.06466300e+03 1.45894100e+02 1.43674900e-01 1.57863400e-01 3.34064900e+03 1.01960600e-02 8.29577600e-01 4.56107700e-01 7.54554300e+01 6.17441900e+02 8.51419300e+01 1.47928700e+03 9.16195100e+01 1.92074000e+03 9.70585400e+01 2.23871800e+03 2.35500500e+02 5.67542600e+03 4.24388400e-01 7.28613000e-01 4.48294900e-01 6.48996400e-01 4.50244800e-01 6.08670800e-01 4.47707400e-01 5.79985000e-01 2.93588500e-01 3.04028500e-01 9.14115000e+00 3.95598100e+02 1.89332600e+03 2.08002000e-01 3.26523000e+00 5.26072500e+00 1.01681600e+01 2.29806500e+03 8.73395700e+00
7.15296900e-04 1.16007300e+03 2.49717000e-02 1.15374600e-01 1.03973000e+00 5.20236200e-02 3.07637300e+00 9.66750000e-01 1.00097000e+00 7.07928500e+01 7.18671300e-01 2.81328700e-01 1.40991500e-01 9.98118700e-02 7.95919500e-01 7.70753600e-01 4.22159100e-01 5.79659100e-01 9.45963700e-01 1.02992800e+02 2.42007200e+00 6.86798100e+00 2.16796200e+00 1.95373000e+00 1.30720300e+03 6.29367700e+03 2.64705200e+03 8.59279100e+02 2.46158600e+02 9.66750000e-01 2.46425600e-01 2.47755800e-01 2.16233500e+00 1.35512000e+01 1.08660100e+03 1.43636300e+02 1.03965000e+00 1.38158300e+01 1.06538800e+03 1.45484800e+02 1.44314500e-01 1.57566200e-01 3.35383100e+03 1.02362800e-02 8.28433800e-01 4.55284600e-01 7.58072300e+01 6.14453400e+02 8.54895800e+01 1.47254700e+03 9.19671000e+01 1.91226800e+03 9.74073900e+01 2.22907600e+03 2.36027400e+02 5.65623100e+03 4.28851400e-01 7.38505300e-01 4.53451700e-01 6.58010700e-01 4.55636800e-01 6.17211100e-01 4.53212200e-01 5.88176800e-01 2.97807600e-01 3.08492000e-01 1.44856300e+01 3.95549500e+02 1.89049800e+03 2.53039700e-01 3.43847500e+00 5.74317800e+00 1.01782900e+01 2.30053300e+03 9.43469300e+00
9.53377000e-04 1.16123700e+03 2.51754000e-02 1.14086400e-01 1.03894100e+00 5.09175000e-02 3.07152100e+00 9.86181500e-01 9.99414900e-01 7.11663800e+01 7.23758100e-01 2.76241900e-01 1.39906900e-01 9.95667100e-02 7.93612700e-01 7.61540000e-01 4.17112600e-01 5.75348500e-01 9.40743300e-01 1.03623400e+02 2.36389400e+00 6.70929000e+00 2.15747000e+00 1.94858000e+00 1.25566700e+03 6.21483700e+03 2.65844000e+03 8.71746700e+02 2.51169000e+02 9.86181500e-01 2.46515500e-01 2.47846100e-01 2.13349300e+00 1.35479900e+01 1.08629500e+03 1.43813200e+02 1.03884300e+00 1.38435900e+01 1.06573100e+03 1.45607300e+02 1.44286000e-01 1.57281300e-01 3.32790700e+03 1.01571900e-02 8.33211200e-01 4.57575500e-01 7.61213600e+01 6.11558100e+02 8.56982300e+01 1.46683500e+03 9.21131200e+01 1.90567400e+03 9.75046600e+01 2.22207300e+03 2.35314000e+02 5.65400600e+03 4.24101600e-01 7.36896400e-01 4.49725500e-01 6.57180600e-01 4.52518900e-01 6.16689500e-01 4.50533700e-01 5.87841400e-01 2.97869200e-01 3.08832700e-01 1.39110000e+01 3.95673200e+02 1.89119100e+03 3.98800400e-01 3.87684100e+00 7.33977400e+00 1.00825600e+01 2.30077500e+03 1.16154100e+01
1.18007100e-07 1.17141300e+03 2.51935800e-02 1.18874700e-01 1.04023900e+00 4.81340500e-02 3.08878600e+00 9.70844000e-01 1.00366500e+00 6.99029500e+01 7.03845900e-01 2.96154100e-01 1.44713400e-01 1.01159000e-01 8.14697400e-01 8.09458400e-01 4.43358600e-01 6.01001800e-01 9.74425300e-01 1.00901800e+02 2.45852800e+00 6.50177000e+00 2.19504100e+00 1.99358100e+00 1.31185300e+03 6.32420700e+03 2.69365400e+03 8.78924700e+02 2.53351300e+02 9.70844000e-01 2.46523000e-01 2.47853600e-01 2.13093400e+00 1.35292400e+01 1.08665600e+03 1.42577400e+02 1.04013100e+00 1.37076400e+01 1.06611300e+03 1.44345600e+02 1.45717800e-01 1.57280500e-01 3.44280100e+03 1.05077300e-02 8.13401800e-01 4.47374700e-01 7.51071700e+01 6.21233500e+02 8.51118600e+01 1.48522600e+03 9.17814700e+01 1.92636400e+03 9.73718300e+01 2.24354800e+03 2.38581300e+02 5.64929800e+03 4.49140500e-01 7.54378200e-01 4.71027400e-01 6.70414200e-01 4.71454400e-01 6.28111700e-01 4.67713100e-01 5.98105900e-01 3.02175300e-01 3.12256700e-01 3.19050400e+01 3.95799900e+02 1.89718000e+03 5.44843500e-03 1.96545900e+00 3.79216600e+00 1.21767100e+01 2.32488500e+03 5.76307400e+00
1.50969200e-04 1.16363600e+03 2.27275600e-02 1.20158600e-01 1.04027100e+00 5.84888000e-02 3.08063000e+00 9.55039100e-01 1.00480000e+00 6.73761000e+01 6.83819600e-01 3.16180400e-01 1.43531300e-01 9.67057900e-02 8.21376600e-01 8.43236000e-01 4.61859400e-01 6.15922400e-01 1.00066700e+00 9.88098500e+01 2.51135600e+00 8.02154500e+00 2.17721100e+00 1.93685800e+00 1.29685600e+03 5.98021000e+03 2.60148100e+03 8.34114700e+02 2.35922700e+02 9.55039100e-01 2.45526700e-01 2.46853700e-01 2.52185700e+00 1.37815400e+01 1.08948900e+03 1.44118300e+02 1.04041300e+00 1.38520300e+01 1.06077200e+03 1.46654200e+02 1.41600300e-01 1.60166800e-01 3.41454300e+03 1.04215200e-02 8.11581900e-01 4.48207800e-01 7.27166300e+01 6.43116900e+02 8.29310600e+01 1.53265700e+03 8.97091800e+01 1.98468400e+03 9.53757800e+01 2.30884700e+03 2.36958100e+02 5.75709500e+03 4.66120900e-01 7.58527400e-01 4.83639700e-01 6.71860600e-01 4.81658700e-01 6.28536100e-01 4.76237400e-01 5.97933300e-01 3.01291300e-01 3.10413900e-01 1.75968700e+01 3.97451000e+02 1.89097300e+03 1.19810100e-01 8.20176000e-01 6.59783600e+00 1.37135500e+01 2.30602100e+03 7.53782200e+00
3.77644400e-04 1.16040400e+03 2.37494700e-02 1.18857300e-01 1.04120800e+00 5.20190200e-02 3.07277900e+00 9.65574900e-01 1.00236200e+00 6.90057400e+01 6.99163800e-01 3.00836200e-01 1.43252000e-01 9.88520700e-02 8.13454100e-01 8.14587000e-01 4.46167700e-01 6.02442500e-01 9.79242900e-01 1.00665900e+02 2.45708500e+00 7.14569100e+00 2.16018600e+00 1.94674000e+00 1.28573700e+03 6.07605700e+03 2.62904000e+03 8.51156400e+02 2.42827300e+02 9.65574900e-01 2.45964600e-01 2.47293100e-01 2.34761800e+00 1.36452600e+01 1.08818700e+03 1.43674000e+02 1.04124700e+00 1.37982700e+01 1.06298400e+03 1.45880400e+02 1.43145200e-01 1.59055400e-01 3.40786600e+03 1.04011400e-02 8.16340100e-01 4.49959500e-01 7.42204300e+01 6.28991800e+02 8.42343900e+01 1.50264400e+03 9.09028700e+01 1.94821000e+03 9.64888300e+01 2.26837700e+03 2.37215500e+02 5.69838700e+03 4.51604500e-01 7.52749000e-01 4.72410700e-01 6.68435900e-01 4.72273100e-01 6.26036500e-01 4.68148800e-01 5.95991900e-01 3.00923400e-01 3.10732000e-01 1.57631200e+01 3.95646200e+02 1.89305000e+03 1.02692700e-03 1.81943000e+00 3.60743200e+00 1.09201700e+01 2.30445900e+03 5.42788800e+00
8.21414200e-05 1.16253100e+03 2.35476100e-02 1.18282400e-01 1.04059400e+00 5.97291400e-02 3.08903300e+00 9.62658600e-01 1.00355700e+00 6.88299600e+01 6.99264800e-01 3.00735200e-01 1.42475200e-01 9.80656100e-02 8.17450500e-01 8.18451500e-01 4.48284400e-01 6.05351400e-01 9.85309600e-01 1.00663700e+02 2.48053100e+00 7.92694100e+00 2.19558400e+00 1.94836300e+00 1.29705900e+03 6.09461200e+03 2.62952500e+03 8.48725700e+02 2.41632400e+02 9.62658600e-01 2.45884800e-01 2.47213100e-01 2.38051500e+00 1.36813700e+01 1.08836600e+03 1.43975200e+02 1.04065300e+00 1.38350800e+01 1.06248900e+03 1.46249800e+02 1.42610000e-01 1.59227500e-01 3.38929800e+03 1.03444900e-02 8.18626700e-01 4.51279800e-01 7.40297000e+01 6.30605000e+02 8.40152200e+01 1.50652200e+03 9.06649100e+01 1.95325400e+03 9.62352100e+01 2.27426300e+03 2.36575400e+02 5.71345800e+03 4.53760000e-01 7.56458300e-01 4.74692200e-01 6.71742300e-01 4.74566500e-01 6.29138400e-01 4.70430600e-01 5.98948400e-01 3.02426000e-01 3.12285700e-01 1.88141400e+01 3.97308600e+02 1.89144500e+03 9.80716400e-04 1.81943000e+00 3.62030600e+00 1.20525300e+01 2.30756800e+03 5.44071700e+00
9.14703200e-04 1.16130200e+03 2.30337400e-02 1.20323500e-01 1.03856700e+00 5.06564700e-02 3.05261800e+00 9.73036800e-01 9.99735900e-01 6.70025600e+01 6.79235000e-01 3.20765000e-01 1.44002400e-01 9.64853100e-02 8.13128700e-01 8.40798900e-01 4.60524500e-01 6.11936000e-01 9.93375800e-01 9.80072200e+01 2.44442900e+00 7.16705300e+00 2.11707100e+00 1.91309100e+00 1.23068300e+03 5.83024800e+03 2.58361900e+03 8.38029800e+02 2.38702900e+02 9.73036800e-01 2.45666500e-01 2.46994000e-01 2.46705100e+00 1.38019700e+01 1.08913400e+03 1.43843400e+02 1.03868400e+00 1.38486100e+01 1.06149700e+03 1.46273800e+02 1.42227900e-01 1.59499300e-01 3.42580500e+03 1.04558800e-02 8.09114500e-01 4.46657100e-01 7.23898700e+01 6.46351700e+02 8.26762600e+01 1.53926700e+03 8.94951300e+01 1.99252900e+03 9.51925500e+01 2.31739100e+03 2.37209800e+02 5.76608800e+03 4.64340800e-01 7.50462700e-01 4.80651100e-01 6.64229400e-01 4.78155600e-01 6.21196100e-01 4.72427400e-01 5.90826700e-01 2.97534800e-01 3.06352700e-01 1.39938200e+01 3.95682700e+02 1.89217100e+03 2.64150700e-01 4.55610600e-01 9.99654000e+00 1.00389300e+01 2.30184800e+03 1.07163000e+01
8.44017300e-03 1.15749000e+03 2.27394100e-02 1.17904000e-01 1.04037500e+00 6.13867400e-02 3.06075200e+00 9.83451300e-01 9.98348300e-01 6.82183800e+01 6.96398400e-01 3.03601600e-01 1.41288500e-01 9.63847500e-02 8.14374900e-01 8.19248700e-01 4.48721000e-01 6.04505700e-01 9.85992600e-01 1.00443500e+02 2.40732700e+00 8.26263400e+00 2.13435900e+00 1.88776400e+00 1.19739800e+03 5.73087500e+03 2.56585200e+03 8.34339400e+02 2.37451400e+02 9.83451300e-01 2.45531400e-01 2.46858400e-01 2.51972900e+00 1.37677000e+01 1.08928000e+03 1.44691700e+02 1.04051800e+00 1.39057300e+01 1.06061900e+03 1.47238100e+02 1.40988700e-01 1.60240200e-01 3.36093200e+03 1.02579500e-02 8.21339200e-01 4.53286900e-01 7.34159400e+01 6.36086500e+02 8.33961800e+01 1.51891500e+03 9.00378900e+01 1.96885900e+03 9.55994000e+01 2.29205400e+03 2.35493700e+02 5.74988900e+03 4.53985200e-01 7.53319400e-01 4.74189700e-01 6.68631300e-01 4.73717500e-01 6.26089900e-01 4.69358900e-01 5.95962500e-01 3.00809500e-01 3.10475900e-01 9.54950500e+00 3.97403200e+02 1.89225700e+03 1.45555400e-04 1.67729600e+00 3.62899800e+00 1.04642900e+01 2.29921000e+03 5.30644000e+00
1.53407000e-03 1.15639400e+03 2.38891300e-02 1.18050500e-01 1.03973000e+00 5.06465100e-02 3.06315900e+00 9.59290600e-01 1.00037200e+00 6.89105200e+01 6.99736900e-01 3.00263100e-01 1.42584700e-01 9.82558900e-02 8.02886800e-01 8.03238700e-01 4.39952000e-01 5.94332900e-01 9.67189400e-01 1.00569800e+02 2.45296100e+00 6.96868900e+00 2.13950400e+00 1.93340200e+00 1.29614300e+03 6.10364100e+03 2.60757100e+03 8.41435800e+02 2.39504400e+02 9.59290600e-01 2.46009700e-01 2.47338400e-01 2.32523800e+00 1.36716000e+01 1.08796100e+03 1.43774600e+02 1.03975700e+00 1.38277100e+01 1.06321300e+03 1.45942500e+02 1.43168100e-01 1.58691400e-01 3.39191700e+03 1.03524800e-02 8.18431100e-01 4.50905500e-01 7.41062000e+01 6.29921800e+02 8.40898400e+01 1.50499900e+03 9.07389900e+01 1.95135000e+03 9.63091500e+01 2.27210500e+03 2.36681300e+02 5.70931700e+03 4.45378200e-01 7.43026300e-01 4.66036800e-01 6.59864500e-01 4.65966600e-01 6.18034800e-01 4.61941100e-01 5.88390500e-01 2.97111500e-01 3.06820300e-01 1.29596600e+01 3.95608000e+02 1.88861300e+03 7.27439400e-05 1.74777200e+00 3.81056700e+00 1.00499200e+01 2.29718100e+03 5.55841200e+00
2.88974200e-03 1.15726500e+03 2.36153700e-02 1.16888800e-01 1.03963800e+00 6.29337200e-02 3.07763100e+00 9.80482200e-01 1.00055300e+00 6.90643300e+01 7.04082100e-01 2.95917900e-01 1.41149300e-01 9.74838300e-02 8.12234900e-01 8.06689900e-01 4.41842200e-01 5.99065700e-01 9.77360400e-01 1.01209800e+02 2.41909000e+00 8.18939200e+00 2.17069100e+00 1.91396700e+00 1.23176600e+03 5.92838300e+03 2.60128900e+03 8.47226700e+02 2.42260100e+02 9.80482200e-01 2.45912400e-01 2.47240800e-01 2.36939900e+00 1.36965500e+01 1.08817200e+03 1.44283100e+02 1.03970100e+00 1.38773700e+01 1.06252700e+03 1.46544300e+02 1.42336000e-01 1.59047900e-01 3.35760500e+03 1.02477900e-02 8.23833500e-01 4.53909100e-01 7.42011500e+01 6.28803000e+02 8.40790700e+01 1.50337700e+03 9.06645200e+01 1.94994100e+03 9.61845200e+01 2.27103700e+03 2.35635100e+02 5.71915500e+03 4.47651200e-01 7.52125000e-01 4.69526800e-01 6.68442800e-01 4.69981800e-01 6.26278300e-01 4.66271900e-01 5.96368700e-01 3.01331900e-01 3.11385700e-01 1.16931800e+01 3.97692500e+02 1.88926900e+03 2.00239100e-02 2.19351700e+00 3.58412100e+00 1.00766700e+01 2.29865500e+03 5.79766200e+00
1.01362800e-03 1.15708500e+03 2.36120200e-02 1.18268200e-01 1.03929400e+00 5.33863500e-02 3.06757400e+00 9.73353200e-01 1.00220000e+00 6.84491000e+01 6.95801700e-01 3.04198300e-01 1.42525400e-01 9.75573300e-02 8.10571600e-01 8.16223600e-01 4.47064100e-01 6.01978000e-01 9.79732600e-01 1.00060700e+02 2.43560100e+00 7.29522700e+00 2.14897100e+00 1.93134500e+00 1.25409600e+03 5.98686000e+03 2.61509800e+03 8.49327300e+02 2.42521800e+02 9.73353200e-01 2.45911100e-01 2.47239500e-01 2.36994700e+00 1.37134700e+01 1.08829000e+03 1.43929800e+02 1.03934700e+00 1.38481100e+01 1.06264100e+03 1.46182700e+02 1.42723400e-01 1.58951400e-01 3.39049800e+03 1.03481500e-02 8.17567400e-01 4.50649600e-01 7.36775000e+01 6.33868900e+02 8.37083600e+01 1.51348400e+03 9.03829000e+01 1.96173000e+03 9.59714800e+01 2.28368100e+03 2.36502900e+02 5.72730100e+03 4.52228400e-01 7.49743100e-01 4.72210700e-01 6.65392200e-01 4.71672800e-01 6.23029800e-01 4.67288100e-01 5.93032600e-01 2.99298700e-01 3.08894400e-01 1.37884400e+01 3.95725100e+02 1.88803200e+03 8.99568200e-03 1.47275900e+00 4.34018600e+00 1.08023000e+01 2.29754600e+03 5.82194000e+00
5.95897300e-06 1.16771900e+03 2.43057700e-02 1.17139600e-01 1.04082700e+00 7.13873000e-02 3.10572200e+00 9.81747400e-01 9.96938700e-01 6.99615500e+01 7.09700500e-01 2.90299500e-01 1.42090500e-01 9.94087300e-02 8.23036900e-01 8.09621100e-01 4.43447700e-01 6.04130700e-01 9.83987500e-01 1.01955500e+02 2.44522500e+00 8.80584700e+00 2.23253300e+00 1.93549300e+00 1.25129500e+03 6.04293100e+03 2.63026100e+03 8.59574700e+02 2.47251700e+02 9.81747400e-01 2.46141500e-01 2.47470700e-01 2.26035500e+00 1.35932300e+01 1.08743600e+03 1.43690600e+02 1.04081700e+00 1.38055500e+01 1.06409100e+03 1.45730700e+02 1.43659400e-01 1.58402500e-01 3.38010300e+03 1.03164400e-02 8.22608900e-01 4.52793300e-01 7.50707700e+01 6.21119300e+02 8.49089100e+01 1.48635500e+03 9.14765400e+01 1.92875600e+03 9.69857600e+01 2.24710100e+03 2.36615600e+02 5.67519400e+03 4.49733400e-01 7.62714800e-01 4.73166400e-01 6.78510500e-01 4.74317100e-01 6.35986800e-01 4.71035700e-01 6.05785800e-01 3.06325200e-01 3.16835000e-01 2.40612200e+01 4.01300500e+02 1.89173200e+03 8.66618600e-02 2.67357500e+00 4.05789800e+00 1.15272500e+01 2.31709300e+03 6.81813500e+00
4.44676700e-03 1.15726800e+03 2.30186700e-02 1.17990000e-01 1.04008900e+00 6.41338400e-02 3.06958000e+00 9.73111900e-01 9.97178800e-01 6.83209200e+01 6.96526500e-01 3.03473500e-01 1.41653800e-01 9.67791900e-02 8.13586500e-01 8.18283000e-01 4.48192000e-01 6.03856800e-01 9.84298600e-01 1.00367600e+02 2.43788800e+00 8.46099900e+00 2.15328500e+00 1.89406800e+00 1.23088000e+03 5.82832700e+03 2.56562500e+03 8.30766700e+02 2.36227900e+02 9.73111900e-01 2.45659100e-01 2.46986600e-01 2.46967400e+00 1.37482400e+01 1.08895300e+03 1.44455100e+02 1.04020900e+00 1.38871200e+01 1.06126800e+03 1.46906100e+02 1.41541300e-01 1.59828600e-01 3.36966400e+03 1.02845900e-02 8.20309500e-01 4.52534700e-01 7.35287100e+01 6.35098600e+02 8.35196800e+01 1.51659700e+03 9.01688000e+01 1.96588300e+03 9.57366300e+01 2.28861100e+03 2.35803200e+02 5.74173900e+03 4.53429900e-01 7.52607000e-01 4.73652800e-01 6.68017400e-01 4.73201400e-01 6.25522700e-01 4.68860900e-01 5.95427300e-01 3.00543700e-01 3.10210500e-01 1.08311600e+01 3.98748400e+02 1.88821300e+03 7.71585800e-04 1.67729600e+00 3.76341300e+00 1.13012300e+01 2.29779300e+03 5.44148100e+00
6.41814100e-04 1.15802300e+03 2.29088800e-02 1.20231700e-01 1.03985400e+00 5.21319500e-02 3.05936300e+00 9.68317100e-01 1.00029500e+00 6.73614500e+01 6.83121400e-01 3.16878600e-01 1.43785700e-01 9.68561600e-02 8.15862700e-01 8.38499700e-01 4.59265200e-01 6.12125300e-01 9.94057200e-01 9.86412600e+01 2.45854700e+00 7.34405500e+00 2.13139800e+00 1.92036300e+00 1.24870200e+03 5.86986800e+03 2.59063900e+03 8.37617600e+02 2.38027300e+02 9.68317100e-01 2.45605200e-01 2.46932500e-01 2.48913800e+00 1.37759700e+01 1.08927700e+03 1.43961500e+02 1.03997500e+00 1.38427800e+01 1.06119200e+03 1.46435800e+02 1.41967400e-01 1.59859300e-01 3.42062500e+03 1.04400700e-02 8.10680400e-01 4.47595000e-01 7.27121700e+01 6.43207000e+02 8.29441400e+01 1.53270400e+03 8.97328200e+01 1.98463500e+03 9.54077500e+01 2.30870100e+03 2.37146700e+02 5.75484000e+03 4.63438800e-01 7.53366300e-01 4.80681300e-01 6.67213700e-01 4.78631300e-01 6.24157700e-01 4.73190500e-01 5.93748800e-01 2.99154300e-01 3.08183200e-01 1.47024200e+01 3.95802400e+02 1.88734900e+03 1.46034400e-01 7.19420900e-01 7.28427100e+00 1.00416700e+01 2.29785400e+03 8.14972600e+00
3.29227000e-03 1.16150000e+03 2.22627100e-02 1.19964100e-01 1.04090900e+00 5.77117900e-02 3.06503000e+00 9.54170200e-01 1.00174900e+00 6.72735600e+01 6.84312000e-01 3.15688000e-01 1.42871900e-01 9.61150200e-02 8.16639200e-01 8.37719400e-01 4.58837800e-01 6.12131500e-01 9.95653000e-01 9.90393300e+01 2.49334200e+00 8.04901100e+00 2.14351000e+00 1.90984300e+00 1.27828100e+03 5.86591800e+03 2.56557200e+03 8.20171300e+02 2.30897500e+02 9.54170200e-01 2.45351800e-01 2.46678200e-01 2.60588500e+00 1.38085900e+01 1.09005300e+03 1.44522400e+02 1.04110000e+00 1.38817000e+01 1.05970400e+03 1.47218800e+02 1.40648300e-01 1.60906200e-01 3.39878100e+03 1.03734300e-02 8.13602000e-01 4.49620500e-01 7.25979800e+01 6.44132200e+02 8.27829600e+01 1.53519600e+03 8.95422900e+01 1.98804800e+03 9.51935300e+01 2.31282300e+03 2.36428500e+02 5.76834700e+03 4.63119400e-01 7.54202000e-01 4.80649700e-01 6.68083600e-01 4.78738600e-01 6.25025200e-01 4.73388200e-01 5.94607200e-01 2.99638300e-01 3.08730600e-01 1.14323600e+01 3.97306600e+02 1.89706700e+03 8.76538200e-02 9.26576500e-01 5.66205300e+00 1.05174400e+01 2.30580600e+03 6.67628300e+00
5.14624400e-03 1.15721700e+03 2.28678600e-02 1.18526200e-01 1.03886500e+00 5.47401200e-02 3.06294800e+00 9.61882700e-01 1.00423000e+00 6.75958300e+01 6.89137500e-01 3.10862500e-01 1.42039200e-01 9.60125400e-02 8.08836600e-01 8.23349700e-01 4.50967200e-01 6.03952700e-01 9.83786500e-01 9.93189100e+01 2.46200000e+00 7.58819600e+00 2.13905300e+00 1.91723300e+00 1.26895100e+03 5.93522400e+03 2.58556400e+03 8.31886400e+02 2.35554600e+02 9.61882700e-01 2.45586100e-01 2.46913300e-01 2.49652900e+00 1.38024500e+01 1.08917900e+03 1.44431800e+02 1.03899900e+00 1.39010600e+01 1.06096300e+03 1.46930500e+02 1.41408500e-01 1.59818300e-01 3.37887500e+03 1.03126900e-02 8.17254000e-01 4.51026300e-01 7.28669500e+01 6.41404900e+02 8.29633900e+01 1.52985700e+03 8.96712900e+01 1.98189300e+03 9.52829800e+01 2.30628300e+03 2.35887100e+02 5.76526100e+03 4.55605100e-01 7.47472800e-01 4.74052000e-01 6.62645100e-01 4.72726000e-01 6.20153500e-01 4.67811500e-01 5.90106400e-01 2.97561700e-01 3.06799000e-01 1.05389800e+01 3.96142900e+02 1.88820500e+03 6.00043800e-02 1.03858200e+00 5.55767900e+00 1.28900300e+01 2.29488700e+03 6.65626600e+00
3.65049100e-04 1.15915800e+03 2.42365300e-02 1.16705600e-01 1.03958600e+00 5.44017400e-02 3.07088200e+00 9.68598400e-01 9.96884400e-01 6.96356200e+01 7.08014400e-01 2.91985600e-01 1.41587300e-01 9.85951900e-02 8.02379800e-01 7.91589500e-01 4.33571500e-01 5.89821100e-01 9.61533200e-01 1.01611900e+02 2.42836900e+00 7.24945100e+00 2.15609000e+00 1.93381200e+00 1.27914000e+03 6.11760500e+03 2.61900900e+03 8.49667500e+02 2.42835600e+02 9.68598400e-01 2.46116900e-01 2.47446000e-01 2.27094200e+00 1.36349400e+01 1.08747500e+03 1.43855000e+02 1.03958200e+00 1.38377700e+01 1.06390000e+03 1.45919400e+02 1.43410300e-01 1.58308200e-01 3.36807400e+03 1.02797400e-02 8.23623500e-01 4.53337500e-01 7.47484400e+01 6.23918700e+02 8.45911300e+01 1.49264500e+03 9.11591700e+01 1.93664700e+03 9.66674600e+01 2.25606900e+03 2.36136500e+02 5.69286700e+03 4.39588800e-01 7.43398500e-01 4.62062100e-01 6.61133000e-01 4.62980700e-01 6.19616800e-01 4.59640700e-01 5.90142200e-01 2.98344600e-01 3.08495400e-01 1.58309600e+01 3.95760700e+02 1.88888700e+03 4.91034200e-02 2.42950100e+00 3.77879300e+00 1.15808600e+01 2.30047800e+03 6.25739800e+00
6.10624000e-05 1.16386100e+03 2.32977800e-02 1.19981700e-01 1.03929600e+00 4.96584500e-02 3.06630100e+00 9.83747700e-01 1.00369200e+00 6.75848400e+01 6.84908600e-01 3.15091400e-01 1.43924600e-01 9.72712300e-02 8.20520500e-01 8.40905300e-01 4.60582800e-01 6.14750100e-01 9.98078800e-01 9.87247300e+01 2.43296500e+00 7.00836200e+00 2.14623600e+00 1.94332100e+00 1.22542100e+03 5.89459700e+03 2.63450500e+03 8.60236600e+02 2.46333200e+02 9.83747700e-01 2.45787000e-01 2.47114900e-01 2.42220000e+00 1.37522400e+01 1.08879500e+03 1.43730100e+02 1.03937900e+00 1.38284600e+01 1.06206900e+03 1.46075300e+02 1.42627700e-01 1.59284000e-01 3.42394600e+03 1.04502000e-02 8.10733700e-01 4.47326100e-01 7.29252600e+01 6.41197400e+02 8.31402500e+01 1.52834700e+03 8.99204200e+01 1.97927400e+03 9.55895200e+01 2.30269400e+03 2.37315800e+02 5.74473900e+03 4.64922300e-01 7.57846400e-01 4.82673400e-01 6.71376900e-01 4.80825000e-01 6.28132900e-01 4.75497700e-01 5.97580100e-01 3.01153800e-01 3.10321200e-01 1.94072300e+01 3.95736900e+02 1.89215600e+03 1.34909300e-01 7.68898900e-01 7.31030300e+00 1.22087000e+01 2.30730000e+03 8.21411100e+00
5.12685200e-06 1.16421300e+03 2.34167900e-02 1.19629700e-01 1.03887100e+00 6.21290500e-02 3.08701300e+00 9.73292000e-01 1.00075600e+00 6.76654100e+01 6.86167300e-01 3.13832700e-01 1.43691700e-01 9.72295400e-02 8.23642900e-01 8.42417500e-01 4.61411100e-01 6.16472200e-01 1.00128000e+00 9.88178500e+01 2.47578900e+00 8.20465100e+00 2.19115200e+00 1.93512000e+00 1.25338500e+03 5.94723600e+03 2.61468700e+03 8.49003800e+02 2.42653100e+02 9.73292000e-01 2.45833500e-01 2.47161600e-01 2.40220000e+00 1.37515800e+01 1.08862900e+03 1.43729400e+02 1.03893800e+00 1.38342700e+01 1.06229800e+03 1.46039000e+02 1.42751100e-01 1.59079400e-01 3.41837600e+03 1.04332100e-02 8.11712900e-01 4.47738700e-01 7.29893500e+01 6.40545000e+02 8.31809800e+01 1.52708900e+03 8.99475200e+01 1.97783800e+03 9.56061200e+01 2.30118100e+03 2.37161600e+02 5.74432900e+03 4.65888200e-01 7.60854200e-01 4.83989800e-01 6.74177100e-01 4.82282000e-01 6.30808800e-01 4.77034600e-01 6.00160600e-01 3.02504800e-01 3.11766100e-01 2.43620400e+01 3.98005500e+02 1.88788000e+03 1.22633800e-01 7.68898900e-01 7.16689700e+00 1.01192700e+01 2.31024800e+03 8.05843000e+00
2.80673900e-05 1.16078200e+03 2.38006000e-02 1.17548500e-01 1.03877500e+00 5.94725100e-02 3.08462100e+00 9.74600200e-01 1.00035000e+00 6.86908000e+01 6.99064400e-01 3.00935600e-01 1.41994200e-01 9.75369700e-02 8.14057300e-01 8.15325800e-01 4.46572300e-01 6.02939000e-01 9.82213100e-01 1.00405000e+02 2.44688200e+00 7.83538800e+00 2.18591900e+00 1.94078200e+00 1.26212900e+03 6.04387800e+03 2.62960700e+03 8.54653000e+02 2.44451600e+02 9.74600200e-01 2.45982100e-01 2.47310800e-01 2.33938900e+00 1.37067300e+01 1.08801900e+03 1.43971000e+02 1.03881000e+00 1.38592200e+01 1.06298400e+03 1.46169500e+02 1.42863600e-01 1.58668000e-01 3.37780100e+03 1.03094200e-02 8.19981600e-01 4.51750900e-01 7.38811100e+01 6.31889300e+02 8.38525700e+01 1.50953700e+03 9.04925600e+01 1.95712700e+03 9.60545700e+01 2.27874400e+03 2.36168700e+02 5.72408000e+03 4.52027300e-01 7.53296400e-01 4.72823600e-01 6.68910200e-01 4.72672100e-01 6.26476000e-01 4.68535200e-01 5.96407500e-01 3.01137700e-01 3.10943200e-01 2.09618000e+01 3.96840900e+02 1.88808000e+03 7.07296700e-04 1.60798500e+00 4.02635700e+00 1.00473600e+01 2.30588200e+03 5.63504900e+00
1.76536500e-04 1.16231200e+03 2.36537000e-02 1.17752800e-01 1.03889200e+00 4.93662600e-02 3.06745400e+00 9.92249500e-01 1.00359900e+00 6.85333300e+01 6.97557600e-01 3.02442400e-01 1.42051600e-01 9.73527000e-02 8.14075400e-01 8.17382500e-01 4.47698800e-01 6.03705700e-01 9.83362700e-01 1.00246700e+02 2.39434200e+00 6.87713600e+00 2.14871300e+00 1.94670200e+00 1.21464000e+03 5.94434000e+03 2.65248600e+03 8.70072200e+02 2.49896300e+02 9.92249500e-01 2.45927900e-01 2.47256400e-01 2.36314500e+00 1.37189300e+01 1.08820000e+03 1.44030600e+02 1.03894300e+00 1.38631800e+01 1.06267900e+03 1.46274400e+02 1.42652700e-01 1.58857200e-01 3.37917300e+03 1.03136000e-02 8.19414300e-01 4.51567800e-01 7.37378900e+01 6.33224300e+02 8.37302100e+01 1.51236500e+03 9.03817800e+01 1.96055600e+03 9.59523900e+01 2.28254100e+03 2.36166900e+02 5.72936700e+03 4.53031600e-01 7.53161300e-01 4.73492800e-01 6.68622100e-01 4.73161800e-01 6.26136000e-01 4.68901500e-01 5.96040200e-01 3.00890700e-01 3.10618100e-01 1.72839700e+01 3.95866600e+02 1.89367700e+03 3.35486400e-03 1.53969800e+00 4.15385300e+00 1.21002600e+01 2.30682700e+03 5.69690700e+00
3.61604800e-06 1.16475000e+03 2.42896500e-02 1.19392600e-01 1.04035200e+00 4.79020400e-02 3.07152400e+00 9.65472100e-01 9.98554900e-01 6.89874300e+01 6.96744300e-01 3.03255700e-01 1.44327400e-01 9.95677700e-02 8.11755500e-01 8.16148300e-01 4.47022900e-01 6.02389600e-01 9.77327900e-01 1.00144800e+02 2.45935700e+00 6.63909900e+00 2.15747600e+00 1.96037300e+00 1.29574100e+03 6.15444800e+03 2.64490500e+03 8.58400900e+02 2.45778200e+02 9.65472100e-01 2.46135600e-01 2.47464900e-01 2.26281200e+00 1.36184600e+01 1.08763400e+03 1.43128600e+02 1.04033800e+00 1.37578900e+01 1.06420500e+03 1.45163800e+02 1.44277200e-01 1.58270500e-01 3.43357400e+03 1.04795800e-02 8.12607600e-01 4.47610400e-01 7.42400100e+01 6.28999500e+02 8.43222800e+01 1.50208000e+03 9.10324700e+01 1.94709600e+03 9.66515700e+01 2.26676600e+03 2.38022800e+02 5.68749400e+03 4.52264400e-01 7.50930200e-01 4.72482300e-01 6.66547000e-01 4.72053800e-01 6.24152900e-01 4.67738200e-01 5.94127600e-01 2.99876500e-01 3.09539300e-01 2.50602600e+01 3.95769900e+02 1.89255200e+03 6.19854100e-03 1.47275900e+00 4.27639600e+00 1.03619000e+01 2.31338200e+03 5.75535400e+00
4.27613100e-05 1.16222000e+03 2.42846600e-02 1.19379200e-01 1.04035300e+00 4.78315500e-02 3.07125500e+00 9.65496500e-01 1.00213500e+00 6.89874300e+01 6.96783000e-01 3.03217000e-01 1.44309000e-01 9.95550600e-02 8.11626500e-01 8.15966500e-01 4.46923300e-01 6.02274700e-01 9.77172600e-01 1.00150100e+02 2.45888500e+00 6.63299600e+00 2.15689500e+00 1.96012200e+00 1.29548100e+03 6.15337600e+03 2.64462700e+03 8.58300900e+02 2.45738600e+02 9.65496500e-01 2.46133900e-01 2.47463100e-01 2.26357400e+00 1.36189500e+01 1.08763800e+03 1.43135800e+02 1.04033700e+00 1.37585900e+01 1.06420500e+03 1.45171500e+02 1.44264400e-01 1.58276600e-01 3.43313300e+03 1.04782400e-02 8.12670400e-01 4.47646500e-01 7.42393600e+01 6.29002300e+02 8.43205000e+01 1.50209600e+03 9.10299900e+01 1.94712200e+03 9.66485500e+01 2.26680100e+03 2.38008900e+02 5.68769300e+03 4.52167000e-01 7.50814800e-01 4.72390400e-01 6.66448900e-01 4.71966600e-01 6.24062900e-01 4.67654900e-01 5.94043000e-01 2.99835400e-01 3.09498700e-01 2.01197500e+01 3.95793200e+02 1.89202200e+03 6.02710400e-03 1.47275900e+00 4.26907800e+00 1.07572400e+01 2.30793500e+03 5.74786400e+00
9.94437400e-05 1.16179900e+03 2.30781500e-02 1.19324900e-01 1.03987300e+00 6.86728500e-02 3.08889200e+00 9.69798200e-01 9.99144500e-01 6.78265400e+01 6.89055400e-01 3.10944600e-01 1.43048200e-01 9.70246100e-02 8.24647600e-01 8.39555200e-01 4.59843300e-01 6.15799200e-01 1.00131000e+00 9.93585200e+01 2.48185600e+00 8.89434800e+00 2.19527300e+00 1.91355100e+00 1.25024200e+03 5.87858400e+03 2.58432900e+03 8.36120000e+02 2.38091700e+02 9.69798200e-01 2.45688400e-01 2.47015900e-01 2.45938300e+00 1.37546200e+01 1.08899700e+03 1.44065300e+02 1.03997700e+00 1.38527400e+01 1.06149700e+03 1.46489200e+02 1.42030800e-01 1.59673100e-01 3.40299400e+03 1.03862800e-02 8.14293800e-01 4.49353900e-01 7.31158400e+01 6.39228300e+02 8.32492000e+01 1.52464400e+03 8.99814900e+01 1.97512400e+03 9.56135000e+01 2.29839400e+03 2.36719800e+02 5.74528700e+03 4.64567900e-01 7.62073900e-01 4.83353200e-01 6.75577500e-01 4.81989600e-01 6.32251700e-01 4.76971200e-01 6.01615300e-01 3.03356600e-01 3.12770800e-01 1.84318400e+01 4.01285200e+02 1.88719600e+03 5.58425400e-02 1.09677200e+00 5.38824100e+00 1.01448800e+01 2.30691300e+03 6.54085600e+00
2.15113500e-03 1.15721700e+03 2.30953900e-02 1.18620100e-01 1.03941000e+00 6.24381100e-02 3.07291800e+00 9.62302500e-01 9.99727600e-01 6.79327400e+01 6.91516700e-01 3.08483300e-01 1.42360600e-01 9.67094700e-02 8.12847400e-01 8.24259900e-01 4.51465800e-01 6.05782800e-01 9.86210100e-01 9.96264300e+01 2.47123600e+00 8.29010000e+00 2.16048500e+00 1.90685700e+00 1.26557400e+03 5.91875400e+03 2.57186800e+03 8.28565200e+02 2.35105300e+02 9.62302500e-01 2.45696700e-01 2.47024300e-01 2.45642800e+00 1.37636900e+01 1.08891700e+03 1.44233500e+02 1.03951400e+00 1.38750900e+01 1.06149700e+03 1.46654500e+02 1.41863900e-01 1.59603500e-01 3.38655900e+03 1.03361400e-02 8.16926400e-01 4.50700200e-01 7.31910300e+01 6.38392900e+02 8.32695600e+01 1.52324600e+03 8.99691900e+01 1.97370300e+03 9.55756600e+01 2.29706000e+03 2.36228400e+02 5.74879600e+03 4.56315900e-01 7.51416400e-01 4.75389500e-01 6.66401700e-01 4.74338800e-01 6.23777300e-01 4.69592100e-01 5.93621500e-01 2.99426500e-01 3.08828500e-01 1.22835200e+01 3.98440100e+02 1.88752000e+03 3.31077000e-02 1.21731700e+00 4.90008500e+00 1.00396500e+01 2.29824300e+03 6.15051000e+00
3.75558900e-03 1.15903300e+03 2.28427500e-02 1.18389200e-01 1.04002600e+00 6.50052600e-02 3.07115000e+00 9.58870400e-01 9.96767700e-01 6.80133100e+01 6.93292500e-01 3.06707500e-01 1.41877000e-01 9.64952700e-02 8.11922700e-01 8.20949100e-01 4.49652400e-01 6.04221000e-01 9.84504600e-01 9.99740500e+01 2.47382100e+00 8.59222400e+00 2.15666900e+00 1.89374200e+00 1.26630400e+03 5.88084000e+03 2.55255100e+03 8.19723900e+02 2.31854900e+02 9.58870400e-01 2.45574800e-01 2.46902000e-01 2.50106800e+00 1.37694500e+01 1.08919700e+03 1.44486500e+02 1.04017000e+00 1.38906700e+01 1.06092500e+03 1.46991900e+02 1.41321800e-01 1.60035900e-01 3.37500000e+03 1.03008700e-02 8.18804100e-01 4.51880900e-01 7.32508900e+01 6.37741300e+02 8.32900400e+01 1.52212500e+03 8.99662500e+01 1.97253400e+03 9.55544200e+01 2.29593300e+03 2.35884300e+02 5.75099200e+03 4.54625600e-01 7.50742100e-01 4.74081800e-01 6.66002600e-01 4.73246000e-01 6.23486400e-01 4.68650600e-01 5.93396000e-01 2.99387100e-01 3.08868200e-01 1.11690200e+01 3.99882400e+02 1.88972800e+03 1.16355800e-02 1.40705700e+00 4.16746400e+00 1.16994100e+01 2.30078000e+03 5.58615600e+00
6.91004300e-03 1.15643900e+03 2.37707700e-02 1.16281000e-01 1.03959000e+00 6.13083100e-02 3.06999400e+00 9.63962900e-01 9.97576700e-01 6.93975800e+01 7.07856700e-01 2.92143300e-01 1.40696900e-01 9.76402800e-02 8.01078400e-01 7.90519200e-01 4.32985200e-01 5.88944000e-01 9.61618600e-01 1.01692200e+02 2.43564700e+00 7.99408000e+00 2.15417700e+00 1.90559100e+00 1.27292900e+03 6.02461400e+03 2.57874000e+03 8.32730900e+02 2.36887800e+02 9.63962900e-01 2.45972000e-01 2.47300700e-01 2.34418400e+00 1.36797300e+01 1.08794700e+03 1.44321600e+02 1.03963300e+00 1.38819800e+01 1.06283200e+03 1.46535700e+02 1.42445100e-01 1.58873400e-01 3.34679100e+03 1.02148000e-02 8.26220000e-01 4.55029300e-01 7.44944800e+01 6.26057800e+02 8.43083600e+01 1.49772100e+03 9.08569100e+01 1.94320700e+03 9.63487400e+01 2.26368900e+03 2.35387600e+02 5.71159700e+03 4.38993400e-01 7.42176500e-01 4.61394600e-01 6.60028300e-01 4.62292100e-01 6.18574100e-01 4.58943900e-01 5.89144500e-01 2.97839500e-01 3.07961900e-01 9.94955900e+00 3.97536200e+02 1.88804600e+03 5.73564200e-02 2.50994400e+00 3.81116400e+00 1.09673500e+01 2.29553200e+03 6.37846400e+00
6.12975500e-03 1.15931200e+03 2.44207900e-02 1.15733100e-01 1.04107900e+00 4.94221800e-02 3.05960900e+00 9.83520800e-01 9.99017400e-01 7.06536900e+01 7.17947500e-01 2.82052500e-01 1.40799000e-01 9.94796800e-02 7.99345600e-01 7.75066400e-01 4.24521400e-01 5.82528400e-01 9.50970800e-01 1.03137700e+02 2.37068900e+00 6.72149700e+00 2.13192300e+00 1.93127400e+00 1.24190500e+03 6.06531700e+03 2.63205700e+03 8.61038200e+02 2.47210300e+02 9.83520800e-01 2.46184600e-01 2.47514000e-01 2.24293900e+00 1.35680200e+01 1.08719900e+03 1.43965100e+02 1.04105900e+00 1.38287200e+01 1.06424300e+03 1.45976400e+02 1.43456400e-01 1.58360900e-01 3.34923000e+03 1.02222400e-02 8.28798200e-01 4.55917300e-01 7.56729400e+01 6.15593700e+02 8.53580400e+01 1.47511000e+03 9.18363000e+01 1.91548300e+03 9.72766800e+01 2.23272900e+03 2.35839900e+02 5.66337100e+03 4.31183400e-01 7.41611400e-01 4.55737600e-01 6.60696100e-01 4.57847200e-01 6.19695100e-01 4.55352700e-01 5.90522100e-01 2.98966100e-01 3.09653700e-01 1.01892000e+01 3.95827700e+02 1.89234600e+03 2.89187100e-01 3.52531600e+00 6.26438900e+00 1.01822600e+01 2.29836300e+03 1.00788900e+01
3.66227000e-03 1.15738900e+03 2.45637100e-02 1.14868200e-01 1.03945100e+00 5.43169000e-02 3.07256800e+00 9.72998700e-01 1.00129100e+00 7.05328400e+01 7.18431300e-01 2.81568700e-01 1.40077100e-01 9.88003300e-02 7.96018500e-01 7.71178100e-01 4.22391700e-01 5.79854800e-01 9.47823600e-01 1.03015400e+02 2.40154500e+00 7.15179400e+00 2.15972900e+00 1.93740400e+00 1.27804300e+03 6.18106900e+03 2.63216200e+03 8.55862200e+02 2.44988900e+02 9.72998700e-01 2.46242100e-01 2.47571700e-01 2.22158500e+00 1.35978100e+01 1.08697600e+03 1.44079900e+02 1.03941400e+00 1.38616400e+01 1.06447200e+03 1.46053000e+02 1.43454500e-01 1.57986900e-01 3.33197300e+03 1.01695900e-02 8.31110600e-01 4.56962500e-01 7.55340900e+01 6.16691700e+02 8.51880700e+01 1.47785500e+03 9.16462500e+01 1.91912400e+03 9.70701300e+01 2.23703700e+03 2.35252700e+02 5.67573000e+03 4.29067700e-01 7.38574300e-01 4.53622700e-01 6.58046700e-01 4.55780900e-01 6.17234100e-01 4.53336900e-01 5.88192000e-01 2.97811800e-01 3.08481300e-01 1.12193400e+01 3.95678200e+02 1.88805600e+03 2.59085200e-01 3.43847500e+00 5.83177600e+00 1.02946500e+01 2.29495300e+03 9.52933700e+00
8.88367400e-04 1.15923400e+03 2.36466400e-02 1.18089100e-01 1.03819500e+00 5.01393700e-02 3.05672100e+00 9.55097600e-01 9.97249400e-01 6.81707800e+01 6.93623800e-01 3.06376200e-01 1.42380800e-01 9.70621300e-02 7.98877300e-01 8.07322400e-01 4.42188700e-01 5.94352200e-01 9.67566800e-01 9.96619200e+01 2.45984300e+00 6.96258500e+00 2.12577300e+00 1.92294300e+00 1.29705900e+03 6.07183000e+03 2.58886600e+03 8.32611300e+02 2.36315800e+02 9.55097600e-01 2.45925100e-01 2.47253600e-01 2.36429500e+00 1.37419300e+01 1.08823600e+03 1.43949400e+02 1.03824500e+00 1.38646900e+01 1.06267900e+03 1.46194500e+02 1.42736200e-01 1.58747100e-01 3.38704300e+03 1.03376100e-02 8.17422300e-01 4.50521300e-01 7.34138700e+01 6.36302400e+02 8.34668300e+01 1.51876800e+03 9.01527200e+01 1.96823500e+03 9.57492200e+01 2.29097000e+03 2.36312700e+02 5.73945800e+03 4.47111000e-01 7.38710700e-01 4.66324500e-01 6.55363200e-01 4.65539200e-01 6.13540200e-01 4.61043000e-01 5.83938500e-01 2.94623200e-01 3.03970300e-01 1.40522500e+01 3.95649700e+02 1.89109400e+03 3.19065000e-02 1.21731700e+00 5.18348200e+00 1.12382700e+01 2.30079600e+03 6.43270600e+00
1.34072100e-02 1.15466100e+03 2.28176800e-02 1.18129900e-01 1.04024900e+00 5.28935100e-02 3.04957500e+00 9.69746600e-01 1.00072700e+00 6.81597900e+01 6.95221300e-01 3.04778700e-01 1.41592800e-01 9.65093300e-02 8.05940600e-01 8.12334100e-01 4.44933700e-01 5.98824000e-01 9.76200300e-01 1.00255100e+02 2.42262900e+00 7.41119400e+00 2.11063600e+00 1.89876300e+00 1.23718500e+03 5.84006500e+03 2.56965500e+03 8.30018300e+02 2.35267500e+02 9.69746600e-01 2.45563800e-01 2.46890900e-01 2.50560200e+00 1.37646100e+01 1.08920500e+03 1.44572900e+02 1.04038200e+00 1.38961400e+01 1.06084800e+03 1.47088300e+02 1.41201500e-01 1.60109200e-01 3.36820500e+03 1.02801400e-02 8.20132200e-01 4.52596400e-01 7.33723000e+01 6.36549900e+02 8.33779600e+01 1.51973700e+03 9.00347900e+01 1.96973800e+03 9.56081000e+01 2.29292300e+03 2.35708700e+02 5.74874400e+03 4.50050100e-01 7.45399200e-01 4.69783000e-01 6.61470700e-01 4.69176100e-01 6.19330400e-01 4.64767000e-01 5.89494400e-01 2.97494300e-01 3.07001800e-01 8.62392500e+00 3.95793600e+02 1.88936300e+03 2.62777300e-03 1.60798500e+00 3.81763100e+00 1.01122900e+01 2.29378100e+03 5.42824400e+00
2.71429300e-03 1.15575500e+03 2.32030900e-02 1.18553200e-01 1.03949500e+00 5.28588100e-02 3.05492800e+00 9.67779100e-01 9.97221900e-01 6.80755600e+01 6.92721700e-01 3.07278300e-01 1.42401400e-01 9.69405600e-02 8.06639800e-01 8.16366100e-01 4.47142100e-01 6.00568600e-01 9.77651500e-01 9.97681500e+01 2.43644400e+00 7.33184800e+00 2.12196500e+00 1.90908700e+00 1.25026100e+03 5.90586300e+03 2.58021400e+03 8.34271400e+02 2.37107200e+02 9.67779100e-01 2.45746900e-01 2.47074700e-01 2.43816400e+00 1.37500200e+01 1.08878500e+03 1.44168500e+02 1.03958700e+00 1.38678600e+01 1.06172600e+03 1.46555000e+02 1.42046900e-01 1.59480900e-01 3.38753500e+03 1.03391100e-02 8.17116700e-01 4.50721600e-01 7.33239300e+01 6.37149600e+02 8.33891000e+01 1.52056800e+03 9.00816900e+01 1.97042000e+03 9.56831300e+01 2.29339400e+03 2.36300200e+02 5.74294700e+03 4.52056700e-01 7.45796700e-01 4.71251000e-01 6.61548500e-01 4.70349000e-01 6.19288700e-01 4.65734700e-01 5.89383600e-01 2.97334700e-01 3.06725700e-01 1.18184500e+01 3.95765200e+02 1.88669600e+03 2.35806600e-02 1.27934900e+00 4.66508600e+00 1.12626000e+01 2.29427900e+03 5.96801500e+00
2.55829800e-03 1.15761100e+03 2.29645900e-02 1.18732400e-01 1.03915000e+00 4.56445000e-02 3.05252500e+00 9.59667600e-01 1.00319300e+00 6.76983600e+01 6.89417300e-01 3.10582700e-01 1.42342200e-01 9.63633200e-02 8.04516900e-01 8.18583800e-01 4.48356800e-01 6.00591900e-01 9.77791100e-01 9.93609300e+01 2.45415400e+00 6.63604700e+00 2.11687300e+00 1.93218400e+00 1.28260900e+03 5.99730300e+03 2.60412600e+03 8.37493500e+02 2.37059000e+02 9.59667600e-01 2.45632300e-01 2.46959700e-01 2.47918500e+00 1.37850400e+01 1.08908200e+03 1.44304400e+02 1.03927200e+00 1.38851500e+01 1.06119200e+03 1.46770100e+02 1.41650200e-01 1.59728400e-01 3.38611800e+03 1.03347900e-02 8.16440600e-01 4.50537900e-01 7.29728900e+01 6.40453400e+02 8.30766600e+01 1.52765600e+03 8.97898400e+01 1.97908400e+03 9.54061500e+01 2.30305100e+03 2.36147100e+02 5.75795700e+03 4.52990100e-01 7.43508000e-01 4.71400300e-01 6.59160100e-01 4.70113900e-01 6.16904300e-01 4.65247900e-01 5.87022200e-01 2.96014300e-01 3.05217500e-01 1.19368300e+01 3.95949000e+02 1.88913200e+03 5.58109300e-02 1.03858200e+00 5.45032100e+00 1.16593600e+01 2.29701800e+03 6.54471400e+00
1.43087500e-02 1.15653500e+03 2.27039000e-02 1.18570100e-01 1.04078000e+00 5.22849100e-02 3.04581900e+00 9.69221500e-01 1.00146400e+00 6.80865500e+01 6.93861200e-01 3.06138800e-01 1.41919200e-01 9.66278600e-02 8.06755200e-01 8.14967600e-01 4.46376100e-01 6.00096900e-01 9.77712300e-01 1.00153700e+02 2.42279600e+00 7.38067600e+00 2.10272500e+00 1.89395000e+00 1.23344700e+03 5.80745100e+03 2.56181700e+03 8.27052000e+02 2.34248200e+02 9.69221500e-01 2.45517700e-01 2.46844700e-01 2.52608800e+00 1.37618000e+01 1.08938000e+03 1.44545900e+02 1.04093600e+00 1.38861500e+01 1.06061900e+03 1.47097600e+02 1.41108700e-01 1.60329800e-01 3.37600700e+03 1.03039400e-02 8.18826100e-01 4.52014500e-01 7.33204000e+01 6.37095600e+02 8.33539800e+01 1.52072200e+03 9.00273500e+01 1.97080500e+03 9.56135600e+01 2.29399400e+03 2.35937500e+02 5.74772900e+03 4.51361800e-01 7.46020700e-01 4.70820900e-01 6.61876700e-01 4.70057500e-01 6.19649900e-01 4.65537200e-01 5.89760800e-01 2.97574300e-01 3.07025000e-01 8.49376800e+00 3.95747000e+02 1.89307800e+03 4.78300100e-03 1.53969800e+00 3.83489000e+00 1.03707300e+01 2.29731900e+03 5.37937100e+00
1.29153700e-02 1.15666200e+03 2.25012100e-02 1.19384500e-01 1.04009400e+00 5.43351700e-02 3.04354000e+00 9.58592100e-01 9.96598100e-01 6.74017300e+01 6.86262200e-01 3.13737800e-01 1.42530900e-01 9.60683000e-02 8.05573600e-01 8.23811900e-01 4.51220400e-01 6.02902300e-01 9.81227500e-01 9.91533100e+01 2.45250800e+00 7.64312700e+00 2.09793800e+00 1.88190500e+00 1.24964100e+03 5.79113100e+03 2.53412300e+03 8.13041800e+02 2.29317700e+02 9.58592100e-01 2.45444900e-01 2.46771600e-01 2.56169600e+00 1.38065100e+01 1.08970200e+03 1.44490000e+02 1.04026000e+00 1.38898000e+01 1.06020000e+03 1.47108000e+02 1.40949000e-01 1.60469300e-01 3.39063000e+03 1.03485600e-02 8.15081600e-01 4.50196300e-01 7.27034200e+01 6.43057300e+02 8.28526700e+01 1.53310100e+03 8.95912300e+01 1.98563900e+03 9.52264900e+01 2.31027100e+03 2.36205400e+02 5.76727300e+03 4.55612300e-01 7.44172800e-01 4.73339200e-01 6.59407700e-01 4.71680400e-01 6.16994500e-01 4.66555900e-01 5.87020600e-01 2.95891200e-01 3.04952300e-01 8.69867500e+00 3.96190800e+02 1.88988100e+03 7.59300300e-02 9.81866700e-01 5.61605500e+00 1.18794600e+01 2.29477100e+03 6.67385100e+00
4.11506100e-03 1.15770500e+03 2.32168000e-02 1.20065500e-01 1.04053500e+00 5.05932100e-02 3.04973100e+00 9.60009700e-01 9.97491900e-01 6.79071000e+01 6.87886100e-01 3.12113900e-01 1.43927400e-01 9.77369500e-02 8.08207900e-01 8.24364000e-01 4.51522800e-01 6.04089600e-01 9.80766100e-01 9.92413300e+01 2.45742200e+00 7.12432900e+00 2.11096600e+00 1.90781600e+00 1.26586800e+03 5.90851600e+03 2.56871000e+03 8.28071400e+02 2.35042500e+02 9.60009700e-01 2.45753000e-01 2.47080800e-01 2.43585500e+00 1.37236200e+01 1.08889600e+03 1.43770300e+02 1.04063500e+00 1.38156400e+01 1.06187800e+03 1.46142800e+02 1.42499200e-01 1.59575600e-01 3.42401200e+03 1.04504100e-02 8.11470300e-01 4.47798700e-01 7.32241200e+01 6.38365700e+02 8.34027100e+01 1.52231100e+03 9.01632700e+01 1.97192200e+03 9.58181100e+01 2.29452100e+03 2.37409900e+02 5.73246000e+03 4.56038600e-01 7.46767200e-01 4.74191000e-01 6.61882400e-01 4.72719200e-01 6.19382600e-01 4.67708800e-01 5.89337400e-01 2.97113300e-01 3.06287400e-01 1.09862000e+01 3.95692000e+02 1.89099400e+03 6.70689800e-02 1.03858200e+00 5.59739400e+00 1.10342900e+01 2.29767200e+03 6.70304500e+00
7.77110600e-05 1.16320500e+03 2.41543300e-02 1.19986900e-01 1.03936400e+00 4.98098100e-02 3.06879600e+00 9.52945000e-01 1.00115600e+00 6.83282500e+01 6.89882000e-01 3.10118000e-01 1.44786300e-01 9.89299600e-02 8.08520300e-01 8.22041500e-01 4.50250700e-01 6.03354600e-01 9.78116900e-01 9.91823900e+01 2.49083600e+00 6.86187700e+00 2.15159800e+00 1.94758700e+00 1.31863200e+03 6.15894100e+03 2.61487200e+03 8.42804600e+02 2.40275300e+02 9.52945000e-01 2.46089100e-01 2.47418100e-01 2.28360900e+00 1.36638000e+01 1.08782800e+03 1.43080600e+02 1.03936000e+00 1.37662200e+01 1.06393800e+03 1.45155800e+02 1.44203000e-01 1.58256100e-01 3.44454300e+03 1.05130500e-02 8.09530300e-01 4.46085900e-01 7.36441100e+01 6.34582700e+02 8.38284200e+01 1.51376400e+03 9.05958400e+01 1.96116100e+03 9.62578500e+01 2.28225300e+03 2.38179000e+02 5.70724400e+03 4.54930800e-01 7.47251300e-01 4.73533900e-01 6.62525800e-01 4.72294600e-01 6.20073300e-01 4.67440900e-01 5.90049400e-01 2.97543700e-01 3.06820900e-01 1.89250300e+01 3.95620200e+02 1.89424900e+03 7.68242900e-02 9.81866700e-01 6.31525100e+00 1.02417100e+01 2.30879400e+03 7.37394200e+00
3.26324100e-05 1.16065200e+03 2.37849300e-02 1.19032700e-01 1.03888900e+00 4.94535000e-02 3.06941800e+00 9.70619500e-01 1.00175300e+00 6.81890900e+01 6.91461400e-01 3.08538600e-01 1.43462800e-01 9.78259600e-02 8.12050800e-01 8.23526000e-01 4.51063800e-01 6.05216200e-01 9.83389900e-01 9.94182400e+01 2.45066700e+00 6.88018800e+00 2.15293700e+00 1.95018800e+00 1.27114600e+03 6.05652900e+03 2.63548900e+03 8.55705300e+02 2.44593700e+02 9.70619500e-01 2.45976900e-01 2.47305500e-01 2.34190600e+00 1.37110800e+01 1.08815900e+03 1.43602500e+02 1.03893000e+00 1.38221500e+01 1.06306100e+03 1.45797900e+02 1.43258700e-01 1.58654800e-01 3.41290500e+03 1.04165200e-02 8.13726800e-01 4.48518700e-01 7.34703700e+01 6.35968000e+02 8.35882200e+01 1.51745300e+03 9.03139400e+01 1.96619100e+03 9.59422200e+01 2.28831300e+03 2.37139300e+02 5.72681800e+03 4.55884000e-01 7.50675700e-01 4.74930100e-01 6.65739600e-01 4.73875900e-01 6.23155200e-01 4.69130800e-01 5.93028000e-01 2.99117800e-01 3.08512300e-01 2.06604100e+01 3.95664100e+02 1.88765800e+03 5.17656700e-02 1.09677200e+00 5.65284900e+00 1.05192000e+01 2.30398200e+03 6.80138600e+00
1.05064700e-03 1.15667000e+03 2.34969400e-02 1.18447700e-01 1.03907700e+00 5.03072400e-02 3.06008000e+00 9.74595600e-01 1.00101900e+00 6.82183800e+01 6.93602200e-01 3.06397800e-01 1.42589800e-01 9.72724600e-02 8.08837900e-01 8.17417000e-01 4.47717700e-01 6.01773300e-01 9.79288800e-01 9.97780000e+01 2.42724300e+00 7.01446500e+00 2.13292700e+00 1.92876600e+00 1.24646900e+03 5.95687800e+03 2.61208400e+03 8.48651000e+02 2.42218900e+02 9.74595600e-01 2.45864400e-01 2.47192600e-01 2.38887600e+00 1.37324000e+01 1.08843600e+03 1.43971400e+02 1.03913800e+00 1.38548900e+01 1.06237400e+03 1.46262600e+02 1.42563000e-01 1.59052200e-01 3.39203800e+03 1.03528500e-02 8.16796100e-01 4.50328000e-01 7.34620900e+01 6.35888600e+02 8.35231000e+01 1.51776800e+03 9.02142500e+01 1.96692900e+03 9.58151200e+01 2.28944400e+03 2.36484200e+02 5.73548300e+03 4.52721100e-01 7.47915700e-01 4.72161900e-01 6.63523600e-01 4.71360300e-01 6.21177300e-01 4.66803700e-01 5.91205600e-01 2.98287100e-01 3.07748200e-01 1.37167000e+01 3.95660900e+02 1.88766700e+03 2.36571300e-02 1.27934900e+00 4.79749800e+00 1.01937900e+01 2.29704500e+03 6.10050400e+00
1.11635700e-02 1.15467200e+03 2.36893500e-02 1.17329500e-01 1.03914000e+00 4.92329900e-02 3.04928700e+00 9.63654700e-01 9.99774100e-01 6.87970000e+01 7.00690600e-01 2.99309400e-01 1.41664000e-01 9.74605500e-02 7.96437800e-01 7.95520600e-01 4.35724600e-01 5.89090400e-01 9.60211900e-01 1.00680700e+02 2.42322700e+00 6.85272200e+00 2.11003000e+00 1.91216500e+00 1.26981500e+03 6.01270400e+03 2.58474600e+03 8.35011900e+02 2.37429600e+02 9.63654700e-01 2.45942000e-01 2.47270500e-01 2.35734800e+00 1.37062000e+01 1.08812600e+03 1.44112500e+02 1.03918400e+00 1.38678500e+01 1.06275600e+03 1.46344600e+02 1.42597700e-01 1.58865000e-01 3.36990600e+03 1.02853300e-02 8.21390200e-01 4.52573200e-01 7.39693700e+01 6.31017800e+02 8.39085600e+01 1.50785000e+03 9.05295800e+01 1.95519900e+03 9.60768900e+01 2.27671400e+03 2.35948600e+02 5.72364800e+03 4.41175900e-01 7.37155300e-01 4.61880900e-01 6.54758600e-01 4.61925200e-01 6.13298000e-01 4.58010300e-01 5.83909200e-01 2.94893100e-01 3.04572600e-01 8.99019900e+00 3.95659300e+02 1.88908900e+03 9.83222400e-04 1.81943000e+00 3.74877400e+00 1.00359400e+01 2.29373800e+03 5.56918700e+00
1.10806600e-02 1.15906100e+03 2.33918100e-02 1.14990200e-01 1.03839900e+00 6.13377500e-02 3.07490300e+00 9.62105900e-01 1.00357000e+00 6.91449000e+01 7.09210100e-01 2.90789900e-01 1.39027100e-01 9.61301800e-02 7.98450200e-01 7.86098300e-01 4.30563800e-01 5.86330700e-01 9.60213400e-01 1.01845400e+02 2.43835900e+00 8.05511500e+00 2.16477700e+00 1.91485500e+00 1.28441900e+03 6.06463600e+03 2.59254700e+03 8.34079900e+02 2.36373600e+02 9.62105900e-01 2.45823900e-01 2.47152000e-01 2.40638200e+00 1.37471000e+01 1.08826400e+03 1.44950900e+02 1.03848600e+00 1.39579000e+01 1.06191600e+03 1.47292700e+02 1.41379000e-01 1.59200600e-01 3.30687600e+03 1.00930200e-02 8.31641100e-01 4.58097000e-01 7.42039700e+01 6.28409500e+02 8.39417200e+01 1.50368300e+03 9.04416100e+01 1.95116400e+03 9.58936500e+01 2.27314300e+03 2.34036200e+02 5.73953000e+03 4.36635600e-01 7.39884000e-01 4.59267300e-01 6.58149500e-01 4.60327800e-01 6.16880900e-01 4.57105600e-01 5.87574300e-01 2.97114300e-01 3.07277000e-01 9.00510800e+00 3.97616400e+02 1.89282000e+03 7.36903300e-02 2.59136600e+00 3.94872100e+00 1.20674800e+01 2.29944100e+03 6.61377700e+00
3.12713000e-04 1.16267000e+03 2.29822800e-02 1.17702500e-01 1.03783900e+00 5.70123100e-02 3.07594800e+00 9.63494400e-01 1.00346200e+00 6.76361100e+01 6.91058100e-01 3.08941900e-01 1.41329900e-01 9.55900300e-02 8.10331200e-01 8.22319000e-01 4.50402700e-01 6.04131900e-01 9.85310900e-01 9.94386100e+01 2.46856000e+00 7.77435300e+00 2.16704100e+00 1.93351200e+00 1.27874200e+03 6.00758000e+03 2.60981100e+03 8.40197600e+02 2.38230900e+02 9.63494400e-01 2.45641000e-01 2.46968500e-01 2.47605500e+00 1.38179200e+01 1.08897100e+03 1.44557700e+02 1.03796500e+00 1.39270200e+01 1.06119200e+03 1.47020000e+02 1.41391100e-01 1.59540000e-01 3.36192100e+03 1.02609600e-02 8.19842800e-01 4.52263500e-01 7.28823700e+01 6.41127400e+02 8.29296100e+01 1.52966800e+03 8.96077900e+01 1.98195600e+03 9.51960100e+01 2.30661000e+03 2.35359000e+02 5.77150500e+03 4.55185100e-01 7.49049100e-01 4.74105500e-01 6.64257100e-01 4.73008200e-01 6.21751200e-01 4.68242200e-01 5.91682000e-01 2.98437600e-01 3.07787200e-01 1.61404500e+01 3.96590900e+02 1.89403800e+03 4.91223200e-02 1.09677200e+00 5.47972900e+00 1.19453000e+01 2.30676900e+03 6.62562300e+00
3.39106700e-04 1.15978600e+03 2.34191700e-02 1.19027100e-01 1.03828600e+00 4.98469200e-02 3.06407100e+00 9.56224600e-01 1.00242900e+00 6.76837200e+01 6.87647300e-01 3.12352700e-01 1.43091500e-01 9.68496100e-02 8.06436900e-01 8.22872200e-01 4.50705700e-01 6.02881100e-01 9.80230600e-01 9.89493700e+01 2.47731800e+00 6.99005100e+00 2.14145600e+00 1.93826300e+00 1.29931200e+03 6.06870200e+03 2.60732200e+03 8.38721000e+02 2.38079000e+02 9.56224600e-01 2.45834400e-01 2.47162500e-01 2.40180400e+00 1.37660300e+01 1.08857400e+03 1.43882000e+02 1.03836400e+00 1.38566000e+01 1.06226000e+03 1.46193800e+02 1.42583500e-01 1.59009800e-01 3.40402900e+03 1.03894400e-02 8.13819500e-01 4.48818400e-01 7.29860500e+01 6.40466100e+02 8.31381200e+01 1.52725900e+03 8.98806900e+01 1.97829300e+03 9.55203000e+01 2.30190200e+03 2.36712200e+02 5.75020900e+03 4.55203700e-01 7.45106900e-01 4.73261300e-01 6.60384900e-01 4.71763900e-01 6.17970600e-01 4.66744800e-01 5.87987400e-01 2.96428200e-01 3.05568100e-01 1.59783900e+01 3.95688200e+02 1.88908200e+03 1.04925400e-01 8.72797100e-01 6.87420900e+00 1.09721400e+01 2.30074900e+03 7.85193100e+00
3.39380800e-04 1.15835000e+03 2.34539700e-02 1.18374100e-01 1.03996300e+00 5.54977400e-02 3.07566800e+00 9.75123700e-01 1.00313200e+00 6.85076900e+01 6.96432900e-01 3.03567100e-01 1.42473200e-01 9.76051300e-02 8.16072100e-01 8.20909400e-01 4.49630600e-01 6.05748300e-01 9.85959000e-01 1.00244900e+02 2.44236100e+00 7.53936800e+00 2.16643600e+00 1.93883600e+00 1.25384600e+03 5.98316300e+03 2.62652700e+03 8.53278700e+02 2.43638400e+02 9.75123700e-01 2.45847700e-01 2.47175900e-01 2.39600300e+00 1.37097100e+01 1.08847900e+03 1.44023200e+02 1.04004000e+00 1.38478500e+01 1.06229800e+03 1.46326400e+02 1.42462000e-01 1.59245900e-01 3.38925100e+03 1.03443500e-02 8.17883000e-01 4.50946800e-01 7.37301000e+01 6.33371400e+02 8.37512200e+01 1.51244800e+03 9.04202400e+01 1.96048700e+03 9.60046600e+01 2.28231600e+03 2.36480300e+02 5.72565500e+03 4.54879500e-01 7.54894800e-01 4.75139700e-01 6.70035200e-01 4.74673900e-01 6.27406700e-01 4.70311300e-01 5.97217100e-01 3.01436800e-01 3.11130200e-01 1.59767800e+01 3.96017400e+02 1.88757100e+03 3.05800000e-03 1.53969800e+00 3.99470400e+00 1.15971800e+01 2.29956500e+03 5.53746100e+00
1.39555400e-02 1.15831700e+03 2.23898700e-02 1.17984500e-01 1.03912900e+00 5.95709400e-02 3.05611500e+00 9.72480200e-01 1.00311300e+00 6.74823000e+01 6.90329800e-01 3.09670200e-01 1.41019500e-01 9.51632100e-02 8.09730500e-01 8.22677500e-01 4.50599000e-01 6.04039600e-01 9.85701800e-01 9.96080500e+01 2.42985300e+00 8.16803000e+00 2.12448600e+00 1.88586800e+00 1.21985300e+03 5.75250200e+03 2.55313100e+03 8.23840200e+02 2.33059800e+02 9.72480200e-01 2.45403400e-01 2.46729900e-01 2.58177900e+00 1.38404600e+01 1.08971800e+03 1.44939000e+02 1.03931500e+00 1.39456400e+01 1.05981800e+03 1.47606200e+02 1.40340700e-01 1.60519600e-01 3.35450200e+03 1.02383300e-02 8.20558700e-01 4.53113600e-01 7.27262800e+01 6.42558100e+02 8.27717000e+01 1.53289900e+03 8.94475400e+01 1.98602400e+03 9.50332600e+01 2.31124700e+03 2.35077100e+02 5.78101000e+03 4.55336700e-01 7.48419600e-01 4.74075300e-01 6.63617400e-01 4.72890400e-01 6.21118700e-01 4.68067600e-01 5.91059200e-01 2.98096700e-01 3.07400900e-01 8.54375700e+00 3.97206400e+02 1.89332000e+03 3.34448800e-02 1.21731700e+00 4.73529300e+00 1.15782400e+01 2.29907000e+03 5.98605600e+00
6.71393600e-07 1.17738900e+03 2.24644000e-02 1.14065900e-01 1.03971700e+00 4.50867300e-02 3.00751700e+00 9.54117500e-01 1.00373700e+00 6.91705300e+01 7.13295700e-01 2.86704300e-01 1.37175500e-01 9.48849900e-02 7.71452600e-01 7.54163800e-01 4.13072600e-01 5.64505000e-01 9.27574300e-01 1.02772400e+02 2.36702600e+00 6.61163300e+00 2.02370800e+00 1.84920900e+00 1.25381400e+03 5.84583800e+03 2.50419100e+03 7.98684900e+02 2.23485200e+02 9.54117500e-01 2.45431600e-01 2.46758300e-01 2.56821600e+00 1.37966300e+01 1.08928100e+03 1.45916400e+02 1.03989600e+00 1.40318300e+01 1.05974200e+03 1.48578300e+02 1.39375000e-01 1.60638800e-01 3.26261400e+03 9.95797400e-03 8.38479000e-01 4.62403100e-01 7.41571700e+01 6.28515700e+02 8.37780800e+01 1.50492000e+03 9.02061500e+01 1.95342400e+03 9.56009100e+01 2.27631600e+03 2.32616400e+02 5.75959700e+03 4.19252900e-01 7.15267300e-01 4.41969700e-01 6.36702400e-01 4.43461400e-01 5.96969100e-01 4.40673200e-01 5.68727500e-01 2.87758700e-01 2.97797800e-01 2.84278200e+01 3.96106300e+02 1.90895600e+03 2.17155700e-01 3.26523000e+00 5.54293700e+00 1.22627400e+01 2.33349000e+03 9.02532200e+00
8.96297900e-03 1.16062500e+03 2.25456300e-02 1.16858800e-01 1.03941600e+00 5.18614600e-02 3.03062900e+00 9.44957500e-01 9.97153600e-01 6.81085200e+01 6.98088900e-01 3.01911100e-01 1.40049600e-01 9.53857300e-02 7.87007200e-01 7.89509900e-01 4.32432400e-01 5.83375800e-01 9.53625700e-01 1.00617400e+02 2.44099100e+00 7.34100300e+00 2.07102500e+00 1.86697800e+00 1.28384800e+03 5.88782200e+03 2.51152800e+03 7.98815900e+02 2.23788400e+02 9.44957500e-01 2.45460700e-01 2.46787500e-01 2.55389600e+00 1.38112200e+01 1.08942700e+03 1.45113700e+02 1.03957900e+00 1.39588900e+01 1.06012300e+03 1.47730900e+02 1.40323600e-01 1.60386700e-01 3.33131800e+03 1.01675900e-02 8.25482900e-01 4.55568400e-01 7.32721200e+01 6.37211200e+02 8.31871900e+01 1.52201600e+03 8.97881500e+01 1.97315100e+03 9.53167700e+01 2.29727500e+03 2.34515500e+02 5.76785700e+03 4.37636000e-01 7.28172000e-01 4.57534000e-01 6.46497700e-01 4.57276400e-01 6.05442700e-01 4.53200600e-01 5.76357400e-01 2.90986200e-01 3.00413300e-01 9.42930500e+00 3.95854100e+02 1.89926100e+03 5.49325600e-04 1.81943000e+00 3.56146000e+00 1.13240700e+01 2.30454500e+03 5.38143900e+00
1.32862200e-05 1.16583800e+03 2.35024000e-02 1.18692500e-01 1.04076200e+00 6.99255600e-02 3.10664900e+00 9.68400100e-01 1.00378200e+00 6.87054400e+01 6.97400900e-01 3.02599100e-01 1.42840000e-01 9.81388700e-02 8.28315000e-01 8.31895300e-01 4.55647800e-01 6.14345100e-01 9.99309400e-01 1.00441700e+02 2.49480500e+00 8.89434800e+00 2.23460400e+00 1.94296100e+00 1.28005400e+03 6.03064400e+03 2.62497000e+03 8.49749700e+02 2.42566000e+02 9.68400100e-01 2.45866600e-01 2.47194800e-01 2.38797300e+00 1.36827100e+01 1.08845200e+03 1.43904200e+02 1.04082300e+00 1.38260000e+01 1.06241200e+03 1.46191800e+02 1.42643700e-01 1.59294400e-01 3.39801900e+03 1.03711000e-02 8.17062700e-01 4.50504500e-01 7.39245400e+01 6.31637500e+02 8.39466300e+01 1.50853500e+03 9.06177600e+01 1.95556500e+03 9.62046400e+01 2.27670900e+03 2.36815300e+02 5.71425700e+03 4.61064400e-01 7.66317000e-01 4.81844400e-01 6.80280700e-01 4.81486800e-01 6.37045100e-01 4.77137700e-01 6.06419400e-01 3.06119300e-01 3.16008400e-01 2.24575700e+01 4.01751300e+02 1.88972800e+03 2.09072900e-04 1.67729600e+00 3.74587700e+00 1.23160800e+01 2.31393700e+03 5.42338200e+00
1.10973500e-06 1.16596800e+03 2.34308300e-02 1.20225500e-01 1.03960700e+00 6.13190300e-02 3.09262500e+00 9.61796300e-01 1.00260700e+00 6.77166700e+01 6.85312400e-01 3.14687600e-01 1.44301500e-01 9.77161700e-02 8.25050300e-01 8.45005600e-01 4.62828600e-01 6.17945700e-01 1.00261100e+00 9.87773400e+01 2.50978000e+00 8.13751200e+00 2.20348400e+00 1.94916600e+00 1.29236300e+03 6.04135000e+03 2.62273500e+03 8.46729300e+02 2.41310200e+02 9.61796300e-01 2.45838900e-01 2.47167000e-01 2.39985600e+00 1.37304400e+01 1.08866000e+03 1.43567200e+02 1.03967900e+00 1.38088000e+01 1.06237400e+03 1.45868600e+02 1.42944100e-01 1.59157600e-01 3.43295400e+03 1.04776900e-02 8.09757800e-01 4.46729500e-01 7.30608900e+01 6.39977900e+02 8.32843000e+01 1.52553700e+03 9.00706700e+01 1.97569800e+03 9.57452500e+01 2.29858600e+03 2.37638400e+02 5.73558700e+03 4.67223300e-01 7.62070000e-01 4.85164400e-01 6.75162000e-01 4.83353800e-01 6.31692100e-01 4.78029700e-01 6.00977200e-01 3.02879400e-01 3.12117400e-01 2.74227800e+01 3.98108000e+02 1.88725300e+03 1.27094200e-01 7.68898900e-01 7.14001500e+00 1.11152500e+01 2.31278400e+03 8.03600800e+00
2.96896000e-04 1.15858200e+03 2.35820200e-02 1.19110500e-01 1.04035300e+00 5.16929300e-02 3.06556800e+00 9.76267600e-01 9.99969600e-01 6.84857200e+01 6.94395200e-01 3.05604800e-01 1.43337600e-01 9.81657900e-02 8.14696800e-01 8.22271900e-01 4.50376900e-01 6.05739700e-01 9.84455300e-01 9.99852900e+01 2.43310600e+00 7.14874300e+00 2.14466400e+00 1.93401200e+00 1.24558400e+03 5.95471600e+03 2.61944900e+03 8.52530300e+02 2.43770900e+02 9.76267600e-01 2.45898800e-01 2.47227200e-01 2.37486100e+00 1.36886600e+01 1.08839500e+03 1.43736800e+02 1.04040400e+00 1.38154800e+01 1.06264100e+03 1.45994400e+02 1.42908300e-01 1.59120700e-01 3.40991300e+03 1.04073900e-02 8.14833700e-01 4.49277600e-01 7.37379500e+01 6.33451900e+02 8.38152400e+01 1.51214500e+03 9.05184600e+01 1.95976900e+03 9.61300100e+01 2.28121300e+03 2.37128900e+02 5.71711200e+03 4.55467600e-01 7.53413600e-01 4.75229500e-01 6.68489500e-01 4.74517700e-01 6.25862900e-01 4.69993400e-01 5.95687800e-01 3.00576100e-01 3.10148700e-01 1.62442600e+01 3.95670000e+02 1.88948300e+03 1.19015400e-02 1.40705700e+00 4.32074400e+00 1.00279300e+01 2.30139700e+03 5.73970300e+00
2.43160200e-05 1.16060800e+03 2.39474100e-02 1.18469900e-01 1.03963800e+00 5.47685000e-02 3.07672100e+00 9.77054400e-01 9.99420100e-01 6.87786900e+01 6.97574800e-01 3.02425200e-01 1.43062500e-01 9.83964800e-02 8.15042100e-01 8.18329800e-01 4.48217700e-01 6.04414000e-01 9.82772700e-01 1.00256900e+02 2.43810500e+00 7.36846900e+00 2.16871700e+00 1.94371000e+00 1.25500000e+03 6.02886500e+03 2.63402900e+03 8.58434800e+02 2.46047700e+02 9.77054400e-01 2.46026500e-01 2.47355300e-01 2.31599100e+00 1.36703500e+01 1.08793100e+03 1.43622800e+02 1.03965500e+00 1.38144700e+01 1.06340400e+03 1.45767500e+02 1.43394200e-01 1.58593100e-01 3.40333600e+03 1.03873200e-02 8.16467600e-01 4.49841800e-01 7.40004400e+01 6.30977200e+02 8.40281400e+01 1.50700000e+03 9.07032700e+01 1.95360200e+03 9.62936200e+01 2.27444600e+03 2.37005300e+02 5.70907000e+03 4.53559300e-01 7.54055100e-01 4.74045000e-01 6.69414700e-01 4.73713800e-01 6.26877600e-01 4.69448700e-01 5.96745800e-01 3.01240500e-01 3.10981900e-01 2.12487500e+01 3.95799500e+02 1.88840800e+03 3.14233000e-03 1.53969800e+00 4.13556800e+00 1.00815900e+01 2.30545600e+03 5.67840800e+00
4.96988900e-03 1.15659000e+03 2.32304200e-02 1.17567300e-01 1.04027500e+00 5.74211300e-02 3.06985800e+00 9.76587400e-01 1.00334900e+00 6.87127700e+01 7.00424700e-01 2.99575300e-01 1.41442800e-01 9.71892800e-02 8.12546400e-01 8.11971100e-01 4.44734900e-01 6.01138700e-01 9.80233300e-01 1.00859700e+02 2.42512700e+00 7.76214600e+00 2.15388400e+00 1.92020200e+00 1.23954000e+03 5.91833300e+03 2.60535500e+03 8.45822000e+02 2.41026000e+02 9.76587400e-01 2.45758900e-01 2.47086700e-01 2.43356000e+00 1.37194900e+01 1.08867000e+03 1.44402400e+02 1.04037400e+00 1.38798600e+01 1.06172600e+03 1.46784500e+02 1.41817800e-01 1.59600500e-01 3.36462000e+03 1.02692000e-02 8.21968800e-01 4.53244100e-01 7.38843800e+01 6.31762100e+02 8.38190400e+01 1.50956600e+03 9.04366500e+01 1.95738500e+03 9.59809200e+01 2.27922500e+03 2.35756000e+02 5.72922900e+03 4.50271600e-01 7.52039300e-01 4.71338900e-01 6.67950700e-01 4.71353700e-01 6.25643000e-01 4.67338700e-01 5.95655300e-01 3.00817700e-01 3.10677900e-01 1.06087200e+01 3.96339800e+02 1.88891900e+03 5.21810400e-03 1.96545900e+00 3.52083700e+00 1.18218400e+01 2.29586700e+03 5.49151400e+00
1.23421200e-02 1.15689600e+03 2.34931600e-02 1.18056200e-01 1.03996700e+00 5.24491600e-02 3.05619100e+00 9.50492400e-01 1.00154500e+00 6.86541700e+01 6.98318400e-01 3.01681600e-01 1.42194500e-01 9.76224600e-02 7.99332600e-01 8.01569800e-01 4.39037900e-01 5.92399600e-01 9.64703900e-01 1.00488900e+02 2.46449600e+00 7.22503700e+00 2.12464800e+00 1.91306800e+00 1.30436600e+03 6.05436900e+03 2.57379400e+03 8.25307700e+02 2.33612400e+02 9.50492400e-01 2.45862900e-01 2.47191100e-01 2.38950200e+00 1.37043400e+01 1.08840700e+03 1.44075100e+02 1.04003800e+00 1.38528700e+01 1.06233600e+03 1.46369700e+02 1.42443800e-01 1.59208600e-01 3.38258800e+03 1.03240200e-02 8.19196900e-01 4.51600600e-01 7.38564000e+01 6.32152800e+02 8.38440200e+01 1.50999200e+03 9.04936600e+01 1.95760200e+03 9.60632200e+01 2.27920200e+03 2.36311000e+02 5.72317300e+03 4.44321800e-01 7.39597900e-01 4.64581800e-01 6.56665500e-01 4.64347400e-01 6.14974300e-01 4.60226500e-01 5.85436800e-01 2.95566200e-01 3.05158200e-01 8.78947500e+00 3.95824400e+02 1.89331800e+03 2.88644600e-05 1.67729600e+00 3.77222300e+00 1.04098800e+01 2.29793200e+03 5.44954800e+00
2.44565500e-03 1.15708000e+03 2.31020500e-02 1.18711600e-01 1.04072400e+00 4.95108500e-02 3.05567400e+00 9.71268100e-01 9.99954900e-01 6.83502200e+01 6.95063500e-01 3.04936500e-01 1.42458800e-01 9.73709100e-02 8.10104200e-01 8.16742200e-01 4.47348100e-01 6.01995500e-01 9.79875600e-01 1.00216200e+02 2.42944000e+00 7.01751700e+00 2.12354900e+00 1.92334700e+00 1.24902900e+03 5.91741500e+03 2.60266600e+03 8.42824200e+02 2.39668500e+02 9.71268100e-01 2.45699900e-01 2.47027600e-01 2.45528900e+00 1.37243000e+01 1.08891600e+03 1.44204900e+02 1.04082600e+00 1.38548500e+01 1.06153500e+03 1.46621600e+02 1.41902100e-01 1.59793600e-01 3.38890600e+03 1.03433000e-02 8.17553100e-01 4.51053700e-01 7.35798900e+01 6.34765400e+02 8.36180600e+01 1.51543800e+03 9.02962600e+01 1.96414200e+03 9.58873500e+01 2.28638800e+03 2.36422700e+02 5.73192100e+03 4.52473800e-01 7.49233300e-01 4.72272300e-01 6.64854400e-01 4.71643000e-01 6.22490600e-01 4.67198000e-01 5.92497300e-01 2.98997600e-01 3.08548300e-01 1.20268800e+01 3.95706500e+02 1.89098000e+03 3.54799900e-03 1.53969800e+00 3.87519000e+00 1.00281000e+01 2.29871400e+03 5.41843600e+00
2.46961200e-03 1.15978100e+03 2.34604100e-02 1.18489800e-01 1.04121300e+00 4.96227700e-02 3.06557200e+00 9.73367400e-01 1.00508900e+00 6.88958700e+01 6.99586700e-01 3.00413300e-01 1.42595400e-01 9.82423500e-02 8.12913600e-01 8.13473300e-01 4.45557700e-01 6.01830400e-01 9.79372200e-01 1.00788500e+02 2.43122300e+00 6.95648200e+00 2.14467200e+00 1.94204500e+00 1.25962800e+03 6.00057600e+03 2.63048300e+03 8.53979900e+02 2.43636400e+02 9.73367400e-01 2.45850200e-01 2.47178300e-01 2.39493100e+00 1.36725900e+01 1.08848200e+03 1.43988400e+02 1.04128400e+00 1.38279700e+01 1.06229800e+03 1.46291100e+02 1.42507300e-01 1.59424200e-01 3.39217200e+03 1.03532600e-02 8.18354100e-01 4.51217800e-01 7.40929500e+01 6.30045200e+02 8.40788700e+01 1.50525700e+03 9.07293000e+01 1.95166100e+03 9.63004300e+01 2.27244800e+03 2.36685100e+02 5.70975200e+03 4.51041000e-01 7.52290500e-01 4.71924100e-01 6.68075100e-01 4.71835000e-01 6.25718000e-01 4.67746800e-01 5.95700800e-01 3.00797100e-01 3.10619200e-01 1.20073900e+01 3.95658600e+02 1.89231400e+03 3.32086000e-03 1.89191900e+00 3.51472800e+00 1.41711200e+01 2.29998000e+03 5.40996700e+00
9.22323100e-06 1.16746500e+03 2.32005100e-02 1.20763200e-01 1.04127800e+00 5.04804200e-02 3.07317000e+00 9.60081200e-01 1.00142600e+00 6.78997800e+01 6.86340800e-01 3.13659200e-01 1.44608800e-01 9.81890700e-02 8.20874300e-01 8.39353800e-01 4.59733000e-01 6.14315100e-01 9.96190700e-01 9.91202200e+01 2.49131300e+00 7.12738000e+00 2.16103000e+00 1.95350300e+00 1.29424500e+03 6.02999400e+03 2.62748000e+03 8.47098000e+02 2.40809000e+02 9.60081200e-01 2.45745800e-01 2.47073600e-01 2.43859800e+00 1.37062700e+01 1.08897400e+03 1.43604900e+02 1.04136700e+00 1.37900300e+01 1.06187800e+03 1.45980200e+02 1.42665200e-01 1.59685800e-01 3.44030000e+03 1.05001000e-02 8.09129000e-01 4.46609000e-01 7.32393000e+01 6.38346400e+02 8.34612400e+01 1.52188900e+03 9.02481800e+01 1.97113000e+03 9.59239600e+01 2.29340000e+03 2.37922100e+02 5.72538000e+03 4.64203300e-01 7.58313000e-01 4.82282300e-01 6.71942900e-01 4.80600300e-01 6.28725400e-01 4.75384200e-01 5.98182700e-01 3.01507000e-01 3.10749200e-01 2.31875700e+01 3.95678500e+02 1.89887500e+03 8.01639600e-02 9.81866700e-01 5.77351900e+00 1.03530300e+01 2.31774100e+03 6.83555000e+00
1.16721600e-03 1.15864400e+03 2.35160000e-02 1.18770700e-01 1.04093900e+00 4.64662900e-02 3.05899500e+00 9.75190400e-01 1.00242400e+00 6.87493900e+01 6.97593300e-01 3.02406700e-01 1.42931900e-01 9.82647900e-02 8.11318600e-01 8.14566400e-01 4.46156400e-01 6.01643600e-01 9.78491400e-01 1.00481600e+02 2.42274200e+00 6.62384000e+00 2.13061200e+00 1.94153100e+00 1.25288800e+03 5.98672200e+03 2.63060500e+03 8.55299300e+02 2.44237700e+02 9.75190400e-01 2.45872000e-01 2.47200200e-01 2.38572600e+00 1.36764000e+01 1.08844300e+03 1.43873800e+02 1.04100000e+00 1.38207400e+01 1.06245000e+03 1.46156400e+02 1.42690800e-01 1.59302500e-01 3.40021500e+03 1.03778000e-02 8.16846200e-01 4.50386400e-01 7.39686100e+01 6.31247300e+02 8.39915000e+01 1.50764900e+03 9.06634600e+01 1.95444700e+03 9.62511700e+01 2.27543200e+03 2.36897800e+02 5.71159800e+03 4.51475300e-01 7.50612200e-01 4.71871500e-01 6.66360500e-01 4.71544100e-01 6.24018500e-01 4.67299900e-01 5.94024700e-01 2.99867400e-01 3.09565800e-01 1.35062700e+01 3.96079300e+02 1.89135400e+03 3.63361900e-05 1.67729600e+00 3.70289900e+00 1.09675600e+01 2.30094000e+03 5.38023200e+00
1.63951100e-04 1.16027900e+03 2.36354600e-02 1.18164200e-01 1.04082800e+00 5.79006800e-02 3.08096000e+00 9.76799800e-01 1.00121800e+00 6.90277100e+01 7.01049300e-01 2.98950700e-01 1.42444800e-01 9.83263600e-02 8.18006400e-01 8.16574600e-01 4.47256300e-01 6.04862400e-01 9.84566300e-01 1.00908300e+02 2.43979600e+00 7.73162800e+00 2.17793100e+00 1.93977900e+00 1.25367200e+03 5.99831900e+03 2.63035600e+03 8.55828000e+02 2.44781200e+02 9.76799800e-01 2.45920600e-01 2.47249000e-01 2.36611800e+00 1.36651100e+01 1.08825400e+03 1.43938700e+02 1.04087900e+00 1.38285800e+01 1.06267900e+03 1.46185200e+02 1.42736700e-01 1.59161000e-01 3.38857100e+03 1.03422700e-02 8.19187500e-01 4.51512100e-01 7.42102700e+01 6.28944500e+02 8.41723700e+01 1.50297900e+03 9.08091900e+01 1.94893900e+03 9.63699900e+01 2.26947000e+03 2.36609200e+02 5.70643400e+03 4.52886400e-01 7.57153600e-01 4.74229700e-01 6.72560400e-01 4.74317100e-01 6.29988700e-01 4.70325000e-01 5.99810000e-01 3.02934400e-01 3.12895800e-01 1.74318900e+01 3.96395300e+02 1.89096000e+03 6.53272800e-03 1.96545900e+00 3.53362100e+00 1.02651800e+01 2.30478800e+03 5.50561300e+00
8.19059100e-06 1.16396300e+03 2.49303600e-02 1.17744500e-01 1.04024800e+00 5.21950400e-02 3.08251800e+00 9.69135800e-01 9.99686100e-01 7.00824000e+01 7.08197500e-01 2.91802500e-01 1.43320000e-01 1.00442100e-01 8.08623400e-01 7.97499100e-01 4.36808300e-01 5.94317600e-01 9.65921500e-01 1.01558000e+02 2.44501300e+00 6.92596400e+00 2.18132700e+00 1.96510000e+00 1.30050900e+03 6.24934700e+03 2.65782200e+03 8.65150200e+02 2.48593300e+02 9.69135800e-01 2.46405900e-01 2.47736000e-01 2.16822700e+00 1.35506500e+01 1.08683300e+03 1.43061500e+02 1.04016600e+00 1.37537300e+01 1.06546400e+03 1.44912300e+02 1.44934400e-01 1.57600600e-01 3.40949300e+03 1.04061100e-02 8.18593000e-01 4.50246000e-01 7.52225800e+01 6.19974500e+02 8.51231500e+01 1.48324800e+03 9.17300700e+01 1.92448100e+03 9.72710900e+01 2.24191800e+03 2.37581700e+02 5.65763900e+03 4.42889900e-01 7.49198200e-01 4.65572000e-01 6.66307200e-01 4.66516500e-01 6.24472700e-01 4.63163500e-01 5.94771100e-01 3.00680200e-01 3.10923400e-01 2.34250500e+01 3.95621900e+02 1.89267100e+03 4.34338000e-02 2.34993600e+00 3.77076900e+00 1.00435500e+01 2.31171800e+03 6.16413900e+00
1.59110100e-02 1.15838500e+03 2.34428200e-02 1.17097000e-01 1.04080700e+00 4.64148200e-02 3.05161300e+00 9.67758400e-01 1.00576400e+00 6.92401100e+01 7.05508400e-01 2.94491600e-01 1.41185000e-01 9.77566400e-02 8.00296600e-01 7.92915300e-01 4.34297600e-01 5.89548000e-01 9.61771900e-01 1.01558000e+02 2.41286900e+00 6.61163300e+00 2.11494400e+00 1.92745100e+00 1.26825300e+03 6.02111900e+03 2.61073700e+03 8.44296700e+02 2.39973300e+02 9.67758400e-01 2.45843400e-01 2.47171600e-01 2.39785700e+00 1.36802000e+01 1.08838400e+03 1.44361500e+02 1.04088600e+00 1.38691000e+01 1.06218300e+03 1.46675000e+02 1.42077100e-01 1.59432700e-01 3.35845700e+03 1.02504000e-02 8.24115200e-01 4.54213800e-01 7.43660400e+01 6.27306600e+02 8.42269700e+01 1.50014400e+03 9.08033000e+01 1.94597500e+03 9.63166900e+01 2.26660500e+03 2.35713800e+02 5.71212800e+03 4.40122600e-01 7.41214200e-01 4.61989200e-01 6.58906700e-01 4.62606900e-01 6.17411100e-01 4.59068600e-01 5.87967100e-01 2.97142700e-01 3.07128400e-01 8.28148800e+00 3.96011100e+02 1.89097300e+03 4.64900800e-02 2.42950100e+00 3.68491400e+00 1.53437800e+01 2.29526500e+03 6.16090600e+00
5.01900300e-03 1.15835300e+03 2.40304400e-02 1.17728400e-01 1.04112600e+00 4.70368000e-02 3.05848300e+00 9.71643400e-01 1.00248500e+00 6.96173100e+01 7.06175700e-01 2.93824300e-01 1.42404000e-01 9.91378200e-02 8.04259300e-01 7.95938000e-01 4.35953200e-01 5.92131200e-01 9.63912100e-01 1.01553000e+02 2.41468000e+00 6.57806400e+00 2.12952300e+00 1.93832500e+00 1.26805900e+03 6.06921900e+03 2.62649600e+03 8.53624400e+02 2.44033600e+02 9.71643400e-01 2.46050300e-01 2.47379200e-01 2.30291300e+00 1.36148300e+01 1.08778100e+03 1.43749400e+02 1.04113500e+00 1.38070000e+01 1.06351900e+03 1.45873200e+02 1.43333200e-01 1.58746400e-01 3.38759600e+03 1.03393000e-02 8.20704000e-01 4.52016000e-01 7.47587100e+01 6.23964900e+02 8.46536200e+01 1.49231000e+03 9.12536300e+01 1.93591800e+03 9.67873700e+01 2.25497700e+03 2.36751200e+02 5.68473200e+03 4.41855700e-01 7.44950100e-01 4.63973800e-01 6.62300800e-01 4.64672600e-01 6.20622000e-01 4.61170900e-01 5.91043700e-01 2.98717300e-01 3.08791400e-01 1.05890500e+01 3.95947900e+02 1.89297900e+03 4.51630400e-02 2.42950100e+00 3.69841200e+00 1.10161100e+01 2.29951600e+03 6.17307700e+00
1.33996400e-04 1.16167700e+03 2.46633300e-02 1.16480600e-01 1.04056300e+00 5.56860800e-02 3.08669900e+00 9.77836500e-01 1.00266700e+00 7.04119900e+01 7.14010900e-01 2.85989100e-01 1.41789000e-01 9.98364800e-02 8.09750400e-01 7.90615400e-01 4.33037900e-01 5.92159200e-01 9.65001200e-01 1.02464800e+02 2.42141800e+00 7.28912400e+00 2.19046500e+00 1.95960300e+00 1.27645400e+03 6.18980000e+03 2.66188400e+03 8.69013100e+02 2.49803100e+02 9.77836500e-01 2.46284400e-01 2.47614100e-01 2.20688800e+00 1.35626200e+01 1.08700600e+03 1.43587200e+02 1.04050800e+00 1.37997100e+01 1.06481600e+03 1.45521800e+02 1.44101000e-01 1.57983900e-01 3.37289700e+03 1.02944500e-02 8.24714600e-01 4.53612800e-01 7.54792000e+01 6.17454100e+02 8.52506500e+01 1.47861400e+03 9.17804500e+01 1.91939800e+03 9.72611400e+01 2.23676500e+03 2.36519900e+02 5.66175600e+03 4.39529400e-01 7.50849000e-01 4.63532800e-01 6.68456900e-01 4.65186900e-01 6.26775500e-01 4.62322000e-01 5.97144500e-01 3.02140300e-01 3.12731400e-01 1.78354000e+01 3.95767800e+02 1.89066700e+03 1.57550500e-01 3.00817000e+00 4.75261300e+00 1.11661500e+01 2.30427000e+03 7.91833300e+00
1.86349700e-05 1.16247100e+03 2.41271000e-02 1.17772700e-01 1.03872400e+00 5.15654400e-02 3.08127900e+00 9.64682800e-01 1.00431500e+00 6.88665800e+01 6.99437600e-01 3.00562400e-01 1.42544900e-01 9.81657900e-02 8.08971400e-01 8.09729300e-01 4.43507000e-01 5.98986200e-01 9.74830100e-01 1.00377600e+02 2.46269200e+00 7.00836200e+00 2.17862600e+00 1.96514000e+00 1.30461900e+03 6.20118500e+03 2.65373100e+03 8.59181800e+02 2.45466100e+02 9.64682800e-01 2.46080200e-01 2.47409200e-01 2.28783100e+00 1.36765100e+01 1.08767700e+03 1.43664600e+02 1.03872100e+00 1.38309200e+01 1.06374700e+03 1.45756600e+02 1.43519700e-01 1.58266000e-01 3.39096400e+03 1.03495800e-02 8.18471100e-01 4.50726400e-01 7.40639400e+01 6.30302700e+02 8.40499800e+01 1.50583700e+03 9.07002500e+01 1.95238900e+03 9.62711500e+01 2.27327600e+03 2.36638200e+02 5.71140700e+03 4.48952300e-01 7.48627100e-01 4.69700900e-01 6.64804900e-01 4.69594500e-01 6.22648100e-01 4.65513800e-01 5.92773800e-01 2.99313300e-01 3.09079400e-01 2.17809400e+01 3.95614400e+02 1.88879400e+03 1.12813100e-03 1.60798500e+00 4.13605600e+00 1.30069700e+01 2.30618900e+03 5.74516900e+00
3.26883200e-06 1.16453300e+03 2.40705300e-02 1.18028700e-01 1.03909700e+00 6.04128800e-02 3.08998300e+00 9.86187800e-01 1.00052800e+00 6.88555900e+01 6.98920900e-01 3.01079100e-01 1.42744400e-01 9.82874900e-02 8.20761900e-01 8.22236700e-01 4.50357600e-01 6.07977300e-01 9.89116800e-01 1.00357900e+02 2.43253700e+00 7.87506100e+00 2.19767000e+00 1.94754900e+00 1.23696300e+03 6.01096600e+03 2.64683900e+03 8.66829600e+02 2.49404600e+02 9.86187800e-01 2.46062400e-01 2.47391400e-01 2.29663800e+00 1.36720200e+01 1.08776000e+03 1.43642000e+02 1.03910600e+00 1.38236200e+01 1.06363300e+03 1.45751200e+02 1.43491200e-01 1.58381000e-01 3.39573300e+03 1.03641300e-02 8.17753500e-01 4.50405400e-01 7.40618700e+01 6.30356600e+02 8.40613000e+01 1.50584300e+03 9.07197000e+01 1.95231800e+03 9.62970400e+01 2.27312700e+03 2.36786800e+02 5.70959700e+03 4.55835800e-01 7.59486200e-01 4.76772600e-01 6.74390700e-01 4.76603400e-01 6.31602000e-01 4.72421200e-01 6.01283200e-01 3.03589800e-01 3.13470500e-01 2.52621600e+01 3.96774800e+02 1.89124400e+03 1.32390200e-03 1.60798500e+00 4.10293400e+00 1.00723000e+01 2.31328100e+03 5.71224300e+00
2.86097900e-06 1.16492900e+03 2.40323500e-02 1.18062100e-01 1.03913900e+00 6.07961500e-02 3.09056800e+00 9.87422500e-01 1.00057700e+00 6.88262900e+01 6.98674500e-01 3.01325500e-01 1.42739600e-01 9.82424000e-02 8.21718300e-01 8.23531600e-01 4.51066800e-01 6.08810200e-01 9.90480200e-01 1.00337000e+02 2.43132700e+00 7.91778600e+00 2.19895700e+00 1.94719700e+00 1.23330700e+03 5.99892500e+03 2.64742800e+03 8.67484400e+02 2.49648300e+02 9.87422500e-01 2.46050900e-01 2.47379800e-01 2.30261200e+00 1.36747100e+01 1.08780400e+03 1.43662600e+02 1.03915400e+00 1.38249600e+01 1.06355700e+03 1.45783000e+02 1.43431500e-01 1.58431500e-01 3.39561900e+03 1.03637800e-02 8.17701600e-01 4.50407500e-01 7.40344700e+01 6.30607600e+02 8.40368400e+01 1.50638400e+03 9.06968300e+01 1.95297900e+03 9.62753100e+01 2.27386500e+03 2.36774600e+02 5.71075200e+03 4.56532600e-01 7.60346000e-01 4.77438000e-01 6.75126100e-01 4.77238800e-01 6.32279100e-01 4.73031200e-01 6.01920500e-01 3.03901600e-01 3.13780500e-01 2.55286900e+01 3.96884200e+02 1.89164100e+03 1.63529500e-03 1.60798500e+00 4.11305900e+00 1.00810900e+01 2.31405400e+03 5.72268000e+00
6.34884600e-03 1.15445300e+03 2.34101700e-02 1.17651600e-01 1.03955800e+00 5.39494200e-02 3.05968900e+00 9.69217000e-01 1.00058700e+00 6.85919200e+01 6.98806900e-01 3.01193100e-01 1.41706900e-01 9.71994800e-02 8.05039700e-01 8.06639000e-01 4.41814400e-01 5.96387600e-01 9.72032600e-01 1.00531500e+02 2.42880000e+00 7.38372800e+00 2.13209300e+00 1.91401900e+00 1.25457400e+03 5.95417500e+03 2.59071500e+03 8.38555100e+02 2.38604400e+02 9.69217000e-01 2.45830900e-01 2.47159100e-01 2.40330800e+00 1.37230900e+01 1.08846900e+03 1.44242900e+02 1.03963800e+00 1.38743400e+01 1.06214500e+03 1.46564600e+02 1.42175800e-01 1.59261900e-01 3.37093300e+03 1.02884600e-02 8.20756500e-01 4.52462200e-01 7.37801900e+01 6.32771400e+02 8.37446700e+01 1.51158500e+03 9.03796400e+01 1.95974300e+03 9.59372500e+01 2.28175700e+03 2.35921600e+02 5.73094500e+03 4.47183600e-01 7.44927200e-01 4.67695000e-01 6.61451500e-01 4.67515900e-01 6.19479100e-01 4.63404800e-01 5.89739400e-01 2.97761800e-01 3.07445800e-01 1.01189600e+01 3.95811400e+02 1.88738400e+03 6.65558700e-06 1.74777200e+00 3.76164100e+00 1.00830000e+01 2.29331400e+03 5.50942000e+00
1.25760800e-03 1.15779500e+03 2.33773400e-02 1.18939100e-01 1.04030600e+00 5.65252600e-02 3.07280800e+00 9.61878100e-01 1.00269500e+00 6.83575400e+01 6.94052900e-01 3.05947100e-01 1.42961500e-01 9.77250000e-02 8.13386000e-01 8.21408600e-01 4.49904000e-01 6.04934400e-01 9.83792500e-01 9.99821900e+01 2.47055400e+00 7.66449000e+00 2.16024800e+00 1.92932900e+00 1.28165400e+03 6.00756200e+03 2.60165000e+03 8.39267600e+02 2.38602500e+02 9.61878100e-01 2.45818300e-01 2.47146400e-01 2.40881000e+00 1.37099000e+01 1.08861600e+03 1.43936300e+02 1.04038000e+00 1.38349800e+01 1.06214500e+03 1.46263600e+02 1.42481200e-01 1.59372600e-01 3.40092400e+03 1.03799600e-02 8.15835100e-01 4.49946800e-01 7.36067500e+01 6.34604900e+02 8.36749600e+01 1.51481700e+03 9.03716300e+01 1.96318000e+03 9.59774600e+01 2.28514100e+03 2.36807200e+02 5.72602600e+03 4.54954200e-01 7.52168300e-01 4.74610100e-01 6.67348100e-01 4.73860100e-01 6.24779200e-01 4.69316300e-01 5.94647000e-01 3.00040000e-01 3.09579100e-01 1.33570900e+01 3.96412700e+02 1.88893900e+03 1.17948300e-02 1.40705700e+00 4.27125000e+00 1.11898400e+01 2.29870900e+03 5.69010200e+00
8.06443000e-04 1.15953100e+03 2.30509500e-02 1.19298000e-01 1.04054400e+00 5.88431100e-02 3.07641100e+00 9.57770600e-01 1.00256400e+00 6.80389400e+01 6.91110500e-01 3.08889500e-01 1.42994100e-01 9.72916900e-02 8.16438600e-01 8.28446500e-01 4.53758800e-01 6.08659400e-01 9.89793900e-01 9.96931700e+01 2.48868000e+00 7.96966600e+00 2.16804400e+00 1.92733700e+00 1.28874000e+03 5.98615200e+03 2.59430300e+03 8.33948200e+02 2.36376200e+02 9.57770600e-01 2.45675000e-01 2.47002600e-01 2.46406900e+00 1.37370400e+01 1.08902700e+03 1.44092900e+02 1.04065800e+00 1.38463300e+01 1.06145900e+03 1.46523700e+02 1.41972100e-01 1.59813100e-01 3.40170300e+03 1.03823400e-02 8.14980100e-01 4.49747700e-01 7.33132600e+01 6.37357100e+02 8.34190600e+01 1.52068000e+03 9.01362200e+01 1.97031500e+03 9.57570700e+01 2.29306700e+03 2.36740500e+02 5.73770700e+03 4.58586800e-01 7.54695900e-01 4.77654600e-01 6.69265500e-01 4.76551700e-01 6.26439300e-01 4.71751700e-01 5.96143300e-01 3.00678100e-01 3.10103600e-01 1.42457500e+01 3.97325000e+02 1.89050000e+03 2.74717300e-02 1.27934900e+00 4.60456300e+00 1.10798900e+01 2.30207000e+03 5.91138400e+00
6.50761900e-03 1.15619800e+03 2.32008000e-02 1.17122500e-01 1.03898900e+00 4.83523900e-02 3.05647400e+00 9.67406200e-01 1.00426300e+00 6.84124800e+01 6.98802600e-01 3.01197400e-01 1.40968400e-01 9.64399700e-02 8.01725500e-01 8.03323800e-01 4.39998600e-01 5.93934400e-01 9.69299600e-01 1.00522800e+02 2.42633400e+00 6.85272200e+00 2.12524800e+00 1.92935100e+00 1.26735800e+03 6.00690000e+03 2.61119000e+03 8.43228000e+02 2.39337900e+02 9.67406200e-01 2.45745900e-01 2.47073700e-01 2.43855100e+00 1.37591100e+01 1.08866500e+03 1.44540600e+02 1.03908200e+00 1.39104200e+01 1.06161100e+03 1.46936300e+02 1.41635400e-01 1.59454900e-01 3.35328000e+03 1.02346000e-02 8.22935800e-01 4.53736500e-01 7.35861300e+01 6.34441300e+02 8.35248200e+01 1.51557000e+03 9.01425900e+01 1.96490700e+03 9.56857900e+01 2.28776800e+03 2.35306100e+02 5.74599700e+03 4.45356100e-01 7.41859700e-01 4.65780500e-01 6.58727000e-01 4.65600800e-01 6.16927400e-01 4.61505600e-01 5.87310200e-01 2.96538800e-01 3.06180900e-01 1.00695600e+01 3.95741100e+02 1.88812400e+03 8.07329900e-08 1.74777200e+00 3.77679300e+00 1.29356500e+01 2.29393500e+03 5.52456400e+00
1.68723700e-03 1.15655300e+03 2.36176300e-02 1.17209100e-01 1.03965400e+00 6.04178000e-02 3.07266900e+00 9.75276100e-01 9.98090700e-01 6.89544700e+01 7.02460100e-01 2.97539900e-01 1.41471900e-01 9.75511700e-02 8.09725900e-01 8.06399100e-01 4.41683000e-01 5.98031900e-01 9.75117200e-01 1.00988200e+02 2.42649100e+00 7.96051000e+00 2.15994800e+00 1.91410200e+00 1.24367300e+03 5.94973400e+03 2.59641400e+03 8.43521800e+02 2.40827200e+02 9.75276100e-01 2.45913400e-01 2.47241800e-01 2.36902900e+00 1.36976800e+01 1.08819800e+03 1.44198300e+02 1.03970200e+00 1.38692000e+01 1.06256500e+03 1.46456300e+02 1.42432700e-01 1.59033500e-01 3.36531500e+03 1.02713200e-02 8.22430700e-01 4.53179400e-01 7.41079600e+01 6.29711600e+02 8.40181000e+01 1.50515200e+03 9.06224900e+01 1.95198200e+03 9.61571500e+01 2.27319700e+03 2.35848000e+02 5.71985200e+03 4.47366300e-01 7.49633500e-01 4.68808700e-01 6.66041400e-01 4.69064800e-01 6.23949800e-01 4.65230000e-01 5.94102600e-01 3.00116300e-01 3.10050500e-01 1.27693300e+01 3.97072600e+02 1.88701900e+03 9.07524500e-03 2.04033800e+00 3.58568800e+00 1.06110600e+01 2.29686100e+03 5.63510100e+00
3.17906900e-03 1.15711000e+03 2.38255000e-02 1.16060700e-01 1.03800900e+00 5.11681400e-02 3.06142400e+00 9.65084000e-01 1.00052700e+00 6.89837600e+01 7.04689200e-01 2.95310800e-01 1.40531300e-01 9.69437900e-02 7.95663900e-01 7.89421000e-01 4.32383700e-01 5.86542500e-01 9.57979500e-01 1.01084500e+02 2.42465000e+00 6.99920700e+00 2.13579400e+00 1.92803700e+00 1.28130600e+03 6.09960900e+03 2.60944400e+03 8.43118900e+02 2.39919300e+02 9.65084000e-01 2.45990200e-01 2.47318900e-01 2.33539600e+00 1.37201600e+01 1.08786900e+03 1.44336700e+02 1.03804800e+00 1.39046300e+01 1.06294600e+03 1.46533800e+02 1.42481800e-01 1.58573700e-01 3.34283200e+03 1.02027200e-02 8.25850900e-01 4.54756400e-01 7.41067200e+01 6.29559100e+02 8.39550100e+01 1.50533700e+03 9.05216700e+01 1.95258300e+03 9.60263800e+01 2.27419700e+03 2.35140500e+02 5.72893400e+03 4.38106000e-01 7.36843800e-01 4.59672800e-01 6.54932800e-01 4.60192800e-01 6.13650300e-01 4.56610000e-01 5.84362500e-01 2.95293100e-01 3.05175500e-01 1.15023300e+01 3.95587800e+02 1.89131200e+03 1.27450400e-02 2.04033800e+00 3.69224300e+00 1.00722000e+01 2.29840200e+03 5.74532500e+00
3.72930500e-03 1.16004900e+03 2.17013200e-02 1.18184300e-01 1.03911500e+00 4.61692400e-02 3.01376000e+00 9.76073500e-01 9.97793900e-01 6.68450900e+01 6.85491500e-01 3.14508500e-01 1.40530800e-01 9.39379200e-02 7.97386000e-01 8.16439800e-01 4.47182500e-01 5.97140700e-01 9.75290100e-01 9.91488000e+01 2.37875800e+00 6.93512000e+00 2.03638300e+00 1.85676700e+00 1.18206600e+03 5.58235100e+03 2.51631500e+03 8.10739900e+02 2.28015000e+02 9.76073500e-01 2.45085800e-01 2.46411100e-01 2.71473700e+00 1.39113500e+01 1.09062100e+03 1.45416500e+02 1.03937700e+00 1.39907300e+01 1.05825400e+03 1.48326200e+02 1.39048300e-01 1.61489300e-01 3.34281900e+03 1.02026800e-02 8.20771300e-01 4.53748200e-01 7.21200200e+01 6.48312400e+02 8.22066200e+01 1.54545300e+03 8.89024900e+01 2.00152200e+03 9.45015400e+01 2.32865600e+03 2.34521600e+02 5.81116100e+03 4.51450300e-01 7.36541100e-01 4.68838900e-01 6.52571400e-01 4.67114200e-01 6.10567800e-01 4.61985600e-01 5.80887600e-01 2.92785000e-01 3.01715500e-01 1.11830700e+01 3.96095700e+02 1.89550800e+03 7.46591600e-02 9.81866700e-01 5.44793100e+00 1.08064600e+01 2.30278700e+03 6.50445700e+00
6.79693700e-03 1.15575500e+03 2.27405400e-02 1.17939600e-01 1.03946900e+00 6.01137600e-02 3.06332700e+00 9.75459700e-01 1.00023800e+00 6.78997800e+01 6.93462900e-01 3.06537100e-01 1.41325200e-01 9.59595300e-02 8.12232700e-01 8.21034400e-01 4.49699100e-01 6.04367700e-01 9.85703500e-01 9.99650400e+01 2.42881000e+00 8.13751200e+00 2.13986300e+00 1.89745700e+00 1.22297100e+03 5.80301500e+03 2.57180000e+03 8.32673600e+02 2.36433400e+02 9.75459700e-01 2.45531800e-01 2.46858800e-01 2.51952500e+00 1.37944900e+01 1.08928500e+03 1.44681200e+02 1.03962100e+00 1.39167300e+01 1.06065800e+03 1.47224400e+02 1.41002900e-01 1.60097500e-01 3.36181000e+03 1.02606200e-02 8.20475900e-01 4.52814500e-01 7.31269800e+01 6.38808800e+02 8.31443500e+01 1.52471700e+03 8.98063600e+01 1.97592200e+03 9.53827700e+01 2.29989900e+03 2.35431300e+02 5.76143400e+03 4.54684000e-01 7.51047700e-01 4.74189100e-01 6.66294800e-01 4.73374900e-01 6.23768800e-01 4.68792700e-01 5.93670300e-01 2.99536600e-01 3.09029400e-01 9.98256600e+00 3.97201600e+02 1.88865700e+03 1.20779100e-02 1.40705700e+00 4.21399300e+00 1.00368100e+01 2.29584100e+03 5.63312800e+00
3.05479200e-03 1.15614900e+03 2.36572200e-02 1.16956700e-01 1.03946800e+00 5.49634700e-02 3.06068500e+00 9.79898900e-01 9.97040400e-01 6.90167200e+01 7.03443400e-01 2.96556600e-01 1.41259000e-01 9.74923600e-02 8.05116900e-01 8.00482900e-01 4.38442600e-01 5.94135900e-01 9.69129400e-01 1.01095200e+02 2.40062100e+00 7.42340100e+00 2.13421800e+00 1.91204500e+00 1.22936200e+03 5.92728800e+03 2.59844900e+03 8.46383600e+02 2.41885400e+02 9.79898900e-01 2.45929400e-01 2.47257800e-01 2.36257200e+00 1.36978600e+01 1.08813100e+03 1.44233400e+02 1.03952000e+00 1.38750000e+01 1.06264100e+03 1.46479300e+02 1.42432300e-01 1.58967500e-01 3.36022700e+03 1.02558000e-02 8.23331500e-01 4.53612900e-01 7.41595500e+01 6.29202200e+02 8.40496000e+01 1.50417500e+03 9.06421200e+01 1.95087200e+03 9.61675700e+01 2.27203600e+03 2.35704400e+02 5.71979300e+03 4.44160000e-01 7.45467600e-01 4.65700200e-01 6.62452500e-01 4.66073500e-01 6.20635000e-01 4.62342400e-01 5.90975700e-01 2.98578600e-01 3.08509900e-01 1.15820900e+01 3.95837700e+02 1.88772900e+03 1.37206700e-02 2.11648900e+00 3.59061600e+00 1.14292600e+01 2.29514900e+03 5.72082500e+00
1.33803400e-02 1.15482500e+03 2.33723400e-02 1.16742800e-01 1.03978900e+00 5.22659100e-02 3.04727500e+00 9.72332600e-01 9.96426700e-01 6.89617900e+01 7.04019600e-01 2.95980400e-01 1.40760200e-01 9.70707800e-02 7.98147100e-01 7.92782000e-01 4.34224600e-01 5.88706300e-01 9.61122400e-01 1.01268200e+02 2.39835500e+00 7.21283000e+00 2.10578800e+00 1.89678000e+00 1.23724400e+03 5.90271300e+03 2.57320200e+03 8.33740700e+02 2.37089500e+02 9.72332600e-01 2.45816400e-01 2.47144400e-01 2.40965000e+00 1.37160900e+01 1.08843400e+03 1.44507600e+02 1.03987000e+00 1.38967000e+01 1.06199300e+03 1.46846800e+02 1.41845400e-01 1.59375900e-01 3.34830400e+03 1.02194200e-02 8.24971700e-01 4.54685600e-01 7.40920400e+01 6.29733400e+02 8.39571500e+01 1.50558600e+03 9.05339600e+01 1.95279700e+03 9.60466600e+01 2.27435400e+03 2.35308200e+02 5.72732700e+03 4.39929500e-01 7.39073800e-01 4.61412300e-01 6.56837100e-01 4.61852000e-01 6.15401900e-01 4.58201400e-01 5.86010200e-01 2.96096400e-01 3.05972600e-01 8.62793800e+00 3.95663300e+02 1.88750100e+03 2.39166700e-02 2.19351700e+00 3.56859800e+00 1.20707700e+01 2.29179200e+03 5.78603200e+00
3.97700000e-04 1.15998500e+03 2.38548200e-02 1.16739500e-01 1.04008100e+00 5.47953800e-02 3.08143600e+00 9.77317500e-01 1.00480600e+00 6.94671600e+01 7.07317400e-01 2.92682600e-01 1.41239500e-01 9.81150600e-02 8.11576800e-01 8.01618100e-01 4.39064300e-01 5.96937500e-01 9.73732900e-01 1.01646000e+02 2.42557300e+00 7.36541700e+00 2.17896800e+00 1.95279300e+00 1.26529700e+03 6.09143400e+03 2.65193600e+03 8.63030700e+02 2.46896900e+02 9.77317500e-01 2.45999400e-01 2.47328100e-01 2.33070700e+00 1.36587100e+01 1.08789100e+03 1.44138400e+02 1.04011800e+00 1.38578800e+01 1.06306100e+03 1.46322400e+02 1.42729800e-01 1.58832200e-01 3.35976000e+03 1.02543700e-02 8.24463000e-01 4.54068300e-01 7.45816600e+01 6.25362300e+02 8.44209900e+01 1.49593500e+03 9.09857300e+01 1.94080700e+03 9.64907600e+01 2.26082700e+03 2.35822900e+02 5.70289100e+03 4.45088900e-01 7.51850100e-01 4.67670300e-01 6.68571900e-01 4.68517800e-01 6.26556100e-01 4.65082800e-01 5.96731100e-01 3.01649700e-01 3.11877800e-01 1.56596300e+01 3.95794000e+02 1.88853300e+03 5.36470400e-02 2.42950100e+00 3.77642400e+00 1.37233800e+01 2.29998600e+03 6.25957300e+00
7.65201700e-03 1.15670300e+03 2.32893100e-02 1.16569300e-01 1.03991200e+00 5.06147200e-02 3.06127800e+00 9.69506000e-01 1.00404200e+00 6.89984100e+01 7.04872500e-01 2.95127500e-01 1.40503700e-01 9.69453400e-02 8.02707800e-01 7.96162400e-01 4.36076100e-01 5.91643200e-01 9.66357700e-01 1.01416100e+02 2.41940100e+00 7.06024200e+00 2.13548300e+00 1.92989100e+00 1.26601000e+03 6.01878900e+03 2.61592200e+03 8.45749700e+02 2.40256400e+02 9.69506000e-01 2.45783500e-01 2.47111500e-01 2.42362900e+00 1.37200600e+01 1.08851500e+03 1.44616600e+02 1.04000000e+00 1.39054500e+01 1.06180200e+03 1.46983300e+02 1.41641900e-01 1.59504500e-01 3.34217200e+03 1.02007100e-02 8.25964800e-01 4.55267000e-01 7.41148400e+01 6.29480000e+02 8.39603600e+01 1.50518200e+03 9.05253900e+01 1.95240500e+03 9.60288400e+01 2.27400800e+03 2.35122300e+02 5.72886800e+03 4.41890600e-01 7.43381500e-01 4.63679500e-01 6.60759800e-01 4.64221100e-01 6.19116800e-01 4.60618200e-01 5.89572400e-01 2.97931900e-01 3.07909600e-01 9.74557200e+00 3.95658000e+02 1.88936400e+03 3.41549700e-02 2.34993600e+00 3.61189900e+00 1.26417900e+01 2.29476800e+03 5.99599000e+00
4.68467300e-06 1.16654500e+03 2.44847600e-02 1.17278400e-01 1.04023800e+00 5.43637700e-02 3.09358900e+00 9.63845700e-01 1.00461400e+00 6.98626700e+01 7.08227100e-01 2.91772900e-01 1.42408300e-01 9.94902600e-02 8.11640000e-01 8.00433600e-01 4.38415500e-01 5.96519600e-01 9.71048400e-01 1.01653600e+02 2.46795800e+00 7.20977800e+00 2.20561000e+00 1.97837700e+00 1.32262900e+03 6.29383100e+03 2.67284900e+03 8.65863200e+02 2.47800300e+02 9.63845700e-01 2.46209900e-01 2.47539300e-01 2.23334100e+00 1.35936300e+01 1.08725800e+03 1.43518600e+02 1.04019800e+00 1.37972400e+01 1.06447200e+03 1.45504900e+02 1.44018000e-01 1.58103200e-01 3.38770000e+03 1.03396200e-02 8.21259000e-01 4.51947800e-01 7.49862600e+01 6.21926300e+02 8.48549300e+01 1.48792400e+03 9.14406000e+01 1.93055300e+03 9.69638300e+01 2.24899600e+03 2.36826400e+02 5.67558200e+03 4.44526800e-01 7.51997000e-01 4.67301100e-01 6.68801000e-01 4.68253200e-01 6.26812000e-01 4.64890400e-01 5.97000500e-01 3.01814300e-01 3.12095200e-01 2.45424300e+01 3.95807500e+02 1.89302300e+03 5.27291500e-02 2.42950100e+00 3.79964700e+00 1.34341100e+01 2.31337300e+03 6.28187700e+00
1.07082300e-05 1.16518100e+03 2.44285500e-02 1.17822100e-01 1.03952900e+00 5.81605200e-02 3.09107600e+00 9.49814600e-01 1.00136700e+00 6.93792700e+01 7.03134300e-01 2.96865700e-01 1.42895800e-01 9.91400800e-02 8.07888200e-01 8.03656900e-01 4.40181000e-01 5.96336400e-01 9.69921100e-01 1.00893200e+02 2.50136000e+00 7.58819600e+00 2.20007300e+00 1.95848200e+00 1.34736000e+03 6.29395100e+03 2.63232400e+03 8.46418700e+02 2.41183500e+02 9.49814600e-01 2.46187700e-01 2.47517100e-01 2.24177100e+00 1.36224800e+01 1.08736000e+03 1.43422500e+02 1.03949700e+00 1.37973000e+01 1.06439600e+03 1.45422700e+02 1.44074500e-01 1.58040600e-01 3.39935300e+03 1.03751700e-02 8.18440900e-01 4.50511700e-01 7.45531400e+01 6.25903200e+02 8.45043700e+01 1.49621200e+03 9.11371800e+01 1.94049400e+03 9.66961600e+01 2.25990700e+03 2.37054000e+02 5.68834900e+03 4.45892200e-01 7.47999100e-01 4.67433500e-01 6.64663100e-01 4.67768800e-01 6.22689400e-01 4.63997900e-01 5.92921400e-01 2.99536900e-01 3.09488900e-01 2.28890000e+01 3.96884000e+02 1.89455700e+03 5.25490800e-03 1.96545900e+00 3.73400400e+00 1.03266000e+01 2.31433000e+03 5.70471800e+00
1.60013000e-03 1.16289400e+03 2.39166700e-02 1.17748400e-01 1.03967500e+00 5.97409800e-02 3.07874300e+00 9.39053900e-01 1.00113500e+00 6.90203900e+01 7.01268300e-01 2.98731700e-01 1.42310200e-01 9.82230600e-02 8.01718200e-01 8.00021600e-01 4.38189900e-01 5.92709700e-01 9.65012700e-01 1.00764200e+02 2.51100900e+00 7.84149200e+00 2.17310800e+00 1.92837200e+00 1.35417900e+03 6.21573200e+03 2.58463700e+03 8.24761200e+02 2.33382200e+02 9.39053900e-01 2.46017700e-01 2.47346500e-01 2.32086100e+00 1.36691400e+01 1.08790700e+03 1.43831000e+02 1.03970000e+00 1.38339000e+01 1.06325100e+03 1.45992000e+02 1.43132000e-01 1.58660300e-01 3.38535400e+03 1.03324600e-02 8.19649900e-01 4.51516200e-01 7.42010000e+01 6.29005800e+02 8.41553500e+01 1.50318300e+03 9.07873700e+01 1.94924200e+03 9.63443400e+01 2.26985400e+03 2.36505600e+02 5.70808600e+03 4.43709000e-01 7.42100900e-01 4.64680100e-01 6.59215900e-01 4.64794100e-01 6.17499900e-01 4.60901100e-01 5.87926400e-01 2.96941700e-01 3.06717500e-01 1.28753400e+01 3.97830200e+02 1.89925600e+03 2.39701300e-03 1.89191900e+00 3.69765800e+00 1.02340400e+01 2.30996200e+03 5.59197400e+00
3.26337600e-04 1.16040900e+03 2.43347200e-02 1.17259000e-01 1.03978000e+00 5.72447700e-02 3.07895600e+00 9.54042000e-01 9.98929900e-01 6.95843500e+01 7.06238300e-01 2.93761700e-01 1.42238900e-01 9.89759900e-02 8.02884100e-01 7.94492400e-01 4.35161400e-01 5.91087300e-01 9.62491800e-01 1.01362200e+02 2.47193900e+00 7.51190200e+00 2.17356900e+00 1.93843500e+00 1.32264100e+03 6.21121700e+03 2.61142000e+03 8.41158500e+02 2.39629500e+02 9.54042000e-01 2.46152100e-01 2.47481300e-01 2.25595200e+00 1.36217700e+01 1.08741200e+03 1.43638100e+02 1.03976800e+00 1.38144300e+01 1.06416700e+03 1.45668100e+02 1.43744100e-01 1.58207400e-01 3.38364900e+03 1.03272600e-02 8.21218600e-01 4.52025100e-01 7.47256700e+01 6.24234100e+02 8.46136500e+01 1.49297600e+03 9.12091700e+01 1.93679700e+03 9.67392200e+01 2.25601400e+03 2.36617300e+02 5.68761600e+03 4.41038100e-01 7.43685800e-01 4.63139100e-01 6.61187300e-01 4.63847900e-01 6.19583000e-01 4.60360000e-01 5.90057100e-01 2.98223900e-01 3.08284900e-01 1.60551600e+01 3.96492600e+02 1.89208200e+03 2.92451600e-02 2.27128100e+00 3.67575300e+00 1.02110000e+01 2.30463000e+03 5.97627900e+00
2.41945200e-02 1.15433400e+03 2.34460500e-02 1.17090600e-01 1.03988200e+00 4.99252200e-02 3.04950300e+00 9.62906800e-01 9.98919500e-01 6.89325000e+01 7.02880800e-01 2.97119200e-01 1.41181800e-01 9.73201300e-02 7.97138100e-01 7.93301500e-01 4.34509200e-01 5.88526800e-01 9.60111300e-01 1.01105900e+02 2.42234200e+00 6.96868900e+00 2.11048500e+00 1.90993100e+00 1.27001600e+03 5.99432900e+03 2.58250400e+03 8.32985600e+02 2.36374700e+02 9.62906800e-01 2.45844700e-01 2.47172800e-01 2.39732000e+00 1.37072300e+01 1.08838000e+03 1.44360700e+02 1.03996300e+00 1.38813300e+01 1.06218300e+03 1.46673800e+02 1.42081700e-01 1.59287100e-01 3.35838100e+03 1.02501600e-02 8.23408000e-01 4.53820900e-01 7.40795900e+01 6.29921000e+02 8.39739600e+01 1.50576000e+03 9.05685100e+01 1.95284000e+03 9.60952600e+01 2.27425400e+03 2.35621200e+02 5.72378400e+03 4.40121500e-01 7.38024400e-01 4.61327300e-01 6.55776400e-01 4.61631600e-01 6.14354300e-01 4.57892400e-01 5.84979000e-01 2.95525600e-01 3.05329400e-01 8.82955300e+00 3.95639900e+02 1.88830600e+03 1.46983000e-02 2.11648900e+00 3.54634500e+00 1.02145700e+01 2.29277600e+03 5.67753200e+00
4.65234800e-03 1.15601500e+03 2.36032200e-02 1.16738400e-01 1.03929400e+00 5.85850900e-02 3.07142400e+00 9.76798900e-01 1.00204100e+00 6.89910900e+01 7.03795000e-01 2.96205000e-01 1.40986800e-01 9.72683200e-02 8.07761500e-01 8.02636100e-01 4.39621900e-01 5.95910800e-01 9.72493300e-01 1.01139100e+02 2.41836700e+00 7.78045700e+00 2.15726100e+00 1.91874100e+00 1.24310700e+03 5.96620900e+03 2.60509100e+03 8.46690700e+02 2.41716300e+02 9.76798900e-01 2.45907500e-01 2.47235900e-01 2.37138700e+00 1.37073700e+01 1.08817400e+03 1.44331300e+02 1.03935600e+00 1.38866100e+01 1.06248900e+03 1.46597300e+02 1.42271000e-01 1.59014600e-01 3.35371900e+03 1.02359400e-02 8.24238400e-01 4.54119500e-01 7.41272700e+01 6.29450300e+02 8.40031700e+01 1.50485500e+03 9.05868300e+01 1.95181300e+03 9.61051100e+01 2.27317800e+03 2.35489700e+02 5.72371600e+03 4.45378400e-01 7.47953400e-01 4.67070000e-01 6.64702900e-01 4.67488000e-01 6.22760700e-01 4.63774800e-01 5.93010700e-01 2.99623700e-01 3.09606500e-01 1.07407700e+01 3.96457000e+02 1.88841300e+03 1.59870900e-02 2.11648900e+00 3.59265400e+00 1.06945900e+01 2.29561100e+03 5.72512900e+00
1.28432800e-02 1.15610900e+03 2.27446500e-02 1.17961800e-01 1.04001800e+00 4.84674200e-02 3.03348500e+00 9.75930700e-01 9.99764800e-01 6.80792200e+01 6.95019900e-01 3.04980100e-01 1.41351600e-01 9.62310700e-02 8.00898700e-01 8.07519000e-01 4.42296400e-01 5.95176100e-01 9.70667100e-01 1.00222800e+02 2.39060900e+00 6.96868900e+00 2.07694900e+00 1.88507000e+00 1.21063200e+03 5.76216100e+03 2.55690900e+03 8.28397200e+02 2.34961700e+02 9.75930700e-01 2.45533400e-01 2.46860400e-01 2.51878600e+00 1.37781200e+01 1.08927800e+03 1.44672600e+02 1.04015900e+00 1.39087000e+01 1.06065800e+03 1.47214900e+02 1.41014900e-01 1.60176300e-01 3.36244000e+03 1.02625500e-02 8.20796100e-01 4.52991300e-01 7.32911700e+01 6.37267600e+02 8.32905500e+01 1.52140700e+03 8.99429200e+01 1.97187300e+03 9.55123700e+01 2.29538500e+03 2.35502200e+02 5.75441100e+03 4.47352500e-01 7.40718600e-01 4.66922500e-01 6.57297800e-01 4.66298400e-01 6.15415300e-01 4.61902500e-01 5.85763000e-01 2.95605500e-01 3.05044000e-01 8.70986900e+00 3.95827600e+02 1.89224900e+03 3.27660000e-03 1.53969800e+00 3.85138500e+00 1.00366300e+01 2.29678700e+03 5.39436000e+00
1.35302900e-02 1.15580800e+03 2.27166200e-02 1.19460700e-01 1.03960400e+00 4.98006700e-02 3.04211200e+00 9.56017700e-01 1.00017500e+00 6.73870800e+01 6.85483600e-01 3.14516400e-01 1.42822500e-01 9.62439300e-02 8.03136300e-01 8.22337900e-01 4.50413000e-01 6.01450800e-01 9.78365000e-01 9.89577800e+01 2.45640200e+00 7.13348400e+00 2.09494500e+00 1.89634000e+00 1.26587200e+03 5.86637100e+03 2.55121200e+03 8.18376500e+02 2.31013400e+02 9.56017700e-01 2.45522500e-01 2.46849500e-01 2.52381500e+00 1.37994400e+01 1.08944200e+03 1.44306100e+02 1.03975800e+00 1.38788200e+01 1.06069600e+03 1.46849800e+02 1.41383400e-01 1.60102800e-01 3.39760000e+03 1.03698200e-02 8.14053300e-01 4.49488700e-01 7.27048100e+01 6.43098200e+02 8.28733700e+01 1.53302200e+03 8.96236300e+01 1.98542200e+03 9.52681500e+01 2.30992300e+03 2.36424300e+02 5.76440000e+03 4.54697600e-01 7.41849200e-01 4.72206900e-01 6.57269900e-01 4.70467600e-01 6.14961600e-01 4.65300700e-01 5.85066200e-01 2.94875700e-01 3.03875400e-01 8.60564900e+00 3.95673800e+02 1.89005400e+03 9.97777500e-02 8.72797100e-01 6.27861800e+00 1.00326900e+01 2.29433300e+03 7.25119300e+00
9.66798500e-03 1.15473200e+03 2.32779200e-02 1.17741400e-01 1.03952700e+00 4.68100300e-02 3.05002200e+00 9.64689900e-01 1.00304300e+00 6.84381100e+01 6.97542200e-01 3.02457800e-01 1.41664400e-01 9.69524600e-02 8.00622000e-01 8.03894900e-01 4.40311400e-01 5.93736400e-01 9.67784100e-01 1.00389700e+02 2.42800800e+00 6.68792700e+00 2.11158100e+00 1.92286600e+00 1.26911500e+03 5.99315600e+03 2.59914200e+03 8.38874500e+02 2.38073300e+02 9.64689900e-01 2.45778900e-01 2.47106800e-01 2.42555000e+00 1.37380200e+01 1.08862900e+03 1.44320900e+02 1.03961100e+00 1.38822000e+01 1.06184000e+03 1.46686800e+02 1.41955400e-01 1.59418800e-01 3.36991800e+03 1.02853600e-02 8.20538600e-01 4.52446300e-01 7.36334500e+01 6.34125200e+02 8.36126100e+01 1.51450800e+03 9.02553600e+01 1.96332800e+03 9.58185700e+01 2.28576300e+03 2.35843900e+02 5.73734800e+03 4.45569600e-01 7.40710900e-01 4.65684700e-01 6.57565300e-01 4.65354800e-01 6.15780200e-01 4.61162000e-01 5.86181200e-01 2.95913200e-01 3.05477700e-01 9.27787100e+00 3.95875800e+02 1.88726400e+03 7.16271000e-04 1.67729600e+00 3.85764700e+00 1.15098300e+01 2.29241800e+03 5.53566000e+00
1.03680000e-06 1.16748300e+03 2.40579200e-02 1.18895500e-01 1.03906300e+00 4.79745500e-02 3.06682800e+00 9.77719400e-01 9.95969500e-01 6.85260000e+01 6.94198700e-01 3.05801300e-01 1.43598600e-01 9.84023500e-02 8.11749800e-01 8.19560900e-01 4.48892000e-01 6.03645600e-01 9.80605900e-01 9.97319300e+01 2.42966400e+00 6.67877200e+00 2.14736800e+00 1.95090500e+00 1.25490900e+03 6.04639200e+03 2.64291500e+03 8.62314000e+02 2.47376200e+02 9.77719400e-01 2.46058600e-01 2.47387500e-01 2.29860800e+00 1.36778400e+01 1.08784500e+03 1.43430300e+02 1.03907600e+00 1.38036400e+01 1.06367100e+03 1.45538800e+02 1.43716900e-01 1.58361000e-01 3.41615100e+03 1.04264200e-02 8.14043700e-01 4.48489700e-01 7.37879800e+01 6.33034200e+02 8.38764800e+01 1.51110800e+03 9.05869000e+01 1.95840000e+03 9.62043700e+01 2.27959900e+03 2.37339200e+02 5.71260900e+03 4.53926000e-01 7.50671600e-01 4.73579200e-01 6.66038000e-01 4.72850400e-01 6.23560000e-01 4.68329100e-01 5.93491100e-01 2.99459200e-01 3.08989500e-01 2.75587400e+01 3.95861100e+02 1.89256500e+03 2.68982600e-02 1.27934900e+00 5.04822900e+00 1.26269100e+01 2.31598500e+03 6.35447700e+00
2.72842100e-03 1.15959600e+03 2.36672000e-02 1.19289200e-01 1.04018100e+00 5.21342700e-02 3.06531400e+00 9.55171400e-01 1.00343400e+00 6.84381100e+01 6.93406500e-01 3.06593500e-01 1.43601500e-01 9.82781700e-02 8.08152900e-01 8.16985600e-01 4.47481500e-01 6.01359700e-01 9.76887500e-01 9.98216300e+01 2.47651700e+00 7.17926000e+00 2.14411900e+00 1.93181600e+00 1.30146300e+03 6.07019900e+03 2.59861000e+03 8.36610300e+02 2.37782200e+02 9.55171400e-01 2.45933300e-01 2.47261800e-01 2.36094700e+00 1.36859000e+01 1.08831300e+03 1.43626400e+02 1.04022400e+00 1.38072600e+01 1.06283200e+03 1.45856800e+02 1.43116200e-01 1.58984100e-01 3.41622200e+03 1.04266400e-02 8.13813700e-01 4.48681300e-01 7.37019300e+01 6.33833400e+02 8.38009900e+01 1.51281500e+03 9.05171400e+01 1.96048100e+03 9.61388000e+01 2.28191200e+03 2.37314700e+02 5.71607400e+03 4.52458900e-01 7.47261600e-01 4.71838300e-01 6.62920000e-01 4.71013600e-01 6.20602500e-01 4.66444600e-01 5.90652300e-01 2.97993100e-01 3.07438800e-01 1.18080600e+01 3.95707900e+02 1.89383500e+03 2.06282600e-02 1.27934900e+00 4.62571500e+00 1.19150000e+01 2.30135100e+03 5.92569200e+00
1.24108800e-02 1.15662900e+03 2.27814900e-02 1.18968000e-01 1.03839900e+00 4.92688700e-02 3.04169800e+00 9.54909000e-01 9.99875300e-01 6.72113000e+01 6.84783400e-01 3.15216600e-01 1.42394700e-01 9.57053100e-02 7.99618100e-01 8.19646400e-01 4.48938800e-01 5.99149100e-01 9.75352200e-01 9.87387600e+01 2.45613500e+00 7.05413800e+00 2.09407800e+00 1.89757300e+00 1.27063500e+03 5.89458300e+03 2.55264800e+03 8.18285400e+02 2.30956700e+02 9.54909000e-01 2.45548400e-01 2.46875500e-01 2.51214400e+00 1.38272900e+01 1.08932300e+03 1.44383400e+02 1.03853300e+00 1.39026400e+01 1.06081000e+03 1.46908000e+02 1.41370300e-01 1.59843300e-01 3.38737300e+03 1.03386200e-02 8.15111500e-01 4.49962900e-01 7.25220200e+01 6.44773400e+02 8.26844200e+01 1.53683500e+03 8.94294500e+01 1.99024200e+03 9.50690700e+01 2.31543600e+03 2.36047500e+02 5.77611500e+03 4.53178900e-01 7.38527400e-01 4.70446300e-01 6.54248100e-01 4.68628500e-01 6.12101900e-01 4.63425700e-01 5.82325500e-01 2.93468800e-01 3.02392800e-01 8.77836400e+00 3.95664400e+02 1.89066800e+03 1.32942800e-01 7.68898900e-01 7.21466600e+00 1.00302700e+01 2.29511100e+03 8.11650700e+00
1.61653300e-02 1.15419600e+03 2.32939400e-02 1.16216100e-01 1.03931900e+00 5.09185900e-02 3.04492900e+00 9.76457000e-01 9.98840200e-01 6.89288300e+01 7.05010000e-01 2.94990000e-01 1.40155200e-01 9.66073300e-02 7.96534600e-01 7.89855500e-01 4.32621700e-01 5.87024800e-01 9.59409900e-01 1.01376600e+02 2.38407000e+00 7.08465600e+00 2.10085400e+00 1.89744200e+00 1.22707100e+03 5.88822600e+03 2.57857600e+03 8.36730300e+02 2.37999000e+02 9.76457000e-01 2.45785400e-01 2.47113300e-01 2.42284900e+00 1.37355700e+01 1.08848100e+03 1.44705100e+02 1.03940700e+00 1.39218900e+01 1.06176400e+03 1.47074400e+02 1.41550300e-01 1.59419300e-01 3.33384100e+03 1.01752900e-02 8.27050800e-01 4.55812500e-01 7.40389500e+01 6.30114600e+02 8.38703700e+01 1.50673500e+03 9.04262300e+01 1.95444300e+03 9.59221000e+01 2.27640100e+03 2.34835800e+02 5.73532800e+03 4.38396700e-01 7.37679800e-01 4.60050800e-01 6.55709100e-01 4.60605900e-01 6.14391700e-01 4.57043000e-01 5.85077300e-01 2.95669100e-01 3.05577100e-01 8.24977300e+00 3.95673300e+02 1.88831000e+03 3.09987500e-02 2.27128100e+00 3.61302200e+00 1.02430100e+01 2.29223300e+03 5.91530200e+00
2.77458000e-03 1.15586600e+03 2.30802600e-02 1.18966600e-01 1.03950100e+00 5.07553100e-02 3.05714200e+00 9.58864200e-01 1.00117300e+00 6.78302000e+01 6.89863100e-01 3.10136900e-01 1.42692000e-01 9.67882700e-02 8.06756400e-01 8.20273100e-01 4.49282100e-01 6.02047500e-01 9.79559600e-01 9.94248700e+01 2.46196100e+00 7.14874300e+00 2.12666900e+00 1.92138500e+00 1.27958100e+03 5.97269500e+03 2.58835400e+03 8.32630500e+02 2.35891100e+02 9.58864200e-01 2.45689400e-01 2.47017000e-01 2.45902200e+00 1.37638200e+01 1.08896300e+03 1.44155900e+02 1.03961200e+00 1.38663100e+01 1.06149700e+03 1.46579100e+02 1.41933100e-01 1.59626600e-01 3.39448100e+03 1.03603100e-02 8.15536400e-01 4.49990300e-01 7.31076800e+01 6.39240400e+02 8.32183500e+01 1.52487000e+03 8.99368100e+01 1.97554500e+03 9.55578500e+01 2.29899100e+03 2.36450800e+02 5.74903900e+03 4.53962100e-01 7.45621400e-01 4.72522900e-01 6.61081700e-01 4.71285200e-01 6.18722400e-01 4.66441200e-01 5.88764600e-01 2.96908500e-01 3.06159700e-01 1.17745100e+01 3.95675200e+02 1.88759000e+03 4.97416600e-02 1.09677200e+00 5.29652600e+00 1.02481000e+01 2.29504000e+03 6.44304000e+00
5.80240700e-08 1.16918100e+03 2.43617400e-02 1.19445000e-01 1.03927600e+00 4.86174800e-02 3.08145600e+00 9.61416100e-01 1.00076900e+00 6.86651600e+01 6.93627100e-01 3.06372900e-01 1.44451900e-01 9.91881400e-02 8.13452900e-01 8.22047700e-01 4.50254100e-01 6.05194600e-01 9.81667000e-01 9.96156200e+01 2.48274500e+00 6.69708300e+00 2.17901000e+00 1.97710900e+00 1.31776400e+03 6.23577000e+03 2.66242200e+03 8.62267000e+02 2.46788100e+02 9.61416100e-01 2.46162100e-01 2.47491400e-01 2.25185400e+00 1.36432100e+01 1.08756200e+03 1.43060800e+02 1.03925500e+00 1.37657000e+01 1.06435800e+03 1.45074500e+02 1.44422000e-01 1.58022200e-01 3.43655000e+03 1.04886600e-02 8.11443500e-01 4.46928100e-01 7.39450300e+01 6.31732200e+02 8.40708800e+01 1.50785800e+03 9.08052400e+01 1.95409500e+03 9.64423000e+01 2.27451100e+03 2.38023600e+02 5.69821200e+03 4.55262700e-01 7.52185800e-01 4.74822600e-01 6.67314200e-01 4.74021000e-01 6.24726700e-01 4.69441600e-01 5.94584000e-01 2.99981000e-01 3.09503000e-01 3.33248200e+01 3.95686600e+02 1.89267700e+03 3.58501200e-02 1.15641700e+00 5.35769400e+00 1.01224800e+01 2.32168900e+03 6.54996100e+00
6.99335000e-07 1.16658700e+03 2.35188600e-02 1.20398300e-01 1.03877000e+00 5.28388900e-02 3.07865300e+00 9.57760300e-01 1.00139400e+00 6.74493400e+01 6.82239700e-01 3.17760300e-01 1.44562300e-01 9.75063300e-02 8.17497300e-01 8.41347700e-01 4.60825100e-01 6.13777900e-01 9.95399600e-01 9.82941000e+01 2.50383700e+00 7.29217500e+00 2.17291200e+00 1.95500000e+00 1.30397400e+03 6.08588900e+03 2.62665400e+03 8.46686300e+02 2.41045400e+02 9.57760300e-01 2.45873100e-01 2.47201400e-01 2.38525400e+00 1.37472700e+01 1.08857600e+03 1.43456400e+02 1.03882800e+00 1.38094400e+01 1.06256500e+03 1.45730300e+02 1.43157700e-01 1.58912900e-01 3.43918900e+03 1.04967100e-02 8.08252700e-01 4.45862500e-01 7.28213800e+01 6.42306200e+02 8.30916500e+01 1.53034600e+03 8.99043900e+01 1.98144400e+03 9.55988000e+01 2.30487700e+03 2.37759100e+02 5.74293400e+03 4.64928200e-01 7.54787600e-01 4.82003800e-01 6.68376000e-01 4.79845200e-01 6.25205100e-01 4.74323000e-01 5.94720500e-01 2.99605000e-01 3.08611700e-01 2.83462700e+01 3.95862300e+02 1.88876900e+03 2.09394900e-01 5.80430900e-01 9.06841400e+00 1.03385800e+01 2.31297800e+03 9.85824000e+00
1.55446700e-02 1.15878800e+03 2.38589300e-02 1.15130200e-01 1.03831100e+00 5.34179400e-02 3.04709800e+00 9.59395900e-01 9.94817700e-01 6.94561800e+01 7.10552200e-01 2.89447800e-01 1.39634300e-01 9.69846400e-02 7.84996200e-01 7.71067000e-01 4.22330800e-01 5.75784800e-01 9.41915900e-01 1.01923700e+02 2.40845400e+00 7.20367400e+00 2.10541500e+00 1.89208000e+00 1.27701600e+03 6.04538100e+03 2.55981200e+03 8.24303100e+02 2.33831700e+02 9.59395900e-01 2.46000600e-01 2.47329300e-01 2.33005100e+00 1.37034500e+01 1.08775200e+03 1.44553700e+02 1.03834800e+00 1.39215000e+01 1.06294600e+03 1.46745300e+02 1.42272400e-01 1.58614600e-01 3.32138900e+03 1.01373000e-02 8.30173100e-01 4.56978300e-01 7.45119300e+01 6.25718300e+02 8.42539900e+01 1.49756100e+03 9.07587700e+01 1.94343200e+03 9.62158800e+01 2.26430900e+03 2.34592600e+02 5.72110500e+03 4.28408500e-01 7.27547800e-01 4.50938900e-01 6.47322500e-01 4.52135100e-01 6.06794500e-01 4.49073900e-01 5.78005500e-01 2.92324900e-01 3.02391400e-01 8.32807500e+00 3.95731500e+02 1.89241200e+03 8.09512800e-02 2.67357500e+00 4.02531300e+00 1.43248300e+01 2.29647200e+03 6.77984000e+00
7.54543600e-03 1.15450100e+03 2.38623100e-02 1.16281000e-01 1.03905300e+00 5.14519600e-02 3.05646500e+00 9.70443900e-01 9.99290100e-01 6.92913800e+01 7.06770000e-01 2.93230000e-01 1.40788400e-01 9.75542400e-02 7.96822600e-01 7.87780500e-01 4.31485200e-01 5.86359200e-01 9.57242600e-01 1.01466100e+02 2.40711300e+00 7.02667200e+00 2.12523100e+00 1.91741200e+00 1.26030700e+03 6.03285300e+03 2.59990600e+03 8.42897100e+02 2.40282500e+02 9.70443900e-01 2.46001600e-01 2.47330400e-01 2.32951200e+00 1.36866400e+01 1.08784400e+03 1.44251400e+02 1.03908100e+00 1.38826000e+01 1.06306100e+03 1.46433900e+02 1.42611100e-01 1.58681400e-01 3.34897700e+03 1.02214700e-02 8.25644100e-01 4.54648300e-01 7.43976200e+01 6.26951500e+02 8.42288000e+01 1.49959400e+03 9.07871900e+01 1.94546000e+03 9.62864700e+01 2.26616900e+03 2.35425800e+02 5.71464400e+03 4.37390900e-01 7.38122500e-01 4.59433800e-01 6.56298800e-01 4.60196200e-01 6.15026500e-01 4.56775400e-01 5.85733100e-01 2.96068200e-01 3.06077000e-01 9.77362500e+00 3.95584100e+02 1.88745100e+03 3.66284600e-02 2.34993600e+00 3.69742000e+00 1.01084100e+01 2.29280900e+03 6.08398400e+00
8.24123100e-03 1.15526200e+03 2.39519200e-02 1.16260100e-01 1.03932800e+00 4.65566300e-02 3.05299700e+00 9.62503800e-01 1.00120600e+00 6.94671600e+01 7.08109500e-01 2.91890500e-01 1.40857200e-01 9.78494900e-02 7.92777600e-01 7.81989100e-01 4.28313100e-01 5.82715200e-01 9.51177600e-01 1.01660200e+02 2.41713700e+00 6.52008100e+00 2.11787200e+00 1.92957300e+00 1.28957900e+03 6.12535900e+03 2.61040300e+03 8.43053300e+02 2.39807700e+02 9.62503800e-01 2.46027700e-01 2.47356600e-01 2.31527800e+00 1.36694300e+01 1.08774500e+03 1.44188000e+02 1.03934400e+00 1.38729800e+01 1.06325100e+03 1.46342800e+02 1.42768300e-01 1.58616500e-01 3.35062100e+03 1.02264900e-02 8.25811200e-01 4.54675000e-01 7.45637600e+01 6.25458800e+02 8.43801000e+01 1.49634700e+03 9.09306600e+01 1.94146200e+03 9.64243600e+01 2.26168900e+03 2.35530000e+02 5.70726200e+03 4.34281900e-01 7.34510400e-01 4.56503100e-01 6.53237800e-01 4.57419900e-01 6.12221400e-01 4.54126100e-01 5.83101200e-01 2.94791700e-01 3.04824300e-01 9.59721100e+00 3.95898100e+02 1.88848600e+03 5.35383600e-02 2.42950100e+00 3.79917500e+00 1.02603400e+01 2.29398100e+03 6.28221500e+00
4.24666100e-03 1.15570500e+03 2.40970800e-02 1.16609400e-01 1.03933400e+00 4.88237400e-02 3.05757700e+00 9.61310700e-01 9.99571900e-01 6.94671600e+01 7.07084900e-01 2.92915100e-01 1.41351600e-01 9.81929800e-02 7.94873500e-01 7.85431400e-01 4.30198500e-01 5.84767800e-01 9.53692200e-01 1.01487400e+02 2.42747800e+00 6.72760000e+00 2.12759500e+00 1.92966200e+00 1.29359300e+03 6.13646700e+03 2.60821100e+03 8.42450800e+02 2.39872600e+02 9.61310700e-01 2.46070700e-01 2.47399700e-01 2.29249800e+00 1.36561200e+01 1.08761400e+03 1.43986700e+02 1.03934100e+00 1.38536500e+01 1.06359500e+03 1.46094000e+02 1.43130200e-01 1.58436200e-01 3.36244100e+03 1.02625500e-02 8.24057500e-01 4.53658800e-01 7.45810300e+01 6.25387200e+02 8.44277800e+01 1.49592800e+03 9.09970600e+01 1.94075500e+03 9.65056900e+01 2.26073000e+03 2.35906800e+02 5.70184800e+03 4.36108400e-01 7.36348100e-01 4.58165100e-01 6.54755600e-01 4.58962600e-01 6.13594900e-01 4.55575800e-01 5.84378600e-01 2.95392200e-01 3.05395600e-01 1.09232400e+01 3.95646200e+02 1.88868300e+03 3.81678600e-02 2.34993600e+00 3.71340900e+00 1.00571100e+01 2.29525200e+03 6.10151300e+00
1.73522300e-02 1.15458300e+03 2.35035400e-02 1.16305100e-01 1.03937400e+00 4.82429800e-02 3.03818300e+00 9.67902500e-01 9.97773500e-01 6.90899700e+01 7.05758900e-01 2.94241100e-01 1.40453700e-01 9.70394500e-02 7.90705900e-01 7.83079900e-01 4.28910500e-01 5.82359100e-01 9.51278100e-01 1.01437100e+02 2.39203200e+00 6.77337600e+00 2.08673000e+00 1.89479800e+00 1.24865400e+03 5.94414200e+03 2.56841300e+03 8.30503100e+02 2.35858200e+02 9.67902500e-01 2.45867000e-01 2.47195300e-01 2.38778400e+00 1.37132600e+01 1.08824900e+03 1.44520600e+02 1.03944000e+00 1.39037000e+01 1.06226000e+03 1.46818900e+02 1.41963200e-01 1.59163600e-01 3.34097800e+03 1.01970700e-02 8.26364000e-01 4.55299100e-01 7.41994600e+01 6.28697700e+02 8.40317700e+01 1.50352800e+03 9.05893800e+01 1.95040400e+03 9.60872600e+01 2.27179500e+03 2.35111400e+02 5.72590500e+03 4.34694300e-01 7.32356400e-01 4.56351600e-01 6.51060300e-01 4.56990600e-01 6.10070600e-01 4.53514500e-01 5.80984100e-01 2.93628400e-01 3.03505600e-01 8.10806800e+00 3.95802000e+02 1.88840000e+03 3.52464600e-02 2.34993600e+00 3.65127000e+00 1.08209200e+01 2.29231000e+03 6.03645200e+00
3.72131600e-03 1.15824700e+03 2.28042000e-02 1.18212000e-01 1.03969600e+00 6.67101800e-02 3.07833600e+00 9.73122200e-01 1.00165600e+00 6.79327400e+01 6.93032000e-01 3.06968000e-01 1.41661400e-01 9.62344400e-02 8.18498200e-01 8.27949100e-01 4.53486400e-01 6.09243600e-01 9.93066100e-01 9.99173000e+01 2.45347800e+00 8.75701900e+00 2.17222200e+00 1.90090500e+00 1.23355900e+03 5.82538900e+03 2.57344800e+03 8.32446600e+02 2.36502900e+02 9.73122200e-01 2.45558000e-01 2.46885100e-01 2.50804000e+00 1.37827000e+01 1.08922900e+03 1.44561900e+02 1.03983500e+00 1.39023900e+01 1.06081000e+03 1.47082700e+02 1.41199200e-01 1.60039800e-01 3.36984400e+03 1.02851400e-02 8.19364600e-01 4.52193300e-01 7.31661500e+01 6.38500400e+02 8.32011700e+01 1.52386900e+03 8.98742000e+01 1.97474900e+03 9.54595100e+01 2.29847400e+03 2.35696100e+02 5.75656400e+03 4.58495700e-01 7.56793900e-01 4.78046000e-01 6.71340300e-01 4.77169700e-01 6.28470500e-01 4.72514100e-01 5.98131700e-01 3.01767400e-01 3.11309800e-01 1.11873600e+01 4.00029300e+02 1.88910900e+03 1.45578600e-02 1.40705700e+00 4.28101100e+00 1.04663500e+01 2.30032600e+03 5.70262600e+00
1.69752900e-02 1.15695000e+03 2.30615400e-02 1.16555900e-01 1.03771600e+00 4.50267900e-02 3.03413100e+00 9.73041600e-01 1.00082400e+00 6.80719000e+01 6.97304400e-01 3.02695600e-01 1.40262600e-01 9.54794000e-02 7.92045500e-01 7.95595900e-01 4.35765800e-01 5.87491600e-01 9.59988900e-01 1.00228800e+02 2.38702800e+00 6.52313200e+00 2.07829100e+00 1.89931300e+00 1.23136900e+03 5.88414700e+03 2.57624100e+03 8.33663200e+02 2.36537700e+02 9.73041600e-01 2.45680200e-01 2.47007800e-01 2.46224100e+00 1.38084100e+01 1.08878000e+03 1.44795300e+02 1.03783300e+00 1.39516900e+01 1.06126800e+03 1.47239600e+02 1.41214500e-01 1.59457000e-01 3.33640800e+03 1.01831200e-02 8.24649100e-01 4.54700300e-01 7.32479200e+01 6.37476900e+02 8.31800500e+01 1.52246500e+03 8.97912000e+01 1.97361200e+03 9.53278000e+01 2.29771100e+03 2.34668700e+02 5.76677800e+03 4.40929900e-01 7.32758500e-01 4.60788700e-01 6.50486500e-01 4.60440500e-01 6.09143400e-01 4.56277500e-01 5.79858700e-01 2.92723000e-01 3.02171800e-01 8.15199300e+00 3.96273800e+02 1.89364200e+03 3.66693800e-03 1.53969800e+00 4.15256200e+00 1.01365100e+01 2.29806800e+03 5.69592800e+00
3.05710300e-03 1.15659100e+03 2.42410800e-02 1.16427700e-01 1.03889900e+00 4.81100500e-02 3.05355100e+00 9.76779000e-01 9.97366700e-01 6.95037800e+01 7.07471700e-01 2.92528300e-01 1.41313900e-01 9.82185000e-02 7.96379000e-01 7.86399300e-01 4.30728700e-01 5.85681900e-01 9.55246700e-01 1.01466200e+02 2.39035900e+00 6.62689200e+00 2.11904600e+00 1.92465400e+00 1.24953500e+03 6.04923100e+03 2.61401200e+03 8.51731100e+02 2.43833900e+02 9.76779000e-01 2.46118400e-01 2.47447600e-01 2.27024300e+00 1.36537300e+01 1.08744400e+03 1.43923400e+02 1.03889200e+00 1.38535600e+01 1.06390000e+03 1.45986600e+02 1.43336200e-01 1.58209600e-01 3.36153900e+03 1.02598000e-02 8.24284100e-01 4.53658200e-01 7.46161000e+01 6.25064200e+02 8.44562900e+01 1.49525400e+03 9.10218200e+01 1.93994500e+03 9.65276100e+01 2.25984000e+03 2.35889600e+02 5.70079300e+03 4.36664300e-01 7.37784100e-01 4.58851600e-01 6.56078900e-01 4.59699100e-01 6.14854500e-01 4.56339400e-01 5.85590500e-01 2.96022400e-01 3.06067000e-01 1.15805800e+01 3.95839800e+02 1.88850700e+03 3.62802900e-02 2.34993600e+00 3.73173800e+00 1.11372600e+01 2.29592700e+03 6.11795400e+00
1.65863700e-02 1.15667000e+03 2.38467600e-02 1.15008300e-01 1.04000800e+00 5.14335900e-02 3.04642600e+00 9.80575100e-01 9.96558300e-01 7.00677500e+01 7.15856000e-01 2.84144000e-01 1.39500200e-01 9.77446600e-02 7.92133100e-01 7.70915500e-01 4.22247800e-01 5.78339400e-01 9.46322300e-01 1.02853300e+02 2.36033500e+00 7.01141400e+00 2.10400100e+00 1.89832800e+00 1.22581400e+03 5.94701400e+03 2.58708100e+03 8.42709800e+02 2.40595900e+02 9.80575100e-01 2.45996900e-01 2.47325600e-01 2.33199400e+00 1.36538700e+01 1.08775600e+03 1.44594800e+02 1.04003900e+00 1.39028200e+01 1.06290800e+03 1.46791200e+02 1.42215800e-01 1.58890900e-01 3.31818400e+03 1.01275200e-02 8.32091700e-01 4.58025100e-01 7.50765400e+01 6.20635800e+02 8.47449600e+01 1.48667500e+03 9.12087500e+01 1.93015500e+03 9.66353800e+01 2.24954500e+03 2.34671500e+02 5.69957200e+03 4.28746300e-01 7.34702300e-01 4.52622900e-01 6.54295600e-01 4.54459700e-01 6.13588000e-01 4.51809900e-01 5.84637500e-01 2.95904200e-01 3.06366200e-01 8.19834800e+00 3.95644000e+02 1.88843000e+03 2.28612600e-01 3.35175700e+00 5.56515700e+00 1.19230500e+01 2.29227200e+03 9.14552700e+00
1.57108900e-02 1.15576000e+03 2.31132500e-02 1.16381400e-01 1.04029200e+00 5.58139900e-02 3.04740300e+00 9.72572300e-01 9.98333100e-01 6.90460200e+01 7.06042700e-01 2.93957300e-01 1.40139800e-01 9.67609700e-02 7.98527300e-01 7.90444300e-01 4.32944200e-01 5.87977700e-01 9.60993500e-01 1.01655200e+02 2.39495900e+00 7.61261000e+00 2.10605800e+00 1.88360900e+00 1.22863700e+03 5.84724400e+03 2.55696600e+03 8.27410300e+02 2.34822100e+02 9.72572300e-01 2.45705300e-01 2.47033000e-01 2.45337700e+00 1.37256700e+01 1.08870400e+03 1.44801200e+02 1.04039500e+00 1.39179000e+01 1.06138200e+03 1.47228100e+02 1.41261000e-01 1.59791600e-01 3.33347400e+03 1.01741700e-02 8.27378800e-01 4.56144300e-01 7.41475200e+01 6.29117800e+02 8.39652200e+01 1.50460100e+03 9.05135200e+01 1.95184100e+03 9.60038000e+01 2.27350700e+03 2.34858500e+02 5.73104700e+03 4.38807800e-01 7.39629700e-01 4.60742000e-01 6.57558800e-01 4.61421200e-01 6.16173800e-01 4.57934200e-01 5.86804900e-01 2.96585000e-01 3.06574100e-01 8.30680300e+00 3.96027500e+02 1.89039200e+03 5.55105300e-02 2.50994400e+00 3.75505000e+00 1.04723600e+01 2.29472600e+03 6.32050400e+00
1.37275900e-02 1.15694900e+03 2.31017600e-02 1.16984900e-01 1.04095700e+00 5.31043200e-02 3.05245500e+00 9.83172900e-01 1.00139200e+00 6.90460200e+01 7.04801100e-01 2.95198900e-01 1.40731800e-01 9.71696800e-02 8.06645700e-01 8.00165100e-01 4.38268500e-01 5.94581700e-01 9.70763600e-01 1.01553900e+02 2.38465700e+00 7.35626200e+00 2.11672600e+00 1.90343800e+00 1.21162100e+03 5.83373200e+03 2.59078000e+03 8.43403900e+02 2.40336600e+02 9.83172900e-01 2.45699800e-01 2.47027400e-01 2.45533900e+00 1.37095700e+01 1.08876900e+03 1.44652600e+02 1.04107000e+00 1.38946100e+01 1.06138200e+03 1.47081500e+02 1.41411100e-01 1.59889500e-01 3.34762300e+03 1.02173400e-02 8.25263700e-01 4.55070600e-01 7.41683100e+01 6.29030600e+02 8.40225900e+01 1.50409200e+03 9.05933600e+01 1.95098200e+03 9.61015800e+01 2.27234200e+03 2.35310800e+02 5.72449700e+03 4.44098900e-01 7.47022100e-01 4.65981100e-01 6.63988800e-01 4.66517900e-01 6.22139300e-01 4.62892300e-01 5.92448800e-01 2.99382200e-01 3.09405800e-01 8.57669500e+00 3.95680600e+02 1.89316000e+03 4.66750400e-02 2.42950100e+00 3.66694600e+00 1.03380100e+01 2.29741700e+03 6.14312200e+00
7.96343000e-03 1.15819200e+03 2.26415300e-02 1.15886900e-01 1.03977100e+00 5.86090500e-02 3.04131500e+00 9.76416300e-01 9.97271000e-01 6.86615000e+01 7.04790600e-01 2.95209400e-01 1.39173600e-01 9.55586600e-02 7.97139100e-01 7.90748900e-01 4.33111000e-01 5.87579500e-01 9.62005300e-01 1.01540000e+02 2.37993000e+00 7.97882100e+00 2.09327600e+00 1.86174100e+00 1.20279300e+03 5.73104200e+03 2.53139000e+03 8.18635700e+02 2.31694000e+02 9.76416300e-01 2.45494800e-01 2.46821700e-01 2.53711800e+00 1.37862600e+01 1.08922400e+03 1.45295300e+02 1.03992800e+00 1.39716700e+01 1.06027600e+03 1.47884900e+02 1.40231100e-01 1.60345600e-01 3.31037600e+03 1.01037000e-02 8.29943300e-01 4.57825800e-01 7.37543400e+01 6.32562700e+02 8.35542200e+01 1.51253300e+03 9.00886900e+01 1.96192700e+03 9.55664700e+01 2.28508700e+03 2.34004800e+02 5.75653600e+03 4.38887400e-01 7.38217500e-01 4.60509000e-01 6.56162700e-01 4.61037800e-01 6.14806600e-01 4.57453700e-01 5.85466200e-01 2.95863400e-01 3.05763600e-01 9.66579100e+00 3.96621600e+02 1.89274600e+03 4.52005800e-02 2.42950100e+00 3.65718400e+00 1.12193800e+01 2.29903400e+03 6.13188600e+00
1.69628600e-02 1.15887900e+03 2.24683100e-02 1.17459300e-01 1.03936600e+00 6.64476800e-02 3.05858800e+00 9.60648400e-01 9.97839400e-01 6.78155500e+01 6.94337200e-01 3.05662800e-01 1.40572800e-01 9.53301900e-02 8.05192800e-01 8.12756600e-01 4.45165200e-01 5.98701700e-01 9.77766700e-01 1.00135100e+02 2.44999700e+00 8.80279500e+00 2.12974700e+00 1.86471500e+00 1.24211900e+03 5.77231500e+03 2.51732400e+03 8.07183800e+02 2.27525500e+02 9.60648400e-01 2.45433000e-01 2.46759700e-01 2.56752000e+00 1.38230000e+01 1.08957500e+03 1.45015900e+02 1.03954600e+00 1.39499300e+01 1.05997100e+03 1.47658100e+02 1.40344400e-01 1.60465900e-01 3.34382300e+03 1.02057500e-02 8.22925100e-01 4.54293600e-01 7.30185400e+01 6.39696500e+02 8.29988200e+01 1.52704000e+03 8.96374400e+01 1.97906500e+03 9.51948800e+01 2.30366800e+03 2.34831100e+02 5.77324200e+03 4.50200000e-01 7.44622500e-01 4.69724100e-01 6.60687900e-01 4.69016500e-01 6.18558600e-01 4.64542200e-01 5.88735800e-01 2.97085000e-01 3.06536100e-01 8.15345800e+00 4.00465600e+02 1.89287600e+03 5.64933900e-03 1.53969800e+00 3.94371900e+00 1.07746900e+01 2.30149500e+03 5.48906700e+00
4.08259200e-03 1.16141700e+03 2.32500300e-02 1.18229200e-01 1.04076300e+00 6.52428500e-02 3.06989800e+00 9.84353600e-01 9.96120400e-01 6.86578400e+01 6.98499400e-01 3.01500600e-01 1.42124300e-01 9.75795000e-02 8.17706900e-01 8.19749500e-01 4.48995300e-01 6.05926200e-01 9.86853300e-01 1.00645200e+02 2.41510300e+00 8.51593000e+00 2.15397000e+00 1.89047200e+00 1.20149800e+03 5.77004500e+03 2.56959800e+03 8.38149000e+02 2.39604500e+02 9.84353600e-01 2.45767300e-01 2.47095100e-01 2.43025400e+00 1.37058000e+01 1.08870200e+03 1.44216300e+02 1.04086300e+00 1.38554500e+01 1.06180200e+03 1.46589500e+02 1.42041800e-01 1.59629400e-01 3.38091100e+03 1.03189000e-02 8.19450200e-01 4.51932200e-01 7.38584600e+01 6.32121400e+02 8.38412100e+01 1.50996300e+03 9.04878900e+01 1.95759500e+03 9.60551200e+01 2.27921900e+03 2.36259100e+02 5.72375900e+03 4.54410100e-01 7.56619100e-01 4.75179600e-01 6.71800500e-01 4.74963200e-01 6.29157700e-01 4.70763600e-01 5.98944900e-01 3.02397100e-01 3.12218100e-01 1.10020500e+01 3.98685000e+02 1.89532600e+03 8.64521300e-04 1.81943000e+00 3.56569000e+00 1.24360300e+01 2.30501300e+03 5.38598400e+00
8.97249000e-03 1.15741500e+03 2.27503600e-02 1.16518200e-01 1.03945700e+00 5.62532000e-02 3.05486500e+00 9.89352500e-01 9.98825500e-01 6.84161400e+01 7.01088200e-01 2.98911800e-01 1.39913700e-01 9.57235300e-02 8.08066700e-01 8.06599800e-01 4.41792900e-01 5.97493200e-01 9.76940100e-01 1.00979600e+02 2.37741900e+00 7.73468000e+00 2.12183200e+00 1.89605100e+00 1.18943300e+03 5.75856400e+03 2.58537900e+03 8.42629100e+02 2.39937000e+02 9.89352500e-01 2.45535700e-01 2.46862700e-01 2.51775900e+00 1.37875600e+01 1.08914600e+03 1.45045300e+02 1.03960600e+00 1.39519500e+01 1.06054300e+03 1.47596200e+02 1.40617000e-01 1.60131600e-01 3.32806800e+03 1.01576800e-02 8.26700000e-01 4.56046900e-01 7.35533300e+01 6.34558400e+02 8.34259600e+01 1.51640600e+03 9.00032600e+01 1.96635800e+03 9.55142400e+01 2.28975900e+03 2.34500900e+02 5.75758300e+03 4.47364800e-01 7.47961100e-01 4.68463000e-01 6.64404300e-01 4.68556500e-01 6.22353200e-01 4.64617900e-01 5.92543200e-01 2.99283200e-01 3.09120200e-01 9.42718400e+00 3.96018100e+02 1.89359800e+03 9.41143100e-03 2.04033800e+00 3.48761700e+00 1.02485000e+01 2.29904300e+03 5.53736600e+00
8.47355900e-04 1.15765200e+03 2.33932900e-02 1.17233700e-01 1.03974300e+00 5.91469500e-02 3.07351800e+00 9.82355200e-01 9.99260800e-01 6.87896700e+01 7.01454800e-01 2.98545200e-01 1.41272100e-01 9.71806400e-02 8.13419500e-01 8.11444800e-01 4.44446600e-01 6.01266600e-01 9.80737900e-01 1.00910500e+02 2.41521900e+00 7.88726800e+00 2.16178300e+00 1.92060300e+00 1.22705300e+03 5.91000100e+03 2.61096300e+03 8.50647700e+02 2.43075400e+02 9.82355200e-01 2.45824500e-01 2.47152600e-01 2.40613400e+00 1.37176600e+01 1.08845200e+03 1.44364100e+02 1.03981800e+00 1.38835900e+01 1.06206900e+03 1.46694200e+02 1.42024500e-01 1.59325300e-01 3.36054000e+03 1.02567500e-02 8.22745000e-01 4.53512200e-01 7.39464900e+01 6.31159700e+02 8.38625300e+01 1.50836800e+03 9.04692700e+01 1.95599000e+03 9.60051700e+01 2.27773100e+03 2.35647300e+02 5.72833600e+03 4.50089300e-01 7.52949500e-01 4.71402800e-01 6.68872500e-01 4.71537800e-01 6.26553900e-01 4.67601200e-01 5.96552100e-01 3.01313300e-01 3.11237100e-01 1.41467800e+01 3.96577800e+02 1.88892700e+03 6.39681600e-03 1.96545900e+00 3.56555300e+00 1.01152100e+01 2.29965200e+03 5.53740900e+00
1.09172600e-02 1.15531300e+03 2.34392100e-02 1.16748700e-01 1.03963300e+00 4.85076500e-02 3.05485500e+00 9.72685000e-01 1.00408700e+00 6.89654500e+01 7.03898100e-01 2.96101900e-01 1.40833000e-01 9.71261300e-02 8.00883700e-01 7.95663600e-01 4.35802900e-01 5.90785400e-01 9.64392200e-01 1.01221800e+02 2.40681300e+00 6.81915300e+00 2.12181100e+00 1.92563300e+00 1.25444700e+03 5.99620400e+03 2.61221500e+03 8.46714400e+02 2.40989200e+02 9.72685000e-01 2.45842100e-01 2.47170200e-01 2.39845900e+00 1.37141100e+01 1.08835900e+03 1.44454700e+02 1.03970400e+00 1.38938300e+01 1.06214500e+03 1.46771800e+02 1.41970900e-01 1.59267900e-01 3.35004400e+03 1.02247300e-02 8.24713800e-01 4.54497400e-01 7.40946000e+01 6.29722700e+02 8.39642000e+01 1.50552400e+03 9.05437800e+01 1.95269100e+03 9.60586900e+01 2.27421100e+03 2.35363700e+02 5.72652300e+03 4.41538900e-01 7.41592300e-01 4.63061500e-01 6.59058000e-01 4.63484500e-01 6.17475500e-01 4.59808800e-01 5.87980100e-01 2.97084600e-01 3.06986900e-01 9.03482000e+00 3.95791400e+02 1.88731700e+03 2.05905200e-02 2.19351700e+00 3.56955300e+00 1.26997000e+01 2.29214300e+03 5.78366100e+00
2.22970800e-05 1.16238100e+03 2.44028700e-02 1.18042800e-01 1.03994500e+00 5.13758000e-02 3.07802800e+00 9.58948400e-01 1.00034100e+00 6.94195600e+01 7.03074100e-01 2.96925900e-01 1.43090800e-01 9.93329900e-02 8.06716200e-01 8.02572200e-01 4.39586900e-01 5.95501400e-01 9.68232900e-01 1.00930800e+02 2.46757000e+00 6.94427500e+00 2.17155300e+00 1.95950300e+00 1.31932400e+03 6.23526300e+03 2.64166600e+03 8.53835000e+02 2.43881300e+02 9.58948400e-01 2.46177700e-01 2.47507100e-01 2.24563800e+00 1.36135000e+01 1.08740300e+03 1.43385800e+02 1.03992300e+00 1.37881200e+01 1.06435800e+03 1.45392500e+02 1.44091600e-01 1.58127000e-01 3.40401300e+03 1.03893900e-02 8.17865000e-01 4.50243000e-01 7.46008400e+01 6.25505000e+02 8.45592200e+01 1.49525300e+03 9.11967500e+01 1.93924600e+03 9.67596600e+01 2.25845000e+03 2.37214500e+02 5.68460000e+03 4.45263600e-01 7.46910900e-01 4.66767000e-01 6.63692700e-01 4.67098300e-01 6.21778800e-01 4.63330400e-01 5.92053500e-01 2.99095700e-01 3.09032600e-01 2.14221100e+01 3.95589700e+02 1.89204500e+03 6.74519200e-03 1.96545900e+00 3.68605100e+00 1.00464300e+01 2.30905700e+03 5.65825600e+00
2.08936100e-03 1.15728800e+03 2.36047700e-02 1.16463000e-01 1.03981800e+00 6.16666600e-02 3.08230500e+00 9.76402600e-01 1.00294300e+00 6.92694100e+01 7.06741300e-01 2.93258700e-01 1.40712900e-01 9.74710000e-02 8.11498900e-01 8.02329500e-01 4.39454000e-01 5.97173700e-01 9.75028200e-01 1.01595500e+02 2.42815900e+00 8.06732200e+00 2.18086100e+00 1.92781400e+00 1.25247500e+03 6.00401500e+03 2.61799200e+03 8.50476400e+02 2.42806800e+02 9.76402600e-01 2.45908100e-01 2.47236500e-01 2.37113300e+00 1.36904000e+01 1.08814700e+03 1.44401900e+02 1.03988100e+00 1.38863800e+01 1.06248900e+03 1.46667100e+02 1.42193500e-01 1.59104000e-01 3.34717300e+03 1.02159700e-02 8.25863900e-01 4.54975000e-01 7.43767900e+01 6.27127700e+02 8.42054300e+01 1.50001300e+03 9.07621300e+01 1.94600300e+03 9.62599700e+01 2.26680000e+03 2.35362400e+02 5.71621200e+03 4.45453600e-01 7.51716900e-01 4.67901000e-01 6.68385500e-01 4.68676700e-01 6.26352900e-01 4.65192200e-01 5.96519900e-01 3.01522000e-01 3.11713700e-01 1.23417900e+01 3.97365500e+02 1.88724400e+03 4.88434500e-02 2.42950100e+00 3.73395900e+00 1.14131400e+01 2.29695100e+03 6.21230400e+00
3.45308200e-05 1.16269600e+03 2.39939400e-02 1.17653400e-01 1.03858600e+00 6.53517600e-02 3.09658100e+00 9.66807600e-01 1.00265000e+00 6.87493900e+01 6.98946000e-01 3.01054000e-01 1.42292500e-01 9.78252300e-02 8.15834100e-01 8.17265900e-01 4.47635000e-01 6.04314400e-01 9.83937300e-01 1.00326800e+02 2.47742500e+00 8.34198000e+00 2.21221800e+00 1.94117200e+00 1.28674400e+03 6.10453600e+03 2.62268000e+03 8.49423200e+02 2.42792600e+02 9.66807600e-01 2.46039600e-01 2.47368500e-01 2.30864800e+00 1.36931200e+01 1.08781400e+03 1.43796500e+02 1.03860900e+00 1.38451100e+01 1.06344200e+03 1.45931200e+02 1.43245200e-01 1.58406600e-01 3.38493100e+03 1.03311700e-02 8.19088600e-01 4.51140900e-01 7.39506400e+01 6.31300600e+02 8.39335100e+01 1.50811200e+03 9.05809900e+01 1.95526800e+03 9.61492100e+01 2.27657000e+03 2.36413900e+02 5.71840600e+03 4.53062600e-01 7.54932400e-01 4.73886900e-01 6.70353900e-01 4.73725800e-01 6.27824200e-01 4.69573500e-01 5.97688600e-01 3.01779800e-01 3.11603000e-01 2.05473200e+01 3.99190400e+02 1.88872600e+03 1.78459500e-03 1.60798500e+00 4.16753300e+00 1.11514900e+01 2.30846400e+03 5.77730200e+00
2.25089700e-04 1.15887800e+03 2.36212600e-02 1.19140200e-01 1.03923300e+00 4.90316900e-02 3.05877000e+00 9.61597300e-01 9.97571000e-01 6.81304900e+01 6.91051500e-01 3.08948500e-01 1.43406600e-01 9.77036400e-02 8.06332300e-01 8.18269800e-01 4.48184800e-01 6.01153800e-01 9.76884700e-01 9.94332900e+01 2.45688300e+00 6.87103300e+00 2.13013400e+00 1.93116100e+00 1.28166900e+03 6.03128700e+03 2.60293000e+03 8.40665500e+02 2.39271800e+02 9.61597300e-01 2.45914800e-01 2.47243200e-01 2.36843700e+00 1.37177500e+01 1.08835500e+03 1.43699100e+02 1.03929100e+00 1.38266500e+01 1.06271700e+03 1.45945400e+02 1.42990400e-01 1.58900700e-01 3.41156300e+03 1.04124200e-02 8.13781700e-01 4.48674800e-01 7.34140000e+01 6.36485900e+02 8.35349500e+01 1.51859000e+03 9.02621100e+01 1.96760000e+03 9.58912900e+01 2.28990000e+03 2.37079900e+02 5.72965300e+03 4.52938600e-01 7.45348700e-01 4.71759100e-01 6.60970600e-01 4.70664000e-01 6.18672700e-01 4.65919400e-01 5.88750700e-01 2.96944200e-01 3.06252200e-01 1.67980200e+01 3.95689900e+02 1.88764400e+03 4.98184500e-02 1.09677200e+00 5.50442200e+00 1.09717800e+01 2.30013200e+03 6.65101200e+00
5.87025200e-03 1.15655100e+03 2.38683300e-02 1.15515600e-01 1.03841200e+00 4.72279900e-02 3.05261100e+00 9.81516600e-01 1.00027700e+00 6.93573000e+01 7.08905500e-01 2.91094500e-01 1.40029100e-01 9.71204000e-02 7.95352300e-01 7.83458300e-01 4.29117800e-01 5.84208700e-01 9.55022200e-01 1.01698600e+02 2.37486800e+00 6.59027100e+00 2.11705400e+00 1.92623900e+00 1.23731500e+03 6.01756900e+03 2.62250900e+03 8.54821700e+02 2.44351500e+02 9.81516600e-01 2.46003500e-01 2.47332200e-01 2.32855100e+00 1.37012600e+01 1.08777400e+03 1.44445800e+02 1.03845000e+00 1.39097500e+01 1.06302300e+03 1.46630000e+02 1.42400900e-01 1.58605400e-01 3.33082700e+03 1.01660900e-02 8.28521100e-01 4.56118200e-01 7.44347300e+01 6.26484600e+02 8.42116700e+01 1.49899800e+03 9.07372200e+01 1.94503300e+03 9.62105400e+01 2.26595800e+03 2.34865900e+02 5.72043300e+03 4.35153300e-01 7.36979600e-01 4.57625400e-01 6.55527800e-01 4.58642600e-01 6.14407400e-01 4.55405700e-01 5.85208100e-01 2.95897000e-01 3.06005400e-01 1.02757200e+01 3.96039000e+02 1.89033900e+03 5.70090300e-02 2.50994400e+00 3.84165700e+00 1.00400700e+01 2.29665400e+03 6.40861000e+00
1.57627100e-02 1.15500300e+03 2.28309600e-02 1.16642200e-01 1.03947100e+00 5.66847700e-02 3.04997100e+00 9.76529300e-01 9.99436400e-01 6.84417700e+01 7.00875200e-01 2.99124800e-01 1.40118300e-01 9.58994600e-02 8.02179100e-01 8.01008100e-01 4.38730200e-01 5.93245500e-01 9.69640400e-01 1.00931100e+02 2.39704700e+00 7.75909400e+00 2.11147400e+00 1.88516800e+00 1.21589500e+03 5.79966400e+03 2.56059100e+03 8.29284800e+02 2.35288500e+02 9.76529300e-01 2.45569600e-01 2.46896700e-01 2.50319900e+00 1.37797700e+01 1.08906100e+03 1.44950500e+02 1.03960500e+00 1.39428500e+01 1.06077200e+03 1.47470000e+02 1.40805400e-01 1.60021800e-01 3.33295900e+03 1.01726000e-02 8.26025800e-01 4.55634900e-01 7.35832800e+01 6.34316200e+02 8.34659500e+01 1.51577300e+03 9.00495900e+01 1.96550200e+03 9.55657100e+01 2.28873200e+03 2.34664700e+02 5.75435800e+03 4.44251000e-01 7.42488500e-01 4.65145800e-01 6.59517600e-01 4.65212000e-01 6.17765100e-01 4.61283600e-01 5.88168200e-01 2.97062500e-01 3.06816600e-01 8.30021700e+00 3.96216500e+02 1.88993600e+03 7.45388700e-03 1.96545900e+00 3.50296500e+00 1.00786000e+01 2.29445200e+03 5.47587800e+00
3.35647100e-04 1.16108700e+03 2.37587400e-02 1.17527000e-01 1.03773000e+00 4.92924100e-02 3.05669100e+00 9.79649600e-01 9.97076300e-01 6.83099400e+01 6.95835200e-01 3.04164800e-01 1.41930800e-01 9.69528600e-02 8.03499100e-01 8.09057300e-01 4.43138900e-01 5.96709100e-01 9.72172800e-01 9.98819800e+01 2.40588900e+00 6.84661900e+00 2.12571000e+00 1.92614600e+00 1.23490200e+03 5.96658800e+03 2.61403000e+03 8.51874700e+02 2.43730600e+02 9.79649600e-01 2.45967800e-01 2.47296400e-01 2.34612400e+00 1.37420200e+01 1.08806600e+03 1.44008400e+02 1.03776900e+00 1.38767300e+01 1.06290800e+03 1.46218800e+02 1.42781800e-01 1.58558500e-01 3.37628600e+03 1.03047900e-02 8.19314100e-01 4.51409000e-01 7.35249100e+01 6.35183600e+02 8.35347000e+01 1.51662600e+03 9.01952300e+01 1.96580400e+03 9.57720900e+01 2.28842500e+03 2.36009900e+02 5.73923000e+03 4.48278200e-01 7.43203100e-01 4.68089400e-01 6.59590200e-01 4.67557900e-01 6.17598100e-01 4.63212600e-01 5.87863200e-01 2.96693900e-01 3.06205200e-01 1.59989000e+01 3.95719700e+02 1.89282500e+03 1.83640400e-02 1.34256300e+00 4.87332300e+00 1.13954400e+01 2.30454300e+03 6.23425000e+00
2.33547100e-03 1.15579200e+03 2.40639300e-02 1.16855100e-01 1.03939000e+00 4.78605400e-02 3.05601600e+00 9.74518600e-01 9.98737900e-01 6.93682900e+01 7.05807600e-01 2.94192400e-01 1.41564200e-01 9.82006600e-02 7.99388600e-01 7.91613300e-01 4.33584500e-01 5.88729500e-01 9.59792800e-01 1.01324200e+02 2.40187300e+00 6.63909900e+00 2.12427500e+00 1.93036600e+00 1.25690500e+03 6.05342300e+03 2.61929400e+03 8.52119900e+02 2.43638100e+02 9.74518600e-01 2.46060400e-01 2.47389300e-01 2.29766900e+00 1.36589100e+01 1.08767100e+03 1.43948600e+02 1.03939900e+00 1.38492100e+01 1.06351900e+03 1.46067000e+02 1.43141700e-01 1.58474300e-01 3.36752200e+03 1.02780500e-02 8.23078300e-01 4.53177500e-01 7.44975100e+01 6.26178900e+02 8.43679600e+01 1.49751600e+03 9.09510800e+01 1.94261300e+03 9.64703900e+01 2.26272700e+03 2.36039900e+02 5.70319500e+03 4.39429500e-01 7.40402200e-01 4.61334100e-01 6.58216900e-01 4.61985200e-01 6.16778300e-01 4.58474700e-01 5.87372800e-01 2.96852400e-01 3.06843100e-01 1.21190800e+01 3.95876700e+02 1.88735100e+03 2.63951000e-02 2.27128100e+00 3.65715800e+00 1.02826600e+01 2.29534600e+03 5.95483400e+00
8.48259900e-03 1.15502600e+03 2.39100600e-02 1.16624000e-01 1.03982200e+00 4.76475500e-02 3.05512900e+00 9.65421200e-01 1.00177900e+00 6.94671600e+01 7.07442300e-01 2.92557700e-01 1.41179200e-01 9.80731600e-02 7.96428100e-01 7.86487200e-01 4.30776800e-01 5.85732600e-01 9.55557400e-01 1.01625600e+02 2.41642200e+00 6.64520300e+00 2.12239200e+00 1.92947600e+00 1.28071100e+03 6.09479600e+03 2.61188600e+03 8.44950800e+02 2.40608300e+02 9.65421200e-01 2.46015800e-01 2.47344600e-01 2.32191100e+00 1.36603300e+01 1.08782100e+03 1.44126000e+02 1.03985300e+00 1.38602200e+01 1.06317500e+03 1.46293000e+02 1.42796800e-01 1.58730800e-01 3.35831800e+03 1.02499700e-02 8.24677600e-01 4.54131800e-01 7.45795600e+01 6.25371100e+02 8.44151700e+01 1.49598600e+03 9.09776300e+01 1.94089400e+03 9.64808400e+01 2.26094400e+03 2.35776900e+02 5.70355100e+03 4.36697200e-01 7.37828800e-01 4.58884100e-01 6.56117700e-01 4.59730600e-01 6.14890400e-01 4.56370000e-01 5.85624400e-01 2.96039500e-01 3.06084200e-01 9.53947700e+00 3.95817100e+02 1.88791100e+03 5.14247800e-02 2.42950100e+00 3.76915000e+00 1.05339800e+01 2.29326700e+03 6.25007600e+00
2.21342200e-04 1.16046700e+03 2.46881500e-02 1.16838400e-01 1.04024700e+00 4.86801200e-02 3.06903300e+00 9.69448100e-01 9.98676300e-01 7.01959200e+01 7.11471100e-01 2.88528900e-01 1.42171700e-01 9.97987100e-02 8.00966500e-01 7.85503900e-01 4.30238200e-01 5.87031800e-01 9.56001100e-01 1.02066500e+02 2.42078600e+00 6.61468500e+00 2.15210900e+00 1.95245600e+00 1.29119300e+03 6.20887300e+03 2.64457700e+03 8.59916900e+02 2.46462300e+02 9.69448100e-01 2.46295200e-01 2.47625000e-01 2.20324900e+00 1.35709100e+01 1.08700800e+03 1.43476600e+02 1.04019400e+00 1.37932600e+01 1.06489200e+03 1.45402300e+02 1.44247700e-01 1.57897100e-01 3.38204200e+03 1.03223600e-02 8.22870000e-01 4.52632800e-01 7.52920600e+01 6.19168300e+02 8.51098900e+01 1.48211100e+03 9.16667300e+01 1.92353100e+03 9.71682100e+01 2.24124700e+03 2.36746500e+02 5.66560800e+03 4.36476200e-01 7.42443200e-01 4.59667100e-01 6.60680100e-01 4.60998900e-01 6.19359600e-01 4.57953000e-01 5.90001600e-01 2.98415000e-01 3.08746200e-01 1.68316000e+01 3.95777100e+02 1.89098200e+03 9.91106700e-02 2.75631800e+00 4.18050200e+00 1.03081400e+01 2.30359100e+03 7.03593000e+00
9.97847000e-07 1.16668800e+03 2.48638000e-02 1.16987700e-01 1.03932200e+00 6.02410100e-02 3.09443900e+00 9.66837600e-01 9.97346600e-01 6.99762000e+01 7.08992700e-01 2.91007300e-01 1.42496600e-01 9.97137100e-02 8.09400200e-01 7.97176800e-01 4.36631700e-01 5.94482800e-01 9.67582900e-01 1.01590100e+02 2.45979200e+00 7.67974900e+00 2.20748400e+00 1.95691900e+00 1.30520900e+03 6.25075700e+03 2.64579100e+03 8.59321700e+02 2.46597600e+02 9.66837600e-01 2.46374600e-01 2.47704600e-01 2.17776400e+00 1.35811900e+01 1.08683900e+03 1.43304900e+02 1.03925300e+00 1.37892200e+01 1.06527300e+03 1.45178000e+02 1.44597600e-01 1.57561200e-01 3.38981000e+03 1.03460600e-02 8.21225200e-01 4.51630400e-01 7.50985100e+01 6.20940200e+02 8.49599000e+01 1.48575600e+03 9.15419500e+01 1.92786700e+03 9.70627300e+01 2.24597100e+03 2.36928000e+02 5.67027200e+03 4.42759700e-01 7.50003900e-01 4.65647200e-01 6.67120100e-01 4.66692900e-01 6.25275400e-01 4.63406200e-01 5.95561100e-01 3.01120500e-01 3.11417800e-01 2.76353300e+01 3.96932400e+02 1.89136600e+03 4.61164200e-02 2.42950100e+00 3.81194900e+00 1.11542300e+01 2.31593400e+03 6.28756700e+00
2.51190400e-03 1.15736700e+03 2.43077600e-02 1.16096600e-01 1.03980400e+00 5.43333200e-02 3.06463400e+00 9.77949500e-01 9.96592500e-01 6.99908400e+01 7.12068600e-01 2.87931400e-01 1.41049500e-01 9.87217200e-02 8.00405000e-01 7.84140000e-01 4.29491200e-01 5.86316400e-01 9.56729500e-01 1.02188600e+02 2.39525100e+00 7.22198500e+00 2.14266200e+00 1.92203000e+00 1.24892000e+03 6.04875500e+03 2.61268800e+03 8.51848900e+02 2.44082200e+02 9.77949500e-01 2.46142200e-01 2.47471400e-01 2.26005200e+00 1.36189000e+01 1.08734500e+03 1.43957900e+02 1.03978500e+00 1.38449600e+01 1.06401400e+03 1.46002800e+02 1.43359200e-01 1.58282300e-01 3.35521800e+03 1.02405100e-02 8.26348900e-01 4.54700800e-01 7.50574100e+01 6.21064400e+02 8.48291800e+01 1.48678400e+03 9.13561200e+01 1.92968500e+03 9.68329400e+01 2.24849100e+03 2.35831200e+02 5.68556500e+03 4.35799700e-01 7.41981100e-01 4.59097300e-01 6.60334900e-01 4.60495700e-01 6.19064000e-01 4.57498900e-01 5.89737600e-01 2.98313300e-01 3.08666100e-01 1.19734300e+01 3.95662900e+02 1.88793000e+03 1.14958900e-01 2.83966800e+00 4.32636300e+00 1.18856000e+01 2.29556700e+03 7.28099000e+00
7.23554800e-03 1.16018800e+03 2.21259800e-02 1.21644700e-01 1.04073200e+00 4.63171500e-02 3.03052000e+00 9.59467200e-01 9.96464200e-01 6.65191700e+01 6.73621700e-01 3.26378300e-01 1.44415900e-01 9.60642200e-02 8.10102600e-01 8.44967600e-01 4.62807800e-01 6.12308600e-01 9.93268400e-01 9.77376600e+01 2.45787500e+00 6.91680900e+00 2.07080100e+00 1.88759000e+00 1.23924900e+03 5.71586500e+03 2.53556800e+03 8.13508300e+02 2.29181600e+02 9.59467200e-01 2.45295100e-01 2.46621200e-01 2.63209600e+00 1.38342200e+01 1.09037400e+03 1.44194500e+02 1.04094400e+00 1.38522900e+01 1.05947500e+03 1.46931600e+02 1.40846200e-01 1.61021300e-01 3.43568800e+03 1.04860300e-02 8.06573800e-01 4.46043500e-01 7.19576400e+01 6.50644200e+02 8.23258700e+01 1.54813600e+03 8.91904300e+01 2.00313500e+03 9.49220500e+01 2.32901400e+03 2.37386800e+02 5.78007900e+03 4.66124100e-01 7.47125800e-01 4.81104800e-01 6.60686400e-01 4.77967900e-01 6.17640800e-01 4.71823300e-01 5.87296400e-01 2.95546000e-01 3.04079000e-01 9.85749800e+00 3.95851600e+02 1.89191200e+03 3.14985800e-01 3.80658100e-01 1.00306900e+01 1.20281100e+01 2.29762100e+03 1.07263400e+01
1.18183400e-02 1.15782500e+03 2.22596200e-02 1.18897300e-01 1.03918900e+00 5.49519700e-02 3.03903400e+00 9.75532200e-01 9.97671900e-01 6.70721400e+01 6.84791300e-01 3.15208700e-01 1.41802100e-01 9.51096800e-02 8.07445800e-01 8.27659800e-01 4.53327900e-01 6.05010500e-01 9.85921400e-01 9.89367000e+01 2.41295700e+00 7.74993900e+00 2.08850600e+00 1.87113400e+00 1.19728400e+03 5.65810000e+03 2.53335500e+03 8.18884300e+02 2.31676800e+02 9.75532200e-01 2.45350500e-01 2.46676900e-01 2.60647700e+00 1.38558400e+01 1.08996500e+03 1.44801000e+02 1.03938600e+00 1.39314000e+01 1.05958900e+03 1.47507900e+02 1.40345500e-01 1.60678100e-01 3.37320800e+03 1.02954000e-02 8.16843800e-01 4.51274900e-01 7.23740200e+01 6.46089800e+02 8.25148800e+01 1.53998000e+03 8.92456700e+01 1.99432000e+03 9.48734100e+01 2.32018300e+03 2.35557200e+02 5.78804100e+03 4.57600200e-01 7.45761000e-01 4.75044600e-01 6.60660800e-01 4.73213000e-01 6.18103400e-01 4.67962000e-01 5.88036400e-01 2.96353300e-01 3.05364000e-01 8.87620500e+00 3.96069700e+02 1.89261200e+03 1.02209700e-01 8.72797100e-01 6.22211400e+00 1.08949900e+01 2.29755800e+03 7.19712000e+00
9.80825900e-03 1.15884500e+03 2.20293800e-02 1.20372500e-01 1.04022500e+00 4.61387300e-02 3.02124700e+00 9.69296700e-01 9.96921700e-01 6.67095900e+01 6.78558200e-01 3.21441800e-01 1.43047100e-01 9.54261200e-02 8.05160300e-01 8.33437300e-01 4.56492400e-01 6.06258700e-01 9.85798700e-01 9.83120900e+01 2.41694600e+00 6.89849900e+00 2.05168500e+00 1.87083400e+00 1.20525000e+03 5.63531300e+03 2.52454700e+03 8.13209600e+02 2.29301000e+02 9.69296700e-01 2.45253000e-01 2.46579000e-01 2.65062700e+00 1.38543000e+01 1.09038700e+03 1.44595000e+02 1.04044300e+00 1.38974400e+01 1.05917000e+03 1.47373200e+02 1.40303900e-01 1.61118400e-01 3.40296800e+03 1.03862000e-02 8.11680500e-01 4.48773600e-01 7.20842800e+01 6.49141300e+02 8.23446100e+01 1.54574700e+03 8.91451900e+01 2.00081100e+03 9.48268500e+01 2.32693700e+03 2.36402400e+02 5.78802100e+03 4.60219100e-01 7.43044000e-01 4.76218700e-01 6.57593400e-01 4.73669800e-01 6.14961500e-01 4.67945400e-01 5.84879400e-01 2.94519900e-01 3.03219000e-01 9.24906100e+00 3.95957500e+02 1.89230700e+03 1.97400000e-01 5.80430900e-01 7.85463000e+00 1.15438800e+01 2.29751400e+03 8.63246100e+00
1.03476300e-02 1.15876200e+03 2.18720700e-02 1.21142300e-01 1.04027900e+00 4.85384800e-02 3.03358200e+00 9.56890300e-01 9.99262300e-01 6.63324000e+01 6.73500100e-01 3.26499900e-01 1.43659500e-01 9.52928200e-02 8.09564800e-01 8.44564000e-01 4.62586700e-01 6.11959100e-01 9.94005500e-01 9.77377500e+01 2.46504100e+00 7.20062300e+00 2.07715100e+00 1.88498600e+00 1.24416500e+03 5.71239600e+03 2.53071200e+03 8.09314600e+02 2.27288900e+02 9.56890300e-01 2.45174600e-01 2.46500300e-01 2.68105800e+00 1.38715700e+01 1.09066100e+03 1.44516300e+02 1.04051700e+00 1.38888900e+01 1.05886500e+03 1.47345400e+02 1.40206500e-01 1.61329600e-01 3.41760900e+03 1.04308700e-02 8.08702200e-01 4.47333300e-01 7.17587000e+01 6.52456100e+02 8.21010600e+01 1.55242100e+03 8.89483300e+01 2.00866200e+03 9.46654300e+01 2.33542600e+03 2.36761800e+02 5.79569900e+03 4.65886900e-01 7.46620000e-01 4.80833700e-01 6.60228800e-01 4.77686600e-01 6.17208900e-01 4.71537900e-01 5.86883200e-01 2.95338900e-01 3.03859500e-01 9.14199500e+00 3.95758700e+02 1.89183100e+03 3.14223000e-01 3.80658100e-01 9.98135400e+00 1.01148500e+01 2.29673200e+03 1.06762300e+01
7.15908400e-03 1.15989100e+03 2.29033900e-02 1.17733800e-01 1.04071100e+00 5.54513800e-02 3.05635000e+00 9.95298800e-01 1.00090700e+00 6.85260000e+01 6.99131300e-01 3.00868700e-01 1.41282300e-01 9.68151100e-02 8.15328500e-01 8.16508100e-01 4.47219900e-01 6.03846900e-01 9.84929000e-01 1.00801800e+02 2.37556000e+00 7.64312700e+00 2.12498500e+00 1.90191700e+00 1.17649000e+03 5.72755600e+03 2.59559500e+03 8.50054500e+02 2.43039600e+02 9.95298800e-01 2.45602600e-01 2.46929900e-01 2.49012600e+00 1.37402000e+01 1.08906700e+03 1.44610100e+02 1.04084400e+00 1.38935400e+01 1.06100100e+03 1.47100000e+02 1.41251200e-01 1.60082800e-01 3.36078300e+03 1.02574900e-02 8.22096300e-01 4.53566300e-01 7.37061800e+01 6.33381900e+02 8.36513800e+01 1.51312700e+03 9.02740400e+01 1.96179700e+03 9.58216000e+01 2.28419400e+03 2.35579600e+02 5.73805000e+03 4.52671900e-01 7.54483700e-01 4.73523900e-01 6.69977200e-01 4.73384500e-01 6.27480700e-01 4.69249600e-01 5.97367400e-01 3.01631400e-01 3.11456200e-01 9.87874600e+00 3.95910400e+02 1.89847500e+03 3.94313000e-03 1.89191900e+00 3.46271000e+00 1.01593700e+01 2.30426400e+03 5.35857200e+00
2.34652600e-05 1.16251200e+03 2.43795700e-02 1.17017500e-01 1.03996600e+00 5.46166000e-02 3.08089400e+00 9.71350700e-01 9.98547400e-01 6.97747800e+01 7.08243600e-01 2.91756400e-01 1.42042200e-01 9.91096100e-02 8.08100700e-01 7.96920600e-01 4.36491400e-01 5.93909900e-01 9.67422700e-01 1.01650500e+02 2.43614000e+00 7.24945100e+00 2.17778700e+00 1.95243200e+00 1.28443800e+03 6.16499600e+03 2.64521800e+03 8.60017200e+02 2.46379700e+02 9.71350700e-01 2.46168900e-01 2.47498200e-01 2.24915500e+00 1.36109500e+01 1.08734400e+03 1.43665900e+02 1.03994200e+00 1.38148000e+01 1.06424300e+03 1.45683700e+02 1.43753700e-01 1.58192600e-01 3.37894700e+03 1.03129100e-02 8.22339300e-01 4.52577000e-01 7.48916500e+01 6.22710800e+02 8.47474200e+01 1.48980500e+03 9.13245100e+01 1.93299600e+03 9.68405500e+01 2.25184400e+03 2.36522600e+02 5.68281600e+03 4.42579500e-01 7.48719900e-01 4.65258600e-01 6.65889000e-01 4.66208800e-01 6.24084000e-01 4.62862200e-01 5.94402900e-01 3.00504600e-01 3.10740600e-01 2.13199800e+01 3.95753700e+02 1.89130500e+03 5.23884300e-02 2.42950100e+00 3.79879000e+00 1.03654000e+01 2.30837900e+03 6.28068000e+00
2.61447100e-04 1.16110500e+03 2.41412000e-02 1.16615600e-01 1.04033900e+00 5.12738300e-02 3.07068400e+00 9.74817400e-01 9.98689100e-01 6.98443600e+01 7.10137100e-01 2.89862900e-01 1.41401900e-01 9.87612500e-02 8.04943500e-01 7.91226900e-01 4.33372800e-01 5.90627300e-01 9.63162900e-01 1.02005400e+02 2.41356600e+00 6.96563700e+00 2.15566400e+00 1.94556200e+00 1.26918000e+03 6.11215600e+03 2.64093300e+03 8.59345200e+02 2.45933100e+02 9.74817400e-01 2.46084800e-01 2.47413800e-01 2.28564300e+00 1.36221300e+01 1.08756700e+03 1.43951300e+02 1.04033600e+00 1.38370000e+01 1.06367100e+03 1.46046800e+02 1.43211600e-01 1.58536700e-01 3.36364200e+03 1.02662200e-02 8.24754500e-01 4.54012900e-01 7.49330900e+01 6.22232400e+02 8.47422300e+01 1.48911400e+03 9.12911200e+01 1.93240000e+03 9.67849100e+01 2.25139800e+03 2.36056100e+02 5.68720900e+03 4.39580800e-01 7.45988800e-01 4.62586100e-01 6.63677600e-01 4.63759400e-01 6.22103200e-01 4.60583400e-01 5.92573800e-01 2.99663100e-01 3.09964700e-01 1.64985600e+01 3.95626900e+02 1.89291000e+03 9.17884500e-02 2.67357500e+00 4.10580600e+00 1.03027100e+01 2.30503600e+03 6.87116900e+00
3.33203600e-03 1.15997500e+03 2.28122000e-02 1.14934000e-01 1.04011800e+00 4.86014100e-02 3.03085300e+00 9.83987000e-01 1.00171400e+00 6.92694100e+01 7.11579700e-01 2.88420300e-01 1.38391300e-01 9.58628400e-02 7.91419000e-01 7.75994700e-01 4.25029800e-01 5.79979900e-01 9.50902000e-01 1.02486200e+02 2.34139800e+00 6.92596400e+00 2.07148900e+00 1.87961100e+00 1.19646100e+03 5.78256800e+03 2.56515700e+03 8.33225300e+02 2.36374900e+02 9.83987000e-01 2.45561400e-01 2.46888500e-01 2.50659400e+00 1.37538400e+01 1.08893500e+03 1.45414800e+02 1.04026600e+00 1.39786100e+01 1.06058100e+03 1.47953000e+02 1.40283700e-01 1.60205900e-01 3.29167700e+03 1.00466500e-02 8.34242000e-01 4.59938200e-01 7.42954500e+01 6.27467000e+02 8.39807000e+01 1.50199900e+03 9.04491500e+01 1.94935800e+03 9.58765400e+01 2.27135300e+03 2.33583800e+02 5.74199000e+03 4.31228500e-01 7.33607300e-01 4.54168900e-01 6.52834100e-01 4.55498600e-01 6.12012000e-01 4.52498400e-01 5.83007400e-01 2.94906700e-01 3.05111500e-01 1.14083400e+01 3.95909400e+02 1.89395200e+03 1.66142600e-01 3.09335200e+00 4.92286200e+00 1.04977800e+01 2.30127000e+03 8.18235600e+00
8.24127900e-03 1.15826000e+03 2.39217100e-02 1.16051500e-01 1.04031600e+00 5.35095100e-02 3.05364000e+00 9.81987000e-01 9.94592200e-01 6.98553500e+01 7.11834100e-01 2.88165900e-01 1.40618300e-01 9.82294100e-02 7.99223900e-01 7.83301700e-01 4.29032000e-01 5.85570400e-01 9.56243800e-01 1.02289400e+02 2.37510100e+00 7.21588100e+00 2.11923500e+00 1.90415100e+00 1.22407900e+03 5.93733800e+03 2.59306700e+03 8.46129200e+02 2.42095200e+02 9.81987000e-01 2.46019200e-01 2.47348000e-01 2.32006200e+00 1.36419000e+01 1.08776100e+03 1.44265300e+02 1.04034700e+00 1.38670400e+01 1.06317500e+03 1.46430300e+02 1.42653500e-01 1.58812100e-01 3.34491100e+03 1.02090700e-02 8.27575000e-01 4.55637200e-01 7.49195100e+01 6.22222200e+02 8.46790100e+01 1.48950600e+03 9.11974300e+01 1.93318500e+03 9.66669500e+01 2.25254200e+03 2.35463400e+02 5.69520100e+03 4.35297200e-01 7.40865800e-01 4.58516600e-01 6.59319400e-01 4.59888700e-01 6.18102400e-01 4.56879400e-01 5.88815600e-01 2.97841100e-01 3.08166000e-01 9.59720000e+00 3.95640800e+02 1.88901700e+03 1.31896900e-01 2.92364600e+00 4.50232300e+00 1.47068900e+01 2.29425500e+03 7.55786600e+00
6.53569600e-03 1.15603900e+03 2.35167100e-02 1.16668400e-01 1.04018100e+00 6.18489000e-02 3.07163100e+00 9.75147100e-01 9.99082200e-01 6.92437700e+01 7.06279300e-01 2.93720700e-01 1.40830300e-01 9.75162100e-02 8.08234100e-01 7.99730800e-01 4.38030600e-01 5.95005300e-01 9.71285300e-01 1.01587300e+02 2.41937700e+00 8.10699500e+00 2.15770600e+00 1.90665000e+00 1.24110000e+03 5.93254500e+03 2.58850000e+03 8.40249400e+02 2.39594100e+02 9.75147100e-01 2.45872300e-01 2.47200500e-01 2.38560800e+00 1.36893500e+01 1.08826400e+03 1.44416100e+02 1.04025400e+00 1.38827600e+01 1.06229800e+03 1.46709600e+02 1.42090900e-01 1.59260400e-01 3.34997800e+03 1.02245300e-02 8.25387500e-01 4.54803100e-01 7.43581600e+01 6.27317100e+02 8.41967000e+01 1.50035700e+03 9.07592900e+01 1.94637700e+03 9.62617600e+01 2.26717600e+03 2.35444800e+02 5.71584200e+03 4.43965200e-01 7.48646300e-01 4.66222200e-01 6.65603400e-01 4.66940300e-01 6.23723900e-01 4.63432200e-01 5.94002500e-01 3.00229800e-01 3.10355600e-01 1.00609500e+01 3.97491300e+02 1.88816600e+03 4.86944800e-02 2.42950100e+00 3.71942800e+00 1.01625500e+01 2.29571800e+03 6.19762300e+00
1.52152200e-04 1.15973100e+03 2.33478100e-02 1.17800100e-01 1.03961500e+00 6.24128100e-02 3.08338700e+00 9.81971000e-01 1.00043800e+00 6.85040300e+01 6.97850000e-01 3.02150000e-01 1.41793000e-01 9.71339200e-02 8.19472900e-01 8.22404000e-01 4.50449300e-01 6.07561500e-01 9.90094200e-01 1.00423900e+02 2.43428300e+00 8.21685800e+00 2.18322300e+00 1.92702300e+00 1.23106100e+03 5.91374500e+03 2.61714500e+03 8.52541800e+02 2.43746600e+02 9.81971000e-01 2.45806900e-01 2.47134900e-01 2.41377300e+00 1.37285000e+01 1.08855500e+03 1.44252000e+02 1.03969400e+00 1.38744700e+01 1.06199300e+03 1.46595600e+02 1.42103600e-01 1.59341300e-01 3.37299100e+03 1.02947400e-02 8.20247900e-01 4.52245500e-01 7.37015300e+01 6.33515700e+02 8.36810800e+01 1.51313100e+03 9.03246000e+01 1.96159600e+03 9.58886800e+01 2.28379000e+03 2.35961600e+02 5.73333100e+03 4.55841600e-01 7.58184900e-01 4.76504900e-01 6.73115200e-01 4.76207100e-01 6.30357500e-01 4.71942900e-01 6.00067500e-01 3.02938300e-01 3.12744100e-01 1.75812600e+01 3.97674100e+02 1.88864200e+03 3.65483800e-04 1.67729600e+00 3.82969000e+00 1.00584400e+01 2.30389700e+03 5.50735200e+00
2.09587900e-03 1.15743200e+03 2.33847600e-02 1.18017700e-01 1.03956400e+00 4.74947300e-02 3.05275300e+00 9.87181500e-01 1.00075300e+00 6.84417700e+01 6.96756600e-01 3.03243400e-01 1.42047600e-01 9.72198800e-02 8.09209100e-01 8.13571600e-01 4.45611500e-01 6.00493900e-01 9.78138000e-01 1.00264800e+02 2.38917100e+00 6.74285900e+00 2.11735700e+00 1.92548700e+00 1.21153100e+03 5.87767400e+03 2.61988500e+03 8.56391800e+02 2.45049000e+02 9.87181500e-01 2.45821200e-01 2.47149300e-01 2.40756400e+00 1.37272200e+01 1.08853100e+03 1.44167600e+02 1.03964000e+00 1.38670700e+01 1.06210700e+03 1.46496500e+02 1.42234100e-01 1.59280100e-01 3.37907700e+03 1.03133100e-02 8.19208200e-01 4.51676500e-01 7.36515300e+01 6.34025200e+02 8.36539000e+01 1.51408200e+03 9.03109000e+01 1.96265300e+03 9.58854800e+01 2.28487700e+03 2.36136900e+02 5.73293100e+03 4.50857900e-01 7.48577300e-01 4.71015600e-01 6.64462200e-01 4.70589900e-01 6.22202600e-01 4.66288800e-01 5.92272500e-01 2.98955500e-01 3.08582700e-01 1.23355600e+01 3.96022100e+02 1.89084400e+03 2.74224800e-03 1.53969800e+00 4.00152200e+00 1.01186100e+01 2.29920100e+03 5.54396300e+00
6.16076400e-03 1.15554400e+03 2.32656300e-02 1.17918700e-01 1.03919700e+00 4.50217500e-02 3.04982000e+00 9.68826100e-01 1.00365800e+00 6.82513400e+01 6.95530300e-01 3.04469700e-01 1.41829400e-01 9.68005000e-02 8.02194500e-01 8.08148300e-01 4.42641000e-01 5.95889400e-01 9.71010800e-01 1.00092000e+02 2.42224200e+00 6.50482200e+00 2.11115400e+00 1.92936600e+00 1.26077900e+03 5.98428000e+03 2.61042800e+03 8.44426700e+02 2.39989800e+02 9.68826100e-01 2.45773800e-01 2.47101700e-01 2.42762200e+00 1.37495200e+01 1.08865700e+03 1.44284500e+02 1.03929500e+00 1.38829200e+01 1.06184000e+03 1.46652100e+02 1.41982600e-01 1.59380000e-01 3.37386200e+03 1.02974000e-02 8.19536800e-01 4.51926800e-01 7.34714200e+01 6.35665000e+02 8.34808900e+01 1.51771200e+03 9.01408200e+01 1.96717100e+03 9.57169800e+01 2.28998200e+03 2.35917200e+02 5.74239600e+03 4.47720200e-01 7.41970400e-01 4.67441400e-01 6.58467500e-01 4.66879900e-01 6.16534900e-01 4.62520500e-01 5.86843700e-01 2.96168700e-01 3.05651600e-01 1.01791100e+01 3.96202100e+02 1.88684700e+03 7.47896400e-03 1.47275900e+00 4.21175800e+00 1.21681700e+01 2.29322800e+03 5.69199600e+00
1.01727900e-02 1.15664700e+03 2.31607900e-02 1.16328700e-01 1.03876500e+00 5.06557500e-02 3.04551900e+00 9.76544200e-01 9.96409300e-01 6.85919200e+01 7.02148700e-01 2.97851300e-01 1.40134600e-01 9.61210000e-02 7.97307500e-01 7.94447000e-01 4.35136500e-01 5.89014100e-01 9.62696400e-01 1.00959600e+02 2.38810600e+00 7.08465600e+00 2.10209300e+00 1.89956000e+00 1.22626400e+03 5.87985700e+03 2.58063400e+03 8.36930300e+02 2.37899900e+02 9.76544200e-01 2.45727700e-01 2.47055500e-01 2.44530500e+00 1.37659000e+01 1.08864400e+03 1.44778300e+02 1.03887300e+00 1.39361000e+01 1.06149700e+03 1.47188800e+02 1.41334400e-01 1.59500000e-01 3.33334900e+03 1.01737900e-02 8.26329300e-01 4.55524700e-01 7.37246600e+01 6.33007200e+02 8.35917000e+01 1.51295600e+03 9.01668900e+01 1.96205400e+03 9.56768700e+01 2.28488700e+03 2.34721400e+02 5.74839200e+03 4.40709900e-01 7.38107900e-01 4.61759100e-01 6.55769400e-01 4.61976300e-01 6.14313900e-01 4.58176200e-01 5.84919600e-01 2.95472900e-01 3.05236400e-01 9.17607700e+00 3.95687600e+02 1.89078500e+03 8.10404300e-03 1.96545900e+00 3.58171100e+00 1.20906300e+01 2.29564800e+03 5.55527400e+00
7.37956800e-06 1.16431300e+03 2.41703000e-02 1.17508100e-01 1.03787600e+00 5.56865700e-02 3.07779200e+00 9.77290600e-01 9.97650000e-01 6.87091100e+01 6.98527200e-01 3.01472800e-01 1.42323500e-01 9.77892200e-02 8.09553900e-01 8.11538600e-01 4.44498000e-01 5.99870900e-01 9.76649300e-01 1.00163700e+02 2.43256100e+00 7.39593500e+00 2.17104100e+00 1.94222400e+00 1.25691100e+03 6.06703300e+03 2.63297800e+03 8.58165200e+02 2.46149800e+02 9.77290600e-01 2.46094400e-01 2.47423400e-01 2.28114000e+00 1.36961500e+01 1.08760900e+03 1.43699500e+02 1.03787100e+00 1.38456000e+01 1.06382400e+03 1.45779300e+02 1.43521500e-01 1.58096100e-01 3.38567300e+03 1.03334300e-02 8.18880500e-01 4.50885300e-01 7.39108800e+01 6.31672600e+02 8.39005300e+01 1.50889300e+03 9.05518200e+01 1.95620800e+03 9.61229100e+01 2.27760600e+03 2.36424700e+02 5.71972600e+03 4.49873100e-01 7.49075500e-01 4.70436600e-01 6.65102800e-01 4.70222800e-01 6.22885200e-01 4.66065500e-01 5.92973600e-01 2.99380100e-01 3.09104600e-01 2.36335900e+01 3.95886500e+02 1.89220300e+03 6.19755100e-03 1.47275900e+00 4.51323600e+00 1.09113500e+01 2.31172300e+03 5.99219200e+00
1.88528100e-05 1.16152000e+03 2.44436000e-02 1.17538400e-01 1.03875100e+00 5.12510600e-02 3.07324000e+00 9.72116000e-01 9.98380500e-01 6.92291300e+01 7.02405700e-01 2.97594300e-01 1.42627200e-01 9.87395500e-02 8.05842400e-01 8.02604900e-01 4.39604800e-01 5.95190900e-01 9.68513600e-01 1.00715600e+02 2.43326900e+00 6.91680900e+00 2.16118200e+00 1.95063100e+00 1.27784900e+03 6.14705400e+03 2.64092200e+03 8.59415800e+02 2.46405300e+02 9.72116000e-01 2.46193500e-01 2.47523000e-01 2.23950900e+00 1.36427800e+01 1.08731900e+03 1.43483700e+02 1.03871800e+00 1.38135300e+01 1.06439600e+03 1.45481600e+02 1.44018400e-01 1.57916300e-01 3.39293100e+03 1.03555800e-02 8.19026200e-01 4.50783700e-01 7.44029000e+01 6.27219900e+02 8.43542200e+01 1.49918100e+03 9.09859500e+01 1.94422800e+03 9.65434700e+01 2.26415900e+03 2.36806000e+02 5.69692900e+03 4.45257000e-01 7.46030500e-01 4.66580600e-01 6.62831100e-01 4.66827100e-01 6.20938400e-01 4.63004900e-01 5.91232600e-01 2.98655400e-01 3.08541800e-01 2.17577000e+01 3.95622000e+02 1.88949700e+03 1.17654500e-03 1.81943000e+00 3.89445200e+00 1.04474400e+01 2.30687700e+03 5.71505900e+00
3.20196500e-03 1.15657300e+03 2.39763800e-02 1.17336000e-01 1.03890100e+00 5.03261300e-02 3.05513500e+00 9.76334500e-01 9.98190400e-01 6.89544700e+01 7.01438700e-01 2.98561300e-01 1.41957500e-01 9.78860300e-02 8.01267200e-01 7.99343500e-01 4.37818500e-01 5.92291800e-01 9.64930700e-01 1.00697400e+02 2.40390100e+00 6.90765400e+00 2.12240600e+00 1.91918000e+00 1.24285100e+03 5.98810400e+03 2.60378700e+03 8.47842800e+02 2.42534700e+02 9.76334500e-01 2.46034600e-01 2.47363400e-01 2.31141500e+00 1.36841600e+01 1.08780600e+03 1.43891600e+02 1.03892600e+00 1.38500400e+01 1.06336600e+03 1.46034600e+02 1.43121500e-01 1.58487200e-01 3.37692300e+03 1.03067400e-02 8.20738300e-01 4.52017100e-01 7.41295700e+01 6.29598200e+02 8.40691500e+01 1.50464500e+03 9.06916300e+01 1.95116800e+03 9.62407400e+01 2.27212200e+03 2.36219000e+02 5.71433700e+03 4.43336400e-01 7.41703400e-01 4.64338500e-01 6.58885200e-01 4.64475400e-01 6.17199600e-01 4.60600400e-01 5.87646400e-01 2.96811000e-01 3.06590900e-01 1.14879800e+01 3.95638200e+02 1.88984500e+03 1.18409500e-03 1.81943000e+00 3.80347000e+00 1.05517500e+01 2.29697100e+03 5.62408400e+00
1.82496000e-03 1.15779000e+03 2.39599700e-02 1.17659500e-01 1.03915600e+00 5.28830700e-02 3.05832900e+00 9.60711500e-01 9.95346900e-01 6.89141800e+01 7.00442800e-01 2.99557200e-01 1.42264600e-01 9.80405200e-02 7.99212600e-01 7.98622600e-01 4.37423600e-01 5.91265200e-01 9.62737800e-01 1.00591500e+02 2.44137000e+00 7.17010500e+00 2.12919600e+00 1.91549900e+00 1.28224800e+03 6.05548500e+03 2.58535600e+03 8.34923900e+02 2.37732200e+02 9.60711500e-01 2.46030000e-01 2.47358800e-01 2.31400400e+00 1.36797500e+01 1.08785100e+03 1.43820900e+02 1.03917900e+00 1.38398700e+01 1.06336600e+03 1.45966400e+02 1.43184700e-01 1.58533600e-01 3.38426500e+03 1.03291400e-02 8.19560200e-01 4.51424700e-01 7.40994900e+01 6.29927500e+02 8.40628500e+01 1.50518500e+03 9.06996000e+01 1.95170500e+03 9.62599000e+01 2.27261200e+03 2.36439600e+02 5.71263100e+03 4.42872400e-01 7.39698100e-01 4.63594400e-01 6.56988800e-01 4.63609300e-01 6.15375000e-01 4.59660400e-01 5.85879200e-01 2.95874500e-01 3.05575600e-01 1.26123900e+01 3.95709300e+02 1.88816200e+03 1.45703100e-04 1.74777200e+00 3.85728500e+00 1.34919200e+01 2.29648400e+03 5.60520200e+00
2.27664600e-05 1.16306900e+03 2.44525900e-02 1.16590800e-01 1.03971200e+00 5.71646800e-02 3.08191400e+00 9.80094600e-01 9.96822700e-01 6.99029500e+01 7.10036200e-01 2.89963800e-01 1.41688600e-01 9.90445000e-02 8.09162600e-01 7.95512600e-01 4.35720200e-01 5.93774800e-01 9.67805400e-01 1.01861500e+02 2.41597700e+00 7.46917700e+00 2.18000900e+00 1.94449000e+00 1.25821300e+03 6.10727600e+03 2.64258600e+03 8.63157700e+02 2.47979000e+02 9.80094600e-01 2.46197100e-01 2.47526500e-01 2.23815900e+00 1.36089900e+01 1.08723400e+03 1.43719700e+02 1.03968900e+00 1.38233300e+01 1.06435800e+03 1.45718500e+02 1.43760500e-01 1.58087500e-01 3.37049500e+03 1.02871200e-02 8.23891800e-01 4.53320300e-01 7.50022100e+01 6.21663200e+02 8.48220700e+01 1.48773700e+03 9.13780200e+01 1.93060400e+03 9.68776900e+01 2.24929700e+03 2.36292900e+02 5.68172600e+03 4.41925000e-01 7.49892500e-01 4.65037300e-01 6.67143200e-01 4.66209300e-01 6.25348600e-01 4.63011600e-01 5.95663100e-01 3.01221800e-01 3.11574000e-01 2.13804400e+01 3.96017100e+02 1.89046100e+03 7.43469700e-02 2.59136600e+00 3.97008100e+00 1.16430000e+01 2.30785900e+03 6.63579300e+00
1.44187400e-02 1.15748300e+03 2.27446500e-02 1.17705600e-01 1.03883300e+00 4.80769900e-02 3.03538800e+00 9.63435900e-01 1.00285200e+00 6.77752700e+01 6.92836000e-01 3.07164000e-01 1.41095400e-01 9.56277800e-02 7.95948500e-01 8.05396000e-01 4.41133600e-01 5.92553500e-01 9.66828200e-01 9.98227200e+01 2.41803900e+00 6.91986100e+00 2.08090500e+00 1.89013600e+00 1.24650300e+03 5.85288700e+03 2.55383500e+03 8.21648400e+02 2.32120400e+02 9.63435900e-01 2.45533400e-01 2.46860400e-01 2.51878700e+00 1.38121200e+01 1.08925600e+03 1.44739300e+02 1.03898600e+00 1.39308300e+01 1.06061900e+03 1.47284900e+02 1.40942600e-01 1.60003900e-01 3.35631600e+03 1.02438600e-02 8.20987300e-01 4.53062100e-01 7.30009100e+01 6.39959100e+02 8.30181700e+01 1.52730500e+03 8.96791100e+01 1.97917300e+03 9.52541600e+01 2.30359900e+03 2.35219300e+02 5.76887800e+03 4.45984400e-01 7.35926400e-01 4.64955700e-01 6.52809700e-01 4.64082200e-01 6.11115200e-01 4.59540200e-01 5.81609300e-01 2.93425600e-01 3.02696400e-01 8.47845400e+00 3.95761100e+02 1.89352400e+03 1.98541200e-02 1.34256300e+00 4.51213800e+00 1.13289700e+01 2.29776300e+03 5.87455600e+00
3.49078400e-03 1.15542000e+03 2.34102500e-02 1.18147300e-01 1.03912800e+00 5.12670300e-02 3.05932200e+00 9.59290800e-01 1.00138100e+00 6.82696500e+01 6.94892900e-01 3.05107100e-01 1.42202700e-01 9.70812600e-02 8.03210800e-01 8.10018700e-01 4.43665500e-01 5.96956400e-01 9.72110600e-01 9.99697700e+01 2.45429900e+00 7.12432900e+00 2.13131000e+00 1.92360800e+00 1.28501000e+03 6.02732900e+03 2.59379000e+03 8.35324400e+02 2.37053900e+02 9.59290800e-01 2.45831000e-01 2.47159100e-01 2.40329500e+00 1.37381200e+01 1.08851000e+03 1.44114900e+02 1.03920600e+00 1.38677900e+01 1.06218300e+03 1.46433700e+02 1.42316600e-01 1.59179400e-01 3.38278300e+03 1.03246200e-02 8.18268000e-01 4.51158200e-01 7.34982500e+01 6.35481200e+02 8.35292500e+01 1.51711100e+03 9.02024600e+01 1.96628600e+03 9.57892600e+01 2.28886500e+03 2.36205400e+02 5.73771200e+03 4.48721100e-01 7.42843100e-01 4.68318300e-01 6.59167600e-01 4.67676900e-01 6.17159500e-01 4.63257800e-01 5.87418900e-01 2.96430300e-01 3.05891400e-01 1.13152600e+01 3.95646800e+02 1.88768400e+03 1.28484200e-02 1.40705700e+00 4.44127600e+00 1.03328400e+01 2.29464600e+03 5.86118100e+00
3.51954300e-03 1.15541400e+03 2.34015000e-02 1.18204300e-01 1.03913300e+00 5.10407300e-02 3.05879500e+00 9.59018500e-01 1.00134800e+00 6.82440200e+01 6.94560000e-01 3.05440000e-01 1.42250900e-01 9.70777300e-02 8.03159700e-01 8.10408900e-01 4.43879200e-01 5.97081200e-01 9.72231300e-01 9.99298900e+01 2.45479800e+00 7.10296600e+00 2.13018700e+00 1.92346500e+00 1.28536800e+03 6.02630900e+03 2.59329500e+03 8.35048100e+02 2.36948600e+02 9.59018500e-01 2.45827600e-01 2.47155700e-01 2.40475900e+00 1.37389700e+01 1.08852500e+03 1.44106900e+02 1.03921600e+00 1.38668900e+01 1.06214500e+03 1.46430300e+02 1.42316500e-01 1.59189900e-01 3.38393700e+03 1.03281400e-02 8.18042600e-01 4.51047800e-01 7.34772800e+01 6.35685700e+02 8.35140000e+01 1.51752200e+03 9.01905200e+01 1.96676800e+03 9.57798600e+01 2.28938400e+03 2.36235100e+02 5.73810700e+03 4.48901500e-01 7.42763800e-01 4.68425900e-01 6.59061800e-01 4.67746700e-01 6.17045700e-01 4.63301800e-01 5.87301400e-01 2.96357900e-01 3.05802200e-01 1.12988500e+01 3.95648700e+02 1.88771000e+03 1.46611600e-02 1.34256300e+00 4.49485600e+00 1.03184500e+01 2.29465800e+03 5.85208000e+00
5.77355000e-03 1.15481900e+03 2.31133500e-02 1.18773900e-01 1.03971800e+00 4.72576000e-02 3.04832200e+00 9.68937400e-01 1.00124400e+00 6.79986600e+01 6.91743100e-01 3.08256900e-01 1.42532300e-01 9.69200800e-02 8.05672300e-01 8.16684300e-01 4.47316400e-01 6.00325300e-01 9.77030900e-01 9.96830100e+01 2.42831900e+00 6.77948000e+00 2.10799500e+00 1.91788300e+00 1.25010200e+03 5.91318200e+03 2.59284300e+03 8.38724200e+02 2.38295600e+02 9.68937400e-01 2.45705400e-01 2.47033000e-01 2.45336100e+00 1.37534000e+01 1.08891100e+03 1.44180000e+02 1.03981700e+00 1.38659000e+01 1.06153500e+03 1.46595600e+02 1.41942500e-01 1.59620700e-01 3.39066400e+03 1.03486600e-02 8.16478000e-01 4.50461100e-01 7.32560600e+01 6.37811400e+02 8.33381300e+01 1.52190800e+03 9.00404300e+01 1.97200200e+03 9.56492800e+01 2.29510600e+03 2.36377200e+02 5.74447500e+03 4.52154500e-01 7.44803800e-01 4.71105000e-01 6.60559400e-01 4.70087500e-01 6.18317700e-01 4.65399000e-01 5.88431600e-01 2.96814200e-01 3.06145000e-01 1.03089400e+01 3.95858300e+02 1.88718700e+03 2.91100800e-02 1.21731700e+00 4.76230800e+00 1.02752000e+01 2.29335400e+03 6.00873600e+00
9.57263500e-04 1.15730600e+03 2.33004600e-02 1.18450300e-01 1.03978800e+00 5.23643100e-02 3.06380000e+00 9.61097900e-01 9.99868800e-01 6.82916300e+01 6.94674900e-01 3.05325100e-01 1.42395900e-01 9.72444600e-02 8.07671600e-01 8.14808200e-01 4.46288900e-01 6.00378900e-01 9.77352100e-01 1.00029600e+02 2.45815100e+00 7.26165800e+00 2.14087600e+00 1.92800600e+00 1.28204700e+03 6.01325500e+03 2.60063100e+03 8.38091300e+02 2.37901100e+02 9.61097900e-01 2.45788100e-01 2.47116000e-01 2.42174800e+00 1.37307400e+01 1.08866200e+03 1.44120700e+02 1.03988000e+00 1.38593600e+01 1.06195400e+03 1.46474100e+02 1.42198900e-01 1.59408100e-01 3.38740200e+03 1.03387100e-02 8.17649900e-01 4.50934500e-01 7.35277700e+01 6.35240200e+02 8.35680300e+01 1.51648900e+03 9.02471000e+01 1.96544800e+03 9.58386600e+01 2.28786400e+03 2.36359400e+02 5.73465300e+03 4.51340500e-01 7.46948900e-01 4.71002500e-01 6.62789000e-01 4.70334300e-01 6.20540900e-01 4.65874700e-01 5.90631700e-01 2.98042700e-01 3.07546700e-01 1.39028600e+01 3.95755700e+02 1.88926500e+03 9.75367300e-03 1.40705700e+00 4.24004300e+00 1.00305300e+01 2.29892400e+03 5.65685300e+00
1.09050600e-02 1.15650700e+03 2.31378300e-02 1.18550600e-01 1.03993100e+00 5.11840000e-02 3.05565400e+00 9.59066700e-01 1.00393200e+00 6.81671100e+01 6.93692600e-01 3.06307400e-01 1.42333600e-01 9.70246800e-02 8.04924100e-01 8.13341700e-01 4.45485600e-01 5.98817200e-01 9.74916600e-01 9.99518100e+01 2.45401900e+00 7.17620800e+00 2.12350800e+00 1.91688500e+00 1.27832600e+03 5.97322900e+03 2.58414600e+03 8.31393700e+02 2.35531100e+02 9.59066700e-01 2.45717000e-01 2.47044700e-01 2.44919700e+00 1.37436400e+01 1.08886100e+03 1.44219000e+02 1.04002800e+00 1.38668400e+01 1.06157300e+03 1.46627600e+02 1.41923500e-01 1.59631300e-01 3.38591300e+03 1.03341600e-02 8.17568400e-01 4.51015700e-01 7.34076600e+01 6.36352000e+02 8.34582400e+01 1.51890100e+03 9.01426200e+01 1.96841600e+03 9.57379100e+01 2.29118800e+03 2.36275400e+02 5.74016600e+03 4.50458300e-01 7.44308000e-01 4.69830200e-01 6.60335400e-01 4.69045800e-01 6.18197900e-01 4.64520300e-01 5.88373100e-01 2.96863500e-01 3.06284200e-01 9.03705700e+00 3.95653100e+02 1.89010700e+03 1.31154000e-02 1.40705700e+00 4.29434300e+00 1.25011400e+01 2.29479800e+03 5.71451600e+00
6.46811100e-03 1.15471100e+03 2.29733600e-02 1.18726800e-01 1.03969100e+00 4.63262100e-02 3.04413200e+00 9.66498500e-01 9.99753300e-01 6.78887900e+01 6.91150400e-01 3.08849600e-01 1.42345300e-01 9.66365200e-02 8.03649400e-01 8.15416500e-01 4.46622000e-01 5.99105600e-01 9.75365900e-01 9.96337400e+01 2.42867200e+00 6.70929000e+00 2.09918000e+00 1.91342400e+00 1.25242800e+03 5.90176700e+03 2.58501800e+03 8.34548100e+02 2.36650000e+02 9.66498500e-01 2.45636600e-01 2.46964000e-01 2.47763100e+00 1.37680100e+01 1.08906900e+03 1.44299300e+02 1.03981100e+00 1.38774500e+01 1.06123000e+03 1.46760200e+02 1.41664000e-01 1.59801400e-01 3.38619400e+03 1.03350200e-02 8.16875200e-01 4.50770900e-01 7.31497000e+01 6.38780100e+02 8.32322200e+01 1.52408200e+03 8.99339400e+01 1.97472800e+03 9.55418900e+01 2.29820500e+03 2.36204100e+02 5.75064300e+03 4.51387900e-01 7.42877400e-01 4.70164100e-01 6.58789100e-01 4.69082200e-01 6.16635000e-01 4.64359900e-01 5.86814300e-01 2.95977100e-01 3.05255900e-01 1.00817400e+01 3.95925100e+02 1.88732200e+03 3.22067900e-02 1.21731700e+00 4.80663500e+00 1.00375100e+01 2.29332800e+03 6.05616000e+00
7.67778200e-04 1.15692800e+03 2.41787700e-02 1.17454100e-01 1.03917700e+00 5.17857600e-02 3.06700300e+00 9.69985500e-01 1.00012300e+00 6.91778600e+01 7.02694100e-01 2.97305900e-01 1.42278000e-01 9.84248600e-02 8.03864500e-01 8.00246800e-01 4.38313200e-01 5.93586100e-01 9.66494300e-01 1.00851400e+02 2.42979100e+00 7.01751700e+00 2.14774400e+00 1.93643100e+00 1.27300500e+03 6.09310500e+03 2.62122300e+03 8.51264700e+02 2.43452600e+02 9.69985500e-01 2.46097200e-01 2.47426200e-01 2.27983200e+00 1.36563700e+01 1.08759600e+03 1.43706900e+02 1.03917300e+00 1.38289700e+01 1.06382400e+03 1.45785600e+02 1.43521100e-01 1.58286600e-01 3.38458400e+03 1.03301100e-02 8.20128800e-01 4.51559300e-01 7.43452400e+01 6.27684300e+02 8.42804300e+01 1.50036600e+03 9.09018900e+01 1.94581300e+03 9.64510400e+01 2.26604500e+03 2.36526700e+02 5.70256200e+03 4.43960600e-01 7.44231000e-01 4.65300700e-01 6.61267500e-01 4.65583500e-01 6.19488500e-01 4.61796300e-01 5.89861400e-01 2.97977500e-01 3.07855600e-01 1.43440200e+01 3.95612400e+02 1.88823600e+03 4.17351300e-03 1.89191900e+00 3.73738300e+00 1.00301900e+01 2.29819200e+03 5.63347500e+00
3.29408200e-03 1.16179900e+03 2.43730600e-02 1.16107700e-01 1.03997200e+00 6.49125200e-02 3.09045000e+00 9.60134600e-01 1.00346500e+00 7.00970500e+01 7.12784800e-01 2.87215200e-01 1.41125900e-01 9.89251200e-02 8.05104000e-01 7.87762000e-01 4.31475000e-01 5.89391400e-01 9.61617000e-01 1.02291800e+02 2.46147900e+00 8.19244400e+00 2.19869700e+00 1.93100400e+00 1.30769600e+03 6.18607300e+03 2.60951700e+03 8.42660900e+02 2.40430300e+02 9.60134600e-01 2.46166400e-01 2.47495700e-01 2.25014000e+00 1.36071500e+01 1.08727900e+03 1.43904900e+02 1.03995500e+00 1.38376000e+01 1.06416700e+03 1.45928900e+02 1.43480100e-01 1.58233100e-01 3.35704600e+03 1.02460900e-02 8.26338600e-01 4.54651700e-01 7.51647900e+01 6.20122700e+02 8.49291900e+01 1.48471400e+03 9.14524000e+01 1.92712200e+03 9.69266600e+01 2.24560600e+03 2.35922700e+02 5.68054100e+03 4.37835000e-01 7.46416100e-01 4.61437200e-01 6.64370500e-01 4.62936300e-01 6.22884900e-01 4.59986400e-01 5.93400900e-01 3.00198900e-01 3.10656500e-01 1.14312600e+01 3.98859500e+02 1.89381800e+03 1.31163300e-01 2.92364600e+00 4.48449700e+00 1.19490000e+01 2.30410900e+03 7.53930700e+00
1.19060000e-02 1.15640500e+03 2.43207200e-02 1.15132100e-01 1.03984300e+00 4.83012900e-02 3.05408200e+00 9.66203800e-01 9.99916300e-01 7.03643800e+01 7.17039400e-01 2.82960600e-01 1.40097900e-01 9.85790400e-02 7.88971900e-01 7.66238400e-01 4.19686000e-01 5.75430700e-01 9.40556900e-01 1.02903100e+02 2.39608100e+00 6.61773700e+00 2.12017100e+00 1.92493900e+00 1.28398600e+03 6.15192200e+03 2.61043000e+03 8.45336400e+02 2.41014600e+02 9.66203800e-01 2.46146900e-01 2.47476200e-01 2.25807900e+00 1.36119700e+01 1.08725500e+03 1.44197700e+02 1.03982300e+00 1.38675300e+01 1.06397600e+03 1.46243200e+02 1.43103800e-01 1.58306800e-01 3.33247200e+03 1.01711200e-02 8.30633600e-01 4.56908400e-01 7.53752500e+01 6.18091600e+02 8.50486200e+01 1.48086800e+03 9.15175700e+01 1.92280900e+03 9.69494300e+01 2.24114300e+03 2.35217500e+02 5.68187800e+03 4.26225300e-01 7.31891400e-01 4.50261100e-01 6.51928900e-01 4.52232100e-01 6.11426300e-01 4.49691900e-01 5.82614000e-01 2.94926000e-01 3.05418100e-01 8.86142500e+00 3.95773900e+02 1.88894100e+03 2.36868900e-01 3.35175700e+00 5.61520300e+00 1.00289000e+01 2.29357600e+03 9.20383000e+00
1.26557200e-02 1.15762400e+03 2.25518500e-02 1.18116400e-01 1.03857600e+00 4.67591100e-02 3.02130400e+00 9.63260200e-01 9.96373000e-01 6.73834200e+01 6.88773000e-01 3.11227000e-01 1.41313400e-01 9.52218100e-02 7.92277300e-01 8.06965900e-01 4.41993400e-01 5.91761200e-01 9.65163000e-01 9.93143700e+01 2.40746100e+00 6.82525600e+00 2.05180200e+00 1.86862000e+00 1.22937400e+03 5.76055100e+03 2.52350300e+03 8.11336300e+02 2.28838200e+02 9.63260200e-01 2.45462900e-01 2.46789700e-01 2.55280800e+00 1.38411500e+01 1.08952800e+03 1.44780300e+02 1.03874900e+00 1.39379500e+01 1.06023800e+03 1.47386900e+02 1.40690000e-01 1.60209300e-01 3.36152700e+03 1.02597600e-02 8.19296100e-01 4.52319800e-01 7.26462100e+01 6.43378800e+02 8.27210300e+01 1.53448300e+03 8.94140400e+01 1.98783000e+03 9.50130300e+01 2.31314800e+03 2.35273500e+02 5.78147100e+03 4.46497100e-01 7.32137300e-01 4.64492000e-01 6.49014700e-01 4.63154000e-01 6.07382500e-01 4.58313500e-01 5.77945300e-01 2.91420200e-01 3.00451000e-01 8.73929200e+00 3.95876600e+02 1.89191200e+03 5.97133700e-02 1.03858200e+00 5.48786700e+00 1.21326500e+01 2.29652800e+03 6.58616200e+00
5.23647300e-03 1.15890700e+03 2.36792600e-02 1.16535600e-01 1.03755700e+00 5.71530400e-02 3.06033300e+00 9.74624600e-01 9.97487900e-01 6.85369900e+01 7.00126900e-01 2.99873100e-01 1.40860000e-01 9.65411700e-02 8.00084100e-01 7.99914800e-01 4.38131400e-01 5.92065800e-01 9.66436000e-01 1.00453600e+02 2.41133800e+00 7.61871300e+00 2.13346500e+00 1.90301900e+00 1.23792500e+03 5.94149500e+03 2.58131400e+03 8.38034100e+02 2.39100600e+02 9.74624600e-01 2.45938100e-01 2.47266600e-01 2.35898700e+00 1.37508300e+01 1.08807200e+03 1.44325600e+02 1.03760300e+00 1.39095300e+01 1.06264100e+03 1.46568400e+02 1.42352200e-01 1.58662200e-01 3.35068800e+03 1.02266900e-02 8.23625100e-01 4.53700000e-01 7.37003300e+01 6.33361200e+02 8.36182700e+01 1.51331500e+03 9.02242900e+01 1.96219800e+03 9.57586300e+01 2.28479000e+03 2.35260200e+02 5.74236300e+03 4.43564100e-01 7.40475600e-01 4.64243300e-01 6.57647600e-01 4.64223000e-01 6.15979000e-01 4.60245500e-01 5.86446200e-01 2.96158700e-01 3.05850400e-01 1.05042100e+01 3.96168400e+02 1.89435900e+03 3.07482000e-04 1.67729600e+00 4.06824900e+00 1.10375100e+01 2.30103100e+03 5.74585200e+00
4.89396900e-07 1.16773800e+03 2.43597000e-02 1.18859400e-01 1.03826100e+00 5.56617300e-02 3.08325200e+00 9.78269100e-01 9.99013200e-01 6.85223400e+01 6.93600200e-01 3.06399800e-01 1.43864200e-01 9.85791400e-02 8.16479100e-01 8.25142000e-01 4.51948900e-01 6.07459300e-01 9.86345300e-01 9.95129800e+01 2.44830000e+00 7.37762500e+00 2.18292800e+00 1.95295500e+00 1.25887000e+03 6.07747200e+03 2.64439700e+03 8.63740700e+02 2.48442500e+02 9.78269100e-01 2.46161400e-01 2.47490700e-01 2.25216200e+00 1.36711800e+01 1.08751500e+03 1.43210900e+02 1.03824100e+00 1.37936100e+01 1.06432000e+03 1.45227100e+02 1.44249300e-01 1.57891400e-01 3.42250200e+03 1.04458000e-02 8.13124700e-01 4.47775300e-01 7.37928200e+01 6.33036400e+02 8.38982700e+01 1.51096700e+03 9.06190300e+01 1.95812200e+03 9.62447000e+01 2.27919600e+03 2.37538800e+02 5.70990100e+03 4.56971100e-01 7.54983200e-01 4.76601200e-01 6.69795200e-01 4.75795100e-01 6.27049200e-01 4.71197500e-01 5.96794400e-01 3.01100800e-01 3.10655100e-01 2.90601800e+01 3.95886300e+02 1.89345900e+03 4.48549600e-02 1.09677200e+00 5.74530000e+00 1.01835800e+01 2.31840600e+03 6.88692600e+00
5.43213700e-04 1.16304300e+03 2.33991300e-02 1.20190100e-01 1.03919100e+00 6.04616300e-02 3.07465600e+00 9.50524700e-01 1.00071700e+00 6.75628700e+01 6.84025000e-01 3.15975000e-01 1.44234400e-01 9.74488900e-02 8.13826800e-01 8.35213800e-01 4.57465500e-01 6.10162000e-01 9.90097400e-01 9.85825400e+01 2.51131400e+00 8.06121800e+00 2.16424300e+00 1.91774000e+00 1.30164700e+03 6.00562300e+03 2.57195100e+03 8.25355900e+02 2.34151300e+02 9.50524700e-01 2.45826700e-01 2.47154800e-01 2.40515600e+00 1.37460900e+01 1.08869600e+03 1.43600000e+02 1.03925800e+00 1.38175500e+01 1.06229800e+03 1.45912300e+02 1.42876500e-01 1.59132200e-01 3.43135000e+03 1.04727900e-02 8.09623600e-01 4.46672300e-01 7.29136900e+01 6.41364700e+02 8.31507400e+01 1.52852800e+03 8.99441500e+01 1.97936700e+03 9.56236700e+01 2.30268700e+03 2.37543200e+02 5.74226200e+03 4.61708200e-01 7.51573700e-01 4.79108900e-01 6.65721100e-01 4.77168700e-01 6.22800600e-01 4.71812400e-01 5.92481900e-01 2.98547500e-01 3.07596900e-01 1.50360200e+01 3.98044800e+02 1.89420100e+03 1.58184300e-01 6.71532900e-01 7.86442600e+00 1.01100600e+01 2.30728200e+03 8.69414300e+00
6.71868700e-04 1.15904100e+03 2.31308700e-02 1.19947200e-01 1.03923500e+00 5.72634500e-02 3.06516400e+00 9.56914100e-01 9.98254400e-01 6.74383500e+01 6.83981200e-01 3.16018800e-01 1.43723200e-01 9.69245600e-02 8.12269200e-01 8.33673100e-01 4.56621600e-01 6.09015300e-01 9.89114300e-01 9.86395400e+01 2.48585700e+00 7.80487100e+00 2.14379700e+00 1.91181200e+00 1.27759900e+03 5.93362800e+03 2.57027900e+03 8.26605200e+02 2.34418100e+02 9.56914100e-01 2.45713700e-01 2.47041400e-01 2.45037800e+00 1.37707000e+01 1.08898700e+03 1.43865700e+02 1.03934000e+00 1.38420300e+01 1.06168700e+03 1.46266200e+02 1.42305100e-01 1.59488600e-01 3.41913000e+03 1.04355100e-02 8.11079000e-01 4.47625900e-01 7.27823100e+01 6.42524000e+02 8.30014600e+01 1.53128600e+03 8.97829700e+01 1.98293500e+03 9.54525300e+01 2.30683500e+03 2.37121500e+02 5.75254700e+03 4.60840900e-01 7.50133700e-01 4.78204200e-01 6.64444200e-01 4.76265500e-01 6.21605500e-01 4.70918000e-01 5.91344800e-01 2.97976800e-01 3.07007000e-01 1.46109000e+01 3.96842200e+02 1.88772600e+03 1.47574600e-01 7.19420900e-01 7.51990900e+00 1.05153300e+01 2.29917900e+03 8.38690500e+00
1.30128000e-02 1.15646800e+03 2.30178400e-02 1.17753500e-01 1.03831000e+00 5.35693700e-02 3.05012800e+00 9.68722800e-01 1.00078600e+00 6.78082300e+01 6.92436200e-01 3.07563800e-01 1.41416500e-01 9.58920000e-02 8.01957900e-01 8.12004700e-01 4.44753300e-01 5.97221400e-01 9.73891000e-01 9.96563900e+01 2.42537500e+00 7.42645300e+00 2.11180600e+00 1.89724800e+00 1.24023900e+03 5.86796300e+03 2.56643200e+03 8.29013900e+02 2.35217100e+02 9.68722800e-01 2.45658700e-01 2.46986200e-01 2.46981900e+00 1.38007100e+01 1.08893600e+03 1.44516900e+02 1.03842100e+00 1.39169900e+01 1.06126800e+03 1.46968000e+02 1.41474000e-01 1.59561500e-01 3.36399000e+03 1.02672800e-02 8.19929400e-01 4.52293400e-01 7.30395600e+01 6.39651800e+02 8.30735600e+01 1.52646700e+03 8.97449600e+01 1.97801800e+03 9.53284600e+01 2.30219900e+03 2.35472800e+02 5.76416000e+03 4.49629700e-01 7.41439600e-01 4.68648000e-01 6.57652600e-01 4.67716900e-01 6.15629000e-01 4.63105900e-01 5.85892800e-01 2.95568500e-01 3.04887700e-01 8.68364400e+00 3.95856400e+02 1.89203800e+03 3.17469500e-02 1.21731700e+00 4.98161600e+00 1.01265100e+01 2.29657800e+03 6.23068000e+00
9.41704700e-04 1.15935200e+03 2.33023300e-02 1.17111600e-01 1.03861900e+00 6.73121300e-02 3.08860800e+00 9.66295200e-01 1.00217100e+00 6.83758500e+01 6.98286100e-01 3.01713900e-01 1.41059000e-01 9.64503200e-02 8.13550000e-01 8.15870600e-01 4.46870700e-01 6.02952500e-01 9.83859000e-01 1.00394600e+02 2.46810800e+00 8.67157000e+00 2.19465100e+00 1.91822200e+00 1.26989500e+03 5.98807600e+03 2.59355300e+03 8.37077700e+02 2.38006600e+02 9.66295200e-01 2.45788800e-01 2.47116800e-01 2.42143400e+00 1.37596700e+01 1.08854600e+03 1.44465500e+02 1.03870800e+00 1.39081900e+01 1.06184000e+03 1.46827600e+02 1.41821100e-01 1.59271600e-01 3.35544600e+03 1.02412100e-02 8.22536200e-01 4.53443600e-01 7.35575600e+01 6.34723400e+02 8.35056600e+01 1.51612400e+03 9.01289400e+01 1.96554700e+03 9.56763900e+01 2.28844800e+03 2.35365300e+02 5.74629200e+03 4.52253900e-01 7.52750800e-01 4.72868700e-01 6.68341900e-01 4.72627000e-01 6.25908800e-01 4.68430700e-01 5.95845900e-01 3.00829900e-01 3.10586400e-01 1.39356400e+01 4.00395200e+02 1.88797500e+03 6.91425800e-04 1.67729600e+00 3.93830200e+00 1.07822400e+01 2.30230600e+03 5.61628900e+00
2.99998400e-05 1.16333400e+03 2.38948900e-02 1.19138800e-01 1.03810900e+00 5.57768400e-02 3.07736600e+00 9.54968500e-01 1.00073600e+00 6.79803500e+01 6.89096200e-01 3.10903800e-01 1.43678800e-01 9.76733600e-02 8.09648100e-01 8.24230500e-01 4.51449600e-01 6.04578600e-01 9.81984400e-01 9.90137700e+01 2.49448500e+00 7.48443600e+00 2.17011700e+00 1.94104700e+00 1.30995800e+03 6.12498800e+03 2.60887100e+03 8.40235400e+02 2.39281100e+02 9.54968500e-01 2.46011400e-01 2.47340100e-01 2.32432100e+00 1.37238100e+01 1.08804800e+03 1.43491700e+02 1.03813200e+00 1.38221100e+01 1.06332800e+03 1.45650600e+02 1.43491600e-01 1.58397800e-01 3.41807000e+03 1.04322800e-02 8.12499900e-01 4.47782400e-01 7.32832200e+01 6.37763700e+02 8.34381000e+01 1.52116500e+03 9.01847800e+01 1.97062800e+03 9.58288800e+01 2.29317100e+03 2.37242700e+02 5.73240700e+03 4.56072300e-01 7.48217900e-01 4.74529000e-01 6.63299900e-01 4.73197200e-01 6.20763700e-01 4.68274900e-01 5.90685300e-01 2.97841800e-01 3.07090500e-01 2.08286400e+01 3.96345600e+02 1.89148800e+03 9.76998300e-02 8.72797100e-01 6.91969500e+00 1.01144900e+01 2.30866300e+03 7.89019200e+00
9.15081400e-06 1.16493500e+03 2.46825000e-02 1.16503000e-01 1.04001000e+00 5.98487300e-02 3.09521500e+00 9.90380100e-01 1.00167400e+00 7.02325400e+01 7.12463300e-01 2.87536700e-01 1.41830600e-01 9.96112700e-02 8.16758900e-01 7.99613000e-01 4.37966100e-01 5.98090900e-01 9.74596100e-01 1.02185600e+02 2.40868000e+00 7.67364500e+00 2.20919900e+00 1.95997700e+00 1.24409800e+03 6.11934500e+03 2.67180000e+03 8.78085600e+02 2.53529500e+02 9.90380100e-01 2.46292700e-01 2.47622500e-01 2.20407700e+00 1.35770200e+01 1.08698600e+03 1.43566900e+02 1.03995700e+00 1.38050900e+01 1.06485400e+03 1.45496000e+02 1.44140000e-01 1.57879700e-01 3.37389100e+03 1.02974900e-02 8.24150400e-01 4.53292600e-01 7.53121300e+01 6.18934400e+02 8.51054700e+01 1.48178400e+03 9.16474700e+01 1.92326300e+03 9.71372300e+01 2.24106300e+03 2.36497800e+02 5.66801100e+03 4.44413800e-01 7.57184200e-01 4.68279000e-01 6.73912900e-01 4.69756400e-01 6.31813500e-01 4.66733600e-01 6.01895800e-01 3.04477400e-01 3.15067200e-01 2.32033400e+01 3.96317300e+02 1.89259800e+03 1.14358800e-01 2.83966800e+00 4.32109900e+00 1.04764000e+01 2.31211900e+03 7.27512600e+00
4.93649500e-06 1.16408900e+03 2.41956100e-02 1.18191400e-01 1.04058700e+00 5.65676300e-02 3.08785800e+00 9.79940900e-01 1.00097000e+00 6.94085700e+01 7.03101800e-01 2.96898200e-01 1.43032200e-01 9.92765700e-02 8.19303300e-01 8.15056700e-01 4.46424900e-01 6.04778800e-01 9.83418000e-01 1.01042600e+02 2.43887100e+00 7.49054000e+00 2.19300500e+00 1.95841900e+00 1.26108100e+03 6.08737200e+03 2.65739200e+03 8.68020200e+02 2.49439800e+02 9.79940900e-01 2.46102800e-01 2.47431900e-01 2.27723400e+00 1.36159000e+01 1.08763900e+03 1.43505200e+02 1.04058700e+00 1.37908000e+01 1.06390000e+03 1.45576500e+02 1.43764700e-01 1.58455900e-01 3.40261200e+03 1.03851100e-02 8.18043200e-01 4.50502400e-01 7.45897100e+01 6.25595700e+02 8.45455600e+01 1.49547900e+03 9.11814600e+01 1.93954500e+03 9.67430400e+01 2.25880300e+03 2.37167300e+02 5.68559800e+03 4.52186800e-01 7.58569100e-01 4.74034700e-01 6.74056900e-01 4.74375900e-01 6.31490500e-01 4.70552500e-01 6.01302200e-01 3.03771400e-01 3.13864600e-01 2.44377100e+01 3.96004500e+02 1.89191000e+03 1.15172500e-02 2.04033800e+00 3.59631100e+00 1.01784500e+01 2.31235200e+03 5.64816600e+00
2.41687900e-04 1.15866000e+03 2.34959900e-02 1.19360900e-01 1.04027100e+00 5.53675400e-02 3.07263900e+00 9.64370000e-01 1.00062800e+00 6.82989500e+01 6.92369000e-01 3.07631000e-01 1.43502100e-01 9.80104000e-02 8.15026100e-01 8.25326800e-01 4.52050100e-01 6.06986500e-01 9.86198900e-01 9.97326300e+01 2.46871000e+00 7.53326400e+00 2.15988300e+00 1.93347600e+00 1.27680200e+03 6.00612800e+03 2.60792700e+03 8.43112900e+02 2.40161400e+02 9.64370000e-01 2.45864000e-01 2.47192200e-01 2.38903300e+00 1.37005700e+01 1.08851300e+03 1.43738200e+02 1.04033900e+00 1.38164800e+01 1.06245000e+03 1.46023700e+02 1.42820300e-01 1.59207200e-01 3.41384400e+03 1.04193800e-02 8.13836700e-01 4.48820200e-01 7.35714800e+01 6.35030300e+02 8.36797000e+01 1.51542800e+03 9.04003800e+01 1.96370700e+03 9.60250900e+01 2.28553600e+03 2.37200000e+02 5.72232400e+03 4.56974500e-01 7.53514900e-01 4.76290100e-01 6.68355400e-01 4.75337400e-01 6.25644200e-01 4.70646900e-01 5.95421800e-01 3.00360400e-01 3.09834000e-01 1.66557300e+01 3.96150500e+02 1.88840800e+03 2.56908700e-02 1.27934900e+00 4.70990100e+00 1.00908200e+01 2.30121500e+03 6.01494100e+00
3.47701600e-03 1.15862900e+03 2.25861800e-02 1.20779200e-01 1.03885400e+00 4.45093400e-02 3.03950800e+00 9.54928300e-01 1.00025400e+00 6.65704300e+01 6.75038900e-01 3.24961100e-01 1.44010500e-01 9.58684200e-02 8.05915100e-01 8.38772800e-01 4.59414800e-01 6.08481200e-01 9.87753500e-01 9.76230100e+01 2.47134100e+00 6.61468500e+00 2.08949700e+00 1.91153100e+00 1.27158900e+03 5.87470500e+03 2.56596800e+03 8.22796300e+02 2.32246300e+02 9.54928300e-01 2.45475000e-01 2.46801800e-01 2.54680800e+00 1.38408200e+01 1.08971900e+03 1.44066500e+02 1.03900800e+00 1.38657700e+01 1.06050500e+03 1.46646200e+02 1.41503700e-01 1.60117200e-01 3.42599800e+03 1.04564700e-02 8.08067500e-01 4.46443600e-01 7.19881200e+01 6.50267200e+02 8.23252600e+01 1.54757400e+03 8.91713400e+01 2.00262300e+03 9.48885200e+01 2.32859500e+03 2.37093600e+02 5.78271300e+03 4.62853100e-01 7.43397800e-01 4.78070100e-01 6.57534800e-01 4.75109800e-01 6.14753900e-01 4.69104600e-01 5.84587900e-01 2.94236000e-01 3.02785800e-01 1.13231600e+01 3.96023400e+02 1.88780900e+03 3.49105400e-01 3.45745400e-01 1.13689500e+01 1.00381000e+01 2.29515500e+03 1.20638000e+01
1.51191700e-02 1.15654600e+03 2.22914500e-02 1.19460300e-01 1.03945400e+00 4.63833300e-02 3.03582500e+00 9.55467300e-01 1.00225900e+00 6.69879200e+01 6.82672600e-01 3.17327400e-01 1.42396900e-01 9.53886900e-02 8.02086900e-01 8.24925100e-01 4.51830100e-01 6.02002500e-01 9.79993500e-01 9.86884900e+01 2.45331700e+00 6.85882600e+00 2.08181400e+00 1.89737800e+00 1.26352800e+03 5.83543900e+03 2.55172100e+03 8.16475100e+02 2.29658700e+02 9.55467300e-01 2.45363700e-01 2.46690100e-01 2.60037700e+00 1.38469900e+01 1.08997400e+03 1.44630600e+02 1.03964900e+00 1.39114800e+01 1.05970400e+03 1.47322800e+02 1.40564600e-01 1.60657300e-01 3.38742600e+03 1.03387800e-02 8.14580700e-01 4.50075900e-01 7.23185200e+01 6.46739200e+02 8.25061300e+01 1.54101800e+03 8.92647300e+01 1.99533300e+03 9.49142200e+01 2.32109200e+03 2.35986700e+02 5.78456300e+03 4.55888400e-01 7.40605700e-01 4.72746200e-01 6.55869000e-01 4.70682100e-01 6.13527500e-01 4.65300300e-01 5.83625700e-01 2.94045400e-01 3.02899600e-01 8.38358400e+00 3.95799400e+02 1.89025400e+03 1.36751200e-01 7.68898900e-01 6.90495700e+00 1.08445100e+01 2.29443700e+03 7.81060700e+00
6.03232500e-06 1.16764200e+03 2.30523700e-02 1.22924900e-01 1.04005200e+00 4.60822100e-02 3.05630700e+00 9.63521500e-01 9.98995500e-01 6.66253700e+01 6.69690300e-01 3.30309700e-01 1.46622500e-01 9.76877500e-02 8.21536200e-01 8.62038600e-01 4.72158000e-01 6.22812100e-01 1.00648400e+00 9.69956500e+01 2.48905400e+00 6.72454800e+00 2.12489500e+00 1.93780900e+00 1.26424800e+03 5.89571500e+03 2.60223700e+03 8.41304600e+02 2.39493700e+02 9.63521500e-01 2.45675700e-01 2.47003300e-01 2.46382500e+00 1.37657500e+01 1.08933100e+03 1.43170400e+02 1.04015800e+00 1.37642900e+01 1.06168700e+03 1.45583700e+02 1.42990800e-01 1.59620300e-01 3.48843400e+03 1.06469600e-02 7.99460400e-01 4.41644800e-01 7.21321500e+01 6.49358500e+02 8.26264300e+01 1.54412800e+03 8.95683600e+01 1.99733900e+03 9.53617800e+01 2.32177800e+03 2.39079300e+02 5.75179800e+03 4.75180900e-01 7.57282300e-01 4.89459600e-01 6.69248400e-01 4.85814400e-01 6.25473200e-01 4.79272400e-01 5.94638400e-01 2.99081600e-01 3.07563500e-01 2.40367600e+01 3.95884900e+02 1.88992300e+03 5.17235500e-01 1.72859400e-01 1.45601000e+01 1.01892200e+01 2.30984500e+03 1.52501900e+01
1.28503700e-02 1.15917300e+03 2.36884300e-02 1.14365800e-01 1.03988100e+00 5.97932000e-02 3.06557400e+00 9.96249700e-01 9.99196900e-01 7.01263400e+01 7.17959000e-01 2.82041000e-01 1.38699400e-01 9.72648300e-02 8.02855300e-01 7.78453700e-01 4.26376600e-01 5.85080100e-01 9.58730800e-01 1.03180200e+02 2.34782900e+00 7.83844000e+00 2.14467600e+00 1.90294400e+00 1.19160200e+03 5.87609800e+03 2.60680700e+03 8.55155100e+02 2.45169800e+02 9.96249700e-01 2.45941700e-01 2.47270200e-01 2.35749800e+00 1.36701200e+01 1.08787600e+03 1.44885700e+02 1.03993900e+00 1.39321300e+01 1.06252700e+03 1.47134800e+02 1.41741500e-01 1.59087100e-01 3.29904200e+03 1.00691200e-02 8.35157000e-01 4.59730500e-01 7.51080200e+01 6.20223000e+02 8.47205400e+01 1.48620500e+03 9.11502700e+01 1.92989200e+03 9.65499100e+01 2.24952600e+03 2.34076700e+02 5.70600500e+03 4.33081000e-01 7.44871100e-01 4.57748400e-01 6.63604700e-01 4.59870000e-01 6.22425500e-01 4.57366200e-01 5.93125600e-01 3.00300400e-01 3.11029500e-01 8.70876600e+00 3.96305400e+02 1.89288100e+03 2.99445600e-01 3.61246300e+00 6.40781300e+00 1.01309700e+01 2.29789500e+03 1.03197200e+01
6.10186000e-04 1.15902100e+03 2.31424000e-02 1.18022000e-01 1.03801700e+00 5.60013500e-02 3.06860000e+00 9.65522700e-01 1.00075400e+00 6.77166700e+01 6.90746900e-01 3.09253100e-01 1.41809500e-01 9.60286900e-02 8.08560800e-01 8.20935600e-01 4.49645000e-01 6.02963800e-01 9.82573100e-01 9.93807100e+01 2.45691200e+00 7.64617900e+00 2.15117600e+00 1.92324200e+00 1.26651400e+03 5.97024600e+03 2.59712200e+03 8.37927900e+02 2.37971000e+02 9.65522700e-01 2.45719200e-01 2.47046900e-01 2.44842100e+00 1.37978100e+01 1.08881200e+03 1.44352000e+02 1.03812400e+00 1.39050800e+01 1.06157300e+03 1.46759600e+02 1.41783100e-01 1.59349900e-01 3.37338600e+03 1.02959400e-02 8.18346400e-01 4.51370000e-01 7.29720100e+01 6.40364100e+02 8.30403700e+01 1.52776600e+03 8.97320900e+01 1.97943900e+03 9.53314000e+01 2.30363800e+03 2.35747200e+02 5.76314200e+03 4.54404100e-01 7.47379000e-01 4.73207900e-01 6.62738900e-01 4.72073400e-01 6.20314700e-01 4.67290800e-01 5.90305300e-01 2.97727000e-01 3.07040700e-01 1.48034900e+01 3.96293800e+02 1.89002200e+03 5.50238400e-02 1.09677200e+00 5.65271300e+00 1.01186300e+01 2.30111900e+03 6.80450900e+00
3.18322900e-03 1.15754700e+03 2.32047000e-02 1.17212100e-01 1.03805200e+00 5.98604000e-02 3.06926800e+00 9.73176200e-01 1.00080600e+00 6.80682400e+01 6.95546600e-01 3.04453400e-01 1.41062000e-01 9.60183900e-02 8.08109700e-01 8.14085700e-01 4.45893100e-01 6.00275400e-01 9.79485700e-01 9.99964400e+01 2.43381700e+00 7.99408000e+00 2.15261400e+00 1.90973000e+00 1.24153600e+03 5.91163000e+03 2.58743900e+03 8.38010000e+02 2.38491300e+02 9.73176200e-01 2.45747700e-01 2.47075500e-01 2.43789300e+00 1.37869000e+01 1.08866800e+03 1.44514300e+02 1.03815300e+00 1.39203400e+01 1.06164900e+03 1.46906200e+02 1.41668100e-01 1.59304500e-01 3.35551600e+03 1.02414200e-02 8.21801600e-01 4.53120800e-01 7.32718000e+01 6.37397100e+02 8.32542500e+01 1.52184600e+03 8.98961800e+01 1.97252800e+03 9.54572700e+01 2.29621800e+03 2.35278300e+02 5.75801500e+03 4.51030300e-01 7.47441800e-01 4.70896900e-01 6.63323700e-01 4.70331100e-01 6.21082200e-01 4.65939500e-01 5.91172300e-01 2.98359800e-01 3.07909200e-01 1.14997200e+01 3.97083700e+02 1.89048800e+03 1.17868600e-02 1.40705700e+00 4.47248400e+00 1.01316800e+01 2.29907200e+03 5.89132800e+00
5.02318700e-03 1.16097100e+03 2.29952100e-02 1.17993100e-01 1.03738700e+00 6.06292600e-02 3.06416300e+00 9.68688100e-01 1.00013700e+00 6.73944100e+01 6.88169900e-01 3.11830100e-01 1.41633400e-01 9.54530200e-02 8.07676700e-01 8.23447600e-01 4.51020800e-01 6.03555300e-01 9.83842600e-01 9.90224700e+01 2.44762400e+00 8.12530500e+00 2.14165300e+00 1.89708700e+00 1.24080600e+03 5.85985300e+03 2.56398200e+03 8.28026400e+02 2.35156100e+02 9.68688100e-01 2.45647500e-01 2.46974900e-01 2.47378000e+00 1.38314800e+01 1.08898200e+03 1.44472300e+02 1.03751100e+00 1.39248900e+01 1.06123000e+03 1.46929800e+02 1.41498200e-01 1.59443600e-01 3.36917700e+03 1.02831000e-02 8.18203000e-01 4.51389400e-01 7.26667400e+01 6.43241700e+02 8.27604700e+01 1.53400700e+03 8.94651100e+01 1.98711700e+03 9.50733800e+01 2.31223900e+03 2.35520600e+02 5.77749800e+03 4.55569900e-01 7.46306800e-01 4.73776800e-01 6.61508400e-01 4.72340500e-01 6.19047100e-01 4.67356800e-01 5.89027300e-01 2.96984100e-01 3.06159600e-01 1.05873800e+01 3.97504300e+02 1.89621000e+03 9.51411100e-02 8.72797100e-01 6.64065700e+00 1.00307900e+01 2.30430200e+03 7.60859500e+00
1.77123600e-03 1.16383200e+03 2.45575200e-02 1.14313600e-01 1.03705100e+00 5.48604200e-02 3.06450400e+00 9.77242700e-01 9.95234300e-01 6.99102800e+01 7.14541700e-01 2.85458300e-01 1.39516200e-01 9.75361900e-02 7.90155200e-01 7.70767000e-01 4.22166500e-01 5.77561300e-01 9.45022000e-01 1.02212500e+02 2.38439500e+00 7.19146700e+00 2.14238400e+00 1.91975600e+00 1.25474100e+03 6.11405700e+03 2.61065100e+03 8.50113500e+02 2.43513300e+02 9.77242700e-01 2.46239500e-01 2.47569100e-01 2.22250400e+00 1.36670200e+01 1.08694000e+03 1.44228600e+02 1.03700700e+00 1.39081500e+01 1.06443400e+03 1.46205200e+02 1.43283500e-01 1.57646400e-01 3.31856800e+03 1.01286900e-02 8.31676500e-01 4.57195300e-01 7.49313000e+01 6.21931900e+02 8.46173600e+01 1.48946300e+03 9.10909200e+01 1.93356400e+03 9.65247900e+01 2.25334400e+03 2.34637100e+02 5.70527100e+03 4.28554800e-01 7.32734500e-01 4.52091900e-01 6.52393000e-01 4.53769000e-01 6.11740100e-01 4.51017400e-01 5.82837000e-01 2.94937800e-01 3.05297200e-01 1.26721500e+01 3.95681200e+02 1.89835300e+03 1.15015500e-01 2.83966800e+00 4.34072800e+00 1.36616900e+01 2.30670600e+03 7.29541200e+00
1.85832900e-06 1.16786000e+03 2.44683400e-02 1.15998500e-01 1.03791900e+00 6.85270600e-02 3.10267700e+00 9.80637500e-01 9.97585200e-01 6.95184300e+01 7.08012700e-01 2.91987300e-01 1.41112000e-01 9.80988500e-02 8.13948900e-01 8.03005500e-01 4.39824200e-01 5.98326300e-01 9.76218700e-01 1.01397000e+02 2.43893400e+00 8.49151600e+00 2.22574500e+00 1.94067900e+00 1.25868500e+03 6.10869200e+03 2.63659900e+03 8.60693600e+02 2.47454200e+02 9.80637500e-01 2.46203300e-01 2.47532800e-01 2.23579900e+00 1.36578900e+01 1.08716800e+03 1.43860300e+02 1.03789300e+00 1.38608000e+01 1.06435800e+03 1.45856300e+02 1.43616200e-01 1.57818500e-01 3.35671300e+03 1.02450700e-02 8.25037300e-01 4.53854200e-01 7.46227000e+01 6.24970300e+02 8.44488900e+01 1.49516000e+03 9.10059100e+01 1.93991000e+03 9.65049700e+01 2.25987000e+03 2.35740100e+02 5.70245000e+03 4.45931900e-01 7.54117600e-01 4.68729700e-01 6.70666500e-01 4.69661800e-01 6.28552100e-01 4.66273700e-01 5.98652700e-01 3.02652200e-01 3.12946600e-01 2.63916700e+01 3.99828000e+02 1.89246600e+03 3.01943100e-02 2.27128100e+00 3.77254700e+00 1.09608100e+01 2.31868600e+03 6.07402200e+00
1.75305100e-05 1.16389800e+03 2.45616100e-02 1.16706600e-01 1.03872500e+00 6.27302400e-02 3.09742100e+00 9.79950900e-01 1.00271800e+00 6.96173100e+01 7.07188100e-01 2.92811900e-01 1.41913400e-01 9.87962600e-02 8.14517200e-01 8.04700000e-01 4.40752300e-01 5.99166400e-01 9.76206300e-01 1.01341900e+02 2.43814900e+00 7.96356200e+00 2.21407700e+00 1.95301700e+00 1.26560200e+03 6.14152600e+03 2.65180000e+03 8.66219100e+02 2.49194000e+02 9.79950900e-01 2.46241200e-01 2.47570800e-01 2.22189700e+00 1.36279200e+01 1.08712800e+03 1.43606900e+02 1.03868600e+00 1.38258200e+01 1.06462500e+03 1.45569900e+02 1.43986200e-01 1.57811200e-01 3.37586800e+03 1.03035200e-02 8.22432700e-01 4.52459600e-01 7.47416100e+01 6.24035400e+02 8.46064300e+01 1.49272200e+03 9.11879300e+01 1.93661400e+03 9.67069000e+01 2.25592100e+03 2.36378700e+02 5.69005300e+03 4.46807200e-01 7.54556800e-01 4.69434000e-01 6.70959300e-01 4.70264800e-01 6.28785200e-01 4.66803800e-01 5.98848900e-01 3.02710100e-01 3.12966800e-01 2.19031400e+01 3.97397800e+02 1.89132900e+03 2.65970200e-02 2.19351700e+00 3.73690400e+00 1.12096700e+01 2.31063000e+03 5.95701900e+00
4.42965100e-05 1.16282000e+03 2.44989700e-02 1.15821800e-01 1.03860900e+00 6.67565100e-02 3.09988200e+00 9.80643500e-01 1.00095800e+00 6.98443600e+01 7.11030900e-01 2.88969100e-01 1.40965900e-01 9.84567400e-02 8.12594000e-01 7.97514700e-01 4.36816800e-01 5.95780800e-01 9.72317100e-01 1.01882900e+02 2.43167800e+00 8.32366900e+00 2.21953300e+00 1.94212700e+00 1.26039900e+03 6.12082500e+03 2.64004700e+03 8.61948500e+02 2.47758900e+02 9.80643500e-01 2.46215600e-01 2.47545100e-01 2.23121800e+00 1.36338200e+01 1.08712100e+03 1.43882600e+02 1.03857100e+00 1.38538900e+01 1.06439600e+03 1.45871400e+02 1.43618500e-01 1.57894700e-01 3.35322100e+03 1.02344200e-02 8.26308000e-01 4.54506500e-01 7.49179400e+01 6.22294600e+02 8.47003400e+01 1.48947800e+03 9.12327700e+01 1.93301600e+03 9.67134100e+01 2.25223400e+03 2.35724100e+02 5.69195500e+03 4.43150000e-01 7.53172400e-01 4.66572900e-01 6.70173500e-01 4.67866300e-01 6.28236500e-01 4.64736000e-01 5.98443700e-01 3.02674700e-01 3.13123200e-01 2.00492100e+01 3.98887400e+02 1.88986600e+03 7.48273100e-02 2.59136600e+00 3.99616700e+00 1.01746600e+01 2.30880300e+03 6.66235900e+00
1.02723800e-03 1.15923300e+03 2.30636800e-02 1.19708300e-01 1.04073200e+00 5.61275500e-02 3.06182400e+00 9.77272300e-01 9.97594200e-01 6.79693600e+01 6.89562200e-01 3.10437800e-01 1.43417100e-01 9.74796900e-02 8.18082300e-01 8.32192300e-01 4.55810500e-01 6.10647600e-01 9.92294100e-01 9.95098800e+01 2.43519200e+00 7.70721400e+00 2.13664900e+00 1.90977200e+00 1.22307500e+03 5.81485400e+03 2.58578200e+03 8.40405400e+02 2.39652500e+02 9.77272300e-01 2.45681300e-01 2.47008800e-01 2.46187300e+00 1.37317000e+01 1.08904700e+03 1.43978000e+02 1.04084900e+00 1.38327400e+01 1.06149700e+03 1.46404000e+02 1.42111600e-01 1.59813100e-01 3.41181400e+03 1.04131900e-02 8.13363900e-01 4.48901400e-01 7.32648600e+01 6.37889100e+02 8.34046100e+01 1.52157900e+03 9.01419600e+01 1.97123900e+03 9.57786100e+01 2.29394300e+03 2.37041600e+02 5.73565100e+03 4.60514500e-01 7.56060700e-01 4.79272100e-01 6.70305900e-01 4.77983600e-01 6.27342500e-01 4.73048800e-01 5.96959100e-01 3.01026700e-01 3.10394800e-01 1.37617600e+01 3.96189600e+02 1.89144300e+03 4.10549100e-02 1.15641700e+00 4.91923900e+00 1.09538200e+01 2.30139500e+03 6.11671000e+00
7.98931200e-04 1.15842400e+03 2.33528500e-02 1.18191400e-01 1.04004700e+00 5.16098500e-02 3.06357000e+00 9.63198500e-01 9.99362600e-01 6.85150100e+01 6.97102400e-01 3.02897600e-01 1.42189400e-01 9.74211000e-02 8.07316700e-01 8.11206000e-01 4.44315900e-01 5.98918700e-01 9.75328800e-01 1.00365700e+02 2.45000800e+00 7.17010500e+00 2.14038300e+00 1.93047300e+00 1.27923900e+03 6.02055800e+03 2.60677600e+03 8.41089600e+02 2.38929700e+02 9.63198500e-01 2.45808800e-01 2.47136800e-01 2.41292500e+00 1.37169300e+01 1.08858100e+03 1.44147300e+02 1.04012300e+00 1.38586800e+01 1.06203100e+03 1.46487100e+02 1.42223300e-01 1.59388600e-01 3.38246700e+03 1.03236500e-02 8.18882800e-01 4.51542900e-01 7.37246100e+01 6.33371900e+02 8.37276200e+01 1.51260500e+03 9.03855900e+01 1.96079400e+03 9.59612300e+01 2.28275700e+03 2.36266000e+02 5.72859100e+03 4.49574800e-01 7.46861000e-01 4.69761900e-01 6.62976600e-01 4.69378100e-01 6.20827300e-01 4.65115100e-01 5.90973100e-01 2.98312000e-01 3.07935000e-01 1.42644700e+01 3.95670600e+02 1.89136500e+03 9.42781700e-04 1.60798500e+00 3.84479200e+00 1.00927800e+01 2.30130100e+03 5.45372000e+00
6.81682900e-03 1.15543800e+03 2.25696400e-02 1.18531800e-01 1.03959100e+00 5.29599600e-02 3.05419400e+00 9.68365900e-01 1.00149100e+00 6.75921600e+01 6.89744200e-01 3.10255800e-01 1.41746600e-01 9.58095700e-02 8.09226300e-01 8.22942100e-01 4.50743900e-01 6.03948500e-01 9.84287100e-01 9.95360000e+01 2.43853300e+00 7.47528100e+00 2.12040900e+00 1.90730100e+00 1.24263900e+03 5.84222800e+03 2.57788500e+03 8.31151900e+02 2.35214100e+02 9.68365900e-01 2.45469200e-01 2.46796000e-01 2.54969800e+00 1.38108800e+01 1.08954200e+03 1.44658700e+02 1.03975600e+00 1.39127500e+01 1.06027600e+03 1.47259700e+02 1.40840900e-01 1.60327500e-01 3.37188100e+03 1.02913500e-02 8.18260200e-01 4.51791000e-01 7.28519600e+01 6.41493700e+02 8.29307000e+01 1.53021300e+03 8.96277500e+01 1.98244800e+03 9.52307800e+01 2.30700600e+03 2.35662800e+02 5.76871700e+03 4.55441800e-01 7.47892400e-01 4.74031500e-01 6.63082500e-01 4.72775200e-01 6.20590000e-01 4.67906300e-01 5.90538600e-01 2.97804800e-01 3.07075400e-01 9.97672200e+00 3.95857700e+02 1.88858700e+03 3.93344700e-02 1.15641700e+00 4.87555200e+00 1.03836700e+01 2.29442200e+03 6.07130300e+00
1.64967700e-02 1.15571600e+03 2.25565300e-02 1.17843600e-01 1.03934700e+00 4.45648200e-02 3.02824400e+00 9.62423200e-01 9.97985600e-01 6.77423100e+01 6.92646200e-01 3.07353800e-01 1.41045300e-01 9.55473300e-02 7.94522900e-01 8.04201800e-01 4.40479500e-01 5.91583500e-01 9.65331300e-01 9.98908400e+01 2.41273100e+00 6.58721900e+00 2.06609200e+00 1.88991000e+00 1.24661200e+03 5.83797500e+03 2.55284800e+03 8.20246900e+02 2.31278100e+02 9.62423200e-01 2.45464500e-01 2.46791300e-01 2.55198900e+00 1.38165600e+01 1.08949800e+03 1.44847800e+02 1.03951200e+00 1.39342100e+01 1.06020000e+03 1.47457100e+02 1.40622000e-01 1.60329800e-01 3.35511800e+03 1.02402100e-02 8.21080800e-01 4.53265000e-01 7.29673900e+01 6.40267700e+02 8.29853500e+01 1.52799300e+03 8.96464500e+01 1.98003200e+03 9.52214900e+01 2.30457300e+03 2.35171200e+02 5.77075300e+03 4.45314100e-01 7.34588700e-01 4.64207300e-01 6.51601400e-01 4.63312000e-01 6.09975200e-01 4.58762200e-01 5.80518700e-01 2.92867500e-01 3.02111900e-01 8.20918100e+00 3.96179100e+02 1.89071800e+03 1.57857700e-02 1.34256300e+00 4.29048600e+00 1.06770200e+01 2.29510600e+03 5.64883500e+00
9.07090100e-03 1.16207500e+03 2.34762300e-02 1.15411300e-01 1.04067600e+00 5.72294200e-02 3.04834700e+00 9.51172300e-01 9.98377400e-01 6.98370400e+01 7.13909000e-01 2.86091000e-01 1.39532700e-01 9.74454700e-02 7.87574800e-01 7.69100900e-01 4.21253900e-01 5.75993900e-01 9.42429600e-01 1.02720600e+02 2.42568200e+00 7.65838600e+00 2.10804800e+00 1.88005900e+00 1.29079700e+03 6.01300200e+03 2.53877400e+03 8.12935700e+02 2.29503200e+02 9.51172300e-01 2.45856300e-01 2.47184500e-01 2.39230600e+00 1.36729500e+01 1.08820600e+03 1.44775000e+02 1.04075100e+00 1.39106200e+01 1.06214500e+03 1.47086100e+02 1.41657100e-01 1.59428100e-01 3.31896000e+03 1.01298900e-02 8.31430400e-01 4.57981700e-01 7.48635400e+01 6.22540000e+02 8.45584400e+01 1.49076600e+03 9.10369200e+01 1.93515400e+03 9.64744600e+01 2.25511100e+03 2.34627900e+02 5.70784900e+03 4.27578300e-01 7.30277100e-01 4.50902900e-01 6.50132400e-01 4.52499500e-01 6.09589700e-01 4.49704500e-01 5.80768900e-01 2.93863400e-01 3.04153200e-01 9.40536700e+00 3.96576900e+02 1.89889300e+03 2.05865300e-01 3.26523000e+00 5.35482400e+00 1.04490100e+01 2.30487600e+03 8.82591900e+00
1.42363300e-02 1.16175300e+03 2.34450200e-02 1.15552300e-01 1.04064000e+00 5.62177300e-02 3.04710800e+00 9.51510700e-01 9.95862000e-01 6.97454800e+01 7.12931700e-01 2.87068300e-01 1.39642500e-01 9.73943000e-02 7.87811200e-01 7.70644600e-01 4.22099400e-01 5.76658200e-01 9.43330900e-01 1.02584600e+02 2.42523800e+00 7.56988500e+00 2.10543700e+00 1.88153400e+00 1.28976400e+03 6.00927700e+03 2.54059300e+03 8.13644400e+02 2.29699900e+02 9.51510700e-01 2.45844300e-01 2.47172400e-01 2.39749100e+00 1.36780500e+01 1.08825200e+03 1.44762200e+02 1.04071100e+00 1.39099400e+01 1.06206900e+03 1.47084200e+02 1.41639500e-01 1.59455900e-01 3.32158500e+03 1.01379000e-02 8.30814700e-01 4.57685000e-01 7.47808300e+01 6.23299200e+02 8.44924200e+01 1.49234500e+03 9.09805200e+01 1.93704300e+03 9.64253900e+01 2.25718100e+03 2.34684300e+02 5.71013400e+03 4.28366500e-01 7.30396100e-01 4.51486300e-01 6.50125500e-01 4.52966500e-01 6.09535600e-01 4.50089200e-01 5.80687500e-01 2.93780000e-01 3.04016600e-01 8.50391600e+00 3.96339500e+02 1.89746700e+03 1.81021000e-01 3.17908700e+00 5.06812000e+00 1.27674100e+01 2.30231100e+03 8.42822800e+00
1.42188100e-02 1.15737200e+03 2.35554500e-02 1.18712200e-01 1.04052500e+00 4.59966000e-02 3.03643800e+00 9.58319800e-01 9.95974700e-01 6.86615000e+01 6.96859100e-01 3.03140900e-01 1.42912800e-01 9.81260600e-02 7.96324600e-01 8.00482300e-01 4.38442200e-01 5.90882600e-01 9.61022300e-01 1.00334800e+02 2.42891000e+00 6.56890900e+00 2.08309100e+00 1.90001100e+00 1.27093300e+03 5.95749600e+03 2.56162500e+03 8.25685000e+02 2.34345000e+02 9.58319800e-01 2.45888000e-01 2.47216300e-01 2.37922500e+00 1.36841900e+01 1.08839300e+03 1.43858800e+02 1.04059100e+00 1.38247200e+01 1.06252700e+03 1.46129600e+02 1.42747200e-01 1.59193700e-01 3.39975800e+03 1.03764100e-02 8.16720500e-01 4.50282100e-01 7.38908000e+01 6.31961700e+02 8.39217200e+01 1.50918900e+03 9.05979600e+01 1.95633400e+03 9.61887500e+01 2.27753900e+03 2.36859200e+02 5.71493500e+03 4.43578800e-01 7.36671300e-01 4.63446300e-01 6.53908400e-01 4.63043800e-01 6.12325900e-01 4.58822500e-01 5.82874400e-01 2.94210600e-01 3.03694600e-01 8.50637900e+00 3.95953700e+02 1.89218900e+03 1.26230000e-03 1.60798500e+00 3.86440500e+00 1.26203000e+01 2.29664900e+03 5.47365300e+00
1.56938600e-03 1.16021800e+03 2.35974700e-02 1.17971100e-01 1.04015900e+00 6.90434800e-02 3.08454400e+00 9.68610500e-01 9.97689100e-01 6.88372800e+01 6.99880700e-01 3.00119300e-01 1.42213700e-01 9.78960300e-02 8.15761400e-01 8.15923600e-01 4.46899800e-01 6.03791000e-01 9.83221300e-01 1.00694100e+02 2.46065200e+00 8.77838100e+00 2.18574900e+00 1.90383700e+00 1.25580100e+03 5.93453700e+03 2.57490000e+03 8.33804500e+02 2.37796700e+02 9.68610500e-01 2.45905100e-01 2.47233500e-01 2.37232800e+00 1.36879700e+01 1.08828400e+03 1.44017200e+02 1.04021100e+00 1.38449900e+01 1.06256500e+03 1.46278500e+02 1.42613300e-01 1.59109800e-01 3.38304700e+03 1.03254200e-02 8.19551800e-01 4.51712500e-01 7.40250400e+01 6.30602100e+02 8.39938800e+01 1.50665800e+03 9.06333800e+01 1.95352500e+03 9.61955800e+01 2.27465600e+03 2.36378100e+02 5.71613600e+03 4.52427300e-01 7.54956200e-01 4.73450200e-01 6.70476200e-01 4.73396600e-01 6.27981000e-01 4.69318600e-01 5.97864200e-01 3.01905900e-01 3.11775500e-01 1.29141400e+01 4.01076400e+02 1.89009600e+03 1.28883800e-03 1.81943000e+00 3.64655500e+00 1.08821900e+01 2.30408700e+03 5.46727300e+00
5.51215400e-03 1.16222200e+03 2.26138400e-02 1.20883000e-01 1.04207900e+00 5.62699400e-02 3.05639500e+00 9.62560800e-01 9.99028700e-01 6.76361100e+01 6.84911100e-01 3.15088900e-01 1.44141900e-01 9.74920000e-02 8.18374500e-01 8.38702700e-01 4.59376400e-01 6.13141000e-01 9.95090900e-01 9.91488000e+01 2.46885700e+00 7.84149200e+00 2.12508200e+00 1.89889200e+00 1.24878900e+03 5.79421400e+03 2.55615100e+03 8.22974800e+02 2.33029700e+02 9.62560800e-01 2.45484900e-01 2.46811700e-01 2.54197100e+00 1.37420700e+01 1.08969100e+03 1.44019200e+02 1.04223000e+00 1.38183800e+01 1.06054300e+03 1.46591500e+02 1.41584100e-01 1.60575200e-01 3.42914000e+03 1.04660500e-02 8.10096500e-01 4.47559000e-01 7.29782700e+01 6.40733100e+02 8.32012100e+01 1.52723500e+03 8.99866300e+01 1.97783100e+03 9.56601000e+01 2.30101300e+03 2.37494100e+02 5.74049100e+03 4.63717700e-01 7.55861800e-01 4.81417300e-01 6.69616000e-01 4.79571200e-01 6.26484300e-01 4.74256200e-01 5.96011000e-01 3.00360500e-01 3.09503500e-01 1.04016000e+01 3.96587000e+02 1.90087400e+03 7.47547200e-02 9.81866700e-01 5.34563500e+00 1.01787200e+01 2.30786200e+03 6.40225600e+00
6.72986400e-03 1.15940500e+03 2.35524900e-02 1.18488000e-01 1.03972600e+00 5.53322800e-02 3.06271800e+00 9.42032200e-01 1.00060500e+00 6.84674100e+01 6.95622600e-01 3.04377400e-01 1.42685600e-01 9.76931300e-02 8.00429100e-01 8.06247600e-01 4.41600000e-01 5.94533000e-01 9.67344000e-01 1.00092100e+02 2.49449100e+00 7.50274700e+00 2.13856100e+00 1.91452300e+00 1.32898200e+03 6.10181900e+03 2.56725700e+03 8.19846200e+02 2.31689800e+02 9.42032200e-01 2.45886800e-01 2.47215100e-01 2.37971100e+00 1.37074400e+01 1.08837500e+03 1.43918800e+02 1.03978900e+00 1.38411600e+01 1.06252700e+03 1.46189500e+02 1.42676300e-01 1.59083600e-01 3.39432800e+03 1.03598400e-02 8.17055100e-01 4.50438100e-01 7.37013100e+01 6.33676300e+02 8.37399100e+01 1.51298300e+03 9.04193400e+01 1.96105500e+03 9.60118900e+01 2.28287300e+03 2.36630300e+02 5.72480300e+03 4.46676700e-01 7.40344400e-01 4.66371300e-01 6.57031800e-01 4.65820200e-01 6.15193600e-01 4.61476700e-01 5.85568700e-01 2.95522900e-01 3.04990600e-01 1.00024000e+01 3.96410400e+02 1.89660100e+03 7.57828000e-03 1.47275900e+00 4.22861800e+00 1.00863200e+01 2.30301400e+03 5.70895500e+00
1.02598000e-04 1.16086200e+03 2.32217500e-02 1.19992600e-01 1.04033000e+00 6.02850400e-02 3.08006200e+00 9.67927200e-01 1.00120900e+00 6.78668200e+01 6.87663000e-01 3.12337000e-01 1.43859500e-01 9.76328500e-02 8.22562500e-01 8.39305300e-01 4.59706500e-01 6.14928700e-01 9.98481700e-01 9.91920600e+01 2.47890600e+00 8.08258100e+00 2.17597500e+00 1.92881700e+00 1.26156500e+03 5.93140700e+03 2.60209600e+03 8.42069600e+02 2.39919400e+02 9.67927200e-01 2.45755100e-01 2.47083000e-01 2.43502100e+00 1.37288900e+01 1.08888400e+03 1.43785100e+02 1.04043000e+00 1.38197800e+01 1.06187800e+03 1.46156900e+02 1.42488100e-01 1.59540200e-01 3.42238800e+03 1.04454500e-02 8.11612000e-01 4.47864000e-01 7.31854800e+01 6.38718000e+02 8.33642700e+01 1.52310000e+03 9.01246400e+01 1.97291100e+03 9.57791700e+01 2.29564500e+03 2.37347300e+02 5.73468700e+03 4.64278000e-01 7.60009400e-01 4.82704800e-01 6.73596300e-01 4.81181700e-01 6.30334800e-01 4.76065100e-01 5.99752400e-01 3.02357500e-01 3.11682900e-01 1.83693800e+01 3.97503700e+02 1.88878700e+03 7.24008600e-02 9.81866700e-01 5.74816700e+00 1.02616600e+01 2.30466000e+03 6.80243500e+00
7.75847800e-04 1.16024400e+03 2.26858000e-02 1.19901200e-01 1.03915100e+00 4.64540300e-02 3.05374700e+00 9.56472400e-01 1.00233400e+00 6.70575000e+01 6.81473300e-01 3.18526700e-01 1.43232200e-01 9.60479000e-02 8.09136200e-01 8.33746400e-01 4.56661700e-01 6.07866400e-01 9.88093400e-01 9.84188100e+01 2.47567600e+00 6.79168700e+00 2.11946000e+00 1.93141600e+00 1.28503600e+03 5.95823200e+03 2.59651100e+03 8.33093700e+02 2.35381800e+02 9.56472400e-01 2.45510900e-01 2.46837900e-01 2.52930800e+00 1.38180500e+01 1.08951900e+03 1.44216100e+02 1.03930300e+00 1.38762300e+01 1.06065800e+03 1.46767800e+02 1.41449000e-01 1.60058500e-01 3.40739300e+03 1.03997000e-02 8.11866400e-01 4.48360100e-01 7.24118900e+01 6.45993300e+02 8.26439600e+01 1.53894900e+03 8.94302100e+01 1.99246500e+03 9.51019400e+01 2.31760000e+03 2.36641100e+02 5.77258800e+03 4.60658300e-01 7.46995500e-01 4.77390800e-01 6.61397500e-01 4.75166900e-01 6.18645300e-01 4.69642000e-01 5.88460800e-01 2.96430500e-01 3.05307500e-01 1.43231100e+01 3.95815500e+02 1.89057300e+03 1.82841300e-01 6.25207500e-01 8.06831100e+00 1.08994500e+01 2.30071200e+03 8.87635900e+00
1.37428400e-02 1.15737500e+03 2.20093800e-02 1.18307800e-01 1.03898000e+00 4.46057300e-02 3.02755900e+00 9.64696900e-01 1.00158200e+00 6.70062300e+01 6.86041100e-01 3.13958900e-01 1.40962300e-01 9.44535500e-02 7.98480200e-01 8.16845500e-01 4.47404700e-01 5.97698800e-01 9.75453500e-01 9.91323300e+01 2.41687900e+00 6.70318600e+00 2.06467800e+00 1.88846200e+00 1.23350900e+03 5.76222500e+03 2.55009000e+03 8.18090000e+02 2.29984900e+02 9.64696900e-01 2.45243700e-01 2.46569700e-01 2.65447600e+00 1.38847500e+01 1.09023000e+03 1.45147000e+02 1.03921000e+00 1.39670500e+01 1.05897900e+03 1.47945000e+02 1.39690800e-01 1.61019100e-01 3.35313500e+03 1.02341600e-02 8.19634500e-01 4.52916100e-01 7.22849500e+01 6.46793000e+02 8.23803600e+01 1.54196400e+03 8.90829100e+01 1.99709100e+03 9.46879400e+01 2.32357200e+03 2.34897800e+02 5.79998700e+03 4.51719700e-01 7.37604600e-01 4.69253400e-01 6.53571300e-01 4.67589600e-01 6.11527000e-01 4.62497000e-01 5.81814800e-01 2.93269700e-01 3.02239800e-01 8.57447500e+00 3.96184900e+02 1.89286900e+03 7.73973200e-02 9.81866700e-01 5.63457400e+00 1.04282700e+01 2.29762800e+03 6.69383800e+00
1.56861000e-02 1.15663200e+03 2.25502600e-02 1.16980300e-01 1.03838500e+00 4.65970700e-02 3.02976100e+00 9.73654300e-01 9.97807500e-01 6.77240000e+01 6.94375900e-01 3.05624100e-01 1.40175700e-01 9.49325900e-02 7.94715900e-01 8.02130500e-01 4.39345000e-01 5.90892900e-01 9.65696400e-01 1.00024900e+02 2.38662600e+00 6.79168700e+00 2.06922800e+00 1.88510100e+00 1.21622800e+03 5.78244000e+03 2.55676100e+03 8.25871600e+02 2.33557000e+02 9.73654300e-01 2.45462300e-01 2.46789100e-01 2.55308600e+00 1.38422700e+01 1.08943400e+03 1.45078100e+02 1.03854600e+00 1.39693500e+01 1.06012300e+03 1.47694900e+02 1.40368100e-01 1.60215800e-01 3.33433100e+03 1.01767900e-02 8.24119600e-01 4.54829400e-01 7.29182100e+01 6.40574700e+02 8.28840500e+01 1.52914300e+03 8.95131100e+01 1.98179500e+03 9.50625700e+01 2.30684900e+03 2.34500400e+02 5.78129200e+03 4.44326200e-01 7.34937000e-01 4.63602700e-01 6.52097800e-01 4.62907700e-01 6.10518000e-01 4.58493800e-01 5.81083800e-01 2.93225800e-01 3.02555900e-01 8.30996100e+00 3.95979300e+02 1.89254700e+03 1.00393400e-02 1.40705700e+00 4.21361100e+00 1.07968800e+01 2.29683600e+03 5.63070700e+00
6.74909500e-03 1.15704900e+03 2.32303300e-02 1.16390800e-01 1.03867700e+00 4.98737700e-02 3.05060100e+00 9.70077900e-01 9.98230400e-01 6.85955800e+01 7.01900600e-01 2.98099400e-01 1.40266300e-01 9.62165000e-02 7.97206800e-01 7.94677500e-01 4.35262800e-01 5.89062300e-01 9.62549100e-01 1.00901600e+02 2.40728600e+00 6.99005100e+00 2.11280400e+00 1.91222700e+00 1.25172700e+03 5.96014100e+03 2.59238000e+03 8.38073700e+02 2.37913100e+02 9.70077900e-01 2.45758900e-01 2.47086700e-01 2.43357500e+00 1.37618600e+01 1.08856800e+03 1.44708600e+02 1.03877600e+00 1.39306800e+01 1.06164900e+03 1.47096300e+02 1.41481400e-01 1.59396300e-01 3.33649700e+03 1.01834000e-02 8.25870700e-01 4.55231600e-01 7.37338600e+01 6.32945400e+02 8.36085300e+01 1.51275100e+03 9.01884500e+01 1.96175000e+03 9.57022100e+01 2.28450200e+03 2.34823600e+02 5.74673600e+03 4.40809300e-01 7.37990700e-01 4.61803500e-01 6.55638500e-01 4.61992600e-01 6.14180000e-01 4.58173600e-01 5.84785100e-01 2.95394200e-01 3.05144200e-01 9.99669400e+00 3.95683600e+02 1.89230700e+03 6.09359800e-03 1.96545900e+00 3.60930000e+00 1.05288400e+01 2.29798800e+03 5.58085300e+00
4.11453600e-03 1.15567000e+03 2.34491900e-02 1.17605100e-01 1.03914000e+00 5.20220100e-02 3.06111000e+00 9.74649900e-01 1.00270200e+00 6.84967000e+01 6.97984900e-01 3.02015100e-01 1.41699400e-01 9.70594200e-02 8.06586800e-01 8.09291200e-01 4.43267100e-01 5.97941000e-01 9.74577300e-01 1.00371600e+02 2.42018000e+00 7.18231200e+00 2.13512500e+00 1.92414400e+00 1.24619700e+03 5.95961000e+03 2.60849200e+03 8.46853800e+02 2.41456800e+02 9.74649900e-01 2.45845900e-01 2.47174000e-01 2.39679700e+00 1.37314700e+01 1.08842200e+03 1.44224900e+02 1.03921200e+00 1.38782900e+01 1.06222200e+03 1.46535000e+02 1.42235900e-01 1.59149300e-01 3.37075400e+03 1.02879100e-02 8.20566600e-01 4.52323900e-01 7.36936800e+01 6.33571900e+02 8.36679700e+01 1.51330300e+03 9.03082300e+01 1.96184400e+03 9.58697100e+01 2.28409900e+03 2.35888900e+02 5.73455000e+03 4.48570400e-01 7.46278300e-01 4.68943400e-01 6.62562000e-01 4.68668800e-01 6.20481900e-01 4.64484400e-01 5.90671000e-01 2.98200000e-01 3.07860600e-01 1.09864600e+01 3.95627200e+02 1.88798000e+03 9.20732700e-04 1.60798500e+00 3.94170300e+00 1.11961500e+01 2.29459300e+03 5.55060800e+00
7.13418800e-05 1.15936100e+03 2.38158800e-02 1.18696800e-01 1.03923100e+00 5.08224500e-02 3.06737600e+00 9.74588600e-01 9.99560800e-01 6.84491000e+01 6.94451800e-01 3.05548200e-01 1.43157900e-01 9.79902600e-02 8.11464200e-01 8.18933400e-01 4.48548300e-01 6.03308300e-01 9.80811400e-01 9.98347800e+01 2.43585300e+00 7.00836200e+00 2.14854500e+00 1.94088800e+00 1.25642200e+03 6.01648000e+03 2.62755300e+03 8.54922200e+02 2.44616800e+02 9.74588600e-01 2.45987100e-01 2.47315800e-01 2.33693600e+00 1.36964800e+01 1.08809700e+03 1.43664700e+02 1.03926600e+00 1.38236700e+01 1.06309900e+03 1.45852600e+02 1.43219900e-01 1.58680400e-01 3.40561700e+03 1.03942800e-02 8.15377900e-01 4.49362000e-01 7.36998500e+01 6.33773700e+02 8.37698500e+01 1.51293200e+03 9.04683300e+01 1.96080200e+03 9.60759800e+01 2.28242500e+03 2.36982800e+02 5.72036700e+03 4.53609800e-01 7.50432200e-01 4.73311000e-01 6.65853000e-01 4.72611400e-01 6.23398300e-01 4.68111500e-01 5.93344300e-01 2.99397800e-01 3.08936000e-01 1.90960500e+01 3.95664800e+02 1.88777900e+03 2.01753100e-02 1.34256300e+00 4.76165800e+00 1.00586400e+01 2.30254000e+03 6.12439600e+00
3.95426600e-05 1.16117300e+03 2.44266000e-02 1.18397800e-01 1.03960700e+00 4.92595200e-02 3.07453000e+00 9.68834600e-01 1.00237200e+00 6.91998300e+01 7.00394500e-01 2.99605500e-01 1.43469600e-01 9.92807000e-02 8.09270000e-01 8.08737700e-01 4.42963900e-01 5.98729800e-01 9.72838900e-01 1.00530200e+02 2.44761700e+00 6.73675500e+00 2.16397100e+00 1.96094400e+00 1.29089700e+03 6.17480000e+03 2.65047800e+03 8.61542500e+02 2.46934500e+02 9.68834600e-01 2.46186900e-01 2.47516300e-01 2.24206400e+00 1.36225000e+01 1.08741000e+03 1.43277200e+02 1.03958400e+00 1.37821700e+01 1.06443400e+03 1.45275200e+02 1.44237700e-01 1.58035100e-01 3.41306800e+03 1.04170200e-02 8.16048100e-01 4.49276200e-01 7.44096700e+01 6.27303500e+02 8.44154600e+01 1.49890800e+03 9.10804200e+01 1.94356200e+03 9.66643400e+01 2.26312700e+03 2.37437100e+02 5.68871700e+03 4.48457300e-01 7.49002700e-01 4.69432600e-01 6.65248300e-01 4.69443900e-01 6.23109200e-01 4.65442700e-01 5.93241200e-01 2.99583600e-01 3.09408300e-01 2.02762600e+01 3.95680700e+02 1.88975900e+03 5.49376400e-07 1.74777200e+00 3.95451300e+00 1.09282600e+01 2.30571600e+03 5.70228600e+00
2.64525500e-04 1.15961500e+03 2.35348800e-02 1.18995200e-01 1.03954600e+00 5.86362500e-02 3.07019400e+00 9.75528300e-01 9.96992600e-01 6.82147200e+01 6.92311300e-01 3.07688700e-01 1.43175200e-01 9.76665600e-02 8.15409500e-01 8.25792400e-01 4.52305200e-01 6.07300500e-01 9.87271800e-01 9.96450700e+01 2.44155500e+00 7.83538800e+00 2.15460800e+00 1.91618500e+00 1.23750600e+03 5.90291900e+03 2.59425400e+03 8.43665900e+02 2.41136800e+02 9.75528300e-01 2.45879600e-01 2.47207900e-01 2.38261100e+00 1.37166400e+01 1.08844100e+03 1.43801900e+02 1.03961000e+00 1.38323000e+01 1.06252700e+03 1.46075600e+02 1.42789800e-01 1.59059100e-01 3.40603100e+03 1.03955500e-02 8.14770400e-01 4.49259300e-01 7.34828400e+01 6.35799700e+02 8.35801300e+01 1.51725300e+03 9.02934800e+01 1.96606400e+03 9.59120100e+01 2.28827300e+03 2.36928400e+02 5.72904600e+03 4.57222600e-01 7.53865200e-01 4.76537200e-01 6.68661500e-01 4.75578700e-01 6.25928900e-01 4.70882400e-01 5.95691700e-01 3.00497600e-01 3.09972000e-01 1.64751500e+01 3.96673200e+02 1.88837200e+03 3.21484800e-02 1.21731700e+00 4.98478400e+00 1.14749100e+01 2.30152000e+03 6.23425000e+00
5.60638300e-03 1.15676000e+03 2.38379200e-02 1.16864700e-01 1.03943800e+00 5.85318200e-02 3.07025700e+00 9.55611600e-01 1.00012200e+00 6.91888400e+01 7.04731700e-01 2.95268300e-01 1.41347800e-01 9.77968800e-02 8.00326900e-01 7.93990300e-01 4.34886400e-01 5.89958700e-01 9.62164700e-01 1.01229200e+02 2.45860500e+00 7.72857700e+00 2.15474300e+00 1.91670600e+00 1.30085300e+03 6.09827600e+03 2.58509900e+03 8.31596300e+02 2.36168400e+02 9.55611600e-01 2.45994100e-01 2.47322800e-01 2.33340700e+00 1.36800800e+01 1.08792000e+03 1.44119000e+02 1.03947600e+00 1.38645800e+01 1.06302300e+03 1.46308600e+02 1.42734700e-01 1.58749900e-01 3.36234800e+03 1.02622700e-02 8.23430500e-01 4.53529000e-01 7.43262800e+01 6.27696300e+02 8.42025700e+01 1.50089300e+03 9.07879700e+01 1.94682600e+03 9.63084200e+01 2.26749700e+03 2.35823500e+02 5.71218300e+03 4.40640900e-01 7.41165500e-01 4.62342400e-01 6.58777600e-01 4.62870100e-01 6.17254100e-01 4.59269500e-01 5.87795100e-01 2.97024500e-01 3.06968600e-01 1.03677000e+01 3.96894400e+02 1.89039400e+03 2.10275700e-02 2.19351700e+00 3.61813000e+00 1.00301600e+01 2.29765600e+03 5.83267500e+00
3.14602400e-04 1.15938700e+03 2.39415600e-02 1.17547400e-01 1.03946000e+00 5.83054800e-02 3.07966100e+00 9.55258200e-01 1.00004400e+00 6.90423600e+01 7.01827900e-01 2.98172100e-01 1.42134100e-01 9.81327300e-02 8.06032000e-01 8.03572700e-01 4.40134900e-01 5.95619700e-01 9.70050800e-01 1.00812000e+02 2.47693300e+00 7.69500700e+00 2.17510200e+00 1.93569100e+00 1.31326000e+03 6.15218000e+03 2.60794700e+03 8.39439900e+02 2.38764300e+02 9.55258200e-01 2.46024800e-01 2.47353600e-01 2.31691600e+00 1.36721600e+01 1.08786200e+03 1.43863700e+02 1.03948200e+00 1.38399500e+01 1.06332800e+03 1.46014600e+02 1.43119500e-01 1.58604900e-01 3.38114500e+03 1.03196200e-02 8.20311800e-01 4.51835700e-01 7.42129900e+01 6.28865600e+02 8.41543300e+01 1.50297800e+03 9.07785300e+01 1.94906200e+03 9.63293300e+01 2.26971400e+03 2.36377500e+02 5.70927500e+03 4.45740900e-01 7.46148800e-01 4.66944500e-01 6.62872700e-01 4.67123500e-01 6.20950900e-01 4.63253900e-01 5.91228100e-01 2.98633000e-01 3.08489800e-01 1.61284000e+01 3.96883100e+02 1.89014100e+03 3.30770400e-03 1.89191900e+00 3.69840200e+00 1.00280900e+01 2.30315300e+03 5.59362900e+00
7.45202400e-05 1.16043900e+03 2.42013800e-02 1.16897600e-01 1.03848700e+00 5.81395800e-02 3.08586600e+00 9.72912400e-01 1.00254800e+00 6.91632100e+01 7.03684200e-01 2.96315800e-01 1.41744100e-01 9.80347900e-02 8.09686600e-01 8.04699500e-01 4.40752100e-01 5.97386800e-01 9.73597300e-01 1.00914600e+02 2.44315200e+00 7.61261000e+00 2.18864200e+00 1.94838800e+00 1.27633800e+03 6.13042500e+03 2.63998100e+03 8.58179400e+02 2.45776500e+02 9.72912400e-01 2.46104800e-01 2.47433900e-01 2.27634500e+00 1.36719700e+01 1.08752800e+03 1.43832400e+02 1.03848500e+00 1.38502200e+01 1.06382400e+03 1.45908000e+02 1.43402600e-01 1.58174300e-01 3.37182300e+03 1.02911800e-02 8.21968500e-01 4.52478000e-01 7.43129000e+01 6.27886600e+02 8.42168200e+01 1.50108800e+03 9.08189700e+01 1.94690700e+03 9.63526600e+01 2.26744900e+03 2.36116700e+02 5.70894300e+03 4.46516700e-01 7.49722700e-01 4.68232100e-01 6.66260400e-01 4.68636200e-01 6.24213500e-01 4.64903800e-01 5.94390000e-01 3.00310500e-01 3.10312200e-01 1.90088800e+01 3.96356400e+02 1.88871100e+03 5.82614700e-03 1.96545900e+00 3.76290200e+00 1.10665500e+01 2.30407600e+03 5.73418800e+00
8.48956300e-05 1.16094100e+03 2.43222400e-02 1.17171100e-01 1.03871400e+00 5.98617500e-02 3.08169100e+00 9.78476300e-01 9.98321400e-01 6.92437700e+01 7.03550900e-01 2.96449100e-01 1.42138500e-01 9.84220400e-02 8.10408800e-01 8.05598400e-01 4.41244400e-01 5.97986900e-01 9.73898600e-01 1.00891600e+02 2.42824800e+00 7.75604200e+00 2.17952200e+00 1.93359700e+00 1.25257800e+03 6.05575600e+03 2.62388600e+03 8.56120000e+02 2.45796200e+02 9.78476300e-01 2.46147500e-01 2.47476700e-01 2.25784800e+00 1.36541500e+01 1.08741800e+03 1.43670200e+02 1.03870600e+00 1.38316600e+01 1.06412900e+03 1.45704900e+02 1.43695900e-01 1.58063300e-01 3.38124900e+03 1.03199400e-02 8.20777900e-01 4.51778700e-01 7.44039700e+01 6.27126100e+02 8.43230800e+01 1.49924300e+03 9.09351800e+01 1.94449600e+03 9.64771400e+01 2.26462700e+03 2.36440800e+02 5.70151500e+03 4.46988600e-01 7.50379600e-01 4.68697900e-01 6.66830800e-01 4.69088700e-01 6.24742300e-01 4.65343500e-01 5.94890100e-01 3.00556300e-01 3.10561500e-01 1.87481800e+01 3.96671600e+02 1.89024000e+03 5.22022600e-03 1.96545900e+00 3.77415000e+00 1.04786000e+01 2.30566000e+03 5.74482900e+00
1.15056900e-02 1.15470000e+03 2.38725400e-02 1.16251600e-01 1.03896700e+00 4.99148500e-02 3.04961500e+00 9.71645100e-01 9.98424100e-01 6.92804000e+01 7.06716800e-01 2.93283200e-01 1.40769300e-01 9.75255300e-02 7.94245300e-01 7.85303700e-01 4.30128500e-01 5.84489100e-01 9.54222100e-01 1.01449000e+02 2.39636200e+00 6.87103300e+00 2.11072200e+00 1.91018600e+00 1.25200400e+03 6.00505900e+03 2.59137400e+03 8.40748000e+02 2.39702900e+02 9.71645100e-01 2.46004700e-01 2.47333500e-01 2.32788000e+00 1.36880100e+01 1.08783100e+03 1.44251200e+02 1.03899500e+00 1.38837300e+01 1.06306100e+03 1.46432400e+02 1.42621200e-01 1.58657200e-01 3.34852100e+03 1.02200800e-02 8.25689400e-01 4.54662000e-01 7.43878600e+01 6.27036900e+02 8.42189200e+01 1.49978800e+03 9.07771700e+01 1.94570500e+03 9.62763000e+01 2.26644800e+03 2.35408300e+02 5.71522200e+03 4.36004600e-01 7.35730700e-01 4.57966900e-01 6.54167300e-01 4.58721800e-01 6.13027100e-01 4.55308500e-01 5.83827700e-01 2.95103300e-01 3.05077500e-01 8.92982700e+00 3.95675700e+02 1.88828900e+03 3.53713400e-02 2.34993600e+00 3.69451500e+00 1.04251200e+01 2.29289400e+03 6.07982200e+00
8.87454400e-03 1.15611900e+03 2.29599700e-02 1.18050300e-01 1.03930200e+00 5.69437800e-02 3.05813600e+00 9.53875000e-01 9.98786000e-01 6.79876700e+01 6.93540700e-01 3.06459300e-01 1.41655400e-01 9.63082200e-02 8.02825800e-01 8.11422600e-01 4.44434500e-01 5.97330300e-01 9.73657500e-01 9.99102700e+01 2.46566700e+00 7.78045700e+00 2.12878400e+00 1.89963800e+00 1.28243500e+03 5.94583000e+03 2.55765500e+03 8.19548500e+02 2.31449000e+02 9.53875000e-01 2.45630000e-01 2.46957400e-01 2.48000500e+00 1.37780900e+01 1.08902700e+03 1.44484500e+02 1.03942300e+00 1.39004500e+01 1.06115300e+03 1.46953500e+02 1.41447500e-01 1.59781200e-01 3.36970200e+03 1.02847100e-02 8.19513700e-01 4.52144800e-01 7.32158100e+01 6.38031300e+02 8.32444500e+01 1.52287000e+03 8.99140000e+01 1.97353300e+03 9.54967500e+01 2.29712300e+03 2.35707000e+02 5.75457600e+03 4.49393200e-01 7.42352100e-01 4.68679300e-01 6.58583300e-01 4.67878100e-01 6.16550600e-01 4.63351500e-01 5.86801100e-01 2.96068600e-01 3.05454500e-01 9.44913700e+00 3.96737400e+02 1.89004500e+03 1.53254200e-02 1.34256300e+00 4.38613700e+00 1.02635700e+01 2.29623100e+03 5.74402500e+00
1.77841300e-02 1.15838800e+03 2.27707600e-02 1.18655700e-01 1.03900400e+00 4.63640800e-02 3.03585800e+00 9.40670700e-01 9.99875800e-01 6.75152600e+01 6.88323900e-01 3.11676100e-01 1.42071600e-01 9.59200300e-02 7.92619200e-01 8.07896400e-01 4.42503100e-01 5.92230000e-01 9.64636300e-01 9.92484900e+01 2.47329600e+00 6.74896200e+00 2.08188300e+00 1.89751400e+00 1.31064500e+03 5.98136500e+03 2.54320000e+03 8.08916200e+02 2.27115400e+02 9.40670700e-01 2.45544000e-01 2.46871000e-01 2.51408200e+00 1.38085500e+01 1.08930600e+03 1.44472600e+02 1.03915200e+00 1.39029300e+01 1.06077200e+03 1.47001600e+02 1.41260200e-01 1.59964500e-01 3.37965100e+03 1.03150600e-02 8.16956100e-01 4.50946900e-01 7.27956400e+01 6.42090600e+02 8.29029400e+01 1.53130200e+03 8.96168400e+01 1.98363900e+03 9.52329800e+01 2.30821300e+03 2.35889400e+02 5.76789800e+03 4.46968100e-01 7.32408700e-01 4.64870900e-01 6.49206000e-01 4.63480100e-01 6.07541100e-01 4.58602000e-01 5.78083400e-01 2.91466900e-01 3.00482100e-01 8.05889800e+00 3.95737800e+02 1.89618600e+03 6.65723800e-02 1.03858200e+00 5.65818500e+00 1.00302400e+01 2.29998300e+03 6.76334000e+00
1.67672200e-02 1.15964600e+03 2.21880900e-02 1.18800700e-01 1.03958300e+00 4.89046800e-02 3.03061100e+00 9.43065000e-01 9.98308800e-01 6.71783400e+01 6.86159800e-01 3.13840200e-01 1.41633900e-01 9.51473100e-02 7.94696000e-01 8.12820600e-01 4.45200200e-01 5.94809900e-01 9.69586100e-01 9.91631900e+01 2.46598000e+00 7.13958700e+00 2.07098800e+00 1.87801700e+00 1.28654800e+03 5.85189200e+03 2.51838200e+03 7.99678200e+02 2.23682300e+02 9.43065000e-01 2.45321000e-01 2.46647200e-01 2.62019800e+00 1.38507800e+01 1.09004700e+03 1.44881000e+02 1.03978900e+00 1.39336900e+01 1.05943700e+03 1.47611800e+02 1.40179000e-01 1.60842500e-01 3.36918800e+03 1.02831400e-02 8.17683400e-01 4.51776400e-01 7.24675400e+01 6.45155500e+02 8.25856500e+01 1.53808600e+03 8.93034400e+01 1.99208600e+03 9.49212800e+01 2.31776200e+03 2.35459500e+02 5.78578200e+03 4.49507000e-01 7.34118400e-01 4.66980200e-01 6.50492300e-01 4.65336300e-01 6.08650100e-01 4.60275900e-01 5.79080100e-01 2.91890500e-01 3.00824800e-01 8.17665900e+00 3.95687300e+02 1.89835000e+03 7.39723400e-02 9.81866700e-01 5.53788800e+00 1.04854100e+01 2.30221300e+03 6.59372700e+00
1.72738200e-02 1.15575800e+03 2.26251700e-02 1.16550400e-01 1.03931000e+00 5.35502300e-02 3.04666400e+00 9.62850400e-01 1.00120800e+00 6.82513400e+01 6.99842700e-01 3.00157300e-01 1.39820700e-01 9.54294800e-02 7.97182800e-01 7.97391900e-01 4.36749500e-01 5.90058700e-01 9.64944500e-01 1.00824700e+02 2.42103900e+00 7.49054000e+00 2.10450100e+00 1.89075800e+00 1.25325500e+03 5.87699700e+03 2.55760700e+03 8.21351700e+02 2.31640700e+02 9.62850400e-01 2.45488900e-01 2.46815800e-01 2.53998800e+00 1.38049000e+01 1.08930400e+03 1.45133100e+02 1.03946500e+00 1.39623000e+01 1.06027600e+03 1.47725600e+02 1.40389700e-01 1.60272100e-01 3.32584500e+03 1.01508900e-02 8.26639200e-01 4.56107100e-01 7.33956400e+01 6.36012700e+02 8.32807800e+01 1.51957600e+03 8.98644900e+01 1.97026700e+03 9.53799200e+01 2.29414600e+03 2.34381300e+02 5.76499200e+03 4.42160500e-01 7.37761100e-01 4.62698800e-01 6.55204200e-01 4.62643000e-01 6.13677000e-01 4.58655500e-01 5.84246300e-01 2.95041200e-01 3.04680000e-01 8.11712600e+00 3.95886500e+02 1.89177700e+03 4.23739900e-03 1.96545900e+00 3.50349400e+00 1.02613400e+01 2.29578100e+03 5.47319100e+00
1.78699600e-02 1.16030100e+03 2.27024000e-02 1.16104200e-01 1.03974800e+00 5.58042900e-02 3.04766500e+00 9.60819300e-01 9.96389600e-01 6.86248800e+01 7.03884800e-01 2.96115200e-01 1.39451700e-01 9.56985900e-02 7.95386900e-01 7.90220300e-01 4.32821500e-01 5.86737200e-01 9.60146800e-01 1.01399100e+02 2.42017200e+00 7.69195600e+00 2.10661000e+00 1.88414000e+00 1.25751000e+03 5.88605500e+03 2.54893700e+03 8.17756600e+02 2.30508200e+02 9.60819300e-01 2.45517100e-01 2.46844100e-01 2.52635700e+00 1.37816300e+01 1.08916900e+03 1.45191000e+02 1.03990600e+00 1.39619400e+01 1.06042900e+03 1.47758600e+02 1.40409000e-01 1.60254100e-01 3.31702600e+03 1.01239900e-02 8.28857600e-01 4.57213700e-01 7.37323500e+01 6.32815300e+02 8.35532400e+01 1.51292200e+03 9.01003700e+01 1.96228900e+03 9.55881000e+01 2.28539100e+03 2.34208200e+02 5.75472300e+03 4.38503700e-01 7.36505500e-01 4.59884300e-01 6.54541200e-01 4.60307300e-01 6.13245500e-01 4.56658700e-01 5.83953400e-01 2.95060000e-01 3.04891800e-01 8.04926900e+00 3.96285300e+02 1.89819500e+03 3.39141700e-02 2.34993600e+00 3.57445600e+00 1.21133800e+01 2.30253000e+03 5.95830600e+00
1.28369300e-02 1.15727500e+03 2.30645600e-02 1.16658700e-01 1.03909200e+00 5.32149500e-02 3.04230400e+00 9.84196000e-01 9.94858300e-01 6.85003700e+01 7.00853700e-01 2.99146300e-01 1.40368400e-01 9.61528700e-02 8.00239400e-01 7.99099900e-01 4.37685100e-01 5.91821600e-01 9.66882100e-01 1.00837100e+02 2.37250400e+00 7.36541700e+00 2.09534700e+00 1.88379700e+00 1.19566200e+03 5.77291200e+03 2.56472200e+03 8.35064400e+02 2.37825000e+02 9.84196000e-01 2.45681700e-01 2.47009300e-01 2.46172000e+00 1.37672900e+01 1.08878600e+03 1.44766100e+02 1.03921200e+00 1.39303800e+01 1.06130600e+03 1.47206600e+02 1.41249600e-01 1.59661300e-01 3.33893800e+03 1.01908400e-02 8.25285200e-01 4.55063300e-01 7.36511700e+01 6.33730000e+02 8.35423800e+01 1.51437800e+03 9.01317400e+01 1.96369500e+03 9.56526700e+01 2.28663200e+03 2.34874600e+02 5.74913800e+03 4.43161700e-01 7.40695100e-01 4.64010300e-01 6.57926700e-01 4.64078700e-01 6.16275700e-01 4.60161500e-01 5.86750700e-01 2.96345800e-01 3.06078200e-01 8.71085900e+00 3.95719700e+02 1.89031500e+03 4.48101700e-03 1.96545900e+00 3.57616800e+00 1.42576600e+01 2.29474500e+03 5.54610800e+00
1.36159500e-02 1.15594400e+03 2.37774700e-02 1.16007200e-01 1.03977300e+00 4.99982500e-02 3.04635600e+00 9.84338400e-01 9.97509400e-01 6.95623800e+01 7.09791400e-01 2.90208600e-01 1.40429800e-01 9.76862900e-02 7.97057300e-01 7.83942200e-01 4.29382900e-01 5.85015200e-01 9.55657600e-01 1.01978800e+02 2.36389700e+00 6.89544700e+00 2.10385300e+00 1.90365200e+00 1.21516400e+03 5.91109100e+03 2.59426000e+03 8.47083500e+02 2.42252600e+02 9.84338400e-01 2.45974300e-01 2.47303000e-01 2.34310600e+00 1.36724700e+01 1.08791800e+03 1.44387500e+02 1.03981100e+00 1.38859400e+01 1.06283200e+03 1.46600600e+02 1.42379400e-01 1.58901300e-01 3.34040400e+03 1.01953200e-02 8.27563200e-01 4.55725200e-01 7.46398400e+01 6.24699700e+02 8.44193000e+01 1.49494200e+03 9.09479000e+01 1.93991200e+03 9.64244300e+01 2.26010800e+03 2.35232700e+02 5.70827700e+03 4.35491200e-01 7.38649200e-01 4.58203800e-01 6.57113300e-01 4.59328500e-01 6.15935700e-01 4.56157900e-01 5.86690100e-01 2.96681200e-01 3.06861700e-01 8.59302700e+00 3.95754100e+02 1.88967400e+03 8.94044600e-02 2.67357500e+00 4.08230900e+00 1.10202600e+01 2.29402100e+03 6.84528800e+00
1.71677100e-02 1.15720000e+03 2.30070500e-02 1.16599700e-01 1.03882900e+00 4.91368300e-02 3.03093100e+00 9.68213600e-01 9.94040800e-01 6.83868400e+01 7.00108800e-01 2.99891200e-01 1.40251900e-01 9.59138500e-02 7.90613800e-01 7.90470400e-01 4.32958500e-01 5.85066600e-01 9.56044500e-01 1.00725300e+02 2.39053100e+00 6.96258500e+00 2.07165100e+00 1.87774600e+00 1.23154400e+03 5.83863700e+03 2.54444500e+03 8.21204200e+02 2.32489100e+02 9.68213600e-01 2.45653300e-01 2.46980800e-01 2.47170300e+00 1.37808800e+01 1.08884900e+03 1.44825900e+02 1.03894800e+00 1.39396600e+01 1.06115300e+03 1.47287600e+02 1.41125100e-01 1.59695700e-01 3.33615300e+03 1.01823400e-02 8.25424100e-01 4.55172300e-01 7.35380600e+01 6.34760900e+02 8.34349500e+01 1.51665200e+03 9.00269000e+01 1.96652100e+03 9.55494300e+01 2.28982000e+03 2.34751300e+02 5.75491800e+03 4.38335100e-01 7.31708700e-01 4.58763900e-01 6.49858900e-01 4.58740700e-01 6.08682900e-01 4.54808100e-01 5.79499400e-01 2.92652100e-01 3.02227100e-01 8.12945000e+00 3.95678600e+02 1.88936000e+03 1.82262500e-03 1.89191900e+00 3.62962400e+00 1.57097600e+01 2.29316800e+03 5.52336600e+00
1.60791600e-02 1.15645600e+03 2.29763000e-02 1.17536400e-01 1.03904800e+00 4.57597500e-02 3.03335400e+00 9.54363900e-01 1.00184300e+00 6.80975300e+01 6.95601700e-01 3.04398300e-01 1.41157800e-01 9.61250100e-02 7.91046800e-01 7.96824500e-01 4.36438700e-01 5.87574200e-01 9.58598000e-01 1.00152300e+02 2.42978900e+00 6.62994400e+00 2.07667600e+00 1.89505700e+00 1.27624700e+03 5.94344000e+03 2.55435200e+03 8.18697800e+02 2.30928000e+02 9.54363900e-01 2.45638100e-01 2.46965500e-01 2.47711100e+00 1.37816800e+01 1.08896400e+03 1.44605400e+02 1.03917100e+00 1.39154600e+01 1.06115300e+03 1.47071800e+02 1.41332600e-01 1.59738600e-01 3.35780800e+03 1.02484200e-02 8.21528600e-01 4.53174900e-01 7.33024300e+01 6.37126800e+02 8.32875800e+01 1.52121400e+03 8.99313900e+01 1.97171800e+03 9.54941000e+01 2.29528200e+03 2.35360000e+02 5.75582400e+03 4.41469600e-01 7.31665000e-01 4.60928300e-01 6.49328000e-01 4.60380700e-01 6.07980100e-01 4.56086000e-01 5.78702600e-01 2.92065600e-01 3.01417900e-01 8.26046200e+00 3.95937100e+02 1.89251400e+03 5.46927000e-03 1.53969800e+00 4.08283900e+00 1.05712800e+01 2.29671200e+03 5.62800700e+00
5.33307500e-03 1.15687100e+03 2.32645100e-02 1.18620500e-01 1.03957500e+00 4.59683300e-02 3.05014900e+00 9.50036600e-01 1.00155300e+00 6.81304900e+01 6.92939700e-01 3.07060300e-01 1.42530200e-01 9.71065100e-02 7.99383900e-01 8.08735700e-01 4.42962800e-01 5.95060800e-01 9.68466600e-01 9.97902700e+01 2.46622400e+00 6.61468500e+00 2.11184900e+00 1.92635100e+00 1.30865700e+03 6.06359700e+03 2.58945300e+03 8.29633800e+02 2.34524700e+02 9.50036600e-01 2.45773300e-01 2.47101200e-01 2.42781100e+00 1.37413500e+01 1.08871800e+03 1.44104300e+02 1.03967400e+00 1.38605400e+01 1.06187800e+03 1.46469300e+02 1.42179800e-01 1.59416000e-01 3.39061200e+03 1.03485000e-02 8.16806600e-01 4.50517300e-01 7.33829000e+01 6.36619500e+02 8.34495000e+01 1.51936300e+03 9.01434200e+01 1.96889900e+03 9.57461600e+01 2.29165600e+03 2.36414900e+02 5.73929500e+03 4.47827000e-01 7.39112500e-01 4.66903700e-01 6.55646200e-01 4.66039000e-01 6.13774500e-01 4.61486100e-01 5.84142600e-01 2.94698100e-01 3.04018300e-01 1.04676500e+01 3.95825400e+02 1.89111000e+03 2.19106900e-02 1.27934900e+00 4.62478100e+00 1.04138000e+01 2.29740300e+03 5.92604100e+00
1.72269600e-03 1.15712500e+03 2.32699300e-02 1.18829700e-01 1.03978500e+00 6.01693300e-02 3.07197800e+00 9.63346600e-01 1.00017600e+00 6.81304900e+01 6.92477200e-01 3.07522800e-01 1.42744800e-01 9.72527400e-02 8.13116700e-01 8.23248400e-01 4.50911700e-01 6.05511300e-01 9.85104100e-01 9.97481300e+01 2.46770000e+00 8.03985600e+00 2.15845600e+00 1.91373000e+00 1.26752600e+03 5.94398600e+03 2.58163200e+03 8.33002300e+02 2.36741300e+02 9.63346600e-01 2.45775600e-01 2.47103500e-01 2.42689700e+00 1.37355600e+01 1.08872900e+03 1.44046400e+02 1.03987900e+00 1.38522300e+01 1.06191600e+03 1.46407500e+02 1.42249200e-01 1.59433800e-01 3.39574300e+03 1.03641600e-02 8.16061900e-01 4.50131000e-01 7.33905200e+01 6.36586800e+02 8.34704400e+01 1.51917300e+03 9.01725000e+01 1.96858100e+03 9.57817200e+01 2.29122500e+03 2.36578000e+02 5.73692800e+03 4.55823100e-01 7.51763500e-01 4.75123600e-01 6.66817300e-01 4.74189100e-01 6.24211000e-01 4.69520400e-01 5.94062000e-01 2.99684900e-01 3.09140700e-01 1.27277300e+01 3.97500800e+02 1.88801100e+03 2.44395800e-02 1.27934900e+00 4.67305500e+00 1.00327300e+01 2.29824000e+03 5.97684400e+00
6.38300700e-04 1.15843900e+03 2.44555200e-02 1.17425900e-01 1.03925400e+00 5.30532900e-02 3.07138100e+00 9.62635700e-01 1.00029400e+00 6.94488500e+01 7.04494500e-01 2.95505500e-01 1.42526500e-01 9.89830500e-02 8.02132400e-01 7.96101200e-01 4.36042600e-01 5.91408400e-01 9.62528400e-01 1.01045600e+02 2.44734300e+00 7.08770800e+00 2.15716700e+00 1.94000200e+00 1.29831600e+03 6.17280200e+03 2.61980200e+03 8.48261700e+02 2.42439500e+02 9.62635700e-01 2.46198200e-01 2.47527700e-01 2.23772100e+00 1.36259500e+01 1.08729900e+03 1.43503300e+02 1.03922800e+00 1.38086400e+01 1.06443400e+03 1.45496400e+02 1.44007700e-01 1.57984000e-01 3.39052600e+03 1.03482400e-02 8.19897200e-01 4.51239100e-01 7.46084100e+01 6.25340300e+02 8.45289500e+01 1.49520000e+03 9.11434700e+01 1.93940300e+03 9.66881400e+01 2.25881800e+03 2.36795500e+02 5.68961000e+03 4.41793600e-01 7.42811300e-01 4.63488100e-01 6.60210900e-01 4.63986900e-01 6.18584400e-01 4.60357400e-01 5.89054000e-01 2.97642600e-01 3.07598600e-01 1.47134000e+01 3.95694900e+02 1.89067000e+03 1.08768600e-02 2.04033800e+00 3.70751000e+00 1.00416100e+01 2.30107800e+03 5.75872500e+00
1.60423100e-06 1.16532400e+03 2.43532100e-02 1.17804700e-01 1.03914100e+00 5.58016300e-02 3.08869800e+00 9.59892400e-01 1.00054800e+00 6.91888400e+01 7.01691700e-01 2.98308300e-01 1.42803100e-01 9.88037900e-02 8.09964800e-01 8.07677900e-01 4.42383400e-01 5.98594200e-01 9.73751400e-01 1.00674200e+02 2.47912500e+00 7.37762500e+00 2.19484800e+00 1.96307000e+00 1.32011600e+03 6.24261700e+03 2.64671500e+03 8.55420100e+02 2.44405700e+02 9.59892400e-01 2.46158900e-01 2.47488200e-01 2.25314600e+00 1.36414900e+01 1.08743700e+03 1.43484400e+02 1.03911600e+00 1.38083100e+01 1.06424300e+03 1.45506400e+02 1.43934200e-01 1.58068600e-01 3.39713600e+03 1.03684100e-02 8.18322300e-01 4.50495100e-01 7.43727100e+01 6.27524800e+02 8.43391400e+01 1.49974100e+03 9.09798500e+01 1.94484200e+03 9.65443700e+01 2.26478200e+03 2.36928000e+02 5.69648400e+03 4.48003100e-01 7.49774900e-01 4.69279000e-01 6.66077800e-01 4.69442200e-01 6.23946400e-01 4.65542200e-01 5.94075800e-01 3.00061500e-01 3.09960600e-01 2.66857300e+01 3.96134900e+02 1.89205800e+03 7.36773300e-04 1.81943000e+00 3.87389600e+00 1.00758300e+01 2.31487900e+03 5.69406300e+00
5.08654300e-03 1.15735600e+03 2.35042600e-02 1.15939500e-01 1.03912800e+00 6.48901400e-02 3.07775100e+00 9.64687500e-01 9.98924900e-01 6.91412400e+01 7.06958200e-01 2.93041800e-01 1.40088900e-01 9.68592100e-02 8.03954900e-01 7.94576700e-01 4.35207600e-01 5.91512700e-01 9.66858900e-01 1.01580000e+02 2.44342100e+00 8.37860100e+00 2.17095200e+00 1.90672200e+00 1.27161300e+03 6.00952000e+03 2.58130500e+03 8.32621600e+02 2.36531700e+02 9.64687500e-01 2.45867300e-01 2.47195500e-01 2.38766500e+00 1.37189000e+01 1.08821700e+03 1.44615400e+02 1.03919100e+00 1.39161500e+01 1.06222200e+03 1.46916600e+02 1.41859300e-01 1.59137700e-01 3.33225700e+03 1.01704600e-02 8.27785000e-01 4.56029500e-01 7.42321300e+01 6.28336500e+02 8.40365900e+01 1.50295000e+03 9.05774400e+01 1.94984200e+03 9.60621400e+01 2.27129700e+03 2.34846900e+02 5.72809200e+03 4.41190800e-01 7.44748200e-01 4.63471100e-01 6.62211200e-01 4.64262100e-01 6.20576200e-01 4.60825600e-01 5.91024200e-01 2.98755800e-01 3.08861500e-01 1.05623100e+01 3.99045300e+02 1.88868600e+03 4.66186000e-02 2.42950100e+00 3.73028500e+00 1.02127000e+01 2.29829400e+03 6.20640500e+00
1.66361100e-02 1.15630600e+03 2.30593900e-02 1.17144700e-01 1.04070500e+00 5.54166300e-02 3.04656700e+00 9.66149600e-01 9.97339300e-01 6.88665800e+01 7.03013000e-01 2.96987000e-01 1.40849200e-01 9.69980400e-02 7.99541600e-01 7.95516400e-01 4.35722300e-01 5.90235600e-01 9.63466900e-01 1.01292400e+02 2.41341800e+00 7.59735100e+00 2.10429700e+00 1.88353100e+00 1.24294500e+03 5.85873900e+03 2.54989700e+03 8.22515000e+02 2.33023700e+02 9.66149600e-01 2.45679200e-01 2.47006700e-01 2.46261200e+00 1.37222600e+01 1.08883400e+03 1.44643400e+02 1.04081300e+00 1.38971500e+01 1.06130600e+03 1.47085000e+02 1.41378400e-01 1.59897300e-01 3.35043100e+03 1.02259100e-02 8.24421900e-01 4.54658400e-01 7.40042800e+01 6.30554100e+02 8.38855900e+01 1.50730000e+03 9.04716100e+01 1.95485500e+03 9.59912800e+01 2.27661600e+03 2.35347500e+02 5.73004600e+03 4.41377400e-01 7.40261200e-01 4.62672000e-01 6.57776900e-01 4.62990600e-01 6.16234000e-01 4.59249400e-01 5.86772300e-01 2.96438900e-01 3.06277100e-01 8.19235900e+00 3.96054900e+02 1.89138600e+03 2.61489000e-02 2.27128100e+00 3.52035600e+00 1.11604700e+01 2.29563300e+03 5.81778600e+00
4.96242200e-07 1.16761400e+03 2.45439000e-02 1.17092100e-01 1.03895800e+00 5.35624400e-02 3.09093700e+00 9.66061400e-01 1.00200600e+00 6.95440700e+01 7.05810400e-01 2.94189600e-01 1.42281200e-01 9.89481200e-02 8.09224400e-01 8.01349600e-01 4.38917200e-01 5.95971900e-01 9.70373600e-01 1.01180100e+02 2.46136200e+00 7.11517300e+00 2.19976800e+00 1.97630100e+00 1.31472700e+03 6.28467400e+03 2.67132200e+03 8.66371600e+02 2.48137700e+02 9.66061400e-01 2.46233900e-01 2.47563400e-01 2.22452700e+00 1.36244500e+01 1.08717800e+03 1.43521500e+02 1.03892200e+00 1.38144700e+01 1.06458700e+03 1.45490600e+02 1.44066900e-01 1.57852600e-01 3.38466000e+03 1.03303400e-02 8.20971300e-01 4.51722700e-01 7.46862200e+01 6.24596500e+02 8.45815800e+01 1.49373300e+03 9.11813200e+01 1.93770500e+03 9.67145500e+01 2.25701100e+03 2.36636500e+02 5.68880000e+03 4.44830300e-01 7.49511700e-01 4.67004200e-01 6.66314500e-01 4.67663400e-01 6.24365500e-01 4.64109600e-01 5.94598000e-01 3.00499700e-01 3.10614700e-01 2.90324000e+01 3.95689100e+02 1.89398400e+03 1.69931100e-02 2.11648900e+00 3.71721000e+00 1.06715300e+01 2.31870600e+03 5.85069100e+00
6.11619400e-04 1.15812600e+03 2.45029700e-02 1.16148300e-01 1.03895200e+00 5.42395000e-02 3.07093300e+00 9.72538300e-01 9.97865800e-01 6.98443600e+01 7.10353300e-01 2.89646700e-01 1.41296400e-01 9.86876000e-02 7.99885900e-01 7.85962200e-01 4.30489200e-01 5.86806800e-01 9.57111100e-01 1.01819600e+02 2.41490200e+00 7.17315700e+00 2.15620000e+00 1.93453800e+00 1.27225700e+03 6.13562000e+03 2.62385700e+03 8.53478500e+02 2.44469400e+02 9.72538300e-01 2.46217200e-01 2.47546700e-01 2.23062100e+00 1.36245300e+01 1.08714300e+03 1.43795300e+02 1.03892100e+00 1.38408300e+01 1.06443400e+03 1.45780800e+02 1.43720500e-01 1.57931700e-01 3.36112100e+03 1.02585200e-02 8.25144600e-01 4.53911200e-01 7.49339800e+01 6.22206800e+02 8.47361200e+01 1.48911400e+03 9.12807400e+01 1.93244100e+03 9.67711500e+01 2.25148100e+03 2.35977300e+02 5.68817300e+03 4.36646400e-01 7.41327900e-01 4.59563400e-01 6.59560500e-01 4.60760100e-01 6.18256500e-01 4.57625500e-01 5.88917400e-01 2.97825900e-01 3.08076700e-01 1.47988000e+01 3.95689100e+02 1.88840100e+03 6.89495000e-02 2.59136600e+00 3.94579800e+00 1.07565800e+01 2.29888900e+03 6.60611300e+00
3.51807900e-03 1.15787700e+03 2.43581400e-02 1.16033300e-01 1.03943200e+00 5.73317100e-02 3.07593700e+00 9.73365000e-01 1.00240500e+00 6.99285900e+01 7.11582100e-01 2.88417900e-01 1.41036600e-01 9.86248800e-02 8.02748000e-01 7.87099600e-01 4.31112200e-01 5.88280900e-01 9.59957200e-01 1.02070900e+02 2.41790900e+00 7.49359100e+00 2.16701700e+00 1.93225600e+00 1.26916200e+03 6.11365600e+03 2.62225900e+03 8.52832500e+02 2.44175200e+02 9.73365000e-01 2.46160800e-01 2.47490100e-01 2.25239900e+00 1.36243100e+01 1.08728700e+03 1.43935700e+02 1.03941700e+00 1.38477400e+01 1.06412900e+03 1.45964500e+02 1.43430400e-01 1.58172100e-01 3.35490900e+03 1.02395700e-02 8.26259200e-01 4.54607500e-01 7.50023300e+01 6.21553000e+02 8.47796100e+01 1.48784300e+03 9.13095200e+01 1.93098700e+03 9.67884800e+01 2.24994800e+03 2.35804000e+02 5.68789600e+03 4.37385200e-01 7.44106100e-01 4.60651200e-01 6.62173200e-01 4.61998800e-01 6.20765100e-01 4.58955000e-01 5.91344200e-01 2.99106800e-01 3.09463300e-01 1.12996800e+01 3.96050700e+02 1.89041200e+03 9.93328000e-02 2.75631800e+00 4.18326100e+00 1.09529500e+01 2.29776300e+03 7.03891200e+00
1.35001600e-02 1.15845300e+03 2.29248200e-02 1.16289900e-01 1.04044900e+00 6.03862200e-02 3.04797700e+00 9.66687700e-01 9.95963000e-01 6.89764400e+01 7.06037700e-01 2.93962300e-01 1.39859900e-01 9.64703800e-02 7.97589000e-01 7.89522200e-01 4.32439200e-01 5.87289300e-01 9.60348300e-01 1.01712600e+02 2.40725500e+00 8.09478800e+00 2.10726700e+00 1.86753500e+00 1.23406200e+03 5.81631500e+03 2.53104700e+03 8.15632800e+02 2.30731800e+02 9.66687700e-01 2.45612800e-01 2.46940100e-01 2.48628000e+00 1.37393300e+01 1.08891900e+03 1.44970300e+02 1.04057800e+00 1.39317100e+01 1.06096300e+03 1.47459900e+02 1.40882800e-01 1.60061600e-01 3.32678200e+03 1.01537500e-02 8.28220400e-01 4.56729400e-01 7.40740300e+01 6.29741600e+02 8.38818500e+01 1.50609500e+03 9.04235800e+01 1.95377900e+03 9.59083500e+01 2.27576500e+03 2.34624200e+02 5.73675400e+03 4.38290100e-01 7.38761400e-01 4.60200000e-01 6.56787800e-01 4.60879200e-01 6.15451800e-01 4.57396900e-01 5.86117600e-01 2.96239900e-01 3.06216600e-01 8.61010800e+00 3.97311200e+02 1.89197400e+03 6.18956200e-02 2.50994400e+00 3.80407600e+00 1.26353300e+01 2.29789500e+03 6.37591500e+00
2.44603500e-03 1.16151200e+03 2.27484900e-02 1.15825100e-01 1.04046300e+00 5.35257600e-02 3.03663300e+00 9.58834100e-01 1.00173500e+00 6.90057400e+01 7.07633700e-01 2.92366300e-01 1.39218800e-01 9.60689300e-02 7.89841900e-01 7.79728200e-01 4.27074700e-01 5.80793900e-01 9.50818400e-01 1.01978800e+02 2.40579100e+00 7.45391800e+00 2.08349700e+00 1.87197900e+00 1.25585500e+03 5.87000000e+03 2.53274300e+03 8.11850400e+02 2.28602400e+02 9.58834100e-01 2.45535000e-01 2.46862000e-01 2.51809600e+00 1.37543200e+01 1.08908800e+03 1.45228900e+02 1.04061700e+00 1.39560500e+01 1.06050500e+03 1.47783100e+02 1.40416500e-01 1.60313200e-01 3.31145700e+03 1.01070000e-02 8.30601600e-01 4.58103300e-01 7.40787700e+01 6.29586500e+02 8.38437200e+01 1.50611100e+03 9.03593000e+01 1.95405700e+03 9.58233200e+01 2.27630100e+03 2.34141500e+02 5.74278500e+03 4.32983700e-01 7.31746300e-01 4.55026400e-01 6.50730700e-01 4.55887000e-01 6.09851500e-01 4.52568800e-01 5.80831400e-01 2.93636600e-01 3.03602800e-01 1.20265700e+01 3.95858800e+02 1.89767100e+03 9.25489600e-02 2.75631800e+00 4.10867500e+00 1.05094600e+01 2.30555600e+03 6.95754200e+00
4.43187500e-03 1.15991600e+03 2.29752200e-02 1.15437700e-01 1.04018000e+00 5.47632300e-02 3.04006900e+00 9.59600100e-01 1.00044900e+00 6.92401100e+01 7.09944700e-01 2.90055300e-01 1.39058100e-01 9.62839900e-02 7.88801100e-01 7.75616900e-01 4.24822900e-01 5.78878900e-01 9.47957000e-01 1.02222100e+02 2.40373600e+00 7.52105700e+00 2.09066900e+00 1.87378000e+00 1.25825100e+03 5.90118200e+03 2.53678000e+03 8.14154100e+02 2.29625000e+02 9.59600100e-01 2.45637500e-01 2.46964900e-01 2.47730200e+00 1.37380700e+01 1.08878600e+03 1.45155400e+02 1.04031000e+00 1.39530900e+01 1.06100100e+03 1.47634200e+02 1.40734100e-01 1.59985300e-01 3.30761600e+03 1.00952800e-02 8.31741800e-01 4.58514500e-01 7.42915100e+01 6.27617700e+02 8.40211600e+01 1.50196200e+03 9.05167400e+01 1.94904600e+03 9.59656900e+01 2.27077100e+03 2.34087400e+02 5.73565500e+03 4.30885000e-01 7.31014600e-01 4.53396800e-01 6.50340400e-01 4.54528600e-01 6.09595500e-01 4.51403800e-01 5.80656100e-01 2.93644500e-01 3.03725100e-01 1.08378700e+01 3.95960000e+02 1.89547900e+03 1.24456400e-01 2.92364600e+00 4.44567600e+00 1.00599700e+01 2.30227700e+03 7.49377900e+00
1.74317900e-02 1.15888100e+03 2.36204100e-02 1.15480400e-01 1.03922800e+00 6.28459400e-02 3.06083900e+00 9.58935400e-01 9.97915400e-01 6.94378700e+01 7.10167800e-01 2.89832200e-01 1.39746000e-01 9.70366300e-02 7.93338900e-01 7.79778800e-01 4.27102500e-01 5.82097100e-01 9.52051800e-01 1.02012300e+02 2.42868200e+00 8.15582300e+00 2.13454700e+00 1.88242800e+00 1.27271300e+03 5.98751200e+03 2.54603300e+03 8.19027200e+02 2.32146600e+02 9.58935400e-01 2.45914500e-01 2.47242900e-01 2.36857600e+00 1.37016900e+01 1.08804600e+03 1.44645900e+02 1.03929300e+00 1.39177200e+01 1.06245000e+03 1.46911600e+02 1.41939500e-01 1.59029800e-01 3.32405900e+03 1.01454500e-02 8.29732100e-01 4.56954300e-01 7.45021800e+01 6.25825500e+02 8.42527000e+01 1.49773200e+03 9.07625900e+01 1.94359600e+03 9.62237200e+01 2.26445400e+03 2.34673800e+02 5.72042300e+03 4.33197700e-01 7.35243900e-01 4.55891000e-01 6.54129700e-01 4.57057900e-01 6.13158400e-01 4.53935000e-01 5.84056800e-01 2.95370800e-01 3.05523800e-01 8.09891900e+00 3.98194700e+02 1.89377000e+03 9.38133200e-02 2.75631800e+00 4.12431900e+00 1.07230600e+01 2.30006400e+03 6.97445000e+00
1.37992600e-02 1.15831300e+03 2.37733500e-02 1.15395600e-01 1.03913400e+00 6.36829000e-02 3.06775500e+00 9.59274600e-01 9.96748700e-01 6.95660400e+01 7.11094200e-01 2.88905800e-01 1.39814100e-01 9.72631000e-02 7.95120000e-01 7.80279500e-01 4.27376700e-01 5.82937200e-01 9.53309800e-01 1.02099500e+02 2.43477700e+00 8.19854700e+00 2.14936100e+00 1.89232200e+00 1.28018300e+03 6.03261600e+03 2.55939500e+03 8.23887600e+02 2.33820100e+02 9.59274600e-01 2.45972900e-01 2.47301500e-01 2.34376900e+00 1.36887300e+01 1.08787000e+03 1.44550200e+02 1.03918200e+00 1.39099900e+01 1.06279400e+03 1.46766300e+02 1.42194500e-01 1.58832800e-01 3.32568600e+03 1.01504100e-02 8.29787000e-01 4.56864500e-01 7.46229000e+01 6.24747600e+02 8.43639400e+01 1.49537400e+03 9.08689100e+01 1.94068400e+03 9.63265900e+01 2.26118300e+03 2.34763500e+02 5.71487300e+03 4.33556000e-01 7.36987800e-01 4.56498800e-01 6.55785600e-01 4.57777300e-01 6.14754700e-01 4.54723200e-01 5.85604900e-01 2.96191700e-01 3.06419500e-01 8.56628100e+00 3.98556600e+02 1.89069900e+03 1.04385200e-01 2.75631800e+00 4.22525400e+00 1.17191100e+01 2.29782200e+03 7.08595700e+00
1.13752800e-03 1.16604100e+03 2.47958400e-02 1.14683700e-01 1.03798200e+00 5.20182300e-02 3.06048200e+00 9.63773300e-01 9.92680200e-01 7.02948000e+01 7.16424700e-01 2.83575300e-01 1.40124700e-01 9.85004000e-02 7.85540200e-01 7.63733800e-01 4.18314200e-01 5.73238700e-01 9.36929300e-01 1.02526900e+02 2.40585900e+00 6.88629200e+00 2.13378500e+00 1.92295100e+00 1.29404600e+03 6.21452600e+03 2.60397900e+03 8.42935000e+02 2.40730500e+02 9.63773300e-01 2.46343300e-01 2.47673200e-01 2.18757000e+00 1.36171500e+01 1.08672300e+03 1.43949500e+02 1.03792000e+00 1.38690400e+01 1.06496800e+03 1.45852800e+02 1.43806900e-01 1.57515700e-01 3.33311300e+03 1.01730700e-02 8.30383700e-01 4.56374500e-01 7.53123600e+01 6.18650600e+02 8.49946400e+01 1.48206200e+03 9.14686000e+01 1.92426100e+03 9.69042200e+01 2.24275400e+03 2.35217500e+02 5.68413900e+03 4.24778300e-01 7.28646400e-01 4.48580700e-01 6.48968700e-01 4.50471400e-01 6.08620500e-01 4.47892100e-01 5.79921900e-01 2.93537700e-01 3.03948400e-01 1.35577900e+01 3.95570800e+02 1.89631100e+03 1.63937600e-01 3.09335200e+00 4.78441200e+00 1.86005800e+01 2.30544000e+03 8.04170200e+00
1.78845700e-02 1.15724200e+03 2.30504800e-02 1.15018700e-01 1.03831900e+00 5.07286100e-02 3.04480100e+00 9.70162900e-01 9.99924700e-01 6.88262900e+01 7.07172000e-01 2.92828000e-01 1.38714400e-01 9.54719600e-02 7.90493600e-01 7.80987500e-01 4.27764500e-01 5.81502500e-01 9.52842700e-01 1.01630500e+02 2.38871400e+00 7.09381100e+00 2.10058500e+00 1.89792000e+00 1.24502800e+03 5.93441500e+03 2.57692600e+03 8.31621400e+02 2.35465800e+02 9.70162900e-01 2.45674800e-01 2.47002300e-01 2.46415100e+00 1.37842100e+01 1.08866100e+03 1.45207600e+02 1.03843600e+00 1.39833000e+01 1.06115300e+03 1.47662300e+02 1.40754800e-01 1.59616200e-01 3.29940000e+03 1.00702100e-02 8.32011000e-01 4.58548900e-01 7.38927300e+01 6.31205700e+02 8.36460200e+01 1.50986900e+03 9.01530900e+01 1.95885700e+03 9.56096400e+01 2.28182900e+03 2.33700900e+02 5.75533800e+03 4.33655900e-01 7.32303300e-01 4.55615400e-01 6.51173800e-01 4.56421400e-01 6.10244900e-01 4.53062100e-01 5.81192500e-01 2.93803400e-01 3.03750600e-01 8.04763400e+00 3.95656200e+02 1.89450800e+03 5.17142900e-02 2.42950100e+00 3.76106100e+00 1.00286900e+01 2.29821200e+03 6.24227600e+00
2.38775400e-06 1.16655400e+03 2.44464300e-02 1.18899400e-01 1.04086100e+00 5.69902200e-02 3.08589400e+00 9.79967300e-01 9.98208500e-01 6.94671600e+01 7.01615500e-01 2.98384500e-01 1.43991000e-01 1.00026500e-01 8.20228300e-01 8.18016800e-01 4.48046200e-01 6.06217900e-01 9.84113000e-01 1.00814000e+02 2.44090600e+00 7.49359100e+00 2.18870300e+00 1.95292600e+00 1.25764100e+03 6.07469200e+03 2.64791300e+03 8.66194700e+02 2.49418900e+02 9.79967300e-01 2.46194700e-01 2.47524100e-01 2.23908400e+00 1.35859100e+01 1.08742700e+03 1.43135000e+02 1.04082500e+00 1.37520700e+01 1.06451000e+03 1.45124700e+02 1.44416000e-01 1.58185500e-01 3.42553200e+03 1.04550400e-02 8.14859800e-01 4.48678000e-01 7.46731400e+01 6.25005500e+02 8.46818800e+01 1.49370200e+03 9.13506600e+01 1.93699900e+03 9.69386500e+01 2.25563900e+03 2.37908100e+02 5.67327500e+03 4.53726000e-01 7.59266900e-01 4.75253200e-01 6.74500200e-01 4.75408700e-01 6.31831700e-01 4.71452700e-01 6.01580800e-01 3.03842300e-01 3.13865200e-01 2.58903100e+01 3.96058100e+02 1.89504800e+03 3.41832300e-03 1.89191900e+00 3.67524500e+00 1.05412800e+01 2.31699600e+03 5.57058200e+00
9.66139000e-04 1.15996200e+03 2.37614000e-02 1.17701600e-01 1.03985500e+00 4.87366800e-02 3.07022200e+00 9.74273200e-01 1.00675300e+00 6.89691200e+01 7.01248800e-01 2.98751200e-01 1.42108200e-01 9.80107500e-02 8.09789000e-01 8.08101800e-01 4.42615600e-01 5.98686300e-01 9.75089700e-01 1.00813300e+02 2.42882300e+00 6.79473900e+00 2.15466800e+00 1.95455700e+00 1.26882300e+03 6.08135200e+03 2.64935400e+03 8.61108800e+02 2.46075400e+02 9.74273200e-01 2.45968800e-01 2.47297400e-01 2.34569400e+00 1.36792600e+01 1.08807400e+03 1.43961600e+02 1.03989500e+00 1.38438600e+01 1.06290800e+03 1.46171700e+02 1.42835100e-01 1.58875700e-01 3.38052500e+03 1.03177300e-02 8.20229900e-01 4.51936000e-01 7.41439500e+01 6.29492800e+02 8.40917500e+01 1.50433700e+03 9.07193500e+01 1.95073200e+03 9.62725800e+01 2.27158300e+03 2.36336400e+02 5.71231800e+03 4.48205200e-01 7.49568000e-01 4.69378800e-01 6.65845200e-01 4.69489300e-01 6.23708200e-01 4.65553800e-01 5.93836400e-01 2.99926700e-01 3.09798700e-01 1.38844100e+01 3.95776900e+02 1.88740300e+03 3.50450300e-03 1.89191900e+00 3.64042000e+00 1.73244800e+01 2.29706500e+03 5.53584300e+00
9.25256300e-03 1.15926000e+03 2.20220200e-02 1.16514500e-01 1.03936500e+00 4.78115500e-02 3.02756800e+00 9.75881300e-01 9.99430500e-01 6.77899200e+01 6.97133100e-01 3.02866900e-01 1.39181700e-01 9.43511400e-02 7.96063800e-01 7.99858500e-01 4.38100500e-01 5.90555700e-01 9.66863800e-01 1.00610600e+02 2.37617400e+00 7.02362100e+00 2.06469500e+00 1.87640800e+00 1.20332600e+03 5.71034900e+03 2.54824700e+03 8.21466800e+02 2.31382700e+02 9.75881300e-01 2.45249600e-01 2.46575600e-01 2.65204200e+00 1.38637200e+01 1.09005400e+03 1.45609000e+02 1.03959300e+00 1.40063500e+01 1.05886500e+03 1.48415200e+02 1.39213400e-01 1.61117900e-01 3.31057000e+03 1.01042900e-02 8.27839900e-01 4.57198800e-01 7.29462200e+01 6.40126800e+02 8.28422900e+01 1.52874900e+03 8.94291700e+01 1.98172900e+03 9.49453100e+01 2.30713700e+03 2.33757500e+02 5.78990900e+03 4.43291300e-01 7.36459200e-01 4.63212300e-01 6.53753400e-01 4.62841500e-01 6.12195200e-01 4.58643100e-01 5.82759200e-01 2.94187400e-01 3.03672300e-01 9.36570900e+00 3.95844800e+02 1.89793300e+03 6.04173100e-04 1.81943000e+00 3.47637100e+00 1.00796700e+01 2.30314300e+03 5.29640600e+00
1.42901700e-02 1.15931600e+03 2.20249000e-02 1.16321600e-01 1.03854000e+00 5.61666600e-02 3.04517300e+00 9.72557100e-01 1.00089300e+00 6.75848400e+01 6.95708400e-01 3.04291600e-01 1.38991600e-01 9.39372500e-02 8.00661900e-01 8.06368400e-01 4.41666200e-01 5.94664000e-01 9.73922800e-01 1.00338900e+02 2.40402800e+00 7.88421600e+00 2.10136700e+00 1.87808900e+00 1.21536100e+03 5.73856900e+03 2.54713500e+03 8.19357400e+02 2.30720900e+02 9.72557100e-01 2.45250900e-01 2.46576900e-01 2.65148800e+00 1.38875100e+01 1.09003300e+03 1.45657900e+02 1.03876300e+00 1.40222500e+01 1.05886500e+03 1.48463600e+02 1.39164600e-01 1.60991600e-01 3.30602700e+03 1.00904300e-02 8.28037400e-01 4.57279400e-01 7.27488700e+01 6.41967200e+02 8.26558400e+01 1.53279700e+03 8.92478000e+01 1.98674700e+03 9.47671800e+01 2.31279100e+03 2.33552000e+02 5.80002600e+03 4.46779800e-01 7.40571400e-01 4.66501500e-01 6.57247300e-01 4.65961000e-01 6.15401800e-01 4.61623500e-01 5.85771200e-01 2.95653400e-01 3.05118700e-01 8.49636700e+00 3.96350400e+02 1.89830500e+03 1.06224900e-03 1.60798500e+00 3.71630800e+00 1.01554100e+01 2.30315200e+03 5.32535500e+00
1.36662400e-02 1.16052700e+03 2.19435500e-02 1.16890800e-01 1.03887600e+00 5.95124400e-02 3.04733600e+00 9.76454700e-01 9.97121200e-01 6.74273700e+01 6.93212400e-01 3.06787600e-01 1.39479500e-01 9.40473200e-02 8.05327900e-01 8.14387400e-01 4.46058400e-01 5.99352400e-01 9.80741800e-01 1.00063600e+02 2.40437200e+00 8.24737500e+00 2.10591800e+00 1.86960400e+00 1.19876200e+03 5.67096500e+03 2.53699100e+03 8.17732000e+02 2.30523700e+02 9.76454700e-01 2.45211700e-01 2.46537600e-01 2.66718100e+00 1.38884400e+01 1.09018800e+03 1.45570300e+02 1.03910300e+00 1.40092400e+01 1.05871200e+03 1.48402000e+02 1.39164900e-01 1.61140900e-01 3.31768800e+03 1.01260100e-02 8.25894200e-01 4.56232100e-01 7.26167000e+01 6.43320200e+02 8.25722500e+01 1.53541000e+03 8.91926800e+01 1.98973000e+03 9.47340700e+01 2.31593100e+03 2.33880400e+02 5.80072300e+03 4.51027600e-01 7.44634600e-01 4.70301100e-01 6.60574500e-01 4.69458700e-01 6.18401100e-01 4.64891400e-01 5.88554100e-01 2.96955200e-01 3.06347600e-01 8.58565400e+00 3.97238800e+02 1.89844500e+03 7.95770400e-03 1.47275900e+00 3.95052400e+00 1.13537700e+01 2.30426900e+03 5.43124000e+00
3.25137900e-03 1.15796500e+03 2.24480200e-02 1.19303300e-01 1.03949600e+00 5.02101600e-02 3.04899800e+00 9.82784700e-01 1.00124800e+00 6.71856700e+01 6.84538900e-01 3.15461100e-01 1.42396400e-01 9.56699900e-02 8.14572100e-01 8.35298700e-01 4.57511900e-01 6.10472300e-01 9.93782200e-01 9.88887500e+01 2.41280700e+00 7.22808800e+00 2.10941900e+00 1.90787900e+00 1.20116300e+03 5.73576400e+03 2.58770500e+03 8.40731400e+02 2.38924500e+02 9.82784700e-01 2.45425600e-01 2.46752200e-01 2.57114500e+00 1.38294400e+01 1.08976000e+03 1.44551800e+02 1.03966900e+00 1.39036300e+01 1.06008500e+03 1.47187300e+02 1.40822700e-01 1.60453400e-01 3.38741500e+03 1.03387500e-02 8.15043200e-01 4.50201500e-01 7.24994600e+01 6.44991000e+02 8.26647500e+01 1.53729700e+03 8.94113400e+01 1.99080500e+03 9.50521000e+01 2.31606000e+03 2.36041900e+02 5.77703600e+03 4.61805100e-01 7.52316200e-01 4.79343100e-01 6.66438700e-01 4.77463900e-01 6.23496900e-01 4.72145300e-01 5.93160000e-01 2.98921300e-01 3.08000500e-01 1.14573500e+01 3.95802200e+02 1.89107000e+03 1.09028300e-01 8.20176000e-01 6.39266600e+00 1.02770900e+01 2.29833000e+03 7.32187000e+00
3.61606500e-04 1.16451700e+03 2.21303300e-02 1.20701000e-01 1.03890600e+00 5.91387200e-02 3.06568500e+00 9.82177000e-01 1.00203800e+00 6.62408400e+01 6.73014000e-01 3.26986000e-01 1.43476500e-01 9.50400600e-02 8.26556900e-01 8.62932200e-01 4.72647400e-01 6.25036000e-01 1.01557000e+00 9.74886300e+01 2.45220200e+00 8.23211700e+00 2.14491500e+00 1.90564900e+00 1.19686200e+03 5.67152800e+03 2.57801300e+03 8.36426100e+02 2.37589700e+02 9.82177000e-01 2.45296900e-01 2.46623100e-01 2.63126100e+00 1.38849900e+01 1.09028600e+03 1.44433400e+02 1.03911600e+00 1.38996300e+01 1.05943700e+03 1.47173000e+02 1.40593700e-01 1.60761000e-01 3.41323400e+03 1.04175200e-02 8.09112600e-01 4.47325500e-01 7.16663000e+01 6.53333800e+02 8.20079600e+01 1.55438900e+03 8.88540000e+01 2.01113100e+03 9.45697400e+01 2.33823400e+03 2.36596900e+02 5.80135300e+03 4.75983900e-01 7.62242500e-01 4.91130000e-01 6.73991500e-01 4.87858500e-01 6.30053400e-01 4.81541600e-01 5.99083600e-01 3.01463500e-01 3.10138600e-01 1.58499100e+01 3.97161600e+02 1.89297600e+03 3.78812500e-01 3.12612500e-01 1.16623200e+01 1.06925200e+01 2.30598700e+03 1.23537400e+01
2.18578300e-04 1.16356700e+03 2.25381900e-02 1.21113800e-01 1.03946700e+00 6.09439100e-02 3.06762200e+00 9.75132900e-01 9.98694800e-01 6.66217000e+01 6.74893100e-01 3.25106900e-01 1.44297100e-01 9.61332100e-02 8.25411000e-01 8.59256400e-01 4.70634100e-01 6.23270900e-01 1.01125900e+00 9.76768200e+01 2.46785700e+00 8.32061800e+00 2.14907400e+00 1.90246200e+00 1.21608500e+03 5.72499800e+03 2.56806600e+03 8.32165400e+02 2.36654200e+02 9.75132900e-01 2.45458100e-01 2.46784800e-01 2.55520000e+00 1.38286400e+01 1.08980600e+03 1.44017500e+02 1.03962600e+00 1.38528200e+01 1.06039000e+03 1.46614100e+02 1.41503000e-01 1.60267600e-01 3.43285000e+03 1.04773700e-02 8.07209000e-01 4.46044900e-01 7.20436300e+01 6.49778400e+02 8.23930700e+01 1.54637000e+03 8.92470400e+01 2.00103900e+03 9.49706800e+01 2.32673200e+03 2.37324400e+02 5.77763800e+03 4.74158000e-01 7.61364600e-01 4.89704200e-01 6.73408300e-01 4.86652300e-01 6.29587300e-01 4.80488500e-01 5.98688800e-01 3.01327700e-01 3.10075600e-01 1.68567300e+01 3.97833100e+02 1.89053000e+03 3.35521900e-01 3.45745400e-01 1.09325400e+01 1.03003600e+01 2.30521900e+03 1.16138000e+01
4.59897800e-12 1.18451200e+03 2.40465200e-02 1.19613800e-01 1.03999400e+00 7.47848200e-02 3.12540200e+00 9.67034000e-01 9.97035400e-01 6.85809300e+01 6.93185500e-01 3.06814500e-01 1.44305400e-01 9.89660000e-02 8.35918900e-01 8.45359500e-01 4.63022500e-01 6.22132800e-01 1.00939800e+00 9.96942500e+01 2.52854800e+00 9.21478300e+00 2.27690500e+00 1.96059400e+00 1.29832400e+03 6.11850300e+03 2.64308200e+03 8.57238300e+02 2.45840700e+02 9.67034000e-01 2.46055100e-01 2.47384000e-01 2.30039200e+00 1.36543400e+01 1.08791600e+03 1.43256400e+02 1.04000600e+00 1.37745800e+01 1.06367100e+03 1.45367300e+02 1.43901500e-01 1.58491600e-01 3.43304800e+03 1.04779800e-02 8.11747600e-01 4.47329800e-01 7.38627900e+01 6.32466500e+02 8.39889000e+01 1.50950800e+03 9.07227600e+01 1.95616500e+03 9.63591000e+01 2.27686500e+03 2.37889100e+02 5.70291100e+03 4.68128700e-01 7.72915500e-01 4.88130000e-01 6.85656200e-01 4.87253800e-01 6.41878000e-01 4.82512000e-01 6.10895200e-01 3.08196700e-01 3.17956400e-01 5.22103700e+01 4.04829300e+02 1.89431800e+03 2.90356000e-02 1.21731700e+00 4.98516600e+00 1.14339600e+01 2.35135800e+03 6.23151900e+00
1.56473700e-10 1.17748100e+03 2.48665600e-02 1.18293700e-01 1.03919900e+00 7.14458000e-02 3.12159200e+00 9.73744100e-01 9.98203100e-01 6.94708300e+01 7.02031500e-01 2.97968500e-01 1.43805400e-01 9.99028200e-02 8.27434100e-01 8.24627800e-01 4.51667200e-01 6.11330400e-01 9.92732300e-01 1.00618700e+02 2.49291400e+00 8.70208700e+00 2.26824600e+00 1.96622500e+00 1.29235300e+03 6.20615700e+03 2.65894400e+03 8.67266100e+02 2.50027700e+02 9.73744100e-01 2.46375800e-01 2.47705900e-01 2.17736800e+00 1.35903800e+01 1.08694400e+03 1.42970400e+02 1.03911700e+00 1.37588400e+01 1.06538800e+03 1.44835900e+02 1.44983700e-01 1.57488500e-01 3.42109600e+03 1.04415100e-02 8.15514200e-01 4.48672600e-01 7.46712100e+01 6.24991300e+02 8.46680500e+01 1.49377000e+03 9.13295600e+01 1.93715500e+03 9.69117700e+01 2.25587600e+03 2.37769400e+02 5.67508400e+03 4.57422700e-01 7.65981600e-01 4.79236300e-01 6.80514700e-01 4.79445600e-01 6.37486400e-01 4.75490900e-01 6.06977700e-01 3.06588600e-01 3.16721300e-01 4.51562700e+01 4.01781100e+02 1.89172500e+03 2.05479400e-04 1.74777200e+00 4.00766300e+00 1.05443700e+01 2.33866300e+03 5.75564000e+00
3.72859500e-04 1.15917500e+03 2.45967000e-02 1.16245500e-01 1.03929300e+00 5.77813000e-02 3.08363400e+00 9.65466000e-01 1.00119100e+00 7.00054900e+01 7.11295600e-01 2.88704400e-01 1.41487300e-01 9.90489200e-02 8.03003400e-01 7.87740900e-01 4.31463500e-01 5.88614200e-01 9.59734900e-01 1.01965500e+02 2.44391600e+00 7.49359100e+00 2.18376100e+00 1.94543600e+00 1.30071700e+03 6.21726100e+03 2.63215800e+03 8.53174300e+02 2.44105500e+02 9.65466000e-01 2.46255900e-01 2.47585500e-01 2.21670100e+00 1.36055000e+01 1.08705700e+03 1.43698400e+02 1.03925000e+00 1.38271200e+01 1.06466300e+03 1.45653600e+02 1.43915800e-01 1.57873700e-01 3.36568500e+03 1.02724500e-02 8.24843200e-01 4.53695100e-01 7.50908100e+01 6.20840200e+02 8.48873000e+01 1.48607000e+03 9.14296100e+01 1.92864200e+03 9.69187700e+01 2.24717900e+03 2.36170200e+02 5.68008200e+03 4.37709000e-01 7.44313800e-01 4.60921300e-01 6.62325300e-01 4.62235800e-01 6.20893800e-01 4.59167700e-01 5.91458100e-01 2.99149500e-01 3.09494500e-01 1.57886200e+01 3.96289800e+02 1.88918400e+03 8.57121300e-02 2.67357500e+00 4.07335200e+00 1.02547100e+01 2.30126300e+03 6.83263900e+00
3.69137800e-05 1.16230200e+03 2.41074000e-02 1.18220700e-01 1.03973300e+00 6.11404400e-02 3.09082400e+00 9.55193300e-01 1.00140500e+00 6.90350300e+01 7.00003800e-01 2.99996200e-01 1.42973300e-01 9.87016500e-02 8.12460900e-01 8.12455700e-01 4.45000300e-01 6.01286400e-01 9.77839700e-01 1.00558700e+02 2.49565900e+00 7.93914800e+00 2.19952000e+00 1.94635500e+00 1.32105600e+03 6.18376300e+03 2.61981200e+03 8.44071900e+02 2.40572000e+02 9.55193300e-01 2.46074000e-01 2.47402900e-01 2.29089200e+00 1.36501300e+01 1.08773700e+03 1.43564800e+02 1.03974200e+00 1.38077300e+01 1.06370900e+03 1.45663200e+02 1.43613500e-01 1.58428100e-01 3.40120400e+03 1.03808200e-02 8.17377700e-01 4.50199900e-01 7.42378900e+01 6.28783700e+02 8.42314700e+01 1.50234900e+03 9.08876700e+01 1.94796000e+03 9.64639600e+01 2.26819500e+03 2.37012900e+02 5.70031300e+03 4.50495500e-01 7.51915400e-01 4.71464500e-01 6.67790600e-01 4.71427900e-01 6.25471800e-01 4.67378000e-01 5.95479000e-01 3.00701100e-01 3.10541100e-01 2.04138500e+01 3.97846400e+02 1.89039600e+03 3.79533300e-05 1.74777200e+00 3.85759500e+00 1.03437300e+01 2.30865600e+03 5.60540400e+00
5.67874100e-03 1.15708100e+03 2.33836800e-02 1.18051100e-01 1.04124100e+00 5.35144100e-02 3.06024700e+00 9.69056800e-01 9.99357300e-01 6.89947500e+01 7.01530000e-01 2.98470000e-01 1.42079900e-01 9.80277000e-02 8.08213300e-01 8.06149700e-01 4.41546400e-01 5.97380700e-01 9.73011500e-01 1.01069600e+02 2.42938800e+00 7.35626200e+00 2.13328300e+00 1.91675500e+00 1.25664800e+03 5.95102800e+03 2.59433100e+03 8.39809700e+02 2.38996600e+02 9.69056800e-01 2.45820800e-01 2.47148800e-01 2.40774700e+00 1.36774500e+01 1.08853300e+03 1.44159900e+02 1.04132500e+00 1.38439000e+01 1.06210700e+03 1.46488900e+02 1.42240500e-01 1.59539500e-01 3.37985000e+03 1.03156700e-02 8.20391700e-01 4.52334400e-01 7.41702100e+01 6.29247500e+02 8.41130400e+01 1.50382700e+03 9.07378200e+01 1.95012000e+03 9.62889100e+01 2.27091100e+03 2.36323500e+02 5.71152300e+03 4.47125200e-01 7.48141300e-01 4.68327200e-01 6.64613200e-01 4.68474800e-01 6.22568900e-01 4.64572900e-01 5.92760900e-01 2.99396700e-01 3.09266100e-01 1.03420500e+01 3.95752500e+02 1.89236800e+03 1.36289200e-02 2.11648900e+00 3.47490100e+00 1.00938700e+01 2.29846300e+03 5.60501900e+00
9.76623300e-03 1.15763800e+03 2.39215200e-02 1.17601800e-01 1.03979000e+00 5.16957600e-02 3.05717400e+00 9.49307100e-01 1.00037400e+00 6.91156000e+01 7.02387600e-01 2.97612400e-01 1.42168500e-01 9.82605800e-02 7.95774800e-01 7.92601800e-01 4.34125900e-01 5.87763900e-01 9.57198700e-01 1.00923800e+02 2.46106200e+00 7.06024200e+00 2.12673700e+00 1.91783600e+00 1.31555600e+03 6.12662000e+03 2.58024900e+03 8.28082100e+02 2.34845700e+02 9.49307100e-01 2.46019100e-01 2.47347900e-01 2.32009100e+00 1.36644100e+01 1.08789100e+03 1.43864900e+02 1.03982000e+00 1.38355600e+01 1.06329000e+03 1.46021800e+02 1.43099700e-01 1.58677200e-01 3.38196600e+03 1.03221200e-02 8.20372700e-01 4.51890600e-01 7.42868800e+01 6.28197100e+02 8.42217600e+01 1.50152500e+03 9.08425800e+01 1.94727300e+03 9.63909900e+01 2.26771000e+03 2.36426400e+02 5.70596000e+03 4.39673100e-01 7.36713700e-01 4.60738200e-01 6.54557500e-01 4.60985700e-01 6.13189500e-01 4.57214200e-01 5.83855600e-01 2.94932200e-01 3.04696400e-01 9.25764900e+00 3.95668000e+02 1.89469800e+03 6.82130100e-03 1.96545900e+00 3.63033800e+00 1.00501900e+01 2.29962300e+03 5.60261900e+00
1.36721600e-02 1.15836300e+03 2.30317400e-02 1.18568000e-01 1.04138000e+00 4.88205700e-02 3.04153400e+00 9.60405200e-01 9.96560700e-01 6.85626200e+01 6.97405000e-01 3.02595000e-01 1.42244900e-01 9.75268000e-02 8.01450100e-01 8.04908800e-01 4.40866700e-01 5.94417900e-01 9.67905100e-01 1.00607800e+02 2.43104300e+00 6.95953400e+00 2.09373300e+00 1.89896200e+00 1.26238900e+03 5.90013400e+03 2.56249900e+03 8.24764400e+02 2.33447500e+02 9.60405200e-01 2.45665600e-01 2.46993100e-01 2.46739800e+00 1.37111400e+01 1.08899000e+03 1.44295400e+02 1.04149200e+00 1.38546800e+01 1.06134400e+03 1.46738500e+02 1.41730900e-01 1.59988500e-01 3.38379200e+03 1.03276900e-02 8.18798400e-01 4.51770200e-01 7.37719400e+01 6.32943000e+02 8.37729700e+01 1.51165600e+03 9.04301000e+01 1.95961300e+03 9.60052600e+01 2.28142400e+03 2.36322300e+02 5.72613100e+03 4.46102800e-01 7.41464900e-01 4.66212400e-01 6.58221100e-01 4.65868300e-01 6.16388500e-01 4.61661600e-01 5.86756700e-01 2.96195300e-01 3.05765100e-01 8.58478800e+00 3.95700300e+02 1.89519300e+03 5.25173800e-04 1.81943000e+00 3.50664600e+00 1.19204000e+01 2.29947800e+03 5.32660100e+00
8.80257700e-03 1.15751300e+03 2.35223400e-02 1.16935700e-01 1.03908600e+00 5.60769600e-02 3.06821300e+00 9.68046800e-01 1.00500600e+00 6.87823500e+01 7.01748400e-01 2.98251600e-01 1.41103200e-01 9.70540800e-02 8.04661200e-01 8.02312900e-01 4.39444900e-01 5.94646300e-01 9.70229600e-01 1.00857000e+02 2.43492500e+00 7.55767800e+00 2.15034500e+00 1.92220800e+00 1.26654500e+03 6.01444300e+03 2.60219700e+03 8.41615900e+02 2.39496800e+02 9.68046800e-01 2.45874500e-01 2.47202800e-01 2.38467900e+00 1.37226700e+01 1.08827900e+03 1.44342400e+02 1.03915500e+00 1.38903600e+01 1.06233600e+03 1.46632100e+02 1.42177500e-01 1.59076200e-01 3.35650100e+03 1.02444300e-02 8.23333200e-01 4.53704800e-01 7.39359900e+01 6.31226700e+02 8.38421200e+01 1.50860400e+03 9.04427400e+01 1.95634600e+03 9.59737400e+01 2.27818800e+03 2.35517000e+02 5.73038800e+03 4.45034600e-01 7.44874000e-01 4.66188200e-01 6.61734200e-01 4.66359300e-01 6.19882000e-01 4.62490900e-01 5.90208900e-01 2.98122400e-01 3.07956300e-01 9.46542100e+00 3.96048600e+02 1.88986300e+03 4.64024400e-03 1.96545900e+00 3.63982600e+00 1.40380900e+01 2.29537800e+03 5.60992500e+00
4.97779800e-03 1.15563400e+03 2.34028100e-02 1.16970100e-01 1.03965900e+00 5.74711300e-02 3.06840600e+00 9.62481100e-01 1.00059500e+00 6.88629200e+01 7.02625300e-01 2.97374700e-01 1.41018100e-01 9.71091700e-02 8.04162900e-01 8.00636600e-01 4.38526700e-01 5.93840800e-01 9.69061500e-01 1.01059000e+02 2.44596800e+00 7.71942100e+00 2.15075800e+00 1.91722400e+00 1.27827200e+03 6.01909300e+03 2.59146900e+03 8.35257000e+02 2.37082400e+02 9.62481100e-01 2.45828100e-01 2.47156200e-01 2.40454000e+00 1.37176800e+01 1.08841900e+03 1.44425200e+02 1.03974500e+00 1.38904400e+01 1.06206900e+03 1.46753800e+02 1.41966800e-01 1.59311400e-01 3.35446800e+03 1.02382200e-02 8.23827400e-01 4.54065400e-01 7.40102300e+01 6.30529000e+02 8.39019700e+01 1.50715400e+03 9.04944000e+01 1.95460900e+03 9.60191900e+01 2.27628200e+03 2.35476400e+02 5.72818000e+03 4.44164000e-01 7.44503700e-01 4.65502900e-01 6.61506200e-01 4.65780800e-01 6.19710800e-01 4.61988600e-01 5.90072300e-01 2.98090500e-01 3.07966400e-01 1.06055400e+01 3.96537300e+02 1.88843600e+03 1.24905100e-02 2.04033800e+00 3.55170200e+00 1.00844300e+01 2.29557900e+03 5.60453100e+00
1.06659200e-03 1.15946900e+03 2.29239500e-02 1.18739600e-01 1.04095300e+00 6.24132000e-02 3.07858900e+00 9.70664000e-01 1.00108400e+00 6.82696500e+01 6.94665400e-01 3.05334600e-01 1.42308700e-01 9.71536600e-02 8.20325200e-01 8.27586700e-01 4.53287900e-01 6.09789700e-01 9.92823900e-01 1.00227700e+02 2.45963600e+00 8.33282500e+00 2.17277200e+00 1.91779700e+00 1.24988800e+03 5.88782600e+03 2.59373200e+03 8.38702900e+02 2.38386000e+02 9.70664000e-01 2.45612400e-01 2.46939700e-01 2.48643600e+00 1.37352500e+01 1.08913000e+03 1.44333800e+02 1.04108400e+00 1.38638000e+01 1.06111500e+03 1.46811500e+02 1.41574600e-01 1.60059800e-01 3.38531900e+03 1.03323500e-02 8.17891200e-01 4.51367600e-01 7.35020100e+01 6.35465100e+02 8.35395900e+01 1.51701800e+03 9.02168200e+01 1.96612900e+03 9.58068300e+01 2.28865300e+03 2.36286100e+02 5.73654100e+03 4.58433900e-01 7.58648300e-01 4.78397200e-01 6.73167000e-01 4.77714900e-01 6.30256100e-01 4.73182900e-01 5.99877900e-01 3.02709200e-01 3.12359400e-01 1.36865700e+01 3.98225100e+02 1.89147100e+03 3.05955200e-03 1.53969800e+00 3.79551700e+00 1.02156200e+01 2.30338300e+03 5.33827500e+00
1.16006600e-03 1.16465200e+03 2.22502400e-02 1.21820200e-01 1.04112600e+00 6.28499200e-02 3.07100200e+00 9.62382900e-01 1.00178600e+00 6.66912800e+01 6.74630200e-01 3.25369800e-01 1.44715600e-01 9.65126900e-02 8.27997900e-01 8.62297600e-01 4.72299900e-01 6.25350500e-01 1.01389900e+00 9.78677200e+01 2.50206400e+00 8.59527600e+00 2.15635000e+00 1.90164100e+00 1.24670000e+03 5.74923100e+03 2.55487500e+03 8.21234700e+02 2.32224900e+02 9.62382900e-01 2.45346700e-01 2.46673000e-01 2.60827800e+00 1.38107300e+01 1.09023000e+03 1.44055400e+02 1.04131700e+00 1.38339600e+01 1.05978000e+03 1.46747400e+02 1.41138800e-01 1.60900300e-01 3.44285300e+03 1.05078900e-02 8.05961900e-01 4.45641700e-01 7.21264800e+01 6.49048600e+02 8.24936000e+01 1.54457900e+03 8.93589400e+01 1.99868600e+03 9.50919200e+01 2.32396700e+03 2.37661400e+02 5.77017600e+03 4.75786000e-01 7.63727800e-01 4.91327800e-01 6.75473500e-01 4.88239300e-01 6.31507800e-01 4.82038000e-01 6.00508700e-01 3.02232100e-01 3.10998200e-01 1.35185600e+01 3.99204100e+02 1.89587000e+03 2.86091200e-01 4.17245800e-01 9.47052000e+00 1.05382900e+01 2.30859200e+03 1.01738600e+01
6.27833300e-05 1.16305100e+03 2.34534000e-02 1.21137100e-01 1.04007200e+00 5.54117400e-02 3.07029100e+00 9.56196000e-01 9.98976400e-01 6.75775100e+01 6.81969500e-01 3.18030500e-01 1.45235600e-01 9.81466300e-02 8.17565300e-01 8.41775400e-01 4.61059400e-01 6.13959400e-01 9.94538000e-01 9.83984700e+01 2.50067200e+00 7.57293700e+00 2.15481800e+00 1.92877100e+00 1.28989600e+03 5.98908000e+03 2.58944300e+03 8.34298400e+02 2.37333300e+02 9.56196000e-01 2.45847500e-01 2.47175600e-01 2.39609700e+00 1.37180400e+01 1.08871000e+03 1.43318900e+02 1.04013500e+00 1.37788700e+01 1.06248900e+03 1.45608300e+02 1.43243200e-01 1.59170300e-01 3.45528400e+03 1.05458200e-02 8.06273800e-01 4.44911300e-01 7.29630200e+01 6.41079600e+02 8.32605900e+01 1.52735600e+03 9.00910100e+01 1.97753000e+03 9.57999900e+01 2.30028800e+03 2.38303300e+02 5.73074500e+03 4.65143800e-01 7.54821900e-01 4.82156000e-01 6.68375200e-01 4.79963700e-01 6.25191400e-01 4.74418400e-01 5.94699400e-01 2.99579600e-01 3.08575100e-01 1.93516400e+01 3.96334600e+02 1.89105800e+03 1.88396400e-01 6.25207500e-01 8.34827400e+00 1.01954200e+01 2.30674400e+03 9.16187700e+00
1.58778700e-02 1.15808100e+03 2.22994200e-02 1.19650400e-01 1.03976900e+00 5.06299700e-02 3.03928600e+00 9.52015000e-01 1.00226400e+00 6.70318600e+01 6.82647600e-01 3.17352400e-01 1.42595000e-01 9.55840800e-02 8.03320300e-01 8.26226200e-01 4.52542700e-01 6.02940100e-01 9.81178600e-01 9.87131600e+01 2.46549600e+00 7.30743400e+00 2.08903200e+00 1.88785400e+00 1.26752900e+03 5.82148000e+03 2.53587500e+03 8.10013000e+02 2.27665000e+02 9.52015000e-01 2.45367000e-01 2.46693400e-01 2.59885500e+00 1.38376200e+01 1.08997800e+03 1.44575500e+02 1.03996100e+00 1.39020000e+01 1.05974200e+03 1.47263000e+02 1.40632100e-01 1.60689700e-01 3.39216200e+03 1.03532300e-02 8.13998300e-01 4.49773300e-01 7.23663600e+01 6.46313500e+02 8.25613500e+01 1.53999700e+03 8.93248200e+01 1.99400800e+03 9.49783500e+01 2.31954700e+03 2.36150000e+02 5.78064600e+03 4.56604100e-01 7.41741900e-01 4.73482100e-01 6.56872300e-01 4.71411900e-01 6.14464700e-01 4.66019700e-01 5.84516400e-01 2.94492300e-01 3.03359000e-01 8.28565800e+00 3.95748000e+02 1.89360600e+03 1.32668800e-01 7.68898900e-01 6.77287800e+00 1.08479800e+01 2.29763900e+03 7.67444500e+00
4.46885000e-03 1.15710700e+03 2.26432500e-02 1.19170900e-01 1.03852800e+00 5.23322300e-02 3.05291400e+00 9.57857200e-01 1.00066600e+00 6.70684800e+01 6.83295800e-01 3.16704200e-01 1.42459300e-01 9.55452800e-02 8.06377000e-01 8.28522700e-01 4.53800600e-01 6.04925000e-01 9.84643200e-01 9.85957000e+01 2.46670900e+00 7.40203900e+00 2.11769600e+00 1.90725300e+00 1.26833200e+03 5.89079400e+03 2.56683600e+03 8.23572900e+02 2.32590700e+02 9.57857200e-01 2.45495400e-01 2.46822300e-01 2.53681500e+00 1.38382500e+01 1.08950700e+03 1.44436900e+02 1.03867900e+00 1.39058300e+01 1.06050500e+03 1.47007500e+02 1.41161500e-01 1.60043000e-01 3.38891800e+03 1.03433300e-02 8.14553300e-01 4.49777500e-01 7.23931400e+01 6.46028900e+02 8.25757300e+01 1.53947000e+03 8.93319100e+01 1.99342300e+03 9.49798100e+01 2.31894700e+03 2.36056400e+02 5.78084800e+03 4.57946700e-01 7.44625500e-01 4.75029300e-01 6.59492700e-01 4.73024000e-01 6.16943500e-01 4.67660700e-01 5.86891500e-01 2.95713900e-01 3.04643100e-01 1.08212500e+01 3.95863600e+02 1.88897800e+03 1.54221200e-01 7.19420900e-01 7.57960600e+00 1.00987400e+01 2.29566300e+03 8.45324800e+00
1.45549000e-02 1.15689100e+03 2.22656500e-02 1.18481300e-01 1.03960000e+00 4.64505200e-02 3.02461200e+00 9.57417600e-01 9.97001000e-01 6.73614500e+01 6.88396600e-01 3.11603400e-01 1.41392100e-01 9.52437500e-02 7.95185400e-01 8.10417600e-01 4.43884000e-01 5.94112800e-01 9.68863700e-01 9.94325800e+01 2.42594000e+00 6.85577400e+00 2.05860200e+00 1.87597000e+00 1.24713000e+03 5.78149500e+03 2.52814700e+03 8.09229500e+02 2.27401800e+02 9.57417600e-01 2.45353000e-01 2.46679400e-01 2.60532000e+00 1.38411800e+01 1.08991800e+03 1.44904900e+02 1.03979500e+00 1.39359100e+01 1.05958900e+03 1.47610500e+02 1.40239200e-01 1.60747800e-01 3.36340700e+03 1.02655000e-02 8.18957900e-01 4.52383500e-01 7.26263800e+01 6.43583500e+02 8.27088800e+01 1.53487400e+03 8.94063900e+01 1.98827400e+03 9.50088500e+01 2.31361300e+03 2.35326600e+02 5.78152800e+03 4.48388000e-01 7.34785700e-01 4.66360900e-01 6.51319600e-01 4.64971700e-01 6.09521900e-01 4.60082000e-01 5.79970000e-01 2.92425100e-01 3.01470100e-01 8.45965500e+00 3.95821900e+02 1.89191500e+03 4.74630900e-02 1.09677200e+00 4.97389500e+00 1.14668400e+01 2.29619700e+03 6.11813000e+00
1.31905300e-02 1.15535200e+03 2.26621700e-02 1.16356600e-01 1.03924700e+00 5.01920700e-02 3.03455600e+00 9.72525300e-01 9.98975100e-01 6.83319100e+01 7.00885700e-01 2.99114300e-01 1.39663900e-01 9.54350300e-02 7.94404600e-01 7.93231000e-01 4.34470500e-01 5.87490800e-01 9.61014600e-01 1.00950700e+02 2.38530000e+00 7.13653600e+00 2.07917400e+00 1.88059200e+00 1.22083700e+03 5.80019700e+03 2.55244200e+03 8.24120400e+02 2.33043200e+02 9.72525300e-01 2.45502300e-01 2.46829200e-01 2.53348700e+00 1.38018300e+01 1.08924000e+03 1.45155600e+02 1.03941000e+00 1.39652000e+01 1.06035200e+03 1.47735800e+02 1.40404300e-01 1.60222000e-01 3.32209800e+03 1.01394600e-02 8.27399200e-01 4.56473100e-01 7.34672700e+01 6.35315600e+02 8.33335100e+01 1.51816900e+03 8.99062600e+01 1.96861300e+03 9.54132800e+01 2.29236000e+03 2.34285300e+02 5.76356800e+03 4.39926700e-01 7.35296100e-01 4.60626300e-01 6.53133000e-01 4.60695800e-01 6.11786500e-01 4.56808200e-01 5.82477200e-01 2.94191600e-01 3.03852400e-01 8.65651200e+00 3.95719600e+02 1.89059400e+03 8.36103500e-03 2.04033800e+00 3.49001100e+00 1.01958400e+01 2.29497000e+03 5.53870900e+00
1.29235700e-02 1.15601500e+03 2.30994400e-02 1.15303000e-01 1.03904300e+00 4.97290200e-02 3.03968300e+00 9.68800700e-01 1.00157500e+00 6.90057400e+01 7.07993100e-01 2.92006900e-01 1.39047600e-01 9.59508100e-02 7.89466300e-01 7.78878100e-01 4.26609100e-01 5.80339200e-01 9.50366300e-01 1.01806200e+02 2.38586300e+00 6.98700000e+00 2.08986200e+00 1.89201000e+00 1.24461300e+03 5.92078300e+03 2.56800000e+03 8.28612600e+02 2.34574600e+02 9.68800700e-01 2.45698700e-01 2.47026300e-01 2.45573600e+00 1.37590300e+01 1.08862800e+03 1.45094800e+02 1.03915400e+00 1.39627800e+01 1.06126800e+03 1.47532900e+02 1.40927100e-01 1.59655300e-01 3.30736500e+03 1.00945100e-02 8.31227700e-01 4.58122900e-01 7.40727500e+01 6.29611800e+02 8.38271000e+01 1.50625900e+03 9.03361600e+01 1.95430700e+03 9.57949800e+01 2.27663900e+03 2.34010100e+02 5.74469800e+03 4.32541500e-01 7.31434700e-01 4.54651600e-01 6.50494300e-01 4.55554200e-01 6.09647100e-01 4.52267000e-01 5.80647500e-01 2.93559600e-01 3.03540500e-01 8.69740500e+00 3.95672900e+02 1.89067400e+03 7.01843400e-02 2.59136600e+00 3.90075700e+00 1.04244800e+01 2.29504400e+03 6.56230700e+00
1.25161700e-02 1.15563300e+03 2.32165100e-02 1.18669600e-01 1.03979600e+00 5.08642000e-02 3.04296800e+00 9.62553400e-01 9.96797100e-01 6.81488000e+01 6.93102300e-01 3.06897700e-01 1.42531200e-01 9.71333300e-02 8.00856100e-01 8.10010500e-01 4.43661000e-01 5.96077700e-01 9.70119800e-01 9.98446500e+01 2.43245200e+00 7.13043200e+00 2.09673900e+00 1.89393200e+00 1.25365500e+03 5.88628800e+03 2.55602200e+03 8.24381000e+02 2.33829300e+02 9.62553400e-01 2.45752900e-01 2.47080700e-01 2.43590400e+00 1.37400300e+01 1.08877800e+03 1.44128300e+02 1.03989200e+00 1.38599300e+01 1.06176400e+03 1.46509800e+02 1.42104100e-01 1.59507900e-01 3.39063800e+03 1.03485800e-02 8.16836400e-01 4.50573500e-01 7.33965400e+01 6.36491800e+02 8.34615700e+01 1.51909000e+03 9.01546400e+01 1.96856500e+03 9.57567600e+01 2.29128400e+03 2.36420000e+02 5.73872600e+03 4.48568900e-01 7.40486700e-01 4.67709700e-01 6.56879500e-01 4.66858600e-01 6.14935000e-01 4.62307800e-01 5.85250800e-01 2.95263400e-01 3.04606600e-01 8.76146800e+00 3.95655800e+02 1.88931700e+03 1.88784600e-02 1.34256300e+00 4.50032900e+00 1.16691700e+01 2.29373400e+03 5.86177100e+00
3.93131800e-04 1.16144900e+03 2.31402000e-02 1.20845000e-01 1.04112600e+00 4.61017800e-02 3.05578200e+00 9.58148800e-01 1.00039800e+00 6.77716100e+01 6.85106400e-01 3.14893600e-01 1.44630300e-01 9.80182900e-02 8.13566200e-01 8.33516400e-01 4.56535800e-01 6.09444100e-01 9.88255000e-01 9.89621800e+01 2.47520600e+00 6.68487500e+00 2.12377800e+00 1.93671500e+00 1.28626600e+03 5.98170100e+03 2.60372000e+03 8.38573800e+02 2.37986900e+02 9.58148800e-01 2.45718100e-01 2.47045800e-01 2.44879400e+00 1.37169000e+01 1.08905200e+03 1.43629800e+02 1.04123100e+00 1.37942300e+01 1.06176400e+03 1.46023100e+02 1.42574900e-01 1.59738400e-01 3.44081400e+03 1.05016700e-02 8.08762200e-01 4.46458000e-01 7.31223900e+01 6.39455300e+02 8.33601000e+01 1.52423900e+03 9.01556200e+01 1.97398400e+03 9.58377000e+01 2.29656300e+03 2.37902100e+02 5.72995200e+03 4.60857000e-01 7.51440700e-01 4.78498700e-01 6.65720900e-01 4.76687400e-01 6.22848800e-01 4.71419900e-01 5.92557800e-01 2.98624000e-01 3.07725100e-01 1.56827300e+01 3.95896000e+02 1.89410900e+03 9.93167300e-02 8.72797100e-01 6.18562500e+00 1.00531200e+01 2.30568800e+03 7.15773900e+00
4.35250800e-05 1.16258200e+03 2.28554200e-02 1.20234000e-01 1.03973200e+00 4.85920100e-02 3.06131900e+00 9.72874500e-01 1.00056800e+00 6.72772200e+01 6.82440400e-01 3.17559600e-01 1.43734600e-01 9.67006500e-02 8.18193200e-01 8.41797900e-01 4.61071700e-01 6.14203300e-01 9.97520500e-01 9.85565200e+01 2.45270100e+00 6.99005100e+00 2.13557000e+00 1.93779300e+00 1.24627000e+03 5.89280600e+03 2.61757000e+03 8.48150000e+02 2.41306100e+02 9.72874500e-01 2.45580500e-01 2.46907700e-01 2.49877800e+00 1.37847600e+01 1.08934000e+03 1.44001800e+02 1.03987000e+00 1.38480600e+01 1.06107700e+03 1.46493200e+02 1.41865200e-01 1.59913400e-01 3.41940300e+03 1.04363400e-02 8.10661200e-01 4.47621300e-01 7.26334400e+01 6.43952700e+02 8.28717200e+01 1.53432000e+03 8.96635600e+01 1.98662300e+03 9.53406600e+01 2.31092800e+03 2.37084400e+02 5.75858000e+03 4.65192900e-01 7.55452100e-01 4.82332400e-01 6.68988800e-01 4.80197500e-01 6.25788500e-01 4.74687700e-01 5.95281800e-01 2.99901200e-01 3.08924100e-01 2.00843500e+01 3.95745300e+02 1.89086900e+03 1.59284400e-01 6.71532900e-01 7.55513100e+00 1.00794100e+01 2.30669900e+03 8.38594800e+00
1.27276400e-03 1.16061400e+03 2.27467700e-02 1.19399200e-01 1.03866400e+00 5.63862500e-02 3.05685100e+00 9.56861100e-01 9.95522100e-01 6.71197500e+01 6.83042800e-01 3.16957200e-01 1.42791200e-01 9.58410700e-02 8.08126800e-01 8.30652100e-01 4.54966900e-01 6.06358800e-01 9.86402900e-01 9.85530300e+01 2.47466000e+00 7.79266400e+00 2.12605000e+00 1.89931500e+00 1.26725200e+03 5.87523200e+03 2.55473700e+03 8.19788000e+02 2.31698300e+02 9.56861100e-01 2.45534300e-01 2.46861300e-01 2.51840500e+00 1.38243600e+01 1.08940200e+03 1.44298800e+02 1.03881200e+00 1.38907500e+01 1.06077200e+03 1.46831600e+02 1.41424900e-01 1.59918300e-01 3.39685100e+03 1.03675400e-02 8.13533500e-01 4.49172800e-01 7.24548300e+01 6.45495500e+02 8.26520500e+01 1.53814400e+03 8.94175900e+01 1.99167000e+03 9.50731400e+01 2.31687800e+03 2.36324100e+02 5.77506600e+03 4.59084800e-01 7.46218400e-01 4.76152400e-01 6.60878500e-01 4.74115800e-01 6.18229500e-01 4.68722600e-01 5.88108400e-01 2.96316600e-01 3.05254800e-01 1.33331300e+01 3.96686000e+02 1.88940600e+03 1.60722600e-01 6.71532900e-01 7.73430700e+00 1.32360100e+01 2.29942500e+03 8.56656300e+00
3.82094300e-04 1.15882800e+03 2.32619000e-02 1.18305500e-01 1.03932700e+00 6.36698600e-02 3.08409800e+00 9.70996800e-01 1.00204400e+00 6.81561300e+01 6.93854300e-01 3.06145700e-01 1.42212600e-01 9.69265700e-02 8.18220300e-01 8.26558600e-01 4.52724800e-01 6.08628500e-01 9.91100700e-01 9.98868400e+01 2.46339700e+00 8.36334200e+00 2.18477600e+00 1.92355200e+00 1.25585600e+03 5.94420900e+03 2.60177700e+03 8.42487300e+02 2.40028900e+02 9.70996800e-01 2.45772200e-01 2.47100100e-01 2.42825100e+00 1.37477800e+01 1.08869500e+03 1.44187500e+02 1.03942200e+00 1.38718900e+01 1.06184000e+03 1.46555900e+02 1.42085700e-01 1.59391000e-01 3.38302000e+03 1.03253400e-02 8.17969200e-01 4.51117600e-01 7.33943000e+01 6.36455400e+02 8.34384500e+01 1.51918900e+03 9.01188400e+01 1.96881700e+03 9.57109000e+01 2.29167700e+03 2.36180500e+02 5.74187500e+03 4.57787000e-01 7.56620600e-01 4.77518400e-01 6.71278600e-01 4.76741900e-01 6.28450900e-01 4.72155900e-01 5.98136700e-01 3.01799300e-01 3.11382800e-01 1.57396900e+01 3.98605400e+02 1.88675500e+03 1.66454400e-02 1.34256300e+00 4.49897500e+00 1.06965600e+01 2.30110000e+03 5.85818400e+00
1.22705400e-02 1.15720900e+03 2.31364200e-02 1.16228300e-01 1.04001900e+00 4.66363500e-02 3.04617600e+00 9.89390500e-01 1.00245100e+00 6.90313700e+01 7.06190700e-01 2.93809300e-01 1.40009800e-01 9.66507200e-02 8.02362100e-01 7.94040300e-01 4.34913800e-01 5.90727000e-01 9.65711000e-01 1.01644400e+02 2.35999200e+00 6.67877200e+00 2.10347500e+00 1.91615000e+00 1.20362600e+03 5.85986800e+03 2.61478500e+03 8.53800900e+02 2.43610000e+02 9.89390500e-01 2.45716300e-01 2.47044000e-01 2.44943600e+00 1.37305100e+01 1.08866500e+03 1.44823300e+02 1.04012800e+00 1.39236100e+01 1.06142000e+03 1.47243700e+02 1.41260700e-01 1.59726400e-01 3.33036700e+03 1.01646900e-02 8.27811000e-01 4.56344700e-01 7.41293100e+01 6.29261700e+02 8.39405700e+01 1.50498100e+03 9.04848000e+01 1.95235800e+03 9.59717800e+01 2.27412900e+03 2.34754800e+02 5.73304600e+03 4.40817200e-01 7.43197000e-01 4.62889500e-01 6.60747500e-01 4.63589700e-01 6.19169100e-01 4.60098300e-01 5.89661900e-01 2.98035800e-01 3.08081200e-01 8.80110800e+00 3.96268600e+02 1.89204500e+03 5.42193400e-02 2.50994400e+00 3.74948700e+00 1.09890200e+01 2.29711500e+03 6.31365000e+00
6.77577800e-03 1.15686700e+03 2.33065600e-02 1.16885000e-01 1.03940100e+00 6.32281700e-02 3.07634400e+00 9.59542600e-01 1.00183700e+00 6.87274200e+01 7.01835500e-01 2.98164500e-01 1.40836700e-01 9.67934500e-02 8.06320500e-01 8.03850000e-01 4.40286800e-01 5.95829100e-01 9.72618900e-01 1.00948500e+02 2.46220200e+00 8.28704800e+00 2.16790000e+00 1.91038100e+00 1.28304200e+03 6.00817300e+03 2.57962200e+03 8.29628900e+02 2.35184900e+02 9.59542600e-01 2.45790500e-01 2.47118500e-01 2.42072100e+00 1.37346500e+01 1.08852500e+03 1.44520900e+02 1.03949600e+00 1.39029800e+01 1.06184000e+03 1.46882500e+02 1.41765900e-01 1.59393400e-01 3.35013300e+03 1.02250000e-02 8.24149200e-01 4.54298300e-01 7.38766400e+01 6.31726800e+02 8.37721700e+01 1.50982300e+03 9.03659000e+01 1.95794200e+03 9.58911800e+01 2.28005900e+03 2.35298000e+02 5.73537600e+03 4.45888900e-01 7.46420200e-01 4.67108100e-01 6.63119000e-01 4.67291300e-01 6.21184000e-01 4.63423100e-01 5.91451600e-01 2.98756200e-01 3.08614600e-01 9.98880200e+00 3.98661700e+02 1.88897900e+03 7.86365000e-03 1.96545900e+00 3.56447200e+00 1.05677900e+01 2.29762900e+03 5.53779500e+00
1.27216500e-02 1.15721100e+03 2.32121700e-02 1.15076400e-01 1.03867800e+00 5.05830600e-02 3.04216600e+00 9.62784400e-01 1.00222100e+00 6.90606700e+01 7.08696300e-01 2.91303700e-01 1.38933700e-01 9.59485300e-02 7.87022700e-01 7.75531800e-01 4.24776300e-01 5.78194200e-01 9.47047700e-01 1.01843700e+02 2.39871300e+00 7.04803500e+00 2.09505700e+00 1.89347700e+00 1.26329100e+03 5.97502800e+03 2.56550800e+03 8.25382900e+02 2.33374600e+02 9.62784400e-01 2.45751000e-01 2.47078800e-01 2.43663500e+00 1.37574200e+01 1.08847900e+03 1.45067100e+02 1.03877800e+00 1.39651600e+01 1.06149700e+03 1.47469900e+02 1.41072600e-01 1.59463500e-01 3.30464200e+03 1.00862000e-02 8.31770400e-01 4.58308800e-01 7.41187900e+01 6.29170900e+02 8.38602600e+01 1.50537200e+03 9.03618000e+01 1.95326800e+03 9.58148200e+01 2.27552200e+03 2.33938500e+02 5.74392400e+03 4.30746100e-01 7.29240200e-01 4.52936900e-01 6.48620400e-01 4.53918200e-01 6.07923700e-01 4.50697600e-01 5.79026500e-01 2.92769100e-01 3.02757000e-01 8.72889900e+00 3.95609700e+02 1.89266300e+03 7.35487400e-02 2.59136600e+00 3.93801600e+00 1.08171200e+01 2.29700200e+03 6.60293100e+00
6.89980400e-03 1.15584900e+03 2.40146100e-02 1.15767300e-01 1.03874100e+00 5.00578800e-02 3.05306200e+00 9.80114300e-01 9.97974000e-01 6.95001200e+01 7.09276700e-01 2.90723300e-01 1.40427100e-01 9.75970000e-02 7.95653600e-01 7.83255200e-01 4.29006500e-01 5.84243600e-01 9.54401700e-01 1.01751100e+02 2.37873700e+00 6.85272200e+00 2.11800900e+00 1.91623200e+00 1.23596700e+03 6.00069200e+03 2.60720900e+03 8.49887000e+02 2.43095500e+02 9.80114300e-01 2.46045600e-01 2.47374500e-01 2.30539700e+00 1.36780800e+01 1.08763600e+03 1.44267700e+02 1.03875800e+00 1.38884800e+01 1.06336600e+03 1.46404200e+02 1.42739700e-01 1.58471200e-01 3.34034100e+03 1.01951200e-02 8.27427400e-01 4.55450300e-01 7.45805900e+01 6.25233500e+02 8.43667500e+01 1.49609200e+03 9.08990000e+01 1.94132100e+03 9.63782100e+01 2.26168000e+03 2.35211900e+02 5.71069800e+03 4.35074900e-01 7.37294900e-01 4.57633500e-01 6.55848700e-01 4.58693800e-01 6.14725200e-01 4.55485400e-01 5.85521300e-01 2.96068100e-01 3.06201200e-01 9.95252400e+00 3.95682500e+02 1.88892900e+03 6.20950600e-02 2.50994400e+00 3.87755400e+00 1.06845500e+01 2.29456400e+03 6.44959300e+00
6.20346400e-03 1.15761300e+03 2.35145400e-02 1.16900900e-01 1.03878300e+00 4.66914000e-02 3.04432900e+00 9.90363300e-01 9.98651400e-01 6.86834700e+01 7.00979400e-01 2.99020600e-01 1.41060500e-01 9.68852700e-02 8.01609700e-01 8.00300100e-01 4.38342400e-01 5.92772700e-01 9.67245800e-01 1.00723000e+02 2.36320500e+00 6.62078900e+00 2.09959500e+00 1.91240500e+00 1.19863600e+03 5.85893300e+03 2.60746200e+03 8.53642000e+02 2.44391500e+02 9.90363300e-01 2.45871400e-01 2.47199700e-01 2.38596600e+00 1.37324400e+01 1.08828600e+03 1.44357300e+02 1.03884900e+00 1.38958900e+01 1.06233600e+03 1.46648100e+02 1.42153900e-01 1.59039300e-01 3.35548200e+03 1.02413200e-02 8.23255400e-01 4.53662400e-01 7.38436500e+01 6.32070600e+02 8.37578800e+01 1.51043800e+03 9.03627300e+01 1.95860300e+03 9.58967200e+01 2.28071600e+03 2.35456000e+02 5.73456700e+03 4.43847900e-01 7.41973300e-01 4.64754400e-01 6.59072700e-01 4.64834900e-01 6.17353600e-01 4.60919300e-01 5.87779600e-01 2.96864800e-01 3.06621300e-01 1.01652900e+01 3.96210900e+02 1.89299000e+03 1.63742700e-03 1.81943000e+00 3.72048300e+00 1.03187700e+01 2.29936600e+03 5.54155000e+00
6.63633800e-04 1.16240300e+03 2.28171300e-02 1.18025400e-01 1.03853900e+00 6.30512900e-02 3.07488900e+00 9.92111200e-01 1.00089500e+00 6.76214600e+01 6.90579300e-01 3.09420700e-01 1.41487600e-01 9.56760000e-02 8.21221500e-01 8.34015900e-01 4.56809400e-01 6.12488100e-01 9.98660800e-01 9.94842600e+01 2.41326900e+00 8.40301500e+00 2.16474800e+00 1.90827800e+00 1.18750300e+03 5.74930100e+03 2.59808800e+03 8.48947900e+02 2.42645500e+02 9.92111200e-01 2.45563500e-01 2.46890700e-01 2.50570100e+00 1.38153500e+01 1.08919600e+03 1.44600500e+02 1.03867300e+00 1.39216600e+01 1.06081000e+03 1.47119400e+02 1.41170500e-01 1.59850900e-01 3.36569200e+03 1.02724700e-02 8.19240200e-01 4.52090400e-01 7.28698900e+01 6.41275300e+02 8.29291700e+01 1.52989400e+03 8.96145600e+01 1.98216600e+03 9.52084300e+01 2.30678700e+03 2.35473700e+02 5.77048900e+03 4.61647600e-01 7.59063100e-01 4.80703400e-01 6.73079700e-01 4.79528700e-01 6.29985200e-01 4.74656000e-01 5.99502900e-01 3.02362500e-01 3.11810600e-01 1.46355600e+01 3.97801000e+02 1.89578900e+03 4.48716600e-02 1.15641700e+00 5.22446300e+00 1.01558600e+01 2.30822500e+03 6.42575100e+00
3.74593400e-05 1.16395200e+03 2.34746300e-02 1.19735900e-01 1.04007900e+00 6.59306600e-02 3.09243900e+00 9.69275500e-01 1.00204800e+00 6.80828900e+01 6.89650500e-01 3.10349500e-01 1.43855700e-01 9.79411000e-02 8.25888700e-01 8.40013900e-01 4.60094600e-01 6.16430800e-01 1.00092700e+00 9.93674100e+01 2.48785400e+00 8.55255100e+00 2.20307500e+00 1.93091200e+00 1.26402700e+03 5.95943300e+03 2.60626300e+03 8.44714600e+02 2.41249600e+02 9.69275500e-01 2.45855600e-01 2.47183800e-01 2.39257100e+00 1.37100200e+01 1.08857200e+03 1.43658400e+02 1.04014400e+00 1.38113900e+01 1.06241200e+03 1.45950600e+02 1.42888700e-01 1.59189500e-01 3.42229700e+03 1.04451700e-02 8.12126200e-01 4.47941400e-01 7.33846300e+01 6.36842400e+02 8.35389000e+01 1.51910100e+03 9.02860300e+01 1.96804100e+03 9.59309000e+01 2.29023100e+03 2.37405900e+02 5.72658400e+03 4.64855700e-01 7.63282500e-01 4.83809400e-01 6.76716400e-01 4.82517600e-01 6.33345300e-01 4.77542000e-01 6.02673100e-01 3.03909000e-01 3.13370600e-01 2.03845100e+01 3.99729400e+02 1.89046900e+03 5.52172000e-02 1.09677200e+00 5.47004100e+00 1.06986900e+01 2.31058300e+03 6.62203000e+00
7.27566100e-03 1.15521800e+03 2.34555900e-02 1.17348100e-01 1.04046100e+00 4.81961000e-02 3.05103700e+00 9.76055200e-01 9.99787400e-01 6.90423600e+01 7.03265400e-01 2.96734600e-01 1.41448900e-01 9.76596300e-02 8.03187500e-01 7.98804400e-01 4.37523200e-01 5.92801100e-01 9.66627500e-01 1.01213000e+02 2.39918300e+00 6.79473900e+00 2.11372400e+00 1.91949000e+00 1.24034600e+03 5.94431500e+03 2.60562000e+03 8.46599400e+02 2.41331400e+02 9.76055200e-01 2.45848300e-01 2.47176500e-01 2.39573300e+00 1.36906000e+01 1.08839200e+03 1.44286500e+02 1.04052700e+00 1.38666800e+01 1.06222200e+03 1.46595500e+02 1.42173800e-01 1.59352100e-01 3.36476500e+03 1.02696400e-02 8.22714800e-01 4.53468000e-01 7.41889400e+01 6.28966500e+02 8.40880200e+01 1.50356600e+03 9.06862800e+01 1.95005200e+03 9.62164000e+01 2.27105600e+03 2.35856200e+02 5.71678400e+03 4.43219300e-01 7.43661900e-01 4.64666100e-01 6.60826300e-01 4.65015800e-01 6.19102300e-01 4.61278100e-01 5.89510700e-01 2.97828500e-01 3.07727000e-01 9.84644100e+00 3.95812100e+02 1.88899200e+03 2.05657900e-02 2.19351700e+00 3.53616200e+00 1.00350100e+01 2.29465100e+03 5.75024500e+00
6.28332000e-05 1.16055500e+03 2.39917200e-02 1.17349100e-01 1.04002100e+00 5.62084700e-02 3.07897500e+00 9.77708000e-01 9.98936400e-01 6.93463100e+01 7.04744100e-01 2.95255900e-01 1.41985900e-01 9.84620200e-02 8.12272400e-01 8.05824300e-01 4.41368100e-01 5.98758000e-01 9.75416300e-01 1.01255600e+02 2.42710000e+00 7.48138400e+00 2.17361100e+00 1.94249400e+00 1.25717500e+03 6.05403500e+03 2.63654400e+03 8.59063100e+02 2.46109800e+02 9.77708000e-01 2.46039000e-01 2.47367800e-01 2.30899700e+00 1.36497300e+01 1.08779000e+03 1.43876500e+02 1.04003500e+00 1.38338200e+01 1.06340400e+03 1.46014400e+02 1.43153200e-01 1.58637900e-01 3.37760300e+03 1.03088100e-02 8.21535400e-01 4.52447400e-01 7.44895300e+01 6.26323500e+02 8.43885800e+01 1.49760100e+03 9.09891000e+01 1.94255000e+03 9.65221800e+01 2.26251100e+03 2.36353500e+02 5.69951000e+03 4.47242000e-01 7.52223500e-01 4.69258000e-01 6.68601200e-01 4.69788500e-01 6.26456300e-01 4.66130700e-01 5.96556600e-01 3.01446800e-01 3.11538500e-01 1.93500500e+01 3.95997800e+02 1.88972700e+03 2.21965400e-02 2.19351700e+00 3.61064800e+00 1.02087900e+01 2.30507500e+03 5.82636200e+00
6.68387600e-04 1.15909900e+03 2.33319700e-02 1.18320300e-01 1.03888900e+00 4.75374700e-02 3.05870100e+00 9.83605400e-01 1.00297100e+00 6.80609100e+01 6.92814000e-01 3.07186000e-01 1.42297400e-01 9.68489100e-02 8.11151400e-01 8.20808800e-01 4.49575500e-01 6.03882300e-01 9.83225300e-01 9.96929100e+01 2.40841800e+00 6.76116900e+00 2.12998700e+00 1.93680800e+00 1.22601100e+03 5.91963800e+03 2.63046900e+03 8.58071700e+02 2.45313900e+02 9.83605400e-01 2.45800600e-01 2.47128600e-01 2.41643800e+00 1.37541400e+01 1.08861500e+03 1.44130100e+02 1.03896600e+00 1.38724500e+01 1.06199300e+03 1.46476000e+02 1.42220900e-01 1.59233100e-01 3.38504800e+03 1.03315300e-02 8.17446300e-01 4.50782800e-01 7.33066400e+01 6.37293300e+02 8.33669900e+01 1.52093300e+03 9.00565100e+01 1.97090800e+03 9.56554600e+01 2.29397400e+03 2.36216900e+02 5.74465600e+03 4.54525900e-01 7.49977500e-01 4.73848500e-01 6.65267500e-01 4.72952500e-01 6.22774600e-01 4.68319800e-01 5.92703900e-01 2.99014200e-01 3.08462300e-01 1.46212800e+01 3.95970600e+02 1.88999300e+03 2.90880600e-02 1.21731700e+00 4.92602300e+00 1.14404000e+01 2.30058500e+03 6.17242800e+00
7.31953700e-06 1.16285700e+03 2.43343900e-02 1.17167500e-01 1.03904700e+00 6.09660300e-02 3.09539300e+00 9.76849900e-01 1.00240000e+00 6.93682900e+01 7.04596300e-01 2.95403700e-01 1.42147100e-01 9.86049800e-02 8.15681800e-01 8.09409100e-01 4.43331700e-01 6.01346500e-01 9.79355300e-01 1.01066200e+02 2.44721600e+00 7.85675000e+00 2.20959200e+00 1.95595000e+00 1.27223800e+03 6.13621300e+03 2.65259800e+03 8.64668300e+02 2.48277500e+02 9.76849900e-01 2.46151900e-01 2.47481200e-01 2.25600200e+00 1.36432900e+01 1.08740500e+03 1.43661800e+02 1.03902800e+00 1.38265500e+01 1.06412900e+03 1.45695100e+02 1.43717000e-01 1.58098500e-01 3.38145400e+03 1.03205600e-02 8.21031200e-01 4.51909300e-01 7.45178900e+01 6.26094200e+02 8.44241800e+01 1.49702200e+03 9.10293300e+01 1.94177900e+03 9.65662000e+01 2.26159600e+03 2.36483100e+02 5.69684000e+03 4.49204500e-01 7.55367500e-01 4.71284300e-01 6.71380900e-01 4.71801700e-01 6.29054500e-01 4.68117800e-01 5.99026900e-01 3.02689200e-01 3.12816100e-01 2.36499300e+01 3.97026800e+02 1.88833700e+03 1.16451300e-02 2.04033800e+00 3.70034800e+00 1.09490100e+01 2.30901400e+03 5.75233100e+00
7.86507100e-03 1.15777400e+03 2.44368800e-02 1.16511700e-01 1.04002200e+00 5.34247500e-02 3.06042100e+00 9.62498600e-01 9.97770800e-01 7.00238000e+01 7.11229600e-01 2.88770400e-01 1.41593700e-01 9.91493100e-02 7.95078800e-01 7.80056100e-01 4.27254300e-01 5.82838600e-01 9.50139300e-01 1.02063800e+02 2.42337700e+00 7.11517300e+00 2.13365400e+00 1.91743100e+00 1.28721800e+03 6.12401200e+03 2.59310600e+03 8.39164900e+02 2.39494300e+02 9.62498600e-01 2.46190900e-01 2.47520300e-01 2.24051900e+00 1.36014000e+01 1.08724600e+03 1.43751900e+02 1.03998800e+00 1.38224600e+01 1.06432000e+03 1.45755900e+02 1.43711200e-01 1.58151800e-01 3.36822800e+03 1.02802100e-02 8.24498500e-01 4.53653600e-01 7.51081600e+01 6.20703700e+02 8.49095800e+01 1.48572000e+03 9.14550300e+01 1.92817300e+03 9.69467600e+01 2.24661900e+03 2.36255500e+02 5.67838300e+03 4.33453100e-01 7.36958400e-01 4.56415300e-01 6.55769000e-01 4.57705300e-01 6.14742900e-01 4.54659400e-01 5.85595900e-01 2.96179100e-01 3.06417300e-01 9.69064800e+00 3.95677500e+02 1.89233100e+03 9.84016700e-02 2.75631800e+00 4.17215300e+00 1.08228900e+01 2.29769900e+03 7.02687200e+00
6.12556500e-03 1.15682600e+03 2.34738000e-02 1.17694900e-01 1.03996700e+00 5.58064200e-02 3.05801100e+00 9.58423200e-01 9.96008300e-01 6.87677000e+01 7.00118500e-01 2.99881500e-01 1.41813900e-01 9.75221300e-02 8.01285800e-01 8.01127500e-01 4.38795600e-01 5.92959300e-01 9.66262700e-01 1.00733100e+02 2.44723200e+00 7.55462600e+00 2.12851800e+00 1.90372700e+00 1.27825000e+03 5.98746400e+03 2.56852400e+03 8.26849200e+02 2.34550300e+02 9.58423200e-01 2.45855300e-01 2.47183500e-01 2.39270900e+00 1.37047300e+01 1.08839900e+03 1.44183100e+02 1.04004000e+00 1.38632300e+01 1.06229800e+03 1.46483100e+02 1.42305200e-01 1.59244600e-01 3.37349000e+03 1.02962600e-02 8.20791900e-01 4.52443500e-01 7.39474000e+01 6.31246400e+02 8.38990800e+01 1.50825800e+03 9.05275500e+01 1.95563800e+03 9.60806700e+01 2.27714900e+03 2.36054200e+02 5.72310800e+03 4.44236900e-01 7.41584800e-01 4.64941700e-01 6.58629100e-01 4.64918500e-01 6.16896600e-01 4.60933200e-01 5.87318600e-01 2.96591400e-01 3.06299400e-01 1.01905700e+01 3.96250500e+02 1.88911800e+03 1.96989600e-03 1.89191900e+00 3.62154700e+00 1.25771700e+01 2.29555900e+03 5.51543600e+00
1.65457600e-02 1.15460500e+03 2.29022800e-02 1.18185100e-01 1.03946000e+00 4.97344900e-02 3.04238300e+00 9.59616700e-01 1.00066300e+00 6.79437300e+01 6.92977000e-01 3.07023000e-01 1.41732500e-01 9.62983700e-02 7.99100700e-01 8.08400000e-01 4.42778900e-01 5.94831900e-01 9.69453200e-01 9.98642300e+01 2.43605300e+00 7.06939700e+00 2.09551100e+00 1.89710400e+00 1.26208200e+03 5.89722200e+03 2.55909200e+03 8.22545900e+02 2.32496100e+02 9.59616700e-01 2.45602100e-01 2.46929400e-01 2.49032500e+00 1.37798900e+01 1.08910800e+03 1.44493800e+02 1.03958300e+00 1.38992000e+01 1.06103900e+03 1.46980800e+02 1.41377000e-01 1.59875300e-01 3.37154600e+03 1.02903300e-02 8.19139400e-01 4.51996800e-01 7.31777500e+01 6.38404000e+02 8.32161100e+01 1.52362300e+03 8.98912600e+01 1.97442000e+03 9.54782900e+01 2.29808200e+03 2.35753200e+02 5.75539800e+03 4.47670500e-01 7.38852000e-01 4.66742500e-01 6.55416800e-01 4.65879100e-01 6.13560700e-01 4.61328400e-01 5.83939700e-01 2.94601800e-01 3.03916700e-01 8.20325000e+00 3.95653300e+02 1.88947200e+03 1.76181800e-02 1.34256300e+00 4.42232000e+00 1.00980400e+01 2.29332900e+03 5.78250100e+00
5.41788600e-03 1.15692600e+03 2.30080600e-02 1.18434800e-01 1.04049800e+00 5.47163000e-02 3.05523000e+00 9.65158100e-01 9.96687800e-01 6.82916300e+01 6.95335100e-01 3.04664900e-01 1.42088000e-01 9.70341800e-02 8.07281200e-01 8.13533400e-01 4.45590600e-01 5.99764100e-01 9.76879800e-01 1.00252700e+02 2.43953300e+00 7.55767800e+00 2.12260600e+00 1.90258200e+00 1.25327300e+03 5.88636800e+03 2.57042900e+03 8.29128000e+02 2.35100200e+02 9.65158100e-01 2.45653800e-01 2.46981300e-01 2.47152700e+00 1.37390600e+01 1.08900300e+03 1.44348200e+02 1.04061900e+00 1.38713800e+01 1.06126800e+03 1.46800900e+02 1.41647000e-01 1.59890600e-01 3.38004200e+03 1.03162500e-02 8.18719800e-01 4.51725300e-01 7.35168700e+01 6.35286800e+02 8.35380300e+01 1.51675900e+03 9.02054100e+01 1.96590300e+03 9.57876700e+01 2.28848000e+03 2.36125200e+02 5.73805100e+03 4.50692900e-01 7.46654300e-01 4.70493100e-01 6.62601100e-01 4.69903600e-01 6.20395600e-01 4.65499700e-01 5.90512500e-01 2.98011200e-01 3.07543600e-01 1.04361000e+01 3.96069600e+02 1.89012300e+03 2.55729500e-03 1.60798500e+00 3.82868800e+00 1.17830800e+01 2.29662900e+03 5.43923000e+00
4.23974400e-03 1.15672000e+03 2.32955900e-02 1.19141000e-01 1.04076100e+00 4.60013400e-02 3.05099200e+00 9.61020500e-01 1.00118900e+00 6.83721900e+01 6.93926900e-01 3.06073100e-01 1.43081700e-01 9.78281200e-02 8.05750200e-01 8.13865000e-01 4.45772300e-01 5.99317200e-01 9.74452500e-01 1.00027300e+02 2.44673100e+00 6.62078900e+00 2.11363000e+00 1.92784800e+00 1.27891000e+03 5.99527800e+03 2.59959400e+03 8.38248000e+02 2.37946600e+02 9.61020500e-01 2.45786100e-01 2.47114000e-01 2.42256900e+00 1.37053900e+01 1.08872700e+03 1.43946800e+02 1.04084500e+00 1.38297900e+01 1.06199300e+03 1.46298200e+02 1.42386200e-01 1.59538800e-01 3.40379700e+03 1.03887300e-02 8.15452400e-01 4.49819000e-01 7.36246100e+01 6.34460000e+02 8.36986200e+01 1.51444100e+03 9.03989500e+01 1.96267300e+03 9.60077600e+01 2.28453400e+03 2.36902600e+02 5.72415400e+03 4.50764100e-01 7.45094500e-01 4.70207100e-01 6.61057900e-01 4.69449200e-01 6.18884400e-01 4.64937700e-01 5.89032900e-01 2.97200300e-01 3.06644800e-01 1.09265000e+01 3.95932700e+02 1.89070800e+03 9.65300300e-03 1.47275900e+00 4.13652100e+00 1.02540500e+01 2.29756800e+03 5.61893300e+00
3.09790700e-03 1.15665000e+03 2.36928800e-02 1.16675600e-01 1.03949600e+00 6.36035900e-02 3.08000300e+00 9.67855000e-01 1.00048600e+00 6.91558800e+01 7.05148900e-01 2.94851100e-01 1.41013600e-01 9.75191900e-02 8.08012600e-01 8.01048600e-01 4.38752400e-01 5.95413700e-01 9.71636000e-01 1.01322600e+02 2.44477000e+00 8.23211700e+00 2.17584600e+00 1.91594400e+00 1.26808300e+03 6.01787000e+03 2.59417300e+03 8.39315100e+02 2.39130500e+02 9.67855000e-01 2.45943400e-01 2.47271900e-01 2.35677600e+00 1.36920900e+01 1.08806600e+03 1.44279100e+02 1.03954900e+00 1.38790100e+01 1.06271700e+03 1.46513300e+02 1.42415800e-01 1.58940100e-01 3.35436000e+03 1.02379000e-02 8.24532800e-01 4.54210300e-01 7.42827500e+01 6.28035000e+02 8.41421700e+01 1.50180100e+03 9.07169400e+01 1.94806900e+03 9.62287800e+01 2.26899800e+03 2.35558800e+02 5.71714400e+03 4.44602200e-01 7.48325100e-01 4.66602700e-01 6.65188400e-01 4.67184600e-01 6.23280600e-01 4.63583400e-01 5.93546400e-01 2.99950900e-01 3.10011500e-01 1.15540600e+01 3.98375300e+02 1.88738500e+03 2.70372800e-02 2.27128100e+00 3.62182300e+00 1.00655600e+01 2.29731500e+03 5.92014100e+00
1.68852700e-03 1.15740300e+03 2.35966300e-02 1.16291200e-01 1.03844700e+00 5.85805200e-02 3.07610000e+00 9.76408800e-01 1.00253800e+00 6.88592500e+01 7.03616800e-01 2.96383200e-01 1.40532900e-01 9.67699300e-02 8.07220000e-01 8.02339200e-01 4.39459300e-01 5.95600800e-01 9.72771300e-01 1.01031900e+02 2.42264600e+00 7.77130100e+00 2.16737000e+00 1.92775000e+00 1.25062600e+03 6.00732300e+03 2.61734400e+03 8.50074600e+02 2.42617500e+02 9.76408800e-01 2.45904800e-01 2.47233200e-01 2.37246500e+00 1.37312900e+01 1.08814100e+03 1.44452800e+02 1.03850900e+00 1.39096300e+01 1.06245000e+03 1.46722300e+02 1.42129200e-01 1.58909900e-01 3.34287100e+03 1.02028400e-02 8.25544000e-01 4.54780100e-01 7.39886100e+01 6.30642700e+02 8.38508800e+01 1.50766300e+03 9.04251800e+01 1.95542600e+03 9.59354800e+01 2.27736300e+03 2.35104600e+02 5.73373400e+03 4.45201300e-01 7.47434300e-01 4.66839400e-01 6.64222000e-01 4.67236100e-01 6.22302000e-01 4.63510800e-01 5.92568900e-01 2.99396100e-01 3.09361400e-01 1.27678000e+01 3.96475400e+02 1.88880900e+03 1.06067500e-02 2.04033800e+00 3.64516600e+00 1.10586300e+01 2.29805200e+03 5.69611000e+00
4.09948700e-05 1.16068600e+03 2.41002200e-02 1.17158600e-01 1.03873000e+00 5.14277700e-02 3.07453100e+00 9.71901000e-01 1.00059100e+00 6.90643300e+01 7.02500100e-01 2.97499900e-01 1.41904000e-01 9.80050200e-02 8.06374000e-01 8.03007000e-01 4.39825100e-01 5.95536300e-01 9.70308000e-01 1.00797400e+02 2.43402600e+00 6.99310300e+00 2.16397300e+00 1.95246000e+00 1.27810400e+03 6.13270400e+03 2.64458100e+03 8.59172000e+02 2.45774000e+02 9.71901000e-01 2.46071700e-01 2.47400700e-01 2.29201000e+00 1.36762000e+01 1.08765700e+03 1.43842600e+02 1.03873400e+00 1.38478700e+01 1.06363300e+03 1.45947100e+02 1.43295200e-01 1.58319800e-01 3.37564300e+03 1.03028300e-02 8.21177900e-01 4.52149100e-01 7.42276300e+01 6.28692000e+02 8.41521000e+01 1.50273000e+03 9.07661300e+01 1.94885000e+03 9.63089200e+01 2.26955800e+03 2.36209600e+02 5.71087300e+03 4.45470900e-01 7.46536100e-01 4.66837300e-01 6.63295500e-01 4.67099300e-01 6.21380000e-01 4.63285200e-01 5.91657200e-01 2.98879700e-01 3.08777700e-01 2.02041300e+01 3.95598800e+02 1.88980700e+03 2.85348500e-03 1.89191900e+00 3.78340500e+00 1.00837000e+01 2.30560900e+03 5.67817700e+00
4.76276200e-03 1.15520100e+03 2.35131300e-02 1.16912700e-01 1.03884000e+00 4.75844000e-02 3.05417200e+00 9.73703800e-01 1.00187200e+00 6.86981200e+01 7.01084900e-01 2.98915100e-01 1.41071000e-01 9.69130900e-02 8.00515300e-01 7.99066600e-01 4.37666800e-01 5.91911300e-01 9.65822300e-01 1.00745600e+02 2.40717400e+00 6.71234100e+00 2.12036300e+00 1.92787500e+00 1.25227500e+03 5.99959100e+03 2.61480400e+03 8.48333200e+02 2.41688200e+02 9.73703800e-01 2.45870800e-01 2.47199100e-01 2.38619900e+00 1.37308600e+01 1.08828900e+03 1.44355400e+02 1.03890800e+00 1.38949100e+01 1.06229800e+03 1.46649700e+02 1.42154500e-01 1.59049900e-01 3.35573100e+03 1.02420800e-02 8.23252800e-01 4.53663700e-01 7.38576400e+01 6.31943300e+02 8.37709000e+01 1.51015900e+03 9.03752800e+01 1.95825800e+03 9.59089400e+01 2.28032800e+03 2.35468200e+02 5.73389500e+03 4.43171800e-01 7.40970700e-01 4.64072800e-01 6.58193700e-01 4.64165600e-01 6.16535000e-01 4.60263900e-01 5.87003200e-01 2.96476200e-01 3.06225300e-01 1.06938600e+01 3.95852200e+02 1.88767100e+03 2.04745000e-03 1.89191900e+00 3.70214700e+00 1.05885500e+01 2.29421700e+03 5.59611300e+00
1.76208900e-02 1.15721000e+03 2.32504800e-02 1.15905200e-01 1.03963400e+00 4.75381000e-02 3.04506500e+00 9.55644300e-01 1.00286300e+00 6.91119400e+01 7.07312900e-01 2.92687100e-01 1.39800800e-01 9.66190600e-02 7.89614200e-01 7.79930900e-01 4.27185700e-01 5.80785600e-01 9.49813700e-01 1.01736000e+02 2.42189100e+00 6.74285900e+00 2.10114000e+00 1.91057500e+00 1.29185800e+03 6.05156700e+03 2.58138000e+03 8.27993500e+02 2.33823500e+02 9.55644300e-01 2.45767400e-01 2.47095300e-01 2.43017800e+00 1.37289100e+01 1.08850400e+03 1.44820000e+02 1.03973400e+00 1.39285600e+01 1.06164900e+03 1.47204700e+02 1.41379900e-01 1.59535000e-01 3.32537000e+03 1.01494500e-02 8.28759600e-01 4.56741000e-01 7.41992800e+01 6.28586200e+02 8.39885900e+01 1.50364300e+03 9.05199400e+01 1.95080500e+03 9.59969600e+01 2.27247100e+03 2.34619200e+02 5.73221500e+03 4.33060100e-01 7.31503500e-01 4.55028600e-01 6.50479100e-01 4.55852100e-01 6.09600500e-01 4.52509300e-01 5.80582900e-01 2.93493700e-01 3.03441800e-01 8.07734000e+00 3.95725900e+02 1.89286800e+03 6.31570500e-02 2.50994400e+00 3.83604200e+00 1.13396700e+01 2.29667200e+03 6.40914300e+00
7.01736900e-03 1.15716600e+03 2.27852400e-02 1.18680400e-01 1.03957200e+00 4.85609500e-02 3.03880500e+00 9.69314200e-01 9.95033200e-01 6.77093500e+01 6.90022700e-01 3.09977300e-01 1.42110800e-01 9.62223100e-02 8.02887500e-01 8.16129300e-01 4.47012400e-01 5.99083200e-01 9.75731600e-01 9.95183400e+01 2.41787400e+00 6.97784400e+00 2.08802800e+00 1.89477100e+00 1.23195800e+03 5.81385700e+03 2.56221400e+03 8.27683300e+02 2.34546900e+02 9.69314200e-01 2.45550000e-01 2.46877000e-01 2.51146700e+00 1.37904700e+01 1.08929300e+03 1.44454900e+02 1.03970700e+00 1.38938100e+01 1.06081000e+03 1.46978700e+02 1.41296300e-01 1.60028700e-01 3.38058800e+03 1.03179200e-02 8.17266200e-01 4.51111300e-01 7.29737000e+01 6.40403300e+02 8.30619400e+01 1.52767900e+03 8.97657300e+01 1.97920900e+03 9.53746000e+01 2.30327300e+03 2.35973800e+02 5.76015700e+03 4.51693400e-01 7.42061000e-01 4.70199000e-01 6.57942000e-01 4.68984900e-01 6.15791100e-01 4.64176100e-01 5.85979700e-01 2.95513800e-01 3.04726700e-01 9.91873400e+00 3.95725100e+02 1.88852600e+03 4.11782800e-02 1.15641700e+00 4.99060200e+00 1.39749000e+01 2.29416900e+03 6.18819700e+00
1.53234500e-02 1.15482700e+03 2.31853100e-02 1.17306200e-01 1.04018300e+00 5.31602300e-02 3.05015200e+00 9.73160400e-01 1.00036700e+00 6.87384000e+01 7.01296000e-01 2.98704000e-01 1.41136700e-01 9.70151000e-02 8.02715000e-01 8.00979300e-01 4.38714400e-01 5.93432900e-01 9.68192400e-01 1.00978500e+02 2.40599000e+00 7.34710700e+00 2.11185500e+00 1.89884500e+00 1.23380600e+03 5.87426000e+03 2.57522500e+03 8.34370800e+02 2.37184400e+02 9.73160400e-01 2.45739000e-01 2.47066700e-01 2.44116200e+00 1.37256300e+01 1.08870100e+03 1.44504600e+02 1.04028500e+00 1.38908700e+01 1.06161100e+03 1.46902600e+02 1.41660000e-01 1.59651600e-01 3.35730200e+03 1.02468700e-02 8.23106900e-01 4.53867200e-01 7.38962900e+01 6.31598300e+02 8.38093200e+01 1.50938300e+03 9.04138500e+01 1.95728400e+03 9.59477900e+01 2.27922000e+03 2.35529700e+02 5.73168500e+03 4.44257200e-01 7.43026900e-01 4.65259800e-01 6.60042600e-01 4.65376700e-01 6.18276200e-01 4.61480600e-01 5.88666900e-01 2.97324700e-01 3.07111100e-01 8.35674100e+00 3.95710700e+02 1.88998400e+03 9.26683100e-03 2.04033800e+00 3.50322600e+00 1.00493500e+01 2.29405200e+03 5.55283100e+00
8.52586300e-03 1.15623300e+03 2.37202500e-02 1.18278800e-01 1.04047900e+00 4.62581000e-02 3.05037300e+00 9.58253500e-01 1.00121800e+00 6.89398200e+01 6.99866900e-01 3.00133100e-01 1.42644200e-01 9.83386500e-02 7.99610000e-01 7.99787300e-01 4.38061500e-01 5.91843200e-01 9.63037400e-01 1.00696200e+02 2.44079000e+00 6.55975300e+00 2.11232300e+00 1.92566600e+00 1.29107700e+03 6.06410300e+03 2.59683700e+03 8.37213100e+02 2.37899500e+02 9.58253500e-01 2.45953900e-01 2.47282400e-01 2.35234100e+00 1.36674500e+01 1.08816900e+03 1.43844600e+02 1.04052000e+00 1.38243100e+01 1.06287000e+03 1.46063900e+02 1.42924800e-01 1.59000600e-01 3.39333800e+03 1.03568200e-02 8.18289700e-01 4.50974900e-01 7.41355300e+01 6.29663300e+02 8.41196100e+01 1.50441200e+03 9.07692400e+01 1.95061000e+03 9.63399100e+01 2.27126100e+03 2.36734900e+02 5.70756600e+03 4.43474800e-01 7.40006800e-01 4.64077500e-01 6.57197300e-01 4.64022900e-01 6.15542700e-01 4.60024300e-01 5.86021600e-01 2.95919600e-01 3.05596200e-01 9.52930200e+00 3.95908800e+02 1.89129800e+03 1.32364800e-03 1.81943000e+00 3.64265000e+00 1.02652200e+01 2.29673700e+03 5.46340300e+00
5.07021300e-03 1.15634900e+03 2.36146900e-02 1.16961900e-01 1.03999100e+00 5.57836900e-02 3.06535700e+00 9.59198300e-01 9.99131300e-01 6.91558800e+01 7.04713800e-01 2.95286200e-01 1.41221700e-01 9.76631000e-02 8.01242900e-01 7.94923100e-01 4.35397300e-01 5.90642800e-01 9.63495300e-01 1.01329000e+02 2.44634500e+00 7.51190200e+00 2.14421200e+00 1.91785000e+00 1.28918500e+03 6.05892200e+03 2.59011900e+03 8.34172100e+02 2.36810000e+02 9.59198300e-01 2.45912200e-01 2.47240600e-01 2.36951100e+00 1.36864700e+01 1.08817700e+03 1.44264800e+02 1.04005400e+00 1.38708900e+01 1.06256500e+03 1.46522600e+02 1.42354800e-01 1.59101200e-01 3.35933400e+03 1.02530700e-02 8.23793900e-01 4.53898000e-01 7.42900400e+01 6.28004500e+02 8.41623000e+01 1.50162300e+03 9.07449600e+01 1.94776900e+03 9.62630800e+01 2.26859100e+03 2.35717400e+02 5.71485600e+03 4.41164800e-01 7.42011000e-01 4.62885000e-01 6.59526200e-01 4.63410000e-01 6.17954300e-01 4.59803000e-01 5.88461100e-01 2.97360500e-01 3.07314400e-01 1.05687400e+01 3.96167000e+02 1.88991400e+03 2.78593000e-02 2.27128100e+00 3.59948600e+00 1.01485200e+01 2.29665000e+03 5.89862600e+00
1.50345100e-02 1.15397100e+03 2.35029300e-02 1.16826800e-01 1.03978600e+00 4.67870300e-02 3.04168200e+00 9.71500300e-01 9.98939100e-01 6.90423600e+01 7.04259700e-01 2.95740300e-01 1.40974900e-01 9.73323700e-02 7.95384000e-01 7.89716900e-01 4.32545800e-01 5.86549200e-01 9.57236100e-01 1.01272000e+02 2.39320400e+00 6.63299600e+00 2.09404400e+00 1.90698400e+00 1.24534400e+03 5.94848700e+03 2.58640700e+03 8.38239200e+02 2.38471700e+02 9.71500300e-01 2.45866800e-01 2.47195000e-01 2.38788500e+00 1.37034100e+01 1.08829500e+03 1.44385300e+02 1.03985200e+00 1.38851800e+01 1.06229800e+03 1.46681000e+02 1.42112200e-01 1.59208700e-01 3.35343400e+03 1.02350700e-02 8.24393600e-01 4.54287400e-01 7.41723000e+01 6.29036300e+02 8.40421200e+01 1.50397300e+03 9.06224200e+01 1.95073900e+03 9.61382000e+01 2.27198600e+03 2.35494900e+02 5.72200000e+03 4.38260600e-01 7.36536900e-01 4.59716400e-01 6.54606700e-01 4.60180400e-01 6.13322400e-01 4.56560200e-01 5.84036200e-01 2.95105900e-01 3.04960800e-01 8.39481400e+00 3.96019900e+02 1.88752200e+03 2.37718800e-02 2.19351700e+00 3.58011600e+00 1.02078500e+01 2.29193600e+03 5.79740500e+00
7.70488100e-04 1.15648500e+03 2.39187700e-02 1.17295100e-01 1.03932000e+00 5.02793700e-02 3.06582600e+00 9.72731600e-01 1.00120700e+00 6.90643300e+01 7.02594300e-01 2.97405700e-01 1.41859000e-01 9.79739700e-02 8.04910300e-01 8.01422400e-01 4.38957100e-01 5.94408200e-01 9.68546700e-01 1.00907200e+02 2.42282000e+00 6.91375700e+00 2.14521700e+00 1.93998800e+00 1.26604600e+03 6.06942300e+03 2.62920400e+03 8.54175400e+02 2.44076900e+02 9.72731600e-01 2.46018300e-01 2.47347100e-01 2.32052900e+00 1.36774100e+01 1.08786600e+03 1.43946100e+02 1.03934800e+00 1.38496600e+01 1.06325100e+03 1.46106100e+02 1.43005400e-01 1.58620200e-01 3.37456900e+03 1.02995500e-02 8.21333400e-01 4.52378700e-01 7.42260500e+01 6.28698600e+02 8.41477600e+01 1.50276900e+03 9.07600800e+01 1.94891500e+03 9.63015200e+01 2.26964600e+03 2.36175500e+02 5.71136500e+03 4.44599900e-01 7.45190600e-01 4.65948500e-01 6.62110800e-01 4.66221200e-01 6.20274600e-01 4.62421800e-01 5.90607500e-01 2.98353400e-01 3.08238700e-01 1.43369700e+01 3.95650500e+02 1.88708300e+03 6.03039200e-03 1.96545900e+00 3.66612200e+00 1.02609500e+01 2.29707100e+03 5.63761200e+00
1.01721800e-02 1.15392500e+03 2.33568600e-02 1.17015500e-01 1.03901200e+00 5.05991900e-02 3.05030600e+00 9.70901600e-01 9.99568600e-01 6.85882600e+01 7.00240100e-01 2.99759900e-01 1.41017500e-01 9.67214700e-02 7.99259700e-01 7.98939900e-01 4.37597400e-01 5.91400000e-01 9.65079400e-01 1.00680700e+02 2.40967800e+00 7.05108600e+00 2.11218200e+00 1.90889200e+00 1.24680200e+03 5.94001700e+03 2.58683200e+03 8.37538800e+02 2.38141400e+02 9.70901600e-01 2.45810400e-01 2.47138400e-01 2.41225000e+00 1.37417900e+01 1.08847700e+03 1.44448500e+02 1.03910100e+00 1.39012900e+01 1.06199300e+03 1.46790000e+02 1.41895900e-01 1.59266700e-01 3.35445400e+03 1.02381800e-02 8.23188000e-01 4.53751400e-01 7.37558500e+01 6.32874800e+02 8.36776300e+01 1.51218500e+03 9.02864200e+01 1.96075500e+03 9.58231800e+01 2.28312800e+03 2.35396100e+02 5.73857000e+03 4.43017600e-01 7.39726000e-01 4.63704800e-01 6.56996500e-01 4.63700200e-01 6.15375300e-01 4.59737700e-01 5.85875200e-01 2.95873800e-01 3.05563700e-01 9.17619800e+00 3.95673700e+02 1.88742500e+03 1.12574500e-03 1.81943000e+00 3.69630200e+00 1.00575600e+01 2.29227500e+03 5.51685800e+00
1.10700800e-03 1.15978200e+03 2.30417700e-02 1.17886600e-01 1.04061700e+00 5.86208600e-02 3.07162000e+00 9.72419000e-01 9.98954100e-01 6.85553000e+01 6.98768700e-01 3.01231300e-01 1.41573500e-01 9.70561700e-02 8.14216100e-01 8.15885200e-01 4.46878800e-01 6.03204700e-01 9.83375000e-01 1.00713700e+02 2.43915200e+00 7.92694100e+00 2.15768200e+00 1.91897800e+00 1.24796500e+03 5.91313400e+03 2.59942000e+03 8.41417900e+02 2.39232900e+02 9.72419000e-01 2.45670500e-01 2.46998000e-01 2.46565800e+00 1.37297100e+01 1.08891700e+03 1.44464200e+02 1.04073500e+00 1.38809700e+01 1.06130600e+03 1.46908700e+02 1.41555500e-01 1.59883300e-01 3.36774500e+03 1.02787300e-02 8.21140300e-01 4.52962700e-01 7.37437000e+01 6.33085700e+02 8.37037100e+01 1.51233100e+03 9.03356700e+01 1.96070800e+03 9.58907600e+01 2.28287900e+03 2.35810100e+02 5.73371500e+03 4.52293200e-01 7.53416900e-01 4.73034900e-01 6.68988200e-01 4.72851900e-01 6.26536900e-01 4.68692600e-01 5.96458100e-01 3.01154900e-01 3.10947700e-01 1.36121900e+01 3.96812800e+02 1.89352800e+03 1.93807400e-03 1.89191900e+00 3.51391600e+00 1.02028000e+01 2.30395300e+03 5.40777300e+00
1.04604800e-02 1.15498200e+03 2.26246300e-02 1.19016700e-01 1.03979300e+00 4.81244000e-02 3.04168500e+00 9.70594700e-01 1.00090200e+00 6.75335700e+01 6.88021900e-01 3.11978100e-01 1.42286500e-01 9.60911200e-02 8.06452900e-01 8.22395000e-01 4.50444300e-01 6.02712300e-01 9.81339300e-01 9.93199200e+01 2.42273700e+00 6.96868900e+00 2.09405100e+00 1.90189700e+00 1.23098200e+03 5.80643700e+03 2.57172200e+03 8.30800600e+02 2.35349800e+02 9.70594700e-01 2.45488700e-01 2.46815600e-01 2.54008200e+00 1.38013800e+01 1.08951600e+03 1.44491000e+02 1.03995100e+00 1.38940100e+01 1.06046700e+03 1.47067500e+02 1.41082500e-01 1.60268800e-01 3.38478700e+03 1.03307300e-02 8.16240600e-01 4.50701800e-01 7.28169100e+01 6.41927400e+02 8.29359600e+01 1.53083200e+03 8.96571500e+01 1.98297700e+03 9.52791500e+01 2.30739900e+03 2.36057200e+02 5.76493900e+03 4.54985000e-01 7.45158600e-01 4.73125300e-01 6.60471400e-01 4.71670800e-01 6.18068500e-01 4.66680800e-01 5.88091200e-01 2.96499900e-01 3.05656000e-01 9.12030200e+00 3.95820900e+02 1.88844600e+03 5.88047200e-02 1.03858200e+00 5.32212900e+00 1.01580800e+01 2.29338700e+03 6.41951500e+00
2.86583000e-04 1.15928500e+03 2.35721200e-02 1.18082200e-01 1.04046500e+00 6.14329600e-02 3.08201100e+00 9.68449400e-01 9.99398200e-01 6.88812300e+01 7.00082700e-01 2.99917300e-01 1.42299400e-01 9.80176000e-02 8.15463500e-01 8.15351000e-01 4.46586200e-01 6.03468900e-01 9.82548700e-01 1.00756600e+02 2.45831500e+00 8.08258100e+00 2.18022000e+00 1.92814800e+00 1.26909000e+03 6.00566700e+03 2.60760300e+03 8.44326700e+02 2.40745200e+02 9.68449400e-01 2.45894800e-01 2.47223100e-01 2.37648500e+00 1.36818100e+01 1.08832100e+03 1.44008000e+02 1.04052400e+00 1.38399500e+01 1.06252700e+03 1.46275900e+02 1.42597700e-01 1.59185200e-01 3.38509700e+03 1.03316800e-02 8.19353800e-01 4.51636200e-01 7.40689300e+01 6.30214000e+02 8.40382100e+01 1.50578000e+03 9.06783200e+01 1.95241800e+03 9.62411700e+01 2.27339400e+03 2.36456100e+02 5.71353900e+03 4.52126200e-01 7.54701100e-01 4.73186600e-01 6.70272300e-01 4.73157200e-01 6.27799600e-01 4.69097400e-01 5.97697400e-01 3.01828600e-01 3.11706400e-01 1.63149600e+01 3.97712100e+02 1.88897100e+03 2.43495900e-03 1.89191900e+00 3.59224600e+00 1.00857200e+01 2.30299800e+03 5.48660000e+00
1.34472600e-02 1.15457800e+03 2.32099800e-02 1.17909700e-01 1.03965100e+00 4.91061400e-02 3.04904800e+00 9.60482600e-01 1.00206400e+00 6.83612100e+01 6.96646500e-01 3.03353500e-01 1.41764800e-01 9.69121500e-02 7.99939000e-01 8.04397600e-01 4.40586700e-01 5.93668700e-01 9.67502300e-01 1.00298100e+02 2.43700900e+00 6.94122300e+00 2.10952500e+00 1.91219200e+00 1.27311800e+03 5.97329300e+03 2.58095900e+03 8.30975200e+02 2.35434100e+02 9.60482600e-01 2.45750000e-01 2.47077800e-01 2.43700300e+00 1.37417700e+01 1.08872100e+03 1.44329400e+02 1.03974800e+00 1.38812000e+01 1.06168700e+03 1.46717800e+02 1.41876300e-01 1.59519200e-01 3.37231800e+03 1.02926900e-02 8.20013900e-01 4.52227300e-01 7.35689300e+01 6.34743500e+02 8.35624500e+01 1.51577600e+03 9.02134400e+01 1.96483500e+03 9.57829100e+01 2.28740500e+03 2.35899100e+02 5.73902300e+03 4.45750900e-01 7.39992900e-01 4.65658300e-01 6.56832700e-01 4.65227000e-01 6.15054300e-01 4.60968100e-01 5.85465500e-01 2.95517000e-01 3.05028900e-01 8.61796100e+00 3.95668100e+02 1.88863800e+03 1.93067200e-03 1.60798500e+00 3.91283000e+00 1.07097000e+01 2.29292400e+03 5.52274600e+00
1.00737700e-03 1.15846600e+03 2.33836000e-02 1.17317700e-01 1.03845800e+00 5.91584500e-02 3.07113500e+00 9.61969600e-01 9.98212800e-01 6.83172600e+01 6.97152500e-01 3.02847500e-01 1.41346400e-01 9.65640100e-02 8.05342600e-01 8.09155600e-01 4.43192800e-01 5.97429500e-01 9.74351100e-01 1.00208600e+02 2.45720300e+00 7.89032000e+00 2.15663600e+00 1.91598600e+00 1.27703100e+03 6.00732700e+03 2.58702400e+03 8.33612300e+02 2.36692700e+02 9.61969600e-01 2.45820700e-01 2.47148800e-01 2.40775900e+00 1.37570300e+01 1.08847000e+03 1.44349700e+02 1.03854400e+00 1.38992400e+01 1.06206900e+03 1.46681200e+02 1.42030500e-01 1.59139200e-01 3.36231600e+03 1.02621700e-02 8.21384900e-01 4.52780900e-01 7.35132800e+01 6.35187500e+02 8.34857200e+01 1.51695800e+03 9.01234500e+01 1.96644800e+03 9.56821900e+01 2.28934900e+03 2.35567500e+02 5.74533400e+03 4.48433300e-01 7.45042800e-01 4.68588100e-01 6.61371700e-01 4.68214200e-01 6.19328400e-01 4.63967800e-01 5.89548700e-01 2.97602100e-01 3.07202600e-01 1.38008100e+01 3.97099300e+02 1.88976800e+03 4.23565400e-03 1.53969800e+00 4.18007400e+00 1.05388600e+01 2.30066800e+03 5.72400800e+00
4.15969000e-05 1.16171600e+03 2.33430900e-02 1.19177400e-01 1.03817300e+00 5.07046900e-02 3.06525100e+00 9.68654200e-01 9.99936600e-01 6.75262500e+01 6.86026000e-01 3.13974000e-01 1.43165700e-01 9.66743900e-02 8.11422800e-01 8.30105700e-01 4.54667600e-01 6.07394200e-01 9.87440400e-01 9.87480300e+01 2.45612600e+00 7.09381100e+00 2.14398300e+00 1.93722400e+00 1.26365600e+03 5.98416000e+03 2.61532600e+03 8.46710100e+02 2.41230000e+02 9.68654200e-01 2.45805000e-01 2.47133000e-01 2.41456700e+00 1.37779300e+01 1.08867400e+03 1.43901400e+02 1.03825300e+00 1.38599600e+01 1.06210700e+03 1.46236500e+02 1.42484100e-01 1.59082200e-01 3.40580300e+03 1.03948500e-02 8.13198700e-01 4.48548200e-01 7.28438200e+01 6.41833300e+02 8.30182400e+01 1.53013100e+03 8.97731800e+01 1.98176000e+03 9.54219900e+01 2.30573000e+03 2.36723900e+02 5.75535600e+03 4.59054300e-01 7.49554400e-01 4.76861000e-01 6.64152400e-01 4.75164800e-01 6.21424100e-01 4.69985900e-01 5.91228700e-01 2.98000200e-01 3.07118200e-01 2.01749700e+01 3.95665300e+02 1.88917400e+03 1.33003100e-01 7.68898900e-01 7.48754800e+00 1.00284200e+01 2.30501400e+03 8.38945000e+00
7.22766200e-04 1.16080800e+03 2.33202800e-02 1.19536600e-01 1.03778500e+00 4.73172400e-02 3.04804600e+00 9.65249000e-01 9.97506000e-01 6.72515900e+01 6.82712400e-01 3.17287600e-01 1.43502100e-01 9.65074200e-02 8.04383400e-01 8.27235200e-01 4.53095400e-01 6.03707200e-01 9.80870800e-01 9.83006800e+01 2.44649600e+00 6.75201400e+00 2.10741300e+00 1.91712500e+00 1.25710700e+03 5.93053300e+03 2.58486800e+03 8.35564000e+02 2.37680700e+02 9.65249000e-01 2.45796000e-01 2.47124000e-01 2.41840800e+00 1.37932300e+01 1.08873300e+03 1.43826600e+02 1.03787000e+00 1.38578700e+01 1.06206900e+03 1.46168600e+02 1.42544800e-01 1.59038500e-01 3.41384400e+03 1.04193800e-02 8.11406100e-01 4.47622800e-01 7.26024900e+01 6.44206700e+02 8.28290500e+01 1.53499300e+03 8.96135500e+01 1.98753900e+03 9.52847200e+01 2.31203000e+03 2.36901200e+02 5.76209100e+03 4.57163000e-01 7.42729000e-01 4.74076800e-01 6.57752100e-01 4.72010900e-01 6.15289900e-01 4.66616400e-01 5.85302700e-01 2.94885500e-01 3.03768900e-01 1.44648500e+01 3.95782100e+02 1.89040100e+03 2.08368200e-01 5.80430900e-01 9.15748900e+00 1.10229500e+01 2.30064800e+03 9.94628800e+00
1.07297500e-03 1.16225100e+03 2.31214100e-02 1.20059400e-01 1.03819800e+00 4.60548400e-02 3.05160400e+00 9.69818400e-01 1.00348700e+00 6.70428500e+01 6.80012900e-01 3.19987100e-01 1.43826000e-01 9.64250200e-02 8.10144600e-01 8.36696800e-01 4.58277700e-01 6.09320300e-01 9.89432800e-01 9.80498100e+01 2.44731100e+00 6.66656500e+00 2.11492500e+00 1.92882200e+00 1.24927000e+03 5.91019300e+03 2.60283100e+03 8.42979000e+02 2.39958700e+02 9.69818400e-01 2.45709200e-01 2.47036900e-01 2.45198700e+00 1.38032500e+01 1.08900700e+03 1.43844300e+02 1.03830100e+00 1.38538100e+01 1.06164900e+03 1.46249500e+02 1.42318500e-01 1.59338000e-01 3.42158700e+03 1.04430100e-02 8.09807500e-01 4.46945300e-01 7.24196900e+01 6.46030000e+02 8.26905500e+01 1.53868500e+03 8.95003000e+01 1.99189500e+03 9.51906400e+01 2.31675100e+03 2.37087200e+02 5.76654700e+03 4.62153800e-01 7.47783300e-01 4.78577200e-01 6.61939200e-01 4.76180000e-01 6.19087700e-01 4.70533100e-01 5.88842000e-01 2.96564500e-01 3.05385500e-01 1.36746400e+01 3.95999200e+02 1.89213500e+03 2.56656100e-01 4.95667100e-01 9.96740400e+00 1.19733600e+01 2.30180900e+03 1.07197300e+01
6.28226800e-05 1.16136900e+03 2.35063300e-02 1.18383600e-01 1.03822600e+00 5.90004900e-02 3.08243500e+00 9.68617800e-01 1.00280000e+00 6.79620400e+01 6.91405000e-01 3.08595000e-01 1.42535000e-01 9.68697200e-02 8.15025100e-01 8.26617800e-01 4.52757300e-01 6.07460700e-01 9.88639100e-01 9.94062400e+01 2.46814300e+00 7.86590600e+00 2.18114400e+00 1.93837200e+00 1.27102700e+03 6.02274800e+03 2.61858700e+03 8.47729600e+02 2.41769400e+02 9.68617800e-01 2.45868100e-01 2.47196400e-01 2.38732300e+00 1.37563600e+01 1.08842000e+03 1.43980700e+02 1.03829300e+00 1.38670600e+01 1.06241200e+03 1.46267300e+02 1.42562000e-01 1.58913900e-01 3.39072900e+03 1.03488600e-02 8.16394400e-01 4.50091300e-01 7.32244300e+01 6.38109800e+02 8.33105100e+01 1.52254400e+03 9.00149800e+01 1.97277500e+03 9.56254300e+01 2.29596600e+03 2.36369400e+02 5.74574800e+03 4.57610600e-01 7.53418200e-01 4.76709900e-01 6.68164500e-01 4.75643000e-01 6.25422100e-01 4.70874400e-01 5.95183600e-01 3.00208800e-01 3.09630800e-01 1.93503900e+01 3.96933400e+02 1.88832400e+03 5.32677700e-02 1.09677200e+00 5.69837600e+00 1.12818100e+01 2.30460800e+03 6.84841500e+00
4.90022600e-05 1.16108800e+03 2.38472400e-02 1.18515100e-01 1.03856000e+00 5.58560200e-02 3.07582100e+00 9.76450400e-01 1.00041500e+00 6.83136000e+01 6.93560600e-01 3.06439400e-01 1.43007500e-01 9.76935900e-02 8.14091700e-01 8.22782400e-01 4.50656500e-01 6.05702700e-01 9.84962600e-01 9.96452400e+01 2.44229100e+00 7.49359100e+00 2.16676600e+00 1.93774200e+00 1.25117600e+03 6.00353500e+03 2.62430000e+03 8.54564200e+02 2.44773000e+02 9.76450400e-01 2.45997000e-01 2.47325700e-01 2.33191900e+00 1.37125400e+01 1.08804600e+03 1.43687400e+02 1.03859200e+00 1.38348300e+01 1.06317500e+03 1.45864400e+02 1.43224600e-01 1.58547200e-01 3.40202300e+03 1.03833200e-02 8.15580500e-01 4.49427500e-01 7.35675700e+01 6.34978300e+02 8.36435400e+01 1.51559000e+03 9.03446100e+01 1.96410500e+03 9.59537700e+01 2.28615300e+03 2.36829400e+02 5.72718600e+03 4.55672700e-01 7.52771400e-01 4.75235000e-01 6.67828600e-01 4.74425600e-01 6.25206400e-01 4.69837700e-01 5.95039500e-01 3.00218700e-01 3.09740700e-01 1.98472900e+01 3.95981300e+02 1.88980600e+03 3.33321800e-02 1.21731700e+00 5.23508400e+00 1.00553100e+01 2.30563400e+03 6.48573300e+00
3.19403500e-05 1.16314900e+03 2.43869100e-02 1.17199400e-01 1.03936600e+00 6.39401200e-02 3.09032100e+00 9.84400600e-01 9.98166800e-01 6.95111100e+01 7.05634200e-01 2.94365800e-01 1.42231500e-01 9.88666900e-02 8.16170900e-01 8.08470400e-01 4.42817500e-01 6.01177800e-01 9.78935300e-01 1.01229600e+02 2.42515600e+00 8.11920200e+00 2.19841300e+00 1.93451300e+00 1.23992700e+03 6.03017400e+03 2.63016800e+03 8.61117800e+02 2.47869900e+02 9.84400600e-01 2.46171600e-01 2.47501000e-01 2.24804700e+00 1.36287400e+01 1.08735300e+03 1.43613500e+02 1.03934000e+00 1.38177500e+01 1.06424300e+03 1.45630900e+02 1.43820600e-01 1.58085200e-01 3.38347300e+03 1.03267200e-02 8.21064100e-01 4.51896100e-01 7.46526700e+01 6.24890600e+02 8.45487000e+01 1.49439100e+03 9.11485900e+01 1.93853000e+03 9.66818300e+01 2.25794700e+03 2.36588800e+02 5.69061800e+03 4.48777200e-01 7.55926600e-01 4.71100000e-01 6.71996100e-01 4.71742400e-01 6.29680600e-01 4.68142500e-01 5.99654200e-01 3.03049400e-01 3.13239500e-01 2.07032800e+01 3.97766600e+02 1.89137100e+03 2.00073700e-02 2.19351700e+00 3.67744500e+00 1.05654700e+01 2.30984100e+03 5.89097000e+00
4.13074100e-05 1.16251100e+03 2.47583700e-02 1.17085700e-01 1.03943700e+00 5.59170200e-02 3.08193400e+00 9.83521400e-01 9.99552300e-01 6.98919700e+01 7.08306100e-01 2.91693900e-01 1.42489200e-01 9.95884800e-02 8.10519200e-01 7.99219900e-01 4.37750800e-01 5.95655400e-01 9.69504100e-01 1.01528500e+02 2.41277800e+00 7.30133100e+00 2.18005200e+00 1.94938700e+00 1.25243400e+03 6.11743300e+03 2.64984600e+03 8.68299200e+02 2.50250500e+02 9.83521400e-01 2.46326300e-01 2.47656200e-01 2.19300600e+00 1.35889600e+01 1.08695500e+03 1.43360000e+02 1.03937300e+00 1.37929400e+01 1.06504400e+03 1.45264900e+02 1.44442200e-01 1.57688200e-01 3.38963200e+03 1.03455100e-02 8.21047200e-01 4.51617900e-01 7.50163600e+01 6.21671100e+02 8.48868000e+01 1.48733300e+03 9.14737800e+01 1.92979800e+03 9.69981600e+01 2.24812700e+03 2.36896400e+02 5.67362000e+03 4.43859700e-01 7.50966800e-01 4.66620200e-01 6.67894000e-01 4.67580600e-01 6.25965900e-01 4.64229200e-01 5.96197100e-01 3.01412100e-01 3.11682900e-01 2.01889400e+01 3.95783700e+02 1.89282600e+03 4.06375000e-02 2.34993600e+00 3.77262500e+00 1.00598400e+01 2.30879900e+03 6.16319800e+00
1.07243700e-07 1.16797600e+03 2.44627900e-02 1.18836900e-01 1.03890300e+00 5.64753800e-02 3.08928700e+00 9.77797400e-01 9.99546300e-01 6.88372800e+01 6.96227300e-01 3.03772700e-01 1.43944900e-01 9.90877400e-02 8.18870900e-01 8.24003700e-01 4.51325400e-01 6.07928700e-01 9.86969100e-01 9.98986300e+01 2.45391200e+00 7.43560800e+00 2.19614200e+00 1.96158200e+00 1.26745900e+03 6.11701600e+03 2.65609300e+03 8.67670400e+02 2.49716500e+02 9.77797400e-01 2.46201100e-01 2.47530600e-01 2.23663000e+00 1.36417500e+01 1.08740400e+03 1.43138500e+02 1.03887000e+00 1.37783000e+01 1.06454800e+03 1.45122900e+02 1.44426600e-01 1.57872800e-01 3.42442900e+03 1.04516800e-02 8.13570300e-01 4.47948400e-01 7.40859300e+01 6.30345500e+02 8.41614900e+01 1.50516800e+03 9.08664000e+01 1.95101500e+03 9.64807000e+01 2.27126000e+03 2.37690100e+02 5.69728800e+03 4.56582800e-01 7.57459100e-01 4.76859400e-01 6.72283600e-01 4.76363900e-01 6.29500200e-01 4.71967100e-01 5.99202500e-01 3.02420500e-01 3.12138400e-01 3.20963200e+01 3.96020600e+02 1.89152100e+03 1.76199100e-02 1.34256300e+00 4.89342800e+00 1.00607100e+01 2.31963800e+03 6.25361100e+00
2.21624200e-03 1.15678300e+03 2.36239100e-02 1.17670900e-01 1.04013100e+00 4.91777000e-02 3.05802300e+00 9.84044500e-01 1.00070000e+00 6.89581300e+01 7.01507300e-01 2.98492700e-01 1.41940000e-01 9.78791400e-02 8.08636800e-01 8.06602800e-01 4.41794600e-01 5.97705100e-01 9.73779800e-01 1.00905500e+02 2.39490200e+00 6.86798100e+00 2.12854300e+00 1.92915500e+00 1.22586400e+03 5.93586300e+03 2.62359500e+03 8.56848700e+02 2.45279400e+02 9.84044500e-01 2.45915900e-01 2.47244300e-01 2.36800400e+00 1.36846300e+01 1.08822700e+03 1.44074400e+02 1.04018800e+00 1.38508000e+01 1.06260300e+03 1.46328600e+02 1.42575100e-01 1.59085800e-01 3.37650400e+03 1.03054600e-02 8.20795000e-01 4.52338000e-01 7.41289500e+01 6.29600800e+02 8.40674500e+01 1.50466000e+03 9.06892700e+01 1.95119400e+03 9.62378500e+01 2.27215600e+03 2.36205600e+02 5.71452900e+03 4.47389900e-01 7.48529100e-01 4.68593500e-01 6.64953100e-01 4.68736100e-01 6.22885400e-01 4.64828500e-01 5.93061100e-01 2.99547700e-01 3.09419600e-01 1.22238800e+01 3.95793300e+02 1.88989900e+03 6.31812000e-03 1.96545900e+00 3.57297000e+00 1.01061100e+01 2.29791600e+03 5.54474800e+00
2.10829200e-03 1.16081600e+03 2.33684000e-02 1.17821900e-01 1.04027900e+00 4.61997100e-02 3.04552500e+00 9.94765600e-01 9.96711200e-01 6.87384000e+01 6.99817100e-01 3.00182900e-01 1.41835400e-01 9.74954200e-02 8.08700700e-01 8.08947100e-01 4.43078600e-01 5.98596700e-01 9.75412000e-01 1.00746300e+02 2.36245800e+00 6.61163300e+00 2.10210600e+00 1.91657600e+00 1.18733600e+03 5.81226300e+03 2.61533100e+03 8.58324100e+02 2.46049900e+02 9.94765600e-01 2.45814900e-01 2.47142900e-01 2.41031100e+00 1.37067200e+01 1.08853000e+03 1.44230900e+02 1.04035900e+00 1.38635700e+01 1.06206900e+03 1.46564800e+02 1.42146000e-01 1.59419000e-01 3.37400600e+03 1.02978300e-02 8.20646300e-01 4.52453900e-01 7.39209200e+01 6.31494200e+02 8.38771700e+01 1.50877700e+03 9.05082100e+01 1.95626300e+03 9.60632700e+01 2.27783800e+03 2.36062100e+02 5.72397900e+03 4.48548700e-01 7.48417200e-01 4.69378300e-01 6.64663800e-01 4.69319000e-01 6.22535000e-01 4.65272000e-01 5.92678100e-01 2.99286000e-01 3.09068200e-01 1.23237500e+01 3.96401900e+02 1.89567600e+03 2.30890500e-03 1.89191900e+00 3.57757900e+00 1.17584000e+01 2.30440200e+03 5.47180700e+00
7.64573400e-03 1.15847100e+03 2.23518900e-02 1.17868300e-01 1.03909100e+00 5.23170000e-02 3.05236200e+00 9.85409500e-01 1.00388900e+00 6.74786400e+01 6.90634700e-01 3.09365300e-01 1.40865400e-01 9.50540300e-02 8.11907700e-01 8.24483300e-01 4.51588100e-01 6.05514600e-01 9.88379000e-01 9.96510500e+01 2.39931700e+00 7.44476300e+00 2.11652700e+00 1.90625900e+00 1.19721700e+03 5.74342200e+03 2.59132100e+03 8.41773500e+02 2.38985100e+02 9.85409500e-01 2.45388300e-01 2.46714800e-01 2.58888800e+00 1.38451500e+01 1.08975500e+03 1.44998600e+02 1.03927400e+00 1.39519200e+01 1.05974200e+03 1.47677900e+02 1.40234500e-01 1.60568800e-01 3.35081700e+03 1.02270900e-02 8.21090900e-01 4.53418800e-01 7.27162200e+01 6.42625600e+02 8.27525600e+01 1.53313200e+03 8.94228000e+01 1.98637100e+03 9.50040500e+01 2.31168900e+03 2.34957800e+02 5.78293500e+03 4.56371300e-01 7.50461600e-01 4.75226600e-01 6.65460600e-01 4.74073300e-01 6.22857400e-01 4.69261300e-01 5.92722200e-01 2.98947800e-01 3.08291800e-01 9.74721500e+00 3.95757600e+02 1.89308700e+03 3.04083400e-02 1.21731700e+00 4.65551300e+00 1.24471900e+01 2.29859200e+03 5.90323800e+00
2.72159500e-04 1.16508600e+03 2.26652200e-02 1.19244300e-01 1.03816700e+00 5.31232100e-02 3.06303400e+00 9.90594500e-01 1.00321000e+00 6.69403100e+01 6.81869000e-01 3.18131000e-01 1.42554600e-01 9.54265200e-02 8.20322000e-01 8.44747100e-01 4.62687100e-01 6.16078200e-01 1.00263000e+00 9.83790900e+01 2.41615500e+00 7.47833300e+00 2.13923700e+00 1.92360800e+00 1.19264300e+03 5.76049300e+03 2.61398900e+03 8.53581500e+02 2.43766300e+02 9.90594500e-01 2.45503400e-01 2.46830300e-01 2.53294800e+00 1.38470700e+01 1.08948600e+03 1.44401100e+02 1.03831900e+00 1.39072000e+01 1.06054300e+03 1.46965400e+02 1.41224400e-01 1.59955900e-01 3.39119700e+03 1.03502900e-02 8.13925600e-01 4.49425400e-01 7.22789800e+01 6.47152500e+02 8.24820600e+01 1.54180600e+03 8.92496900e+01 1.99622500e+03 9.49061500e+01 2.32202500e+03 2.36093000e+02 5.78467800e+03 4.66778200e-01 7.57362500e-01 4.83833600e-01 6.70620800e-01 4.81626200e-01 6.27290700e-01 4.76056900e-01 5.96695800e-01 3.00600600e-01 3.09616300e-01 1.64182400e+01 3.95829900e+02 1.89701000e+03 1.91301000e-01 6.25207500e-01 8.41972700e+00 1.16765300e+01 2.30925800e+03 9.23623600e+00
9.90835100e-03 1.15568200e+03 2.37590800e-02 1.16357900e-01 1.03901400e+00 4.75985100e-02 3.05205700e+00 9.79160900e-01 1.00249200e+00 6.91632100e+01 7.05737100e-01 2.94262900e-01 1.40762100e-01 9.73556000e-02 7.98443500e-01 7.90772100e-01 4.33123700e-01 5.88068700e-01 9.60078300e-01 1.01342200e+02 2.38628900e+00 6.66046100e+00 2.11588300e+00 1.92374800e+00 1.23900900e+03 5.99195600e+03 2.61546800e+03 8.51645700e+02 2.43271400e+02 9.79160900e-01 2.45968000e-01 2.47296600e-01 2.34606900e+00 1.36984700e+01 1.08796500e+03 1.44310700e+02 1.03905500e+00 1.38886500e+01 1.06283200e+03 1.46526200e+02 1.42445400e-01 1.58796700e-01 3.34834900e+03 1.02195600e-02 8.25439300e-01 4.54618400e-01 7.42784800e+01 6.28030500e+02 8.41218500e+01 1.50192700e+03 9.06868000e+01 1.94832400e+03 9.61908200e+01 2.26936900e+03 2.35368400e+02 5.71972800e+03 4.38961300e-01 7.39520600e-01 4.60825600e-01 6.57426500e-01 4.61468100e-01 6.16034800e-01 4.57956100e-01 5.86663100e-01 2.96496200e-01 3.06469300e-01 9.22875500e+00 3.95995800e+02 1.88916900e+03 2.77743800e-02 2.27128100e+00 3.65012600e+00 1.10212000e+01 2.29439300e+03 5.94918100e+00
9.22689000e-03 1.15504400e+03 2.36661200e-02 1.15871800e-01 1.03894500e+00 5.02977900e-02 3.05644700e+00 9.67064800e-01 1.00112500e+00 6.92364500e+01 7.07567300e-01 2.92432700e-01 1.40183100e-01 9.70577800e-02 7.95063000e-01 7.84971500e-01 4.29946600e-01 5.84666300e-01 9.55507600e-01 1.01608200e+02 2.41140600e+00 6.94427500e+00 2.12519100e+00 1.92180700e+00 1.27163900e+03 6.05904600e+03 2.60434400e+03 8.41860100e+02 2.39355600e+02 9.67064800e-01 2.45932900e-01 2.47261400e-01 2.36112400e+00 1.37077700e+01 1.08803000e+03 1.44508400e+02 1.03899000e+00 1.39085400e+01 1.06260300e+03 1.46755300e+02 1.42136600e-01 1.58914000e-01 3.33450700e+03 1.01773200e-02 8.27678900e-01 4.55847600e-01 7.43263900e+01 6.27494400e+02 8.41260600e+01 1.50108800e+03 9.06646900e+01 1.94752800e+03 9.61479900e+01 2.26868500e+03 2.34947600e+02 5.72335000e+03 4.35891700e-01 7.36574700e-01 4.58062300e-01 6.55014500e-01 4.58919000e-01 6.13861800e-01 4.55572200e-01 5.84648100e-01 2.95556700e-01 3.05586800e-01 9.37126600e+00 3.95663400e+02 1.88858200e+03 4.90545900e-02 2.42950100e+00 3.76202600e+00 1.02301200e+01 2.29361700e+03 6.24058200e+00
8.60832300e-06 1.16588400e+03 2.32454700e-02 1.22089400e-01 1.03938700e+00 4.46016000e-02 3.05879700e+00 9.59712600e-01 1.00155300e+00 6.68487500e+01 6.73331900e-01 3.26668100e-01 1.45980000e-01 9.75858000e-02 8.17281100e-01 8.52833300e-01 4.67116100e-01 6.17871500e-01 9.99596700e-01 9.73245400e+01 2.49197400e+00 6.51702900e+00 2.13019200e+00 1.94840100e+00 1.28476500e+03 5.98725500e+03 2.61556600e+03 8.44150400e+02 2.40186100e+02 9.59712600e-01 2.45765300e-01 2.47093200e-01 2.43102200e+00 1.37628200e+01 1.08903400e+03 1.43235100e+02 1.03947800e+00 1.37795200e+01 1.06206900e+03 1.45589200e+02 1.43123200e-01 1.59296200e-01 3.47307700e+03 1.06001000e-02 8.02106700e-01 4.42872500e-01 7.23165300e+01 6.47437900e+02 8.27444600e+01 1.54043200e+03 8.96480600e+01 1.99311900e+03 9.54120600e+01 2.31733000e+03 2.38658900e+02 5.75026500e+03 4.70442500e-01 7.53714100e-01 4.85482500e-01 6.66477300e-01 4.82280600e-01 6.23039700e-01 4.76056700e-01 5.92420900e-01 2.98103500e-01 3.06701500e-01 2.33255600e+01 3.96082700e+02 1.88814000e+03 4.27240900e-01 2.51495800e-01 1.31265200e+01 1.04137000e+01 2.30754800e+03 1.38052500e+01
2.10853600e-05 1.16450400e+03 2.34987600e-02 1.19349400e-01 1.04135700e+00 5.59130000e-02 3.08105500e+00 9.74599700e-01 1.00093400e+00 6.86724900e+01 6.95725100e-01 3.04274900e-01 1.43493300e-01 9.85404100e-02 8.22617300e-01 8.28457500e-01 4.53764900e-01 6.10962200e-01 9.92673500e-01 1.00278400e+02 2.45558900e+00 7.58819600e+00 2.17813600e+00 1.94768900e+00 1.25965000e+03 5.99282600e+03 2.63591900e+03 8.56781900e+02 2.44939400e+02 9.74599700e-01 2.45865100e-01 2.47193300e-01 2.38857500e+00 1.36682500e+01 1.08851100e+03 1.43738900e+02 1.04141600e+00 1.38022500e+01 1.06245000e+03 1.46024200e+02 1.42823100e-01 1.59368200e-01 3.41363500e+03 1.04187500e-02 8.14725600e-01 4.49306900e-01 7.39157900e+01 6.31833200e+02 8.39820100e+01 1.50859700e+03 9.06798900e+01 1.95537900e+03 9.62879400e+01 2.27627400e+03 2.37300500e+02 5.70842200e+03 4.59016500e-01 7.60872700e-01 4.79270000e-01 6.75256000e-01 4.78710400e-01 6.32259800e-01 4.74251200e-01 6.01814500e-01 3.03720500e-01 3.13455200e-01 2.15338600e+01 3.96110800e+02 1.89574900e+03 2.23403500e-03 1.60798500e+00 3.83744900e+00 1.01673800e+01 2.31339400e+03 5.44766800e+00
2.54108600e-07 1.16882500e+03 2.31412900e-02 1.20585300e-01 1.03984500e+00 5.45107800e-02 3.07967400e+00 9.71330600e-01 9.99926500e-01 6.74310300e+01 6.82486100e-01 3.17513900e-01 1.44371800e-01 9.73513700e-02 8.25347800e-01 8.49097800e-01 4.65070000e-01 6.19551900e-01 1.00509500e+00 9.85108900e+01 2.47948900e+00 7.54241900e+00 2.17513200e+00 1.95046500e+00 1.26164900e+03 5.95646000e+03 2.63178800e+03 8.53241000e+02 2.43376400e+02 9.71330600e-01 2.45718600e-01 2.47046300e-01 2.44861000e+00 1.37541100e+01 1.08902800e+03 1.43695100e+02 1.03994400e+00 1.38175800e+01 1.06172600e+03 1.46091300e+02 1.42503800e-01 1.59548100e-01 3.43463400e+03 1.04828100e-02 8.08848000e-01 4.46470900e-01 7.27964700e+01 6.42508900e+02 8.30571200e+01 1.53088500e+03 8.98638400e+01 1.98217900e+03 9.55533900e+01 2.30576200e+03 2.37609600e+02 5.74577100e+03 4.69242700e-01 7.62059700e-01 4.86536600e-01 6.74841700e-01 4.84385500e-01 6.31264000e-01 4.78829200e-01 6.00490600e-01 3.02522800e-01 3.11626600e-01 3.03710100e+01 3.96034300e+02 1.89253700e+03 1.68218400e-01 6.71532900e-01 7.83842800e+00 1.00286400e+01 2.31894300e+03 8.67817900e+00
5.72175400e-03 1.15757700e+03 2.24876100e-02 1.19145900e-01 1.03868900e+00 5.79588900e-02 3.05933100e+00 9.65042700e-01 1.00144900e+00 6.70062300e+01 6.83109300e-01 3.16890700e-01 1.42278700e-01 9.53355600e-02 8.11868200e-01 8.34410200e-01 4.57025300e-01 6.09134000e-01 9.91808700e-01 9.86232900e+01 2.46062700e+00 8.00323500e+00 2.13132900e+00 1.89805200e+00 1.24368900e+03 5.81003000e+03 2.55986600e+03 8.23768300e+02 2.32963800e+02 9.65042700e-01 2.45440000e-01 2.46766700e-01 2.56409800e+00 1.38489100e+01 1.08969800e+03 1.44562200e+02 1.03886100e+00 1.39154500e+01 1.06016200e+03 1.47185300e+02 1.40855800e-01 1.60279500e-01 3.38460000e+03 1.03301600e-02 8.15028000e-01 4.50144800e-01 7.23278300e+01 6.46626600e+02 8.25063600e+01 1.54084700e+03 8.92595500e+01 1.99517500e+03 9.49048000e+01 2.32095900e+03 2.35900900e+02 5.78532400e+03 4.61193200e-01 7.49677000e-01 4.78347800e-01 6.63945800e-01 4.76305800e-01 6.21100700e-01 4.70890300e-01 5.90840900e-01 2.97698400e-01 3.06678100e-01 1.03269600e+01 3.96936000e+02 1.88927400e+03 1.49375500e-01 7.19420900e-01 7.38407400e+00 1.03638800e+01 2.29653700e+03 8.25287000e+00
3.87023400e-04 1.15965000e+03 2.41040400e-02 1.15345800e-01 1.03900800e+00 6.11001800e-02 3.08548400e+00 9.84050100e-01 1.00053500e+00 6.98187300e+01 7.12605300e-01 2.87394700e-01 1.40095000e-01 9.78125300e-02 8.08132900e-01 7.90972800e-01 4.33233600e-01 5.91701300e-01 9.67156700e-01 1.02228800e+02 2.40443300e+00 7.88726800e+00 2.18780600e+00 1.93614500e+00 1.24412500e+03 6.05928100e+03 2.63752500e+03 8.61353800e+02 2.47041100e+02 9.84050100e-01 2.46072900e-01 2.47401900e-01 2.29141500e+00 1.36594100e+01 1.08750300e+03 1.44308800e+02 1.03901000e+00 1.38890600e+01 1.06351900e+03 1.46420400e+02 1.42777500e-01 1.58422700e-01 3.33240200e+03 1.01709000e-02 8.29363300e-01 4.56392100e-01 7.48648900e+01 6.22622600e+02 8.45964400e+01 1.49064600e+03 9.10973700e+01 1.93478600e+03 9.65527700e+01 2.25450700e+03 2.35052200e+02 5.70239900e+03 4.39639100e-01 7.49202800e-01 4.63283300e-01 6.66827100e-01 4.64762000e-01 6.25178100e-01 4.61782800e-01 5.95579500e-01 3.01299200e-01 3.11780700e-01 1.57140500e+01 3.96852600e+02 1.88932000e+03 1.20476300e-01 2.83966800e+00 4.37886000e+00 1.00735900e+01 2.30188700e+03 7.33900400e+00
4.67073000e-06 1.16696000e+03 2.49720700e-02 1.16591400e-01 1.03914100e+00 4.86473400e-02 3.07526900e+00 9.94501200e-01 9.99020200e-01 7.01483200e+01 7.11004200e-01 2.88995800e-01 1.42208700e-01 9.97569700e-02 8.08309300e-01 7.93346100e-01 4.34533600e-01 5.92653000e-01 9.65092600e-01 1.01832800e+02 2.37798300e+00 6.55670200e+00 2.16557100e+00 1.96479800e+00 1.23414600e+03 6.13421100e+03 2.68104500e+03 8.84070500e+02 2.55778500e+02 9.94501200e-01 2.46425800e-01 2.47756000e-01 2.16228200e+00 1.35741200e+01 1.08670000e+03 1.43323600e+02 1.03905400e+00 1.37936600e+01 1.06546400e+03 1.45167800e+02 1.44671600e-01 1.57429900e-01 3.38292700e+03 1.03250500e-02 8.22630800e-01 4.52272900e-01 7.52478100e+01 6.19566200e+02 8.50731600e+01 1.48294900e+03 9.16342700e+01 1.92454300e+03 9.71389900e+01 2.24236200e+03 2.36760100e+02 5.66702300e+03 4.40804000e-01 7.49200300e-01 4.64102500e-01 6.66637900e-01 4.65388900e-01 6.24921500e-01 4.62274900e-01 5.95285400e-01 3.01068000e-01 3.11465900e-01 2.45483900e+01 3.96000500e+02 1.89656100e+03 6.94613100e-02 2.59136600e+00 3.96757700e+00 1.01813700e+01 2.31711000e+03 6.62840400e+00
1.02974600e-04 1.16182400e+03 2.48344700e-02 1.16811400e-01 1.03917600e+00 4.99259600e-02 3.07771400e+00 9.76780900e-01 1.00348100e+00 6.99652100e+01 7.09321300e-01 2.90678700e-01 1.42291000e-01 9.95542200e-02 8.05124900e-01 7.92518200e-01 4.34080100e-01 5.91175700e-01 9.62547600e-01 1.01627900e+02 2.41837200e+00 6.70929000e+00 2.17087100e+00 1.96457600e+00 1.27977300e+03 6.21824400e+03 2.66544000e+03 8.70317300e+02 2.50289200e+02 9.76780900e-01 2.46361000e-01 2.47691000e-01 2.18198800e+00 1.35879000e+01 1.08685400e+03 1.43372300e+02 1.03910200e+00 1.37977000e+01 1.06519700e+03 1.45254900e+02 1.44495100e-01 1.57576000e-01 3.38489600e+03 1.03310600e-02 8.21911500e-01 4.52002300e-01 7.50777300e+01 6.21090900e+02 8.49281300e+01 1.48618800e+03 9.15033100e+01 1.92847500e+03 9.70185500e+01 2.24671900e+03 2.36767700e+02 5.67303100e+03 4.40220500e-01 7.46073200e-01 4.63052900e-01 6.63658600e-01 4.64129000e-01 6.22045600e-01 4.60884600e-01 5.92493900e-01 2.99583000e-01 3.09843000e-01 1.83620600e+01 3.95670900e+02 1.89133900e+03 4.89624000e-02 2.42950100e+00 3.83027700e+00 1.19661900e+01 2.30537200e+03 6.30874100e+00
7.08585100e-03 1.15489200e+03 2.38445700e-02 1.15742400e-01 1.03915200e+00 5.41956600e-02 3.06376100e+00 9.71523700e-01 1.00056500e+00 6.95037800e+01 7.09710900e-01 2.90289100e-01 1.40232200e-01 9.74666500e-02 7.98257300e-01 7.85231300e-01 4.30088900e-01 5.85936500e-01 9.57499800e-01 1.01889600e+02 2.40831100e+00 7.29217500e+00 2.14079200e+00 1.92088200e+00 1.26218800e+03 6.04983200e+03 2.60681300e+03 8.45191000e+02 2.40943500e+02 9.71523700e-01 2.45996200e-01 2.47324900e-01 2.33234500e+00 1.36829300e+01 1.08782100e+03 1.44404800e+02 1.03918300e+00 1.38959900e+01 1.06298400e+03 1.46595800e+02 1.42424600e-01 1.58735900e-01 3.33568100e+03 1.01809000e-02 8.28135100e-01 4.55955100e-01 7.45783300e+01 6.25220600e+02 8.43519600e+01 1.49616900e+03 9.08765300e+01 1.94149100e+03 9.63496300e+01 2.26193800e+03 2.35064400e+02 5.71266000e+03 4.36201500e-01 7.39753100e-01 4.58930900e-01 6.58086300e-01 4.60047800e-01 6.16843900e-01 4.56865800e-01 5.87552800e-01 2.97115300e-01 3.07305900e-01 9.89931100e+00 3.95729300e+02 1.88741900e+03 7.80299900e-02 2.59136600e+00 3.98911100e+00 1.00788600e+01 2.29304700e+03 6.65850700e+00
3.64333200e-03 1.15585800e+03 2.38179900e-02 1.16407300e-01 1.03946300e+00 5.30912800e-02 3.06435100e+00 9.64419800e-01 9.99787900e-01 6.93463100e+01 7.07063700e-01 2.92936300e-01 1.40870400e-01 9.76884600e-02 7.99115800e-01 7.89651900e-01 4.32510100e-01 5.87899400e-01 9.59617200e-01 1.01558300e+02 2.42911700e+00 7.20062300e+00 2.14205500e+00 1.92626600e+00 1.28258600e+03 6.08787600e+03 2.60672500e+03 8.42258400e+02 2.39677300e+02 9.64419800e-01 2.45987800e-01 2.47316400e-01 2.33659900e+00 1.36793000e+01 1.08790500e+03 1.44252600e+02 1.03950200e+00 1.38770900e+01 1.06294600e+03 1.46450900e+02 1.42567400e-01 1.58792900e-01 3.35093800e+03 1.02274600e-02 8.25488400e-01 4.54611400e-01 7.44550600e+01 6.26444600e+02 8.42849300e+01 1.49846000e+03 9.08429500e+01 1.94404100e+03 9.63421600e+01 2.26455900e+03 2.35505600e+02 5.71153100e+03 4.38432400e-01 7.40279600e-01 4.60609600e-01 6.58253400e-01 4.61412900e-01 6.16873600e-01 4.58008900e-01 5.87501800e-01 2.96975000e-01 3.07030800e-01 1.12297100e+01 3.95720300e+02 1.88852600e+03 4.50827700e-02 2.42950100e+00 3.72989500e+00 1.00349700e+01 2.29547600e+03 6.20447900e+00
2.15039300e-03 1.15687300e+03 2.40755500e-02 1.16598900e-01 1.03917300e+00 5.11897900e-02 3.06926800e+00 9.68072800e-01 1.00382400e+00 6.93975800e+01 7.06563800e-01 2.93436200e-01 1.41319600e-01 9.80723700e-02 8.01539700e-01 7.92722600e-01 4.34192000e-01 5.89934000e-01 9.62172300e-01 1.01403200e+02 2.42863700e+00 6.96563700e+00 2.15261400e+00 1.94313600e+00 1.28440600e+03 6.13819100e+03 2.63130300e+03 8.52794700e+02 2.43427700e+02 9.68072800e-01 2.46064000e-01 2.47392900e-01 2.29585500e+00 1.36629300e+01 1.08763700e+03 1.44005800e+02 1.03918500e+00 1.38575800e+01 1.06355700e+03 1.46119100e+02 1.43088800e-01 1.58437100e-01 3.36167400e+03 1.02602100e-02 8.24011500e-01 4.53646900e-01 7.45162400e+01 6.25967400e+02 8.43684600e+01 1.49719300e+03 9.09405800e+01 1.94231400e+03 9.64512200e+01 2.26247900e+03 2.35862300e+02 5.70476900e+03 4.40108100e-01 7.42471600e-01 4.62237900e-01 6.60142700e-01 4.62981100e-01 6.18619000e-01 4.59523700e-01 5.89148300e-01 2.97782700e-01 3.07841300e-01 1.22842100e+01 3.95588600e+02 1.88751500e+03 3.17677000e-02 2.27128100e+00 3.68769900e+00 1.23677400e+01 2.29538800e+03 5.99074700e+00
3.77018000e-04 1.15886000e+03 2.32365500e-02 1.18931200e-01 1.03902100e+00 6.13486100e-02 3.07538000e+00 9.61539100e-01 9.98930300e-01 6.78118900e+01 6.89432600e-01 3.10567400e-01 1.42812900e-01 9.68441500e-02 8.13736400e-01 8.27944100e-01 4.53483700e-01 6.07467000e-01 9.88168100e-01 9.92888300e+01 2.47895900e+00 8.15887500e+00 2.16581000e+00 1.91572700e+00 1.27294400e+03 5.95501400e+03 2.58183800e+03 8.32112900e+02 2.36384700e+02 9.61539100e-01 2.45761500e-01 2.47089400e-01 2.43252600e+00 1.37622800e+01 1.08877800e+03 1.44045700e+02 1.03911300e+00 1.38623700e+01 1.06184000e+03 1.46418000e+02 1.42216300e-01 1.59354000e-01 3.39737100e+03 1.03691300e-02 8.15074500e-01 4.49623000e-01 7.30938700e+01 6.39393100e+02 8.32142600e+01 1.52512800e+03 8.99385100e+01 1.97581000e+03 9.55640700e+01 2.29924200e+03 2.36537100e+02 5.74844600e+03 4.58176700e-01 7.52028400e-01 4.76798600e-01 6.66713600e-01 4.75497800e-01 6.23973400e-01 4.70576300e-01 5.93748900e-01 2.99405200e-01 3.08713800e-01 1.57664400e+01 3.98026300e+02 1.88686400e+03 6.38766500e-02 1.03858200e+00 5.75079400e+00 1.02108600e+01 2.30065700e+03 6.85325300e+00
1.22590900e-03 1.15743200e+03 2.30907100e-02 1.19370200e-01 1.03910500e+00 5.56279100e-02 3.06047500e+00 9.62346700e-01 9.97770600e-01 6.75628700e+01 6.86496800e-01 3.13503200e-01 1.43106100e-01 9.66865600e-02 8.10122100e-01 8.28153400e-01 4.53598300e-01 6.06193100e-01 9.85590400e-01 9.89545500e+01 2.46406300e+00 7.64312700e+00 2.13376800e+00 1.90910300e+00 1.26189300e+03 5.90581400e+03 2.57279200e+03 8.29388800e+02 2.35383400e+02 9.62346700e-01 2.45694500e-01 2.47022100e-01 2.45722900e+00 1.37765000e+01 1.08898600e+03 1.44044100e+02 1.03920700e+00 1.38609600e+01 1.06153500e+03 1.46462900e+02 1.42067000e-01 1.59537700e-01 3.40437900e+03 1.03905000e-02 8.13479900e-01 4.48902100e-01 7.28733800e+01 6.41540500e+02 8.30402000e+01 1.52954100e+03 8.97907900e+01 1.98106600e+03 9.54362700e+01 2.30498000e+03 2.36688400e+02 5.75470900e+03 4.58031200e-01 7.48397200e-01 4.75910300e-01 6.63175400e-01 4.74269500e-01 6.20529900e-01 4.69134600e-01 5.90390500e-01 2.97595500e-01 3.06720200e-01 1.34081500e+01 3.96332100e+02 1.88676100e+03 1.02690400e-01 8.72797100e-01 6.56406400e+00 1.08230100e+01 2.29650100e+03 7.53955200e+00
2.14427200e-05 1.16419500e+03 2.37170600e-02 1.18480600e-01 1.03802400e+00 6.32267600e-02 3.08644100e+00 9.55690500e-01 9.98793700e-01 6.80352800e+01 6.91404300e-01 3.08595700e-01 1.42842800e-01 9.71834700e-02 8.11932200e-01 8.23481900e-01 4.51039600e-01 6.05155900e-01 9.84357100e-01 9.93418500e+01 2.49940200e+00 8.21991000e+00 2.18990100e+00 1.92977400e+00 1.30359200e+03 6.08641500e+03 2.59589800e+03 8.35300100e+02 2.37634400e+02 9.55690500e-01 2.45952700e-01 2.47281200e-01 2.35285700e+00 1.37415600e+01 1.08818900e+03 1.43795300e+02 1.03806800e+00 1.38522000e+01 1.06287000e+03 1.46015200e+02 1.42976800e-01 1.58622700e-01 3.39808400e+03 1.03713000e-02 8.15501400e-01 4.49467900e-01 7.33033500e+01 6.37422800e+02 8.34003000e+01 1.52090500e+03 9.01120200e+01 1.97065100e+03 9.57285200e+01 2.29349400e+03 2.36624200e+02 5.73956100e+03 4.55872300e-01 7.50558600e-01 4.74898600e-01 6.65627700e-01 4.73835400e-01 6.23047200e-01 4.69084800e-01 5.92923300e-01 2.99066600e-01 3.08453300e-01 2.15002500e+01 3.98918000e+02 1.89064600e+03 6.01036100e-02 1.03858200e+00 5.96698300e+00 1.02606000e+01 2.31106400e+03 7.06566900e+00
2.77834200e-04 1.16221400e+03 2.45140400e-02 1.16363400e-01 1.03810600e+00 5.72839100e-02 3.07545800e+00 9.85264500e-01 9.98336000e-01 6.94891400e+01 7.06916000e-01 2.93084000e-01 1.41522600e-01 9.83428500e-02 8.05706800e-01 7.96365500e-01 4.36187300e-01 5.92823000e-01 9.66537200e-01 1.01254500e+02 2.39966900e+00 7.46307400e+00 2.16598000e+00 1.93151500e+00 1.23592300e+03 6.04800700e+03 2.62820700e+03 8.60744400e+02 2.47677200e+02 9.85264500e-01 2.46221700e-01 2.47551200e-01 2.22897000e+00 1.36494000e+01 1.08715200e+03 1.43731200e+02 1.03807400e+00 1.38459500e+01 1.06447200e+03 1.45712700e+02 1.43803800e-01 1.57781700e-01 3.36652800e+03 1.02750200e-02 8.23515100e-01 4.53038200e-01 7.46097400e+01 6.25157100e+02 8.44643500e+01 1.49534200e+03 9.10386400e+01 1.93997100e+03 9.65513700e+01 2.25979700e+03 2.36044200e+02 5.69906400e+03 4.42152400e-01 7.46368600e-01 4.64477200e-01 6.63649000e-01 4.65267800e-01 6.21922100e-01 4.61822500e-01 5.92304900e-01 2.99393500e-01 3.09524100e-01 1.63769700e+01 3.95949000e+02 1.89566000e+03 2.09246400e-02 2.19351700e+00 3.75699500e+00 1.04708000e+01 2.30798600e+03 5.97143700e+00
3.31541600e-03 1.15677400e+03 2.30815200e-02 1.18028900e-01 1.03853500e+00 4.76272500e-02 3.05316000e+00 9.74335900e-01 1.00302600e+00 6.78375200e+01 6.91965000e-01 3.08035000e-01 1.41755500e-01 9.61634500e-02 8.05784100e-01 8.16503500e-01 4.47217400e-01 6.00300500e-01 9.78326200e-01 9.96031300e+01 2.41963200e+00 6.81304900e+00 2.11821800e+00 1.92576000e+00 1.24198000e+03 5.92291400e+03 2.60871600e+03 8.45623800e+02 2.40542100e+02 9.74335900e-01 2.45690000e-01 2.47017600e-01 2.45880500e+00 1.37884000e+01 1.08888200e+03 1.44396900e+02 1.03865200e+00 1.39023400e+01 1.06142000e+03 1.46826000e+02 1.41670100e-01 1.59508400e-01 3.37209600e+03 1.02920100e-02 8.18820900e-01 4.51675000e-01 7.30833800e+01 6.39299200e+02 8.31346600e+01 1.52552300e+03 8.98169100e+01 1.97672700e+03 9.54091800e+01 2.30064000e+03 2.35741100e+02 5.75906600e+03 4.52049500e-01 7.44934400e-01 4.71062900e-01 6.60705400e-01 4.70077000e-01 6.18467100e-01 4.65409500e-01 5.88581700e-01 2.96905600e-01 3.06249100e-01 1.14183400e+01 3.95844000e+02 1.88848100e+03 3.51383900e-02 1.21731700e+00 5.05883600e+00 1.14931000e+01 2.29574400e+03 6.31129200e+00
1.06331900e-02 1.15769700e+03 2.23700200e-02 1.17217800e-01 1.03921000e+00 5.29906300e-02 3.03988000e+00 9.78925100e-01 1.00227300e+00 6.77679400e+01 6.94647400e-01 3.05352600e-01 1.40233000e-01 9.50330300e-02 8.02681600e-01 8.09810700e-01 4.43551600e-01 5.96683100e-01 9.75059600e-01 1.00182300e+02 2.38991200e+00 7.49969500e+00 2.09027400e+00 1.88007900e+00 1.19968700e+03 5.71715200e+03 2.55337200e+03 8.26397900e+02 2.33898800e+02 9.78925100e-01 2.45395500e-01 2.46722100e-01 2.58548100e+00 1.38367400e+01 1.08967800e+03 1.45154700e+02 1.03939100e+00 1.39653600e+01 1.05974200e+03 1.47831400e+02 1.40088100e-01 1.60581900e-01 3.33570100e+03 1.01809700e-02 8.24016700e-01 4.54933400e-01 7.29610700e+01 6.40178700e+02 8.29255800e+01 1.52826300e+03 8.95541800e+01 1.98069900e+03 9.51034400e+01 2.30560800e+03 2.34557000e+02 5.77895000e+03 4.48604000e-01 7.42330500e-01 4.68134000e-01 6.58687800e-01 4.67463900e-01 6.16700100e-01 4.63027700e-01 5.86975600e-01 2.96210200e-01 3.05647200e-01 9.08755000e+00 3.95785300e+02 1.89423600e+03 4.32255200e-03 1.53969800e+00 3.88712000e+00 1.08541300e+01 2.29910900e+03 5.43114100e+00
1.14766800e-02 1.15974700e+03 2.22732000e-02 1.17034800e-01 1.03830600e+00 5.47290700e-02 3.04112500e+00 9.89581800e-01 9.97913500e-01 6.74530000e+01 6.92404400e-01 3.07595600e-01 1.39953100e-01 9.44026000e-02 8.05391900e-01 8.15523900e-01 4.46680800e-01 5.99794300e-01 9.80633300e-01 9.98227700e+01 2.37215500e+00 7.69195600e+00 2.09287700e+00 1.87588600e+00 1.16961000e+03 5.64351100e+03 2.55547900e+03 8.31204200e+02 2.35903200e+02 9.89581800e-01 2.45356200e-01 2.46682500e-01 2.60387300e+00 1.38726000e+01 1.08978300e+03 1.45277500e+02 1.03850700e+00 1.39890700e+01 1.05951300e+03 1.47988600e+02 1.39849400e-01 1.60583400e-01 3.32901100e+03 1.01605600e-02 8.24272500e-01 4.55119000e-01 7.26608800e+01 6.42985400e+02 8.26428500e+01 1.53442300e+03 8.92796600e+01 1.98832700e+03 9.48342100e+01 2.31419700e+03 2.34252400e+02 5.79419800e+03 4.51563300e-01 7.44616400e-01 4.70665400e-01 6.60473100e-01 4.69731400e-01 6.18270600e-01 4.65101200e-01 5.88407800e-01 2.96847900e-01 3.06203300e-01 8.93487600e+00 3.95940900e+02 1.89809300e+03 1.95625000e-02 1.34256300e+00 4.43822200e+00 1.07243400e+01 2.30296900e+03 5.80034800e+00
1.06965700e-02 1.15668600e+03 2.32172300e-02 1.15092600e-01 1.03868900e+00 4.90596400e-02 3.03535100e+00 9.70956900e-01 1.00044900e+00 6.90606700e+01 7.08651600e-01 2.91348400e-01 1.38955000e-01 9.59632700e-02 7.86839700e-01 7.75411000e-01 4.24710100e-01 5.78082000e-01 9.46827500e-01 1.01835200e+02 2.37451400e+00 6.89239500e+00 2.08082800e+00 1.88635500e+00 1.23627600e+03 5.90663400e+03 2.56243900e+03 8.28115100e+02 2.34700500e+02 9.70956900e-01 2.45753200e-01 2.47081000e-01 2.43578200e+00 1.37568300e+01 1.08847500e+03 1.45058800e+02 1.03878300e+00 1.39643100e+01 1.06153500e+03 1.47457600e+02 1.41086800e-01 1.59457200e-01 3.30515200e+03 1.00877600e-02 8.31692900e-01 4.58264800e-01 7.41195400e+01 6.29167700e+02 8.38623400e+01 1.50535400e+03 9.03646800e+01 1.95323700e+03 9.58183500e+01 2.27548000e+03 2.33954900e+02 5.74368500e+03 4.30675700e-01 7.29066200e-01 4.52851700e-01 6.48460800e-01 4.53827500e-01 6.07771900e-01 4.50604100e-01 5.78880700e-01 2.92693600e-01 3.02676700e-01 9.07566400e+00 3.95729300e+02 1.89191400e+03 7.25850400e-02 2.59136600e+00 3.92994800e+00 1.00600800e+01 2.29671900e+03 6.59389800e+00
1.14204500e-04 1.16158400e+03 2.44557600e-02 1.15856500e-01 1.03942700e+00 6.34083500e-02 3.09433100e+00 9.64608100e-01 1.00035100e+00 7.00750700e+01 7.12947800e-01 2.87052200e-01 1.40957400e-01 9.87760300e-02 8.06316000e-01 7.88724000e-01 4.32001900e-01 5.90194900e-01 9.63215500e-01 1.02244500e+02 2.45552700e+00 8.03375200e+00 2.20724700e+00 1.94435300e+00 1.30467200e+03 6.21651300e+03 2.63108600e+03 8.51690900e+02 2.43448600e+02 9.64608100e-01 2.46198300e-01 2.47527800e-01 2.23768400e+00 1.36137700e+01 1.08717100e+03 1.43906500e+02 1.03940400e+00 1.38451000e+01 1.06432000e+03 1.45907200e+02 1.43553400e-01 1.58066800e-01 3.35301800e+03 1.02338000e-02 8.26883100e-01 4.54857700e-01 7.51361800e+01 6.20348600e+02 8.48928900e+01 1.48528900e+03 9.14111800e+01 1.92789100e+03 9.68814100e+01 2.24652200e+03 2.35787200e+02 5.68328200e+03 4.38397300e-01 7.47554800e-01 4.62066700e-01 6.65401000e-01 4.63585500e-01 6.23858200e-01 4.60643200e-01 5.94332700e-01 3.00677600e-01 3.11158900e-01 1.81550400e+01 3.98145100e+02 1.88945600e+03 1.22851400e-01 2.83966800e+00 4.40113900e+00 1.00474900e+01 2.30575600e+03 7.36365900e+00
4.47848300e-03 1.15623000e+03 2.35268200e-02 1.16288300e-01 1.03832600e+00 5.09714700e-02 3.05727100e+00 9.80370300e-01 1.00059000e+00 6.87603800e+01 7.02917400e-01 2.97082600e-01 1.40460300e-01 9.65810400e-02 8.01068500e-01 7.97163900e-01 4.36624600e-01 5.91410400e-01 9.66052100e-01 1.00939600e+02 2.39292700e+00 7.04193100e+00 2.12694400e+00 1.92080300e+00 1.23265000e+03 5.95719900e+03 2.61177700e+03 8.49981400e+02 2.42600400e+02 9.80370300e-01 2.45876400e-01 2.47204600e-01 2.38393900e+00 1.37418900e+01 1.08822100e+03 1.44507000e+02 1.03839600e+00 1.39163800e+01 1.06229800e+03 1.46799000e+02 1.42001300e-01 1.58975900e-01 3.34113500e+03 1.01975400e-02 8.25572700e-01 4.54844400e-01 7.38951700e+01 6.31489800e+02 8.37636400e+01 1.50952100e+03 9.03410100e+01 1.95772500e+03 9.58533900e+01 2.27995000e+03 2.35020500e+02 5.73825200e+03 4.42265100e-01 7.41669000e-01 4.63586900e-01 6.59021400e-01 4.63898800e-01 6.17397200e-01 4.60145300e-01 5.87878300e-01 2.96997800e-01 3.06850400e-01 1.08169400e+01 3.95667000e+02 1.89025700e+03 7.13556000e-03 1.96545900e+00 3.66319500e+00 1.00834700e+01 2.29674100e+03 5.63578900e+00
1.44128000e-03 1.15944800e+03 2.36711500e-02 1.17568400e-01 1.04007000e+00 5.36346000e-02 3.07614400e+00 9.59587800e-01 1.00572200e+00 6.90130600e+01 7.02098200e-01 2.97901800e-01 1.41884700e-01 9.79189900e-02 8.07716900e-01 8.04887300e-01 4.40854900e-01 5.96729400e-01 9.72284900e-01 1.00968000e+02 2.46425000e+00 7.30133100e+00 2.16746500e+00 1.94699900e+00 1.30546700e+03 6.13745800e+03 2.62739000e+03 8.46802900e+02 2.40753200e+02 9.59587800e-01 2.45934900e-01 2.47263400e-01 2.36030500e+00 1.36814200e+01 1.08816500e+03 1.44064800e+02 1.04011700e+00 1.38508200e+01 1.06271700e+03 1.46302800e+02 1.42632000e-01 1.59022100e-01 3.37518400e+03 1.03014300e-02 8.21114600e-01 4.52467200e-01 7.41769800e+01 6.29151600e+02 8.41061700e+01 1.50372700e+03 9.07226800e+01 1.95007500e+03 9.62672400e+01 2.27092900e+03 2.36179300e+02 5.71310800e+03 4.46494100e-01 7.47736300e-01 4.67802300e-01 6.64314000e-01 4.68014100e-01 6.22314100e-01 4.64158800e-01 5.92534100e-01 2.99305000e-01 3.09196800e-01 1.30844500e+01 3.95833800e+02 1.88909100e+03 8.39800000e-03 2.04033800e+00 3.57185700e+00 1.52665700e+01 2.29800900e+03 5.62059200e+00
5.19021500e-05 1.16142100e+03 2.36484900e-02 1.18947400e-01 1.04063100e+00 5.85794800e-02 3.08372900e+00 9.63926000e-01 1.00091800e+00 6.86944600e+01 6.96454400e-01 3.03545600e-01 1.43241000e-01 9.83986400e-02 8.17639600e-01 8.22457100e-01 4.50478300e-01 6.06901100e-01 9.86509000e-01 1.00271200e+02 2.47713000e+00 7.80792200e+00 2.18397000e+00 1.94251800e+00 1.28794200e+03 6.06088100e+03 2.62077300e+03 8.47287000e+02 2.41567800e+02 9.63926000e-01 2.45925900e-01 2.47254300e-01 2.36399300e+00 1.36728400e+01 1.08830600e+03 1.43727900e+02 1.04068200e+00 1.38109300e+01 1.06275600e+03 1.45967000e+02 1.42984600e-01 1.59088100e-01 3.40760400e+03 1.04003500e-02 8.15654000e-01 4.49662400e-01 7.39295900e+01 6.31661500e+02 8.39775200e+01 1.50836700e+03 9.06644000e+01 1.95520000e+03 9.62637800e+01 2.27616200e+03 2.37116500e+02 5.71025000e+03 4.55741600e-01 7.56345000e-01 4.76042100e-01 6.71322300e-01 4.75576300e-01 6.28611700e-01 4.71205900e-01 5.98364000e-01 3.02010900e-01 3.11725300e-01 1.97323000e+01 3.96925300e+02 1.89046600e+03 2.48501400e-03 1.60798500e+00 3.94435400e+00 1.01627200e+01 2.30712400e+03 5.55482400e+00
4.04628500e-03 1.15673800e+03 2.38497700e-02 1.16935200e-01 1.04006700e+00 6.02031300e-02 3.07481100e+00 9.73801100e-01 1.00083600e+00 6.93902600e+01 7.06272300e-01 2.93727700e-01 1.41430100e-01 9.81387400e-02 8.08504200e-01 8.00007600e-01 4.38182200e-01 5.95207700e-01 9.70583800e-01 1.01501700e+02 2.42652200e+00 7.88421600e+00 2.16457900e+00 1.91903000e+00 1.25387700e+03 6.00114800e+03 2.60306300e+03 8.45690800e+02 2.41634800e+02 9.73801100e-01 2.45997800e-01 2.47326500e-01 2.33151300e+00 1.36608100e+01 1.08791400e+03 1.44091500e+02 1.04009400e+00 1.38537100e+01 1.06306100e+03 1.46276500e+02 1.42777500e-01 1.58826900e-01 3.36431700e+03 1.02682800e-02 8.23594500e-01 4.53621100e-01 7.45110100e+01 6.26033700e+02 8.43710900e+01 1.49727600e+03 9.09479800e+01 1.94237200e+03 9.64623800e+01 2.26250500e+03 2.35943600e+02 5.70392700e+03 4.44142700e-01 7.48890800e-01 4.66395700e-01 6.65814300e-01 4.67107900e-01 6.23918800e-01 4.63594400e-01 5.94186300e-01 3.00316600e-01 3.10444600e-01 1.10199100e+01 3.96875900e+02 1.88936900e+03 4.00490900e-02 2.34993600e+00 3.68237700e+00 1.01395400e+01 2.29726500e+03 6.07236200e+00
3.23346500e-04 1.15906800e+03 2.38144900e-02 1.18751200e-01 1.03913600e+00 5.75483400e-02 3.07258900e+00 9.58512200e-01 9.98442800e-01 6.83978300e+01 6.93880200e-01 3.06119800e-01 1.43210900e-01 9.79531300e-02 8.08705600e-01 8.16912500e-01 4.47441400e-01 6.01538400e-01 9.77843400e-01 9.97513800e+01 2.47523900e+00 7.66754200e+00 2.15977400e+00 1.92496300e+00 1.29142200e+03 6.05689700e+03 2.59255100e+03 8.36238400e+02 2.38118000e+02 9.58512200e-01 2.45986600e-01 2.47315300e-01 2.33716000e+00 1.36997800e+01 1.08810300e+03 1.43651900e+02 1.03916800e+00 1.38237400e+01 1.06309900e+03 1.45840000e+02 1.43232500e-01 1.58665600e-01 3.40688400e+03 1.03981500e-02 8.15070300e-01 4.49200800e-01 7.36518500e+01 6.34229500e+02 8.37311200e+01 1.51387700e+03 9.04348600e+01 1.96193300e+03 9.60464800e+01 2.28366600e+03 2.37007500e+02 5.72181700e+03 4.52454700e-01 7.47821500e-01 4.71956100e-01 6.63470800e-01 4.71188600e-01 6.21140600e-01 4.66655900e-01 5.91178400e-01 2.98281000e-01 3.07756300e-01 1.60735700e+01 3.96634700e+02 1.88877400e+03 2.56098700e-02 1.27934900e+00 4.93298900e+00 1.04157800e+01 2.30148200e+03 6.23794800e+00
7.32414800e-03 1.15517200e+03 2.28415900e-02 1.19305900e-01 1.04014600e+00 4.94504400e-02 3.04798600e+00 9.66311400e-01 1.00069400e+00 6.77276600e+01 6.88703800e-01 3.11296200e-01 1.42792700e-01 9.67101400e-02 8.08075000e-01 8.23148000e-01 4.50856700e-01 6.03594300e-01 9.81903100e-01 9.93926600e+01 2.43915800e+00 7.06939700e+00 2.10728500e+00 1.90884700e+00 1.24833800e+03 5.86282900e+03 2.57702800e+03 8.31639900e+02 2.35748300e+02 9.66311400e-01 2.45574300e-01 2.46901400e-01 2.50127700e+00 1.37702100e+01 1.08927700e+03 1.44250600e+02 1.04027800e+00 1.38665400e+01 1.06096300e+03 1.46753400e+02 1.41578400e-01 1.60023900e-01 3.39688700e+03 1.03676500e-02 8.14945200e-01 4.49874200e-01 7.30161400e+01 6.40125700e+02 8.31446500e+01 1.52670200e+03 8.98731800e+01 1.97773700e+03 9.55018200e+01 2.30139100e+03 2.36497900e+02 5.75183800e+03 4.55451300e-01 7.46725300e-01 4.73782800e-01 6.61934400e-01 4.72406600e-01 6.19468300e-01 4.67461800e-01 5.89442000e-01 2.97204600e-01 3.06414100e-01 9.83315700e+00 3.95705200e+02 1.88837200e+03 5.17548900e-02 1.09677200e+00 5.18094200e+00 1.01047900e+01 2.29391000e+03 6.32946800e+00
7.60326600e-03 1.15486300e+03 2.33444700e-02 1.18338900e-01 1.03987700e+00 4.55118400e-02 3.04572700e+00 9.72152900e-01 1.00117100e+00 6.83978300e+01 6.95766200e-01 3.04233800e-01 1.42328500e-01 9.73496400e-02 8.03302000e-01 8.08950400e-01 4.43080400e-01 5.96596500e-01 9.71309600e-01 1.00173200e+02 2.41244600e+00 6.55059800e+00 2.10253200e+00 1.91960400e+00 1.24551300e+03 5.93159400e+03 2.59933400e+03 8.42959800e+02 2.39988200e+02 9.72152900e-01 2.45805500e-01 2.47133500e-01 2.41433500e+00 1.37230700e+01 1.08860400e+03 1.44115600e+02 1.03996600e+00 1.38577200e+01 1.06203100e+03 1.46456700e+02 1.42250600e-01 1.59369100e-01 3.38579300e+03 1.03338000e-02 8.18135400e-01 4.51156700e-01 7.36251800e+01 6.34320400e+02 8.36492900e+01 1.51455800e+03 9.03193100e+01 1.96312100e+03 9.59041000e+01 2.28529800e+03 2.36339300e+02 5.73131700e+03 4.48182200e-01 7.43017800e-01 4.67982400e-01 6.59422300e-01 4.67447700e-01 6.17439400e-01 4.63101200e-01 5.87711100e-01 2.96612800e-01 3.06122000e-01 9.75835500e+00 3.96162600e+02 1.88795900e+03 4.75388500e-03 1.53969800e+00 4.05389000e+00 1.02471300e+01 2.29388000e+03 5.59834200e+00
9.94292400e-03 1.15764400e+03 2.23347300e-02 1.19822600e-01 1.03994100e+00 5.16215400e-02 3.04718000e+00 9.50233400e-01 1.00031400e+00 6.70611600e+01 6.82463400e-01 3.17536600e-01 1.42802500e-01 9.57650200e-02 8.06535400e-01 8.29773700e-01 4.54485800e-01 6.05441100e-01 9.84890400e-01 9.86981500e+01 2.47987500e+00 7.40814200e+00 2.10558900e+00 1.89904700e+00 1.28005700e+03 5.86428200e+03 2.54868900e+03 8.13506400e+02 2.28685900e+02 9.50233400e-01 2.45381400e-01 2.46707800e-01 2.59213400e+00 1.38297500e+01 1.08994800e+03 1.44504100e+02 1.04012500e+00 1.38929600e+01 1.05985600e+03 1.47176300e+02 1.40748200e-01 1.60661700e-01 3.39712200e+03 1.03683700e-02 8.13339500e-01 4.49407000e-01 7.23964400e+01 6.46061700e+02 8.26016300e+01 1.53934200e+03 8.93715000e+01 1.99312300e+03 9.50302300e+01 2.31848800e+03 2.36314700e+02 5.77738300e+03 4.58576200e-01 7.44687900e-01 4.75469800e-01 6.59456300e-01 4.73364400e-01 6.16871600e-01 4.67932500e-01 5.86799700e-01 2.95632700e-01 3.04524500e-01 9.22178800e+00 3.95895300e+02 1.89239500e+03 1.35907500e-01 7.68898900e-01 6.82692600e+00 1.00435100e+01 2.29751200e+03 7.73173300e+00
1.27852200e-03 1.15947200e+03 2.26698000e-02 1.20018200e-01 1.03925000e+00 4.91994600e-02 3.05475000e+00 9.51522600e-01 1.00124300e+00 6.70355200e+01 6.81039600e-01 3.18960400e-01 1.43333200e-01 9.60841500e-02 8.08596400e-01 8.33757100e-01 4.56667600e-01 6.07667500e-01 9.87596000e-01 9.83783800e+01 2.48796000e+00 7.08770800e+00 2.12158900e+00 1.92276900e+00 1.29325300e+03 5.95482600e+03 2.58052200e+03 8.25754400e+02 2.32945100e+02 9.51522600e-01 2.45505000e-01 2.46832000e-01 2.53214100e+00 1.38170500e+01 1.08954900e+03 1.44198200e+02 1.03940800e+00 1.38731100e+01 1.06061900e+03 1.46755600e+02 1.41451000e-01 1.60092200e-01 3.40980700e+03 1.04070700e-02 8.11474000e-01 4.48169700e-01 7.23974400e+01 6.46152100e+02 8.26380600e+01 1.53922800e+03 8.94293600e+01 1.99276200e+03 9.51050300e+01 2.31789400e+03 2.36712200e+02 5.77221400e+03 4.60609900e-01 7.46457000e-01 4.77238700e-01 6.60876900e-01 4.74968500e-01 6.18140200e-01 4.69414900e-01 5.87969300e-01 2.96166900e-01 3.05018800e-01 1.33241000e+01 3.95651600e+02 1.89071100e+03 1.89116800e-01 6.25207500e-01 8.16708500e+00 1.02750400e+01 2.29968700e+03 8.98140900e+00
1.33295700e-02 1.15715000e+03 2.30119000e-02 1.15837900e-01 1.03918400e+00 6.68546300e-02 3.07028700e+00 9.78608300e-01 9.98605000e-01 6.87860100e+01 7.05179200e-01 2.94820800e-01 1.39494900e-01 9.59529900e-02 8.07112700e-01 8.00115400e-01 4.38241300e-01 5.94735300e-01 9.73159800e-01 1.01449500e+02 2.40886700e+00 8.67462200e+00 2.15480800e+00 1.88512200e+00 1.21761700e+03 5.82395300e+03 2.56357500e+03 8.31247900e+02 2.36325900e+02 9.78608300e-01 2.45655700e-01 2.46983200e-01 2.47085500e+00 1.37661600e+01 1.08877600e+03 1.45021900e+02 1.03930600e+00 1.39537300e+01 1.06111500e+03 1.47485700e+02 1.40916200e-01 1.59771200e-01 3.31805800e+03 1.01271400e-02 8.29087400e-01 4.57081700e-01 7.38838700e+01 6.31424300e+02 8.36898400e+01 1.50991000e+03 9.02290000e+01 1.95859100e+03 9.57110000e+01 2.28125600e+03 2.34288600e+02 5.74808100e+03 4.44102700e-01 7.47495500e-01 4.66085200e-01 6.64455500e-01 4.66669700e-01 6.22596100e-01 4.63074700e-01 5.92896000e-01 2.99633900e-01 3.09680400e-01 8.63554000e+00 3.99510400e+02 1.88979600e+03 3.69667100e-02 2.34993600e+00 3.63230000e+00 1.03391300e+01 2.29794200e+03 6.01920300e+00
1.51590900e-02 1.15673300e+03 2.31404600e-02 1.15857600e-01 1.03859300e+00 6.33003700e-02 3.06846400e+00 9.70324500e-01 1.00144900e+00 6.86871300e+01 7.04015500e-01 2.95984500e-01 1.39643200e-01 9.59169200e-02 8.02832800e-01 7.97441800e-01 4.36776900e-01 5.92164500e-01 9.68695800e-01 1.01201500e+02 2.42393400e+00 8.31146200e+00 2.15088400e+00 1.89511200e+00 1.24508400e+03 5.91147800e+03 2.57015800e+03 8.30171000e+02 2.35612300e+02 9.70324500e-01 2.45718200e-01 2.47045900e-01 2.44875000e+00 1.37707300e+01 1.08862700e+03 1.44917400e+02 1.03870800e+00 1.39516900e+01 1.06142000e+03 1.47336900e+02 1.41161900e-01 1.59516500e-01 3.32160300e+03 1.01379500e-02 8.28323800e-01 4.56572100e-01 7.37981900e+01 6.32240500e+02 8.36240300e+01 1.51158200e+03 9.01746600e+01 1.96057400e+03 9.56654400e+01 2.28341300e+03 2.34373600e+02 5.75015200e+03 4.42514500e-01 7.43414400e-01 4.64126300e-01 6.60697000e-01 4.64570000e-01 6.19019500e-01 4.60898900e-01 5.89455800e-01 2.97846100e-01 3.07777000e-01 8.37831000e+00 3.98232800e+02 1.89069600e+03 1.96533300e-02 2.19351700e+00 3.58260200e+00 1.03635200e+01 2.29730700e+03 5.79577200e+00
1.54160100e-02 1.15780600e+03 2.41977200e-02 1.14912600e-01 1.03952500e+00 5.10972600e-02 3.04671700e+00 9.61446600e-01 9.98025500e-01 7.02325400e+01 7.16670300e-01 2.83329700e-01 1.39755500e-01 9.81538200e-02 7.84107000e-01 7.62010000e-01 4.17370100e-01 5.72068900e-01 9.35634300e-01 1.02845700e+02 2.39622000e+00 6.91070600e+00 2.10461300e+00 1.90015800e+00 1.28068600e+03 6.09532300e+03 2.57394400e+03 8.30913500e+02 2.36258800e+02 9.61446600e-01 2.46103600e-01 2.47432600e-01 2.27690800e+00 1.36325800e+01 1.08736500e+03 1.44349600e+02 1.03952100e+00 1.38861700e+01 1.06367100e+03 1.46435900e+02 1.42819100e-01 1.58409500e-01 3.32428600e+03 1.01461400e-02 8.31560700e-01 4.57472100e-01 7.52403400e+01 6.19226100e+02 8.49067500e+01 1.48349700e+03 9.13704700e+01 1.92616300e+03 9.67976700e+01 2.24500200e+03 2.34916300e+02 5.69054600e+03 4.23846800e-01 7.27341200e-01 4.47656400e-01 6.47833900e-01 4.49571700e-01 6.07568000e-01 4.47016700e-01 5.78926400e-01 2.93046000e-01 3.03450800e-01 8.34469700e+00 3.95571100e+02 1.89198200e+03 2.25458800e-01 3.35175700e+00 5.48601200e+00 1.06515700e+01 2.29589800e+03 9.06322800e+00
1.12921200e-02 1.15940700e+03 2.47429200e-02 1.14026500e-01 1.03922000e+00 4.90011900e-02 3.05579000e+00 9.60298000e-01 9.99612200e-01 7.09173600e+01 7.22793700e-01 2.77206300e-01 1.39414600e-01 9.88691300e-02 7.81324900e-01 7.51056400e-01 4.11370600e-01 5.66933900e-01 9.27802200e-01 1.03597800e+02 2.39782900e+00 6.59637500e+00 2.12379600e+00 1.92553300e+00 1.30749900e+03 6.25641500e+03 2.60833500e+03 8.42485600e+02 2.40065400e+02 9.60298000e-01 2.46319400e-01 2.47649300e-01 2.19525400e+00 1.35828900e+01 1.08672400e+03 1.44160900e+02 1.03915800e+00 1.38728600e+01 1.06481600e+03 1.46082400e+02 1.43522000e-01 1.57784900e-01 3.31613700e+03 1.01212800e-02 8.34402900e-01 4.58521300e-01 7.58671200e+01 6.13678400e+02 8.54405800e+01 1.47167800e+03 9.18516300e+01 1.91180300e+03 9.72391800e+01 2.22908400e+03 2.34861000e+02 5.66875400e+03 4.18219300e-01 7.25384100e-01 4.43235900e-01 6.46796900e-01 4.45867300e-01 6.06896000e-01 4.43829000e-01 5.78474700e-01 2.93081300e-01 3.03813000e-01 8.96730000e+00 3.95673800e+02 1.89251100e+03 3.92734600e-01 3.87684100e+00 7.34185100e+00 1.00518300e+01 2.29715200e+03 1.16114300e+01
1.07960500e-04 1.15903200e+03 2.42324100e-02 1.18086500e-01 1.03924600e+00 4.71293600e-02 3.06555100e+00 9.68587700e-01 1.00040900e+00 6.90203900e+01 6.99895700e-01 3.00104300e-01 1.42964100e-01 9.86743700e-02 8.04963800e-01 8.05103700e-01 4.40973500e-01 5.95791700e-01 9.68919500e-01 1.00468900e+02 2.43645200e+00 6.55365000e+00 2.14462700e+00 1.95171200e+00 1.28394200e+03 6.13750600e+03 2.63891800e+03 8.56929300e+02 2.45166900e+02 9.68587700e-01 2.46115400e-01 2.47444600e-01 2.27157300e+00 1.36516600e+01 1.08759000e+03 1.43504100e+02 1.03923500e+00 1.38086300e+01 1.06397600e+03 1.45564100e+02 1.43799700e-01 1.58212700e-01 3.40098500e+03 1.03801500e-02 8.17377400e-01 4.50096200e-01 7.42239500e+01 6.28909600e+02 8.42185700e+01 1.50262300e+03 9.08753100e+01 1.94829900e+03 9.64519600e+01 2.26857600e+03 2.37001700e+02 5.70096300e+03 4.46409900e-01 7.44966300e-01 4.67161400e-01 6.61607100e-01 4.67112200e-01 6.19675100e-01 4.63090900e-01 5.89957200e-01 2.97907500e-01 3.07651900e-01 1.82674900e+01 3.95850100e+02 1.88820800e+03 1.84405200e-04 1.67729600e+00 4.00690500e+00 1.00545400e+01 2.30232600e+03 5.68438600e+00
6.58010500e-04 1.15806200e+03 2.42999400e-02 1.17403400e-01 1.03928700e+00 5.07514000e-02 3.06798600e+00 9.75356900e-01 1.00137200e+00 6.93353300e+01 7.03896400e-01 2.96103600e-01 1.42348500e-01 9.86977800e-02 8.05334900e-01 8.00087900e-01 4.38226200e-01 5.94069800e-01 9.67162000e-01 1.00999800e+02 2.41869300e+00 6.89239500e+00 2.14985700e+00 1.94235000e+00 1.26333400e+03 6.09306900e+03 2.63376200e+03 8.58176800e+02 2.46014900e+02 9.75356900e-01 2.46139400e-01 2.47468600e-01 2.26124300e+00 1.36404600e+01 1.08746100e+03 1.43627500e+02 1.03927900e+00 1.38199200e+01 1.06409100e+03 1.45668600e+02 1.43723700e-01 1.58167000e-01 3.38626900e+03 1.03352500e-02 8.20257500e-01 4.51540200e-01 7.44976600e+01 6.26312000e+02 8.44195400e+01 1.49738200e+03 9.10340300e+01 1.94213900e+03 9.65782500e+01 2.26192900e+03 2.36627400e+02 5.69574800e+03 4.43951100e-01 7.45717500e-01 4.65602800e-01 6.62727800e-01 4.66033400e-01 6.20914900e-01 4.62340900e-01 5.91256000e-01 2.98732400e-01 3.08695700e-01 1.46525800e+01 3.95635200e+02 1.88976300e+03 9.19727600e-03 2.04033800e+00 3.69439800e+00 1.03289300e+01 2.30005100e+03 5.74393300e+00
3.79717400e-03 1.15606300e+03 2.33059600e-02 1.17987100e-01 1.03923800e+00 4.79175300e-02 3.05045200e+00 9.82044400e-01 1.00064400e+00 6.82769800e+01 6.95525600e-01 3.04474400e-01 1.41938200e-01 9.69111300e-02 8.06606500e-01 8.12599400e-01 4.45079000e-01 5.99169100e-01 9.76168100e-01 1.00088300e+02 2.39745500e+00 6.80084200e+00 2.11248900e+00 1.91943600e+00 1.22028800e+03 5.88144700e+03 2.60733900e+03 8.49631100e+02 2.42569600e+02 9.82044400e-01 2.45790300e-01 2.47118200e-01 2.42082100e+00 1.37448400e+01 1.08861600e+03 1.44236000e+02 1.03932100e+00 1.38779000e+01 1.06191600e+03 1.46591600e+02 1.42077100e-01 1.59331600e-01 3.37646200e+03 1.03053300e-02 8.19202100e-01 4.51723600e-01 7.34934200e+01 6.35478900e+02 8.35074700e+01 1.51725300e+03 9.01703400e+01 1.96656700e+03 9.57489400e+01 2.28927200e+03 2.36005700e+02 5.74044900e+03 4.50221500e-01 7.46045300e-01 4.70038000e-01 6.62077300e-01 4.69466500e-01 6.19912100e-01 4.65078300e-01 5.90056600e-01 2.97788000e-01 3.07319900e-01 1.11470000e+01 3.95896900e+02 1.88927200e+03 7.94887200e-03 1.47275900e+00 4.23424800e+00 1.00941400e+01 2.29631600e+03 5.71495600e+00
1.36714200e-02 1.15665400e+03 2.28398600e-02 1.18823100e-01 1.04050400e+00 4.67432400e-02 3.03301200e+00 9.72599900e-01 9.99435200e-01 6.80169700e+01 6.92393800e-01 3.07606200e-01 1.42308100e-01 9.67936600e-02 8.02669700e-01 8.12781500e-01 4.45178700e-01 5.97772100e-01 9.73258500e-01 9.99050800e+01 2.40297800e+00 6.77948000e+00 2.07596800e+00 1.89068800e+00 1.22101200e+03 5.78474900e+03 2.55990600e+03 8.28786300e+02 2.35156200e+02 9.72599900e-01 2.45573500e-01 2.46900700e-01 2.50159100e+00 1.37577400e+01 1.08923800e+03 1.44376500e+02 1.04063400e+00 1.38738900e+01 1.06092500e+03 1.46882600e+02 1.41439100e-01 1.60096600e-01 3.38530400e+03 1.03323100e-02 8.17299400e-01 4.51110600e-01 7.32662200e+01 6.37675200e+02 8.33321600e+01 1.52174300e+03 9.00247600e+01 1.97189100e+03 9.56259700e+01 2.29506400e+03 2.36212400e+02 5.74621200e+03 4.50044100e-01 7.42093700e-01 4.69071200e-01 6.58228300e-01 4.68135100e-01 6.16165800e-01 4.63517200e-01 5.86402400e-01 2.95818000e-01 3.05146700e-01 8.58489600e+00 3.95966900e+02 1.89304100e+03 1.49460300e-02 1.40705700e+00 4.21536700e+00 1.00788200e+01 2.29759300e+03 5.63737000e+00
2.44239100e-03 1.15847900e+03 2.36017300e-02 1.17502100e-01 1.04063300e+00 5.69853700e-02 3.07426700e+00 9.81687600e-01 1.00346300e+00 6.91668700e+01 7.03705300e-01 2.96294700e-01 1.41749000e-01 9.80433600e-02 8.14413200e-01 8.09368100e-01 4.43309200e-01 6.00863500e-01 9.79254900e-01 1.01256900e+02 2.41624200e+00 7.64007600e+00 2.16340100e+00 1.93036900e+00 1.23598600e+03 5.95547200e+03 2.62368200e+03 8.55461100e+02 2.44788600e+02 9.81687600e-01 2.45906900e-01 2.47235300e-01 2.37163000e+00 1.36714100e+01 1.08823700e+03 1.44135000e+02 1.04068800e+00 1.38499800e+01 1.06256500e+03 1.46395100e+02 1.42485600e-01 1.59195100e-01 3.37194000e+03 1.02915300e-02 8.21954500e-01 4.52968900e-01 7.43176200e+01 6.27844500e+02 8.42213100e+01 1.50099500e+03 9.08233500e+01 1.94679100e+03 9.63569700e+01 2.26731800e+03 2.36121800e+02 5.70870600e+03 4.49102500e-01 7.54102800e-01 4.70951800e-01 6.70156600e-01 4.71362000e-01 6.27865400e-01 4.67610500e-01 5.97868500e-01 3.02069400e-01 3.12131400e-01 1.20295600e+01 3.96046000e+02 1.89116600e+03 2.33730500e-02 2.19351700e+00 3.55369700e+00 1.19462800e+01 2.29924200e+03 5.77058700e+00
2.33339400e-04 1.15874000e+03 2.36643100e-02 1.18250800e-01 1.03909400e+00 6.03612100e-02 3.08156200e+00 9.63778300e-01 1.00128600e+00 6.84344500e+01 6.95597100e-01 3.04402900e-01 1.42560200e-01 9.75603000e-02 8.12819200e-01 8.18762200e-01 4.48454500e-01 6.03748700e-01 9.82554400e-01 1.00003700e+02 2.47192200e+00 7.96051000e+00 2.17924100e+00 1.93141700e+00 1.28259000e+03 6.04635300e+03 2.60660400e+03 8.42244200e+02 2.39992400e+02 9.63778300e-01 2.45932200e-01 2.47260600e-01 2.36141800e+00 1.37138200e+01 1.08822900e+03 1.43894500e+02 1.03915000e+00 1.38473200e+01 1.06275600e+03 1.46130700e+02 1.42814400e-01 1.58859100e-01 3.39133100e+03 1.03506900e-02 8.17412800e-01 4.50526100e-01 7.36651200e+01 6.33990200e+02 8.36997700e+01 1.51372400e+03 9.03765200e+01 1.96200900e+03 9.59667900e+01 2.28397900e+03 2.36525200e+02 5.72747300e+03 4.53616900e-01 7.51801200e-01 4.73608700e-01 6.67195800e-01 4.73044900e-01 6.24708900e-01 4.68631200e-01 5.94625000e-01 3.00094300e-01 3.09705500e-01 1.67260300e+01 3.97412200e+02 1.88717000e+03 1.14646000e-02 1.40705700e+00 4.46092200e+00 1.02925500e+01 2.30130800e+03 5.87944300e+00
6.84524500e-04 1.15794100e+03 2.34604500e-02 1.18935300e-01 1.03942700e+00 5.82299900e-02 3.07378900e+00 9.60652900e-01 1.00110600e+00 6.81341600e+01 6.91872600e-01 3.08127400e-01 1.43040800e-01 9.74596700e-02 8.12251600e-01 8.23180600e-01 4.50874600e-01 6.05164100e-01 9.84029600e-01 9.95942900e+01 2.47602900e+00 7.81097400e+00 2.16236800e+00 1.92464900e+00 1.28236800e+03 6.00744200e+03 2.59360900e+03 8.36386000e+02 2.37845000e+02 9.60652900e-01 2.45850200e-01 2.47178300e-01 2.39492600e+00 1.37275800e+01 1.08851900e+03 1.43874100e+02 1.03949500e+00 1.38407600e+01 1.06233600e+03 1.46173800e+02 1.42633900e-01 1.59135500e-01 3.40281900e+03 1.03857500e-02 8.15040300e-01 4.49450900e-01 7.34010200e+01 6.36541600e+02 8.34993000e+01 1.51891200e+03 9.02125900e+01 1.96814200e+03 9.58307500e+01 2.29063200e+03 2.36802600e+02 5.73367000e+03 4.55752600e-01 7.50899500e-01 4.74888900e-01 6.65980200e-01 4.73879400e-01 6.23397900e-01 4.69163900e-01 5.93269900e-01 2.99257800e-01 3.08672200e-01 1.45735700e+01 3.96907400e+02 1.88789900e+03 3.62275800e-02 1.15641700e+00 5.08463500e+00 1.02234600e+01 2.29938000e+03 6.27727900e+00
2.18744400e-03 1.15633900e+03 2.37358800e-02 1.18394800e-01 1.03938700e+00 4.68056500e-02 3.05781000e+00 9.64726900e-01 1.00123800e+00 6.85406500e+01 6.96080800e-01 3.03919200e-01 1.42775800e-01 9.78594500e-02 8.03977200e-01 8.09211700e-01 4.43223500e-01 5.96943500e-01 9.71112600e-01 1.00081000e+02 2.44089500e+00 6.61163300e+00 2.12809000e+00 1.93791700e+00 1.28044000e+03 6.06398500e+03 2.61705400e+03 8.46652500e+02 2.41208100e+02 9.64726900e-01 2.45959700e-01 2.47288200e-01 2.34981300e+00 1.36985700e+01 1.08816200e+03 1.43802900e+02 1.03943200e+00 1.38347500e+01 1.06290800e+03 1.46017100e+02 1.42987100e-01 1.58811300e-01 3.39648300e+03 1.03664200e-02 8.16914800e-01 4.50222300e-01 7.37725400e+01 6.33031500e+02 8.38085700e+01 1.51155400e+03 9.04869900e+01 1.95927500e+03 9.60790300e+01 2.28086000e+03 2.36719900e+02 5.72104400e+03 4.48358000e-01 7.43672000e-01 4.68241700e-01 6.60035700e-01 4.67742200e-01 6.18027300e-01 4.63416400e-01 5.88279100e-01 2.96908500e-01 3.06442300e-01 1.36363400e+01 3.95890500e+02 1.88706900e+03 8.21035600e-03 1.47275900e+00 4.32876600e+00 1.02730900e+01 2.29659600e+03 5.80973600e+00
4.89733800e-03 1.15619000e+03 2.28320500e-02 1.18424300e-01 1.03872500e+00 5.24686600e-02 3.05390600e+00 9.59231000e-01 9.99763700e-01 6.75555400e+01 6.89068200e-01 3.10931800e-01 1.41901500e-01 9.58623400e-02 8.04069500e-01 8.18588300e-01 4.48359300e-01 6.00426500e-01 9.78279900e-01 9.93038600e+01 2.45581300e+00 7.36541700e+00 2.11979800e+00 1.90862600e+00 1.26964900e+03 5.92283800e+03 2.57240600e+03 8.26348500e+02 2.33624500e+02 9.59231000e-01 2.45570000e-01 2.46897200e-01 2.50300200e+00 1.38097000e+01 1.08921200e+03 1.44485600e+02 1.03886700e+00 1.39079900e+01 1.06088600e+03 1.46995900e+02 1.41311500e-01 1.59848300e-01 3.37558500e+03 1.03026500e-02 8.17642100e-01 4.51251800e-01 7.28257900e+01 6.41771600e+02 8.29180600e+01 1.53071800e+03 8.96231000e+01 1.98299900e+03 9.52323400e+01 2.30756200e+03 2.35771100e+02 5.76829800e+03 4.52957600e-01 7.43061800e-01 4.71282900e-01 6.58728600e-01 4.69958000e-01 6.16485600e-01 4.65067900e-01 5.86614700e-01 2.95799200e-01 3.04979200e-01 1.06381300e+01 3.95847900e+02 1.88915900e+03 6.13943700e-02 1.03858200e+00 5.59872600e+00 1.00367100e+01 2.29564500e+03 6.69870200e+00
1.47452000e-02 1.15775900e+03 2.35637600e-02 1.15983300e-01 1.03789700e+00 5.64228400e-02 3.06017800e+00 9.67244100e-01 1.00209300e+00 6.87567100e+01 7.03452900e-01 2.96547100e-01 1.40192200e-01 9.63915700e-02 7.96586800e-01 7.91989300e-01 4.33790400e-01 5.87836500e-01 9.60672900e-01 1.00961200e+02 2.42017900e+00 7.56378200e+00 2.13313500e+00 1.90550500e+00 1.26018700e+03 5.99508700e+03 2.58098300e+03 8.33928900e+02 2.37066000e+02 9.67244100e-01 2.45891400e-01 2.47219700e-01 2.37785800e+00 1.37496400e+01 1.08815500e+03 1.44558000e+02 1.03796000e+00 1.39271300e+01 1.06237400e+03 1.46838300e+02 1.41982100e-01 1.58874600e-01 3.33472600e+03 1.01779900e-02 8.26519700e-01 4.55296900e-01 7.38811800e+01 6.31571600e+02 8.37335800e+01 1.50984400e+03 9.03010400e+01 1.95822800e+03 9.58055000e+01 2.28060400e+03 2.34814100e+02 5.74141900e+03 4.39446200e-01 7.37572400e-01 4.60763700e-01 6.55440100e-01 4.61135900e-01 6.14066800e-01 4.57446400e-01 5.84722500e-01 2.95426600e-01 3.05251300e-01 8.43367500e+00 3.96146600e+02 1.89454500e+03 7.68099800e-03 1.96545900e+00 3.69157700e+00 1.07284600e+01 2.29912500e+03 5.66471700e+00
7.18503300e-05 1.15995500e+03 2.35122900e-02 1.19711400e-01 1.04021300e+00 5.20521300e-02 3.07073600e+00 9.69615700e-01 1.00129600e+00 6.81707800e+01 6.90421900e-01 3.09578100e-01 1.43868800e-01 9.80765100e-02 8.16979100e-01 8.29918500e-01 4.54565100e-01 6.09401500e-01 9.89491000e-01 9.94703000e+01 2.45935900e+00 7.20672600e+00 2.15577500e+00 1.94263700e+00 1.26652900e+03 5.99732500e+03 2.62350800e+03 8.50822000e+02 2.42847300e+02 9.69615700e-01 2.45870500e-01 2.47198800e-01 2.38633800e+00 1.37019300e+01 1.08852500e+03 1.43636300e+02 1.04028300e+00 1.38074200e+01 1.06252700e+03 1.45913400e+02 1.42950300e-01 1.59166700e-01 3.42261200e+03 1.04461300e-02 8.12285000e-01 4.48000200e-01 7.34666400e+01 6.36075900e+02 8.36118300e+01 1.51745800e+03 9.03541000e+01 1.96603300e+03 9.59954800e+01 2.28799400e+03 2.37441100e+02 5.72311500e+03 4.59336400e-01 7.55125600e-01 4.78260000e-01 6.69569500e-01 4.77073900e-01 6.26691700e-01 4.72214500e-01 5.96363500e-01 3.00756200e-01 3.10155600e-01 1.90818500e+01 3.95664900e+02 1.88848800e+03 4.57287200e-02 1.09677200e+00 5.23614000e+00 1.02965200e+01 2.30323500e+03 6.37864000e+00
6.64345300e-03 1.15888900e+03 2.26482100e-02 1.17830500e-01 1.03879800e+00 6.32803100e-02 3.06353500e+00 9.59851400e-01 9.96408900e-01 6.76397700e+01 6.91541900e-01 3.08458100e-01 1.41123900e-01 9.54558500e-02 8.06943100e-01 8.18239300e-01 4.48168100e-01 6.01370200e-01 9.81164500e-01 9.96718000e+01 2.46166100e+00 8.46099900e+00 2.14030800e+00 1.88587000e+00 1.25695200e+03 5.84832200e+03 2.54366100e+03 8.16198800e+02 2.30466800e+02 9.59851400e-01 2.45497200e-01 2.46824100e-01 2.53594500e+00 1.38235800e+01 1.08938500e+03 1.44780700e+02 1.03895700e+00 1.39352000e+01 1.06042900e+03 1.47356800e+02 1.40794200e-01 1.60122300e-01 3.35699600e+03 1.02459400e-02 8.20563300e-01 4.52912900e-01 7.28750100e+01 6.41159500e+02 8.29093800e+01 1.52985400e+03 8.95797000e+01 1.98226800e+03 9.51616700e+01 2.30703100e+03 2.35201700e+02 5.77381600e+03 4.52991700e-01 7.45962100e-01 4.71933900e-01 6.61569000e-01 4.70894400e-01 6.19255700e-01 4.66184600e-01 5.89319900e-01 2.97265600e-01 3.06597700e-01 1.00282500e+01 3.99074800e+02 1.89058300e+03 2.95450600e-02 1.21731700e+00 4.75384600e+00 1.20911800e+01 2.29968600e+03 6.00070800e+00
2.20815500e-03 1.15670100e+03 2.38950700e-02 1.17190100e-01 1.03958700e+00 5.52922500e-02 3.06725200e+00 9.58334300e-01 9.98520100e-01 6.91741900e+01 7.03807200e-01 2.96192800e-01 1.41730300e-01 9.80407800e-02 8.00995200e-01 7.95896300e-01 4.35930400e-01 5.90913000e-01 9.63070000e-01 1.01105600e+02 2.45179200e+00 7.41119400e+00 2.14827800e+00 1.92337700e+00 1.29625600e+03 6.10038000e+03 2.59554600e+03 8.36604400e+02 2.37918100e+02 9.58334300e-01 2.46011400e-01 2.47340200e-01 2.32429300e+00 1.36714900e+01 1.08788500e+03 1.43991200e+02 1.03961400e+00 1.38504500e+01 1.06317500e+03 1.46160800e+02 1.42932900e-01 1.58691600e-01 3.37149200e+03 1.02901700e-02 8.22035900e-01 4.52767200e-01 7.43215000e+01 6.27805800e+02 8.42235100e+01 1.50092200e+03 9.08245500e+01 1.94671000e+03 9.63573900e+01 2.26723400e+03 2.36109000e+02 5.70872700e+03 4.41648300e-01 7.41686300e-01 4.63155200e-01 6.59131000e-01 4.63568300e-01 6.17539300e-01 4.59885100e-01 5.88038000e-01 2.97104900e-01 3.07005900e-01 1.22312000e+01 3.96015400e+02 1.88903500e+03 1.39689200e-02 2.11648900e+00 3.61146400e+00 1.03782000e+01 2.29728200e+03 5.74192200e+00
1.68593800e-02 1.15514000e+03 2.28289700e-02 1.16985900e-01 1.04018800e+00 5.16489800e-02 3.04504600e+00 9.63328000e-01 1.00107900e+00 6.85589600e+01 7.01170000e-01 2.98830000e-01 1.40460000e-01 9.62979100e-02 7.98079700e-01 7.96522000e-01 4.36273100e-01 5.90068400e-01 9.63860500e-01 1.01043700e+02 2.41862400e+00 7.26470900e+00 2.10110000e+00 1.89489400e+00 1.25508800e+03 5.89364000e+03 2.56311200e+03 8.24496200e+02 2.32958000e+02 9.63328000e-01 2.45568700e-01 2.46895800e-01 2.50355900e+00 1.37600200e+01 1.08909400e+03 1.44862000e+02 1.04032500e+00 1.39246900e+01 1.06077200e+03 1.47382200e+02 1.40899800e-01 1.60123100e-01 3.34112700e+03 1.01975200e-02 8.25081500e-01 4.55163000e-01 7.37043600e+01 6.33252900e+02 8.35953400e+01 1.51330400e+03 9.01849700e+01 1.96234700e+03 9.57063300e+01 2.28509700e+03 2.34960300e+02 5.74606800e+03 4.41784700e-01 7.38723200e-01 4.62636700e-01 6.56205200e-01 4.62737100e-01 6.14675700e-01 4.58852600e-01 5.85235100e-01 2.95589700e-01 3.05311000e-01 8.16569700e+00 3.95678300e+02 1.89070600e+03 1.22572600e-02 2.04033800e+00 3.46232100e+00 1.02141700e+01 2.29455000e+03 5.51491500e+00
7.13909800e-03 1.15536200e+03 2.40096900e-02 1.16534600e-01 1.04006700e+00 5.03868200e-02 3.05748600e+00 9.76699100e-01 1.00005400e+00 6.96685800e+01 7.09110400e-01 2.90889600e-01 1.41189400e-01 9.83646600e-02 8.00295600e-01 7.88050300e-01 4.31632900e-01 5.87736300e-01 9.58808700e-01 1.01860600e+02 2.39479200e+00 6.89849900e+00 2.12740100e+00 1.92346300e+00 1.24851200e+03 6.02285700e+03 2.61325600e+03 8.50826600e+02 2.43301700e+02 9.76699100e-01 2.46044200e-01 2.47373100e-01 2.30616900e+00 1.36426500e+01 1.08770400e+03 1.44072800e+02 1.04008900e+00 1.38519600e+01 1.06340400e+03 1.46207400e+02 1.42951600e-01 1.58653400e-01 3.35856300e+03 1.02507200e-02 8.25108900e-01 4.54287500e-01 7.47664300e+01 6.23689800e+02 8.45809900e+01 1.49236300e+03 9.11319700e+01 1.93645900e+03 9.66267800e+01 2.25599600e+03 2.35843800e+02 5.69592200e+03 4.37707200e-01 7.41580800e-01 4.60364500e-01 6.59643400e-01 4.61413200e-01 6.18274300e-01 4.58173600e-01 5.88897000e-01 2.97763800e-01 3.07949700e-01 9.88433800e+00 3.95677300e+02 1.88850700e+03 7.54631900e-02 2.59136600e+00 3.95985000e+00 1.00282500e+01 2.29406900e+03 6.62667800e+00
2.64796600e-03 1.15893800e+03 2.40053600e-02 1.16306300e-01 1.04079400e+00 6.29814900e-02 3.07964800e+00 9.78264200e-01 9.98145600e-01 6.99945100e+01 7.12287900e-01 2.87712100e-01 1.40956800e-01 9.86620400e-02 8.09481900e-01 7.92730500e-01 4.34196400e-01 5.92852500e-01 9.67553800e-01 1.02383400e+02 2.41424200e+00 8.10089100e+00 2.17507500e+00 1.91764900e+00 1.24595800e+03 6.00140200e+03 2.60696400e+03 8.49160000e+02 2.43110800e+02 9.78264200e-01 2.46042900e-01 2.47371800e-01 2.30685000e+00 1.36205400e+01 1.08768900e+03 1.44135200e+02 1.04081800e+00 1.38482600e+01 1.06336600e+03 1.46273400e+02 1.42877400e-01 1.58778200e-01 3.35300300e+03 1.02337600e-02 8.26697500e-01 4.55132500e-01 7.50633000e+01 6.20996500e+02 8.48283500e+01 1.48668600e+03 9.13512200e+01 1.92960200e+03 9.68248200e+01 2.24843000e+03 2.35763500e+02 5.68620800e+03 4.40558200e-01 7.50423600e-01 4.64179700e-01 6.67880000e-01 4.65626800e-01 6.26150900e-01 4.62618800e-01 5.96497200e-01 3.01745700e-01 3.12230600e-01 1.18679300e+01 3.97626200e+02 1.88998100e+03 1.47251200e-01 3.00817000e+00 4.66844800e+00 1.05780000e+01 2.29947500e+03 7.82386900e+00
1.57542700e-02 1.15698700e+03 2.29441800e-02 1.16042000e-01 1.03974800e+00 6.50095100e-02 3.06559200e+00 9.70285400e-01 9.97713900e-01 6.88482700e+01 7.05424400e-01 2.94575600e-01 1.39631300e-01 9.61337200e-02 8.04172300e-01 7.96868800e-01 4.36463000e-01 5.92445300e-01 9.69175800e-01 1.01556200e+02 2.42068900e+00 8.52508500e+00 2.14471600e+00 1.88323000e+00 1.23682600e+03 5.85298900e+03 2.55451300e+03 8.24533400e+02 2.33672900e+02 9.70285400e-01 2.45622200e-01 2.46949600e-01 2.48281700e+00 1.37572300e+01 1.08887300e+03 1.45020600e+02 1.03987200e+00 1.39460000e+01 1.06096300e+03 1.47507300e+02 1.40847400e-01 1.59937900e-01 3.32131800e+03 1.01370800e-02 8.28732900e-01 4.56963300e-01 7.39432300e+01 6.30902000e+02 8.37512600e+01 1.50871300e+03 9.02921300e+01 1.95707300e+03 9.57757200e+01 2.27951600e+03 2.34410400e+02 5.74432100e+03 4.42340600e-01 7.44793700e-01 4.64289800e-01 6.62077900e-01 4.64897700e-01 6.20378300e-01 4.61333300e-01 5.90790200e-01 2.98577100e-01 3.08599400e-01 8.30128800e+00 3.99062400e+02 1.88959200e+03 4.59289000e-02 2.42950100e+00 3.67848400e+00 1.08639500e+01 2.29695600e+03 6.15391400e+00
1.82532900e-03 1.15676700e+03 2.40189300e-02 1.16643200e-01 1.03963100e+00 5.69440300e-02 3.06864900e+00 9.78225600e-01 9.97478100e-01 6.94891400e+01 7.07362100e-01 2.92637900e-01 1.41307200e-01 9.81931700e-02 8.05235800e-01 7.95294000e-01 4.35600500e-01 5.92250800e-01 9.65972100e-01 1.01573200e+02 2.40739400e+00 7.53631600e+00 2.15128300e+00 1.91971400e+00 1.24334000e+03 6.00038400e+03 2.60811600e+03 8.49796000e+02 2.43271700e+02 9.78225600e-01 2.46046900e-01 2.47375800e-01 2.30471800e+00 1.36551900e+01 1.08770200e+03 1.44037700e+02 1.03965000e+00 1.38544400e+01 1.06340400e+03 1.46171400e+02 1.42999100e-01 1.58572500e-01 3.36137900e+03 1.02593100e-02 8.24270600e-01 4.53835000e-01 7.46022200e+01 6.25188300e+02 8.44435900e+01 1.49552400e+03 9.10097400e+01 1.94027900e+03 9.65159600e+01 2.26021400e+03 2.35880200e+02 5.70141700e+03 4.41594800e-01 7.45978100e-01 4.64005000e-01 6.63353000e-01 4.64848800e-01 6.21666300e-01 4.61442600e-01 5.92074800e-01 2.99296800e-01 3.09446200e-01 1.26119900e+01 3.96024300e+02 1.88763300e+03 4.60335800e-02 2.42950100e+00 3.74389700e+00 1.10453400e+01 2.29627000e+03 6.21943200e+00
3.04316300e-03 1.16243700e+03 2.34678400e-02 1.18606800e-01 1.03954500e+00 6.00736300e-02 3.07846800e+00 9.62517400e-01 1.00596800e+00 6.82952900e+01 6.94013200e-01 3.05986800e-01 1.42719800e-01 9.74708700e-02 8.13656900e-01 8.21735400e-01 4.50083000e-01 6.05155500e-01 9.84568500e-01 9.98826600e+01 2.47439800e+00 7.98187300e+00 2.17251000e+00 1.92656000e+00 1.28038200e+03 6.01182700e+03 2.59855800e+03 8.38625200e+02 2.38606000e+02 9.62517400e-01 2.45853000e-01 2.47181200e-01 2.39369800e+00 1.37220000e+01 1.08848600e+03 1.43952500e+02 1.03960900e+00 1.38467900e+01 1.06233600e+03 1.46251200e+02 1.42555900e-01 1.59153200e-01 3.39514400e+03 1.03623300e-02 8.16526500e-01 4.50221000e-01 7.35392400e+01 6.35191100e+02 8.35995700e+01 1.51620400e+03 9.02909200e+01 1.96497000e+03 9.58922600e+01 2.28721800e+03 2.36605400e+02 5.73108700e+03 4.55140500e-01 7.52414000e-01 4.74791900e-01 6.67560800e-01 4.74035700e-01 6.24976200e-01 4.69486300e-01 5.94833100e-01 3.00133900e-01 3.09672600e-01 1.15897200e+01 3.97365100e+02 1.89428800e+03 1.71800600e-02 1.34256300e+00 4.54519600e+00 1.57268200e+01 2.30324300e+03 5.90494000e+00
1.70294100e-03 1.15634600e+03 2.36195700e-02 1.17607200e-01 1.03954600e+00 5.44789400e-02 3.06270600e+00 9.80010400e-01 9.98236700e-01 6.87786900e+01 7.00091500e-01 2.99908500e-01 1.41872000e-01 9.75776700e-02 8.08532400e-01 8.08409100e-01 4.42783900e-01 5.98335300e-01 9.74923400e-01 1.00656800e+02 2.40935000e+00 7.39288300e+00 2.13853400e+00 1.91776900e+00 1.23036800e+03 5.92478900e+03 2.60442400e+03 8.48609100e+02 2.42637900e+02 9.80010400e-01 2.45914200e-01 2.47242600e-01 2.36871300e+00 1.37023100e+01 1.08822700e+03 1.44094100e+02 1.03959900e+00 1.38605500e+01 1.06260300e+03 1.46348800e+02 1.42549200e-01 1.59002700e-01 3.37487900e+03 1.03005000e-02 8.20612700e-01 4.52231700e-01 7.39585300e+01 6.31154100e+02 8.39127200e+01 1.50802800e+03 9.05428000e+01 1.95533400e+03 9.60972600e+01 2.27679100e+03 2.36101200e+02 5.72209900e+03 4.48280000e-01 7.48287900e-01 4.69163900e-01 6.64578300e-01 4.69136000e-01 6.22467200e-01 4.65111600e-01 5.92621100e-01 2.99268000e-01 3.09061700e-01 1.27508000e+01 3.95775200e+02 1.88810200e+03 7.33310100e-04 1.81943000e+00 3.71866200e+00 1.05252600e+01 2.29662800e+03 5.53882500e+00
8.77368900e-03 1.15492600e+03 2.32289800e-02 1.18190600e-01 1.04012900e+00 5.10677500e-02 3.04774700e+00 9.73595900e-01 9.97683000e-01 6.84381100e+01 6.96687600e-01 3.03312400e-01 1.42064700e-01 9.72264100e-02 8.04748600e-01 8.09179200e-01 4.43205700e-01 5.97217800e-01 9.72772300e-01 1.00345100e+02 2.41079800e+00 7.14263900e+00 2.10678300e+00 1.90222900e+00 1.23174300e+03 5.86375000e+03 2.57749500e+03 8.35985800e+02 2.37915600e+02 9.73595900e-01 2.45758300e-01 2.47086100e-01 2.43380200e+00 1.37267500e+01 1.08872500e+03 1.44242200e+02 1.04022500e+00 1.38664400e+01 1.06176400e+03 1.46621700e+02 1.41992500e-01 1.59558300e-01 3.37948600e+03 1.03145600e-02 8.19146100e-01 4.51773800e-01 7.36521400e+01 6.34022700e+02 8.36555600e+01 1.51406700e+03 9.03132200e+01 1.96262800e+03 9.58883200e+01 2.28484300e+03 2.36150000e+02 5.73274200e+03 4.48396100e-01 7.44447100e-01 4.68434500e-01 6.60791900e-01 4.68006700e-01 6.18764000e-01 4.63726300e-01 5.88998100e-01 2.97301000e-01 3.06873200e-01 9.47199600e+00 3.95627300e+02 1.88843200e+03 1.10106900e-03 1.60798500e+00 3.82469000e+00 1.08867400e+01 2.29353200e+03 5.43377600e+00
1.08936200e-02 1.15541000e+03 2.35481500e-02 1.16614400e-01 1.04055100e+00 5.32752600e-02 3.05732300e+00 9.78796000e-01 9.99983000e-01 6.94158900e+01 7.07780800e-01 2.92219200e-01 1.40807700e-01 9.77429500e-02 8.03591400e-01 7.93101900e-01 4.34399800e-01 5.90829900e-01 9.64508000e-01 1.01825300e+02 2.39324000e+00 7.27691700e+00 2.12705300e+00 1.91207100e+00 1.23292300e+03 5.93268500e+03 2.59972600e+03 8.45796200e+02 2.41355200e+02 9.78796000e-01 2.45885000e-01 2.47213300e-01 2.38042500e+00 1.36750300e+01 1.08822400e+03 1.44405900e+02 1.04061900e+00 1.38769200e+01 1.06237400e+03 1.46688700e+02 1.42133300e-01 1.59279800e-01 3.34943900e+03 1.02228800e-02 8.25867700e-01 4.55038100e-01 7.45165500e+01 6.25877100e+02 8.43351300e+01 1.49727300e+03 9.08867200e+01 1.94261500e+03 9.63810500e+01 2.26299100e+03 2.35477900e+02 5.70964400e+03 4.40414300e-01 7.44498100e-01 4.62871300e-01 6.62085500e-01 4.63763800e-01 6.20499000e-01 4.60399600e-01 5.90975900e-01 2.98761600e-01 3.08913000e-01 9.03915700e+00 3.95670000e+02 1.88950000e+03 7.27215100e-02 2.59136600e+00 3.91808900e+00 1.00278200e+01 2.29420900e+03 6.58217700e+00
1.32511200e-02 1.15501100e+03 2.35276600e-02 1.16208400e-01 1.04027100e+00 5.41391600e-02 3.05599100e+00 9.78124300e-01 9.99302400e-01 6.94488500e+01 7.08942500e-01 2.91057500e-01 1.40381200e-01 9.74931400e-02 8.01223200e-01 7.89191300e-01 4.32257900e-01 5.88502400e-01 9.61437300e-01 1.01964100e+02 2.38982200e+00 7.35931400e+00 2.12422400e+00 1.90623100e+00 1.23204600e+03 5.92684300e+03 2.59228300e+03 8.42761000e+02 2.40302100e+02 9.78124300e-01 2.45876700e-01 2.47205000e-01 2.38380000e+00 1.36835800e+01 1.08821200e+03 1.44527400e+02 1.04034000e+00 1.38923200e+01 1.06229800e+03 1.46819000e+02 1.41978900e-01 1.59276400e-01 3.33924400e+03 1.01917800e-02 8.27470700e-01 4.55878200e-01 7.45334900e+01 6.25651100e+02 8.43221000e+01 1.49701600e+03 9.08555000e+01 1.94246800e+03 9.63354500e+01 2.26297500e+03 2.35162400e+02 5.71304400e+03 4.38332000e-01 7.42424000e-01 4.60979900e-01 6.60375400e-01 4.62010200e-01 6.18953000e-01 4.58753200e-01 5.89538800e-01 2.98087000e-01 3.08273100e-01 8.64734600e+00 3.95749200e+02 1.88868500e+03 8.88958800e-02 2.67357500e+00 4.07216500e+00 1.01056500e+01 2.29308100e+03 6.83463600e+00
1.40686800e-02 1.15824900e+03 2.30326000e-02 1.15013900e-01 1.03987200e+00 6.24841100e-02 3.05385000e+00 9.76030000e-01 9.96842000e-01 6.93389900e+01 7.11533600e-01 2.88466400e-01 1.38691600e-01 9.61673800e-02 7.97206600e-01 7.81732000e-01 4.28172200e-01 5.84244600e-01 9.57375100e-01 1.02402100e+02 2.38395000e+00 8.24737500e+00 2.11968000e+00 1.87067100e+00 1.21673700e+03 5.81591000e+03 2.54565300e+03 8.24091900e+02 2.33778300e+02 9.76030000e-01 2.45666000e-01 2.46993500e-01 2.46724800e+00 1.37395400e+01 1.08868100e+03 1.45222800e+02 1.03999300e+00 1.39638200e+01 1.06111500e+03 1.47683200e+02 1.40719600e-01 1.59878800e-01 3.29885600e+03 1.00685500e-02 8.33308700e-01 4.59276200e-01 7.43697100e+01 6.26844500e+02 8.40661800e+01 1.50049500e+03 9.05420400e+01 1.94739800e+03 9.59756100e+01 2.26906100e+03 2.33834900e+02 5.73602900e+03 4.34418500e-01 7.38966000e-01 4.57514200e-01 6.57595700e-01 4.58846800e-01 6.16472900e-01 4.55819900e-01 5.87255000e-01 2.97052000e-01 3.07327800e-01 8.52760900e+00 3.97673000e+02 1.89078200e+03 1.51026500e-01 3.00817000e+00 4.73222200e+00 1.16234100e+01 2.29698300e+03 7.89141800e+00
9.12070800e-03 1.15492500e+03 2.36799100e-02 1.17164500e-01 1.04016400e+00 4.75157600e-02 3.04659300e+00 9.73154500e-01 9.97768400e-01 6.91961700e+01 7.04498000e-01 2.95502000e-01 1.41489600e-01 9.79053800e-02 7.98643700e-01 7.92633900e-01 4.34143500e-01 5.88834400e-01 9.60090200e-01 1.01302400e+02 2.39690600e+00 6.68182400e+00 2.10435300e+00 1.91358200e+00 1.24609300e+03 5.96656800e+03 2.59569100e+03 8.42816900e+02 2.40289300e+02 9.73154500e-01 2.45938300e-01 2.47266800e-01 2.35888100e+00 1.36758300e+01 1.08812100e+03 1.44162400e+02 1.04021500e+00 1.38589000e+01 1.06271700e+03 1.46398800e+02 1.42532300e-01 1.59040600e-01 3.36573900e+03 1.02726100e-02 8.22938400e-01 4.53409700e-01 7.43358000e+01 6.27634200e+02 8.42203000e+01 1.50068300e+03 9.08107700e+01 1.94651300e+03 9.63352900e+01 2.26709900e+03 2.35933000e+02 5.71044300e+03 4.39882400e-01 7.39581000e-01 4.61482400e-01 6.57340700e-01 4.61978700e-01 6.15895700e-01 4.58364800e-01 5.86494000e-01 2.96355200e-01 3.06265700e-01 9.39441600e+00 3.95902200e+02 1.88784100e+03 2.59586200e-02 2.27128100e+00 3.58982300e+00 1.08245900e+01 2.29313800e+03 5.88706200e+00
4.65745800e-03 1.15612400e+03 2.40422700e-02 1.16848600e-01 1.03991100e+00 5.15101100e-02 3.06527400e+00 9.69885700e-01 1.00273400e+00 6.95294200e+01 7.07227800e-01 2.92772200e-01 1.41536000e-01 9.84091700e-02 8.02164900e-01 7.92442800e-01 4.34038800e-01 5.90059900e-01 9.62009500e-01 1.01576400e+02 2.42091500e+00 7.00836200e+00 2.14403500e+00 1.93415200e+00 1.27321500e+03 6.09000100e+03 2.62076900e+03 8.50352700e+02 2.42832800e+02 9.69885700e-01 2.46053800e-01 2.47382800e-01 2.30105900e+00 1.36456500e+01 1.08769400e+03 1.43966800e+02 1.03992200e+00 1.38440000e+01 1.06348000e+03 1.46091200e+02 1.43100500e-01 1.58579500e-01 3.36684800e+03 1.02760000e-02 8.23552400e-01 4.53452600e-01 7.46465900e+01 6.24827000e+02 8.44977800e+01 1.49462500e+03 9.10702600e+01 1.93908900e+03 9.65816800e+01 2.25880900e+03 2.36065900e+02 5.69745200e+03 4.40005800e-01 7.43118200e-01 4.62298400e-01 6.60792900e-01 4.63121500e-01 6.19260000e-01 4.59716200e-01 5.89778500e-01 2.98127500e-01 3.08231300e-01 1.07385700e+01 3.95591400e+02 1.88847800e+03 4.63135400e-02 2.42950100e+00 3.73953000e+00 1.12240700e+01 2.29480800e+03 6.21534500e+00
2.39737400e-05 1.16315900e+03 2.41592400e-02 1.19465400e-01 1.03913600e+00 4.77159500e-02 3.07218300e+00 9.57693800e-01 1.00353400e+00 6.84381100e+01 6.91979800e-01 3.08020200e-01 1.44269700e-01 9.87354900e-02 8.09325400e-01 8.20072400e-01 4.49172100e-01 6.02931500e-01 9.78304800e-01 9.94287300e+01 2.48089400e+00 6.64215100e+00 2.15889800e+00 1.96239600e+00 1.31621500e+03 6.19204800e+03 2.63992200e+03 8.52719500e+02 2.43399800e+02 9.57693800e-01 2.46090700e-01 2.47419700e-01 2.28285000e+00 1.36681000e+01 1.08778000e+03 1.43208900e+02 1.03912800e+00 1.37816400e+01 1.06393800e+03 1.45282700e+02 1.44062800e-01 1.58233000e-01 3.43219500e+03 1.04753700e-02 8.11533300e-01 4.47115900e-01 7.37255400e+01 6.33732800e+02 8.38658700e+01 1.51223300e+03 9.06072700e+01 1.95950200e+03 9.62490100e+01 2.28059000e+03 2.37819900e+02 5.70880400e+03 4.54040800e-01 7.48202600e-01 4.73128200e-01 6.63597100e-01 4.72133100e-01 6.21170600e-01 4.67441900e-01 5.91152200e-01 2.98184500e-01 3.07573500e-01 2.12771000e+01 3.95697800e+02 1.89042500e+03 5.19310000e-02 1.09677200e+00 5.74362500e+00 1.20259400e+01 2.30740000e+03 6.89232800e+00
3.37582100e-08 1.16880900e+03 2.41643800e-02 1.19841700e-01 1.03970300e+00 5.48903300e-02 3.08849200e+00 9.69441900e-01 9.99863100e-01 6.85040300e+01 6.91759400e-01 3.08240600e-01 1.44651200e-01 9.90919000e-02 8.21442400e-01 8.32647900e-01 4.56060100e-01 6.12067900e-01 9.92473800e-01 9.94542400e+01 2.47954600e+00 7.35931400e+00 2.19439600e+00 1.96624600e+00 1.28776700e+03 6.12678000e+03 2.65345000e+03 8.62630500e+02 2.47405900e+02 9.69441900e-01 2.46092400e-01 2.47421400e-01 2.28205500e+00 1.36520000e+01 1.08780600e+03 1.43109600e+02 1.03970300e+00 1.37644800e+01 1.06397600e+03 1.45180100e+02 1.44180100e-01 1.58301400e-01 3.44131300e+03 1.05031900e-02 8.10392800e-01 4.46534900e-01 7.38024600e+01 6.33086500e+02 8.39586600e+01 1.51064400e+03 9.07102900e+01 1.95741200e+03 9.63604600e+01 2.27813100e+03 2.38127500e+02 5.70210200e+03 4.60968400e-01 7.59384100e-01 4.80296100e-01 6.73491800e-01 4.79262200e-01 6.30423300e-01 4.74484500e-01 5.99952000e-01 3.02614200e-01 3.12133700e-01 3.44080800e+01 3.95932100e+02 1.89051900e+03 4.88148300e-02 1.09677200e+00 5.58331000e+00 1.00307800e+01 2.32085900e+03 6.72889700e+00
2.49906600e-04 1.15987100e+03 2.35923400e-02 1.18839600e-01 1.03819500e+00 4.84623400e-02 3.06209800e+00 9.70031900e-01 1.00215100e+00 6.78631600e+01 6.89328000e-01 3.10672000e-01 1.43077100e-01 9.70966600e-02 8.08407300e-01 8.22660500e-01 4.50589700e-01 6.03539600e-01 9.81325700e-01 9.91170100e+01 2.44424900e+00 6.81304900e+00 2.13723500e+00 1.93980600e+00 1.26407900e+03 6.01514000e+03 2.62115400e+03 8.49978200e+02 2.42534000e+02 9.70031900e-01 2.45903000e-01 2.47231400e-01 2.37316800e+00 1.37503700e+01 1.08836000e+03 1.43798200e+02 1.03825800e+00 1.38499500e+01 1.06264100e+03 1.46054200e+02 1.42850100e-01 1.58789200e-01 3.40368700e+03 1.03883900e-02 8.14292100e-01 4.48935300e-01 7.31531000e+01 6.38881300e+02 8.32838600e+01 1.52388700e+03 9.00148700e+01 1.97419000e+03 9.56460200e+01 2.29734600e+03 2.36753000e+02 5.74348000e+03 4.55227500e-01 7.47095000e-01 4.73708600e-01 6.62330700e-01 4.72406500e-01 6.19867600e-01 4.67510500e-01 5.89839500e-01 2.97428100e-01 3.06673100e-01 1.65888500e+01 3.95738100e+02 1.88915900e+03 8.41446800e-02 9.26576500e-01 6.47753600e+00 1.07680000e+01 2.30148600e+03 7.48825700e+00
9.24729700e-04 1.15687500e+03 2.35058900e-02 1.18579500e-01 1.04014100e+00 4.85890500e-02 3.05790000e+00 9.69019000e-01 9.99262600e-01 6.85369900e+01 6.96144800e-01 3.03855200e-01 1.42730500e-01 9.78231800e-02 8.07617200e-01 8.12789900e-01 4.45183400e-01 5.99614700e-01 9.75535500e-01 1.00213100e+02 2.43391700e+00 6.84051500e+00 2.12828100e+00 1.93119000e+00 1.26310400e+03 5.99348500e+03 2.61157500e+03 8.46145500e+02 2.41078200e+02 9.69019000e-01 2.45868000e-01 2.47196200e-01 2.38739600e+00 1.37002200e+01 1.08843600e+03 1.43930800e+02 1.04020700e+00 1.38367500e+01 1.06241200e+03 1.46217600e+02 1.42616300e-01 1.59201300e-01 3.39540100e+03 1.03631100e-02 8.17057500e-01 4.50483900e-01 7.37664000e+01 6.33080300e+02 8.38001700e+01 1.51168300e+03 9.04771700e+01 1.95945100e+03 9.60680600e+01 2.28107200e+03 2.36684100e+02 5.72172400e+03 4.50353800e-01 7.47044500e-01 4.70339400e-01 6.63034900e-01 4.69844000e-01 6.20838200e-01 4.65503000e-01 5.90956300e-01 2.98262500e-01 3.07841900e-01 1.39720200e+01 3.95721800e+02 1.88837500e+03 3.80554100e-03 1.53969800e+00 4.02344200e+00 1.01147800e+01 2.29806900e+03 5.56694600e+00
2.18727600e-03 1.15631800e+03 2.37320600e-02 1.16985100e-01 1.03967200e+00 5.23867000e-02 3.06866300e+00 9.75126400e-01 1.00342500e+00 6.91375700e+01 7.04263300e-01 2.95736700e-01 1.41362300e-01 9.77344500e-02 8.06793000e-01 8.01039900e-01 4.38747600e-01 5.94961000e-01 9.70297900e-01 1.01211800e+02 2.41884300e+00 7.15484600e+00 2.15131300e+00 1.93731800e+00 1.25829200e+03 6.03871100e+03 2.62875000e+03 8.54283200e+02 2.43971000e+02 9.75126400e-01 2.45958300e-01 2.47286800e-01 2.35043000e+00 1.36843800e+01 1.08804700e+03 1.44168900e+02 1.03971800e+00 1.38661500e+01 1.06279400e+03 1.46391900e+02 1.42576000e-01 1.58908600e-01 3.36269500e+03 1.02633300e-02 8.23252400e-01 4.53521300e-01 7.42767900e+01 6.28149600e+02 8.41598500e+01 1.50185900e+03 9.07490000e+01 1.94800100e+03 9.62722300e+01 2.26880000e+03 2.35818800e+02 5.71404900e+03 4.44529000e-01 7.47104000e-01 4.66297700e-01 6.64000600e-01 4.66771100e-01 6.22124700e-01 4.63100900e-01 5.92418700e-01 2.99340700e-01 3.09338600e-01 1.22502000e+01 3.95641300e+02 1.88703300e+03 2.00252200e-02 2.19351700e+00 3.59456800e+00 1.19043100e+01 2.29492400e+03 5.80811100e+00
6.89342500e-04 1.15767900e+03 2.34930200e-02 1.17179900e-01 1.03976900e+00 5.59672500e-02 3.07498500e+00 9.78003700e-01 1.00228900e+00 6.88995400e+01 7.02309500e-01 2.97690500e-01 1.41318000e-01 9.73674600e-02 8.12093400e-01 8.08961400e-01 4.43086400e-01 5.99856300e-01 9.78358100e-01 1.01005800e+02 2.42423400e+00 7.55767800e+00 2.16495500e+00 1.93569200e+00 1.24819500e+03 5.99106800e+03 2.62810800e+03 8.54570400e+02 2.44018100e+02 9.78003700e-01 2.45862800e-01 2.47191100e-01 2.38952400e+00 1.37065500e+01 1.08833400e+03 1.44301500e+02 1.03983500e+00 1.38773500e+01 1.06229800e+03 1.46598600e+02 1.42194000e-01 1.59207000e-01 3.36163700e+03 1.02601000e-02 8.22846800e-01 4.53491300e-01 7.40525800e+01 6.30192600e+02 8.39591200e+01 1.50626800e+03 9.05608800e+01 1.95340600e+03 9.60932400e+01 2.27483800e+03 2.35715100e+02 5.72357600e+03 4.48769000e-01 7.51811200e-01 4.70243000e-01 6.67960600e-01 4.70483000e-01 6.25741200e-01 4.66625400e-01 5.95804200e-01 3.00970800e-01 3.10926400e-01 1.45595400e+01 3.96014000e+02 1.88830700e+03 9.98416200e-03 2.04033800e+00 3.56116500e+00 1.08662000e+01 2.29888000e+03 5.61148600e+00
9.99320900e-03 1.15511900e+03 2.29873900e-02 1.17343800e-01 1.03977500e+00 4.67685800e-02 3.04620100e+00 9.78364800e-01 1.00187900e+00 6.84198000e+01 6.98850200e-01 3.01149800e-01 1.40976300e-01 9.64557100e-02 8.03355000e-01 8.04893000e-01 4.40858000e-01 5.95118100e-01 9.71217700e-01 1.00653600e+02 2.39396400e+00 6.73370400e+00 2.10352700e+00 1.91569100e+00 1.22713900e+03 5.87882200e+03 2.60180800e+03 8.44580100e+02 2.40139400e+02 9.78364800e-01 2.45643600e-01 2.46971000e-01 2.47515400e+00 1.37580300e+01 1.08893600e+03 1.44646900e+02 1.03989400e+00 1.39097700e+01 1.06115300e+03 1.47111800e+02 1.41299700e-01 1.59841100e-01 3.35346900e+03 1.02351800e-02 8.22927700e-01 4.53912400e-01 7.35954800e+01 6.34355600e+02 8.35335900e+01 1.51538200e+03 9.01510700e+01 1.96467400e+03 9.56940800e+01 2.28750600e+03 2.35314900e+02 5.74553600e+03 4.46216300e-01 7.43374600e-01 4.66697700e-01 6.60080000e-01 4.66525800e-01 6.18197800e-01 4.62427900e-01 5.88521600e-01 2.97153500e-01 3.06818900e-01 9.21169900e+00 3.96051100e+02 1.88897200e+03 9.04509700e-04 1.81943000e+00 3.59108100e+00 1.05924300e+01 2.29423500e+03 5.41141600e+00
3.32741500e-04 1.16006200e+03 2.45150800e-02 1.17677600e-01 1.04077800e+00 4.92762400e-02 3.06874700e+00 9.70611500e-01 9.99515300e-01 6.99322500e+01 7.07929100e-01 2.92070900e-01 1.42837800e-01 9.98897100e-02 8.05513000e-01 7.94796600e-01 4.35328100e-01 5.92167600e-01 9.63238400e-01 1.01658400e+02 2.42615900e+00 6.71539300e+00 2.15149300e+00 1.94957100e+00 1.28265100e+03 6.15547000e+03 2.63991400e+03 8.58942400e+02 2.46242800e+02 9.70611500e-01 2.46222100e-01 2.47551600e-01 2.22881500e+00 1.35763600e+01 1.08725500e+03 1.43393800e+02 1.04073800e+00 1.37780900e+01 1.06458700e+03 1.45367000e+02 1.44185200e-01 1.58139400e-01 3.39796700e+03 1.03709400e-02 8.19916400e-01 4.51244800e-01 7.50648500e+01 6.21297000e+02 8.49523800e+01 1.48634500e+03 9.15501600e+01 1.92845500e+03 9.70833100e+01 2.24651100e+03 2.37172100e+02 5.66841600e+03 4.41376700e-01 7.46288300e-01 4.63910700e-01 6.63688000e-01 4.64818300e-01 6.22004900e-01 4.61455200e-01 5.92412500e-01 2.99478900e-01 3.09666300e-01 1.60162900e+01 3.95684800e+02 1.89208100e+03 5.33774700e-02 2.42950100e+00 3.79231500e+00 1.00653700e+01 2.30378300e+03 6.27519400e+00
4.40515100e-04 1.16008800e+03 2.44254200e-02 1.17319700e-01 1.03992200e+00 4.87359200e-02 3.07357300e+00 9.69753100e-01 1.00484200e+00 6.96905500e+01 7.06821200e-01 2.93178800e-01 1.42390300e-01 9.92325600e-02 8.05525500e-01 7.96315000e-01 4.36159700e-01 5.92737500e-01 9.64922200e-01 1.01439100e+02 2.43316000e+00 6.66961700e+00 2.16190100e+00 1.96112100e+00 1.29213700e+03 6.19817000e+03 2.65510400e+03 8.62882000e+02 2.47133400e+02 9.69753100e-01 2.46186400e-01 2.47515800e-01 2.24224100e+00 1.36088600e+01 1.08732000e+03 1.43553500e+02 1.03989700e+00 1.38045900e+01 1.06435800e+03 1.45556400e+02 1.43922600e-01 1.58123800e-01 3.38726800e+03 1.03383000e-02 8.20926600e-01 4.51811100e-01 7.48264400e+01 6.23354100e+02 8.47125500e+01 1.49100400e+03 9.13076800e+01 1.93432700e+03 9.68378100e+01 2.25320900e+03 2.36762400e+02 5.68214700e+03 4.42117800e-01 7.46188900e-01 4.64413100e-01 6.63475700e-01 4.65190400e-01 6.21753900e-01 4.61736800e-01 5.92141100e-01 2.99299000e-01 3.09424600e-01 1.54551300e+01 3.95742500e+02 1.88919400e+03 3.44500700e-02 2.27128100e+00 3.69938600e+00 1.37797000e+01 2.30039100e+03 6.00511700e+00
5.90162000e-06 1.16608300e+03 2.42471300e-02 1.16689400e-01 1.03928700e+00 5.03538000e-02 3.08446100e+00 9.74866400e-01 1.00421200e+00 6.95477300e+01 7.07287600e-01 2.92712400e-01 1.41581700e-01 9.84668300e-02 8.09451600e-01 7.99559500e-01 4.37936800e-01 5.95389500e-01 9.70620400e-01 1.01477700e+02 2.43300900e+00 6.85272200e+00 2.18556800e+00 1.97618500e+00 1.28845900e+03 6.21572000e+03 2.68068500e+03 8.72462700e+02 2.50005100e+02 9.74866400e-01 2.46120600e-01 2.47449700e-01 2.26931500e+00 1.36427200e+01 1.08746000e+03 1.43851200e+02 1.03928100e+00 1.38414200e+01 1.06393800e+03 1.45910800e+02 1.43423600e-01 1.58251800e-01 3.36793900e+03 1.02793300e-02 8.23439300e-01 4.53226500e-01 7.46663800e+01 6.24656400e+02 8.45182500e+01 1.49423400e+03 9.10912900e+01 1.93859300e+03 9.66032400e+01 2.25824100e+03 2.36106400e+02 5.69622200e+03 4.43955200e-01 7.49875700e-01 4.66465800e-01 6.66809800e-01 4.67304800e-01 6.24902100e-01 4.63874400e-01 5.95154100e-01 3.00847600e-01 3.11047200e-01 2.40805700e+01 3.95639200e+02 1.89347100e+03 3.74273200e-02 2.34993600e+00 3.72311700e+00 1.28658800e+01 2.31319000e+03 6.11048000e+00
5.94718700e-05 1.16212900e+03 2.44411300e-02 1.16764700e-01 1.03893800e+00 5.74220800e-02 3.07749600e+00 9.85785500e-01 9.96664600e-01 6.95660400e+01 7.06885200e-01 2.93114800e-01 1.41851000e-01 9.86801100e-02 8.09202900e-01 7.99863100e-01 4.38103100e-01 5.95411000e-01 9.70194500e-01 1.01346700e+02 2.40336200e+00 7.49664300e+00 2.17039900e+00 1.93492200e+00 1.23573800e+03 6.03927600e+03 2.63315500e+03 8.62734400e+02 2.48288900e+02 9.85785500e-01 2.46192600e-01 2.47522000e-01 2.23988000e+00 1.36338200e+01 1.08726000e+03 1.43683700e+02 1.03891500e+00 1.38301700e+01 1.06435800e+03 1.45684100e+02 1.43791000e-01 1.57975800e-01 3.37437700e+03 1.02989700e-02 8.22537400e-01 4.52607900e-01 7.46939600e+01 6.24453700e+02 8.45602500e+01 1.49365500e+03 9.11423000e+01 1.93777900e+03 9.66615200e+01 2.25724100e+03 2.36316900e+02 5.69255800e+03 4.44083200e-01 7.49604900e-01 4.66499900e-01 6.66523700e-01 4.67291300e-01 6.24614900e-01 4.63829200e-01 5.94868600e-01 3.00686400e-01 3.10860600e-01 1.94600100e+01 3.95995000e+02 1.89098000e+03 2.74328800e-02 2.27128100e+00 3.71640500e+00 1.18077100e+01 2.30643500e+03 6.01511900e+00
1.86964600e-04 1.16115200e+03 2.46056800e-02 1.16985000e-01 1.03975700e+00 5.51288100e-02 3.07355300e+00 9.84347400e-01 9.97085000e-01 6.99066200e+01 7.08946800e-01 2.91053200e-01 1.42235800e-01 9.94322500e-02 8.07949600e-01 7.95810900e-01 4.35883600e-01 5.93440800e-01 9.66329300e-01 1.01679500e+02 2.40028500e+00 7.25250200e+00 2.16185800e+00 1.93616700e+00 1.24095000e+03 6.06057400e+03 2.63387300e+03 8.63068900e+02 2.48500600e+02 9.84347400e-01 2.46259700e-01 2.47589300e-01 2.21537500e+00 1.35944200e+01 1.08710600e+03 1.43501800e+02 1.03970600e+00 1.38021500e+01 1.06473900e+03 1.45450400e+02 1.44145800e-01 1.57906900e-01 3.38357600e+03 1.03270400e-02 8.21966900e-01 4.52213200e-01 7.50212100e+01 6.21585400e+02 8.48745700e+01 1.48728100e+03 9.14511400e+01 1.92983400e+03 9.69672700e+01 2.24825300e+03 2.36708500e+02 5.67580700e+03 4.42020000e-01 7.48652300e-01 4.64850000e-01 6.65909700e-01 4.65884800e-01 6.24137500e-01 4.62597700e-01 5.94475200e-01 3.00570100e-01 3.10844300e-01 1.71691800e+01 3.95716800e+02 1.89171500e+03 5.45914000e-02 2.42950100e+00 3.83234000e+00 1.13873000e+01 2.30460100e+03 6.31643200e+00
6.87667700e-06 1.16347000e+03 2.42810900e-02 1.19716700e-01 1.03934500e+00 4.85092300e-02 3.07026100e+00 9.64774900e-01 9.99752800e-01 6.85223400e+01 6.91941700e-01 3.08058300e-01 1.44642900e-01 9.91127300e-02 8.11291500e-01 8.22115300e-01 4.50291100e-01 6.04414900e-01 9.80078400e-01 9.94189000e+01 2.46521100e+00 6.70318600e+00 2.15475200e+00 1.95552200e+00 1.29261800e+03 6.13425300e+03 2.63602700e+03 8.55288000e+02 2.44883400e+02 9.64774900e-01 2.46132600e-01 2.47461800e-01 2.26412000e+00 1.36505100e+01 1.08767100e+03 1.43053000e+02 1.03932700e+00 1.37640000e+01 1.06420500e+03 1.45089800e+02 1.44355300e-01 1.58114800e-01 3.44111600e+03 1.05025900e-02 8.10467300e-01 4.46481100e-01 7.38203000e+01 6.32919700e+02 8.39737900e+01 1.51029200e+03 9.07239300e+01 1.95698600e+03 9.63729900e+01 2.27766000e+03 2.38126900e+02 5.70145900e+03 4.55145500e-01 7.50019300e-01 4.74277700e-01 6.65207400e-01 4.73279400e-01 6.22677500e-01 4.68576300e-01 5.92586000e-01 2.98905600e-01 3.08317800e-01 2.37747500e+01 3.95693400e+02 1.89052400e+03 5.23859700e-02 1.09677200e+00 5.76105800e+00 1.00375500e+01 2.30999200e+03 6.91021600e+00
4.50238300e-05 1.16174600e+03 2.46699900e-02 1.17667100e-01 1.03991000e+00 5.32772200e-02 3.08183600e+00 9.74332400e-01 1.00204600e+00 6.97711200e+01 7.06282000e-01 2.93718000e-01 1.42982200e-01 9.97602700e-02 8.10522200e-01 8.01991200e-01 4.39268700e-01 5.96688400e-01 9.70347100e-01 1.01313200e+02 2.43585500e+00 7.07550000e+00 2.17983800e+00 1.95951400e+00 1.28074900e+03 6.17949400e+03 2.65493400e+03 8.65813000e+02 2.48829600e+02 9.74332400e-01 2.46287300e-01 2.47617000e-01 2.20591000e+00 1.35864200e+01 1.08709400e+03 1.43278700e+02 1.03985200e+00 1.37787700e+01 1.06489200e+03 1.45207900e+02 1.44456300e-01 1.57834900e-01 3.40141700e+03 1.03814700e-02 8.19044700e-01 4.50658800e-01 7.49197800e+01 6.22617200e+02 8.48336500e+01 1.48910800e+03 9.14464300e+01 1.93177700e+03 9.69909300e+01 2.25016500e+03 2.37234000e+02 5.67285200e+03 4.45236000e-01 7.50759500e-01 4.67544800e-01 6.67474600e-01 4.68259100e-01 6.25473900e-01 4.64737100e-01 5.95666700e-01 3.01054500e-01 3.11212500e-01 2.00166400e+01 3.95632900e+02 1.89123800e+03 2.50039700e-02 2.19351700e+00 3.68819700e+00 1.06977000e+01 2.30688800e+03 5.90671900e+00
4.64774100e-03 1.15765200e+03 2.37956300e-02 1.18169200e-01 1.03986700e+00 5.43282800e-02 3.06564600e+00 9.64534400e-01 1.00228500e+00 6.88336200e+01 6.99012200e-01 3.00987800e-01 1.42610000e-01 9.81636300e-02 8.06441800e-01 8.07768300e-01 4.42432900e-01 5.97324400e-01 9.72014500e-01 1.00505100e+02 2.44690500e+00 7.35321000e+00 2.14483100e+00 1.92399600e+00 1.27559100e+03 6.03257500e+03 2.59876700e+03 8.40690200e+02 2.39603300e+02 9.64534400e-01 2.45980500e-01 2.47309100e-01 2.34018700e+00 1.36773300e+01 1.08807500e+03 1.43815300e+02 1.03990700e+00 1.38296300e+01 1.06302300e+03 1.46011700e+02 1.43031500e-01 1.58820900e-01 3.39252100e+03 1.03543300e-02 8.18171900e-01 4.50843100e-01 7.40389900e+01 6.30543300e+02 8.40322800e+01 1.50631700e+03 9.06867800e+01 1.95294900e+03 9.62609300e+01 2.27387700e+03 2.36679100e+02 5.71180000e+03 4.47807800e-01 7.46246500e-01 4.68404200e-01 6.62646900e-01 4.68251300e-01 6.20608500e-01 4.64151300e-01 5.90820700e-01 2.98311000e-01 3.08025900e-01 1.07427500e+01 3.95847500e+02 1.89227600e+03 9.24136200e-06 1.74777200e+00 3.82648000e+00 1.08635300e+01 2.29886600e+03 5.57426100e+00
2.33004200e-04 1.15939900e+03 2.39304800e-02 1.18596100e-01 1.03958700e+00 5.57233900e-02 3.07745700e+00 9.56427100e-01 1.00185100e+00 6.87017800e+01 6.96665900e-01 3.03334100e-01 1.43171700e-01 9.83615200e-02 8.09396900e-01 8.13882100e-01 4.45781600e-01 6.00678100e-01 9.76511900e-01 1.00135400e+02 2.48187800e+00 7.46612500e+00 2.17031400e+00 1.94143000e+00 1.30955300e+03 6.13515400e+03 2.61365400e+03 8.42399500e+02 2.39887000e+02 9.56427100e-01 2.46021700e-01 2.47350500e-01 2.31867100e+00 1.36738400e+01 1.08796000e+03 1.43603400e+02 1.03961400e+00 1.38131400e+01 1.06336600e+03 1.45753700e+02 1.43399500e-01 1.58602400e-01 3.40594800e+03 1.03952900e-02 8.15919900e-01 4.49568900e-01 7.39362200e+01 6.31588100e+02 8.39787900e+01 1.50824800e+03 9.06624600e+01 1.95508200e+03 9.62593300e+01 2.27605500e+03 2.37066800e+02 5.71063700e+03 4.50993700e-01 7.48743600e-01 4.71141600e-01 6.64601300e-01 4.70708100e-01 6.22329100e-01 4.66400900e-01 5.92390400e-01 2.99005100e-01 3.08633700e-01 1.67289100e+01 3.96238000e+02 1.88949500e+03 6.38278000e-03 1.47275900e+00 4.28202300e+00 1.05756800e+01 2.30246200e+03 5.76116500e+00
3.68884800e-03 1.15534700e+03 2.36169000e-02 1.17582400e-01 1.03945200e+00 5.29138900e-02 3.05959400e+00 9.76691900e-01 9.99717500e-01 6.87530500e+01 6.99926000e-01 3.00074000e-01 1.41844500e-01 9.75223900e-02 8.06087000e-01 8.06186400e-01 4.41566500e-01 5.96607900e-01 9.72155900e-01 1.00625300e+02 2.41210400e+00 7.24029500e+00 2.13188900e+00 1.91780400e+00 1.23858400e+03 5.94366000e+03 2.60184700e+03 8.46259100e+02 2.41671600e+02 9.76691900e-01 2.45913100e-01 2.47241500e-01 2.36914900e+00 1.37051900e+01 1.08822800e+03 1.44102600e+02 1.03950800e+00 1.38625800e+01 1.06260300e+03 1.46357600e+02 1.42536900e-01 1.58993200e-01 3.37422100e+03 1.02984900e-02 8.20652300e-01 4.52251900e-01 7.39348600e+01 6.31367300e+02 8.38900500e+01 1.50850000e+03 9.05205500e+01 1.95592200e+03 9.60752400e+01 2.27745400e+03 2.36073200e+02 5.72332500e+03 4.47026500e-01 7.46009000e-01 4.67812800e-01 6.62537000e-01 4.67766600e-01 6.20548000e-01 4.63741600e-01 5.90789500e-01 2.98336700e-01 3.08092600e-01 1.12048800e+01 3.95673800e+02 1.88821100e+03 4.33766600e-04 1.81943000e+00 3.74451700e+00 1.00405400e+01 2.29509000e+03 5.56438100e+00
1.22896200e-02 1.15455500e+03 2.28119700e-02 1.18341300e-01 1.04023800e+00 4.88754500e-02 3.04155600e+00 9.69566500e-01 9.98661700e-01 6.80755600e+01 6.94022800e-01 3.05977200e-01 1.41798500e-01 9.65301000e-02 8.03405600e-01 8.11369700e-01 4.44405500e-01 5.97526400e-01 9.73731600e-01 1.00097500e+02 2.41540400e+00 7.00225800e+00 2.09377900e+00 1.89879600e+00 1.23583000e+03 5.83552700e+03 2.56930700e+03 8.30000400e+02 2.35207800e+02 9.69566500e-01 2.45561300e-01 2.46888400e-01 2.50663500e+00 1.37663800e+01 1.08923000e+03 1.44522500e+02 1.04037300e+00 1.38914100e+01 1.06084800e+03 1.47038800e+02 1.41250100e-01 1.60108700e-01 3.37312200e+03 1.02951400e-02 8.19216000e-01 4.52123300e-01 7.33025100e+01 6.37241800e+02 8.33302200e+01 1.52110200e+03 8.99998900e+01 1.97131800e+03 9.55830900e+01 2.29460800e+03 2.35841400e+02 5.74962800e+03 4.49404800e-01 7.42936300e-01 4.68811800e-01 6.59154400e-01 4.68066700e-01 6.17107200e-01 4.63575600e-01 5.87344500e-01 2.96360600e-01 3.05778600e-01 8.79800100e+00 3.95683800e+02 1.88884700e+03 6.92083600e-03 1.47275900e+00 3.98629800e+00 1.03143400e+01 2.29332900e+03 5.46597800e+00
1.43212600e-02 1.15446500e+03 2.27756200e-02 1.18313100e-01 1.04027800e+00 4.85282300e-02 3.03995200e+00 9.69212500e-01 9.99764300e-01 6.80682400e+01 6.94096400e-01 3.05903600e-01 1.41733800e-01 9.64757200e-02 8.02751600e-01 8.10611600e-01 4.43990300e-01 5.97004100e-01 9.72991200e-01 1.00121000e+02 2.41401900e+00 6.97174100e+00 2.09042300e+00 1.89706900e+00 1.23541100e+03 5.82988500e+03 2.56691000e+03 8.28914600e+02 2.34790800e+02 9.69212500e-01 2.45546000e-01 2.46873000e-01 2.51320500e+00 1.37685700e+01 1.08927100e+03 1.44557700e+02 1.04042200e+00 1.38941300e+01 1.06073400e+03 1.47089200e+02 1.41172900e-01 1.60164800e-01 3.37157700e+03 1.02904200e-02 8.19430500e-01 4.52263400e-01 7.32956800e+01 6.37294300e+02 8.33199200e+01 1.52125000e+03 8.99874300e+01 1.97152600e+03 9.55688900e+01 2.29486200e+03 2.35790800e+02 5.75053200e+03 4.48977300e-01 7.42341000e-01 4.68389700e-01 6.58636800e-01 4.67656600e-01 6.16627000e-01 4.63176900e-01 5.86890200e-01 2.96135600e-01 3.05550600e-01 8.49202000e+00 3.95739000e+02 1.88924400e+03 5.98712500e-03 1.47275900e+00 3.93905900e+00 1.00366600e+01 2.29347500e+03 5.41780500e+00
5.27960800e-03 1.15557300e+03 2.34692500e-02 1.17484300e-01 1.03943400e+00 4.62390200e-02 3.04600600e+00 9.82259100e-01 9.98998700e-01 6.86578400e+01 6.99614400e-01 3.00385600e-01 1.41598700e-01 9.72186300e-02 8.02622000e-01 8.03137700e-01 4.39896600e-01 5.94197500e-01 9.68648000e-01 1.00614500e+02 2.38505200e+00 6.59027100e+00 2.10311800e+00 1.91734800e+00 1.22097700e+03 5.90076300e+03 2.60661600e+03 8.49877100e+02 2.42751700e+02 9.82259100e-01 2.45853600e-01 2.47181700e-01 2.39346400e+00 1.37199900e+01 1.08838600e+03 1.44241000e+02 1.03951200e+00 1.38758400e+01 1.06226000e+03 1.46544800e+02 1.42236700e-01 1.59176500e-01 3.36834700e+03 1.02805700e-02 8.21297400e-01 4.52696200e-01 7.38399300e+01 6.32199900e+02 8.37901600e+01 1.51041900e+03 9.04169200e+01 1.95836400e+03 9.59682600e+01 2.28026000e+03 2.35859100e+02 5.72954600e+03 4.45297100e-01 7.42773400e-01 4.65930200e-01 6.59631500e-01 4.65849900e-01 6.17813400e-01 4.61818600e-01 5.88177700e-01 2.97007200e-01 3.06705800e-01 1.04878100e+01 3.96213400e+02 1.88871500e+03 3.96198400e-04 1.81943000e+00 3.72290800e+00 1.01881900e+01 2.29541600e+03 5.54273400e+00
4.37930900e-03 1.16152300e+03 2.34258600e-02 1.19783900e-01 1.04149900e+00 5.40926700e-02 3.05649800e+00 9.73862600e-01 9.98076300e-01 6.85040300e+01 6.93456200e-01 3.06543800e-01 1.43854900e-01 9.85464300e-02 8.14286300e-01 8.23119300e-01 4.50841000e-01 6.05899100e-01 9.83827800e-01 1.00007900e+02 2.43140900e+00 7.43255600e+00 2.12530000e+00 1.90737400e+00 1.23310900e+03 5.85588200e+03 2.58052600e+03 8.38669600e+02 2.39448900e+02 9.73862600e-01 2.45836900e-01 2.47165100e-01 2.40068700e+00 1.36731400e+01 1.08863100e+03 1.43683300e+02 1.04156500e+00 1.37949400e+01 1.06233600e+03 1.45988300e+02 1.42810800e-01 1.59466300e-01 3.42228000e+03 1.04451200e-02 8.13098800e-01 4.48517500e-01 7.37743500e+01 6.33206000e+02 8.38814200e+01 1.51133500e+03 9.06030100e+01 1.95857400e+03 9.62292600e+01 2.27970200e+03 2.37526100e+02 5.71073800e+03 4.55845500e-01 7.52940000e-01 4.75387900e-01 6.67965500e-01 4.74565500e-01 6.25329100e-01 4.69967700e-01 5.95152800e-01 3.00266000e-01 3.09787200e-01 1.08617300e+01 3.95822800e+02 1.90021100e+03 1.02960800e-02 1.40705700e+00 4.11354300e+00 1.06198800e+01 2.30689600e+03 5.53089600e+00
5.53560000e-08 1.17252100e+03 2.31906200e-02 1.22195800e-01 1.03960500e+00 5.84851400e-02 3.08431700e+00 9.74526900e-01 1.00052300e+00 6.68377700e+01 6.73109200e-01 3.26890800e-01 1.46031500e-01 9.76042200e-02 8.33188400e-01 8.69729000e-01 4.76370200e-01 6.30004900e-01 1.01913600e+00 9.73297800e+01 2.49514400e+00 7.94830300e+00 2.18525300e+00 1.94402600e+00 1.24559200e+03 5.88409800e+03 2.62046100e+03 8.52066700e+02 2.43785100e+02 9.74526900e-01 2.45741400e-01 2.47069100e-01 2.44026600e+00 1.37623100e+01 1.08910700e+03 1.43249700e+02 1.03970000e+00 1.37779800e+01 1.06195400e+03 1.45620900e+02 1.43049500e-01 1.59396200e-01 3.47430900e+03 1.06038600e-02 8.01912200e-01 4.42815200e-01 7.23093600e+01 6.47517400e+02 8.27416400e+01 1.54057100e+03 8.96478000e+01 1.99326600e+03 9.54137900e+01 2.31747400e+03 2.38694900e+02 5.75007300e+03 4.79735000e-01 7.68363400e-01 4.95018900e-01 6.79408800e-01 4.91729700e-01 6.35119200e-01 4.85368000e-01 6.03901200e-01 3.03874200e-01 3.12628600e-01 3.34189600e+01 3.96933300e+02 1.89095500e+03 4.24565200e-01 2.51495800e-01 1.29872600e+01 1.00714900e+01 2.32130700e+03 1.36633200e+01
2.31294200e-03 1.15772000e+03 2.35705000e-02 1.16245400e-01 1.03940200e+00 5.14816700e-02 3.06485000e+00 9.70531500e-01 1.00111400e+00 6.91778600e+01 7.06490800e-01 2.93509200e-01 1.40461100e-01 9.71679500e-02 8.01641200e-01 7.92921600e-01 4.34301100e-01 5.90045400e-01 9.63821200e-01 1.01526000e+02 2.41782200e+00 7.08770800e+00 2.14312600e+00 1.93344200e+00 1.26866500e+03 6.05730000e+03 2.62185200e+03 8.48936300e+02 2.41647900e+02 9.70531500e-01 2.45894100e-01 2.47222400e-01 2.37675100e+00 1.37053500e+01 1.08816900e+03 1.44484600e+02 1.03946200e+00 1.38999300e+01 1.06241200e+03 1.46760900e+02 1.42069700e-01 1.59087400e-01 3.34115300e+03 1.01976000e-02 8.26544900e-01 4.55343300e-01 7.42815600e+01 6.27950400e+02 8.41047600e+01 1.50191800e+03 9.06574200e+01 1.94843200e+03 9.61516900e+01 2.26959500e+03 2.35142800e+02 5.72249600e+03 4.40217500e-01 7.42559100e-01 4.62335100e-01 6.60213500e-01 4.63070200e-01 6.18682500e-01 4.59606500e-01 5.89207100e-01 2.97815100e-01 3.07868900e-01 1.21384700e+01 3.95635500e+02 1.89134800e+03 4.23441400e-02 2.34993600e+00 3.69851300e+00 1.02263800e+01 2.29912200e+03 6.09079400e+00
4.96566000e-05 1.16255400e+03 2.47959600e-02 1.16155900e-01 1.03889400e+00 4.88444400e-02 3.08004100e+00 9.72098900e-01 1.00424000e+00 7.00714100e+01 7.11615300e-01 2.88384700e-01 1.41597000e-01 9.92190000e-02 8.02096800e-01 7.86415800e-01 4.30737700e-01 5.87786800e-01 9.58200400e-01 1.01929600e+02 2.42502200e+00 6.59942600e+00 2.17593000e+00 1.97341800e+00 1.29968000e+03 6.28778500e+03 2.67517400e+03 8.70724700e+02 2.49857500e+02 9.72098900e-01 2.46343300e-01 2.47673300e-01 2.18755300e+00 1.35971000e+01 1.08684100e+03 1.43569600e+02 1.03882700e+00 1.38203600e+01 1.06508300e+03 1.45465400e+02 1.44237100e-01 1.57599100e-01 3.36830500e+03 1.02804400e-02 8.24604800e-01 4.53414700e-01 7.51538000e+01 6.20298600e+02 8.49501600e+01 1.48484600e+03 9.14928600e+01 1.92710100e+03 9.69825700e+01 2.24542300e+03 2.36272400e+02 5.67652800e+03 4.37011200e-01 7.43504200e-01 4.60262600e-01 6.61639400e-01 4.61611500e-01 6.20265300e-01 4.58571900e-01 5.90868500e-01 2.98862600e-01 3.09214000e-01 1.98207600e+01 3.95719200e+02 1.88986800e+03 8.02421100e-02 2.67357500e+00 4.04371500e+00 1.29036100e+01 2.30540800e+03 6.79753300e+00
4.07810800e-05 1.16204900e+03 2.43506700e-02 1.17130500e-01 1.03919200e+00 5.04468800e-02 3.08042400e+00 9.77924200e-01 1.00490100e+00 6.94451900e+01 7.05293200e-01 2.94706800e-01 1.42126300e-01 9.86999000e-02 8.09866700e-01 8.02690300e-01 4.39651600e-01 5.96707000e-01 9.71834900e-01 1.01172600e+02 2.42593900e+00 6.84967000e+00 2.17676400e+00 1.96785800e+00 1.27405600e+03 6.16957700e+03 2.67053800e+03 8.71224500e+02 2.50098400e+02 9.77924200e-01 2.46158000e-01 2.47487300e-01 2.25353200e+00 1.36370600e+01 1.08738700e+03 1.43658700e+02 1.03917600e+00 1.38243000e+01 1.06416700e+03 1.45686900e+02 1.43736400e-01 1.58103000e-01 3.38095900e+03 1.03190500e-02 8.21285300e-01 4.52032700e-01 7.45898900e+01 6.25439300e+02 8.44863900e+01 1.49562600e+03 9.10861000e+01 1.94008100e+03 9.66189300e+01 2.25971200e+03 2.36490300e+02 5.69413700e+03 4.45526100e-01 7.50054900e-01 4.67605400e-01 6.66739800e-01 4.68204100e-01 6.24739900e-01 4.64605400e-01 5.94939500e-01 3.00652300e-01 3.10746900e-01 2.02145800e+01 3.95652900e+02 1.88854400e+03 1.69781500e-02 2.11648900e+00 3.68213400e+00 1.38715800e+01 2.30441100e+03 5.81560000e+00
3.16009200e-06 1.16474300e+03 2.40320000e-02 1.19267500e-01 1.04038900e+00 4.99222800e-02 3.08032200e+00 9.72576500e-01 1.00342200e+00 6.88226300e+01 6.96098400e-01 3.03901600e-01 1.43944700e-01 9.90665100e-02 8.18255700e-01 8.23559400e-01 4.51082100e-01 6.07536400e-01 9.86332600e-01 1.00116800e+02 2.45656900e+00 6.88629200e+00 2.17654100e+00 1.96972200e+00 1.28134900e+03 6.12246300e+03 2.66365100e+03 8.66762000e+02 2.48424100e+02 9.72576500e-01 2.46050800e-01 2.47379700e-01 2.30266800e+00 1.36426000e+01 1.08790600e+03 1.43355100e+02 1.04040500e+00 1.37787800e+01 1.06363300e+03 1.45470800e+02 1.43777700e-01 1.58579700e-01 3.42442400e+03 1.04516600e-02 8.13542800e-01 4.48281900e-01 7.40768500e+01 6.30428900e+02 8.41534900e+01 1.50534700e+03 9.08589700e+01 1.95123300e+03 9.64737000e+01 2.27150300e+03 2.37687100e+02 5.69765600e+03 4.56296300e-01 7.56881300e-01 4.76538100e-01 6.71761100e-01 4.76032600e-01 6.29007000e-01 4.71632100e-01 5.98730500e-01 3.02177800e-01 3.11884600e-01 2.53298200e+01 3.95640200e+02 1.89089800e+03 6.77633800e-03 1.47275900e+00 4.23784500e+00 1.19011900e+01 2.31186800e+03 5.71738000e+00
1.37929600e-03 1.15891700e+03 2.38782100e-02 1.17534000e-01 1.03980700e+00 5.33421000e-02 3.07469400e+00 9.55610800e-01 1.00451300e+00 6.91082800e+01 7.02557100e-01 2.97442900e-01 1.42057400e-01 9.81734000e-02 8.04660500e-01 8.01223800e-01 4.38848400e-01 5.94242300e-01 9.67938200e-01 1.00958600e+02 2.46945700e+00 7.23114000e+00 2.16432600e+00 1.94531600e+00 1.31693800e+03 6.17494300e+03 2.62171200e+03 8.43880500e+02 2.39904900e+02 9.55610800e-01 2.46006400e-01 2.47335200e-01 2.32697600e+00 1.36682400e+01 1.08793200e+03 1.43915500e+02 1.03983300e+00 1.38402500e+01 1.06317500e+03 1.46087600e+02 1.43000800e-01 1.58733000e-01 3.37931000e+03 1.03140200e-02 8.20738700e-01 4.52112500e-01 7.42739000e+01 6.28296200e+02 8.42030100e+01 1.50179800e+03 9.08202100e+01 1.94765000e+03 9.63657000e+01 2.26816800e+03 2.36339100e+02 5.70754000e+03 4.44484900e-01 7.44955200e-01 4.65818300e-01 6.61896900e-01 4.66086400e-01 6.20072200e-01 4.62285000e-01 5.90413500e-01 2.98252200e-01 3.08132800e-01 1.31723600e+01 3.95822700e+02 1.88996300e+03 7.95401900e-03 1.96545900e+00 3.61589700e+00 1.32858900e+01 2.29895800e+03 5.58931000e+00
1.71160900e-02 1.15646500e+03 2.36105700e-02 1.16422200e-01 1.04055800e+00 5.38945100e-02 3.05617700e+00 9.59609200e-01 1.00077300e+00 6.95404100e+01 7.09094800e-01 2.90905200e-01 1.40677900e-01 9.78280000e-02 7.96234500e-01 7.84072300e-01 4.29454100e-01 5.84761700e-01 9.54822000e-01 1.01996700e+02 2.42751800e+00 7.32269300e+00 2.12461800e+00 1.90751800e+00 1.28272100e+03 6.03741900e+03 2.57889000e+03 8.30534700e+02 2.35596700e+02 9.59609200e-01 2.45910500e-01 2.47238900e-01 2.37018400e+00 1.36678900e+01 1.08814000e+03 1.44407700e+02 1.04061100e+00 1.38772000e+01 1.06248900e+03 1.46672500e+02 1.42194200e-01 1.59208500e-01 3.34633600e+03 1.02134100e-02 8.26616700e-01 4.55379900e-01 7.46257500e+01 6.24868900e+02 8.44231200e+01 1.49517300e+03 9.09625600e+01 1.94009700e+03 9.64476500e+01 2.26023000e+03 2.35414900e+02 5.70647200e+03 4.35519100e-01 7.37813300e-01 4.58051900e-01 6.56287400e-01 4.59089900e-01 6.15126900e-01 4.55863100e-01 5.85897900e-01 2.96248300e-01 3.06378800e-01 8.13547300e+00 3.95823500e+02 1.89189400e+03 9.23602100e-02 2.75631800e+00 4.10560800e+00 1.01232700e+01 2.29585300e+03 6.95428600e+00
8.77250300e-06 1.16393000e+03 2.46546200e-02 1.18179100e-01 1.03823000e+00 4.90084000e-02 3.07355700e+00 9.62897900e-01 1.00010500e+00 6.90020800e+01 6.98655200e-01 3.01344800e-01 1.43478900e-01 9.90034100e-02 8.04092200e-01 8.05892400e-01 4.41405400e-01 5.95760600e-01 9.67998700e-01 1.00116400e+02 2.45829800e+00 6.66656500e+00 2.16186700e+00 1.96002100e+00 1.30790800e+03 6.23298600e+03 2.64323700e+03 8.56829800e+02 2.45384900e+02 9.62897900e-01 2.46280600e-01 2.47610300e-01 2.20816700e+00 1.36396600e+01 1.08715000e+03 1.43160200e+02 1.03817800e+00 1.37895700e+01 1.06489200e+03 1.45091900e+02 1.44576900e-01 1.57579800e-01 3.41329000e+03 1.04176900e-02 8.15557400e-01 4.48822200e-01 7.42238500e+01 6.28999900e+02 8.42523200e+01 1.50253900e+03 9.09296500e+01 1.94799100e+03 9.65226500e+01 2.26805600e+03 2.37385900e+02 5.69611000e+03 4.46746800e-01 7.44033300e-01 4.67198200e-01 6.60638200e-01 4.67000400e-01 6.18709000e-01 4.62881200e-01 5.89000900e-01 2.97370900e-01 3.07039800e-01 2.32877800e+01 3.95679100e+02 1.89271600e+03 8.02229900e-03 1.47275900e+00 4.66648900e+00 1.00295500e+01 2.31168200e+03 6.14727000e+00
1.65443400e-03 1.15816000e+03 2.43745600e-02 1.15863900e-01 1.03896300e+00 4.85369700e-02 3.05758500e+00 9.71887100e-01 9.96604900e-01 6.98443600e+01 7.11199700e-01 2.88800300e-01 1.40883600e-01 9.83992300e-02 7.93881800e-01 7.78922100e-01 4.26633200e-01 5.81976300e-01 9.49926900e-01 1.01968300e+02 2.39816800e+00 6.63909900e+00 2.12761100e+00 1.93078400e+00 1.26969600e+03 6.12313700e+03 2.61972100e+03 8.51404600e+02 2.43455900e+02 9.71887100e-01 2.46167000e-01 2.47496300e-01 2.24991300e+00 1.36360300e+01 1.08725600e+03 1.43966900e+02 1.03893700e+00 1.38571400e+01 1.06412900e+03 1.45993600e+02 1.43410800e-01 1.58086400e-01 3.35125200e+03 1.02284100e-02 8.26599800e-01 4.54759000e-01 7.49150700e+01 6.22306400e+02 8.46924200e+01 1.48954700e+03 9.12217400e+01 1.93313200e+03 9.66999000e+01 2.25239200e+03 2.35661300e+02 5.69285300e+03 4.32831300e-01 7.35845700e-01 4.55751200e-01 6.54775400e-01 4.57034800e-01 6.13810100e-01 4.53990500e-01 5.84706500e-01 2.95732100e-01 3.05951100e-01 1.28085900e+01 3.95785600e+02 1.88902600e+03 8.53446100e-02 2.67357500e+00 4.06822600e+00 1.18721000e+01 2.29762100e+03 6.82714600e+00
5.69464800e-03 1.15600500e+03 2.44104200e-02 1.15855100e-01 1.03923300e+00 4.97948200e-02 3.05988100e+00 9.71974800e-01 1.00035300e+00 6.99688700e+01 7.12171300e-01 2.87828700e-01 1.40910600e-01 9.85935900e-02 7.94852400e-01 7.78561400e-01 4.26435700e-01 5.82197000e-01 9.50241600e-01 1.02124800e+02 2.39970300e+00 6.75811800e+00 2.13250200e+00 1.93036000e+00 1.27008800e+03 6.12466900e+03 2.61934500e+03 8.51442100e+02 2.43540600e+02 9.71974800e-01 2.46180600e-01 2.47510000e-01 2.24450000e+00 1.36243100e+01 1.08721700e+03 1.43941700e+02 1.03920700e+00 1.38511200e+01 1.06420500e+03 1.45957500e+02 1.43471500e-01 1.58088200e-01 3.35189900e+03 1.02303900e-02 8.26799400e-01 4.54842700e-01 7.50343800e+01 6.21246300e+02 8.47997400e+01 1.48724900e+03 9.13226000e+01 1.93030800e+03 9.67960700e+01 2.24923400e+03 2.35719600e+02 5.68780600e+03 4.32694100e-01 7.36846400e-01 4.55856800e-01 6.55779300e-01 4.57260100e-01 6.14799100e-01 4.54294300e-01 5.85678600e-01 2.96265400e-01 3.06553500e-01 1.03364600e+01 3.95666300e+02 1.88885400e+03 1.05867500e-01 2.75631800e+00 4.24377100e+00 1.00477100e+01 2.29485700e+03 7.10595600e+00
1.31842200e-04 1.15935600e+03 2.41562600e-02 1.18129900e-01 1.03914100e+00 5.16811500e-02 3.06886600e+00 9.59675900e-01 9.98363500e-01 6.89068600e+01 6.98975100e-01 3.01024900e-01 1.42931300e-01 9.84894700e-02 8.03939800e-01 8.05311900e-01 4.41087500e-01 5.95489600e-01 9.68483700e-01 1.00351400e+02 2.45964900e+00 7.02056900e+00 2.15174900e+00 1.94044800e+00 1.30151700e+03 6.14577400e+03 2.61618700e+03 8.45221300e+02 2.41074400e+02 9.59675900e-01 2.46089700e-01 2.47418800e-01 2.28331100e+00 1.36623300e+01 1.08767700e+03 1.43550800e+02 1.03914600e+00 1.38143000e+01 1.06382400e+03 1.45633300e+02 1.43676300e-01 1.58283600e-01 3.40020100e+03 1.03777600e-02 8.17230100e-01 4.50072800e-01 7.41183800e+01 6.29870600e+02 8.41233900e+01 1.50470100e+03 9.07856300e+01 1.95084800e+03 9.63662300e+01 2.27142600e+03 2.36944100e+02 5.70553900e+03 4.46440900e-01 7.43927100e-01 4.66964600e-01 6.60582600e-01 4.66807600e-01 6.18673200e-01 4.62717100e-01 5.88977000e-01 2.97376100e-01 3.07059800e-01 1.78678100e+01 3.95609000e+02 1.88905000e+03 1.38535400e-03 1.60798500e+00 4.12004800e+00 1.04563000e+01 2.30252600e+03 5.72941800e+00
3.05987200e-08 1.17303500e+03 2.48166400e-02 1.17429100e-01 1.03760700e+00 5.75956200e-02 3.09053200e+00 9.69411300e-01 9.96028100e-01 6.91925000e+01 7.01539800e-01 2.98460200e-01 1.42890900e-01 9.88698000e-02 8.09007200e-01 8.06928400e-01 4.41972900e-01 5.97962600e-01 9.72574500e-01 1.00407900e+02 2.45922200e+00 7.44781500e+00 2.19887600e+00 1.95962900e+00 1.29555500e+03 6.22814200e+03 2.64858900e+03 8.61309000e+02 2.47415800e+02 9.69411300e-01 2.46352800e-01 2.47682800e-01 2.18456300e+00 1.36387300e+01 1.08692600e+03 1.43227900e+02 1.03753400e+00 1.38046400e+01 1.06519700e+03 1.45113900e+02 1.44645600e-01 1.57332900e-01 3.39923500e+03 1.03748100e-02 8.18034200e-01 4.49970300e-01 7.43803300e+01 6.27470600e+02 8.43516300e+01 1.49957700e+03 9.09953500e+01 1.94460800e+03 9.65623100e+01 2.26449100e+03 2.36996000e+02 5.69534700e+03 4.47567600e-01 7.48874100e-01 4.68787000e-01 6.65261600e-01 4.68933000e-01 6.23175100e-01 4.65026000e-01 5.93337300e-01 2.99682800e-01 3.09562300e-01 3.46046200e+01 3.96258800e+02 1.89666900e+03 9.88355800e-04 1.60798500e+00 4.37636000e+00 1.25518900e+01 2.32753200e+03 5.98533300e+00
1.52113100e-06 1.16592600e+03 2.47930100e-02 1.16911200e-01 1.03887400e+00 6.45393300e-02 3.10322100e+00 9.65481400e-01 1.00026100e+00 6.97894300e+01 7.07735300e-01 2.92264700e-01 1.42349400e-01 9.93448200e-02 8.12188500e-01 8.01649200e-01 4.39081300e-01 5.97174000e-01 9.72214300e-01 1.01384800e+02 2.47437200e+00 8.08258100e+00 2.22695700e+00 1.95728300e+00 1.31005600e+03 6.25543400e+03 2.64462200e+03 8.57918500e+02 2.46079700e+02 9.65481400e-01 2.46342000e-01 2.47671900e-01 2.18798100e+00 1.36010900e+01 1.08690700e+03 1.43378100e+02 1.03881300e+00 1.38021000e+01 1.06512100e+03 1.45272400e+02 1.44453400e-01 1.57571300e-01 3.38629100e+03 1.03353200e-02 8.21311500e-01 4.51714900e-01 7.49205300e+01 6.22504100e+02 8.47930000e+01 1.48919800e+03 9.13805100e+01 1.93213400e+03 9.69049400e+01 2.25077800e+03 2.36761600e+02 5.67876500e+03 4.45134500e-01 7.52458600e-01 4.67824300e-01 6.69159500e-01 4.68722500e-01 6.27126100e-01 4.65319600e-01 5.97286000e-01 3.01941200e-01 3.12202300e-01 2.67921100e+01 3.98579400e+02 1.89038200e+03 2.97331000e-02 2.27128100e+00 3.75891700e+00 1.00386900e+01 2.31575400e+03 6.05993100e+00
6.63510700e-10 1.17585800e+03 2.47813800e-02 1.18000600e-01 1.03900300e+00 7.26762400e-02 3.12298600e+00 9.76583000e-01 9.99490000e-01 6.94378700e+01 7.02533200e-01 2.97466800e-01 1.43427100e-01 9.95927200e-02 8.28026400e-01 8.24523100e-01 4.51609900e-01 6.11510400e-01 9.93678800e-01 1.00687300e+02 2.48711300e+00 8.82415800e+00 2.27141100e+00 1.96412800e+00 1.28376400e+03 6.18259700e+03 2.65910200e+03 8.68197800e+02 2.50362800e+02 9.76583000e-01 2.46336700e-01 2.47666600e-01 2.18966500e+00 1.36033200e+01 1.08700500e+03 1.43109500e+02 1.03893700e+00 1.37746100e+01 1.06515900e+03 1.45003500e+02 1.44747900e-01 1.57564500e-01 3.41205300e+03 1.04139200e-02 8.16739200e-01 4.49362400e-01 7.46262100e+01 6.25333200e+02 8.46036100e+01 1.49470500e+03 9.12529300e+01 1.93844500e+03 9.68253000e+01 2.25744200e+03 2.37473400e+02 5.68042600e+03 4.57417000e-01 7.66581500e-01 4.79358400e-01 6.81105200e-01 4.79628300e-01 6.38063700e-01 4.75712400e-01 6.07542400e-01 3.06897200e-01 3.17063300e-01 4.22669500e+01 4.02307900e+02 1.89129800e+03 7.87657700e-04 1.81943000e+00 3.95369200e+00 1.00693900e+01 2.33587300e+03 5.77391000e+00
2.45608300e-03 1.15785800e+03 2.32333300e-02 1.20142900e-01 1.04005100e+00 4.78641400e-02 3.05279000e+00 9.63622900e-01 1.00176500e+00 6.77313200e+01 6.86059200e-01 3.13940800e-01 1.44021400e-01 9.75475800e-02 8.10303100e-01 8.28916500e-01 4.54016300e-01 6.06540000e-01 9.84583900e-01 9.89588700e+01 2.45593400e+00 6.84051500e+00 2.11743500e+00 1.92413600e+00 1.26557000e+03 5.93819500e+03 2.59285900e+03 8.37547800e+02 2.38084900e+02 9.63622900e-01 2.45760200e-01 2.47088000e-01 2.43306900e+00 1.37366500e+01 1.08888500e+03 1.43737800e+02 1.04014800e+00 1.38189800e+01 1.06191600e+03 1.46105000e+02 1.42553300e-01 1.59476500e-01 3.42625800e+03 1.04572600e-02 8.10742600e-01 4.47396100e-01 7.30644800e+01 6.39892500e+02 8.32688300e+01 1.52551300e+03 9.00437000e+01 1.97578300e+03 9.57091900e+01 2.29878000e+03 2.37430700e+02 5.73810300e+03 4.58394600e-01 7.48522500e-01 4.76183200e-01 6.63240400e-01 4.74492700e-01 6.20571500e-01 4.69323300e-01 5.90418000e-01 2.97586900e-01 3.06696300e-01 1.20183700e+01 3.95722500e+02 1.89005100e+03 1.00952900e-01 8.72797100e-01 6.42442500e+00 1.05262100e+01 2.29779100e+03 7.39817500e+00
5.18735700e-03 1.15575600e+03 2.39151800e-02 1.16611000e-01 1.03991500e+00 5.71617100e-02 3.07074800e+00 9.66614700e-01 1.00099000e+00 6.95074500e+01 7.07797500e-01 2.92202500e-01 1.41171400e-01 9.81246100e-02 8.03038900e-01 7.92534000e-01 4.34088800e-01 5.90415300e-01 9.63209900e-01 1.01683700e+02 2.43261400e+00 7.57904100e+00 2.15580200e+00 1.92290900e+00 1.27617400e+03 6.06808100e+03 2.60339800e+03 8.42606200e+02 2.40188100e+02 9.66614700e-01 2.46017300e-01 2.47346100e-01 2.32109800e+00 1.36571400e+01 1.08781300e+03 1.44125400e+02 1.03994200e+00 1.38589900e+01 1.06317500e+03 1.46291800e+02 1.42802100e-01 1.58739000e-01 3.35813100e+03 1.02494000e-02 8.24796400e-01 4.54191800e-01 7.46156700e+01 6.25043700e+02 8.44465700e+01 1.49528600e+03 9.10064200e+01 1.94004100e+03 9.65076900e+01 2.25999600e+03 2.35782500e+02 5.70216800e+03 4.40091000e-01 7.43988500e-01 4.62538000e-01 6.61634600e-01 4.63432900e-01 6.20077300e-01 4.60073000e-01 5.90574800e-01 2.98557500e-01 3.08704000e-01 1.05230600e+01 3.96250700e+02 1.88817900e+03 5.68711000e-02 2.50994400e+00 3.80739500e+00 1.01845100e+01 2.29495300e+03 6.37420900e+00
1.75473000e-03 1.15886400e+03 2.39928000e-02 1.16586900e-01 1.04022300e+00 6.46926800e-02 3.08173300e+00 9.67410100e-01 9.97229300e-01 6.96868900e+01 7.09190200e-01 2.90809800e-01 1.41224900e-01 9.84152200e-02 8.07532400e-01 7.95067100e-01 4.35476200e-01 5.93010200e-01 9.67351700e-01 1.01890800e+02 2.44281300e+00 8.26568600e+00 2.17961400e+00 1.91508600e+00 1.27246500e+03 6.04667100e+03 2.59332200e+03 8.39866400e+02 2.39680600e+02 9.67410100e-01 2.46039300e-01 2.47368200e-01 2.30882700e+00 1.36400000e+01 1.08772700e+03 1.44072200e+02 1.04024500e+00 1.38498200e+01 1.06336600e+03 1.46212300e+02 1.42936400e-01 1.58694900e-01 3.35941100e+03 1.02533000e-02 8.25028300e-01 4.54262300e-01 7.47858600e+01 6.23521300e+02 8.46004900e+01 1.49198200e+03 9.11516500e+01 1.93597800e+03 9.66466800e+01 2.25544800e+03 2.35876600e+02 5.69480300e+03 4.41604200e-01 7.48295800e-01 4.64486300e-01 6.65626600e-01 4.65555300e-01 6.23886600e-01 4.62294100e-01 5.94245300e-01 3.00472700e-01 3.10754800e-01 1.26908800e+01 3.98726800e+02 1.88831000e+03 7.92994200e-02 2.67357500e+00 3.99104300e+00 1.12560700e+01 2.29972800e+03 6.74391800e+00
6.01730000e-05 1.16204800e+03 2.43656400e-02 1.18310900e-01 1.04033500e+00 5.60961100e-02 3.07791300e+00 9.79689200e-01 9.98423100e-01 6.94268800e+01 7.02657800e-01 2.97342200e-01 1.43321600e-01 9.95037400e-02 8.14636600e-01 8.11019900e-01 4.44213900e-01 6.01558700e-01 9.77687600e-01 1.00921600e+02 2.42788900e+00 7.41424600e+00 2.17130400e+00 1.94086900e+00 1.25102900e+03 6.04643000e+03 2.63305900e+03 8.60676600e+02 2.47472300e+02 9.79689200e-01 2.46163600e-01 2.47492900e-01 2.25126400e+00 1.36069600e+01 1.08746400e+03 1.43345800e+02 1.04031300e+00 1.37791100e+01 1.06428100e+03 1.45363900e+02 1.44102200e-01 1.58218800e-01 3.40953200e+03 1.04062300e-02 8.17076000e-01 4.49871200e-01 7.46134400e+01 6.25430500e+02 8.45854500e+01 1.49497000e+03 9.12313800e+01 1.93881000e+03 9.68010100e+01 2.25788500e+03 2.37390700e+02 5.68192700e+03 4.49929400e-01 7.54199300e-01 4.71546200e-01 6.70119200e-01 4.71827900e-01 6.27778500e-01 4.67986600e-01 5.97753300e-01 3.01956900e-01 3.11967300e-01 1.94365700e+01 3.95882100e+02 1.89272100e+03 6.45123000e-03 1.96545900e+00 3.65878300e+00 1.04256100e+01 2.30804000e+03 5.63069400e+00
5.74752300e-03 1.15782600e+03 2.40337000e-02 1.15077400e-01 1.03961400e+00 5.41759600e-02 3.06054600e+00 9.87290500e-01 9.96813900e-01 7.00640900e+01 7.15304600e-01 2.84695400e-01 1.39756300e-01 9.79189700e-02 7.98951700e-01 7.78305500e-01 4.26295500e-01 5.83600500e-01 9.54493100e-01 1.02692500e+02 2.36449100e+00 7.24334700e+00 2.13392100e+00 1.91479300e+00 1.22059700e+03 5.97501300e+03 2.61357600e+03 8.54939000e+02 2.45035400e+02 9.87290500e-01 2.46051300e-01 2.47380200e-01 2.30240000e+00 1.36469400e+01 1.08755900e+03 1.44432600e+02 1.03963200e+00 1.38926600e+01 1.06332800e+03 1.46569400e+02 1.42574600e-01 1.58606900e-01 3.32430600e+03 1.01462000e-02 8.31166900e-01 4.57394700e-01 7.50854200e+01 6.20599600e+02 8.47695600e+01 1.48646200e+03 9.12430300e+01 1.92979400e+03 9.66774200e+01 2.24905500e+03 2.34867400e+02 5.69676100e+03 4.32791800e-01 7.40972400e-01 4.56760600e-01 6.59818500e-01 4.58550400e-01 6.18741300e-01 4.55833800e-01 5.89531500e-01 2.98357700e-01 3.08879200e-01 1.03179700e+01 3.95656100e+02 1.88945600e+03 1.97864200e-01 3.17908700e+00 5.19341000e+00 1.16520100e+01 2.29543000e+03 8.57036100e+00
1.64900000e-02 1.15778900e+03 2.36745800e-02 1.15764600e-01 1.03978400e+00 4.62586300e-02 3.04230600e+00 9.53426700e-01 9.98878200e-01 6.95697000e+01 7.10566100e-01 2.89433900e-01 1.40084300e-01 9.74562600e-02 7.85596100e-01 7.71637500e-01 4.22643300e-01 5.76217800e-01 9.41866300e-01 1.02111400e+02 2.41830700e+00 6.53228800e+00 2.09535100e+00 1.91019300e+00 1.30141600e+03 6.10467900e+03 2.57961900e+03 8.27952200e+02 2.34225300e+02 9.53426700e-01 2.45936200e-01 2.47264700e-01 2.35974800e+00 1.36814000e+01 1.08801100e+03 1.44529900e+02 1.03983100e+00 1.38993500e+01 1.06260300e+03 1.46775600e+02 1.42121200e-01 1.59036300e-01 3.33214800e+03 1.01701200e-02 8.28812400e-01 4.56450500e-01 7.46323400e+01 6.24708500e+02 8.43900200e+01 1.49514600e+03 9.09052300e+01 1.94029800e+03 9.63711000e+01 2.26065800e+03 2.34970200e+02 5.71189300e+03 4.28730300e-01 7.28103600e-01 4.51278100e-01 6.47816800e-01 4.52475400e-01 6.07257700e-01 4.49412000e-01 5.78446500e-01 2.92544100e-01 3.02620300e-01 8.21000200e+00 3.95905300e+02 1.89412900e+03 1.06200000e-01 2.75631800e+00 4.24212900e+00 1.02291200e+01 2.29824400e+03 7.10464700e+00
1.32636500e-02 1.15431000e+03 2.37229400e-02 1.16657000e-01 1.03940700e+00 4.89135900e-02 3.05033200e+00 9.68406500e-01 1.00098600e+00 6.91595500e+01 7.05156200e-01 2.94843800e-01 1.41025100e-01 9.75322900e-02 7.96016400e-01 7.89146100e-01 4.32233100e-01 5.86570300e-01 9.57185200e-01 1.01310400e+02 2.40746700e+00 6.80694600e+00 2.11223500e+00 1.91538700e+00 1.26166600e+03 6.01588500e+03 2.59502200e+03 8.40220000e+02 2.39178400e+02 9.68406500e-01 2.45954900e-01 2.47283400e-01 2.35190500e+00 1.36917800e+01 1.08803000e+03 1.44260800e+02 1.03945200e+00 1.38785500e+01 1.06275600e+03 1.46488000e+02 1.42465300e-01 1.58890000e-01 3.35463400e+03 1.02387300e-02 8.24492500e-01 4.54164500e-01 7.42831500e+01 6.28033300e+02 8.41432800e+01 1.50179100e+03 9.07184800e+01 1.94805300e+03 9.62306700e+01 2.26897600e+03 2.35567500e+02 5.71701800e+03 4.38016500e-01 7.37212700e-01 4.59685000e-01 6.55307700e-01 4.60255300e-01 6.14021300e-01 4.56705500e-01 5.84728000e-01 2.95491900e-01 3.05403200e-01 8.64545600e+00 3.95705000e+02 1.88824400e+03 2.57880000e-02 2.19351700e+00 3.62282900e+00 1.01834000e+01 2.29259500e+03 5.84213400e+00
2.43917000e-03 1.15640100e+03 2.37333100e-02 1.17167600e-01 1.03890800e+00 5.87048200e-02 3.07256400e+00 9.61837300e-01 1.00047300e+00 6.88153100e+01 7.01098900e-01 2.98901100e-01 1.41546000e-01 9.74053300e-02 8.04265600e-01 8.02791300e-01 4.39706900e-01 5.94677400e-01 9.69520500e-01 1.00704600e+02 2.45400300e+00 7.76825000e+00 2.15972100e+00 1.92046900e+00 1.28399600e+03 6.05745900e+03 2.59383700e+03 8.36943200e+02 2.38109300e+02 9.61837300e-01 2.45958700e-01 2.47287300e-01 2.35022900e+00 1.37076800e+01 1.08806300e+03 1.44120600e+02 1.03895700e+00 1.38716700e+01 1.06283200e+03 1.46340400e+02 1.42631800e-01 1.58783300e-01 3.36708700e+03 1.02767300e-02 8.21851700e-01 4.52774400e-01 7.39833800e+01 6.30868200e+02 8.39131300e+01 1.50759300e+03 9.05285100e+01 1.95493400e+03 9.60714000e+01 2.27645900e+03 2.35864500e+02 5.72420700e+03 4.45236100e-01 7.44442800e-01 4.66237500e-01 6.61278700e-01 4.66332200e-01 6.19424900e-01 4.62413300e-01 5.89754800e-01 2.97864100e-01 3.07659900e-01 1.20321900e+01 3.96848800e+02 1.88827800e+03 1.30224300e-03 1.81943000e+00 3.75832800e+00 1.00635300e+01 2.29715900e+03 5.57906000e+00
1.75372600e-02 1.15512200e+03 2.31518300e-02 1.16809700e-01 1.03931700e+00 5.70461200e-02 3.05496100e+00 9.61697000e-01 1.00032500e+00 6.85955800e+01 7.01177300e-01 2.98822700e-01 1.40606600e-01 9.64499400e-02 7.98728400e-01 7.97159500e-01 4.36622300e-01 5.90544300e-01 9.64386300e-01 1.00884700e+02 2.43224700e+00 7.72857700e+00 2.12203500e+00 1.89322800e+00 1.26246300e+03 5.93045500e+03 2.55917200e+03 8.23571300e+02 2.33165400e+02 9.61697000e-01 2.45723600e-01 2.47051300e-01 2.44682300e+00 1.37525600e+01 1.08869500e+03 1.44659700e+02 1.03942500e+00 1.39172900e+01 1.06149700e+03 1.47071700e+02 1.41454700e-01 1.59579800e-01 3.34463200e+03 1.02082200e-02 8.24655700e-01 4.54675700e-01 7.37458800e+01 6.32894300e+02 8.36416600e+01 1.51245400e+03 9.02345300e+01 1.96124900e+03 9.57586100e+01 2.28382300e+03 2.35083800e+02 5.74294700e+03 4.42124200e-01 7.39326300e-01 4.62999400e-01 6.56743800e-01 4.63103200e-01 6.15181400e-01 4.59217900e-01 5.85717400e-01 2.95834000e-01 3.05564500e-01 8.08685500e+00 3.96455600e+02 1.89012300e+03 5.77959200e-03 1.96545900e+00 3.56225300e+00 1.00447200e+01 2.29466500e+03 5.53349200e+00
1.49223600e-02 1.15478800e+03 2.32936200e-02 1.16415400e-01 1.03999200e+00 5.67430600e-02 3.05715800e+00 9.67786600e-01 9.98718000e-01 6.90826400e+01 7.05905100e-01 2.94094900e-01 1.40354200e-01 9.69603800e-02 8.00026900e-01 7.92114000e-01 4.33858700e-01 5.89150800e-01 9.62542900e-01 1.01564900e+02 2.41603400e+00 7.66449000e+00 2.12670200e+00 1.89854200e+00 1.25249300e+03 5.93523500e+03 2.57278500e+03 8.31009300e+02 2.35870800e+02 9.67786600e-01 2.45785300e-01 2.47113200e-01 2.42290300e+00 1.37164000e+01 1.08849700e+03 1.44653400e+02 1.04008400e+00 1.39078600e+01 1.06180200e+03 1.47019400e+02 1.41606000e-01 1.59517300e-01 3.33859800e+03 1.01898000e-02 8.26705500e-01 4.55650600e-01 7.41914200e+01 6.28753900e+02 8.40181100e+01 1.50370300e+03 9.05722300e+01 1.95065700e+03 9.60673100e+01 2.27211200e+03 2.35033900e+02 5.72719100e+03 4.39708200e-01 7.41006500e-01 4.61657700e-01 6.58769300e-01 4.62324200e-01 6.17302300e-01 4.58821000e-01 5.87876000e-01 2.97120100e-01 3.07121900e-01 8.40978900e+00 3.96231700e+02 1.88846800e+03 4.69066200e-02 2.42950100e+00 3.69895800e+00 1.02907600e+01 2.29310900e+03 6.17536600e+00
8.78892600e-04 1.15795100e+03 2.33226800e-02 1.19146500e-01 1.03956200e+00 5.56936600e-02 3.06884600e+00 9.71229900e-01 1.00201300e+00 6.79876700e+01 6.90384500e-01 3.09615500e-01 1.43114300e-01 9.73000800e-02 8.14956400e-01 8.27913700e-01 4.53467000e-01 6.07911000e-01 9.88369400e-01 9.94451300e+01 2.45143200e+00 7.59735100e+00 2.15170500e+00 1.92489900e+00 1.25143500e+03 5.93104900e+03 2.60207700e+03 8.43567700e+02 2.40472500e+02 9.71229900e-01 2.45796900e-01 2.47124900e-01 2.41800400e+00 1.37381200e+01 1.08869500e+03 1.43924900e+02 1.03965200e+00 1.38435600e+01 1.06203100e+03 1.46269400e+02 1.42437400e-01 1.59322900e-01 3.40457500e+03 1.03911000e-02 8.14455500e-01 4.49251300e-01 7.32722100e+01 6.37764900e+02 8.33909700e+01 1.52148300e+03 9.01156500e+01 1.97124600e+03 9.57423000e+01 2.29405900e+03 2.36817600e+02 5.73824000e+03 4.58213300e-01 7.53255300e-01 4.77087600e-01 6.67910500e-01 4.75903100e-01 6.25138800e-01 4.71054700e-01 5.94885800e-01 3.00015600e-01 3.09388900e-01 1.40737000e+01 3.96123900e+02 1.88856900e+03 4.77943900e-02 1.09677200e+00 5.31401900e+00 1.06761600e+01 2.29876700e+03 6.45858500e+00
3.02967100e-04 1.15985600e+03 2.40475300e-02 1.18909500e-01 1.04051800e+00 5.40440800e-02 3.07253300e+00 9.70966500e-01 1.00044700e+00 6.90057400e+01 6.98428300e-01 3.01571700e-01 1.43602200e-01 9.90937500e-02 8.13348200e-01 8.15476100e-01 4.46654600e-01 6.02731900e-01 9.79115500e-01 1.00436300e+02 2.44622000e+00 7.28607200e+00 2.15965400e+00 1.93839400e+00 1.26787300e+03 6.04486400e+03 2.62146000e+03 8.52237700e+02 2.43998400e+02 9.70966500e-01 2.46055400e-01 2.47384300e-01 2.30023500e+00 1.36359600e+01 1.08785700e+03 1.43434600e+02 1.04052800e+00 1.37848000e+01 1.06363300e+03 1.45547800e+02 1.43702000e-01 1.58594000e-01 3.41623800e+03 1.04266900e-02 8.15135900e-01 4.49100400e-01 7.42327200e+01 6.28940200e+02 8.42682300e+01 1.50234500e+03 9.09499200e+01 1.94770500e+03 9.65464000e+01 2.26769400e+03 2.37480600e+02 5.69459200e+03 4.52033100e-01 7.52576100e-01 4.72671600e-01 6.68199100e-01 4.72445600e-01 6.25779900e-01 4.68261100e-01 5.95726000e-01 3.00757400e-01 3.10526200e-01 1.62037700e+01 3.95762200e+02 1.89213100e+03 3.01718200e-04 1.67729600e+00 3.87815600e+00 1.00596800e+01 2.30409700e+03 5.55575400e+00
1.96084800e-03 1.15709300e+03 2.32797800e-02 1.18889600e-01 1.04068600e+00 4.87423600e-02 3.05471300e+00 9.77015600e-01 9.99859900e-01 6.84234600e+01 6.94956200e-01 3.05043800e-01 1.42814500e-01 9.77186300e-02 8.11332200e-01 8.18124100e-01 4.48105000e-01 6.02961000e-01 9.80835500e-01 1.00160600e+02 2.41754800e+00 6.90460200e+00 2.12150900e+00 1.92445500e+00 1.23518500e+03 5.90022700e+03 2.60848300e+03 8.48132800e+02 2.41939200e+02 9.77015600e-01 2.45779600e-01 2.47107600e-01 2.42523500e+00 1.37082700e+01 1.08872500e+03 1.44023400e+02 1.04076900e+00 1.38381700e+01 1.06191600e+03 1.46383400e+02 1.42285500e-01 1.59555000e-01 3.39740900e+03 1.03692400e-02 8.16490500e-01 4.50368700e-01 7.36605100e+01 6.34078400e+02 8.37125300e+01 1.51377200e+03 9.03997900e+01 1.96196600e+03 9.59983800e+01 2.28384100e+03 2.36714000e+02 5.72523600e+03 4.53228400e-01 7.50357900e-01 4.73032500e-01 6.65840000e-01 4.72389300e-01 6.23408200e-01 4.67928700e-01 5.93367400e-01 2.99430300e-01 3.08990700e-01 1.24687600e+01 3.95765100e+02 1.89039700e+03 5.14251000e-03 1.53969800e+00 3.97937200e+00 1.00309200e+01 2.29863100e+03 5.52421300e+00
2.15686300e-05 1.16441800e+03 2.39621200e-02 1.19144100e-01 1.04030500e+00 4.91693000e-02 3.06331700e+00 9.69628100e-01 9.94969900e-01 6.87786900e+01 6.96118600e-01 3.03881400e-01 1.43751300e-01 9.88702800e-02 8.10182100e-01 8.15406300e-01 4.46616400e-01 6.01531900e-01 9.76912600e-01 1.00125800e+02 2.44112200e+00 6.82220500e+00 2.13984100e+00 1.93942800e+00 1.26906300e+03 6.04204800e+03 2.62132300e+03 8.51506400e+02 2.43519600e+02 9.69628100e-01 2.46030600e-01 2.47359400e-01 2.31366500e+00 1.36519900e+01 1.08797200e+03 1.43439600e+02 1.04031600e+00 1.37880800e+01 1.06348000e+03 1.45576700e+02 1.43614600e-01 1.58652800e-01 3.41980300e+03 1.04375600e-02 8.14092700e-01 4.48615300e-01 7.40246800e+01 6.30874900e+02 8.40948500e+01 1.50640600e+03 9.07959900e+01 1.95260300e+03 9.64070600e+01 2.27309400e+03 2.37526800e+02 5.70158200e+03 4.51810000e-01 7.49411200e-01 4.71847200e-01 6.65128700e-01 4.71344000e-01 6.22795800e-01 4.66985100e-01 5.92817700e-01 2.99193700e-01 3.08803300e-01 2.14885400e+01 3.95681300e+02 1.89188000e+03 6.69981200e-03 1.47275900e+00 4.22970600e+00 1.40760400e+01 2.30905000e+03 5.70916500e+00
6.55673400e-06 1.16368200e+03 2.43097700e-02 1.19205400e-01 1.03983700e+00 4.87981400e-02 3.07723700e+00 9.69220400e-01 1.00315200e+00 6.88958700e+01 6.96289800e-01 3.03710200e-01 1.44160300e-01 9.93205300e-02 8.14048800e-01 8.19067100e-01 4.48621500e-01 6.04317600e-01 9.80739800e-01 1.00030000e+02 2.45833200e+00 6.72149700e+00 2.16983700e+00 1.96807500e+00 1.29108200e+03 6.16355600e+03 2.65828900e+03 8.64346600e+02 2.47819600e+02 9.69220400e-01 2.46142900e-01 2.47472200e-01 2.25974600e+00 1.36309400e+01 1.08759600e+03 1.43160900e+02 1.03982100e+00 1.37678400e+01 1.06424300e+03 1.45190000e+02 1.44259100e-01 1.58176000e-01 3.42958000e+03 1.04673900e-02 8.12965600e-01 4.47768600e-01 7.41479400e+01 6.29813900e+02 8.42302500e+01 1.50391400e+03 9.09397400e+01 1.94939900e+03 9.65579200e+01 2.26938700e+03 2.37869800e+02 5.69276400e+03 4.53850900e-01 7.53004700e-01 4.74021700e-01 6.68336600e-01 4.73536400e-01 6.25807200e-01 4.69170500e-01 5.95688900e-01 3.00647000e-01 3.10312300e-01 2.38700400e+01 3.95728800e+02 1.89022000e+03 1.07363400e-02 1.40705700e+00 4.51041100e+00 1.16178300e+01 2.30981800e+03 5.92820500e+00
1.86541200e-05 1.16240000e+03 2.44538800e-02 1.17647200e-01 1.03812200e+00 5.06107100e-02 3.07544800e+00 9.64191100e-01 1.00089900e+00 6.89837600e+01 7.00034900e-01 2.99965100e-01 1.42746200e-01 9.84717000e-02 8.04092300e-01 8.04045500e-01 4.40393900e-01 5.95077600e-01 9.68127200e-01 1.00331100e+02 2.45452100e+00 6.85272200e+00 2.16595900e+00 1.95744800e+00 1.30307800e+03 6.21276700e+03 2.64248100e+03 8.56243100e+02 2.44960700e+02 9.64191100e-01 2.46197600e-01 2.47527000e-01 2.23796600e+00 1.36608800e+01 1.08731800e+03 1.43448000e+02 1.03808800e+00 1.38184900e+01 1.06443400e+03 1.45441600e+02 1.44068300e-01 1.57805000e-01 3.39577600e+03 1.03642600e-02 8.18046500e-01 4.50252900e-01 7.41799800e+01 6.29273900e+02 8.41654900e+01 1.50352200e+03 9.08163400e+01 1.94948300e+03 9.63881500e+01 2.26997000e+03 2.36825100e+02 5.70480100e+03 4.45849800e-01 7.44171700e-01 4.66605200e-01 6.60914800e-01 4.66570200e-01 6.19032400e-01 4.62562900e-01 5.89348800e-01 2.97606600e-01 3.07345900e-01 2.17788900e+01 3.95568500e+02 1.89135400e+03 2.05770300e-03 1.60798500e+00 4.33068000e+00 1.01572000e+01 2.30870100e+03 5.94072300e+00
1.30785800e-03 1.15702100e+03 2.35648600e-02 1.17530600e-01 1.03936600e+00 5.09994000e-02 3.06023100e+00 9.85193600e-01 9.99989400e-01 6.86981200e+01 6.99666000e-01 3.00334000e-01 1.41740600e-01 9.73731100e-02 8.08954900e-01 8.09405100e-01 4.43329400e-01 5.98860200e-01 9.76004700e-01 1.00592800e+02 2.39640500e+00 7.05719000e+00 2.13324900e+00 1.92639000e+00 1.22096700e+03 5.91944200e+03 2.62049800e+03 8.55990200e+02 2.45029600e+02 9.85193600e-01 2.45891800e-01 2.47220100e-01 2.37767800e+00 1.37127200e+01 1.08828100e+03 1.44155900e+02 1.03943000e+00 1.38687500e+01 1.06248900e+03 1.46427300e+02 1.42425900e-01 1.59046300e-01 3.37173800e+03 1.02909200e-02 8.20891200e-01 4.52412400e-01 7.38812500e+01 6.31843300e+02 8.38359500e+01 1.50957700e+03 9.04657300e+01 1.95727800e+03 9.60196500e+01 2.27900200e+03 2.35978500e+02 5.72650200e+03 4.48783100e-01 7.48638200e-01 4.69588000e-01 6.64844300e-01 4.69511900e-01 6.22697400e-01 4.65452200e-01 5.92828600e-01 2.99357100e-01 3.09134300e-01 1.32787300e+01 3.95686800e+02 1.88953700e+03 2.12733500e-04 1.74777200e+00 3.76262300e+00 1.00278000e+01 2.29850300e+03 5.51060700e+00
2.74418400e-04 1.16169000e+03 2.31240000e-02 1.18686500e-01 1.04117100e+00 6.19928500e-02 3.08466400e+00 9.72912500e-01 1.00199600e+00 6.85260000e+01 6.96632600e-01 3.03367400e-01 1.42455700e-01 9.76191600e-02 8.22675500e-01 8.27279700e-01 4.53119800e-01 6.10549300e-01 9.93804200e-01 1.00462600e+02 2.46004300e+00 8.24737500e+00 2.18601200e+00 1.93110600e+00 1.25432800e+03 5.93480600e+03 2.61365600e+03 8.46883400e+02 2.41264300e+02 9.72912500e-01 2.45710500e-01 2.47038100e-01 2.45154700e+00 1.37084700e+01 1.08889000e+03 1.44194400e+02 1.04127700e+00 1.38478400e+01 1.06157300e+03 1.46605000e+02 1.41937000e-01 1.59835100e-01 3.38883100e+03 1.03430700e-02 8.17985000e-01 4.51273400e-01 7.37476200e+01 6.33205700e+02 8.37654800e+01 1.51210300e+03 9.04326600e+01 1.96007300e+03 9.60156900e+01 2.28186200e+03 2.36472600e+02 5.72510900e+03 4.58419900e-01 7.61024700e-01 4.78891800e-01 6.75499900e-01 4.78447800e-01 6.32533600e-01 4.74067400e-01 6.02103500e-01 3.03912400e-01 3.13694900e-01 1.64017100e+01 3.97953400e+02 1.89306200e+03 4.72034500e-05 1.67729600e+00 3.61973600e+00 1.06652300e+01 2.30741700e+03 5.29708000e+00
2.28464200e-03 1.16325800e+03 2.31393400e-02 1.16733700e-01 1.03997300e+00 5.44062800e-02 3.07720800e+00 9.83837400e-01 1.00886800e+00 6.88336200e+01 7.03427100e-01 2.96572900e-01 1.40518200e-01 9.67237700e-02 8.14941300e-01 8.10273100e-01 4.43804800e-01 6.01394100e-01 9.82259000e-01 1.01258400e+02 2.41295700e+00 7.47222900e+00 2.16977400e+00 1.94606800e+00 1.23763900e+03 5.96995400e+03 2.64824800e+03 8.62148400e+02 2.45987300e+02 9.83837400e-01 2.45717700e-01 2.47045400e-01 2.44894100e+00 1.37338500e+01 1.08870700e+03 1.44688800e+02 1.04008200e+00 1.39112900e+01 1.06145900e+03 1.47106100e+02 1.41411800e-01 1.59697100e-01 3.34251900e+03 1.02017700e-02 8.25532700e-01 4.55157400e-01 7.39653700e+01 6.30853800e+02 8.38294000e+01 1.50812400e+03 9.04046000e+01 1.95599500e+03 9.59155200e+01 2.27800200e+03 2.35086200e+02 5.73482500e+03 4.49580900e-01 7.54565500e-01 4.71386000e-01 6.70539000e-01 4.71764800e-01 6.28211800e-01 4.67988900e-01 5.98191000e-01 3.02229100e-01 3.12280200e-01 1.21630900e+01 3.95800800e+02 1.89018300e+03 2.38028100e-02 2.19351700e+00 3.53999900e+00 2.26112100e+01 2.29814700e+03 5.75731900e+00
1.42612100e-02 1.15796100e+03 2.33704100e-02 1.15029600e-01 1.03945700e+00 5.51518900e-02 3.05859400e+00 9.93545100e-01 1.00239200e+00 6.94744900e+01 7.11925300e-01 2.88074700e-01 1.39045100e-01 9.66008900e-02 8.02752300e-01 7.86635400e-01 4.30857900e-01 5.88109000e-01 9.63094500e-01 1.02339400e+02 2.35463300e+00 7.46917700e+00 2.12975900e+00 1.90733100e+00 1.19493600e+03 5.86043900e+03 2.60872600e+03 8.53783800e+02 2.44159800e+02 9.93545100e-01 2.45815600e-01 2.47143700e-01 2.40997300e+00 1.37178300e+01 1.08829400e+03 1.44956900e+02 1.03954700e+00 1.39442300e+01 1.06187800e+03 1.47305000e+02 1.41352500e-01 1.59386600e-01 3.30730600e+03 1.00943300e-02 8.32348100e-01 4.58507400e-01 7.45095500e+01 6.25639200e+02 8.42131600e+01 1.49770800e+03 9.06944000e+01 1.94384500e+03 9.61327900e+01 2.26497500e+03 2.34146900e+02 5.72689900e+03 4.37166300e-01 7.44147700e-01 4.60510200e-01 6.62253100e-01 4.61900200e-01 6.20858400e-01 4.58885800e-01 5.91444800e-01 2.99186100e-01 3.09557700e-01 8.50042400e+00 3.95775900e+02 1.89304700e+03 1.39955700e-01 2.92364600e+00 4.59143800e+00 1.09430200e+01 2.29732400e+03 7.65504000e+00
1.23776400e-04 1.16146700e+03 2.40361000e-02 1.17055500e-01 1.04020800e+00 5.45818800e-02 3.07481900e+00 9.91153400e-01 9.99114700e-01 6.95513900e+01 7.06997900e-01 2.93002100e-01 1.41736700e-01 9.85798600e-02 8.13747700e-01 8.04200800e-01 4.40478900e-01 5.98697500e-01 9.75746100e-01 1.01575400e+02 2.39214600e+00 7.31353800e+00 2.16459700e+00 1.94074200e+00 1.22154300e+03 5.98356200e+03 2.64628100e+03 8.68530700e+02 2.49845000e+02 9.91153400e-01 2.46052000e-01 2.47380900e-01 2.30202400e+00 1.36381500e+01 1.08771800e+03 1.43918200e+02 1.04022700e+00 1.38352600e+01 1.06348000e+03 1.46043600e+02 1.43149400e-01 1.58625500e-01 3.37164600e+03 1.02906300e-02 8.22900600e-01 4.53127200e-01 7.46763300e+01 6.24593100e+02 8.45372000e+01 1.49401500e+03 9.11158100e+01 1.93826400e+03 9.66322200e+01 2.25782100e+03 2.36225700e+02 5.69435000e+03 4.46501500e-01 7.53826800e-01 4.69069400e-01 6.70291000e-01 4.69879000e-01 6.28150900e-01 4.66407000e-01 5.98239800e-01 3.02395800e-01 3.12633500e-01 1.79940700e+01 3.95698700e+02 1.89287900e+03 4.67759800e-02 2.42950100e+00 3.73379800e+00 1.01531700e+01 2.30657200e+03 6.21007600e+00
2.80067100e-03 1.15663600e+03 2.38975900e-02 1.15898300e-01 1.03974200e+00 5.46855200e-02 3.07202700e+00 9.71937100e-01 1.00195200e+00 6.96942100e+01 7.10865100e-01 2.89134900e-01 1.40441000e-01 9.78792500e-02 8.02522500e-01 7.87855900e-01 4.31526500e-01 5.88480800e-01 9.61299800e-01 1.02100700e+02 2.41706300e+00 7.33184800e+00 2.15856200e+00 1.93493000e+00 1.27093200e+03 6.09239400e+03 2.62597700e+03 8.51845100e+02 2.43060700e+02 9.71937100e-01 2.46012200e-01 2.47340900e-01 2.32389200e+00 1.36606800e+01 1.08777300e+03 1.44323800e+02 1.03977400e+00 1.38803000e+01 1.06309900e+03 1.46498100e+02 1.42564500e-01 1.58759500e-01 3.34067300e+03 1.01961400e-02 8.27832900e-01 4.55774100e-01 7.47631100e+01 6.23593000e+02 8.45290500e+01 1.49255300e+03 9.10502800e+01 1.93698400e+03 9.65214300e+01 2.25684000e+03 2.35280300e+02 5.70319200e+03 4.37751000e-01 7.43823900e-01 4.60854400e-01 6.61840200e-01 4.62115700e-01 6.20418400e-01 4.59013000e-01 5.90992500e-01 2.98902000e-01 3.09213400e-01 1.17557900e+01 3.95776400e+02 1.88801400e+03 1.04672200e-01 2.75631800e+00 4.22741200e+00 1.06375900e+01 2.29554700e+03 7.08840200e+00
2.55469700e-04 1.16230600e+03 2.47285100e-02 1.17721200e-01 1.03874200e+00 5.36693300e-02 3.06824300e+00 9.64284300e-01 9.96076200e-01 6.94012500e+01 7.02908900e-01 2.97091100e-01 1.43094900e-01 9.93096400e-02 8.00856200e-01 7.96964000e-01 4.36515200e-01 5.91257900e-01 9.61326500e-01 1.00722000e+02 2.44253200e+00 7.09991500e+00 2.15040800e+00 1.93154300e+00 1.28907900e+03 6.15336800e+03 2.60805600e+03 8.46132100e+02 2.42348000e+02 9.64284300e-01 2.46313000e-01 2.47642800e-01 2.19735300e+00 1.36150800e+01 1.08703600e+03 1.43220600e+02 1.03868500e+00 1.37886500e+01 1.06504400e+03 1.45129900e+02 1.44573900e-01 1.57593400e-01 3.40411100e+03 1.03896900e-02 8.17809900e-01 4.49947600e-01 7.45828100e+01 6.25668800e+02 8.45435800e+01 1.49560200e+03 9.11824300e+01 1.93967100e+03 9.67463300e+01 2.25892200e+03 2.37211900e+02 5.68528500e+03 4.42145700e-01 7.41467700e-01 4.63454400e-01 6.58836300e-01 4.63762500e-01 6.17220900e-01 4.60007600e-01 5.87708300e-01 2.96893900e-01 3.06748800e-01 1.65448100e+01 3.95695200e+02 1.89412100e+03 1.26955400e-03 1.81943000e+00 3.93947300e+00 1.24911600e+01 2.30636100e+03 5.76017300e+00
5.36911300e-11 1.18106300e+03 2.52839400e-02 1.17617500e-01 1.03786200e+00 5.99049500e-02 3.10329800e+00 9.78662200e-01 9.95802900e-01 6.96099900e+01 7.03755700e-01 2.96244300e-01 1.43546600e-01 9.99227900e-02 8.16014400e-01 8.10890400e-01 4.44143000e-01 6.02019200e-01 9.78052300e-01 1.00637000e+02 2.45419800e+00 7.57598900e+00 2.22712800e+00 1.97566100e+00 1.28492600e+03 6.26231100e+03 2.67619800e+03 8.75896700e+02 2.53089100e+02 9.78662200e-01 2.46558700e-01 2.47889400e-01 2.11826500e+00 1.35849800e+01 1.08646700e+03 1.42826300e+02 1.03774700e+00 1.37631200e+01 1.06622700e+03 1.44572700e+02 1.45507800e-01 1.56872400e-01 3.41491000e+03 1.04226400e-02 8.16736800e-01 4.48970900e-01 7.47939600e+01 6.23841500e+02 8.47594200e+01 1.49144000e+03 9.14027300e+01 1.93440800e+03 9.69710000e+01 2.25290500e+03 2.37615200e+02 5.67259600e+03 4.49934500e-01 7.55589700e-01 4.71838200e-01 6.71482200e-01 4.72255700e-01 6.29108900e-01 4.68501200e-01 5.99053400e-01 3.02659300e-01 3.12748000e-01 4.72955500e+01 3.96594000e+02 1.89944300e+03 2.26670800e-04 1.74777200e+00 4.19823300e+00 1.28462700e+01 2.34333300e+03 5.94623200e+00
4.56342300e-06 1.16450400e+03 2.49939200e-02 1.17126400e-01 1.03860000e+00 5.32162300e-02 3.08145600e+00 9.75511500e-01 9.98607900e-01 6.97894300e+01 7.06881000e-01 2.93119000e-01 1.42765500e-01 9.96352400e-02 8.06231900e-01 7.96932200e-01 4.36497700e-01 5.93227100e-01 9.65084100e-01 1.01197000e+02 2.42892700e+00 6.99920700e+00 2.17901100e+00 1.95900900e+00 1.28038600e+03 6.21465400e+03 2.65497000e+03 8.66801300e+02 2.49493700e+02 9.75511500e-01 2.46436000e-01 2.47766300e-01 2.15917300e+00 1.35900500e+01 1.08671800e+03 1.43170700e+02 1.03851800e+00 1.37860600e+01 1.06557800e+03 1.45003300e+02 1.44864100e-01 1.57307300e-01 3.39623800e+03 1.03656700e-02 8.19859600e-01 4.50811600e-01 7.49349900e+01 6.22444600e+02 8.48329400e+01 1.48885100e+03 9.14361100e+01 1.93154700e+03 9.69730500e+01 2.24998300e+03 2.37077100e+02 5.67427600e+03 4.42443100e-01 7.46852200e-01 4.64777600e-01 6.64075400e-01 4.65566300e-01 6.22320000e-01 4.62117000e-01 5.92682700e-01 2.99575000e-01 3.09714700e-01 2.45948700e+01 3.95612900e+02 1.89253800e+03 1.76006300e-02 2.11648900e+00 3.79033100e+00 1.03378400e+01 2.31274600e+03 5.92442000e+00
9.00724400e-03 1.15935500e+03 2.47265500e-02 1.14635100e-01 1.03873100e+00 5.53018400e-02 3.06085100e+00 9.76114000e-01 9.96345800e-01 7.05108600e+01 7.18397100e-01 2.81602900e-01 1.40006800e-01 9.87200100e-02 7.90164000e-01 7.65552800e-01 4.19310500e-01 5.75607600e-01 9.40999100e-01 1.02903300e+02 2.37985000e+00 7.20977800e+00 2.13457100e+00 1.91106700e+00 1.25401200e+03 6.09977600e+03 2.59894000e+03 8.46822100e+02 2.42681500e+02 9.76114000e-01 2.46312100e-01 2.47642000e-01 2.19763800e+00 1.36017900e+01 1.08678900e+03 1.44015300e+02 1.03867300e+00 1.38653100e+01 1.06481600e+03 1.45939600e+02 1.43671500e-01 1.57706500e-01 3.33029400e+03 1.01644700e-02 8.31309400e-01 4.56924000e-01 7.55088700e+01 6.16901500e+02 8.51611400e+01 1.47834500e+03 9.16180900e+01 1.91975100e+03 9.70409000e+01 2.23776100e+03 2.35191700e+02 5.67740400e+03 4.25949100e-01 7.33136800e-01 4.50312100e-01 6.53195900e-01 4.52448100e-01 6.12681600e-01 4.50017600e-01 5.83852100e-01 2.95612900e-01 3.06200400e-01 9.41945200e+00 3.95685500e+02 1.89233900e+03 2.33693100e-01 3.35175700e+00 5.51625100e+00 1.21642900e+01 2.29744400e+03 9.10170100e+00
1.46618200e-02 1.15905800e+03 2.38448700e-02 1.13687300e-01 1.03881200e+00 5.95070800e-02 3.05556000e+00 9.77163900e-01 9.98432800e-01 7.01446500e+01 7.19167400e-01 2.80832600e-01 1.38177300e-01 9.69239700e-02 7.88795800e-01 7.63181300e-01 4.18011600e-01 5.74217600e-01 9.41818700e-01 1.03214400e+02 2.36783000e+00 7.76519800e+00 2.12330700e+00 1.88506200e+00 1.23176800e+03 5.95833000e+03 2.56857100e+03 8.34146600e+02 2.37690100e+02 9.77163900e-01 2.45996300e-01 2.47325000e-01 2.33229600e+00 1.36831100e+01 1.08764600e+03 1.44943300e+02 1.03884400e+00 1.39523700e+01 1.06283200e+03 1.47145000e+02 1.41828300e-01 1.58759200e-01 3.28656100e+03 1.00310400e-02 8.37111900e-01 4.60593900e-01 7.51036000e+01 6.20175500e+02 8.46824900e+01 1.48637800e+03 9.10915500e+01 1.93030800e+03 9.64747200e+01 2.25016900e+03 2.33680100e+02 5.71122800e+03 4.24698200e-01 7.31948400e-01 4.49185800e-01 6.52229200e-01 4.51410900e-01 6.11814200e-01 4.49049700e-01 5.83050400e-01 2.95252700e-01 3.05863200e-01 8.44501700e+00 3.96450000e+02 1.89250500e+03 3.03298000e-01 3.61246300e+00 6.37879500e+00 1.04207800e+01 2.29740000e+03 1.02945600e+01
3.50571800e-03 1.16396300e+03 2.41606600e-02 1.14163500e-01 1.03829700e+00 5.34318800e-02 3.05693100e+00 9.87307000e-01 9.93449400e-01 7.00567600e+01 7.16848600e-01 2.83151400e-01 1.38969300e-01 9.73573700e-02 7.92442500e-01 7.69868300e-01 4.21674300e-01 5.78059300e-01 9.46766200e-01 1.02754800e+02 2.35373200e+00 7.13043200e+00 2.12622100e+00 1.91072500e+00 1.22043300e+03 5.99668300e+03 2.60925100e+03 8.53261400e+02 2.44507600e+02 9.87307000e-01 2.46091200e-01 2.47420200e-01 2.28263100e+00 1.36691400e+01 1.08734400e+03 1.44573800e+02 1.03829400e+00 1.39241700e+01 1.06355700e+03 1.46673700e+02 1.42535600e-01 1.58291400e-01 3.30549300e+03 1.00888000e-02 8.34004600e-01 4.58731400e-01 7.50490100e+01 6.20792100e+02 8.46858700e+01 1.48729200e+03 9.11301100e+01 1.93111900e+03 9.65410800e+01 2.25080300e+03 2.34261800e+02 5.70578400e+03 4.28237000e-01 7.35092700e-01 4.52339200e-01 6.54760200e-01 4.54296800e-01 6.14073300e-01 4.51729900e-01 5.85131100e-01 2.96201000e-01 3.06724400e-01 1.13067200e+01 3.95627600e+02 1.89538300e+03 2.06289600e-01 3.26523000e+00 5.24333300e+00 1.68933700e+01 2.30231700e+03 8.71485200e+00
1.68300300e-02 1.15625700e+03 2.37255400e-02 1.14928100e-01 1.03854700e+00 4.74345000e-02 3.03893000e+00 9.79587100e-01 9.97276600e-01 6.94964600e+01 7.11582300e-01 2.88417700e-01 1.39298700e-01 9.68077000e-02 7.87931500e-01 7.72571600e-01 4.23154900e-01 5.77422800e-01 9.45163800e-01 1.02121100e+02 2.35719000e+00 6.62994400e+00 2.08828900e+00 1.89928200e+00 1.22592500e+03 5.94689800e+03 2.58676700e+03 8.41595200e+02 2.39946500e+02 9.79587100e-01 2.45955800e-01 2.47284400e-01 2.35148400e+00 1.37087500e+01 1.08788200e+03 1.44709400e+02 1.03860100e+00 1.39331000e+01 1.06264100e+03 1.46944300e+02 1.41971800e-01 1.58818100e-01 3.31336900e+03 1.01128300e-02 8.31489400e-01 4.57767500e-01 7.45411800e+01 6.25396900e+02 8.42578100e+01 1.49704900e+03 9.07472500e+01 1.94293800e+03 9.61922800e+01 2.26387500e+03 2.34348600e+02 5.72315900e+03 4.29307600e-01 7.30375800e-01 4.52150700e-01 6.49959600e-01 4.53476700e-01 6.09317500e-01 4.50491300e-01 5.80440800e-01 2.93603100e-01 3.03766300e-01 8.16918100e+00 3.96004000e+02 1.89001100e+03 1.06995600e-01 2.75631800e+00 4.25096000e+00 1.12144700e+01 2.29418400e+03 7.11427300e+00
1.26871400e-02 1.15728600e+03 2.26029200e-02 1.17784100e-01 1.03904800e+00 4.57678800e-02 3.02577800e+00 9.83594100e-01 9.96672800e-01 6.77020300e+01 6.92309100e-01 3.07690900e-01 1.41032100e-01 9.54816000e-02 7.99268400e-01 8.09448800e-01 4.43353400e-01 5.95280000e-01 9.71385900e-01 9.98064700e+01 2.36849200e+00 6.70623800e+00 2.06100400e+00 1.88072500e+00 1.18618700e+03 5.69979500e+03 2.55692700e+03 8.31129500e+02 2.35982700e+02 9.83594100e-01 2.45481000e-01 2.46807800e-01 2.54388200e+00 1.38204100e+01 1.08943600e+03 1.44827700e+02 1.03921300e+00 1.39362800e+01 1.06031400e+03 1.47420200e+02 1.40694300e-01 1.60223700e-01 3.35480300e+03 1.02392500e-02 8.21035800e-01 4.53199400e-01 7.29306600e+01 6.40613800e+02 8.29521800e+01 1.52874000e+03 8.96151400e+01 1.98094900e+03 9.51915100e+01 2.30559700e+03 2.35149900e+02 5.77240300e+03 4.48184600e-01 7.38944400e-01 4.67118900e-01 6.55430000e-01 4.66180200e-01 6.13544600e-01 4.61577200e-01 5.83906800e-01 2.94565200e-01 3.03848100e-01 8.73433300e+00 3.96283300e+02 1.89192200e+03 2.05306500e-02 1.34256300e+00 4.46978400e+00 1.17990300e+01 2.29694000e+03 5.83287800e+00
8.12470900e-03 1.15653100e+03 2.26464500e-02 1.18667200e-01 1.03878500e+00 4.96285600e-02 3.03908700e+00 9.75720800e-01 9.97046200e-01 6.73358200e+01 6.86909400e-01 3.13090600e-01 1.41958800e-01 9.55891100e-02 8.04762400e-01 8.22133000e-01 4.50300800e-01 6.01984400e-01 9.80719100e-01 9.90766300e+01 2.40866700e+00 7.11517300e+00 2.08861600e+00 1.89126200e+00 1.21153900e+03 5.75647400e+03 2.56169200e+03 8.29722100e+02 2.35399100e+02 9.75720800e-01 2.45496600e-01 2.46823400e-01 2.53625400e+00 1.38278200e+01 1.08946200e+03 1.44564500e+02 1.03894200e+00 1.39145900e+01 1.06046700e+03 1.47138100e+02 1.41027700e-01 1.60094000e-01 3.37695400e+03 1.03068300e-02 8.16923400e-01 4.51017100e-01 7.26240600e+01 6.43711300e+02 8.27447700e+01 1.53482200e+03 8.94654100e+01 1.98797400e+03 9.50861500e+01 2.31307300e+03 2.35751800e+02 5.77610700e+03 4.54729900e-01 7.43489900e-01 4.72589400e-01 6.58875500e-01 4.71010800e-01 6.16526800e-01 4.65944800e-01 5.86594400e-01 2.95706000e-01 3.04789000e-01 9.62569100e+00 3.95707800e+02 1.88920800e+03 8.60979500e-02 9.26576500e-01 6.08328200e+00 1.14237500e+01 2.29454200e+03 7.09595700e+00
1.09927000e-03 1.16016900e+03 2.41606700e-02 1.15061000e-01 1.03909700e+00 6.39066300e-02 3.08295200e+00 9.90943600e-01 9.98142000e-01 7.00018300e+01 7.14572400e-01 2.85427600e-01 1.39866900e-01 9.79093600e-02 8.08041400e-01 7.88172000e-01 4.31699600e-01 5.90619300e-01 9.65781600e-01 1.02506300e+02 2.38441800e+00 8.12835700e+00 2.18227300e+00 1.92043800e+00 1.21844100e+03 5.98348000e+03 2.62265900e+03 8.59734800e+02 2.47102000e+02 9.90943600e-01 2.46091200e-01 2.47420200e-01 2.28262900e+00 1.36494600e+01 1.08742000e+03 1.44339200e+02 1.03910200e+00 1.38907600e+01 1.06363300e+03 1.46433700e+02 1.42797600e-01 1.58380900e-01 3.32694900e+03 1.01542600e-02 8.30620600e-01 4.57002600e-01 7.50300300e+01 6.21110600e+02 8.47277200e+01 1.48750600e+03 9.12091100e+01 1.93103000e+03 9.66495800e+01 2.25039600e+03 2.34933000e+02 5.69793100e+03 4.38227000e-01 7.49325000e-01 4.62305600e-01 6.67168900e-01 4.64025600e-01 6.25597200e-01 4.61215100e-01 5.96040500e-01 3.01620200e-01 3.12216600e-01 1.36262200e+01 3.97463300e+02 1.89060000e+03 1.63865300e-01 3.09335200e+00 4.81245700e+00 1.05801200e+01 2.30168900e+03 8.06967400e+00
1.39169400e-03 1.16236700e+03 2.34503300e-02 1.15858800e-01 1.03787000e+00 4.65742100e-02 3.05858200e+00 9.76590700e-01 1.00223700e+00 6.86981200e+01 7.03451100e-01 2.96548900e-01 1.39954300e-01 9.61459400e-02 7.98825700e-01 7.94217700e-01 4.35011000e-01 5.89489600e-01 9.63783800e-01 1.00983600e+02 2.39940700e+00 6.60247800e+00 2.12973300e+00 1.94031000e+00 1.25439100e+03 6.04345200e+03 2.63600600e+03 8.55520100e+02 2.43711300e+02 9.76590700e-01 2.45846300e-01 2.47174500e-01 2.39660700e+00 1.37613300e+01 1.08827100e+03 1.44678000e+02 1.03794500e+00 1.39389000e+01 1.06210700e+03 1.46996200e+02 1.41736700e-01 1.59015400e-01 3.32903800e+03 1.01606400e-02 8.27233000e-01 4.55751900e-01 7.38182600e+01 6.32110100e+02 8.36623200e+01 1.51113000e+03 9.02242200e+01 1.95989600e+03 9.57240200e+01 2.28254800e+03 2.34614800e+02 5.74630400e+03 4.40683800e-01 7.39645600e-01 4.62061100e-01 6.57282700e-01 4.62434300e-01 6.15793300e-01 4.58734200e-01 5.86366600e-01 2.96258100e-01 3.06110500e-01 1.31544700e+01 3.96038100e+02 1.89899400e+03 8.58197000e-03 2.04033800e+00 3.67083000e+00 1.08282900e+01 2.30818600e+03 5.71975000e+00
7.33210700e-03 1.15777500e+03 2.27651400e-02 1.15716200e-01 1.03955700e+00 5.44477100e-02 3.03692100e+00 9.80958800e-01 9.98691900e-01 6.87530500e+01 7.05675800e-01 2.94324200e-01 1.39126500e-01 9.56537200e-02 7.95445900e-01 7.87885300e-01 4.31542600e-01 5.85891400e-01 9.59322600e-01 1.01612300e+02 2.36389200e+00 7.53936800e+00 2.08409800e+00 1.86907000e+00 1.19584200e+03 5.74322000e+03 2.54534700e+03 8.25623500e+02 2.34144800e+02 9.80958800e-01 2.45541700e-01 2.46868700e-01 2.51509600e+00 1.37793300e+01 1.08906200e+03 1.45244500e+02 1.03970200e+00 1.39698200e+01 1.06054300e+03 1.47793100e+02 1.40418800e-01 1.60152500e-01 3.30925100e+03 1.01002700e-02 8.30335400e-01 4.57929200e-01 7.38390500e+01 6.31772400e+02 8.36258900e+01 1.51086100e+03 9.01530400e+01 1.95990200e+03 9.56253300e+01 2.28284800e+03 2.33995900e+02 5.75351300e+03 4.37363300e-01 7.36739800e-01 4.59134200e-01 6.54949900e-01 4.59768000e-01 6.13712600e-01 4.56264700e-01 5.84450700e-01 2.95387000e-01 3.05315000e-01 9.83098500e+00 3.95806000e+02 1.89341200e+03 5.15051600e-02 2.42950100e+00 3.71945600e+00 1.03015400e+01 2.29904900e+03 6.20046200e+00
2.85765000e-05 1.16294100e+03 2.44518000e-02 1.17228300e-01 1.04046600e+00 5.06323900e-02 3.07802900e+00 9.72864100e-01 1.00039700e+00 6.99322500e+01 7.08977200e-01 2.91022800e-01 1.42325300e-01 9.95312800e-02 8.08333600e-01 7.96147400e-01 4.36067900e-01 5.93707300e-01 9.66611300e-01 1.01788700e+02 2.42985300e+00 6.85272200e+00 2.17155500e+00 1.96242100e+00 1.28601500e+03 6.18882800e+03 2.65993200e+03 8.65925200e+02 2.48316600e+02 9.72864100e-01 2.46196800e-01 2.47526200e-01 2.23827800e+00 1.35899400e+01 1.08728700e+03 1.43556600e+02 1.04043200e+00 1.37977900e+01 1.06439600e+03 1.45553200e+02 1.43944400e-01 1.58177800e-01 3.38571500e+03 1.03335600e-02 8.21707400e-01 4.52209900e-01 7.50470700e+01 6.21369800e+02 8.49032600e+01 1.48677100e+03 9.14817500e+01 1.92917400e+03 9.69995100e+01 2.24748700e+03 2.36783600e+02 5.67393300e+03 4.42215100e-01 7.49009900e-01 4.65060200e-01 6.66229900e-01 4.66097800e-01 6.24438400e-01 4.62810700e-01 5.94762300e-01 3.00714600e-01 3.10995600e-01 2.09258500e+01 3.95623700e+02 1.89273000e+03 6.63100600e-02 2.59136600e+00 3.89302800e+00 1.00530000e+01 2.30927900e+03 6.55070400e+00
2.61945000e-06 1.17005900e+03 2.57385600e-02 1.16585200e-01 1.03817300e+00 5.52663200e-02 3.08976800e+00 9.63101300e-01 9.98891600e-01 7.04779100e+01 7.12170200e-01 2.87829800e-01 1.42968900e-01 1.00761500e-01 8.00110200e-01 7.83713000e-01 4.29257300e-01 5.86048700e-01 9.53066700e-01 1.01746000e+02 2.45455100e+00 7.05108600e+00 2.19719800e+00 1.96727700e+00 1.32821400e+03 6.39776500e+03 2.65468900e+03 8.62272400e+02 2.48041800e+02 9.63101300e-01 2.46718700e-01 2.48050100e-01 2.05595300e+00 1.35260700e+01 1.08594400e+03 1.42744200e+02 1.03800900e+00 1.37517300e+01 1.06710400e+03 1.44365800e+02 1.45979700e-01 1.56494800e-01 3.40110100e+03 1.03805000e-02 8.20731400e-01 4.50713600e-01 7.55790900e+01 6.16769600e+02 8.54156100e+01 1.47652900e+03 9.19859700e+01 1.91639400e+03 9.74993000e+01 2.23301900e+03 2.37433200e+02 5.64677900e+03 4.35552700e-01 7.41717200e-01 4.58863600e-01 6.60109900e-01 4.60273900e-01 6.18857000e-01 4.57286900e-01 5.89542700e-01 2.98206700e-01 3.08566400e-01 2.57050900e+01 3.95741200e+02 1.90190400e+03 5.79317400e-02 2.50994400e+00 3.97537700e+00 1.02243600e+01 2.32335100e+03 6.54325300e+00
3.17204600e-12 1.18701400e+03 2.41678600e-02 1.21179700e-01 1.03895200e+00 6.90986300e-02 3.11546800e+00 9.44418000e-01 9.97595300e-01 6.77899200e+01 6.82311800e-01 3.17688200e-01 1.45992700e-01 9.89683500e-02 8.28643400e-01 8.52722100e-01 4.67055200e-01 6.22111100e-01 1.00643400e+00 9.81838100e+01 2.58076000e+00 8.70513900e+00 2.25439700e+00 1.96341500e+00 1.35666700e+03 6.22926500e+03 2.62284300e+03 8.41675000e+02 2.40106200e+02 9.44418000e-01 2.46093600e-01 2.47422600e-01 2.28151600e+00 1.36790200e+01 1.08791100e+03 1.42770100e+02 1.03895300e+00 1.37417300e+01 1.06405300e+03 1.44835400e+02 1.44567600e-01 1.58138500e-01 3.47338100e+03 1.06010300e-02 8.04242300e-01 4.43321000e-01 7.31889900e+01 6.39073900e+02 8.35088900e+01 1.52266500e+03 9.03546700e+01 1.97151300e+03 9.60767700e+01 2.29333500e+03 2.38934100e+02 5.71440500e+03 4.71205100e-01 7.65085400e-01 4.88531200e-01 6.77501800e-01 4.86352600e-01 6.33744100e-01 4.80761400e-01 6.02844700e-01 3.03693100e-01 3.12828600e-01 5.29532900e+01 4.02930000e+02 1.89661400e+03 2.32348500e-01 5.37244800e-01 9.80829000e+00 1.09530000e+01 2.35249700e+03 1.05778800e+01
3.77758300e-03 1.15840200e+03 2.31259000e-02 1.19814300e-01 1.03953800e+00 4.94655200e-02 3.05079400e+00 9.44363700e-01 9.99085500e-01 6.75811800e+01 6.85617200e-01 3.14382800e-01 1.43585400e-01 9.70366900e-02 8.02519100e-01 8.21531200e-01 4.49971200e-01 6.00924700e-01 9.76208300e-01 9.88766100e+01 2.49150200e+00 7.02056900e+00 2.11321200e+00 1.91415800e+00 1.31212500e+03 6.01446300e+03 2.56471500e+03 8.19329900e+02 2.31242000e+02 9.44363700e-01 2.45711400e-01 2.47039000e-01 2.45122300e+00 1.37618100e+01 1.08898100e+03 1.43903600e+02 1.03963700e+00 1.38417100e+01 1.06164900e+03 1.46307900e+02 1.42257800e-01 1.59545300e-01 3.41583600e+03 1.04254600e-02 8.11879700e-01 4.48053700e-01 7.29086100e+01 6.41293300e+02 8.31030600e+01 1.52874300e+03 8.98706500e+01 1.97989600e+03 9.55297400e+01 2.30350700e+03 2.37057400e+02 5.74866400e+03 4.54280300e-01 7.41287900e-01 4.71797300e-01 6.56781900e-01 4.70070500e-01 6.14508700e-01 4.64915100e-01 5.84637600e-01 2.94658200e-01 3.03657600e-01 1.11573400e+01 3.95672700e+02 1.89215900e+03 1.12509900e-01 8.20176000e-01 6.71930400e+00 1.01616000e+01 2.29898900e+03 7.65199000e+00
1.37985300e-02 1.15674800e+03 2.24340300e-02 1.19615900e-01 1.03989000e+00 4.49659100e-02 3.03306500e+00 9.63656900e-01 1.00249100e+00 6.71966600e+01 6.83980700e-01 3.16019300e-01 1.42695000e-01 9.58863000e-02 8.03755300e-01 8.24935500e-01 4.51835800e-01 6.02632000e-01 9.80505400e-01 9.88615400e+01 2.43294700e+00 6.67877200e+00 2.07607700e+00 1.89752100e+00 1.24231500e+03 5.79964700e+03 2.55861000e+03 8.23058800e+02 2.32355300e+02 9.63656900e-01 2.45420400e-01 2.46747000e-01 2.57367100e+00 1.38204100e+01 1.08980600e+03 1.44481600e+02 1.04006200e+00 1.38916300e+01 1.06004700e+03 1.47122700e+02 1.40883500e-01 1.60522700e-01 3.39455400e+03 1.03605300e-02 8.14032300e-01 4.49693700e-01 7.25192400e+01 6.44856600e+02 8.27020800e+01 1.53683900e+03 8.94594600e+01 1.99012200e+03 9.51088300e+01 2.31519300e+03 2.36271800e+02 5.77332200e+03 4.56030700e-01 7.42270000e-01 4.73207900e-01 6.57477900e-01 4.71287300e-01 6.15088100e-01 4.65994200e-01 5.85144600e-01 2.94857100e-01 3.03790200e-01 8.56638700e+00 3.96123200e+02 1.89046100e+03 1.12455000e-01 8.20176000e-01 6.39259300e+00 1.10204900e+01 2.29515000e+03 7.32522400e+00
1.42008400e-02 1.15521800e+03 2.28922000e-02 1.17007500e-01 1.04016500e+00 5.15100400e-02 3.04067700e+00 9.74097400e-01 1.00000300e+00 6.85955800e+01 7.01308700e-01 2.98691300e-01 1.40544800e-01 9.64075300e-02 7.99407900e-01 7.97662300e-01 4.36897600e-01 5.90981700e-01 9.65206700e-01 1.01045200e+02 2.39194000e+00 7.23724400e+00 2.09194100e+00 1.88715800e+00 1.22187500e+03 5.81508700e+03 2.56121900e+03 8.28988600e+02 2.35099700e+02 9.74097400e-01 2.45597400e-01 2.46924600e-01 2.49213900e+00 1.37542500e+01 1.08901900e+03 1.44807900e+02 1.04030200e+00 1.39197800e+01 1.06092500e+03 1.47305600e+02 1.41024500e-01 1.60037900e-01 3.34315400e+03 1.02037100e-02 8.24872100e-01 4.55005700e-01 7.37437000e+01 6.32903600e+02 8.36356400e+01 1.51250800e+03 9.02261600e+01 1.96134000e+03 9.57483700e+01 2.28394600e+03 2.35036500e+02 5.74363400e+03 4.42414700e-01 7.39968700e-01 4.63336600e-01 6.57329400e-01 4.63456100e-01 6.15736200e-01 4.59578200e-01 5.86249500e-01 2.96108400e-01 3.05854400e-01 8.50890800e+00 3.95630600e+02 1.89074500e+03 1.24238500e-02 2.04033800e+00 3.47035300e+00 1.00277800e+01 2.29488400e+03 5.52311400e+00
1.36190100e-02 1.15529000e+03 2.23731800e-02 1.18561800e-01 1.03994900e+00 5.31033900e-02 3.04139200e+00 9.69826800e-01 9.98950500e-01 6.75372300e+01 6.89604200e-01 3.10395800e-01 1.41580200e-01 9.56193200e-02 8.05765200e-01 8.19607200e-01 4.48917400e-01 6.01433300e-01 9.80475700e-01 9.95956000e+01 2.42080500e+00 7.53326400e+00 2.09343600e+00 1.88249800e+00 1.22135300e+03 5.74098900e+03 2.54597300e+03 8.20771300e+02 2.31914400e+02 9.69826800e-01 2.45396800e-01 2.46723300e-01 2.58489100e+00 1.38202400e+01 1.08979200e+03 1.44801200e+02 1.04012900e+00 1.39214600e+01 1.05985600e+03 1.47467700e+02 1.40472200e-01 1.60647800e-01 3.36790300e+03 1.02792200e-02 8.18713700e-01 4.52183500e-01 7.27961800e+01 6.41994600e+02 8.28705900e+01 1.53137700e+03 8.95645600e+01 1.98393500e+03 9.51649200e+01 2.30872000e+03 2.35520500e+02 5.77264400e+03 4.53577800e-01 7.44681000e-01 4.72059500e-01 6.60221600e-01 4.70793500e-01 6.17906800e-01 4.65935100e-01 5.87981900e-01 2.96511500e-01 3.05735800e-01 8.59257800e+00 3.95874600e+02 1.89000900e+03 3.39775600e-02 1.21731700e+00 4.64749900e+00 1.02040100e+01 2.29447600e+03 5.89879400e+00
1.90494900e-03 1.15652800e+03 2.43478100e-02 1.16642700e-01 1.03918500e+00 5.10150900e-02 3.06575600e+00 9.64606700e-01 1.00049300e+00 6.96136500e+01 7.07730200e-01 2.92269800e-01 1.41635700e-01 9.85977800e-02 7.98054200e-01 7.87705200e-01 4.31443900e-01 5.86784100e-01 9.56500400e-01 1.01508800e+02 2.42975100e+00 6.89849900e+00 2.14506800e+00 1.93700100e+00 1.29186700e+03 6.16244600e+03 2.61994800e+03 8.48472800e+02 2.42276000e+02 9.64606700e-01 2.46156900e-01 2.47486200e-01 2.25396500e+00 1.36353400e+01 1.08735000e+03 1.43786300e+02 1.03917100e+00 1.38366300e+01 1.06412900e+03 1.45817400e+02 1.43590200e-01 1.58122900e-01 3.36923100e+03 1.02832700e-02 8.23408600e-01 4.53133800e-01 7.47319400e+01 6.24075400e+02 8.45797100e+01 1.49295600e+03 9.11507300e+01 1.93700800e+03 9.66613400e+01 2.25645600e+03 2.36167600e+02 5.69307100e+03 4.37394400e-01 7.39363900e-01 4.59688900e-01 6.57514800e-01 4.60571200e-01 6.16213200e-01 4.57227300e-01 5.86892500e-01 2.96689900e-01 3.06771800e-01 1.25266000e+01 3.95568400e+02 1.88875800e+03 4.00289600e-02 2.34993600e+00 3.74685900e+00 1.00666400e+01 2.29685300e+03 6.13682400e+00
4.73260100e-03 1.15576800e+03 2.43097500e-02 1.16055600e-01 1.03935400e+00 4.89987800e-02 3.05979100e+00 9.66164700e-01 1.00040500e+00 6.98516800e+01 7.11000200e-01 2.88999800e-01 1.41010500e-01 9.84981800e-02 7.94303500e-01 7.79605000e-01 4.27007300e-01 5.82385900e-01 9.50381700e-01 1.01991500e+02 2.41346700e+00 6.70013400e+00 2.13231000e+00 1.93326100e+00 1.28624700e+03 6.15332600e+03 2.61827300e+03 8.48257700e+02 2.42090800e+02 9.66164700e-01 2.46142900e-01 2.47472200e-01 2.25974800e+00 1.36317800e+01 1.08734000e+03 1.43967000e+02 1.03933600e+00 1.38518200e+01 1.06401400e+03 1.46011500e+02 1.43351100e-01 1.58213000e-01 3.35428500e+03 1.02376700e-02 8.26169700e-01 4.54594900e-01 7.49285900e+01 6.22206900e+02 8.47126700e+01 1.48926500e+03 9.12462000e+01 1.93273800e+03 9.67277700e+01 2.25190900e+03 2.35760900e+02 5.69110400e+03 4.33180500e-01 7.36218200e-01 4.56073500e-01 6.55086100e-01 4.57336400e-01 6.14092600e-01 4.54275600e-01 5.84970100e-01 2.95856800e-01 3.06071500e-01 1.07065600e+01 3.95668000e+02 1.88825200e+03 8.91218300e-02 2.67357500e+00 4.09351300e+00 1.00540300e+01 2.29462600e+03 6.85621000e+00
5.49237000e-03 1.15649100e+03 2.37885000e-02 1.15787100e-01 1.03858800e+00 5.42847800e-02 3.05945200e+00 9.68507000e-01 9.97146100e-01 6.92511000e+01 7.07612300e-01 2.92387700e-01 1.40220800e-01 9.71044300e-02 7.95564200e-01 7.85405800e-01 4.30184500e-01 5.85012300e-01 9.56008800e-01 1.01555200e+02 2.41140700e+00 7.31048600e+00 2.13158800e+00 1.91228300e+00 1.26361400e+03 6.03402700e+03 2.59232600e+03 8.38939100e+02 2.38832000e+02 9.68507000e-01 2.45978100e-01 2.47306700e-01 2.34133300e+00 1.37054600e+01 1.08788500e+03 1.44436500e+02 1.03862900e+00 1.39064500e+01 1.06283200e+03 1.46647700e+02 1.42334600e-01 1.58716900e-01 3.33540900e+03 1.01800700e-02 8.27579800e-01 4.55695000e-01 7.43413600e+01 6.27364900e+02 8.41417700e+01 1.50078900e+03 9.06809600e+01 1.94714700e+03 9.61647600e+01 2.26824700e+03 2.34980800e+02 5.72237900e+03 4.36136600e-01 7.37043500e-01 4.58330900e-01 6.55436500e-01 4.59193600e-01 6.14259400e-01 4.55848400e-01 5.85028200e-01 2.95751000e-01 3.05789500e-01 1.04087900e+01 3.95793800e+02 1.88930800e+03 4.39194300e-02 2.34993600e+00 3.74710500e+00 1.13309400e+01 2.29551100e+03 6.14096100e+00
1.44901200e-02 1.16000900e+03 2.24190500e-02 1.15987500e-01 1.03797100e+00 4.84058800e-02 3.03991100e+00 9.85110500e-01 1.00280600e+00 6.78375200e+01 6.97840500e-01 3.02159500e-01 1.39051700e-01 9.43292000e-02 7.98995200e-01 8.01865700e-01 4.39199900e-01 5.92383900e-01 9.70083700e-01 1.00474200e+02 2.36871200e+00 6.99310300e+00 2.09033700e+00 1.89745500e+00 1.19672600e+03 5.77085200e+03 2.58447000e+03 8.38658300e+02 2.37717900e+02 9.85110500e-01 2.45414700e-01 2.46741300e-01 2.57640100e+00 1.38629500e+01 1.08950600e+03 1.45441000e+02 1.03816100e+00 1.40094900e+01 1.05974200e+03 1.48110100e+02 1.39833700e-01 1.60367300e-01 3.30746200e+03 1.00948100e-02 8.28432000e-01 4.57166100e-01 7.29869600e+01 6.39717300e+02 8.28694800e+01 1.52794600e+03 8.94484400e+01 1.98080300e+03 9.49584600e+01 2.30615300e+03 2.33671800e+02 5.78949600e+03 4.44457300e-01 7.39242800e-01 4.64610100e-01 6.56303800e-01 4.64322500e-01 6.14616700e-01 4.60166700e-01 5.85084900e-01 2.95391500e-01 3.04947700e-01 8.46857600e+00 3.95906000e+02 1.89894100e+03 5.05774300e-05 1.67729600e+00 3.73802700e+00 1.12872800e+01 2.30331600e+03 5.41537400e+00
3.79923700e-08 1.17024000e+03 2.46713300e-02 1.19140400e-01 1.03875400e+00 5.43274000e-02 3.08655600e+00 9.76887000e-01 9.98654600e-01 6.88555900e+01 6.95309000e-01 3.04691000e-01 1.44456800e-01 9.94666000e-02 8.17533900e-01 8.23900800e-01 4.51269100e-01 6.07394200e-01 9.85226600e-01 9.97204800e+01 2.45426200e+00 7.19451900e+00 2.19015200e+00 1.96465400e+00 1.27182900e+03 6.14304500e+03 2.65835300e+03 8.68788500e+02 2.50287300e+02 9.76887000e-01 2.46287800e-01 2.47617600e-01 2.20571400e+00 1.36265000e+01 1.08721000e+03 1.42904000e+02 1.03869600e+00 1.37580300e+01 1.06500600e+03 1.44825500e+02 1.44884100e-01 1.57606100e-01 3.43666700e+03 1.04890200e-02 8.11868300e-01 4.46913900e-01 7.41220600e+01 6.30103100e+02 8.42269600e+01 1.50437200e+03 9.09499800e+01 1.94984100e+03 9.65787800e+01 2.26977600e+03 2.38082300e+02 5.69102800e+03 4.56436100e-01 7.56129800e-01 4.76474200e-01 6.71001200e-01 4.75870300e-01 6.28256700e-01 4.71405900e-01 5.97992300e-01 3.01769500e-01 3.11425500e-01 3.41717600e+01 3.95708800e+02 1.89371700e+03 2.88729100e-02 1.21731700e+00 5.31833900e+00 1.03174000e+01 2.32359700e+03 6.56452900e+00
3.13063800e-09 1.17689700e+03 2.51971500e-02 1.19131000e-01 1.03897100e+00 5.08185200e-02 3.08727900e+00 9.87230000e-01 9.99226400e-01 6.93829300e+01 6.98850100e-01 3.01149900e-01 1.44973300e-01 1.00586700e-01 8.19098600e-01 8.20666900e-01 4.49497800e-01 6.06780900e-01 9.83353900e-01 1.00102500e+02 2.43034000e+00 6.76116900e+00 2.19173600e+00 1.97992100e+00 1.25738300e+03 6.17926500e+03 2.68731800e+03 8.84634300e+02 2.56365800e+02 9.87230000e-01 2.46524400e-01 2.47855000e-01 2.13043200e+00 1.35672900e+01 1.08667200e+03 1.42510300e+02 1.03885900e+00 1.37179600e+01 1.06615100e+03 1.44275300e+02 1.45798300e-01 1.57075300e-01 3.44901300e+03 1.05266900e-02 8.11325800e-01 4.46266200e-01 7.46302200e+01 6.25561000e+02 8.47082600e+01 1.49437100e+03 9.14189000e+01 1.93743300e+03 9.70399300e+01 2.25578700e+03 2.38624500e+02 5.66585400e+03 4.54947000e-01 7.57937600e-01 4.75822600e-01 6.73004400e-01 4.75644000e-01 6.30298600e-01 4.71463700e-01 6.00039100e-01 3.02943600e-01 3.12806300e-01 3.91640600e+01 3.95651800e+02 1.90263200e+03 8.67553200e-03 1.47275900e+00 4.74126100e+00 1.01235400e+01 2.33744700e+03 6.22269600e+00
2.77629500e-03 1.15819200e+03 2.42986900e-02 1.15319300e-01 1.03875300e+00 6.28714500e-02 3.07877300e+00 9.75042800e-01 9.98160000e-01 6.99066200e+01 7.12983300e-01 2.87016700e-01 1.40263200e-01 9.80532400e-02 8.01441700e-01 7.83907600e-01 4.29363900e-01 5.86609000e-01 9.58545700e-01 1.02215800e+02 2.41313300e+00 8.00933800e+00 2.17317200e+00 1.91639400e+00 1.25727600e+03 6.06682500e+03 2.60323900e+03 8.46695500e+02 2.42341400e+02 9.75042800e-01 2.46138900e-01 2.47468100e-01 2.26143400e+00 1.36472300e+01 1.08729300e+03 1.44166000e+02 1.03873800e+00 1.38789600e+01 1.06393800e+03 1.46217700e+02 1.43118600e-01 1.58160100e-01 3.33642200e+03 1.01831700e-02 8.28966900e-01 4.56034400e-01 7.49527000e+01 6.21866200e+02 8.46851600e+01 1.48892600e+03 9.11872800e+01 1.93261500e+03 9.66439600e+01 2.25202800e+03 2.35206800e+02 5.69725400e+03 4.35740800e-01 7.43038200e-01 4.59271500e-01 6.61383700e-01 4.60783300e-01 6.20093000e-01 4.57860400e-01 5.90746600e-01 2.98869000e-01 3.09286100e-01 1.17732800e+01 3.97575300e+02 1.88915400e+03 1.17842800e-01 2.83966800e+00 4.35417100e+00 1.05694700e+01 2.29850300e+03 7.31168300e+00
1.80353000e-04 1.15918700e+03 2.34834900e-02 1.18223600e-01 1.03959600e+00 6.20098100e-02 3.08188700e+00 9.64215400e-01 9.99163100e-01 6.84600800e+01 6.96268700e-01 3.03731300e-01 1.42352300e-01 9.74544700e-02 8.14204600e-01 8.19252300e-01 4.48723000e-01 6.04443800e-01 9.84044800e-01 1.00181300e+02 2.47113800e+00 8.15582300e+00 2.17995000e+00 1.92568600e+00 1.27726200e+03 6.01070900e+03 2.59981400e+03 8.39607100e+02 2.38986800e+02 9.64215400e-01 2.45859100e-01 2.47187300e-01 2.39110300e+00 1.37172700e+01 1.08843300e+03 1.44039300e+02 1.03966100e+00 1.38544500e+01 1.06233600e+03 1.46335400e+02 1.42474300e-01 1.59156400e-01 3.38635900e+03 1.03355300e-02 8.18191200e-01 4.51075800e-01 7.36804500e+01 6.33810700e+02 8.36995100e+01 1.51345500e+03 9.03669000e+01 1.96176500e+03 9.59498200e+01 2.28378000e+03 2.36374200e+02 5.72883500e+03 4.53954800e-01 7.53149600e-01 4.74129400e-01 6.68466600e-01 4.73643700e-01 6.25929700e-01 4.69276800e-01 5.95806200e-01 3.00718500e-01 3.10380000e-01 1.72411900e+01 3.98082200e+02 1.88725100e+03 4.82276700e-03 1.53969800e+00 4.11586200e+00 1.01398400e+01 2.30257400e+03 5.66038300e+00
1.70916100e-05 1.16155200e+03 2.40869200e-02 1.18017400e-01 1.03932300e+00 5.64828700e-02 3.08478600e+00 9.61140100e-01 1.00120700e+00 6.89508100e+01 6.99741200e-01 3.00258800e-01 1.42749500e-01 9.84269000e-02 8.10858900e-01 8.11208600e-01 4.44317300e-01 6.00232100e-01 9.76507600e-01 1.00486400e+02 2.47528800e+00 7.49969500e+00 2.18628000e+00 1.95274400e+00 1.30718000e+03 6.17262400e+03 2.63376400e+03 8.51131000e+02 2.42912200e+02 9.61140100e-01 2.46067500e-01 2.47396500e-01 2.29408100e+00 1.36637800e+01 1.08774300e+03 1.43632300e+02 1.03932400e+00 1.38197800e+01 1.06367100e+03 1.45736300e+02 1.43518700e-01 1.58394600e-01 3.39585400e+03 1.03645000e-02 8.17951200e-01 4.50501500e-01 7.41483100e+01 6.29564500e+02 8.41378000e+01 1.50414300e+03 9.07908200e+01 1.95024000e+03 9.63642300e+01 2.27081200e+03 2.36817600e+02 5.70605100e+03 4.49804200e-01 7.50403300e-01 4.70666400e-01 6.66414900e-01 4.70594700e-01 6.24169600e-01 4.66528600e-01 5.94230800e-01 3.00059900e-01 3.09864600e-01 2.19538500e+01 3.96283700e+02 1.88896900e+03 1.08984100e-04 1.67729600e+00 3.95920400e+00 1.02608900e+01 2.30720600e+03 5.63660900e+00
1.36721600e-04 1.16137800e+03 2.35204800e-02 1.16882900e-01 1.03930800e+00 7.07925300e-02 3.09573200e+00 9.75589400e-01 9.98598300e-01 6.88739000e+01 7.02656100e-01 2.97343900e-01 1.41048500e-01 9.71456000e-02 8.18146300e-01 8.14516500e-01 4.46129100e-01 6.04151400e-01 9.85833700e-01 1.01001800e+02 2.45242200e+00 8.93402100e+00 2.21034000e+00 1.91853400e+00 1.24955000e+03 5.96162500e+03 2.60236300e+03 8.44796100e+02 2.41238000e+02 9.75589400e-01 2.45873800e-01 2.47202100e-01 2.38498600e+00 1.37159900e+01 1.08827700e+03 1.44357500e+02 1.03937800e+00 1.38888400e+01 1.06233600e+03 1.46647400e+02 1.42159100e-01 1.59114300e-01 3.35519400e+03 1.02404400e-02 8.23744100e-01 4.53925100e-01 7.40203800e+01 6.30441000e+02 8.39129400e+01 1.50694800e+03 9.05059400e+01 1.95434500e+03 9.60312200e+01 2.27597800e+03 2.35502400e+02 5.72747400e+03 4.51874800e-01 7.57451900e-01 4.73589600e-01 6.73013400e-01 4.73874900e-01 6.30492000e-01 4.70018600e-01 6.00338500e-01 3.03279400e-01 3.13326800e-01 1.77951300e+01 4.01663900e+02 1.88731400e+03 9.71792200e-03 2.04033800e+00 3.59031900e+00 1.03421200e+01 2.30677300e+03 5.64037500e+00
9.93127900e-04 1.15949400e+03 2.32168500e-02 1.17876300e-01 1.03895900e+00 6.38997700e-02 3.08024300e+00 9.54170700e-01 1.00004400e+00 6.81451400e+01 6.94777000e-01 3.05223000e-01 1.41738200e-01 9.65877300e-02 8.09812900e-01 8.16831900e-01 4.47397300e-01 6.01920400e-01 9.80996100e-01 9.99804200e+01 2.48982100e+00 8.38775600e+00 2.17637000e+00 1.91527000e+00 1.29702500e+03 6.02046400e+03 2.57831000e+03 8.26972100e+02 2.34168400e+02 9.54170700e-01 2.45753000e-01 2.47080800e-01 2.43584600e+00 1.37615200e+01 1.08871300e+03 1.44332600e+02 1.03905600e+00 1.38907500e+01 1.06172600e+03 1.46716900e+02 1.41881000e-01 1.59404200e-01 3.37168200e+03 1.02907500e-02 8.19604400e-01 4.51992100e-01 7.33684000e+01 6.36612700e+02 8.33841900e+01 1.51979000e+03 9.00471400e+01 1.96974300e+03 9.56252800e+01 2.29287700e+03 2.35816700e+02 5.74750100e+03 4.52474000e-01 7.48940100e-01 4.72211900e-01 6.64568000e-01 4.71554400e-01 6.22211700e-01 4.67091500e-01 5.92225200e-01 2.98856100e-01 3.08388100e-01 1.38293000e+01 3.99391000e+02 1.88993400e+03 1.20897800e-02 1.40705700e+00 4.38638600e+00 1.00280800e+01 2.30315500e+03 5.80553300e+00
1.42071900e-03 1.15884900e+03 2.29479700e-02 1.18351600e-01 1.04022100e+00 5.58376900e-02 3.06874700e+00 9.61941400e-01 1.00102400e+00 6.81781000e+01 6.94627900e-01 3.05372100e-01 1.41944700e-01 9.67751900e-02 8.11486800e-01 8.18720200e-01 4.48431500e-01 6.03238100e-01 9.82786100e-01 1.00144400e+02 2.46294400e+00 7.67974900e+00 2.15149300e+00 1.92415400e+00 1.27614700e+03 5.96788400e+03 2.59644000e+03 8.35638000e+02 2.36725100e+02 9.61941400e-01 2.45624100e-01 2.46951400e-01 2.48214100e+00 1.37528800e+01 1.08907100e+03 1.44415400e+02 1.04035100e+00 1.38814200e+01 1.06115300e+03 1.46886500e+02 1.41512100e-01 1.59927300e-01 3.37661700e+03 1.03058000e-02 8.18957400e-01 4.51887100e-01 7.34074700e+01 6.36283800e+02 8.34322700e+01 1.51897200e+03 9.01010000e+01 1.96866000e+03 9.56838800e+01 2.29159900e+03 2.35983700e+02 5.74391000e+03 4.53498800e-01 7.50474100e-01 4.73246300e-01 6.65913800e-01 4.72570900e-01 6.23465200e-01 4.68087400e-01 5.93414300e-01 2.99448700e-01 3.08994500e-01 1.31131800e+01 3.96329400e+02 1.89255900e+03 5.28002800e-03 1.53969800e+00 3.95678400e+00 1.01956200e+01 2.30200100e+03 5.50176300e+00
7.04781500e-03 1.15431000e+03 2.35922000e-02 1.16766800e-01 1.03926200e+00 5.16849500e-02 3.05498900e+00 9.75085900e-01 9.99124800e-01 6.89581300e+01 7.03475200e-01 2.96524800e-01 1.41004200e-01 9.72338500e-02 8.00737500e-01 7.96086200e-01 4.36034400e-01 5.90888400e-01 9.64267300e-01 1.01092500e+02 2.40235400e+00 7.10907000e+00 2.12209600e+00 1.91369200e+00 1.24203600e+03 5.95861100e+03 2.59751800e+03 8.43586500e+02 2.40525500e+02 9.75085900e-01 2.45903000e-01 2.47231400e-01 2.37319100e+00 1.37099000e+01 1.08818800e+03 1.44332500e+02 1.03931400e+00 1.38872800e+01 1.06248900e+03 1.46599800e+02 1.42258500e-01 1.59021000e-01 3.35413500e+03 1.02372100e-02 8.24096600e-01 4.54053000e-01 7.40960700e+01 6.29739000e+02 8.39767900e+01 1.50546600e+03 9.05631500e+01 1.95255200e+03 9.60834500e+01 2.27399600e+03 2.35492900e+02 5.72481800e+03 4.41723900e-01 7.41416100e-01 4.63154200e-01 6.58856100e-01 4.63529300e-01 6.17267200e-01 4.59821200e-01 5.87769900e-01 2.96961300e-01 3.06840100e-01 9.91007500e+00 3.95600700e+02 1.88723400e+03 1.35604100e-02 2.11648900e+00 3.59442500e+00 1.01503300e+01 2.29274400e+03 5.72447400e+00
1.26225100e-03 1.15700000e+03 2.35391700e-02 1.16969100e-01 1.03877000e+00 5.05593700e-02 3.06006700e+00 9.78304800e-01 9.99563600e-01 6.86761500e+01 7.00718800e-01 2.99281200e-01 1.41153400e-01 9.69387100e-02 8.04317500e-01 8.03353300e-01 4.40014800e-01 5.94904700e-01 9.70564800e-01 1.00682700e+02 2.40583000e+00 7.00836200e+00 2.13290000e+00 1.92777000e+00 1.24080700e+03 5.97426100e+03 2.61792500e+03 8.51513100e+02 2.43063300e+02 9.78304800e-01 2.45881300e-01 2.47209600e-01 2.38190500e+00 1.37307800e+01 1.08826400e+03 1.44320800e+02 1.03882900e+00 1.38926400e+01 1.06237400e+03 1.46605100e+02 1.42218600e-01 1.59004200e-01 3.35770200e+03 1.02480900e-02 8.22904100e-01 4.53461300e-01 7.38378400e+01 6.32140600e+02 8.37589000e+01 1.51053700e+03 9.03678600e+01 1.95868600e+03 9.59050900e+01 2.28077600e+03 2.35524000e+02 5.73391000e+03 4.45532700e-01 7.44450900e-01 4.66447200e-01 6.61241700e-01 4.66494400e-01 6.19371900e-01 4.62542400e-01 5.89692900e-01 2.97818900e-01 3.07593500e-01 1.33497200e+01 3.95680200e+02 1.88934200e+03 9.84014900e-04 1.81943000e+00 3.75030800e+00 1.00582500e+01 2.29837100e+03 5.57072200e+00
6.53734700e-03 1.15556600e+03 2.30901800e-02 1.19333500e-01 1.04041100e+00 4.62547300e-02 3.04594300e+00 9.61562100e-01 1.00041700e+00 6.80133100e+01 6.90716100e-01 3.09283900e-01 1.43068800e-01 9.73058500e-02 8.05096300e-01 8.17458700e-01 4.47740600e-01 6.00395100e-01 9.76227100e-01 9.96209900e+01 2.44379800e+00 6.68792700e+00 2.10298500e+00 1.91716600e+00 1.26783700e+03 5.93603400e+03 2.58487400e+03 8.33102900e+02 2.36193800e+02 9.61562100e-01 2.45694200e-01 2.47021800e-01 2.45732000e+00 1.37371900e+01 1.08898400e+03 1.44053900e+02 1.04052100e+00 1.38444000e+01 1.06153500e+03 1.46472800e+02 1.42055800e-01 1.59741100e-01 3.40348900e+03 1.03877900e-02 8.14665800e-01 4.49552000e-01 7.32932500e+01 6.37558700e+02 8.34064400e+01 1.52106900e+03 9.01279200e+01 1.97075900e+03 9.57521100e+01 2.29353300e+03 2.36790200e+02 5.73781300e+03 4.52462300e-01 7.44173300e-01 4.71179500e-01 6.59892300e-01 4.70046900e-01 6.17648500e-01 4.65282800e-01 5.87766900e-01 2.96436700e-01 3.05713400e-01 1.00604500e+01 3.95894900e+02 1.88911000e+03 3.25969600e-02 1.21731700e+00 4.76067700e+00 1.00555700e+01 2.29506500e+03 6.01059200e+00
4.11831600e-03 1.16089900e+03 2.34664600e-02 1.16724000e-01 1.03994800e+00 4.59295200e-02 3.04552700e+00 9.72648500e-01 9.95433600e-01 6.91009500e+01 7.05052800e-01 2.94947200e-01 1.40835600e-01 9.73187200e-02 7.97202800e-01 7.90460800e-01 4.32953200e-01 5.87496000e-01 9.59018100e-01 1.01405900e+02 2.39434200e+00 6.55059800e+00 2.10211000e+00 1.91761600e+00 1.24917100e+03 5.97442400e+03 2.60201000e+03 8.43591900e+02 2.40039900e+02 9.72648500e-01 2.45852500e-01 2.47180700e-01 2.39392700e+00 1.37016200e+01 1.08832800e+03 1.44440000e+02 1.04002400e+00 1.38881400e+01 1.06218300e+03 1.46750400e+02 1.42016000e-01 1.59282600e-01 3.35010500e+03 1.02249100e-02 8.25036600e-01 4.54652800e-01 7.42265000e+01 6.28517100e+02 8.40807900e+01 1.50293300e+03 9.06520200e+01 1.94952400e+03 9.61608200e+01 2.27068100e+03 2.35407200e+02 5.72113400e+03 4.38711300e-01 7.38305400e-01 4.60398800e-01 6.56272500e-01 4.60962800e-01 6.14922500e-01 4.57402700e-01 5.85584600e-01 2.95923300e-01 3.05845800e-01 1.09846200e+01 3.96084000e+02 1.89544000e+03 3.37085000e-02 2.27128100e+00 3.62001800e+00 1.33640500e+01 2.30250900e+03 5.92500800e+00
2.55299800e-03 1.15518100e+03 2.35880000e-02 1.17343100e-01 1.03962200e+00 5.46514900e-02 3.06665100e+00 9.68290200e-01 1.00062700e+00 6.88702400e+01 7.01511800e-01 2.98488200e-01 1.41576200e-01 9.75038800e-02 8.05745800e-01 8.03713000e-01 4.40211700e-01 5.95565900e-01 9.70917300e-01 1.00861600e+02 2.43468000e+00 7.41119400e+00 2.14698800e+00 1.92468600e+00 1.26677700e+03 6.01631900e+03 2.60513000e+03 8.43207700e+02 2.40130000e+02 9.68290200e-01 2.45901300e-01 2.47229600e-01 2.37388000e+00 1.37021400e+01 1.08824100e+03 1.44186500e+02 1.03967600e+00 1.38684100e+01 1.06252700e+03 1.46451600e+02 1.42416000e-01 1.59061300e-01 3.36780900e+03 1.02789300e-02 8.21868700e-01 4.52909000e-01 7.40344100e+01 6.30404500e+02 8.39601100e+01 1.50658200e+03 9.05734200e+01 1.95368700e+03 9.61148700e+01 2.27506000e+03 2.35903200e+02 5.72184200e+03 4.45788800e-01 7.45853700e-01 4.66918000e-01 6.62577200e-01 4.67060800e-01 6.20660200e-01 4.63167600e-01 5.90942700e-01 2.98480100e-01 3.08315900e-01 1.19409700e+01 3.95883100e+02 1.88686300e+03 4.85702500e-03 1.96545900e+00 3.61367100e+00 1.00906900e+01 2.29468700e+03 5.58398700e+00
1.21718500e-04 1.16127800e+03 2.36024500e-02 1.18648900e-01 1.03967400e+00 6.02691600e-02 3.08683600e+00 9.54625000e-01 1.00337400e+00 6.84381100e+01 6.94911800e-01 3.05088200e-01 1.42896400e-01 9.77956300e-02 8.14306000e-01 8.21182500e-01 4.49780200e-01 6.05193100e-01 9.84325200e-01 9.99839400e+01 2.50002400e+00 7.97271700e+00 2.19076500e+00 1.94198900e+00 1.31372700e+03 6.11613800e+03 2.61251500e+03 8.39995100e+02 2.38693600e+02 9.54625000e-01 2.45907200e-01 2.47235600e-01 2.37151300e+00 1.37047800e+01 1.08833200e+03 1.43839500e+02 1.03972600e+00 1.38343600e+01 1.06264100e+03 1.46093900e+02 1.42814100e-01 1.59008300e-01 3.39936800e+03 1.03752200e-02 8.16245100e-01 4.49979200e-01 7.36770100e+01 6.33939500e+02 8.37324700e+01 1.51343000e+03 9.04219500e+01 1.96151500e+03 9.60223600e+01 2.28331100e+03 2.36780400e+02 5.72378300e+03 4.54917900e-01 7.53103400e-01 4.74784300e-01 6.68270800e-01 4.74133500e-01 6.25681800e-01 4.69652900e-01 5.95530100e-01 3.00519600e-01 3.10112200e-01 1.80276000e+01 3.97734200e+02 1.88911400e+03 1.23177600e-02 1.40705700e+00 4.41155200e+00 1.18489600e+01 2.30487500e+03 5.83092600e+00
6.35104800e-06 1.16584000e+03 2.50430400e-02 1.16815300e-01 1.03969000e+00 4.92768800e-02 3.08463600e+00 9.61530300e-01 1.00256100e+00 7.03167700e+01 7.11791000e-01 2.88209000e-01 1.42503500e-01 1.00203800e-01 8.02670800e-01 7.86738800e-01 4.30914600e-01 5.88117800e-01 9.57211700e-01 1.01982400e+02 2.45449200e+00 6.61163300e+00 2.18595200e+00 1.98079400e+00 1.33480200e+03 6.37957300e+03 2.67447300e+03 8.66696900e+02 2.48378400e+02 9.61530300e-01 2.46458600e-01 2.47789000e-01 2.15219900e+00 1.35516700e+01 1.08664400e+03 1.43212700e+02 1.03960300e+00 1.37757100e+01 1.06565500e+03 1.45032800e+02 1.44858400e-01 1.57431700e-01 3.38997400e+03 1.03465500e-02 8.21991100e-01 4.51905600e-01 7.54173400e+01 6.18116400e+02 8.52422900e+01 1.47967200e+03 9.18044000e+01 1.92041900e+03 9.73105500e+01 2.23766400e+03 2.37034400e+02 5.65752300e+03 4.37179100e-01 7.44056400e-01 4.60490900e-01 6.62153200e-01 4.61865100e-01 6.20756300e-01 4.58840200e-01 5.91342000e-01 2.99104500e-01 3.09477500e-01 2.39337800e+01 3.95637900e+02 1.89417600e+03 8.74333100e-02 2.67357500e+00 4.09499500e+00 1.10769800e+01 2.31374700e+03 6.85600400e+00
3.60908700e-08 1.17166700e+03 2.51994100e-02 1.17527600e-01 1.03964900e+00 5.52228800e-02 3.10187000e+00 9.60840100e-01 1.00279900e+00 7.01849400e+01 7.08943700e-01 2.91056300e-01 1.43372200e-01 1.00625700e-01 8.11335900e-01 7.99150500e-01 4.37712700e-01 5.95929600e-01 9.68453400e-01 1.01546800e+02 2.48326700e+00 7.16095000e+00 2.22394900e+00 1.99140200e+00 1.34474400e+03 6.41340200e+03 2.68498900e+03 8.70416600e+02 2.49927200e+02 9.60840100e-01 2.46525300e-01 2.47855900e-01 2.13011500e+00 1.35405100e+01 1.08654400e+03 1.42913000e+02 1.03953900e+00 1.37477300e+01 1.06603600e+03 1.44684700e+02 1.45336100e-01 1.57233500e-01 3.41073900e+03 1.04099100e-02 8.18650800e-01 4.50066600e-01 7.53199200e+01 6.19120400e+02 8.52125700e+01 1.48138300e+03 9.18153600e+01 1.92218000e+03 9.73534800e+01 2.23933600e+03 2.37651300e+02 5.65329100e+03 4.43867500e-01 7.51788300e-01 4.66790900e-01 6.68696900e-01 4.67829000e-01 6.26748600e-01 4.64527400e-01 5.96961400e-01 3.01818700e-01 3.12138700e-01 3.42744500e+01 3.95878400e+02 1.89570400e+03 4.16675900e-02 2.34993600e+00 3.80429100e+00 1.12813600e+01 2.32585700e+03 6.19589500e+00
2.66025600e-04 1.15949800e+03 2.33092000e-02 1.18518800e-01 1.03944900e+00 4.57135100e-02 3.05817800e+00 9.76922500e-01 1.00152500e+00 6.81597900e+01 6.93326300e-01 3.06673700e-01 1.42473100e-01 9.71093900e-02 8.10176100e-01 8.19137900e-01 4.48660300e-01 6.02904500e-01 9.81330500e-01 9.98191800e+01 2.42140000e+00 6.57806400e+00 2.12887300e+00 1.94286900e+00 1.24672300e+03 5.96882100e+03 2.63328600e+03 8.55986700e+02 2.44185800e+02 9.76922500e-01 2.45791600e-01 2.47119500e-01 2.42027500e+00 1.37403000e+01 1.08865700e+03 1.44096400e+02 1.03953800e+00 1.38615800e+01 1.06195400e+03 1.46448800e+02 1.42234200e-01 1.59343100e-01 3.38924900e+03 1.03443400e-02 8.17073800e-01 4.50620000e-01 7.34080800e+01 6.36373200e+02 8.34678600e+01 1.51886800e+03 9.01578400e+01 1.96831900e+03 9.57575600e+01 2.29103100e+03 2.36380000e+02 5.73881100e+03 4.53622200e-01 7.49130100e-01 4.73043300e-01 6.64575500e-01 4.72212900e-01 6.22151600e-01 4.67630000e-01 5.92126400e-01 2.98742800e-01 3.08207900e-01 1.64638400e+01 3.96156400e+02 1.89000700e+03 2.03023500e-02 1.34256300e+00 4.60481500e+00 1.03998800e+01 2.30262800e+03 5.96768100e+00
4.64346800e-06 1.16445700e+03 2.38613800e-02 1.17433700e-01 1.03835200e+00 6.72921700e-02 3.09998300e+00 9.74288500e-01 1.00082200e+00 6.86395300e+01 6.98729400e-01 3.01270600e-01 1.41940200e-01 9.74270700e-02 8.19133300e-01 8.20866100e-01 4.49606900e-01 6.06867400e-01 9.88706600e-01 1.00304000e+02 2.46595900e+00 8.54339600e+00 2.21975800e+00 1.94024500e+00 1.26598000e+03 6.05265500e+03 2.62790700e+03 8.53903000e+02 2.44457600e+02 9.74288500e-01 2.46001400e-01 2.47330100e-01 2.32966000e+00 1.37124800e+01 1.08794200e+03 1.43954200e+02 1.03838900e+00 1.38632300e+01 1.06313700e+03 1.46131500e+02 1.42941100e-01 1.58536200e-01 3.37650900e+03 1.03054700e-02 8.20058000e-01 4.51735100e-01 7.38338100e+01 6.32316700e+02 8.38073300e+01 1.51048200e+03 9.04482100e+01 1.95830300e+03 9.60107300e+01 2.28007200e+03 2.36113300e+02 5.72652400e+03 4.55056500e-01 7.57961400e-01 4.75911900e-01 6.73017200e-01 4.75721600e-01 6.30307600e-01 4.71532900e-01 6.00046000e-01 3.02963100e-01 3.12812200e-01 2.45601000e+01 3.99886900e+02 1.88852800e+03 2.26150500e-03 1.60798500e+00 4.19232100e+00 1.01358200e+01 2.31297500e+03 5.80256800e+00
2.58686800e-03 1.15913400e+03 2.46056700e-02 1.14917000e-01 1.03878100e+00 4.78054800e-02 3.05577300e+00 9.80571600e-01 9.96427200e-01 7.03204300e+01 7.16544200e-01 2.83455800e-01 1.40167800e-01 9.85666400e-02 7.91166700e-01 7.69041900e-01 4.21221600e-01 5.77283800e-01 9.43468100e-01 1.02663200e+02 2.36857300e+00 6.51397700e+00 2.12375900e+00 1.93010900e+00 1.25050000e+03 6.11607000e+03 2.62803100e+03 8.58229700e+02 2.46158700e+02 9.80571600e-01 2.46259700e-01 2.47589300e-01 2.21537600e+00 1.36138800e+01 1.08693800e+03 1.44034900e+02 1.03873000e+00 1.38664300e+01 1.06458700e+03 1.45993400e+02 1.43543300e-01 1.57834600e-01 3.33414400e+03 1.01762100e-02 8.30282900e-01 4.56485600e-01 7.53366400e+01 6.18443500e+02 8.50189600e+01 1.48159200e+03 9.14931200e+01 1.92366900e+03 9.69289900e+01 2.24207900e+03 2.35257700e+02 5.68275700e+03 4.27746900e-01 7.33876700e-01 4.51743400e-01 6.53640000e-01 4.53660800e-01 6.13006900e-01 4.51072100e-01 5.84104900e-01 2.95659700e-01 3.06151700e-01 1.19146100e+01 3.95978000e+02 1.88988900e+03 1.88822800e-01 3.17908700e+00 5.04939900e+00 1.20701600e+01 2.29778100e+03 8.41730900e+00
1.05974900e-03 1.16301800e+03 2.41086400e-02 1.18356300e-01 1.03808200e+00 5.30200100e-02 3.06240400e+00 9.42425100e-01 9.97741900e-01 6.84271200e+01 6.94357600e-01 3.05642400e-01 1.43110100e-01 9.79261000e-02 7.96206700e-01 8.03659300e-01 4.40182300e-01 5.92010200e-01 9.62524200e-01 9.96465500e+01 2.49248600e+00 7.16095000e+00 2.13788800e+00 1.92279200e+00 1.33635800e+03 6.17985900e+03 2.57715900e+03 8.24831000e+02 2.33929600e+02 9.42425100e-01 2.46074300e-01 2.47403300e-01 2.29069900e+00 1.36999000e+01 1.08774700e+03 1.43529100e+02 1.03808000e+00 1.38264000e+01 1.06374700e+03 1.45624300e+02 1.43655400e-01 1.58168000e-01 3.40447400e+03 1.03908000e-02 8.15490300e-01 4.49178200e-01 7.36754900e+01 6.33991700e+02 8.37452500e+01 1.51342400e+03 9.04434100e+01 1.96142100e+03 9.60507000e+01 2.28313200e+03 2.36939600e+02 5.72181300e+03 4.45154300e-01 7.36310400e-01 4.64459200e-01 6.53309800e-01 4.63759200e-01 6.11649400e-01 4.59334600e-01 5.82158500e-01 2.93748100e-01 3.03101200e-01 1.36994500e+01 3.95878900e+02 1.89896500e+03 3.40496500e-02 1.21731700e+00 5.39803600e+00 1.08436300e+01 2.30854300e+03 6.64940300e+00
1.63716100e-02 1.16236600e+03 2.40176800e-02 1.15579300e-01 1.03952800e+00 5.20281800e-02 3.03828000e+00 9.59990000e-01 9.90867800e-01 6.98370400e+01 7.12454300e-01 2.87545700e-01 1.40242100e-01 9.79409300e-02 7.83607100e-01 7.67169100e-01 4.20195800e-01 5.73819200e-01 9.37681700e-01 1.02278800e+02 2.39675100e+00 7.04498300e+00 2.08693100e+00 1.88068900e+00 1.26816000e+03 6.00817800e+03 2.54505200e+03 8.20827800e+02 2.33101900e+02 9.59990000e-01 2.46046500e-01 2.47375400e-01 2.30491400e+00 1.36537400e+01 1.08761600e+03 1.44314400e+02 1.03954000e+00 1.38825300e+01 1.06332800e+03 1.46453600e+02 1.42689900e-01 1.58594400e-01 3.33591900e+03 1.01816300e-02 8.28879000e-01 4.56219900e-01 7.48882200e+01 6.22438700e+02 8.46267100e+01 1.49017100e+03 9.11320600e+01 1.93414700e+03 9.65910600e+01 2.25374400e+03 2.35170400e+02 5.70005100e+03 4.26387800e-01 7.26450700e-01 4.49283900e-01 6.46560200e-01 4.50700900e-01 6.06170000e-01 4.47800500e-01 5.77467000e-01 2.92127300e-01 3.02284300e-01 8.22441300e+00 3.95610600e+02 1.89001100e+03 1.28849800e-01 2.92364600e+00 4.46341200e+00 2.33712300e+01 2.29384600e+03 7.51590800e+00
1.04317100e-02 1.15574000e+03 2.35484000e-02 1.17861700e-01 1.03889700e+00 4.93257500e-02 3.04747700e+00 9.68101200e-01 9.99778000e-01 6.84088100e+01 6.96447900e-01 3.03552100e-01 1.42055300e-01 9.71783300e-02 7.99362700e-01 8.04081100e-01 4.40413400e-01 5.93338000e-01 9.66468800e-01 1.00123300e+02 2.41906000e+00 6.89544700e+00 2.10621500e+00 1.90835400e+00 1.25231200e+03 5.94965000e+03 2.58144200e+03 8.35736100e+02 2.37866500e+02 9.68101200e-01 2.45885100e-01 2.47213400e-01 2.38038400e+00 1.37300300e+01 1.08833100e+03 1.44082800e+02 1.03895200e+00 1.38680800e+01 1.06245000e+03 1.46360300e+02 1.42492100e-01 1.58980100e-01 3.37926100e+03 1.03138700e-02 8.19103800e-01 4.51484400e-01 7.36200500e+01 6.34319400e+02 8.36266800e+01 1.51470700e+03 9.02860500e+01 1.96341300e+03 9.58623600e+01 2.28572000e+03 2.36132900e+02 5.73414400e+03 4.45578700e-01 7.39436600e-01 4.65420400e-01 6.56313200e-01 4.64962300e-01 6.14557100e-01 4.60687700e-01 5.84985500e-01 2.95264100e-01 3.04757800e-01 9.12581000e+00 3.95659300e+02 1.89089000e+03 6.97788100e-03 1.47275900e+00 4.28937400e+00 1.00356600e+01 2.29567500e+03 5.76911100e+00
1.25000800e-10 1.17690200e+03 2.44622500e-02 1.19192700e-01 1.03950300e+00 6.99905800e-02 3.11869900e+00 9.71206300e-01 9.99194200e-01 6.89141800e+01 6.96157000e-01 3.03843000e-01 1.44300100e-01 9.94432200e-02 8.30715200e-01 8.36019100e-01 4.57906500e-01 6.16757600e-01 1.00068600e+00 9.99488600e+01 2.50559000e+00 8.68377700e+00 2.26169300e+00 1.96625800e+00 1.29281400e+03 6.16065300e+03 2.65507100e+03 8.64213000e+02 2.48591500e+02 9.71206300e-01 2.46200900e-01 2.47530300e-01 2.23671100e+00 1.36255400e+01 1.08743300e+03 1.43048800e+02 1.03946700e+00 1.37617400e+01 1.06454800e+03 1.45033800e+02 1.44528200e-01 1.57951600e-01 3.43292000e+03 1.04775900e-02 8.12535000e-01 4.47427600e-01 7.41709900e+01 6.29626800e+02 8.42597300e+01 1.50343800e+03 9.09733000e+01 1.94876300e+03 9.65948200e+01 2.26863000e+03 2.37981000e+02 5.69052600e+03 4.63225500e-01 7.68408600e-01 4.83781400e-01 6.81994500e-01 4.83271300e-01 6.38590000e-01 4.78805900e-01 6.07852900e-01 3.06782800e-01 3.16637800e-01 4.56054000e+01 4.01452900e+02 1.89053700e+03 1.46432900e-02 1.34256300e+00 4.72058200e+00 1.01316800e+01 2.33759600e+03 6.07778800e+00
7.43005700e-03 1.15741900e+03 2.27661900e-02 1.17294700e-01 1.03972200e+00 6.76807100e-02 3.07766200e+00 9.72712300e-01 1.00134100e+00 6.82366900e+01 6.97812300e-01 3.02187700e-01 1.40706100e-01 9.60131600e-02 8.15067000e-01 8.18033500e-01 4.48055400e-01 6.04313800e-01 9.86698100e-01 1.00559600e+02 2.44443800e+00 8.84246800e+00 2.17076000e+00 1.89594200e+00 1.23432400e+03 5.83180000e+03 2.56913900e+03 8.30193000e+02 2.35559600e+02 9.72712300e-01 2.45542100e-01 2.46869100e-01 2.51490700e+00 1.37814400e+01 1.08919400e+03 1.44829900e+02 1.03987400e+00 1.39276300e+01 1.06065800e+03 1.47368800e+02 1.40867200e-01 1.60126300e-01 3.34700900e+03 1.02154700e-02 8.23458000e-01 4.54354200e-01 7.34179700e+01 6.35962900e+02 8.33592900e+01 1.51897500e+03 8.99773500e+01 1.96917100e+03 9.55201200e+01 2.29260800e+03 2.35056000e+02 5.75544800e+03 4.53400200e-01 7.54109000e-01 4.73952500e-01 6.69497500e-01 4.73656200e-01 6.26970200e-01 4.69414900e-01 5.96843300e-01 3.01317700e-01 3.11067700e-01 9.80444300e+00 4.00420700e+02 1.88894400e+03 1.52390500e-04 1.74777200e+00 3.60513100e+00 1.03155100e+01 2.29916900e+03 5.35305500e+00
2.00383300e-03 1.15990600e+03 2.25667000e-02 1.18133300e-01 1.03910900e+00 7.04555900e-02 3.08001600e+00 9.74079200e-01 9.98403300e-01 6.75665300e+01 6.90388000e-01 3.09612000e-01 1.41345200e-01 9.55020300e-02 8.19679300e-01 8.32707000e-01 4.56092400e-01 6.11432300e-01 9.97190500e-01 9.95722000e+01 2.45620900e+00 9.16595500e+00 2.17587600e+00 1.88989300e+00 1.22319200e+03 5.76793600e+03 2.55862800e+03 8.26977600e+02 2.34646500e+02 9.74079200e-01 2.45468100e-01 2.46794900e-01 2.55021100e+00 1.38240600e+01 1.08951300e+03 1.44764300e+02 1.03926800e+00 1.39294600e+01 1.06023800e+03 1.47369100e+02 1.40724100e-01 1.60268100e-01 3.36228600e+03 1.02620800e-02 8.19610400e-01 4.52485100e-01 7.28149500e+01 6.41772200e+02 8.28713800e+01 1.53103600e+03 8.95546100e+01 1.98361700e+03 9.51465400e+01 2.30845200e+03 2.35349600e+02 5.77415200e+03 4.60899100e-01 7.57619500e-01 4.79878300e-01 6.71779600e-01 4.78684400e-01 6.28760100e-01 4.73806100e-01 5.98332000e-01 3.01765600e-01 3.11186300e-01 1.24253900e+01 4.02121500e+02 1.88876600e+03 3.66301600e-02 1.15641700e+00 4.86990000e+00 1.04356900e+01 2.30331300e+03 6.06294700e+00
1.26574600e-02 1.15635800e+03 2.26514800e-02 1.17075300e-01 1.04006900e+00 6.10447100e-02 3.06140600e+00 9.70485200e-01 9.98977600e-01 6.83392300e+01 6.99433900e-01 3.00566100e-01 1.40371900e-01 9.59291000e-02 8.07814500e-01 8.08576300e-01 4.42875500e-01 5.98131500e-01 9.77184500e-01 1.00837300e+02 2.42673800e+00 8.23516800e+00 2.13575500e+00 1.89029100e+00 1.23420700e+03 5.82231800e+03 2.56131600e+03 8.26222100e+02 2.33858000e+02 9.70485200e-01 2.45498400e-01 2.46825300e-01 2.53537000e+00 1.37819200e+01 1.08931500e+03 1.44975500e+02 1.04022400e+00 1.39369500e+01 1.06039000e+03 1.47554000e+02 1.40586700e-01 1.60338500e-01 3.33902200e+03 1.01911000e-02 8.24875400e-01 4.55187500e-01 7.34969100e+01 6.35165900e+02 8.34066500e+01 1.51745400e+03 9.00061000e+01 1.96745000e+03 9.55344300e+01 2.29081200e+03 2.34828900e+02 5.75544500e+03 4.48325500e-01 7.47558400e-01 4.69046400e-01 6.63858800e-01 4.68940900e-01 6.21763500e-01 4.64866500e-01 5.91932800e-01 2.98903800e-01 3.08650000e-01 8.73901600e+00 3.97664500e+02 1.89068700e+03 4.74284800e-03 1.96545900e+00 3.46012000e+00 1.01950300e+01 2.29709100e+03 5.43032200e+00
5.18823600e-03 1.15580100e+03 2.33909600e-02 1.17606500e-01 1.04039300e+00 4.90994600e-02 3.05701200e+00 9.66689100e-01 1.00145300e+00 6.88739000e+01 7.01403600e-01 2.98596400e-01 1.41642600e-01 9.75548000e-02 8.03838400e-01 8.01955800e-01 4.39249300e-01 5.94210000e-01 9.68593200e-01 1.00966900e+02 2.42804100e+00 6.90155000e+00 2.12639200e+00 1.92750800e+00 1.26953900e+03 6.00983800e+03 2.60791300e+03 8.42929600e+02 2.39583000e+02 9.66689100e-01 2.45823600e-01 2.47151600e-01 2.40652600e+00 1.36999200e+01 1.08848700e+03 1.44269300e+02 1.04047800e+00 1.38656800e+01 1.06210700e+03 1.46596700e+02 1.42127000e-01 1.59416000e-01 3.36939600e+03 1.02837700e-02 8.21643400e-01 4.52958200e-01 7.40412900e+01 6.30353000e+02 8.39705600e+01 1.50643500e+03 9.05860900e+01 1.95348100e+03 9.61293300e+01 2.27480700e+03 2.35955200e+02 5.72092800e+03 4.44797500e-01 7.44078100e-01 4.65854900e-01 6.60988900e-01 4.65985700e-01 6.19167700e-01 4.62093700e-01 5.89518800e-01 2.97755800e-01 3.07563800e-01 1.05227200e+01 3.95679200e+02 1.88946700e+03 8.79641300e-03 2.04033800e+00 3.51811100e+00 1.03655700e+01 2.29566900e+03 5.56724500e+00
5.32703300e-03 1.15495400e+03 2.31410700e-02 1.18265800e-01 1.03943900e+00 4.52668200e-02 3.04744900e+00 9.69717900e-01 1.00179300e+00 6.81085200e+01 6.93772300e-01 3.06227700e-01 1.42052000e-01 9.67495100e-02 8.03456800e-01 8.11753400e-01 4.44615700e-01 5.97686800e-01 9.73558000e-01 9.99138100e+01 2.42125100e+00 6.55975300e+00 2.10615500e+00 1.92385400e+00 1.25293100e+03 5.94226100e+03 2.60283600e+03 8.42123600e+02 2.39252200e+02 9.69717900e-01 2.45718500e-01 2.47046200e-01 2.44864600e+00 1.37564600e+01 1.08883500e+03 1.44289900e+02 1.03954500e+00 1.38801000e+01 1.06157300e+03 1.46698000e+02 1.41850200e-01 1.59561300e-01 3.37918200e+03 1.03136300e-02 8.18413800e-01 4.51441200e-01 7.33432600e+01 6.36905100e+02 8.33829000e+01 1.52024000e+03 9.00601400e+01 1.97016400e+03 9.56495000e+01 2.29323300e+03 2.36044300e+02 5.74551200e+03 4.49587200e-01 7.42959500e-01 4.68941900e-01 6.59148400e-01 4.68168400e-01 6.17090500e-01 4.63657700e-01 5.87321600e-01 2.96337700e-01 3.05744900e-01 1.04699200e+01 3.96162500e+02 1.88696400e+03 1.51736900e-02 1.34256300e+00 4.41147800e+00 1.05421400e+01 2.29359700e+03 5.76921500e+00
8.91612900e-03 1.15571100e+03 2.32560200e-02 1.17973500e-01 1.04031400e+00 4.55470100e-02 3.04750900e+00 9.76597500e-01 1.00280800e+00 6.86029100e+01 6.98546800e-01 3.01453200e-01 1.41874700e-01 9.73301700e-02 8.04873200e-01 8.06820300e-01 4.41913700e-01 5.96392900e-01 9.71753700e-01 1.00606100e+02 2.40182700e+00 6.56585700e+00 2.10628000e+00 1.92289000e+00 1.23671200e+03 5.91838100e+03 2.60874200e+03 8.47476600e+02 2.41410000e+02 9.76597500e-01 2.45769800e-01 2.47097700e-01 2.42924400e+00 1.37176900e+01 1.08867500e+03 1.44277600e+02 1.04040400e+00 1.38674600e+01 1.06180200e+03 1.46650000e+02 1.41981300e-01 1.59559300e-01 3.37494400e+03 1.03007000e-02 8.20188000e-01 4.52300000e-01 7.37951900e+01 6.32662300e+02 8.37689800e+01 1.51125900e+03 9.04097200e+01 1.95927700e+03 9.59719800e+01 2.28118000e+03 2.36052200e+02 5.72872500e+03 4.47268300e-01 7.44745800e-01 4.67715200e-01 6.61260100e-01 4.67503900e-01 6.19287200e-01 4.63371500e-01 5.89548900e-01 2.97653000e-01 3.07321900e-01 9.43978700e+00 3.96203500e+02 1.88904500e+03 3.78871200e-04 1.81943000e+00 3.62406700e+00 1.12894700e+01 2.29468800e+03 5.44387600e+00
2.72138300e-03 1.15712600e+03 2.35535100e-02 1.18117200e-01 1.04037800e+00 4.88712400e-02 3.06156800e+00 9.75042900e-01 1.00381900e+00 6.88226300e+01 6.99537200e-01 3.00462800e-01 1.42315800e-01 9.79455100e-02 8.09354100e-01 8.09978100e-01 4.43643300e-01 5.99219900e-01 9.75602600e-01 1.00678500e+02 2.42096000e+00 6.85577400e+00 2.13610200e+00 1.93719300e+00 1.25296400e+03 5.99383500e+03 2.62595900e+03 8.53450400e+02 2.43633300e+02 9.75042900e-01 2.45887200e-01 2.47215500e-01 2.37954300e+00 1.36865000e+01 1.08834600e+03 1.44013100e+02 1.04043500e+00 1.38416200e+01 1.06248900e+03 1.46286900e+02 1.42574300e-01 1.59192100e-01 3.38548900e+03 1.03328700e-02 8.19160100e-01 4.51547000e-01 7.40150200e+01 6.30712200e+02 8.39917800e+01 1.50683900e+03 9.06360300e+01 1.95370400e+03 9.62019500e+01 2.27482000e+03 2.36451500e+02 5.71557000e+03 4.49100400e-01 7.48991700e-01 4.69881300e-01 6.65140400e-01 4.69786900e-01 6.22967300e-01 4.65712600e-01 5.93080800e-01 2.99473900e-01 3.09249700e-01 1.18132300e+01 3.95743600e+02 1.88888100e+03 1.10384500e-03 1.81943000e+00 3.63150800e+00 1.23610700e+01 2.29643800e+03 5.45204100e+00
7.94739900e-03 1.15471500e+03 2.34003300e-02 1.17671600e-01 1.03863900e+00 4.91951900e-02 3.04808200e+00 9.64812600e-01 9.99000400e-01 6.82659900e+01 6.95902100e-01 3.04097900e-01 1.41717100e-01 9.67445900e-02 7.98347400e-01 8.03781600e-01 4.40249300e-01 5.92850700e-01 9.66250500e-01 1.00058600e+02 2.42620900e+00 6.90765400e+00 2.10748900e+00 1.91000700e+00 1.26138500e+03 5.96501200e+03 2.58133300e+03 8.33552900e+02 2.36749800e+02 9.64812600e-01 2.45827200e-01 2.47155300e-01 2.40495500e+00 1.37517100e+01 1.08848100e+03 1.44245300e+02 1.03871600e+00 1.38868800e+01 1.06210700e+03 1.46571600e+02 1.42162400e-01 1.59133000e-01 3.37117700e+03 1.02892000e-02 8.19955600e-01 4.52030200e-01 7.34765100e+01 6.35597200e+02 8.34779300e+01 1.51762900e+03 9.01329900e+01 1.96711600e+03 9.57053200e+01 2.28996100e+03 2.35834500e+02 5.74326900e+03 4.45361200e-01 7.38444700e-01 4.65060300e-01 6.55374600e-01 4.64540100e-01 6.13654000e-01 4.60228000e-01 5.84110900e-01 2.94803400e-01 3.04257000e-01 9.66982100e+00 3.95667300e+02 1.88805600e+03 9.27540000e-03 1.47275900e+00 4.36789000e+00 1.01876400e+01 2.29339300e+03 5.84992400e+00
1.07812500e-02 1.15481500e+03 2.36725300e-02 1.16661400e-01 1.03880900e+00 5.33521700e-02 3.05404100e+00 9.64694800e-01 9.98305400e-01 6.89105200e+01 7.03118200e-01 2.96881800e-01 1.40979100e-01 9.71494100e-02 7.96099300e-01 7.91951100e-01 4.33769500e-01 5.87642400e-01 9.59013000e-01 1.00982800e+02 2.42132800e+00 7.25555400e+00 2.12008400e+00 1.90551300e+00 1.26556600e+03 6.00165900e+03 2.57808600e+03 8.32805700e+02 2.36764500e+02 9.64694800e-01 2.45935400e-01 2.47263900e-01 2.36008100e+00 1.37144400e+01 1.08808800e+03 1.44298200e+02 1.03886600e+00 1.38899800e+01 1.06264100e+03 1.46541900e+02 1.42375100e-01 1.58859800e-01 3.35353500e+03 1.02353800e-02 8.24083900e-01 4.53975200e-01 7.40542900e+01 6.30117700e+02 8.39382700e+01 1.50629200e+03 9.05263000e+01 1.95357200e+03 9.60477700e+01 2.27514100e+03 2.35460900e+02 5.72676000e+03 4.39379200e-01 7.37088800e-01 4.60614200e-01 6.54974100e-01 4.60948700e-01 6.13615000e-01 4.57235600e-01 5.84282700e-01 2.95186100e-01 3.04990100e-01 9.05989400e+00 3.95732400e+02 1.88866000e+03 8.83327100e-03 2.04033800e+00 3.64179200e+00 1.04872300e+01 2.29345200e+03 5.69096300e+00
6.05037900e-08 1.17174600e+03 2.51352900e-02 1.16098200e-01 1.03828300e+00 5.17160600e-02 3.09338300e+00 9.73547500e-01 1.00162200e+00 7.01739500e+01 7.11885400e-01 2.88114600e-01 1.41878700e-01 9.95618700e-02 8.05717200e-01 7.89595400e-01 4.32479200e-01 5.90301600e-01 9.61821900e-01 1.01837400e+02 2.43707900e+00 6.81610100e+00 2.20515500e+00 1.98847000e+00 1.30881000e+03 6.36006100e+03 2.69498500e+03 8.78518200e+02 2.52774900e+02 9.73547500e-01 2.46498800e-01 2.47829300e-01 2.13914700e+00 1.35807800e+01 1.08649700e+03 1.43325600e+02 1.03818400e+00 1.38054100e+01 1.06580700e+03 1.45121300e+02 1.44809700e-01 1.57145800e-01 3.37503900e+03 1.03009900e-02 8.23851100e-01 4.52761200e-01 7.52591600e+01 6.19411100e+02 8.50617200e+01 1.48278600e+03 9.16089800e+01 1.92447100e+03 9.71027200e+01 2.24239400e+03 2.36516900e+02 5.66967000e+03 4.38798400e-01 7.46887700e-01 4.62213700e-01 6.64681300e-01 4.63601200e-01 6.23130100e-01 4.60570500e-01 5.93605600e-01 3.00257100e-01 3.10671200e-01 3.32411200e+01 3.95560800e+02 1.89758800e+03 6.86901700e-02 2.59136600e+00 3.99336600e+00 1.04487600e+01 2.32639000e+03 6.65342200e+00
4.31578400e-05 1.16441100e+03 2.36607600e-02 1.17654500e-01 1.03754400e+00 4.91566600e-02 3.06566500e+00 9.65689900e-01 9.99377800e-01 6.81195100e+01 6.94068400e-01 3.05931600e-01 1.41960400e-01 9.67027500e-02 8.03525800e-01 8.11430500e-01 4.44438800e-01 5.97593500e-01 9.73563000e-01 9.96543000e+01 2.44685100e+00 6.85272200e+00 2.14487200e+00 1.94403600e+00 1.28262300e+03 6.08966200e+03 2.62603000e+03 8.49019700e+02 2.41836900e+02 9.65689900e-01 2.45930800e-01 2.47259200e-01 2.36199500e+00 1.37580800e+01 1.08818300e+03 1.44050600e+02 1.03759300e+00 1.38831500e+01 1.06267900e+03 1.46293300e+02 1.42637400e-01 1.58645700e-01 3.37699300e+03 1.03069500e-02 8.18764000e-01 4.51191000e-01 7.33490700e+01 6.36834000e+02 8.33819400e+01 1.52013900e+03 9.00551100e+01 1.97007800e+03 9.56412700e+01 2.29317000e+03 2.35977400e+02 5.74615400e+03 4.49441200e-01 7.43051600e-01 4.68861000e-01 6.59261300e-01 4.68121100e-01 6.17209200e-01 4.63632900e-01 5.87442700e-01 2.96411000e-01 3.05832800e-01 2.01012900e+01 3.95679400e+02 1.89639200e+03 3.31646400e-02 1.21731700e+00 5.30944300e+00 1.00897200e+01 2.31217200e+03 6.55992500e+00
1.67741400e-03 1.15922300e+03 2.31677900e-02 1.18193400e-01 1.03799200e+00 4.58014000e-02 3.04668200e+00 9.62996500e-01 9.98070900e-01 6.76690700e+01 6.89881700e-01 3.10118300e-01 1.42006300e-01 9.60943700e-02 7.99447700e-01 8.12817600e-01 4.45198600e-01 5.96584400e-01 9.71840400e-01 9.92609500e+01 2.43667300e+00 6.60553000e+00 2.10454000e+00 1.92032500e+00 1.26807400e+03 5.97348800e+03 2.59166400e+03 8.35430900e+02 2.36922100e+02 9.62996500e-01 2.45731000e-01 2.47058700e-01 2.44412100e+00 1.37968000e+01 1.08879700e+03 1.44288200e+02 1.03809400e+00 1.38993400e+01 1.06164900e+03 1.46685900e+02 1.41879300e-01 1.59307700e-01 3.37809100e+03 1.03103000e-02 8.17544500e-01 4.50933300e-01 7.29337200e+01 6.40763700e+02 8.30198600e+01 1.52850800e+03 8.97220500e+01 1.98026200e+03 9.53294900e+01 2.30448200e+03 2.35883100e+02 5.76281800e+03 4.49841300e-01 7.38869100e-01 4.68238800e-01 6.55098000e-01 4.67014800e-01 6.13123500e-01 4.62216400e-01 5.83437600e-01 2.94226900e-01 3.03393900e-01 1.27810000e+01 3.95974600e+02 1.89205300e+03 6.74075100e-02 9.81866700e-01 5.96526500e+00 1.06232200e+01 2.30080900e+03 7.01453900e+00
2.24657100e-03 1.15633600e+03 2.36916100e-02 1.17722600e-01 1.03905500e+00 4.90138400e-02 3.05620200e+00 9.79261800e-01 1.00048700e+00 6.86322000e+01 6.98412100e-01 3.01587900e-01 1.42059400e-01 9.74984600e-02 8.05343800e-01 8.07472300e-01 4.42270800e-01 5.96808200e-01 9.72114300e-01 1.00368900e+02 2.40490500e+00 6.83441200e+00 2.12467000e+00 1.92627700e+00 1.23599700e+03 5.95869700e+03 2.61488100e+03 8.52024100e+02 2.43634300e+02 9.79261800e-01 2.45942900e-01 2.47271400e-01 2.35698200e+00 1.37101300e+01 1.08815500e+03 1.44009500e+02 1.03910200e+00 1.38590200e+01 1.06275600e+03 1.46241700e+02 1.42713500e-01 1.58837100e-01 3.37935800e+03 1.03141600e-02 8.19615500e-01 4.51648400e-01 7.38289400e+01 6.32382800e+02 8.38109100e+01 1.51055800e+03 9.04568900e+01 1.95834800e+03 9.60234400e+01 2.28008000e+03 2.36201200e+02 5.72558200e+03 4.47617600e-01 7.45167500e-01 4.68046400e-01 6.61619300e-01 4.67819000e-01 6.19617200e-01 4.63673100e-01 5.89859000e-01 2.97803600e-01 3.07470900e-01 1.21967000e+01 3.95800200e+02 1.88898900e+03 1.09436900e-03 1.60798500e+00 4.01109800e+00 1.00657500e+01 2.29698600e+03 5.62017700e+00
7.06825800e-03 1.15543600e+03 2.34333500e-02 1.17061400e-01 1.03925400e+00 5.13851200e-02 3.04918800e+00 9.79075900e-01 9.96607200e-01 6.87200900e+01 7.01130100e-01 2.98869900e-01 1.41139900e-01 9.69914400e-02 8.01406700e-01 7.99895800e-01 4.38121000e-01 5.92547900e-01 9.66743100e-01 1.00809700e+02 2.39159600e+00 7.11517300e+00 2.10982000e+00 1.90376300e+00 1.22285200e+03 5.88413400e+03 2.58654600e+03 8.41480900e+02 2.39995000e+02 9.79075900e-01 2.45839800e-01 2.47167900e-01 2.39943600e+00 1.37272700e+01 1.08839200e+03 1.44378000e+02 1.03932900e+00 1.38914600e+01 1.06214500e+03 1.46696100e+02 1.42049900e-01 1.59206700e-01 3.35737800e+03 1.02471000e-02 8.23053500e-01 4.53630300e-01 7.38782400e+01 6.31765400e+02 8.37936100e+01 1.50973900e+03 9.03994300e+01 1.95771800e+03 9.59343200e+01 2.27970300e+03 2.35526500e+02 5.73239100e+03 4.43649500e-01 7.41798100e-01 4.64579100e-01 6.58931400e-01 4.64674800e-01 6.17227100e-01 4.60770700e-01 5.87662800e-01 2.96810500e-01 3.06571500e-01 9.90428200e+00 3.95666300e+02 1.88790300e+03 3.44358900e-03 1.89191900e+00 3.63299800e+00 1.18695800e+01 2.29347300e+03 5.52836000e+00
1.72579100e-03 1.15705500e+03 2.41589800e-02 1.16772200e-01 1.03911800e+00 5.78099200e-02 3.07097400e+00 9.72838700e-01 9.98197300e-01 6.93866000e+01 7.05937600e-01 2.94062400e-01 1.41576400e-01 9.82350100e-02 8.03921400e-01 7.95926100e-01 4.35946700e-01 5.92002400e-01 9.65107700e-01 1.01293400e+02 2.42248900e+00 7.59124800e+00 2.15629000e+00 1.92085300e+00 1.25896500e+03 6.04368200e+03 2.60423000e+03 8.46543000e+02 2.42180900e+02 9.72838700e-01 2.46090600e-01 2.47419700e-01 2.28289000e+00 1.36568800e+01 1.08756000e+03 1.43897400e+02 1.03912400e+00 1.38479500e+01 1.06374700e+03 1.45984100e+02 1.43288600e-01 1.58326200e-01 3.36781200e+03 1.02789400e-02 8.23082100e-01 4.53102400e-01 7.45161200e+01 6.26012400e+02 8.43852000e+01 1.49715200e+03 9.09676100e+01 1.94216300e+03 9.64864300e+01 2.26222100e+03 2.36054900e+02 5.70232900e+03 4.41827600e-01 7.44614800e-01 4.63887400e-01 6.61977900e-01 4.64559100e-01 6.20309100e-01 4.61040200e-01 5.90739400e-01 2.98560600e-01 3.08614900e-01 1.27241400e+01 3.96233500e+02 1.88871500e+03 2.42347700e-02 2.19351700e+00 3.67291300e+00 1.05477200e+01 2.29767200e+03 5.89066500e+00
2.57961900e-06 1.16692600e+03 2.45643400e-02 1.17286100e-01 1.03850900e+00 6.85848600e-02 3.10101500e+00 9.66695500e-01 9.96955900e-01 6.93389900e+01 7.03621700e-01 2.96378300e-01 1.42495600e-01 9.88050200e-02 8.13747100e-01 8.08820300e-01 4.43009100e-01 6.00414300e-01 9.77238800e-01 1.00830400e+02 2.47556300e+00 8.49762000e+00 2.22204900e+00 1.93723200e+00 1.29149100e+03 6.15417300e+03 2.61758400e+03 8.49241900e+02 2.43467400e+02 9.66695500e-01 2.46242300e-01 2.47571900e-01 2.22149100e+00 1.36365300e+01 1.08717500e+03 1.43456100e+02 1.03846900e+00 1.38141900e+01 1.06466300e+03 1.45416700e+02 1.44161200e-01 1.57752400e-01 3.38978600e+03 1.03459800e-02 8.19746700e-01 4.51062600e-01 7.45028000e+01 6.26290600e+02 8.44337200e+01 1.49725700e+03 9.10537700e+01 1.94192900e+03 9.66024200e+01 2.26164300e+03 2.36739100e+02 5.69414900e+03 4.48794200e-01 7.53475300e-01 4.70603600e-01 6.69586800e-01 4.71001800e-01 6.27326400e-01 4.67245300e-01 5.97351900e-01 3.01800300e-01 3.11849600e-01 2.57357400e+01 4.00550000e+02 1.89030000e+03 3.33230100e-03 1.89191900e+00 3.86167400e+00 1.15104100e+01 2.31658500e+03 5.75692500e+00
9.86191600e-03 1.15785800e+03 2.23259200e-02 1.20179500e-01 1.03904900e+00 4.45376900e-02 3.03562800e+00 9.62937100e-01 1.00277600e+00 6.66290300e+01 6.77547200e-01 3.22452800e-01 1.43150600e-01 9.53798400e-02 8.06064700e-01 8.35684500e-01 4.57723200e-01 6.07416300e-01 9.87502400e-01 9.80062400e+01 2.44611900e+00 6.66046100e+00 2.08140400e+00 1.90402000e+00 1.24501100e+03 5.79985800e+03 2.56402000e+03 8.24258500e+02 2.32628700e+02 9.62937100e-01 2.45377800e-01 2.46704200e-01 2.59380500e+00 1.38589700e+01 1.08999000e+03 1.44418800e+02 1.03923200e+00 1.38966900e+01 1.05985600e+03 1.47092400e+02 1.40830500e-01 1.60524700e-01 3.40544300e+03 1.03937500e-02 8.11135100e-01 4.48241100e-01 7.20112100e+01 6.49875600e+02 8.22876200e+01 1.54724600e+03 8.90972800e+01 2.00258900e+03 9.47858000e+01 2.32887400e+03 2.36457700e+02 5.79006900e+03 4.61382000e-01 7.43778300e-01 4.77167000e-01 6.58134500e-01 4.74495600e-01 6.15422800e-01 4.68684100e-01 5.85290600e-01 2.94687600e-01 3.03349800e-01 9.23815000e+00 3.96180300e+02 1.88884700e+03 2.61139000e-01 4.55610600e-01 9.47404200e+00 1.12608600e+01 2.29426500e+03 1.01907900e+01
7.27197000e-05 1.16330500e+03 2.35285600e-02 1.20160500e-01 1.04103700e+00 5.08561700e-02 3.06436800e+00 9.61635000e-01 9.96898500e-01 6.83062700e+01 6.90651500e-01 3.09348500e-01 1.44334200e-01 9.85893000e-02 8.14116500e-01 8.26703800e-01 4.52804300e-01 6.07153600e-01 9.85045500e-01 9.95781600e+01 2.46950700e+00 7.09075900e+00 2.14209200e+00 1.93492900e+00 1.28220600e+03 6.00872200e+03 2.60611400e+03 8.41950900e+02 2.39763100e+02 9.61635000e-01 2.45877000e-01 2.47205300e-01 2.38365300e+00 1.36779400e+01 1.08854300e+03 1.43509700e+02 1.04109500e+00 1.37844900e+01 1.06256500e+03 1.45781900e+02 1.43107100e-01 1.59256700e-01 3.43373500e+03 1.04800700e-02 8.11001400e-01 4.47340800e-01 7.36054600e+01 6.34862200e+02 8.37645900e+01 1.51461000e+03 9.05164300e+01 1.96237300e+03 9.61659500e+01 2.28376000e+03 2.37830700e+02 5.71306900e+03 4.57596000e-01 7.52498800e-01 4.76497000e-01 6.67261200e-01 4.75338100e-01 6.24539700e-01 4.70511500e-01 5.94320900e-01 2.99730400e-01 3.09108100e-01 1.90578000e+01 3.95682700e+02 1.89420100e+03 3.66499900e-02 1.15641700e+00 4.90829500e+00 1.15668400e+01 2.30894200e+03 6.10136200e+00
7.19146000e-03 1.15451700e+03 2.32314000e-02 1.18411300e-01 1.03993800e+00 4.96255500e-02 3.04933500e+00 9.70903800e-01 9.99566700e-01 6.82989500e+01 6.94972000e-01 3.05028000e-01 1.42287800e-01 9.71810900e-02 8.05141000e-01 8.11860000e-01 4.44674100e-01 5.98352200e-01 9.74237700e-01 1.00098500e+02 2.42065900e+00 6.99615500e+00 2.11013000e+00 1.91075500e+00 1.24317600e+03 5.89982900e+03 2.58609600e+03 8.37686300e+02 2.38264500e+02 9.70903800e-01 2.45759300e-01 2.47087200e-01 2.43339500e+00 1.37332200e+01 1.08873900e+03 1.44183500e+02 1.04003200e+00 1.38633700e+01 1.06180200e+03 1.46559400e+02 1.42058700e-01 1.59519200e-01 3.38481900e+03 1.03308300e-02 8.18036800e-01 4.51190300e-01 7.35284800e+01 6.35214200e+02 8.35614900e+01 1.51649300e+03 9.02361700e+01 1.96549800e+03 9.58242500e+01 2.28795700e+03 2.36278700e+02 5.73565900e+03 4.49748000e-01 7.44636300e-01 4.69409800e-01 6.60767600e-01 4.68776300e-01 6.18661100e-01 4.64352900e-01 5.88850400e-01 2.97155600e-01 3.06643800e-01 9.86972200e+00 3.95696300e+02 1.88781000e+03 7.19756500e-03 1.47275900e+00 4.11974200e+00 1.00578200e+01 2.29337600e+03 5.59969900e+00
2.93659100e-05 1.16189400e+03 2.38680000e-02 1.19125800e-01 1.03970400e+00 5.55231900e-02 3.07499100e+00 9.80699400e-01 9.99106900e-01 6.85040300e+01 6.93916500e-01 3.06083500e-01 1.43638900e-01 9.83984500e-02 8.18197100e-01 8.26451300e-01 4.52666000e-01 6.08580400e-01 9.88552900e-01 9.97995900e+01 2.43569200e+00 7.46917700e+00 2.16496800e+00 1.93742400e+00 1.23890200e+03 5.96523300e+03 2.62664600e+03 8.57827500e+02 2.46170600e+02 9.80699400e-01 2.46003400e-01 2.47332100e-01 2.32860300e+00 1.36789000e+01 1.08807600e+03 1.43515500e+02 1.03973400e+00 1.38031000e+01 1.06325100e+03 1.45684300e+02 1.43438100e-01 1.58675100e-01 3.41711600e+03 1.04293700e-02 8.13846000e-01 4.48540700e-01 7.37667300e+01 6.33238400e+02 8.38604500e+01 1.51152300e+03 9.05738800e+01 1.95889000e+03 9.61936400e+01 2.28012900e+03 2.37362700e+02 5.71308900e+03 4.57732400e-01 7.56603000e-01 4.77473200e-01 6.71266800e-01 4.76702100e-01 6.28441200e-01 4.72120000e-01 5.98128100e-01 3.01787400e-01 3.11377200e-01 2.08713500e+01 3.95915800e+02 1.89076500e+03 2.22004600e-02 1.27934900e+00 4.77901100e+00 1.01554000e+01 2.30755200e+03 6.08056100e+00
2.17738400e-05 1.16197400e+03 2.38831600e-02 1.18993400e-01 1.03962900e+00 5.56126800e-02 3.07473500e+00 9.80533500e-01 9.98210600e-01 6.85369900e+01 6.94460300e-01 3.05539700e-01 1.43521700e-01 9.83654700e-02 8.17444100e-01 8.24956900e-01 4.51847500e-01 6.07750000e-01 9.87405600e-01 9.98591700e+01 2.43448800e+00 7.47222900e+00 2.16441500e+00 1.93658200e+00 1.23929800e+03 5.96826300e+03 2.62572300e+03 8.57425300e+02 2.46032900e+02 9.80533500e-01 2.46007900e-01 2.47336700e-01 2.32618900e+00 1.36790300e+01 1.08804700e+03 1.43537800e+02 1.03965900e+00 1.38062400e+01 1.06329000e+03 1.45701100e+02 1.43427800e-01 1.58650400e-01 3.41431500e+03 1.04208200e-02 8.14328100e-01 4.48778100e-01 7.37943300e+01 6.32961700e+02 8.38770000e+01 1.51099500e+03 9.05839300e+01 1.95829300e+03 9.61986600e+01 2.27950700e+03 2.37283900e+02 5.71307800e+03 4.56945500e-01 7.55962900e-01 4.76793500e-01 6.70760900e-01 4.76089700e-01 6.27993500e-01 4.71557300e-01 5.97718000e-01 3.01603500e-01 3.11212800e-01 2.14696000e+01 3.95892100e+02 1.88999700e+03 1.86667500e-02 1.34256300e+00 4.68752800e+00 1.05401200e+01 2.30735900e+03 6.04875800e+00
1.79703700e-04 1.15862400e+03 2.41678500e-02 1.17280200e-01 1.03896500e+00 5.03455300e-02 3.06892000e+00 9.78540200e-01 1.00054400e+00 6.91595500e+01 7.02923100e-01 2.97076900e-01 1.42093200e-01 9.82709900e-02 8.06540300e-01 8.02601400e-01 4.39602900e-01 5.95447300e-01 9.69839900e-01 1.00864400e+02 2.41416600e+00 6.87408400e+00 2.15186500e+00 1.94574300e+00 1.25592000e+03 6.07667300e+03 2.64107800e+03 8.61483900e+02 2.47013900e+02 9.78540200e-01 2.46093500e-01 2.47422600e-01 2.28151900e+00 1.36630200e+01 1.08759400e+03 1.43759700e+02 1.03896000e+00 1.38368900e+01 1.06378600e+03 1.45843000e+02 1.43452100e-01 1.58272200e-01 3.38016600e+03 1.03166300e-02 8.20730600e-01 4.51873600e-01 7.43205900e+01 6.27876800e+02 8.42465500e+01 1.50087800e+03 9.08621900e+01 1.94651300e+03 9.64066200e+01 2.26688900e+03 2.36380600e+02 5.70531200e+03 4.45294300e-01 7.46730800e-01 4.66754000e-01 6.63513700e-01 4.67064000e-01 6.21603400e-01 4.63282300e-01 5.91881700e-01 2.99008500e-01 3.08930800e-01 1.72484000e+01 3.95667400e+02 1.88861400e+03 4.43255900e-03 1.89191900e+00 3.74608200e+00 1.00751700e+01 2.30152900e+03 5.64243300e+00
3.05610500e-03 1.15664100e+03 2.38367400e-02 1.17517600e-01 1.03918500e+00 4.89373600e-02 3.05744200e+00 9.78986000e-01 1.00150700e+00 6.88702400e+01 7.00619500e-01 2.99380500e-01 1.41999500e-01 9.77953800e-02 8.04531700e-01 8.03700700e-01 4.40205000e-01 5.95112500e-01 9.69454400e-01 1.00646000e+02 2.40352300e+00 6.79779100e+00 2.12730800e+00 1.92896300e+00 1.24032500e+03 5.98651400e+03 2.61890500e+03 8.53609200e+02 2.44245800e+02 9.78986000e-01 2.45993700e-01 2.47322400e-01 2.33359700e+00 1.36907300e+01 1.08797600e+03 1.43951400e+02 1.03921800e+00 1.38519000e+01 1.06306100e+03 1.46138600e+02 1.42920400e-01 1.58688900e-01 3.37792700e+03 1.03098000e-02 8.20384600e-01 4.51943700e-01 7.40493000e+01 6.30341800e+02 8.40011400e+01 1.50621700e+03 9.06304800e+01 1.95307100e+03 9.61847100e+01 2.27422600e+03 2.36225300e+02 5.71719300e+03 4.45705300e-01 7.44639400e-01 4.66604800e-01 6.61398000e-01 4.66641000e-01 6.19513500e-01 4.62680400e-01 5.89824700e-01 2.97876300e-01 3.07650800e-01 1.15812300e+01 3.95761000e+02 1.88993700e+03 5.66131400e-04 1.81943000e+00 3.79167800e+00 1.03910400e+01 2.29727900e+03 5.61167400e+00
6.13364300e-03 1.15540300e+03 2.34918000e-02 1.17519900e-01 1.03989500e+00 5.57224000e-02 3.05857200e+00 9.66004000e-01 9.96825300e-01 6.88189700e+01 7.00896700e-01 2.99103300e-01 1.41656900e-01 9.74867900e-02 8.03077700e-01 8.01876700e-01 4.39206000e-01 5.93899400e-01 9.68062700e-01 1.00828100e+02 2.43106500e+00 7.53936800e+00 2.12971300e+00 1.90511500e+00 1.25926400e+03 5.95516500e+03 2.57688100e+03 8.32886500e+02 2.36828900e+02 9.66004000e-01 2.45862400e-01 2.47190600e-01 2.38972700e+00 1.37042500e+01 1.08836400e+03 1.44214500e+02 1.03996700e+00 1.38672100e+01 1.06229800e+03 1.46512100e+02 1.42288700e-01 1.59217300e-01 3.36973700e+03 1.02848100e-02 8.21469400e-01 4.52780300e-01 7.39918300e+01 6.30810000e+02 8.39278900e+01 1.50740800e+03 9.05471800e+01 1.95466300e+03 9.60932000e+01 2.27611800e+03 2.35950300e+02 5.72280200e+03 4.44704500e-01 7.43324000e-01 4.65632500e-01 6.60263300e-01 4.65704200e-01 6.18464800e-01 4.61775300e-01 5.88835000e-01 2.97390900e-01 3.07162600e-01 1.01879300e+01 3.96076500e+02 1.88741500e+03 4.15490600e-03 1.89191900e+00 3.58963600e+00 1.16404100e+01 2.29367900e+03 5.48571000e+00
1.31597700e-03 1.15740200e+03 2.41580500e-02 1.17039900e-01 1.04009700e+00 5.44475000e-02 3.06666500e+00 9.75494900e-01 9.97187600e-01 6.96209700e+01 7.07363700e-01 2.92636300e-01 1.41843100e-01 9.87525700e-02 8.04818300e-01 7.94879500e-01 4.35373500e-01 5.91943000e-01 9.64556800e-01 1.01588400e+02 2.41206200e+00 7.27691700e+00 2.14701800e+00 1.92549900e+00 1.25381500e+03 6.03609900e+03 2.61296200e+03 8.50885500e+02 2.43640500e+02 9.75494900e-01 2.46090300e-01 2.47419400e-01 2.28303400e+00 1.36293700e+01 1.08758600e+03 1.43828900e+02 1.04009500e+00 1.38284400e+01 1.06374700e+03 1.45916400e+02 1.43366000e-01 1.58463900e-01 3.37419000e+03 1.02984000e-02 8.22685900e-01 4.52922900e-01 7.47437100e+01 6.24004600e+02 8.46036900e+01 1.49269300e+03 9.11822600e+01 1.93660600e+03 9.66989000e+01 2.25593600e+03 2.36326800e+02 5.69063300e+03 4.41361700e-01 7.45591000e-01 4.63759900e-01 6.63008100e-01 4.64603200e-01 6.21342800e-01 4.61198700e-01 5.91766400e-01 2.99137100e-01 3.09282800e-01 1.32663500e+01 3.95732800e+02 1.88828600e+03 4.74953200e-02 2.42950100e+00 3.74919000e+00 1.12932900e+01 2.29728500e+03 6.22618600e+00
2.80276400e-04 1.16236700e+03 2.32160800e-02 1.17283500e-01 1.04008200e+00 5.67908500e-02 3.08115200e+00 9.87071700e-01 1.00501300e+00 6.87384000e+01 7.01278900e-01 2.98721100e-01 1.41144800e-01 9.70206500e-02 8.19326900e-01 8.17578600e-01 4.47806300e-01 6.05722500e-01 9.88228800e-01 1.00958900e+02 2.41609500e+00 7.69805900e+00 2.17834700e+00 1.94446100e+00 1.22788200e+03 5.93987800e+03 2.64701800e+03 8.63851400e+02 2.47016800e+02 9.87071700e-01 2.45752700e-01 2.47080500e-01 2.43597600e+00 1.37254200e+01 1.08866300e+03 1.44486900e+02 1.04018200e+00 1.38905400e+01 1.06168700e+03 1.46874100e+02 1.41710700e-01 1.59598200e-01 3.35749500e+03 1.02474600e-02 8.23078800e-01 4.53827000e-01 7.38965800e+01 6.31597100e+02 8.38101100e+01 1.50937600e+03 9.04149400e+01 1.95727200e+03 9.59491300e+01 2.27920400e+03 2.35535900e+02 5.73159600e+03 4.53463200e-01 7.58402000e-01 4.74896800e-01 6.73698800e-01 4.75014100e-01 6.31067500e-01 4.71036100e-01 6.00845100e-01 3.03476000e-01 3.13463400e-01 1.63594700e+01 3.96067400e+02 1.89269600e+03 8.45146500e-03 2.04033800e+00 3.51436900e+00 1.40479700e+01 2.30512300e+03 5.56315800e+00
3.18583900e-04 1.16258800e+03 2.32683300e-02 1.17705100e-01 1.03950300e+00 5.98186000e-02 3.08685900e+00 9.56801700e-01 1.00542100e+00 6.84344500e+01 6.97607700e-01 3.02392300e-01 1.41618600e-01 9.69159200e-02 8.12956300e-01 8.16191300e-01 4.47046400e-01 6.02850900e-01 9.82720100e-01 1.00396600e+02 2.48909200e+00 7.98492400e+00 2.19081600e+00 1.94378500e+00 1.30896500e+03 6.10388800e+03 2.61960300e+03 8.41472300e+02 2.38563700e+02 9.56801700e-01 2.45774900e-01 2.47102800e-01 2.42716800e+00 1.37392700e+01 1.08863600e+03 1.44337700e+02 1.03959800e+00 1.38839900e+01 1.06184000e+03 1.46704700e+02 1.41927200e-01 1.59430000e-01 3.36882300e+03 1.02820200e-02 8.20699500e-01 4.52536700e-01 7.36318300e+01 6.34132100e+02 8.36081500e+01 1.51454800e+03 9.02491600e+01 1.96339500e+03 9.58109800e+01 2.28585500e+03 2.35809000e+02 5.73785500e+03 4.52369800e-01 7.52132100e-01 4.72816800e-01 6.67715500e-01 4.72493600e-01 6.25289900e-01 4.68244300e-01 5.95236600e-01 3.00489800e-01 3.10205700e-01 1.61032500e+01 3.97521100e+02 1.89129700e+03 5.88765500e-04 1.67729600e+00 3.84726800e+00 1.47296800e+01 2.30492100e+03 5.52515300e+00
1.02280900e-03 1.16277100e+03 2.44010000e-02 1.15071100e-01 1.03844700e+00 4.80127900e-02 3.07016300e+00 9.58463200e-01 1.00354300e+00 6.99798600e+01 7.13881900e-01 2.86118100e-01 1.40117200e-01 9.80538200e-02 7.91296400e-01 7.72771800e-01 4.23264500e-01 5.78729400e-01 9.45916200e-01 1.02292700e+02 2.43363400e+00 6.57196000e+00 2.15454100e+00 1.95727300e+00 1.32677800e+03 6.31003700e+03 2.64585600e+03 8.53119500e+02 2.42904000e+02 9.58463200e-01 2.46177000e-01 2.47506400e-01 2.24592000e+00 1.36448100e+01 1.08716300e+03 1.44152100e+02 1.03842400e+00 1.38818100e+01 1.06412900e+03 1.46174500e+02 1.43227000e-01 1.58007900e-01 3.33293300e+03 1.01725200e-02 8.29664300e-01 4.56310400e-01 7.50159500e+01 6.21277900e+02 8.47316100e+01 1.48773500e+03 9.12239000e+01 1.93121300e+03 9.66729900e+01 2.25051400e+03 2.35117100e+02 5.69610400e+03 4.29620400e-01 7.33723700e-01 4.53046400e-01 6.53195600e-01 4.54645800e-01 6.12459700e-01 4.51834300e-01 5.83501800e-01 2.95240300e-01 3.05578300e-01 1.37704000e+01 3.95768800e+02 1.89646200e+03 1.28319400e-01 2.92364600e+00 4.45189600e+00 1.20365600e+01 2.30600100e+03 7.50386200e+00
1.22771600e-05 1.16287300e+03 2.47398100e-02 1.16517500e-01 1.03870200e+00 5.08193500e-02 3.08119300e+00 9.70464200e-01 1.00160800e+00 6.98297100e+01 7.08989000e-01 2.91011000e-01 1.41902500e-01 9.90900800e-02 8.03478900e-01 7.91349900e-01 4.33440200e-01 5.90135600e-01 9.61511200e-01 1.01554900e+02 2.43419400e+00 6.80694600e+00 2.17843700e+00 1.96790400e+00 1.29930000e+03 6.26511000e+03 2.66509000e+03 8.66697500e+02 2.48600400e+02 9.70464200e-01 2.46318000e-01 2.47647900e-01 2.19570600e+00 1.36100300e+01 1.08693000e+03 1.43519400e+02 1.03863800e+00 1.38180300e+01 1.06496800e+03 1.45432200e+02 1.44245800e-01 1.57616100e-01 3.37560800e+03 1.03027200e-02 8.22960000e-01 4.52600900e-01 7.49368400e+01 6.22283000e+02 8.47782300e+01 1.48895800e+03 9.13468700e+01 1.93201500e+03 9.68563800e+01 2.25079800e+03 2.36432300e+02 5.68232400e+03 4.39553400e-01 7.44513100e-01 4.62264400e-01 6.62231900e-01 4.63297300e-01 6.20692100e-01 4.60031100e-01 5.91194600e-01 2.98913900e-01 3.09132700e-01 2.26155400e+01 3.95585100e+02 1.89090500e+03 4.22106400e-02 2.34993600e+00 3.80610100e+00 1.04417400e+01 2.30910600e+03 6.19824800e+00
8.87152100e-06 1.16445900e+03 2.43364800e-02 1.17246800e-01 1.03890400e+00 4.82751100e-02 3.07304200e+00 9.65957600e-01 9.99377800e-01 6.92913800e+01 7.03770800e-01 2.96229200e-01 1.42228400e-01 9.85520100e-02 8.03401200e-01 7.98336100e-01 4.37266700e-01 5.92706200e-01 9.65145700e-01 1.00936600e+02 2.44275800e+00 6.63909900e+00 2.16075300e+00 1.96188700e+00 1.30150800e+03 6.21620800e+03 2.65220400e+03 8.59753200e+02 2.45805500e+02 9.65957600e-01 2.46152700e-01 2.47482000e-01 2.25568300e+00 1.36474900e+01 1.08740900e+03 1.43639900e+02 1.03889100e+00 1.38262700e+01 1.06416700e+03 1.45669700e+02 1.43743300e-01 1.58072900e-01 3.38339800e+03 1.03264900e-02 8.20576400e-01 4.51668700e-01 7.44525600e+01 6.26700300e+02 8.43718600e+01 1.49828000e+03 9.09844400e+01 1.94328400e+03 9.65269700e+01 2.26324600e+03 2.36523400e+02 5.69870200e+03 4.42968700e-01 7.43914300e-01 4.64540800e-01 6.61111000e-01 4.64955400e-01 6.19394300e-01 4.61261500e-01 5.89804200e-01 2.97993900e-01 3.07926500e-01 2.32653300e+01 3.95724700e+02 1.89412100e+03 6.74374900e-03 1.96545900e+00 3.74456200e+00 1.00897200e+01 2.31311100e+03 5.71676500e+00
8.25572200e-03 1.15669000e+03 2.37621900e-02 1.17689400e-01 1.04078900e+00 4.59307300e-02 3.04425000e+00 9.69479600e-01 9.96663900e-01 6.92913800e+01 7.04045000e-01 2.95955000e-01 1.42096700e-01 9.84607900e-02 7.98619200e-01 7.93216900e-01 4.34462800e-01 5.89041900e-01 9.59400900e-01 1.01286100e+02 2.40416800e+00 6.51092500e+00 2.09942800e+00 1.91516400e+00 1.25607200e+03 5.98636700e+03 2.59397600e+03 8.41249600e+02 2.39783300e+02 9.69479600e-01 2.45969100e-01 2.47297700e-01 2.34556800e+00 1.36514400e+01 1.08807500e+03 1.43964000e+02 1.04082800e+00 1.38316800e+01 1.06290800e+03 1.46174100e+02 1.42834300e-01 1.59016600e-01 3.38025100e+03 1.03168900e-02 8.21018700e-01 4.52368400e-01 7.44434100e+01 6.26760800e+02 8.43551500e+01 1.49848100e+03 9.09630500e+01 1.94358100e+03 9.65018200e+01 2.26362200e+03 2.36421900e+02 5.70031900e+03 4.40179200e-01 7.39510000e-01 4.61673900e-01 6.57223300e-01 4.62113700e-01 6.15763000e-01 4.58460800e-01 5.86353400e-01 2.96260500e-01 3.06146600e-01 9.59369800e+00 3.96086500e+02 1.89010600e+03 2.49082400e-02 2.19351700e+00 3.56754900e+00 1.18084900e+01 2.29578700e+03 5.78597400e+00
1.94867900e-03 1.15900500e+03 2.38494000e-02 1.16983000e-01 1.04084500e+00 6.44606300e-02 3.08488800e+00 9.69010200e-01 1.00007800e+00 6.96356200e+01 7.08240700e-01 2.91759300e-01 1.41477600e-01 9.85187700e-02 8.11919100e-01 8.00690100e-01 4.38556000e-01 5.96717700e-01 9.72964600e-01 1.01852200e+02 2.44675300e+00 8.28399700e+00 2.18650200e+00 1.92203000e+00 1.27077400e+03 6.03643000e+03 2.60328200e+03 8.43539500e+02 2.40764400e+02 9.69010200e-01 2.45997700e-01 2.47326400e-01 2.33157200e+00 1.36378800e+01 1.08791700e+03 1.44079600e+02 1.04087800e+00 1.38421200e+01 1.06306100e+03 1.46264600e+02 1.42789600e-01 1.58946300e-01 3.36545100e+03 1.02717300e-02 8.24006200e-01 4.53854900e-01 7.47446200e+01 6.23934500e+02 8.45805700e+01 1.49273700e+03 9.11444600e+01 1.93680300e+03 9.66494500e+01 2.25628100e+03 2.36053100e+02 5.69406200e+03 4.44662200e-01 7.52260100e-01 4.67453200e-01 6.69040400e-01 4.68410400e-01 6.27038800e-01 4.65049700e-01 5.97218100e-01 3.01933100e-01 3.12216500e-01 1.24812100e+01 3.98623500e+02 1.89026300e+03 7.53825700e-02 2.59136600e+00 3.94615500e+00 1.00287500e+01 2.30136800e+03 6.61290300e+00
8.43082700e-07 1.16971400e+03 2.39066600e-02 1.17516300e-01 1.04013200e+00 5.97646900e-02 3.09633500e+00 9.68621100e-01 1.00095000e+00 6.92511000e+01 7.03760400e-01 2.96239600e-01 1.42068100e-01 9.83837000e-02 8.17575500e-01 8.12435400e-01 4.44989200e-01 6.03168500e-01 9.82459300e-01 1.01150600e+02 2.46849900e+00 7.84149200e+00 2.21167500e+00 1.96250300e+00 1.29497500e+03 6.15663100e+03 2.65498300e+03 8.60476700e+02 2.45893700e+02 9.68621100e-01 2.46014800e-01 2.47343600e-01 2.32245000e+00 1.36556000e+01 1.08789900e+03 1.43898300e+02 1.04015700e+00 1.38342900e+01 1.06321300e+03 1.46063600e+02 1.43047800e-01 1.58749300e-01 3.37956600e+03 1.03148000e-02 8.21030500e-01 4.52251200e-01 7.44060500e+01 6.27095100e+02 8.43203000e+01 1.49921400e+03 9.09294500e+01 1.94448900e+03 9.64690600e+01 2.26464300e+03 2.36388700e+02 5.70209900e+03 4.50813900e-01 7.57035000e-01 4.72757500e-01 6.72766800e-01 4.73174600e-01 6.30312700e-01 4.69412100e-01 6.00200000e-01 3.03246900e-01 3.13351100e-01 2.79724000e+01 3.97066700e+02 1.89849800e+03 1.65671000e-02 2.11648900e+00 3.58531000e+00 1.01720600e+01 2.32353700e+03 5.71836600e+00
4.37492300e-05 1.16128300e+03 2.37804600e-02 1.17828200e-01 1.03970900e+00 5.65109100e-02 3.08403000e+00 9.63785800e-01 1.00223400e+00 6.88885500e+01 7.00242700e-01 2.99757300e-01 1.42253800e-01 9.79965600e-02 8.12359400e-01 8.12030600e-01 4.44767500e-01 6.01091500e-01 9.78756500e-01 1.00656900e+02 2.46825000e+00 7.56073000e+00 2.18462700e+00 1.95115800e+00 1.29728100e+03 6.12958900e+03 2.63502300e+03 8.51623300e+02 2.42753900e+02 9.63785800e-01 2.45975400e-01 2.47304000e-01 2.34262600e+00 1.36821800e+01 1.08806400e+03 1.43914500e+02 1.03974800e+00 1.38412900e+01 1.06298400e+03 1.46115600e+02 1.42906300e-01 1.58826100e-01 3.38400500e+03 1.03283400e-02 8.19539000e-01 4.51559700e-01 7.40764000e+01 6.30137400e+02 8.40417900e+01 1.50564100e+03 9.06795800e+01 1.95226600e+03 9.62406300e+01 2.27324000e+03 2.36424200e+02 5.71367000e+03 4.50284100e-01 7.51846700e-01 4.71304800e-01 6.67757600e-01 4.71297200e-01 6.25452800e-01 4.67267800e-01 5.95468400e-01 3.00710000e-01 3.10560200e-01 2.00740700e+01 3.96302000e+02 1.88981000e+03 7.56064100e-04 1.81943000e+00 3.73222900e+00 1.08265600e+01 2.30618600e+03 5.55241500e+00
2.18165600e-05 1.16194500e+03 2.35360900e-02 1.19364100e-01 1.04049200e+00 5.65049700e-02 3.08168600e+00 9.67193200e-01 1.00146400e+00 6.84051500e+01 6.93231000e-01 3.06769000e-01 1.43545300e-01 9.81924000e-02 8.19646600e-01 8.28842000e-01 4.53975400e-01 6.09999500e-01 9.91019600e-01 9.98582600e+01 2.47338100e+00 7.63702400e+00 2.17951100e+00 1.94661300e+00 1.27864700e+03 6.03428200e+03 2.62768800e+03 8.50853100e+02 2.42738000e+02 9.67193200e-01 2.45880100e-01 2.47208400e-01 2.38241100e+00 1.36899700e+01 1.08846700e+03 1.43706900e+02 1.04055600e+00 1.38105900e+01 1.06252700e+03 1.45980600e+02 1.42895200e-01 1.59191600e-01 3.41487900e+03 1.04225400e-02 8.13937200e-01 4.48848700e-01 7.36727400e+01 6.34094700e+02 8.37716000e+01 1.51340500e+03 9.04874100e+01 1.96122200e+03 9.61086700e+01 2.28275700e+03 2.37263700e+02 5.71779300e+03 4.58989200e-01 7.57875000e-01 4.78612100e-01 6.72319900e-01 4.77758700e-01 6.29395800e-01 4.73113100e-01 5.99017300e-01 3.02209000e-01 3.11781000e-01 2.14656800e+01 3.96334200e+02 1.88988200e+03 1.79370100e-02 1.34256300e+00 4.47610000e+00 1.03706300e+01 2.30768200e+03 5.83660100e+00
6.42948200e-05 1.16090800e+03 2.35283500e-02 1.19319800e-01 1.04049800e+00 5.64092800e-02 3.08098900e+00 9.67113400e-01 1.00280500e+00 6.84161400e+01 6.93440700e-01 3.06559300e-01 1.43493300e-01 9.81725800e-02 8.19216600e-01 8.28124000e-01 4.53582200e-01 6.09575300e-01 9.90420100e-01 9.98866800e+01 2.47229000e+00 7.62786900e+00 2.17799300e+00 1.94562900e+00 1.27828100e+03 6.03221300e+03 2.62650300e+03 8.50386500e+02 2.42569700e+02 9.67113400e-01 2.45877000e-01 2.47205200e-01 2.38368700e+00 1.36905000e+01 1.08847200e+03 1.43724100e+02 1.04055900e+00 1.38122000e+01 1.06252700e+03 1.45998700e+02 1.42868300e-01 1.59203000e-01 3.41363500e+03 1.04187500e-02 8.14138600e-01 4.48959100e-01 7.36799700e+01 6.34018300e+02 8.37745200e+01 1.51327000e+03 9.04877700e+01 1.96107900e+03 9.61070300e+01 2.28261600e+03 2.37227100e+02 5.71799200e+03 4.58617500e-01 7.57497500e-01 4.78275100e-01 6.72007300e-01 4.77446000e-01 6.29112400e-01 4.72819200e-01 5.98753300e-01 3.02084100e-01 3.11661200e-01 1.93040600e+01 3.96323300e+02 1.88911000e+03 1.65013800e-02 1.34256300e+00 4.43309000e+00 1.12865900e+01 2.30473700e+03 5.79215500e+00
8.69465200e-05 1.16075600e+03 2.37266800e-02 1.19948400e-01 1.04009000e+00 5.08534500e-02 3.06283800e+00 9.64280300e-01 9.96864000e-01 6.82257100e+01 6.89950500e-01 3.10049500e-01 1.44320200e-01 9.84634700e-02 8.11902300e-01 8.25388900e-01 4.52084100e-01 6.05845000e-01 9.82946200e-01 9.93506300e+01 2.46136000e+00 7.04803500e+00 2.13881800e+00 1.93198200e+00 1.27448600e+03 6.00764700e+03 2.60430300e+03 8.43165200e+02 2.40550200e+02 9.64280300e-01 2.45956300e-01 2.47284800e-01 2.35130000e+00 1.36851700e+01 1.08830000e+03 1.43413500e+02 1.04013000e+00 1.37880400e+01 1.06302300e+03 1.45620500e+02 1.43412300e-01 1.58876900e-01 3.43340100e+03 1.04790500e-02 8.10871500e-01 4.47107100e-01 7.35324700e+01 6.35541200e+02 8.36995400e+01 1.51606700e+03 9.04556000e+01 1.96415500e+03 9.61081700e+01 2.28574600e+03 2.37797700e+02 5.71616600e+03 4.56792500e-01 7.50384500e-01 4.75489500e-01 6.65312100e-01 4.74253400e-01 6.22684600e-01 4.69385100e-01 5.92536500e-01 2.98804100e-01 3.08122200e-01 1.87004300e+01 3.95641700e+02 1.88886500e+03 5.75057900e-02 1.03858200e+00 5.60638400e+00 1.16013400e+01 2.30320800e+03 6.70247200e+00
1.71049000e-04 1.15992800e+03 2.35668500e-02 1.20373900e-01 1.04009400e+00 5.03925500e-02 3.06245300e+00 9.61820500e-01 9.99136500e-01 6.79437300e+01 6.86796200e-01 3.13203800e-01 1.44585800e-01 9.82370100e-02 8.13094800e-01 8.30795400e-01 4.55045400e-01 6.08272200e-01 9.86430500e-01 9.89831600e+01 2.47115100e+00 7.03887900e+00 2.13799400e+00 1.93301900e+00 1.27907000e+03 5.99965000e+03 2.60238200e+03 8.41091500e+02 2.39620600e+02 9.61820500e-01 2.45892600e-01 2.47220900e-01 2.37735000e+00 1.37030100e+01 1.08851900e+03 1.43426300e+02 1.04014300e+00 1.37890900e+01 1.06267900e+03 1.45684000e+02 1.43240000e-01 1.59055900e-01 3.43975100e+03 1.04984300e-02 8.09313300e-01 4.46412000e-01 7.32792300e+01 6.37965800e+02 8.34947600e+01 1.52109100e+03 9.02781400e+01 1.97016700e+03 9.59512800e+01 2.29233800e+03 2.37917300e+02 5.72396800e+03 4.59510700e-01 7.51171500e-01 4.77521200e-01 6.65664200e-01 4.75908800e-01 6.22871100e-01 4.70778700e-01 5.92625400e-01 2.98723800e-01 3.07900300e-01 1.73471200e+01 3.95629300e+02 1.88925900e+03 9.90852500e-02 8.72797100e-01 6.50107700e+00 1.01470900e+01 2.30223500e+03 7.47295900e+00
1.32525100e-02 1.15858900e+03 2.44077100e-02 1.14817600e-01 1.04075800e+00 4.92482600e-02 3.05299400e+00 9.79664800e-01 9.97970200e-01 7.08697500e+01 7.21513400e-01 2.78486600e-01 1.39870500e-01 9.91258700e-02 7.91847900e-01 7.62927500e-01 4.17872600e-01 5.75231700e-01 9.40613700e-01 1.03635700e+02 2.36226800e+00 6.69403100e+00 2.11786600e+00 1.91920800e+00 1.24676200e+03 6.07188300e+03 2.61512100e+03 8.53192900e+02 2.44358500e+02 9.79664800e-01 2.46179600e-01 2.47509000e-01 2.24490800e+00 1.35748400e+01 1.08713700e+03 1.44212600e+02 1.04072800e+00 1.38568900e+01 1.06412900e+03 1.46234100e+02 1.43166200e-01 1.58359300e-01 3.32703500e+03 1.01545300e-02 8.32629000e-01 4.57898700e-01 7.58371400e+01 6.14012300e+02 8.54435100e+01 1.47216700e+03 9.18745700e+01 1.91222900e+03 9.72779700e+01 2.22940800e+03 2.35194800e+02 5.66562100e+03 4.24738400e-01 7.35019500e-01 4.49816200e-01 6.55236100e-01 4.52327900e-01 6.14749600e-01 4.50152900e-01 5.85919800e-01 2.96794600e-01 3.07592400e-01 8.64713600e+00 3.95794900e+02 1.89009900e+03 4.06910700e-01 3.87684100e+00 7.66679800e+00 1.06869900e+01 2.29454100e+03 1.19505500e+01
1.77244000e-03 1.15776000e+03 2.40658900e-02 1.15445300e-01 1.03893200e+00 5.03635000e-02 3.06505100e+00 9.75421100e-01 1.00044300e+00 6.97235100e+01 7.11693500e-01 2.88306500e-01 1.40156400e-01 9.77219500e-02 7.97726100e-01 7.82024500e-01 4.28332500e-01 5.84544300e-01 9.55353700e-01 1.02099800e+02 2.39825300e+00 6.86798100e+00 2.14355500e+00 1.93816000e+00 1.26442900e+03 6.10940300e+03 2.63391800e+03 8.56318400e+02 2.44688700e+02 9.75421100e-01 2.46061000e-01 2.47389900e-01 2.29736400e+00 1.36658200e+01 1.08755200e+03 1.44312300e+02 1.03894300e+00 1.38902900e+01 1.06344200e+03 1.46435200e+02 1.42737400e-01 1.58453100e-01 3.33386900e+03 1.01753800e-02 8.28924900e-01 4.56192000e-01 7.47805100e+01 6.23388800e+02 8.45258000e+01 1.49226400e+03 9.10345300e+01 1.93674300e+03 9.64958000e+01 2.25666900e+03 2.35071600e+02 5.70521500e+03 4.34578300e-01 7.39463400e-01 4.57724000e-01 6.58055700e-01 4.59076900e-01 6.16911200e-01 4.56061700e-01 5.87676800e-01 2.97261600e-01 3.07558200e-01 1.26708000e+01 3.95664500e+02 1.89004800e+03 1.03254600e-01 2.75631800e+00 4.21785700e+00 1.00592200e+01 2.29838300e+03 7.07742900e+00
3.34444200e-03 1.15782700e+03 2.41281300e-02 1.15426900e-01 1.03934700e+00 5.34613300e-02 3.07009600e+00 9.62156300e-01 1.00132700e+00 6.99249300e+01 7.13262500e-01 2.86737500e-01 1.40200200e-01 9.80348700e-02 7.95637500e-01 7.77851800e-01 4.26047000e-01 5.82219000e-01 9.51479100e-01 1.02352400e+02 2.42910400e+00 7.16095000e+00 2.15439600e+00 1.93593000e+00 1.30109900e+03 6.18555500e+03 2.62034300e+03 8.46041600e+02 2.40863500e+02 9.62156300e-01 2.46080600e-01 2.47409600e-01 2.28767100e+00 1.36472400e+01 1.08748600e+03 1.44268900e+02 1.03934800e+00 1.38807100e+01 1.06355700e+03 1.46374700e+02 1.42846000e-01 1.58441800e-01 3.33491600e+03 1.01785700e-02 8.29236600e-01 4.56317400e-01 7.49687300e+01 6.21712600e+02 8.46952300e+01 1.48862800e+03 9.11938200e+01 1.93227500e+03 9.66477400e+01 2.25167000e+03 2.35164500e+02 5.69721100e+03 4.32389200e-01 7.37686400e-01 4.55811900e-01 6.56653200e-01 4.57347300e-01 6.15671900e-01 4.54469500e-01 5.86543500e-01 2.96753700e-01 3.07112900e-01 1.14009100e+01 3.95710400e+02 1.89060500e+03 1.39401100e-01 2.92364600e+00 4.56626400e+00 1.03097000e+01 2.29771600e+03 7.62931200e+00
1.03244600e-03 1.15628900e+03 2.36907200e-02 1.17746200e-01 1.03952600e+00 5.51304800e-02 3.07147300e+00 9.64803200e-01 1.00133700e+00 6.87823500e+01 6.99679400e-01 3.00320600e-01 1.42082000e-01 9.77273600e-02 8.07528800e-01 8.07960200e-01 4.42538000e-01 5.97797800e-01 9.73687300e-01 1.00584900e+02 2.45102000e+00 7.44476300e+00 2.15736600e+00 1.93213800e+00 1.28074100e+03 6.05806800e+03 2.61077600e+03 8.43998800e+02 2.40382400e+02 9.64803200e-01 2.45942600e-01 2.47271100e-01 2.35712600e+00 1.36962200e+01 1.08816000e+03 1.44003800e+02 1.03957500e+00 1.38521900e+01 1.06275600e+03 1.46236500e+02 1.42720400e-01 1.58907900e-01 3.37990000e+03 1.03158200e-02 8.19888700e-01 4.51802800e-01 7.39704700e+01 6.31081100e+02 8.39371000e+01 1.50775700e+03 9.05748500e+01 1.95491900e+03 9.61354300e+01 2.27625400e+03 2.36262400e+02 5.71960800e+03 4.47987500e-01 7.47318100e-01 4.68755800e-01 6.63671400e-01 4.68679900e-01 6.21598700e-01 4.64627400e-01 5.91782400e-01 2.98826200e-01 3.08587100e-01 1.37516500e+01 3.95984300e+02 1.88700200e+03 1.53926300e-04 1.74777200e+00 3.77808400e+00 1.03138000e+01 2.29673800e+03 5.52601000e+00
2.34378400e-05 1.16164900e+03 2.35518600e-02 1.19980300e-01 1.04040300e+00 5.25783100e-02 3.07411600e+00 9.68596100e-01 1.00128200e+00 6.81744400e+01 6.89791500e-01 3.10208500e-01 1.44177300e-01 9.82920600e-02 8.18968000e-01 8.32785500e-01 4.56135400e-01 6.11195800e-01 9.91873200e-01 9.94007500e+01 2.46743400e+00 7.25555400e+00 2.16307400e+00 1.94716400e+00 1.27204600e+03 6.01382700e+03 2.62796100e+03 8.52067600e+02 2.43278400e+02 9.68596100e-01 2.45886500e-01 2.47214800e-01 2.37981400e+00 1.36937000e+01 1.08850100e+03 1.43537900e+02 1.04045800e+00 1.37956400e+01 1.06260300e+03 1.45803500e+02 1.43099100e-01 1.59137000e-01 3.42998500e+03 1.04686300e-02 8.11232000e-01 4.47428300e-01 7.34775700e+01 6.36029000e+02 8.36418600e+01 1.51718700e+03 9.03957900e+01 1.96557800e+03 9.60464500e+01 2.28737900e+03 2.37674300e+02 5.71974900e+03 4.60887500e-01 7.56896900e-01 4.79706300e-01 6.71066400e-01 4.78437900e-01 6.28062000e-01 4.73512600e-01 5.97648500e-01 3.01376100e-01 3.10765700e-01 2.13223200e+01 3.95748700e+02 1.88940400e+03 5.24378200e-02 1.09677200e+00 5.38347900e+00 1.02907400e+01 2.30647500e+03 6.53268900e+00
4.13427400e-03 1.15741700e+03 2.38179700e-02 1.15605700e-01 1.03963400e+00 6.23330500e-02 3.08270000e+00 9.68534000e-01 1.00266900e+00 6.96978800e+01 7.11661600e-01 2.88338400e-01 1.40068800e-01 9.76250100e-02 8.04922600e-01 7.89123000e-01 4.32220500e-01 5.89833900e-01 9.64149400e-01 1.02220100e+02 2.43477900e+00 8.06732200e+00 2.18172400e+00 1.92600700e+00 1.27709400e+03 6.08463600e+03 2.61154900e+03 8.45050500e+02 2.40785600e+02 9.68534000e-01 2.45987800e-01 2.47316400e-01 2.33660200e+00 1.36707400e+01 1.08783800e+03 1.44461000e+02 1.03966600e+00 1.38949400e+01 1.06290800e+03 1.46661700e+02 1.42336200e-01 1.58846600e-01 3.33177700e+03 1.01689900e-02 8.29167600e-01 4.56522500e-01 7.47501500e+01 6.23646400e+02 8.44932100e+01 1.49286600e+03 9.10003400e+01 1.93751400e+03 9.64602400e+01 2.25755900e+03 2.34996000e+02 5.70727900e+03 4.38541800e-01 7.46127800e-01 4.61882900e-01 6.63979400e-01 4.63240600e-01 6.22461500e-01 4.60193000e-01 5.92962200e-01 2.99934000e-01 3.10318800e-01 1.09768900e+01 3.97700100e+02 1.88764600e+03 1.20448700e-01 2.83966800e+00 4.38223500e+00 1.11678900e+01 2.29632300e+03 7.34235200e+00
9.22418900e-03 1.15856800e+03 2.26902900e-02 1.16051500e-01 1.04053100e+00 4.58400600e-02 3.03270400e+00 9.66091800e-01 1.00217800e+00 6.88995400e+01 7.06377500e-01 2.93622500e-01 1.39386900e-01 9.60369300e-02 7.91604800e-01 7.83145500e-01 4.28946400e-01 5.82714400e-01 9.53674700e-01 1.01824500e+02 2.38912900e+00 6.67572000e+00 2.07532700e+00 1.89352200e+00 1.24741000e+03 5.88593300e+03 2.56706300e+03 8.25983700e+02 2.33036000e+02 9.66091800e-01 2.45512600e-01 2.46839600e-01 2.52851200e+00 1.37592000e+01 1.08917900e+03 1.45214300e+02 1.04069100e+00 1.39536400e+01 1.06039000e+03 1.47786900e+02 1.40370700e-01 1.60393300e-01 3.31547600e+03 1.01192600e-02 8.29738200e-01 4.57700700e-01 7.39846300e+01 6.30478800e+02 8.37716700e+01 1.50793800e+03 9.03000400e+01 1.95622300e+03 9.57738500e+01 2.27865500e+03 2.34238800e+02 5.74500200e+03 4.34786200e-01 7.33252100e-01 4.56603600e-01 6.51927400e-01 4.57316600e-01 6.10913100e-01 4.53887400e-01 5.81805100e-01 2.94075200e-01 3.03995200e-01 9.37185200e+00 3.96086100e+02 1.89430600e+03 7.42627800e-02 2.59136600e+00 3.91925700e+00 1.07867300e+01 2.29976400e+03 6.58488500e+00
1.50260100e-02 1.15590000e+03 2.30857200e-02 1.16710400e-01 1.04076500e+00 5.43175400e-02 3.05599300e+00 9.75017500e-01 1.00165100e+00 6.90643300e+01 7.05566500e-01 2.94433500e-01 1.40441300e-01 9.69948400e-02 8.04418000e-01 7.96920000e-01 4.36491100e-01 5.92554900e-01 9.67954300e-01 1.01642400e+02 2.40268400e+00 7.47528100e+00 2.12422600e+00 1.90555400e+00 1.23520600e+03 5.89095200e+03 2.58775200e+03 8.38475100e+02 2.38257400e+02 9.75017500e-01 2.45692000e-01 2.47019600e-01 2.45808400e+00 1.37157500e+01 1.08876400e+03 1.44736500e+02 1.04087600e+00 1.39052600e+01 1.06134400e+03 1.47170700e+02 1.41303000e-01 1.59889300e-01 3.34068000e+03 1.01961600e-02 8.26345200e-01 4.55640100e-01 7.41762900e+01 6.28907200e+02 8.40105000e+01 1.50398500e+03 9.05690800e+01 1.95096700e+03 9.60676500e+01 2.27242700e+03 2.35094700e+02 5.72696800e+03 4.42355100e-01 7.45038200e-01 4.64348100e-01 6.62313800e-01 4.64976400e-01 6.20607000e-01 4.61425000e-01 5.91012800e-01 2.98690400e-01 3.08728200e-01 8.39594500e+00 3.95844700e+02 1.89079000e+03 5.48937100e-02 2.50994400e+00 3.74108700e+00 1.04639400e+01 2.29503100e+03 6.30592400e+00
1.43308800e-02 1.15567100e+03 2.25793400e-02 1.18672400e-01 1.04024700e+00 5.45610900e-02 3.04606100e+00 9.67271800e-01 9.99780900e-01 6.77679400e+01 6.91024300e-01 3.08975700e-01 1.41896900e-01 9.61606100e-02 8.06637900e-01 8.18615800e-01 4.48374300e-01 6.01394800e-01 9.79865400e-01 9.97619100e+01 2.43033300e+00 7.63702400e+00 2.10323300e+00 1.88580300e+00 1.23222600e+03 5.78014500e+03 2.54851500e+03 8.21407600e+02 2.32323600e+02 9.67271800e-01 2.45472600e-01 2.46799400e-01 2.54800200e+00 1.37910700e+01 1.08954300e+03 1.44614700e+02 1.04040400e+00 1.38998600e+01 1.06031400e+03 1.47211100e+02 1.40899500e-01 1.60409400e-01 3.37547500e+03 1.03023200e-02 8.18147200e-01 4.51740500e-01 7.30204400e+01 6.39920900e+02 8.30887600e+01 1.52677000e+03 8.97808400e+01 1.97819000e+03 9.53806300e+01 2.30221600e+03 2.35827800e+02 5.76029600e+03 4.53158100e-01 7.45626800e-01 4.71974100e-01 6.61212900e-01 4.70872300e-01 6.18897900e-01 4.66121600e-01 5.88964200e-01 2.97059900e-01 3.06364600e-01 8.49067800e+00 3.96033900e+02 1.89109000e+03 2.27870300e-02 1.27934900e+00 4.38953900e+00 1.00354600e+01 2.29561500e+03 5.69167400e+00
5.44396800e-03 1.15477000e+03 2.33021700e-02 1.17868500e-01 1.03894000e+00 5.32395700e-02 3.05718900e+00 9.62636400e-01 9.99752100e-01 6.82147200e+01 6.95232600e-01 3.04767400e-01 1.41815900e-01 9.67392900e-02 8.02700100e-01 8.09052900e-01 4.43136600e-01 5.96410700e-01 9.71883600e-01 1.00020200e+02 2.44347600e+00 7.33795200e+00 2.12677000e+00 1.91195300e+00 1.26861100e+03 5.96966900e+03 2.58154200e+03 8.32329400e+02 2.36213100e+02 9.62636400e-01 2.45788700e-01 2.47116700e-01 2.42146100e+00 1.37533500e+01 1.08861100e+03 1.44269500e+02 1.03903200e+00 1.38849900e+01 1.06191600e+03 1.46625500e+02 1.42036500e-01 1.59295700e-01 3.37353700e+03 1.02964100e-02 8.19493600e-01 4.51870700e-01 7.34346500e+01 6.36006300e+02 8.34476300e+01 1.51845000e+03 9.01094000e+01 1.96807600e+03 9.56868800e+01 2.29099400e+03 2.35895500e+02 5.74403500e+03 4.48210300e-01 7.42406100e-01 4.67873200e-01 6.58819000e-01 4.67273800e-01 6.16849400e-01 4.62885900e-01 5.87133900e-01 2.96303200e-01 3.05775100e-01 1.04264900e+01 3.95788900e+02 1.88751300e+03 1.05129100e-02 1.40705700e+00 4.35600600e+00 1.00376100e+01 2.29372800e+03 5.77357600e+00
7.20703200e-03 1.15512500e+03 2.30071100e-02 1.18164200e-01 1.03958300e+00 5.67993000e-02 3.06006200e+00 9.71645700e-01 1.00062700e+00 6.80792200e+01 6.94016800e-01 3.05983200e-01 1.41816500e-01 9.65475600e-02 8.09469000e-01 8.17501100e-01 4.47763800e-01 6.02039000e-01 9.81054000e-01 9.99889700e+01 2.43240000e+00 7.75909400e+00 2.13288800e+00 1.90385100e+00 1.23752100e+03 5.86087800e+03 2.57712400e+03 8.33962000e+02 2.36963600e+02 9.71645700e-01 2.45653400e-01 2.46980800e-01 2.47169200e+00 1.37654600e+01 1.08898200e+03 1.44418800e+02 1.03969700e+00 1.38904600e+01 1.06126800e+03 1.46871500e+02 1.41569200e-01 1.59758600e-01 3.37355200e+03 1.02964500e-02 8.19167100e-01 4.51936200e-01 7.33076900e+01 6.37196500e+02 8.33359700e+01 1.52099500e+03 9.00060300e+01 1.97118000e+03 9.55895600e+01 2.29444800e+03 2.35856500e+02 5.74924100e+03 4.52793600e-01 7.48543800e-01 4.72348200e-01 6.64130100e-01 4.71598200e-01 6.21765700e-01 4.67073600e-01 5.91778500e-01 2.98599000e-01 3.08087500e-01 9.86539600e+00 3.96349000e+02 1.88827900e+03 1.14487700e-02 1.40705700e+00 4.24756500e+00 1.00907700e+01 2.29449300e+03 5.66607000e+00
1.62726500e-02 1.15514300e+03 2.32328100e-02 1.17044300e-01 1.03856300e+00 5.27729100e-02 3.04516800e+00 9.63626500e-01 9.97739700e-01 6.83245800e+01 6.98126100e-01 3.01873900e-01 1.40922200e-01 9.62845400e-02 7.95283900e-01 7.97763800e-01 4.36953200e-01 5.89492900e-01 9.62129900e-01 1.00383200e+02 2.42024700e+00 7.29217500e+00 2.10135600e+00 1.89087000e+00 1.25357600e+03 5.91330700e+03 2.55648200e+03 8.24033700e+02 2.33543500e+02 9.63626500e-01 2.45759900e-01 2.47087800e-01 2.43315600e+00 1.37681600e+01 1.08862300e+03 1.44536200e+02 1.03865500e+00 1.39157100e+01 1.06168700e+03 1.46921000e+02 1.41673500e-01 1.59351300e-01 3.35217700e+03 1.02312300e-02 8.22893300e-01 4.53679800e-01 7.35027900e+01 6.35209500e+02 8.34483400e+01 1.51724100e+03 9.00696400e+01 1.96696600e+03 9.56153200e+01 2.29007700e+03 2.35245300e+02 5.74986400e+03 4.42217500e-01 7.35832000e-01 4.62329700e-01 6.53300400e-01 4.62072100e-01 6.11814000e-01 4.57955300e-01 5.82423000e-01 2.94044900e-01 3.03574100e-01 8.23653900e+00 3.95746900e+02 1.88990600e+03 8.53844100e-04 1.60798500e+00 3.94383100e+00 1.08451900e+01 2.29388900e+03 5.55267000e+00
1.01644200e-02 1.15680000e+03 2.28242000e-02 1.16896800e-01 1.03801200e+00 5.20791100e-02 3.04889200e+00 9.69589300e-01 9.99156500e-01 6.78558300e+01 6.95148800e-01 3.04851200e-01 1.40366100e-01 9.52465900e-02 7.99326500e-01 8.05763300e-01 4.41334700e-01 5.93944900e-01 9.70354900e-01 1.00026100e+02 2.41586400e+00 7.30133100e+00 2.10919700e+00 1.90056100e+00 1.24062000e+03 5.87828300e+03 2.57393400e+03 8.30522200e+02 2.35219300e+02 9.69589300e-01 2.45566600e-01 2.46893700e-01 2.50442200e+00 1.38251900e+01 1.08909000e+03 1.44889200e+02 1.03815200e+00 1.39564500e+01 1.06077200e+03 1.47409700e+02 1.40864400e-01 1.59798900e-01 3.33888300e+03 1.01906700e-02 8.23757400e-01 4.54423600e-01 7.30474500e+01 6.39385200e+02 8.30104800e+01 1.52649100e+03 8.96388400e+01 1.97848200e+03 9.51882800e+01 2.30309300e+03 2.34684300e+02 5.77406300e+03 4.46403200e-01 7.39277000e-01 4.65961900e-01 6.56032800e-01 4.65353400e-01 6.14237000e-01 4.60975900e-01 5.84645200e-01 2.95052600e-01 3.04476000e-01 9.17772400e+00 3.95716600e+02 1.89281300e+03 1.03559100e-02 1.40705700e+00 4.33262100e+00 1.01416300e+01 2.29770700e+03 5.75003400e+00
6.44612000e-04 1.15736600e+03 2.38516700e-02 1.17415000e-01 1.03951900e+00 5.97755100e-02 3.07547300e+00 9.73110200e-01 9.98149300e-01 6.90313700e+01 7.02199500e-01 2.97800500e-01 1.41911800e-01 9.79636600e-02 8.09801600e-01 8.06827600e-01 4.41917700e-01 5.98218700e-01 9.74665000e-01 1.00888200e+02 2.43494200e+00 7.85064700e+00 2.16601200e+00 1.92194300e+00 1.25548400e+03 6.00200400e+03 2.60448300e+03 8.46074300e+02 2.41813800e+02 9.73110200e-01 2.45998400e-01 2.47327100e-01 2.33120900e+00 1.36789800e+01 1.08795000e+03 1.43966500e+02 1.03954700e+00 1.38489700e+01 1.06309900e+03 1.46148300e+02 1.42917600e-01 1.58725500e-01 3.37583100e+03 1.03034000e-02 8.21067500e-01 4.52295300e-01 7.41961000e+01 6.28981400e+02 8.41248100e+01 1.50334700e+03 9.07411800e+01 1.94960100e+03 9.62857100e+01 2.27039100e+03 2.36205600e+02 5.71207500e+03 4.47572700e-01 7.49677700e-01 4.68960900e-01 6.66051600e-01 4.69186700e-01 6.23947200e-01 4.65330700e-01 5.94092400e-01 3.00097900e-01 3.10020500e-01 1.46937200e+01 3.96840800e+02 1.88700100e+03 5.47309600e-03 1.96545900e+00 3.64978300e+00 1.05757800e+01 2.29853600e+03 5.62071500e+00
8.99339300e-03 1.15505500e+03 2.41602200e-02 1.16135500e-01 1.03963500e+00 4.89730800e-02 3.05461800e+00 9.68837100e-01 9.99739100e-01 6.97930900e+01 7.10657700e-01 2.89342300e-01 1.40940800e-01 9.83669700e-02 7.94246100e-01 7.80010500e-01 4.27229300e-01 5.82516300e-01 9.50711700e-01 1.02002600e+02 2.40300800e+00 6.72454800e+00 2.12130800e+00 1.92338500e+00 1.27123400e+03 6.09124300e+03 2.60755600e+03 8.45649400e+02 2.41312400e+02 9.68837100e-01 2.46091000e-01 2.47420100e-01 2.28269800e+00 1.36387300e+01 1.08750900e+03 1.44060600e+02 1.03963400e+00 1.38568500e+01 1.06370900e+03 1.46149900e+02 1.43108500e-01 1.58423500e-01 3.35262100e+03 1.02325900e-02 8.26279100e-01 4.54770100e-01 7.48715500e+01 6.22705300e+02 8.46576700e+01 1.49037600e+03 9.11920300e+01 1.93412400e+03 9.66740400e+01 2.25347900e+03 2.35690500e+02 5.69405800e+03 4.33379100e-01 7.36130200e-01 4.56196400e-01 6.54968900e-01 4.57418500e-01 6.13966300e-01 4.54329600e-01 5.84839500e-01 2.95777000e-01 3.05971400e-01 9.42253000e+00 3.95742900e+02 1.88803500e+03 9.10938200e-02 2.67357500e+00 4.10500400e+00 1.00386700e+01 2.29320100e+03 6.86967300e+00
3.82409800e-05 1.16424400e+03 2.33141400e-02 1.21890300e-01 1.03936100e+00 4.68062700e-02 3.05533600e+00 9.58795900e-01 9.98703700e-01 6.69622800e+01 6.74729500e-01 3.25270500e-01 1.45849600e-01 9.76641900e-02 8.14643300e-01 8.48260400e-01 4.64611400e-01 6.15217500e-01 9.95525500e-01 9.74737400e+01 2.48710100e+00 6.73675500e+00 2.12283100e+00 1.93312600e+00 1.27890300e+03 5.95642400e+03 2.59502700e+03 8.37299400e+02 2.38194600e+02 9.58795900e-01 2.45793500e-01 2.47121500e-01 2.41944300e+00 1.37558500e+01 1.08893600e+03 1.43233700e+02 1.03944800e+00 1.37797900e+01 1.06222200e+03 1.45565200e+02 1.43195500e-01 1.59212800e-01 3.46995900e+03 1.05905900e-02 8.02811600e-01 4.43190500e-01 7.24201800e+01 6.46407400e+02 8.28263400e+01 1.53832300e+03 8.97177200e+01 1.99061000e+03 9.54725200e+01 2.31459200e+03 2.38593600e+02 5.74722700e+03 4.68027900e-01 7.51420500e-01 4.83345500e-01 6.64599600e-01 4.80320400e-01 6.21346000e-01 4.74228300e-01 5.90848300e-01 2.97365900e-01 3.05999800e-01 2.03432100e+01 3.95780700e+02 1.88900200e+03 3.87372000e-01 2.81231800e-01 1.23978700e+01 1.02966600e+01 2.30512500e+03 1.30664800e+01
1.26041000e-02 1.15946100e+03 2.17674700e-02 1.20355700e-01 1.04041500e+00 4.87923200e-02 3.02974400e+00 9.50906400e-01 1.00023500e+00 6.65667700e+01 6.77806400e-01 3.22193600e-01 1.42768300e-01 9.50362800e-02 8.04264500e-01 8.33482900e-01 4.56517400e-01 6.05937900e-01 9.85757600e-01 9.83000700e+01 2.46506100e+00 7.24029500e+00 2.06919400e+00 1.87681200e+00 1.25656900e+03 5.73004600e+03 2.51756600e+03 8.01623800e+02 2.24309200e+02 9.50906400e-01 2.45119100e-01 2.46444700e-01 2.70157800e+00 1.38751800e+01 1.09072900e+03 1.44799200e+02 1.04065500e+00 1.39142300e+01 1.05855900e+03 1.47671400e+02 1.39782000e-01 1.61524800e-01 3.39630600e+03 1.03658700e-02 8.12291200e-01 4.49292400e-01 7.19386400e+01 6.50513000e+02 8.21983900e+01 1.54882300e+03 8.89973800e+01 2.00466900e+03 9.46771500e+01 2.33132400e+03 2.36149200e+02 5.79682200e+03 4.60199200e-01 7.42141400e-01 4.76004700e-01 6.56712400e-01 4.73368000e-01 6.14103800e-01 4.67588800e-01 5.84042900e-01 2.94070800e-01 3.02723900e-01 8.74746600e+00 3.95726400e+02 1.89589800e+03 1.99240900e-01 5.80430900e-01 7.73494900e+00 1.00366400e+01 2.30037200e+03 8.51462000e+00
1.12340200e-02 1.15995800e+03 2.15825300e-02 1.20506700e-01 1.04044100e+00 4.84869700e-02 3.02776000e+00 9.57841200e-01 9.98402500e-01 6.63726800e+01 6.75996300e-01 3.24003700e-01 1.42734400e-01 9.47366400e-02 8.06825000e-01 8.38481900e-01 4.59255500e-01 6.08719000e-01 9.90340800e-01 9.81250500e+01 2.45148800e+00 7.24945100e+00 2.06509200e+00 1.87423600e+00 1.23431300e+03 5.66550100e+03 2.51858100e+03 8.04094100e+02 2.25160700e+02 9.57841200e-01 2.45031300e-01 2.46356500e-01 2.73881200e+00 1.38933900e+01 1.09099000e+03 1.44901200e+02 1.04071200e+00 1.39232800e+01 1.05814000e+03 1.47839500e+02 1.39454300e-01 1.61799200e-01 3.39549400e+03 1.03634000e-02 8.11957300e-01 4.49256700e-01 7.17612400e+01 6.52251200e+02 8.20408800e+01 1.55253200e+03 8.88503700e+01 2.00919300e+03 9.45376700e+01 2.33635800e+03 2.36069800e+02 5.80459600e+03 4.62772600e-01 7.44333000e-01 4.78229300e-01 6.58466200e-01 4.75379400e-01 6.15667700e-01 4.69443900e-01 5.85483400e-01 2.94731100e-01 3.03331600e-01 8.97761700e+00 3.95761000e+02 1.89574100e+03 2.30540300e-01 5.37244800e-01 8.23175200e+00 1.04361200e+01 2.30047900e+03 8.99953700e+00
6.13076000e-03 1.15664300e+03 2.24005400e-02 1.19734400e-01 1.03916000e+00 5.16676400e-02 3.04953000e+00 9.60096700e-01 1.00124200e+00 6.68853800e+01 6.80842300e-01 3.19157700e-01 1.42780100e-01 9.54990100e-02 8.09161300e-01 8.34597600e-01 4.57127900e-01 6.08186000e-01 9.89394500e-01 9.84079800e+01 2.46363500e+00 7.39593500e+00 2.11054200e+00 1.90333900e+00 1.25626500e+03 5.83096300e+03 2.56189200e+03 8.22282300e+02 2.32031300e+02 9.60096700e-01 2.45407500e-01 2.46734100e-01 2.57980300e+00 1.38461800e+01 1.08986000e+03 1.44476400e+02 1.03933500e+00 1.39008500e+01 1.05997100e+03 1.47129300e+02 1.40852900e-01 1.60451100e-01 3.39658700e+03 1.03667300e-02 8.13005700e-01 4.49165300e-01 7.22328400e+01 6.47643200e+02 8.24567800e+01 1.54271800e+03 8.92366200e+01 1.99724100e+03 9.49025300e+01 2.32307000e+03 2.36247800e+02 5.78441200e+03 4.61096800e-01 7.46954100e-01 4.77680400e-01 6.61290900e-01 4.75379200e-01 6.18516700e-01 4.69801800e-01 5.88320900e-01 2.96338500e-01 3.05183200e-01 1.01888700e+01 3.95840200e+02 1.88820000e+03 1.84618800e-01 6.25207500e-01 7.97245000e+00 1.02747000e+01 2.29422900e+03 8.78227700e+00
1.87042400e-03 1.16013600e+03 2.30095600e-02 1.19327100e-01 1.04017400e+00 5.57397200e-02 3.07203900e+00 9.51523500e-01 1.00495400e+00 6.78704800e+01 6.89602000e-01 3.10398000e-01 1.42981800e-01 9.70424600e-02 8.12676600e-01 8.26640300e-01 4.52769600e-01 6.06593100e-01 9.86455000e-01 9.94733300e+01 2.49766800e+00 7.67364500e+00 2.15858700e+00 1.93087700e+00 1.30663300e+03 6.02800800e+03 2.59383800e+03 8.30894300e+02 2.34948000e+02 9.51523500e-01 2.45654600e-01 2.46982000e-01 2.47126400e+00 1.37525100e+01 1.08907900e+03 1.44117000e+02 1.04028700e+00 1.38535700e+01 1.06134400e+03 1.46563500e+02 1.41902400e-01 1.59807900e-01 3.40140900e+03 1.03814400e-02 8.14624100e-01 4.49583700e-01 7.31542400e+01 6.38853200e+02 8.32785300e+01 1.52388000e+03 9.00056200e+01 1.97422100e+03 9.56336800e+01 2.29741400e+03 2.36682100e+02 5.74434600e+03 4.57468500e-01 7.51065500e-01 4.76103800e-01 6.65878200e-01 4.74824600e-01 6.23199000e-01 4.69923100e-01 5.93016600e-01 2.99040400e-01 3.08346400e-01 1.25631800e+01 3.96534800e+02 1.89094900e+03 4.49359000e-02 1.15641700e+00 5.06882200e+00 1.39547900e+01 2.30004700e+03 6.27017500e+00
9.50628900e-06 1.16159900e+03 2.40808700e-02 1.18439100e-01 1.03904100e+00 5.09541700e-02 3.07588600e+00 9.71056200e-01 1.00119600e+00 6.86981200e+01 6.96647500e-01 3.03352500e-01 1.43165100e-01 9.83517500e-02 8.11618700e-01 8.16141000e-01 4.47018800e-01 6.02336200e-01 9.79218500e-01 1.00048100e+02 2.44931000e+00 6.96563700e+00 2.16690700e+00 1.95696100e+00 1.27928100e+03 6.11716700e+03 2.64658200e+03 8.60140500e+02 2.46256600e+02 9.71056200e-01 2.46065600e-01 2.47394600e-01 2.29502400e+00 1.36744400e+01 1.08778200e+03 1.43529300e+02 1.03904700e+00 1.38135500e+01 1.06367100e+03 1.45634400e+02 1.43627400e-01 1.58346000e-01 3.40579000e+03 1.03948100e-02 8.15933400e-01 4.49452600e-01 7.39314500e+01 6.31630900e+02 8.39741600e+01 1.50834300e+03 9.06578800e+01 1.95520100e+03 9.62547600e+01 2.27619000e+03 2.37060400e+02 5.71089300e+03 4.52251500e-01 7.50796100e-01 4.72448200e-01 6.66420100e-01 4.72010100e-01 6.24031000e-01 4.67688600e-01 5.94009600e-01 2.99821400e-01 3.09475100e-01 2.31271100e+01 3.95595400e+02 1.88828900e+03 9.93363000e-03 1.40705700e+00 4.51335200e+00 1.02567600e+01 2.30701200e+03 5.93034300e+00
7.33238800e-08 1.16864000e+03 2.45432900e-02 1.18514200e-01 1.03936500e+00 6.15872200e-02 3.10339400e+00 9.73855900e-01 1.00239800e+00 6.91741900e+01 6.99685400e-01 3.00314600e-01 1.43702600e-01 9.94051300e-02 8.22326500e-01 8.22757600e-01 4.50642900e-01 6.08749200e-01 9.88717500e-01 1.00386200e+02 2.47410800e+00 7.89337200e+00 2.22734300e+00 1.96921500e+00 1.28695900e+03 6.17934600e+03 2.66384400e+03 8.68320700e+02 2.49768400e+02 9.73855900e-01 2.46233600e-01 2.47563200e-01 2.22461700e+00 1.36184500e+01 1.08729500e+03 1.43159300e+02 1.03932900e+00 1.37742000e+01 1.06470100e+03 1.45120800e+02 1.44477900e-01 1.57863600e-01 3.41863900e+03 1.04340100e-02 8.15190300e-01 4.48741600e-01 7.43951300e+01 6.27476000e+02 8.44179200e+01 1.49915300e+03 9.10931200e+01 1.94376900e+03 9.66851100e+01 2.26327700e+03 2.37606200e+02 5.68711400e+03 4.56163100e-01 7.61014700e-01 4.77318700e-01 6.75837200e-01 4.77245300e-01 6.32993800e-01 4.73121200e-01 6.02631200e-01 3.04296700e-01 3.14241400e-01 3.28567600e+01 3.97379800e+02 1.89034300e+03 9.48015600e-04 1.60798500e+00 4.14370300e+00 1.09480000e+01 2.32057900e+03 5.75263600e+00
7.30940800e-05 1.16143700e+03 2.40977600e-02 1.18074900e-01 1.03848500e+00 4.95936400e-02 3.07369400e+00 9.70493700e-01 1.00430000e+00 6.86541700e+01 6.96996000e-01 3.03004000e-01 1.42817800e-01 9.80503800e-02 8.08704800e-01 8.12743600e-01 4.45158000e-01 6.00001200e-01 9.76015100e-01 1.00035200e+02 2.44551500e+00 6.82220500e+00 2.16216200e+00 1.95799500e+00 1.28186400e+03 6.13436900e+03 2.64806500e+03 8.60158600e+02 2.46151900e+02 9.70493700e-01 2.46070900e-01 2.47399900e-01 2.29239300e+00 1.36875900e+01 1.08773400e+03 1.43609500e+02 1.03849400e+00 1.38286400e+01 1.06370900e+03 1.45708800e+02 1.43553700e-01 1.58254500e-01 3.39748800e+03 1.03694800e-02 8.17034600e-01 4.49997300e-01 7.38783700e+01 6.32059700e+02 8.39045200e+01 1.50945100e+03 9.05777500e+01 1.95669200e+03 9.61661100e+01 2.27797100e+03 2.36784300e+02 5.71634200e+03 4.50400400e-01 7.48136000e-01 4.70602600e-01 6.64098100e-01 4.70207700e-01 6.21873100e-01 4.65930300e-01 5.91965800e-01 2.98805900e-01 3.08442300e-01 1.90475300e+01 3.95662200e+02 1.88915000e+03 1.06863000e-02 1.40705700e+00 4.60926600e+00 1.29866800e+01 2.30386000e+03 6.02700900e+00
1.75985500e-02 1.15584700e+03 2.34743900e-02 1.16344100e-01 1.03993000e+00 5.09100500e-02 3.04656700e+00 9.55851600e-01 9.98904000e-01 6.92401100e+01 7.07012900e-01 2.92987100e-01 1.40463700e-01 9.72571900e-02 7.91095500e-01 7.81794300e-01 4.28206400e-01 5.82024200e-01 9.50714300e-01 1.01673400e+02 2.42524000e+00 7.05108600e+00 2.10429800e+00 1.90058500e+00 1.28606000e+03 6.02698100e+03 2.56677000e+03 8.24486500e+02 2.33291900e+02 9.55851600e-01 2.45855500e-01 2.47183700e-01 2.39261200e+00 1.36997200e+01 1.08828600e+03 1.44532800e+02 1.04000300e+00 1.38973500e+01 1.06218300e+03 1.46841700e+02 1.41920900e-01 1.59283800e-01 3.34121400e+03 1.01977900e-02 8.26683100e-01 4.55500900e-01 7.43407700e+01 6.27412100e+02 8.41572300e+01 1.50075900e+03 9.07062100e+01 1.94701400e+03 9.61977900e+01 2.26801400e+03 2.35163500e+02 5.72006600e+03 4.34074200e-01 7.32844000e-01 4.56016000e-01 6.51635200e-01 4.56804100e-01 6.10668900e-01 4.53429400e-01 5.81590900e-01 2.93986600e-01 3.03937600e-01 8.07987700e+00 3.95638500e+02 1.89140600e+03 5.65006100e-02 2.50994400e+00 3.78417800e+00 1.02199600e+01 2.29512400e+03 6.35062200e+00
4.12860100e-05 1.16248800e+03 2.47426600e-02 1.16373000e-01 1.03998100e+00 5.21794600e-02 3.07909400e+00 9.72336800e-01 9.99010000e-01 7.03204300e+01 7.13322900e-01 2.86677100e-01 1.41760800e-01 9.96868000e-02 8.03719300e-01 7.85670100e-01 4.30329300e-01 5.88102000e-01 9.58437100e-01 1.02292700e+02 2.42301700e+00 6.93817100e+00 2.17387000e+00 1.95844400e+00 1.29001600e+03 6.22824000e+03 2.65570100e+03 8.64631000e+02 2.48102000e+02 9.72336800e-01 2.46319300e-01 2.47649200e-01 2.19529100e+00 1.35713300e+01 1.08691600e+03 1.43554300e+02 1.03991900e+00 1.38043800e+01 1.06496800e+03 1.45466600e+02 1.44208700e-01 1.57812600e-01 3.37222100e+03 1.02923900e-02 8.24601200e-01 4.53480600e-01 7.53916900e+01 6.18220300e+02 8.51713400e+01 1.48028100e+03 9.17055300e+01 1.92145000e+03 9.71893800e+01 2.23906400e+03 2.36470900e+02 5.66550100e+03 4.36732100e-01 7.45184300e-01 4.60404100e-01 6.63332500e-01 4.61961500e-01 6.21936200e-01 4.59059200e-01 5.92512500e-01 2.99766300e-01 3.10237900e-01 2.01899700e+01 3.95589600e+02 1.89149400e+03 1.29554300e-01 2.92364600e+00 4.46521500e+00 1.01846000e+01 2.30727400e+03 7.51841500e+00
4.32485900e-03 1.15692600e+03 2.34213200e-02 1.17145000e-01 1.03966100e+00 4.94245400e-02 3.06033200e+00 9.82360400e-01 1.00433500e+00 6.88153100e+01 7.01805400e-01 2.98194600e-01 1.41211400e-01 9.71750800e-02 8.07577800e-01 8.05144100e-01 4.40995600e-01 5.96773200e-01 9.73513200e-01 1.00941900e+02 2.39844200e+00 6.92291300e+00 2.13346500e+00 1.93266200e+00 1.23218200e+03 5.95145300e+03 2.62805700e+03 8.56403000e+02 2.44613500e+02 9.82360400e-01 2.45835200e-01 2.47163300e-01 2.40144500e+00 1.37167300e+01 1.08841200e+03 1.44365600e+02 1.03973800e+00 1.38848000e+01 1.06214500e+03 1.46685300e+02 1.42051000e-01 1.59281700e-01 3.35908900e+03 1.02523200e-02 8.23028700e-01 4.53636600e-01 7.39716000e+01 6.30917900e+02 8.38806700e+01 1.50788300e+03 9.04833500e+01 1.95542100e+03 9.60161300e+01 2.27711900e+03 2.35609600e+02 5.72789600e+03 4.46602600e-01 7.47580900e-01 4.67847800e-01 6.64146600e-01 4.68027500e-01 6.22145000e-01 4.64150700e-01 5.92365600e-01 2.99213700e-01 3.09087600e-01 1.08867500e+01 3.95788900e+02 1.88860200e+03 7.61625500e-03 1.96545900e+00 3.56719300e+00 1.30346400e+01 2.29527800e+03 5.54026800e+00
6.60414000e-05 1.16256600e+03 2.40616700e-02 1.16618100e-01 1.03985200e+00 5.16856200e-02 3.07330600e+00 9.85237800e-01 9.99196900e-01 6.96099900e+01 7.08340900e-01 2.91659100e-01 1.41324900e-01 9.83762200e-02 8.09222900e-01 7.97894200e-01 4.37024600e-01 5.94685100e-01 9.69912100e-01 1.01721000e+02 2.39822100e+00 7.01751700e+00 2.16132500e+00 1.94906600e+00 1.24270300e+03 6.05634200e+03 2.65385400e+03 8.68065700e+02 2.49162500e+02 9.85237800e-01 2.46059700e-01 2.47388700e-01 2.29802200e+00 1.36445200e+01 1.08765400e+03 1.44011500e+02 1.03985700e+00 1.38491600e+01 1.06351900e+03 1.46129900e+02 1.43069300e-01 1.58555000e-01 3.36180100e+03 1.02606000e-02 8.24481500e-01 4.53917900e-01 7.47120000e+01 6.24202000e+02 8.45417500e+01 1.49339300e+03 9.11016100e+01 1.93766500e+03 9.66032700e+01 2.25729500e+03 2.35928200e+02 5.69682500e+03 4.43139400e-01 7.49769500e-01 4.65870300e-01 6.66833700e-01 4.66832700e-01 6.24974200e-01 4.63489000e-01 5.95253900e-01 3.00943400e-01 3.11197000e-01 1.92504600e+01 3.95662600e+02 1.89368300e+03 5.95255100e-02 2.50994400e+00 3.83621800e+00 1.01309600e+01 2.30859600e+03 6.40568700e+00
1.15936200e-02 1.15655400e+03 2.30871700e-02 1.16951300e-01 1.04077200e+00 5.70789500e-02 3.06507000e+00 9.72804800e-01 1.00280900e+00 6.89837600e+01 7.04369200e-01 2.95630800e-01 1.40683600e-01 9.70488400e-02 8.08250700e-01 8.02343400e-01 4.39461600e-01 5.95982500e-01 9.73134000e-01 1.01479800e+02 2.42037100e+00 7.74993900e+00 2.14359700e+00 1.91233900e+00 1.24561600e+03 5.91838300e+03 2.59413100e+03 8.39595300e+02 2.38549200e+02 9.72804800e-01 2.45692700e-01 2.47020300e-01 2.45783500e+00 1.37164600e+01 1.08878300e+03 1.44672500e+02 1.04088400e+00 1.38990100e+01 1.06134400e+03 1.47106800e+02 1.41374500e-01 1.59880300e-01 3.34647200e+03 1.02138300e-02 8.25286300e-01 4.55088600e-01 7.41075300e+01 6.29578200e+02 8.39657600e+01 1.50529500e+03 9.05385000e+01 1.95247100e+03 9.60480300e+01 2.27401800e+03 2.35255400e+02 5.72743400e+03 4.45279100e-01 7.48463200e-01 4.67106800e-01 6.65219300e-01 4.67591600e-01 6.23271100e-01 4.63922100e-01 5.93513400e-01 2.99902100e-01 3.09921000e-01 8.91460100e+00 3.96293300e+02 1.89060300e+03 4.00785100e-02 2.34993600e+00 3.61668600e+00 1.12901700e+01 2.29581100e+03 6.00670100e+00
1.18750000e-02 1.15539100e+03 2.25670200e-02 1.18686400e-01 1.04023200e+00 4.82992500e-02 3.04484100e+00 9.67377500e-01 1.00240700e+00 6.77496300e+01 6.90853700e-01 3.09146300e-01 1.41898500e-01 9.61357400e-02 8.06269700e-01 8.18468000e-01 4.48293400e-01 6.01203300e-01 9.79550500e-01 9.97400400e+01 2.42890800e+00 6.99615500e+00 2.10066800e+00 1.90724000e+00 1.24393400e+03 5.84350300e+03 2.57748600e+03 8.30755200e+02 2.34946900e+02 9.67377500e-01 2.45468300e-01 2.46795000e-01 2.55015600e+00 1.37927700e+01 1.08955900e+03 1.44620500e+02 1.04039200e+00 1.39005800e+01 1.06031400e+03 1.47218600e+02 1.40879500e-01 1.60423900e-01 3.37551400e+03 1.03024400e-02 8.18095500e-01 4.51722400e-01 7.30023700e+01 6.40092400e+02 8.30729900e+01 1.52713600e+03 8.97663200e+01 1.97863400e+03 9.53670300e+01 2.30271000e+03 2.35823400e+02 5.76102600e+03 4.53068400e-01 7.45268400e-01 4.71835200e-01 6.60875300e-01 4.70712400e-01 6.18573700e-01 4.65949200e-01 5.88650600e-01 2.96893900e-01 3.06185900e-01 8.86664000e+00 3.95744200e+02 1.88948600e+03 2.42748700e-02 1.27934900e+00 4.42809400e+00 1.09546000e+01 2.29409700e+03 5.73171700e+00
1.37004100e-02 1.15462800e+03 2.31431800e-02 1.17891900e-01 1.03971600e+00 4.94589700e-02 3.04845200e+00 9.67143600e-01 1.00228600e+00 6.83355700e+01 6.96599900e-01 3.03400100e-01 1.41680300e-01 9.68180100e-02 8.02017700e-01 8.06549700e-01 4.41765500e-01 5.95234200e-01 9.70198300e-01 1.00311400e+02 2.42311800e+00 6.99005100e+00 2.10826800e+00 1.90970500e+00 1.25318200e+03 5.92272700e+03 2.58301400e+03 8.34357400e+02 2.36777100e+02 9.67143600e-01 2.45719500e-01 2.47047200e-01 2.44828800e+00 1.37462300e+01 1.08879800e+03 1.44385200e+02 1.03982900e+00 1.38854800e+01 1.06157300e+03 1.46792400e+02 1.41746500e-01 1.59616100e-01 3.37029600e+03 1.02865200e-02 8.20252700e-01 4.52403100e-01 7.35432500e+01 6.34967700e+02 8.35342400e+01 1.51630300e+03 9.01834800e+01 1.96551200e+03 9.57514700e+01 2.28818900e+03 2.35827600e+02 5.74088800e+03 4.46933300e-01 7.41912400e-01 4.66884600e-01 6.58532800e-01 4.66448200e-01 6.16644800e-01 4.62175300e-01 5.86978500e-01 2.96280100e-01 3.05814600e-01 8.58065900e+00 3.95691800e+02 1.88863100e+03 1.63817500e-03 1.60798500e+00 3.87793500e+00 1.08641500e+01 2.29290400e+03 5.48755800e+00
8.67621700e-03 1.15604100e+03 2.37324000e-02 1.15915100e-01 1.03869900e+00 4.63535100e-02 3.04806900e+00 9.65080200e-01 9.99095700e-01 6.91961700e+01 7.06997800e-01 2.93002200e-01 1.40292700e-01 9.70771500e-02 7.90817600e-01 7.81539900e-01 4.28067000e-01 5.81827300e-01 9.50682100e-01 1.01493300e+02 2.40582700e+00 6.53228800e+00 2.10746100e+00 1.92086700e+00 1.27549700e+03 6.07236400e+03 2.60147700e+03 8.40350500e+02 2.38805300e+02 9.65080200e-01 2.45958400e-01 2.47286900e-01 2.35037400e+00 1.37082100e+01 1.08795900e+03 1.44446200e+02 1.03875100e+00 1.39057500e+01 1.06271700e+03 1.46674800e+02 1.42270000e-01 1.58797000e-01 3.33712700e+03 1.01853200e-02 8.27195400e-01 4.55541000e-01 7.42938500e+01 6.27809400e+02 8.41045300e+01 1.50170600e+03 9.06496300e+01 1.94824000e+03 9.61379500e+01 2.26944000e+03 2.35019900e+02 5.72361700e+03 4.33932800e-01 7.32585300e-01 4.55863800e-01 6.51403800e-01 4.56650000e-01 6.10451500e-01 4.53275300e-01 5.81383500e-01 2.93882200e-01 3.03828600e-01 9.49433900e+00 3.95996700e+02 1.89033200e+03 3.90650900e-02 2.34993600e+00 3.71161100e+00 1.01586200e+01 2.29582300e+03 6.10061200e+00
2.08564800e-03 1.15623400e+03 2.37990700e-02 1.16606500e-01 1.03853200e+00 5.04747100e-02 3.06300000e+00 9.68582100e-01 1.00151000e+00 6.89434800e+01 7.03251300e-01 2.96748700e-01 1.41050700e-01 9.72452600e-02 7.99878000e-01 7.95531700e-01 4.35730700e-01 5.90365500e-01 9.63334600e-01 1.00944500e+02 2.42379900e+00 6.94427500e+00 2.13916500e+00 1.93375900e+00 1.27380200e+03 6.08082400e+03 2.61886800e+03 8.48042100e+02 2.41668400e+02 9.68582100e-01 2.45981600e-01 2.47310200e-01 2.33963500e+00 1.37099300e+01 1.08794500e+03 1.44215300e+02 1.03856600e+00 1.38859900e+01 1.06294600e+03 1.46416300e+02 1.42591800e-01 1.58664000e-01 3.35524700e+03 1.02406000e-02 8.23900200e-01 4.53778200e-01 7.40840700e+01 6.29857100e+02 8.39692700e+01 1.50569400e+03 9.05582700e+01 1.95281200e+03 9.60806200e+01 2.27426900e+03 2.35524100e+02 5.72486000e+03 4.41397200e-01 7.40597600e-01 4.62755200e-01 6.58103300e-01 4.63103300e-01 6.16551300e-01 4.59380800e-01 5.87081600e-01 2.96603700e-01 3.06460100e-01 1.23453500e+01 3.95627300e+02 1.88844100e+03 7.06007800e-03 1.96545900e+00 3.69021500e+00 1.03924500e+01 2.29641400e+03 5.66273400e+00
6.46722600e-05 1.15967200e+03 2.42559500e-02 1.16970700e-01 1.03890900e+00 5.38633600e-02 3.07664600e+00 9.72693700e-01 9.99616400e-01 6.93243400e+01 7.04794500e-01 2.95205500e-01 1.41871800e-01 9.83516600e-02 8.06280300e-01 7.99811500e-01 4.38074800e-01 5.94315600e-01 9.68374100e-01 1.01094100e+02 2.43155100e+00 7.19757100e+00 2.16855500e+00 1.94708700e+00 1.27523300e+03 6.13039500e+03 2.63851400e+03 8.57967200e+02 2.45682300e+02 9.72693700e-01 2.46123700e-01 2.47452800e-01 2.26796500e+00 1.36544900e+01 1.08747200e+03 1.43772200e+02 1.03889600e+00 1.38389500e+01 1.06397600e+03 1.45827800e+02 1.43519600e-01 1.58174200e-01 3.37487400e+03 1.03004800e-02 8.21894900e-01 4.52410400e-01 7.44673500e+01 6.26504900e+02 8.43615200e+01 1.49805200e+03 9.09588800e+01 1.94314600e+03 9.64893800e+01 2.26321500e+03 2.36261000e+02 5.70148900e+03 4.43895300e-01 7.46681600e-01 4.65764600e-01 6.63683600e-01 4.66299800e-01 6.21852100e-01 4.62674900e-01 5.92174300e-01 2.99235600e-01 3.09256700e-01 1.92923600e+01 3.95699700e+02 1.88855300e+03 1.29175200e-02 2.04033800e+00 3.69525100e+00 1.00513200e+01 2.30354500e+03 5.74850600e+00
6.74944800e-05 1.16238900e+03 2.42871900e-02 1.16313300e-01 1.03897600e+00 5.93329100e-02 3.09166400e+00 9.85120700e-01 1.00441000e+00 6.96099900e+01 7.08504500e-01 2.91495500e-01 1.41245600e-01 9.83210600e-02 8.13768900e-01 8.02151500e-01 4.39356500e-01 5.97942000e-01 9.75360800e-01 1.01608700e+02 2.41828900e+00 7.70111100e+00 2.20136900e+00 1.95504600e+00 1.25117500e+03 6.10336200e+03 2.66080200e+03 8.70576400e+02 2.50325400e+02 9.85120700e-01 2.46134800e-01 2.47464000e-01 2.26318800e+00 1.36462300e+01 1.08738700e+03 1.43917500e+02 1.03896600e+00 1.38520000e+01 1.06397600e+03 1.45968600e+02 1.43386500e-01 1.58171800e-01 3.35990700e+03 1.02548200e-02 8.24776800e-01 4.53881100e-01 7.47137900e+01 6.24172400e+02 8.45381400e+01 1.49337200e+03 9.10947200e+01 1.93767100e+03 9.65937700e+01 2.25732800e+03 2.35869300e+02 5.69750600e+03 4.45490200e-01 7.54002700e-01 4.68394400e-01 6.70622500e-01 4.69387100e-01 6.28535200e-01 4.66042000e-01 5.98651900e-01 3.02671400e-01 3.12993300e-01 1.92069300e+01 3.96383600e+02 1.88977300e+03 4.84391000e-02 2.42950100e+00 3.79607700e+00 1.31393800e+01 2.30536400e+03 6.27401700e+00
6.33199500e-05 1.16217400e+03 2.41682400e-02 1.16426800e-01 1.03836600e+00 5.49951900e-02 3.08181000e+00 9.86899000e-01 1.00308400e+00 6.92620800e+01 7.05580200e-01 2.94419800e-01 1.41240100e-01 9.78258700e-02 8.10735200e-01 8.03159700e-01 4.39908700e-01 5.97201400e-01 9.74162200e-01 1.01167400e+02 2.40653800e+00 7.31353800e+00 2.17978200e+00 1.95274200e+00 1.24176100e+03 6.07241100e+03 2.65871400e+03 8.70421400e+02 2.50193300e+02 9.86899000e-01 2.46093700e-01 2.47422700e-01 2.28145900e+00 1.36770000e+01 1.08752500e+03 1.43979100e+02 1.03836000e+00 1.38660200e+01 1.06374700e+03 1.46064600e+02 1.43207300e-01 1.58209600e-01 3.35977600e+03 1.02544200e-02 8.23975300e-01 4.53538300e-01 7.43861500e+01 6.27133300e+02 8.42483600e+01 1.49974100e+03 9.08256100e+01 1.94546100e+03 9.63398200e+01 2.26601300e+03 2.35761600e+02 5.71078600e+03 4.45829800e-01 7.50887600e-01 4.67993100e-01 6.67511900e-01 4.68625100e-01 6.25476900e-01 4.65045100e-01 5.95649800e-01 3.01029000e-01 3.11146700e-01 1.93346200e+01 3.95699000e+02 1.89192400e+03 1.63132000e-02 2.11648900e+00 3.70762600e+00 1.15495900e+01 2.30695700e+03 5.84042800e+00
3.81560900e-06 1.16737300e+03 2.37191500e-02 1.18394000e-01 1.03851900e+00 4.60829100e-02 3.06319900e+00 9.75571700e-01 9.97617100e-01 6.82330300e+01 6.93371800e-01 3.06628200e-01 1.42758300e-01 9.74083500e-02 8.08782400e-01 8.17668200e-01 4.47855300e-01 6.01845100e-01 9.79116400e-01 9.96444000e+01 2.42844900e+00 6.53839100e+00 2.13958900e+00 1.95120600e+00 1.25867400e+03 6.04180800e+03 2.64278000e+03 8.59770700e+02 2.45845800e+02 9.75571700e-01 2.45953500e-01 2.47282000e-01 2.35251900e+00 1.37261300e+01 1.08818200e+03 1.43815700e+02 1.03856400e+00 1.38475500e+01 1.06287000e+03 1.46035400e+02 1.42957200e-01 1.58697700e-01 3.39606700e+03 1.03651400e-02 8.16259900e-01 4.49872700e-01 7.34862000e+01 6.35693500e+02 8.35554700e+01 1.51725700e+03 9.02518400e+01 1.96623800e+03 9.58569300e+01 2.28861500e+03 2.36617800e+02 5.73288500e+03 4.52810600e-01 7.47845500e-01 4.72208100e-01 6.63440500e-01 4.71384400e-01 6.21090900e-01 4.66812800e-01 5.91117900e-01 2.98234000e-01 3.07685700e-01 2.49528200e+01 3.96090800e+02 1.89632400e+03 3.29676500e-02 1.21731700e+00 5.19160700e+00 1.09363100e+01 2.31736800e+03 6.44189200e+00
6.28489000e-04 1.15973000e+03 2.27286100e-02 1.19135800e-01 1.03907300e+00 5.00405900e-02 3.05335900e+00 9.82970100e-01 9.99117500e-01 6.73358200e+01 6.85694600e-01 3.14305400e-01 1.42509600e-01 9.59599900e-02 8.14275200e-01 8.33463300e-01 4.56506700e-01 6.09690100e-01 9.92311800e-01 9.89315100e+01 2.41512500e+00 7.14874300e+00 2.11864000e+00 1.91686900e+00 1.20867700e+03 5.79003300e+03 2.60045300e+03 8.46065300e+02 2.40969800e+02 9.82970100e-01 2.45527100e-01 2.46854100e-01 2.52166800e+00 1.38127700e+01 1.08940000e+03 1.44380700e+02 1.03922500e+00 1.38931100e+01 1.06069600e+03 1.46922600e+02 1.41315600e-01 1.60014900e-01 3.39012000e+03 1.03470000e-02 8.15010100e-01 4.49965800e-01 7.26438100e+01 6.43624600e+02 8.27989400e+01 1.53432200e+03 8.95405700e+01 1.98713500e+03 9.51780200e+01 2.31194000e+03 2.36171100e+02 5.76994800e+03 4.60885800e-01 7.52157400e-01 4.78681200e-01 6.66424100e-01 4.76940200e-01 6.23535300e-01 4.71716800e-01 5.93228700e-01 2.99000100e-01 3.08132600e-01 1.47443800e+01 3.95721300e+02 1.89140000e+03 1.04311700e-01 8.72797100e-01 6.46507900e+00 1.01523800e+01 2.30186600e+03 7.44218800e+00
1.56546600e-03 1.16082000e+03 2.21989900e-02 1.18806200e-01 1.03907600e+00 5.56212600e-02 3.05704500e+00 9.85252400e-01 9.99619500e-01 6.70172100e+01 6.84612300e-01 3.15387700e-01 1.41650300e-01 9.49300800e-02 8.17589200e-01 8.38295100e-01 4.59153100e-01 6.12697800e-01 9.98715900e-01 9.89177400e+01 2.41577000e+00 7.82928500e+00 2.12646300e+00 1.90259200e+00 1.19230100e+03 5.69754100e+03 2.58291600e+03 8.38749800e+02 2.38093000e+02 9.85252400e-01 2.45325500e-01 2.46651700e-01 2.61810900e+00 1.38648600e+01 1.09003100e+03 1.44871300e+02 1.03928500e+00 1.39395200e+01 1.05943700e+03 1.47600500e+02 1.40200700e-01 1.60750300e-01 3.36958000e+03 1.02843300e-02 8.17246300e-01 4.51527900e-01 7.23187800e+01 6.46595500e+02 8.24562500e+01 1.54114400e+03 8.91845300e+01 1.99580200e+03 9.48100500e+01 2.32188600e+03 2.35426100e+02 5.79182900e+03 4.63458100e-01 7.55113100e-01 4.81083900e-01 6.68927900e-01 4.79209600e-01 6.25830700e-01 4.73879200e-01 5.95383300e-01 3.00051000e-01 3.09166200e-01 1.29191400e+01 3.96197800e+02 1.89523400e+03 1.04419700e-01 8.72797100e-01 6.26195800e+00 1.00509400e+01 2.30435100e+03 7.23917500e+00
8.07114800e-04 1.15869800e+03 2.28009700e-02 1.18848400e-01 1.03918100e+00 6.22873600e-02 3.07768800e+00 9.66390500e-01 1.00241200e+00 6.75335700e+01 6.88004300e-01 3.11995700e-01 1.42294500e-01 9.60965400e-02 8.17886500e-01 8.34078200e-01 4.56843400e-01 6.11266000e-01 9.95252400e-01 9.92188700e+01 2.47399200e+00 8.34808300e+00 2.17081600e+00 1.91655300e+00 1.25760200e+03 5.89419200e+03 2.58687100e+03 8.34101700e+02 2.36617300e+02 9.66390500e-01 2.45556600e-01 2.46883700e-01 2.50862500e+00 1.38011600e+01 1.08928700e+03 1.44399700e+02 1.03932100e+00 1.38936600e+01 1.06084800e+03 1.46917900e+02 1.41372100e-01 1.59944600e-01 3.38497800e+03 1.03313100e-02 8.16215300e-01 4.50542700e-01 7.28172000e+01 6.41926200e+02 8.29367500e+01 1.53082400e+03 8.96582500e+01 1.98296500e+03 9.52804800e+01 2.30738300e+03 2.36063300e+02 5.76484900e+03 4.61447500e-01 7.55721400e-01 4.79841100e-01 6.69831700e-01 4.78364000e-01 6.26827100e-01 4.73301900e-01 5.96424400e-01 3.00702000e-01 3.09985700e-01 1.42440900e+01 3.98393100e+02 1.88702100e+03 7.02236400e-02 9.81866700e-01 5.72587900e+00 1.09588600e+01 2.29965800e+03 6.77797000e+00
9.38116700e-03 1.15623200e+03 2.25710300e-02 1.18914600e-01 1.03921900e+00 4.39216100e-02 3.03097100e+00 9.71190600e-01 9.97448600e-01 6.73321500e+01 6.86496000e-01 3.13504000e-01 1.42130800e-01 9.56997000e-02 8.01677500e-01 8.19521900e-01 4.48870600e-01 5.99874600e-01 9.76986200e-01 9.90832700e+01 2.40951200e+00 6.52923600e+00 2.07173400e+00 1.89751100e+00 1.22484900e+03 5.78754900e+03 2.56644700e+03 8.29149600e+02 2.34725500e+02 9.71190600e-01 2.45469700e-01 2.46796500e-01 2.54945500e+00 1.38235500e+01 1.08957600e+03 1.44558200e+02 1.03938200e+00 1.39080900e+01 1.06031400e+03 1.47155900e+02 1.40952400e-01 1.60254400e-01 3.38106500e+03 1.03193700e-02 8.16311700e-01 4.50765000e-01 7.26257000e+01 6.43727700e+02 8.27577200e+01 1.53475800e+03 8.94852100e+01 1.98782400e+03 9.51113900e+01 2.31284400e+03 2.35881400e+02 5.77437000e+03 4.53255300e-01 7.40598000e-01 4.70951400e-01 6.56267000e-01 4.69329300e-01 6.14067000e-01 4.64249100e-01 5.84242300e-01 2.94502100e-01 3.03530900e-01 9.33810200e+00 3.96412500e+02 1.88866900e+03 8.48864900e-02 9.26576500e-01 5.96335200e+00 1.10693400e+01 2.29441900e+03 6.97481500e+00
1.01115700e-02 1.15852300e+03 2.23199800e-02 1.18575300e-01 1.04032900e+00 4.37690300e-02 3.03120200e+00 9.84222900e-01 1.00308900e+00 6.76178000e+01 6.90430300e-01 3.09569700e-01 1.41540400e-01 9.57065200e-02 8.06693500e-01 8.19458800e-01 4.48836100e-01 6.01725100e-01 9.81020400e-01 9.97540500e+01 2.38015900e+00 6.55975300e+00 2.07221400e+00 1.89852900e+00 1.19176700e+03 5.70665900e+03 2.57951500e+03 8.37890100e+02 2.37640900e+02 9.84222900e-01 2.45375400e-01 2.46701800e-01 2.59493300e+00 1.38143400e+01 1.08985900e+03 1.44838500e+02 1.04051300e+00 1.39199100e+01 1.05970400e+03 1.47526300e+02 1.40372300e-01 1.60780000e-01 3.36695400e+03 1.02763200e-02 8.19036000e-01 4.52400800e-01 7.28672400e+01 6.41310200e+02 8.29303700e+01 1.52993900e+03 8.96180700e+01 1.98219900e+03 9.52137600e+01 2.30680300e+03 2.35512600e+02 5.77008500e+03 4.53582600e-01 7.45618800e-01 4.72265200e-01 6.61140600e-01 4.71092300e-01 6.18803300e-01 4.66292700e-01 5.88857500e-01 2.96984300e-01 3.06259500e-01 9.18815100e+00 3.96656900e+02 1.89402600e+03 2.30075300e-02 1.27934900e+00 4.31667100e+00 1.15549100e+01 2.29987200e+03 5.61902800e+00
1.34078400e-02 1.15598300e+03 2.29202200e-02 1.17347400e-01 1.04079700e+00 5.58430400e-02 3.05285100e+00 9.74068900e-01 9.98179300e-01 6.87091100e+01 7.01515500e-01 2.98484500e-01 1.40912800e-01 9.68199100e-02 8.05906700e-01 8.03868500e-01 4.40296900e-01 5.95683000e-01 9.72249300e-01 1.01129600e+02 2.40814400e+00 7.67059300e+00 2.11756300e+00 1.89379000e+00 1.22727900e+03 5.82978500e+03 2.56922200e+03 8.31763500e+02 2.36116000e+02 9.74068900e-01 2.45610600e-01 2.46937900e-01 2.48710400e+00 1.37343000e+01 1.08901500e+03 1.44697600e+02 1.04092500e+00 1.39008600e+01 1.06100100e+03 1.47185100e+02 1.41173900e-01 1.60086100e-01 3.35195000e+03 1.02305400e-02 8.23827900e-01 4.54456800e-01 7.38611500e+01 6.31883100e+02 8.37635400e+01 1.51011600e+03 9.03613200e+01 1.95827000e+03 9.58897700e+01 2.28039800e+03 2.35350400e+02 5.73527500e+03 4.45879500e-01 7.46003800e-01 4.67014500e-01 6.62712000e-01 4.67158200e-01 6.20787200e-01 4.63264800e-01 5.91064200e-01 2.98546300e-01 3.08382600e-01 8.62383100e+00 3.96054500e+02 1.89113900e+03 1.67429700e-02 2.11648900e+00 3.45760500e+00 1.05581800e+01 2.29581700e+03 5.59083700e+00
1.44522800e-02 1.15816000e+03 2.39366100e-02 1.14408600e-01 1.03971600e+00 4.66312000e-02 3.04423900e+00 9.89172700e-01 9.97875100e-01 7.02655000e+01 7.18485800e-01 2.81514200e-01 1.38990300e-01 9.76622500e-02 7.91069300e-01 7.66309200e-01 4.19724800e-01 5.76221700e-01 9.43720700e-01 1.03185100e+02 2.33545100e+00 6.50787400e+00 2.09940400e+00 1.91246100e+00 1.21353000e+03 5.96554300e+03 2.61460600e+03 8.55569200e+02 2.44913100e+02 9.89172700e-01 2.46023400e-01 2.47352200e-01 2.31770000e+00 1.36503400e+01 1.08760800e+03 1.44682400e+02 1.03974800e+00 1.39151500e+01 1.06309900e+03 1.46850300e+02 1.42205100e-01 1.58762100e-01 3.30599600e+03 1.00903400e-02 8.34418300e-01 4.59153800e-01 7.52457600e+01 6.19051600e+02 8.48616600e+01 1.48352100e+03 9.12944300e+01 1.92648900e+03 9.66970100e+01 2.24562800e+03 2.34340800e+02 5.69765800e+03 4.26375700e-01 7.33988100e-01 4.50789000e-01 6.53967500e-01 4.52939800e-01 6.13411100e-01 4.50515100e-01 5.84551000e-01 2.95977200e-01 3.06581000e-01 8.47380600e+00 3.96340600e+02 1.89057500e+03 2.98392700e-01 3.52531600e+00 6.35712700e+00 1.07501900e+01 2.29538900e+03 1.01808400e+01
7.19564300e-03 1.15478700e+03 2.29049600e-02 1.18573000e-01 1.04016900e+00 5.28410400e-02 3.05331700e+00 9.68684300e-01 9.99731800e-01 6.80462600e+01 6.93058100e-01 3.06941900e-01 1.42123100e-01 9.67094900e-02 8.08219500e-01 8.17517000e-01 4.47772500e-01 6.01580000e-01 9.79776900e-01 9.99428500e+01 2.43321000e+00 7.39288300e+00 2.11854900e+00 1.90608200e+00 1.24403900e+03 5.86506700e+03 2.57728000e+03 8.32584100e+02 2.36193000e+02 9.68684300e-01 2.45603400e-01 2.46930600e-01 2.48984400e+00 1.37597300e+01 1.08913900e+03 1.44391300e+02 1.04030500e+00 1.38797100e+01 1.06107700e+03 1.46874900e+02 1.41492100e-01 1.59969500e-01 3.38088300e+03 1.03188200e-02 8.18025000e-01 4.51432300e-01 7.32913800e+01 6.37405100e+02 8.33420000e+01 1.52126900e+03 9.00254900e+01 1.97139000e+03 9.56196000e+01 2.29457200e+03 2.36081500e+02 5.74695800e+03 4.52696100e-01 7.47295500e-01 4.72013300e-01 6.62920200e-01 4.71154700e-01 6.20590400e-01 4.66562100e-01 5.90633400e-01 2.97982000e-01 3.07410000e-01 9.86855900e+00 3.95799200e+02 1.88823900e+03 1.29734900e-02 1.40705700e+00 4.20855700e+00 1.00392800e+01 2.29390700e+03 5.62858700e+00
9.60905800e-03 1.15474000e+03 2.29094900e-02 1.18420700e-01 1.03996100e+00 5.52367700e-02 3.05397100e+00 9.68202300e-01 9.99284400e-01 6.80352800e+01 6.93278200e-01 3.06721800e-01 1.41975400e-01 9.65933200e-02 8.07595900e-01 8.16593200e-01 4.47266500e-01 6.01008000e-01 9.79099900e-01 9.99506700e+01 2.43399900e+00 7.62786900e+00 2.11993600e+00 1.89821200e+00 1.24127400e+03 5.84797900e+03 2.56662600e+03 8.28850400e+02 2.35082200e+02 9.68202300e-01 2.45605500e-01 2.46932800e-01 2.48903000e+00 1.37650400e+01 1.08912000e+03 1.44427200e+02 1.04008900e+00 1.38860400e+01 1.06107700e+03 1.46910100e+02 1.41457300e-01 1.59935900e-01 3.37735000e+03 1.03080400e-02 8.18507000e-01 4.51674600e-01 7.32725200e+01 6.37555600e+02 8.33156000e+01 1.52167300e+03 8.99943600e+01 1.97194300e+03 9.55846400e+01 2.29524000e+03 2.35964800e+02 5.74915500e+03 4.52225900e-01 7.46737700e-01 4.71570200e-01 6.62446100e-01 4.70734500e-01 6.20155300e-01 4.66160600e-01 5.90224600e-01 2.97784400e-01 3.07214000e-01 9.29009800e+00 3.96122100e+02 1.88830600e+03 1.29497400e-02 1.40705700e+00 4.23149700e+00 1.01097100e+01 2.29371800e+03 5.65150400e+00
4.22389600e-03 1.15836600e+03 2.44160800e-02 1.16450000e-01 1.03987700e+00 5.04772900e-02 3.06777100e+00 9.71267900e-01 1.00396100e+00 6.99798600e+01 7.11035300e-01 2.88964700e-01 1.41511200e-01 9.90293500e-02 8.00476100e-01 7.85615600e-01 4.30299400e-01 5.86893800e-01 9.56889600e-01 1.02025900e+02 2.41473500e+00 6.83136000e+00 2.14939500e+00 1.94299700e+00 1.27927700e+03 6.15403000e+03 2.63459200e+03 8.56432500e+02 2.45135800e+02 9.71267900e-01 2.46182800e-01 2.47512200e-01 2.24364700e+00 1.36073900e+01 1.08726100e+03 1.43783800e+02 1.03984900e+00 1.38273700e+01 1.06428100e+03 1.45793300e+02 1.43655300e-01 1.58157100e-01 3.36625500e+03 1.02741900e-02 8.24688300e-01 4.53763400e-01 7.50643300e+01 6.21079900e+02 8.48654300e+01 1.48657400e+03 9.14103700e+01 1.92924900e+03 9.69015200e+01 2.24784800e+03 2.36179700e+02 5.68091600e+03 4.36527500e-01 7.41941500e-01 4.59603400e-01 6.60181000e-01 4.60878900e-01 6.18869500e-01 4.57796100e-01 5.89521000e-01 2.98156700e-01 3.08453200e-01 1.09339900e+01 3.95615400e+02 1.89066600e+03 9.34710500e-02 2.75631800e+00 4.12868300e+00 1.25375700e+01 2.29721500e+03 6.97847100e+00
1.62981500e-04 1.16151800e+03 2.36958900e-02 1.17318100e-01 1.03899400e+00 4.73083100e-02 3.06040100e+00 9.73997600e-01 9.98253300e-01 6.87567100e+01 7.00350000e-01 2.99650000e-01 1.41659100e-01 9.74001400e-02 8.03860000e-01 8.03390900e-01 4.40035300e-01 5.94749300e-01 9.69444300e-01 1.00619800e+02 2.41644000e+00 6.65435800e+00 2.13361100e+00 1.94099200e+00 1.26028400e+03 6.04476000e+03 2.63154200e+03 8.54760400e+02 2.43969700e+02 9.73997600e-01 2.45944600e-01 2.47273100e-01 2.35628800e+00 1.37097700e+01 1.08811700e+03 1.44110500e+02 1.03904000e+00 1.38695800e+01 1.06275600e+03 1.46341800e+02 1.42605900e-01 1.58836000e-01 3.36979000e+03 1.02849700e-02 8.21316200e-01 4.52526300e-01 7.39328700e+01 6.31353100e+02 8.38760600e+01 1.50857100e+03 9.04992400e+01 1.95608200e+03 9.60481200e+01 2.27769900e+03 2.35933500e+02 5.72518000e+03 4.45505400e-01 7.43991900e-01 4.66330600e-01 6.60794300e-01 4.66336100e-01 6.18936200e-01 4.62357800e-01 5.89267600e-01 2.97586300e-01 3.07338300e-01 1.74437500e+01 3.95880200e+02 1.89364800e+03 3.59701500e-04 1.74777200e+00 3.79942000e+00 1.05159200e+01 2.30697200e+03 5.54755100e+00
1.01804900e-05 1.16181500e+03 2.40608200e-02 1.18675300e-01 1.03998700e+00 5.27786600e-02 3.07961800e+00 9.69558200e-01 1.00115400e+00 6.89215100e+01 6.98155800e-01 3.01844200e-01 1.43381200e-01 9.88205100e-02 8.14428000e-01 8.16927300e-01 4.47449500e-01 6.03668300e-01 9.81014200e-01 1.00346600e+02 2.45677900e+00 7.15484600e+00 2.17500900e+00 1.95712300e+00 1.28395900e+03 6.11845000e+03 2.64556600e+03 8.59229000e+02 2.45928900e+02 9.69558200e-01 2.46059500e-01 2.47388400e-01 2.29815600e+00 1.36494800e+01 1.08782600e+03 1.43484000e+02 1.03999000e+00 1.37966700e+01 1.06363300e+03 1.45595500e+02 1.43660500e-01 1.58503200e-01 3.41095600e+03 1.04105700e-02 8.15694800e-01 4.49367200e-01 7.41432600e+01 6.29720900e+02 8.41749100e+01 1.50413600e+03 9.08535500e+01 1.94998000e+03 9.64472600e+01 2.27030300e+03 2.37287800e+02 5.70028200e+03 4.52836600e-01 7.53544400e-01 4.73434400e-01 6.69024900e-01 4.73171700e-01 6.26539100e-01 4.68956600e-01 5.96439900e-01 3.01106700e-01 3.10871900e-01 2.29900700e+01 3.95715200e+02 1.88905000e+03 1.43086600e-03 1.60798500e+00 4.02460800e+00 1.02407900e+01 2.30775600e+03 5.63402400e+00
8.20171100e-03 1.15495400e+03 2.33630900e-02 1.18408100e-01 1.04034300e+00 4.98464800e-02 3.05134800e+00 9.68237500e-01 1.00020400e+00 6.85479700e+01 6.96910700e-01 3.03089300e-01 1.42416300e-01 9.76235200e-02 8.04924200e-01 8.09058000e-01 4.43139300e-01 5.97238300e-01 9.72204600e-01 1.00367200e+02 2.42627100e+00 6.99615500e+00 2.11438300e+00 1.91376000e+00 1.25367500e+03 5.93538700e+03 2.58821700e+03 8.37664000e+02 2.38278700e+02 9.68237500e-01 2.45812800e-01 2.47140800e-01 2.41120300e+00 1.37078100e+01 1.08858600e+03 1.44083800e+02 1.04042600e+00 1.38485400e+01 1.06206900e+03 1.46419000e+02 1.42303200e-01 1.59415800e-01 3.38789100e+03 1.03402000e-02 8.18170800e-01 4.51172800e-01 7.37643900e+01 6.33043400e+02 8.37776400e+01 1.51177700e+03 9.04421500e+01 1.95969100e+03 9.60231400e+01 2.28145000e+03 2.36448400e+02 5.72480100e+03 4.48359800e-01 7.44629300e-01 4.68446800e-01 6.60975300e-01 4.68042600e-01 6.18944800e-01 4.63777500e-01 5.89175800e-01 2.97396100e-01 3.06981800e-01 9.60682500e+00 3.95650800e+02 1.88919100e+03 8.71798500e-04 1.60798500e+00 3.81566700e+00 1.00344500e+01 2.29444900e+03 5.42452400e+00
1.42171700e-05 1.16872600e+03 2.38852700e-02 1.20630900e-01 1.04105800e+00 4.74325300e-02 3.05839100e+00 9.84376000e-01 9.95151000e-01 6.84491000e+01 6.90175700e-01 3.09824300e-01 1.45161300e-01 9.93616100e-02 8.18975500e-01 8.32277200e-01 4.55857000e-01 6.11012000e-01 9.89890300e-01 9.94400300e+01 2.41937100e+00 6.68182400e+00 2.12932600e+00 1.93661300e+00 1.22323800e+03 5.90696100e+03 2.62603200e+03 8.60468300e+02 2.47420800e+02 9.84376000e-01 2.46008500e-01 2.47337300e-01 2.32585300e+00 1.36432100e+01 1.08817800e+03 1.43120900e+02 1.04108100e+00 1.37473400e+01 1.06340400e+03 1.45275900e+02 1.43896700e-01 1.58810900e-01 3.45350700e+03 1.05404000e-02 8.08538900e-01 4.45805100e-01 7.37706200e+01 6.33472500e+02 8.39643100e+01 1.51118900e+03 9.07384300e+01 1.95787200e+03 9.64062800e+01 2.27846500e+03 2.38496600e+02 5.69860900e+03 4.60613600e-01 7.56944900e-01 4.79526300e-01 6.71153900e-01 4.78307300e-01 6.28162500e-01 4.73415600e-01 5.97755500e-01 3.01440500e-01 3.10853600e-01 2.23221200e+01 3.95961200e+02 1.89893400e+03 4.84116700e-02 1.09677200e+00 5.29970600e+00 1.37898000e+01 2.31721800e+03 6.44489000e+00
4.16633600e-05 1.16522700e+03 2.37917100e-02 1.19904500e-01 1.04003100e+00 5.75480200e-02 3.07546900e+00 9.83005000e-01 9.99210600e-01 6.82769800e+01 6.90370600e-01 3.09629400e-01 1.44341400e-01 9.85519100e-02 8.22448800e-01 8.35544000e-01 4.57646300e-01 6.13506900e-01 9.95340700e-01 9.93869500e+01 2.43919100e+00 7.69195600e+00 2.16600400e+00 1.93051700e+00 1.22645200e+03 5.90546700e+03 2.61720900e+03 8.55986100e+02 2.45886400e+02 9.83005000e-01 2.45979100e-01 2.47307800e-01 2.34081700e+00 1.36803200e+01 1.08822500e+03 1.43375400e+02 1.04005900e+00 1.37853100e+01 1.06313700e+03 1.45564400e+02 1.43519900e-01 1.58789300e-01 3.43390700e+03 1.04806000e-02 8.10913000e-01 4.47080300e-01 7.35785300e+01 6.35114800e+02 8.37414000e+01 1.51514500e+03 9.04952900e+01 1.96302300e+03 9.61463300e+01 2.28448000e+03 2.37827700e+02 5.71409500e+03 4.62465600e-01 7.60172300e-01 4.81496300e-01 6.74034600e-01 4.80292000e-01 6.30866700e-01 4.75393100e-01 6.00333800e-01 3.02753300e-01 3.12211800e-01 2.01717800e+01 3.96231000e+02 1.89721200e+03 5.44888700e-02 1.09677200e+00 5.56085700e+00 1.01274900e+01 2.31361500e+03 6.71211700e+00
3.71854800e-04 1.16178800e+03 2.31850900e-02 1.19638600e-01 1.03894300e+00 5.84565100e-02 3.06621500e+00 9.79700900e-01 9.98150200e-01 6.74932900e+01 6.85053700e-01 3.14946300e-01 1.43468900e-01 9.68318400e-02 8.18176100e-01 8.38309500e-01 4.59161000e-01 6.12923000e-01 9.95901700e-01 9.87358400e+01 2.43911400e+00 7.90252700e+00 2.14605200e+00 1.90926200e+00 1.21685700e+03 5.81241400e+03 2.58581300e+03 8.41854500e+02 2.40515800e+02 9.79700900e-01 2.45738900e-01 2.47066600e-01 2.44119900e+00 1.37727800e+01 1.08889700e+03 1.43903500e+02 1.03903900e+00 1.38496700e+01 1.06176400e+03 1.46289900e+02 1.42319600e-01 1.59384400e-01 3.41305100e+03 1.04169600e-02 8.12075400e-01 4.48098000e-01 7.28229900e+01 6.42088200e+02 8.30201700e+01 1.53050200e+03 8.97887300e+01 1.98208600e+03 9.54482200e+01 2.30598300e+03 2.36944100e+02 5.75330600e+03 4.63510300e-01 7.55694700e-01 4.81241600e-01 6.69485800e-01 4.79414600e-01 6.26370000e-01 4.74113400e-01 5.95906900e-01 3.00319400e-01 3.09465400e-01 1.57940100e+01 3.96642100e+02 1.89236600e+03 1.33609800e-01 7.68898900e-01 7.29629800e+00 1.05752800e+01 2.30480300e+03 8.19880600e+00
3.21790600e-04 1.15907800e+03 2.29866300e-02 1.19354400e-01 1.03924800e+00 6.04912700e-02 3.07153800e+00 9.67906300e-01 9.98180600e-01 6.75299100e+01 6.86453600e-01 3.13546400e-01 1.42986200e-01 9.65584600e-02 8.16852900e-01 8.35091700e-01 4.57398600e-01 6.11250600e-01 9.94021500e-01 9.89855900e+01 2.46677900e+00 8.14056400e+00 2.15750500e+00 1.91165600e+00 1.24966500e+03 5.87435000e+03 2.58039500e+03 8.33802900e+02 2.36992400e+02 9.67906300e-01 2.45643200e-01 2.46970600e-01 2.47528900e+00 1.37823600e+01 1.08911000e+03 1.44127300e+02 1.03937100e+00 1.38667800e+01 1.06130600e+03 1.46580400e+02 1.41867800e-01 1.59694700e-01 3.40151400e+03 1.03817600e-02 8.13823100e-01 4.49161000e-01 7.28419400e+01 6.41818100e+02 8.30046100e+01 1.53020100e+03 8.97524400e+01 1.98191900e+03 9.53956000e+01 2.30597100e+03 2.36589000e+02 5.75715800e+03 4.61843900e-01 7.54614400e-01 4.79869700e-01 6.68683900e-01 4.78214200e-01 6.25684000e-01 4.73036000e-01 5.95294000e-01 3.00068400e-01 3.09267600e-01 1.60832200e+01 3.97632500e+02 1.88652400e+03 9.75369800e-02 8.72797100e-01 6.38811500e+00 1.05574000e+01 2.30024000e+03 7.35844900e+00
4.42054400e-05 1.16133800e+03 2.35098600e-02 1.18169700e-01 1.03867700e+00 5.76845500e-02 3.08326400e+00 9.63063300e-01 1.00291500e+00 6.81927500e+01 6.93941800e-01 3.06058200e-01 1.42324700e-01 9.70551500e-02 8.13288800e-01 8.21459500e-01 4.49931900e-01 6.04917000e-01 9.84862700e-01 9.97789100e+01 2.47699800e+00 7.73468000e+00 2.18295300e+00 1.94509300e+00 1.29135800e+03 6.08136400e+03 2.62430100e+03 8.46973000e+02 2.41072700e+02 9.63063300e-01 2.45869500e-01 2.47197800e-01 2.38673900e+00 1.37417200e+01 1.08839800e+03 1.44033100e+02 1.03874100e+00 1.38661200e+01 1.06241200e+03 1.46318900e+02 1.42507200e-01 1.58985700e-01 3.38570200e+03 1.03335200e-02 8.17661400e-01 4.50758200e-01 7.34300200e+01 6.36141100e+02 8.34773200e+01 1.51845500e+03 9.01598900e+01 1.96787500e+03 9.57538300e+01 2.29059000e+03 2.36275700e+02 5.73933500e+03 4.54983500e-01 7.52066800e-01 4.74610400e-01 6.67245400e-01 4.73846300e-01 6.24677900e-01 4.69293200e-01 5.94547400e-01 2.99989200e-01 3.09519200e-01 2.00533300e+01 3.96675600e+02 1.88840300e+03 2.37262300e-02 1.27934900e+00 4.85370300e+00 1.13873200e+01 2.30513200e+03 6.15677800e+00
2.39616400e-03 1.15956600e+03 2.23172900e-02 1.19048000e-01 1.04052700e+00 5.99772700e-02 3.06943800e+00 9.78690400e-01 1.00295300e+00 6.75116000e+01 6.88424300e-01 3.11575700e-01 1.42010500e-01 9.58735300e-02 8.22343100e-01 8.38058300e-01 4.59023400e-01 6.14389800e-01 1.00083800e+00 9.95138800e+01 2.44125400e+00 8.24432400e+00 2.15298000e+00 1.90960800e+00 1.21644100e+03 5.75849000e+03 2.58731100e+03 8.37802200e+02 2.37664500e+02 9.78690400e-01 2.45374300e-01 2.46700700e-01 2.59544600e+00 1.38106500e+01 1.08990500e+03 1.44717700e+02 1.04071300e+00 1.39056300e+01 1.05974200e+03 1.47402700e+02 1.40499600e-01 1.60799300e-01 3.37818900e+03 1.03106000e-02 8.17151100e-01 4.51423900e-01 7.27889200e+01 6.42143400e+02 8.28929600e+01 1.53144900e+03 8.96048300e+01 1.98384400e+03 9.52193300e+01 2.30846300e+03 2.35841400e+02 5.76876900e+03 4.63674400e-01 7.59884200e-01 4.82269600e-01 6.73570900e-01 4.80837600e-01 6.30346700e-01 4.75784000e-01 5.99786100e-01 3.02416400e-01 3.11772200e-01 1.20677700e+01 3.97312500e+02 1.89243700e+03 3.97672500e-02 1.15641700e+00 4.69586900e+00 1.14230600e+01 2.30181700e+03 5.89205300e+00
8.20719500e-03 1.15991000e+03 2.25958800e-02 1.17339500e-01 1.04034800e+00 5.78599500e-02 3.05202500e+00 9.85672400e-01 9.95177000e-01 6.82916300e+01 6.98567400e-01 3.01432600e-01 1.40580500e-01 9.60047100e-02 8.10154000e-01 8.12086000e-01 4.44797800e-01 6.00295500e-01 9.80356000e-01 1.00761500e+02 2.38799200e+00 7.94220000e+00 2.11581500e+00 1.88460800e+00 1.18916500e+03 5.71079900e+03 2.56516500e+03 8.34238900e+02 2.37136900e+02 9.85672400e-01 2.45478500e-01 2.46805300e-01 2.54511200e+00 1.37801100e+01 1.08940600e+03 1.44949200e+02 1.04051800e+00 1.39304900e+01 1.06027600e+03 1.47545800e+02 1.40555100e-01 1.60449000e-01 3.34400700e+03 1.02063100e-02 8.24028200e-01 4.54795600e-01 7.34634400e+01 6.35515500e+02 8.33910100e+01 1.51808700e+03 9.00010500e+01 1.96813800e+03 9.55376400e+01 2.29150300e+03 2.34975700e+02 5.75479500e+03 4.50176000e-01 7.49638900e-01 4.70770700e-01 6.65612700e-01 4.70565100e-01 6.23367100e-01 4.66410400e-01 5.93435100e-01 2.99627500e-01 3.09358300e-01 9.60548800e+00 3.96436500e+02 1.89468300e+03 3.04280200e-03 1.89191900e+00 3.45077500e+00 1.37495900e+01 2.30072500e+03 5.34573700e+00
1.07526500e-02 1.15603700e+03 2.24301400e-02 1.19038900e-01 1.04042300e+00 4.88754200e-02 3.04374800e+00 9.72192800e-01 1.00221800e+00 6.75738500e+01 6.88770900e-01 3.11229100e-01 1.42114200e-01 9.60320500e-02 8.09257100e-01 8.24263300e-01 4.51467600e-01 6.04444700e-01 9.84458000e-01 9.95218600e+01 2.42203100e+00 7.09075900e+00 2.09837300e+00 1.90296200e+00 1.22656400e+03 5.78337900e+03 2.57435100e+03 8.31480500e+02 2.35333500e+02 9.72192800e-01 2.45418900e-01 2.46745500e-01 2.57437800e+00 1.38021500e+01 1.08976000e+03 1.44633900e+02 1.04060500e+00 1.38990200e+01 1.06000900e+03 1.47278600e+02 1.40714300e-01 1.60630300e-01 3.38066900e+03 1.03181700e-02 8.16940100e-01 4.51227000e-01 7.28515100e+01 6.41565800e+02 8.29548500e+01 1.53015800e+03 8.96668000e+01 1.98222800e+03 9.52816200e+01 2.30662900e+03 2.35938600e+02 5.76517300e+03 4.56063800e-01 7.47827300e-01 4.74443100e-01 6.62922100e-01 4.73075800e-01 6.20397200e-01 4.68131200e-01 5.90328800e-01 2.97659700e-01 3.06885600e-01 9.06520600e+00 3.95727300e+02 1.89054100e+03 3.92350300e-02 1.15641700e+00 4.72927800e+00 1.08150000e+01 2.29533300e+03 5.92493000e+00
1.78774500e-03 1.15718400e+03 2.34255200e-02 1.18728700e-01 1.04058300e+00 4.64884100e-02 3.05440500e+00 9.65715800e-01 1.00013600e+00 6.85662800e+01 6.96257900e-01 3.03742100e-01 1.42799300e-01 9.79121900e-02 8.06440200e-01 8.11454200e-01 4.44451800e-01 5.98685000e-01 9.73905600e-01 1.00288000e+02 2.43705400e+00 6.64215100e+00 2.12085600e+00 1.93255500e+00 1.27159800e+03 6.00539500e+03 2.61076000e+03 8.44210400e+02 2.40147100e+02 9.65715800e-01 2.45836800e-01 2.47164900e-01 2.40074200e+00 1.36958000e+01 1.08854100e+03 1.43953800e+02 1.04065800e+00 1.38329600e+01 1.06226000e+03 1.46264400e+02 1.42510000e-01 1.59363700e-01 3.39704600e+03 1.03681300e-02 8.16885500e-01 4.50464500e-01 7.37960500e+01 6.32817800e+02 8.38308200e+01 1.51108400e+03 9.05086600e+01 1.95869200e+03 9.61003300e+01 2.28020300e+03 2.36744800e+02 5.71986300e+03 4.49622700e-01 7.45967000e-01 4.69604200e-01 6.62091000e-01 4.69122900e-01 6.19959500e-01 4.64797400e-01 5.90123000e-01 2.97845600e-01 3.07417400e-01 1.26536000e+01 3.95938600e+02 1.89025400e+03 2.04864400e-03 1.60798500e+00 3.88164400e+00 1.00307400e+01 2.29884600e+03 5.49167700e+00
3.84027200e-04 1.15928900e+03 2.43490800e-02 1.17250600e-01 1.03878500e+00 4.79585000e-02 3.05782600e+00 9.74026800e-01 9.96195800e-01 6.92620800e+01 7.03486000e-01 2.96514000e-01 1.42244800e-01 9.85217100e-02 7.99649100e-01 7.94989600e-01 4.35433700e-01 5.90079800e-01 9.60841300e-01 1.00885600e+02 2.40853200e+00 6.60247800e+00 2.12812500e+00 1.93348500e+00 1.26076200e+03 6.08131500e+03 2.62100600e+03 8.53514000e+02 2.44509200e+02 9.74026800e-01 2.46157400e-01 2.47486700e-01 2.25377300e+00 1.36500200e+01 1.08739600e+03 1.43629400e+02 1.03876200e+00 1.38269700e+01 1.06416700e+03 1.45657700e+02 1.43766800e-01 1.58039100e-01 3.38379100e+03 1.03276900e-02 8.20439800e-01 4.51585500e-01 7.44213200e+01 6.26986700e+02 8.43453800e+01 1.49888600e+03 9.09606200e+01 1.94401900e+03 9.65051300e+01 2.26405800e+03 2.36525800e+02 5.69980600e+03 4.41116300e-01 7.40407100e-01 4.62516000e-01 6.57957600e-01 4.62890000e-01 6.16424500e-01 4.59186600e-01 5.86966800e-01 2.96547200e-01 3.06415600e-01 1.57295900e+01 3.95834500e+02 1.88892200e+03 4.89425400e-03 1.96545900e+00 3.77779900e+00 1.23432800e+01 2.30048600e+03 5.74815200e+00
7.92222400e-04 1.15817800e+03 2.43476600e-02 1.16947400e-01 1.03848200e+00 4.96656700e-02 3.06173400e+00 9.75381200e-01 9.98748500e-01 6.92657500e+01 7.04152200e-01 2.95847800e-01 1.41940200e-01 9.83159400e-02 8.00287000e-01 7.94729500e-01 4.35291300e-01 5.90218500e-01 9.61582400e-01 1.00945300e+02 2.40841000e+00 6.77032500e+00 2.13645700e+00 1.93443900e+00 1.25886300e+03 6.08386700e+03 2.62365500e+03 8.54734900e+02 2.44939400e+02 9.75381200e-01 2.46156900e-01 2.47486200e-01 2.25398800e+00 1.36577600e+01 1.08737200e+03 1.43708300e+02 1.03846200e+00 1.38385700e+01 1.06416700e+03 1.45736300e+02 1.43676600e-01 1.58005700e-01 3.37651000e+03 1.03054800e-02 8.21519400e-01 4.52137600e-01 7.44152000e+01 6.26989900e+02 8.43199800e+01 1.49905700e+03 9.09234300e+01 1.94434700e+03 9.64585500e+01 2.26452900e+03 2.36295800e+02 5.70294300e+03 4.41021600e-01 7.41066400e-01 4.62587300e-01 6.58620000e-01 4.63042100e-01 6.17077300e-01 4.59391400e-01 5.87608400e-01 2.96901200e-01 3.06813300e-01 1.42813400e+01 3.95685900e+02 1.89036300e+03 6.73247100e-03 1.96545900e+00 3.77472500e+00 1.02783900e+01 2.30033000e+03 5.74691700e+00
9.65786700e-06 1.16687000e+03 2.33366400e-02 1.17256100e-01 1.03825100e+00 6.26782000e-02 3.09038600e+00 9.93195000e-01 1.00221400e+00 6.82293700e+01 6.96604900e-01 3.03395100e-01 1.41237900e-01 9.63657400e-02 8.22735600e-01 8.27377900e-01 4.53173600e-01 6.10607900e-01 9.96035000e-01 1.00126100e+02 2.41917500e+00 8.23211700e+00 2.19855700e+00 1.93952800e+00 1.21025800e+03 5.90176000e+03 2.64320800e+03 8.65687500e+02 2.48374400e+02 9.93195000e-01 2.45802500e-01 2.47130500e-01 2.41565300e+00 1.37677800e+01 1.08852100e+03 1.44401600e+02 1.03833800e+00 1.39069900e+01 1.06195400e+03 1.46749300e+02 1.41926800e-01 1.59166700e-01 3.35972200e+03 1.02542600e-02 8.21560700e-01 4.52902000e-01 7.34277600e+01 6.35966900e+02 8.34032200e+01 1.51868700e+03 9.00421200e+01 1.96860200e+03 9.56014500e+01 2.29178500e+03 2.35459300e+02 5.74989300e+03 4.58486800e-01 7.61077800e-01 4.78953200e-01 6.75544600e-01 4.78505100e-01 6.32574800e-01 4.74121700e-01 6.02142400e-01 3.03939500e-01 3.13717200e-01 2.30954800e+01 3.97472700e+02 1.89658300e+03 6.75070600e-03 1.47275900e+00 4.29826300e+00 1.08117300e+01 2.31715100e+03 5.77777300e+00
4.98448900e-04 1.16124200e+03 2.34738500e-02 1.16196100e-01 1.03806900e+00 6.06883600e-02 3.07910300e+00 9.90253100e-01 1.00123500e+00 6.86651600e+01 7.02400900e-01 2.97599100e-01 1.40315100e-01 9.63476200e-02 8.12609800e-01 8.09351700e-01 4.43300200e-01 6.00191700e-01 9.80649600e-01 1.00855800e+02 2.40008700e+00 7.99713100e+00 2.17388800e+00 1.92541300e+00 1.21243700e+03 5.91343100e+03 2.62492900e+03 8.58322900e+02 2.45888600e+02 9.90253100e-01 2.45855300e-01 2.47183500e-01 2.39270100e+00 1.37544800e+01 1.08827400e+03 1.44571800e+02 1.03814400e+00 1.39259800e+01 1.06218300e+03 1.46880600e+02 1.41877300e-01 1.59005100e-01 3.33766400e+03 1.01869600e-02 8.25860600e-01 4.55027100e-01 7.37991800e+01 6.32349900e+02 8.36693700e+01 1.51144600e+03 9.02470600e+01 1.96013600e+03 9.57593100e+01 2.28268700e+03 2.34880900e+02 5.74358500e+03 4.48999400e-01 7.52299800e-01 4.70508900e-01 6.68406700e-01 4.70760600e-01 6.26164300e-01 4.66908600e-01 5.96210400e-01 3.01187500e-01 3.11151300e-01 1.52080200e+01 3.96823900e+02 1.89458200e+03 4.39503800e-03 1.89191900e+00 3.70308600e+00 1.02716600e+01 2.30661400e+03 5.59940000e+00
1.53033400e-02 1.15557200e+03 2.29292900e-02 1.16522300e-01 1.03871600e+00 4.94185000e-02 3.04565800e+00 9.64543000e-01 1.00046100e+00 6.83136000e+01 6.99798000e-01 3.00202000e-01 1.40096700e-01 9.57050900e-02 7.95371400e-01 7.95639100e-01 4.35789500e-01 5.88739700e-01 9.62313000e-01 1.00691000e+02 2.41560300e+00 7.00531000e+00 2.10238600e+00 1.90453100e+00 1.25860000e+03 5.93754900e+03 2.57736300e+03 8.29684600e+02 2.34625600e+02 9.64543000e-01 2.45615000e-01 2.46942300e-01 2.48547800e+00 1.37916500e+01 1.08893200e+03 1.44906200e+02 1.03884800e+00 1.39487400e+01 1.06096300e+03 1.47395200e+02 1.40956200e-01 1.59783000e-01 3.33244300e+03 1.01710200e-02 8.25804900e-01 4.55426600e-01 7.34644500e+01 6.35419400e+02 8.33597700e+01 1.51815000e+03 8.99502000e+01 1.96841300e+03 9.54712400e+01 2.29198200e+03 2.34611200e+02 5.75946000e+03 4.41176100e-01 7.36080900e-01 4.61660000e-01 6.53708000e-01 4.61600200e-01 6.12273800e-01 4.57618900e-01 5.82909300e-01 2.94362500e-01 3.03978600e-01 8.35936900e+00 3.95678400e+02 1.89158400e+03 1.27991500e-03 1.81943000e+00 3.64074600e+00 1.00617800e+01 2.29562200e+03 5.46145600e+00
2.33958500e-03 1.15750900e+03 2.27776700e-02 1.19515600e-01 1.04018800e+00 4.71681300e-02 3.05147800e+00 9.62668300e-01 1.00124700e+00 6.76141400e+01 6.87338900e-01 3.12661100e-01 1.42938400e-01 9.66465500e-02 8.09388500e-01 8.26291600e-01 4.52578500e-01 6.05237000e-01 9.84324500e-01 9.92353600e+01 2.45310200e+00 6.84661900e+00 2.11465700e+00 1.92428900e+00 1.26647800e+03 5.91950800e+03 2.59409100e+03 8.35320000e+02 2.36489800e+02 9.62668300e-01 2.45546800e-01 2.46873900e-01 2.51283500e+00 1.37762600e+01 1.08937500e+03 1.44245200e+02 1.04032600e+00 1.38653800e+01 1.06084800e+03 1.46767200e+02 1.41517100e-01 1.60106600e-01 3.40037000e+03 1.03782700e-02 8.14178800e-01 4.49523000e-01 7.29171900e+01 6.41092500e+02 8.30674800e+01 1.52868100e+03 8.98084000e+01 1.98008800e+03 9.54464300e+01 2.30395300e+03 2.36576400e+02 5.75451400e+03 4.57062000e-01 7.47805000e-01 4.75119200e-01 6.62744400e-01 4.73581400e-01 6.20165500e-01 4.68520200e-01 5.90067700e-01 2.97466300e-01 3.06625100e-01 1.21155600e+01 3.95800600e+02 1.89021600e+03 6.70914000e-02 1.03858200e+00 5.50319500e+00 1.02764400e+01 2.29813200e+03 6.60886900e+00
1.53847100e-02 1.15585100e+03 2.23742400e-02 1.18830200e-01 1.04024200e+00 4.81219400e-02 3.03767700e+00 9.59062100e-01 1.00050300e+00 6.75408900e+01 6.89047200e-01 3.10952800e-01 1.41849600e-01 9.58064900e-02 8.02181100e-01 8.16693400e-01 4.47321400e-01 5.99026500e-01 9.76088100e-01 9.95533300e+01 2.43945800e+00 7.01751700e+00 2.08567300e+00 1.89429700e+00 1.25566100e+03 5.82946100e+03 2.55312700e+03 8.18520700e+02 2.30502800e+02 9.59062100e-01 2.45397200e-01 2.46723700e-01 2.58469300e+00 1.38124300e+01 1.08981300e+03 1.44730700e+02 1.04042500e+00 1.39107300e+01 1.05985600e+03 1.47397100e+02 1.40548700e-01 1.60684200e-01 3.37434400e+03 1.02988700e-02 8.17782200e-01 4.51703800e-01 7.28103500e+01 6.41909300e+02 8.29010300e+01 1.53104100e+03 8.96049800e+01 1.98341400e+03 9.52133000e+01 2.30804300e+03 2.35727300e+02 5.76944100e+03 4.51907400e-01 7.41314600e-01 4.70185000e-01 6.57177500e-01 4.68860700e-01 6.15033100e-01 4.63980400e-01 5.85232100e-01 2.95101100e-01 3.04258800e-01 8.34876300e+00 3.95720100e+02 1.89163200e+03 3.68942000e-02 1.21731700e+00 4.67991600e+00 1.00682700e+01 2.29570100e+03 5.93412700e+00
8.48618300e-05 1.16127500e+03 2.36585500e-02 1.19829500e-01 1.03926600e+00 5.25727000e-02 3.06944100e+00 9.71685000e-01 1.00141800e+00 6.79327400e+01 6.87675700e-01 3.12324300e-01 1.44133200e-01 9.79136300e-02 8.16004900e-01 8.32597300e-01 4.56032300e-01 6.10020200e-01 9.90041000e-01 9.89966300e+01 2.45636400e+00 7.22808800e+00 2.15298700e+00 1.93810500e+00 1.25818500e+03 5.98194000e+03 2.61806800e+03 8.50570500e+02 2.43188600e+02 9.71685000e-01 2.45929900e-01 2.47258300e-01 2.36235500e+00 1.37159500e+01 1.08836900e+03 1.43495200e+02 1.03931500e+00 1.38067000e+01 1.06283200e+03 1.45727400e+02 1.43254500e-01 1.58837000e-01 3.42893100e+03 1.04654100e-02 8.10830800e-01 4.47114800e-01 7.32540800e+01 6.38120600e+02 8.34426600e+01 1.52167300e+03 9.02095200e+01 1.97106100e+03 9.58694800e+01 2.29349200e+03 2.37572500e+02 5.72928100e+03 4.60581300e-01 7.53949300e-01 4.78858600e-01 6.68223700e-01 4.77346300e-01 6.25306600e-01 4.72269600e-01 5.94967800e-01 2.99942700e-01 3.09194400e-01 1.87489700e+01 3.95713800e+02 1.89011700e+03 9.82516700e-02 8.72797100e-01 6.64877400e+00 1.03495200e+01 2.30458000e+03 7.61982300e+00
7.68050700e-04 1.15845400e+03 2.31522000e-02 1.19784400e-01 1.03959600e+00 5.54063700e-02 3.06363500e+00 9.71969100e-01 9.99787400e-01 6.76324500e+01 6.86101700e-01 3.13898300e-01 1.43581700e-01 9.71078200e-02 8.15978800e-01 8.34665900e-01 4.57165400e-01 6.10767700e-01 9.92204800e-01 9.89363600e+01 2.45106300e+00 7.61566200e+00 2.14052300e+00 1.91599600e+00 1.24027000e+03 5.86872500e+03 2.58882100e+03 8.39357500e+02 2.39146100e+02 9.71969100e-01 2.45723700e-01 2.47051500e-01 2.44675900e+00 1.37571400e+01 1.08894800e+03 1.43891200e+02 1.03969800e+00 1.38397200e+01 1.06172600e+03 1.46285300e+02 1.42298900e-01 1.59522200e-01 3.41574800e+03 1.04251900e-02 8.12017500e-01 4.48107800e-01 7.29582700e+01 6.40820200e+02 8.31463800e+01 1.52773700e+03 8.99105500e+01 1.97867300e+03 9.55671400e+01 2.30214900e+03 2.37070000e+02 5.74665700e+03 4.61573700e-01 7.53771300e-01 4.79499800e-01 6.67897800e-01 4.77804100e-01 6.24932100e-01 4.72603000e-01 5.94568600e-01 2.99684900e-01 3.08858900e-01 1.43433100e+01 3.96122200e+02 1.88889400e+03 1.03992200e-01 8.72797100e-01 6.53666300e+00 1.00350100e+01 2.29936000e+03 7.51345200e+00
4.72153800e-03 1.15627100e+03 2.29928800e-02 1.19330100e-01 1.04012400e+00 5.28728600e-02 3.05215100e+00 9.73041100e-01 9.98717900e-01 6.78375200e+01 6.89330000e-01 3.10670000e-01 1.42968100e-01 9.69860500e-02 8.11263600e-01 8.25564500e-01 4.52180300e-01 6.05671000e-01 9.84979100e-01 9.94369400e+01 2.43015100e+00 7.38983200e+00 2.11608100e+00 1.90373900e+00 1.22932100e+03 5.82269800e+03 2.57531000e+03 8.34694200e+02 2.37417300e+02 9.73041100e-01 2.45646300e-01 2.46973700e-01 2.47418900e+00 1.37554800e+01 1.08909800e+03 1.44129000e+02 1.04024700e+00 1.38552700e+01 1.06130600e+03 1.46581000e+02 1.41871400e-01 1.59823300e-01 3.40108100e+03 1.03804400e-02 8.14602900e-01 4.49583900e-01 7.31265700e+01 6.39112100e+02 8.32533100e+01 1.52444100e+03 8.99816700e+01 1.97490900e+03 9.56106200e+01 2.29818500e+03 2.36663300e+02 5.74561300e+03 4.56828500e-01 7.49736200e-01 4.75378000e-01 6.64674000e-01 4.74073000e-01 6.22061400e-01 4.69160800e-01 5.91927400e-01 2.98482600e-01 3.07760500e-01 1.07112400e+01 3.95766200e+02 1.88949500e+03 4.76735400e-02 1.09677200e+00 5.13433600e+00 1.02907800e+01 2.29597200e+03 6.27878100e+00
9.17251200e-04 1.15715200e+03 2.32781500e-02 1.19559800e-01 1.03938600e+00 4.66490100e-02 3.05368800e+00 9.59845500e-01 1.00052800e+00 6.77459700e+01 6.87367800e-01 3.12632200e-01 1.43483100e-01 9.72039900e-02 8.06741200e-01 8.23550900e-01 4.51077400e-01 6.03243500e-01 9.80149900e-01 9.90492600e+01 2.46039200e+00 6.69403100e+00 2.11933500e+00 1.93054900e+00 1.28140900e+03 5.99815400e+03 2.59979500e+03 8.37893800e+02 2.37865200e+02 9.59845500e-01 2.45779000e-01 2.47106900e-01 2.42551100e+00 1.37498200e+01 1.08878400e+03 1.43852700e+02 1.03947100e+00 1.38390300e+01 1.06199300e+03 1.46206900e+02 1.42472900e-01 1.59335300e-01 3.41339000e+03 1.04180000e-02 8.12618600e-01 4.48323600e-01 7.30588800e+01 6.39847100e+02 8.32281100e+01 1.52571900e+03 8.99816700e+01 1.97625500e+03 9.56302800e+01 2.29949700e+03 2.37027300e+02 5.74346600e+03 4.55545300e-01 7.45361400e-01 4.73549300e-01 6.60581000e-01 4.72019600e-01 6.18141900e-01 4.66977100e-01 5.88142800e-01 2.96493500e-01 3.05625000e-01 1.39882600e+01 3.95814500e+02 1.88709400e+03 9.03690000e-02 9.26576500e-01 6.31738800e+00 1.00724600e+01 2.29689600e+03 7.33433400e+00
2.48842800e-03 1.15767000e+03 2.38128700e-02 1.17025700e-01 1.04014100e+00 4.71007200e-02 3.05534200e+00 9.66544000e-01 9.98479700e-01 6.93499800e+01 7.05819600e-01 2.94180400e-01 1.41483700e-01 9.81189000e-02 7.98985700e-01 7.91198000e-01 4.33357000e-01 5.88426800e-01 9.59435600e-01 1.01454000e+02 2.41825300e+00 6.61163300e+00 2.12284400e+00 1.93199900e+00 1.27738300e+03 6.07730000e+03 2.61538200e+03 8.46506600e+02 2.41086000e+02 9.66544000e-01 2.45986100e-01 2.47314800e-01 2.33742000e+00 1.36627800e+01 1.08796400e+03 1.44096300e+02 1.04016900e+00 1.38531600e+01 1.06298400e+03 1.46292800e+02 1.42736900e-01 1.58878300e-01 3.36559700e+03 1.02721800e-02 8.23313800e-01 4.53504800e-01 7.44765100e+01 6.26355300e+02 8.43441400e+01 1.49793900e+03 9.09253700e+01 1.94316100e+03 9.64431000e+01 2.26336600e+03 2.35972900e+02 5.70481000e+03 4.39206900e-01 7.40029200e-01 4.61100800e-01 6.57885500e-01 4.61751900e-01 6.16467800e-01 4.58243200e-01 5.87077200e-01 2.96703100e-01 3.06688900e-01 1.19922100e+01 3.95903800e+02 1.89100400e+03 3.64694000e-02 2.34993600e+00 3.65573500e+00 1.03975700e+01 2.29890000e+03 6.04214100e+00
7.68790400e-03 1.15649500e+03 2.38987000e-02 1.16798300e-01 1.04018500e+00 5.18880200e-02 3.06206200e+00 9.77427500e-01 1.00259400e+00 6.95184300e+01 7.07536400e-01 2.92463600e-01 1.41342200e-01 9.82588500e-02 8.03893700e-01 7.93732000e-01 4.34744900e-01 5.91175700e-01 9.64159000e-01 1.01676400e+02 2.40194200e+00 7.07244900e+00 2.13715800e+00 1.92649200e+00 1.24734800e+03 6.01150800e+03 2.61711100e+03 8.52142700e+02 2.43676500e+02 9.77427500e-01 2.46012500e-01 2.47341300e-01 2.32371600e+00 1.36517000e+01 1.08784700e+03 1.44089600e+02 1.04021100e+00 1.38519600e+01 1.06317500e+03 1.46258200e+02 1.42825900e-01 1.58793100e-01 3.36221400e+03 1.02618600e-02 8.24213500e-01 4.53908800e-01 7.46307300e+01 6.24937000e+02 8.44710700e+01 1.49496500e+03 9.10367900e+01 1.93958100e+03 9.65428000e+01 2.25942500e+03 2.35915400e+02 5.69993500e+03 4.40741300e-01 7.44752600e-01 4.63152300e-01 6.62283100e-01 4.64015500e-01 6.20672000e-01 4.60629500e-01 5.91133000e-01 2.98827200e-01 3.08970000e-01 9.73621400e+00 3.95586600e+02 1.89020100e+03 5.62213800e-02 2.50994400e+00 3.79621300e+00 1.11040800e+01 2.29552400e+03 6.36237800e+00
3.60458400e-08 1.17081200e+03 2.44381000e-02 1.19933000e-01 1.03826300e+00 5.07843700e-02 3.08087300e+00 9.59942100e-01 9.99304200e-01 6.82147200e+01 6.88354800e-01 3.11645200e-01 1.45016200e-01 9.89224300e-02 8.13224500e-01 8.28857800e-01 4.53984100e-01 6.07610900e-01 9.84626200e-01 9.88220100e+01 2.49207600e+00 6.90460200e+00 2.17774000e+00 1.96741200e+00 1.31416600e+03 6.20803900e+03 2.64552900e+03 8.56509300e+02 2.45261900e+02 9.59942100e-01 2.46191400e-01 2.47520800e-01 2.24033500e+00 1.36675500e+01 1.08751800e+03 1.42880100e+02 1.03823400e+00 1.37618500e+01 1.06454800e+03 1.44869000e+02 1.44697200e-01 1.57765800e-01 3.45003900e+03 1.05298200e-02 8.08498000e-01 4.45321100e-01 7.35480600e+01 6.35520300e+02 8.37592500e+01 1.51563800e+03 9.05421900e+01 1.96335100e+03 9.62160900e+01 2.28460800e+03 2.38320100e+02 5.70897800e+03 4.58560100e-01 7.51447900e-01 4.76929600e-01 6.66080500e-01 4.75503500e-01 6.23331400e-01 4.70499400e-01 5.93107200e-01 2.99025500e-01 3.08281700e-01 3.42769500e+01 3.95620000e+02 1.89300000e+03 1.25054400e-01 7.68898900e-01 7.72813600e+00 1.01052500e+01 2.32289700e+03 8.62208900e+00
2.52667500e-03 1.15709600e+03 2.34410500e-02 1.17492700e-01 1.03806100e+00 5.54328100e-02 3.06516300e+00 9.61553300e-01 1.00072500e+00 6.81671100e+01 6.95316700e-01 3.04683300e-01 1.41578900e-01 9.65102300e-02 8.02886900e-01 8.09129500e-01 4.43178500e-01 5.96508300e-01 9.72449200e-01 9.99156600e+01 2.45312500e+00 7.51800500e+00 2.14379600e+00 1.91882400e+00 1.27838500e+03 6.01925800e+03 2.58989300e+03 8.34675100e+02 2.37046800e+02 9.61553300e-01 2.45842800e-01 2.47170900e-01 2.39815200e+00 1.37641200e+01 1.08842000e+03 1.44260400e+02 1.03813200e+00 1.38961500e+01 1.06218300e+03 1.46574600e+02 1.42187300e-01 1.58999100e-01 3.36787200e+03 1.02791200e-02 8.20212800e-01 4.52119100e-01 7.33808800e+01 6.36467000e+02 8.33845900e+01 1.51956700e+03 9.00403000e+01 1.96953600e+03 9.56127500e+01 2.29270400e+03 2.35700900e+02 5.74852600e+03 4.48268300e-01 7.42586400e-01 4.67952300e-01 6.58987300e-01 4.67361500e-01 6.17010500e-01 4.62978600e-01 5.87289500e-01 2.96386300e-01 3.05863400e-01 1.19617000e+01 3.96144500e+02 1.88994500e+03 1.59792000e-02 1.34256300e+00 4.67098000e+00 1.01118400e+01 2.29805100e+03 6.02952300e+00
1.73297100e-04 1.16151900e+03 2.32034000e-02 1.19146500e-01 1.03794600e+00 5.14925700e-02 3.06727200e+00 9.58396700e-01 1.00294300e+00 6.73468000e+01 6.84726800e-01 3.15273200e-01 1.42995000e-01 9.63025900e-02 8.09381800e-01 8.29729100e-01 4.54461400e-01 6.06492200e-01 9.86268000e-01 9.85952300e+01 2.48062200e+00 7.20062300e+00 2.14832100e+00 1.93808700e+00 1.29122300e+03 6.03326300e+03 2.60794800e+03 8.39086800e+02 2.38098800e+02 9.58396700e-01 2.45747100e-01 2.47074900e-01 2.43811300e+00 1.37986900e+01 1.08883500e+03 1.44015600e+02 1.03804200e+00 1.38737700e+01 1.06176400e+03 1.46399300e+02 1.42215500e-01 1.59223900e-01 3.40172500e+03 1.03824100e-02 8.13362500e-01 4.48730100e-01 7.26702700e+01 6.43461400e+02 8.28545900e+01 1.53369700e+03 8.96141100e+01 1.98617200e+03 9.52658100e+01 2.31069400e+03 2.36542900e+02 5.76416600e+03 4.58738100e-01 7.47540100e-01 4.76205700e-01 6.62226700e-01 4.74360100e-01 6.19564000e-01 4.69090000e-01 5.89423100e-01 2.97040600e-01 3.06072400e-01 1.73210100e+01 3.95714200e+02 1.88977700e+03 1.56928600e-01 6.71532900e-01 7.98397800e+00 1.14137600e+01 2.30281200e+03 8.81243900e+00
3.74947300e-04 1.16052700e+03 2.29154900e-02 1.19982500e-01 1.03846300e+00 5.77518400e-02 3.06858500e+00 9.60313100e-01 1.00071000e+00 6.69879200e+01 6.80118200e-01 3.19881800e-01 1.43543100e-01 9.61565600e-02 8.14987500e-01 8.41560000e-01 4.60941400e-01 6.12912300e-01 9.95755500e-01 9.81329300e+01 2.48734300e+00 7.89947500e+00 2.15114300e+00 1.91649100e+00 1.26909800e+03 5.90916900e+03 2.57820300e+03 8.29754200e+02 2.35306400e+02 9.60313100e-01 2.45608400e-01 2.46935600e-01 2.48795300e+00 1.38157300e+01 1.08924900e+03 1.44020300e+02 1.03859100e+00 1.38668900e+01 1.06119200e+03 1.46493500e+02 1.41910200e-01 1.59645600e-01 3.41482700e+03 1.04223800e-02 8.10644800e-01 4.47538200e-01 7.23597900e+01 6.46556300e+02 8.26191500e+01 1.53996600e+03 8.94214500e+01 1.99357200e+03 9.51056500e+01 2.31871700e+03 2.36857700e+02 5.77175300e+03 4.64843800e-01 7.52265100e-01 4.81392300e-01 6.65919300e-01 4.78994700e-01 6.22815400e-01 4.73323400e-01 5.92390900e-01 2.98358900e-01 3.07236600e-01 1.57774500e+01 3.96976700e+02 1.88802400e+03 2.38066100e-01 4.95667100e-01 9.43270600e+00 1.01083600e+01 2.30077800e+03 1.01664400e+01
1.13957000e-02 1.15715600e+03 2.20460900e-02 1.19948800e-01 1.03907600e+00 4.90195100e-02 3.03720500e+00 9.60793900e-01 1.00071200e+00 6.64898700e+01 6.77350900e-01 3.22649100e-01 1.42640000e-01 9.48411600e-02 8.06493200e-01 8.36383200e-01 4.58105900e-01 6.07831600e-01 9.89060700e-01 9.80509600e+01 2.45201700e+00 7.19757100e+00 2.08468900e+00 1.89000700e+00 1.24125000e+03 5.75042600e+03 2.54358000e+03 8.15303700e+02 2.29415000e+02 9.60793900e-01 2.45260500e-01 2.46586500e-01 2.64741700e+00 1.38853400e+01 1.09032900e+03 1.44691700e+02 1.03929500e+00 1.39221000e+01 1.05917000e+03 1.47467500e+02 1.40220100e-01 1.60929100e-01 3.39323800e+03 1.03565100e-02 8.12565500e-01 4.49197000e-01 7.18662300e+01 6.51199300e+02 8.21263700e+01 1.55035500e+03 8.89249800e+01 2.00658700e+03 9.46041500e+01 2.33350100e+03 2.36031000e+02 5.80110900e+03 4.61738100e-01 7.44157600e-01 4.77493300e-01 6.58452800e-01 4.74800800e-01 6.15713300e-01 4.68973000e-01 5.85562600e-01 2.94821700e-01 3.03479300e-01 8.94903900e+00 3.95710900e+02 1.88969700e+03 2.49823600e-01 4.95667100e-01 9.10171300e+00 1.01087900e+01 2.29435700e+03 9.84720400e+00
5.39327900e-06 1.16481900e+03 2.43234800e-02 1.18405900e-01 1.03875100e+00 4.69438500e-02 3.06595200e+00 9.83910300e-01 9.98146200e-01 6.88189700e+01 6.97269900e-01 3.02730100e-01 1.43374500e-01 9.86688600e-02 8.10209700e-01 8.13887900e-01 4.45784800e-01 6.00981800e-01 9.76659900e-01 1.00051300e+02 2.41068300e+00 6.52008100e+00 2.14548800e+00 1.95322000e+00 1.24306100e+03 6.05453700e+03 2.65215400e+03 8.68771800e+02 2.49980500e+02 9.83910300e-01 2.46147900e-01 2.47477200e-01 2.25765900e+00 1.36586100e+01 1.08752000e+03 1.43353400e+02 1.03872600e+00 1.38008800e+01 1.06420500e+03 1.45383300e+02 1.44056000e-01 1.58019900e-01 3.41079500e+03 1.04100800e-02 8.15484600e-01 4.49036600e-01 7.40477200e+01 6.30596900e+02 8.40903200e+01 1.50601600e+03 9.07748900e+01 1.95227700e+03 9.63729100e+01 2.27286200e+03 2.37253000e+02 5.70420500e+03 4.51076700e-01 7.49552100e-01 4.71370000e-01 6.65381600e-01 4.71002900e-01 6.23085900e-01 4.66737100e-01 5.93127000e-01 2.99398500e-01 3.09066800e-01 2.42607100e+01 3.96101200e+02 1.89266200e+03 1.03098200e-02 1.40705700e+00 4.61995600e+00 1.05776500e+01 2.31302400e+03 6.03732300e+00
2.66165000e-09 1.17341600e+03 2.53061400e-02 1.17511400e-01 1.03888800e+00 5.89047200e-02 3.10357600e+00 9.79547400e-01 9.99347400e-01 7.00201400e+01 7.07387500e-01 2.92612500e-01 1.43462700e-01 1.00452800e-01 8.16811700e-01 8.06692100e-01 4.41843400e-01 6.00751900e-01 9.76136300e-01 1.01233000e+02 2.44876300e+00 7.47833300e+00 2.22774700e+00 1.98016700e+00 1.28657800e+03 6.27661500e+03 2.68466900e+03 8.79268100e+02 2.54115600e+02 9.79547400e-01 2.46567200e-01 2.47898000e-01 2.11516600e+00 1.35519300e+01 1.08643700e+03 1.42836400e+02 1.03877500e+00 1.37504700e+01 1.06626500e+03 1.44576900e+02 1.45515200e-01 1.57008800e-01 3.41290200e+03 1.04165100e-02 8.17969100e-01 4.49618300e-01 7.51729400e+01 6.20439200e+02 8.50885700e+01 1.48417300e+03 9.17043100e+01 1.92555700e+03 9.72521500e+01 2.24307000e+03 2.37672200e+02 5.65828300e+03 4.47907300e-01 7.56703700e-01 4.70645000e-01 6.72891600e-01 4.71504200e-01 6.30605600e-01 4.68051400e-01 6.00588400e-01 3.03588300e-01 3.13890300e-01 3.94886400e+01 3.96270500e+02 1.89503400e+03 1.93472900e-02 2.11648900e+00 3.80706500e+00 1.00959200e+01 2.33079300e+03 5.94290000e+00
2.55093300e-06 1.16693600e+03 2.42971400e-02 1.16725700e-01 1.04019200e+00 7.02068600e-02 3.10760400e+00 9.86404800e-01 9.98862600e-01 6.98846400e+01 7.09926400e-01 2.90073600e-01 1.41668000e-01 9.90041500e-02 8.23243100e-01 8.09508800e-01 4.43386200e-01 6.04164400e-01 9.84775500e-01 1.01927300e+02 2.43595100e+00 8.69598400e+00 2.23673900e+00 1.94372300e+00 1.24438700e+03 6.05149700e+03 2.64577800e+03 8.66483900e+02 2.49514600e+02 9.86404800e-01 2.46138300e-01 2.47467600e-01 2.26167100e+00 1.36112200e+01 1.08740800e+03 1.43803800e+02 1.04017800e+00 1.38249300e+01 1.06401400e+03 1.45850800e+02 1.43522500e-01 1.58331400e-01 3.37000200e+03 1.02856200e-02 8.23917300e-01 4.53460400e-01 7.49832900e+01 6.21828600e+02 8.48039900e+01 1.48810400e+03 9.13603200e+01 1.93106100e+03 9.68602200e+01 2.24981400e+03 2.36271400e+02 5.68267900e+03 4.49699100e-01 7.62929100e-01 4.73187000e-01 6.78727300e-01 4.74364800e-01 6.36201100e-01 4.71101200e-01 6.05996800e-01 3.06444100e-01 3.16968100e-01 2.57581000e+01 4.00455800e+02 1.89064000e+03 8.24881500e-02 2.67357500e+00 4.02649900e+00 1.02347700e+01 2.31685400e+03 6.78256300e+00
7.59063900e-10 1.17462100e+03 2.51298100e-02 1.17815700e-01 1.03870700e+00 5.75121000e-02 3.10677200e+00 9.67847500e-01 1.00208200e+00 6.96978800e+01 7.04411900e-01 2.95588100e-01 1.43590600e-01 1.00079600e-01 8.16152400e-01 8.10128800e-01 4.43725900e-01 6.01787300e-01 9.77600700e-01 1.00842700e+02 2.48101300e+00 7.38983200e+00 2.23487800e+00 1.99204700e+00 1.32367800e+03 6.35908800e+03 2.68983000e+03 8.75087500e+02 2.51871900e+02 9.67847500e-01 2.46496500e-01 2.47827000e-01 2.13992000e+00 1.35762500e+01 1.08663600e+03 1.42892700e+02 1.03860900e+00 1.37580800e+01 1.06588400e+03 1.44685500e+02 1.45299900e-01 1.57154500e-01 3.41596100e+03 1.04258400e-02 8.16785000e-01 4.49128300e-01 7.48772900e+01 6.23100500e+02 8.48358400e+01 1.48982500e+03 9.14755600e+01 1.93241800e+03 9.70413000e+01 2.25067300e+03 2.37674200e+02 5.66885900e+03 4.49566100e-01 7.55784900e-01 4.71620100e-01 6.71730800e-01 4.72117100e-01 6.29373300e-01 4.68416900e-01 5.99324800e-01 3.02822800e-01 3.12950100e-01 4.19978700e+01 3.96227900e+02 1.89446800e+03 3.51755100e-03 1.89191900e+00 3.93033500e+00 1.07212200e+01 2.33269400e+03 5.82577200e+00
2.37693400e-06 1.16681900e+03 2.33441900e-02 1.19570200e-01 1.03838700e+00 5.10942300e-02 3.07159200e+00 9.60427500e-01 9.99561900e-01 6.74639900e+01 6.84580900e-01 3.15419100e-01 1.43559500e-01 9.68509800e-02 8.13010000e-01 8.33641300e-01 4.56604200e-01 6.09281300e-01 9.89828300e-01 9.85887800e+01 2.48378800e+00 7.13653600e+00 2.15762200e+00 1.94803000e+00 1.29234200e+03 6.05466900e+03 2.62206900e+03 8.45341100e+02 2.40358900e+02 9.60427500e-01 2.45805400e-01 2.47133400e-01 2.41438200e+00 1.37729400e+01 1.08870500e+03 1.43800100e+02 1.03847000e+00 1.38473000e+01 1.06210700e+03 1.46135400e+02 1.42597400e-01 1.59101100e-01 3.41521800e+03 1.04235700e-02 8.11698800e-01 4.47772400e-01 7.27990800e+01 6.42333400e+02 8.30052500e+01 1.53097300e+03 8.97790400e+01 1.98262200e+03 9.54425800e+01 2.30654600e+03 2.37004500e+02 5.75342300e+03 4.60885100e-01 7.50876100e-01 4.78397300e-01 6.65165500e-01 4.76526000e-01 6.22306600e-01 4.71220500e-01 5.92027900e-01 2.98344200e-01 3.07410800e-01 2.58994000e+01 3.95704300e+02 1.89316700e+03 1.57805000e-01 6.71532900e-01 7.97954900e+00 1.00584900e+01 2.31477100e+03 8.80888700e+00
4.50066900e-05 1.16239500e+03 2.34368700e-02 1.17837200e-01 1.03821400e+00 5.42282700e-02 3.07254000e+00 9.69991400e-01 9.99513300e-01 6.80938700e+01 6.93927000e-01 3.06073000e-01 1.41919200e-01 9.66382600e-02 8.09806400e-01 8.17961900e-01 4.48016200e-01 6.02334100e-01 9.81357300e-01 9.97481500e+01 2.44827700e+00 7.40509000e+00 2.15967000e+00 1.93769400e+00 1.26653400e+03 6.02086500e+03 2.62098500e+03 8.48666900e+02 2.41806700e+02 9.69991400e-01 2.45841200e-01 2.47169300e-01 2.39884900e+00 1.37613700e+01 1.08845400e+03 1.44174500e+02 1.03828900e+00 1.38857800e+01 1.06222200e+03 1.46486200e+02 1.42278000e-01 1.59016400e-01 3.37600700e+03 1.03039400e-02 8.18848100e-01 4.51417100e-01 7.33249400e+01 6.37053000e+02 8.33579700e+01 1.52063100e+03 9.00310400e+01 1.97069400e+03 9.56170400e+01 2.29387100e+03 2.35938900e+02 5.74754300e+03 4.53040200e-01 7.48846600e-01 4.72582700e-01 6.64388600e-01 4.71821600e-01 6.22003500e-01 4.67287900e-01 5.92002200e-01 2.98707300e-01 3.08195600e-01 2.00174000e+01 3.95879600e+02 1.89257300e+03 2.57540800e-02 1.27934900e+00 4.94849600e+00 1.00656800e+01 2.30847000e+03 6.25359900e+00
1.02352000e-03 1.15735100e+03 2.32305900e-02 1.17612100e-01 1.03847000e+00 5.60582300e-02 3.06935600e+00 9.73470500e-01 1.00169100e+00 6.80865500e+01 6.94791600e-01 3.05208400e-01 1.41487800e-01 9.63341700e-02 8.09910900e-01 8.16911200e-01 4.47440700e-01 6.01986000e-01 9.81536800e-01 9.99324800e+01 2.43602500e+00 7.62481700e+00 2.15280300e+00 1.92447700e+00 1.24845100e+03 5.94785300e+03 2.60696300e+03 8.44847500e+02 2.40568800e+02 9.73470500e-01 2.45759000e-01 2.47086800e-01 2.43353200e+00 1.37735400e+01 1.08867400e+03 1.44390600e+02 1.03856700e+00 1.39028600e+01 1.06172600e+03 1.46772700e+02 1.41831200e-01 1.59321400e-01 3.36569600e+03 1.02724800e-02 8.20346700e-01 4.52355700e-01 7.33050800e+01 6.37161600e+02 8.33118400e+01 1.52110400e+03 8.99688100e+01 1.97144800e+03 9.55419500e+01 2.29486300e+03 2.35608900e+02 5.75252100e+03 4.52521100e-01 7.49032600e-01 4.72265000e-01 6.64652400e-01 4.71609300e-01 6.22291700e-01 4.67147200e-01 5.92302000e-01 2.98897000e-01 3.08430700e-01 1.37690100e+01 3.96148700e+02 1.88841800e+03 1.45616900e-02 1.34256300e+00 4.52331700e+00 1.04853100e+01 2.29833600e+03 5.88044200e+00
9.99778500e-05 1.16520400e+03 2.41918300e-02 1.16322400e-01 1.03826600e+00 6.29982400e-02 3.09727100e+00 9.82066000e-01 1.00619200e+00 6.92840600e+01 7.05935100e-01 2.94064900e-01 1.41159400e-01 9.78009700e-02 8.14917600e-01 8.06816300e-01 4.41911500e-01 6.00101200e-01 9.79032300e-01 1.01201300e+02 2.43378700e+00 8.05816700e+00 2.21374500e+00 1.95167800e+00 1.25701100e+03 6.10176200e+03 2.65279700e+03 8.66079400e+02 2.48742200e+02 9.82066000e-01 2.46101600e-01 2.47430600e-01 2.27781700e+00 1.36770500e+01 1.08749000e+03 1.43988100e+02 1.03826000e+00 1.38682000e+01 1.06378600e+03 1.46067200e+02 1.43219100e-01 1.58171700e-01 3.35784600e+03 1.02485300e-02 8.24318700e-01 4.53696100e-01 7.44060600e+01 6.26938700e+02 8.42606300e+01 1.49936700e+03 9.08333700e+01 1.94503500e+03 9.63440800e+01 2.26556600e+03 2.35707300e+02 5.71075200e+03 4.47875600e-01 7.54800000e-01 4.70237200e-01 6.71033200e-01 4.70918100e-01 6.28794700e-01 4.67351100e-01 5.98820700e-01 3.02648600e-01 3.12838500e-01 1.84211200e+01 3.97523000e+02 1.89245300e+03 1.82700800e-02 2.11648900e+00 3.71351100e+00 1.61623400e+01 2.30839700e+03 5.84827000e+00
6.77419100e-05 1.16106500e+03 2.32361300e-02 1.18705100e-01 1.03907800e+00 5.54541100e-02 3.07904500e+00 9.71522600e-01 1.00441700e+00 6.79107700e+01 6.90827600e-01 3.09172400e-01 1.42586400e-01 9.68315000e-02 8.17591900e-01 8.29996600e-01 4.54607900e-01 6.09658700e-01 9.92127000e-01 9.94732000e+01 2.46100600e+00 7.58514400e+00 2.17376300e+00 1.94556300e+00 1.26424100e+03 5.99620200e+03 2.63060000e+03 8.52223500e+02 2.42851300e+02 9.71522600e-01 2.45761400e-01 2.47089200e-01 2.43259700e+00 1.37597400e+01 1.08876100e+03 1.44104000e+02 1.03916700e+00 1.38672700e+01 1.06184000e+03 1.46476300e+02 1.42152200e-01 1.59369600e-01 3.39195600e+03 1.03526000e-02 8.16087100e-01 4.50151400e-01 7.31764100e+01 6.38571900e+02 8.32717100e+01 1.52350200e+03 8.99814100e+01 1.97392200e+03 9.55957900e+01 2.29722300e+03 2.36393000e+02 5.74722800e+03 4.59444500e-01 7.55730700e-01 4.78468200e-01 6.70149100e-01 4.77326300e-01 6.27252100e-01 4.72493900e-01 5.96908100e-01 3.01054200e-01 3.10476100e-01 1.91996100e+01 3.96128900e+02 1.88718800e+03 4.63355400e-02 1.09677200e+00 5.32150400e+00 1.31493700e+01 2.30251700e+03 6.46461200e+00
1.74777300e-03 1.15622100e+03 2.32527800e-02 1.19154100e-01 1.03996800e+00 4.91859800e-02 3.05504200e+00 9.61974600e-01 9.99416700e-01 6.80645800e+01 6.91218100e-01 3.08781900e-01 1.43052100e-01 9.73677800e-02 8.07192100e-01 8.18921400e-01 4.48541700e-01 6.01713700e-01 9.78399800e-01 9.96078500e+01 2.45241000e+00 6.95953400e+00 2.12220700e+00 1.92338100e+00 1.27312500e+03 5.97171900e+03 2.59340900e+03 8.36477300e+02 2.37496400e+02 9.61974600e-01 2.45768400e-01 2.47096300e-01 2.42979000e+00 1.37333200e+01 1.08877700e+03 1.43976200e+02 1.04005900e+00 1.38430800e+01 1.06187800e+03 1.46343200e+02 1.42309000e-01 1.59472100e-01 3.40308800e+03 1.03865700e-02 8.14839700e-01 4.49512200e-01 7.33379700e+01 6.37135300e+02 8.34446300e+01 1.52017400e+03 9.01625000e+01 1.96967500e+03 9.57840200e+01 2.29233400e+03 2.36791500e+02 5.73614200e+03 4.53330100e-01 7.46158200e-01 4.72203300e-01 6.61704800e-01 4.71124300e-01 6.19366700e-01 4.66386300e-01 5.89415400e-01 2.97287300e-01 3.06611800e-01 1.26988300e+01 3.95668000e+02 1.88783400e+03 3.43739000e-02 1.21731700e+00 4.90659000e+00 1.00822200e+01 2.29620100e+03 6.15828100e+00
3.09813700e-03 1.15760200e+03 2.28714000e-02 1.20073400e-01 1.04055600e+00 5.34192700e-02 3.05781400e+00 9.67609700e-01 1.00113000e+00 6.76214600e+01 6.85981700e-01 3.14018300e-01 1.43590000e-01 9.70976300e-02 8.15301300e-01 8.34132300e-01 4.56873100e-01 6.10318900e-01 9.91461500e-01 9.90789000e+01 2.45486000e+00 7.48138400e+00 2.12809900e+00 1.91246000e+00 1.24662300e+03 5.85036700e+03 2.58045800e+03 8.33787100e+02 2.36759500e+02 9.67609700e-01 2.45587700e-01 2.46914900e-01 2.49589100e+00 1.37582200e+01 1.08930700e+03 1.44030800e+02 1.04068100e+00 1.38400500e+01 1.06107700e+03 1.46519900e+02 1.41850400e-01 1.60022800e-01 3.41594500e+03 1.04257900e-02 8.11951200e-01 4.48301600e-01 7.29449900e+01 6.40948000e+02 8.31352800e+01 1.52800500e+03 8.99006500e+01 1.97899500e+03 9.55581400e+01 2.30250400e+03 2.37072000e+02 5.74712400e+03 4.61289600e-01 7.53130100e-01 4.79165800e-01 6.67312900e-01 4.77453300e-01 6.24377900e-01 4.72244200e-01 5.94037000e-01 2.99410500e-01 3.08569800e-01 1.15539100e+01 3.95933300e+02 1.89060200e+03 8.49775500e-02 9.26576500e-01 5.87068500e+00 1.02319300e+01 2.29808900e+03 6.88223900e+00
4.36147700e-04 1.15791300e+03 2.36032700e-02 1.17960200e-01 1.04033600e+00 5.56777200e-02 3.07391800e+00 9.76308500e-01 1.00084800e+00 6.89068600e+01 7.00497100e-01 2.99502900e-01 1.42208600e-01 9.79915000e-02 8.13948400e-01 8.13273700e-01 4.45448400e-01 6.02139500e-01 9.80540700e-01 1.00791900e+02 2.43169800e+00 7.52105700e+00 2.16264700e+00 1.93474800e+00 1.25090600e+03 5.98757200e+03 2.62356200e+03 8.53217800e+02 2.43829800e+02 9.76308500e-01 2.45907500e-01 2.47235900e-01 2.37137800e+00 1.36821100e+01 1.08827500e+03 1.44015700e+02 1.04038700e+00 1.38425000e+01 1.06260300e+03 1.46272700e+02 1.42620000e-01 1.59131100e-01 3.38292600e+03 1.03250500e-02 8.19728500e-01 4.51804400e-01 7.40884400e+01 6.30019100e+02 8.40494200e+01 1.50541100e+03 9.06846300e+01 1.95200400e+03 9.62436800e+01 2.27296400e+03 2.36394200e+02 5.71361200e+03 4.51017100e-01 7.53340200e-01 4.72128900e-01 6.69109600e-01 4.72148200e-01 6.26729800e-01 4.68129300e-01 5.96690800e-01 3.01337200e-01 3.11218400e-01 1.54750600e+01 3.95990200e+02 1.88872800e+03 3.11943300e-03 1.89191900e+00 3.59376100e+00 1.01429400e+01 2.30019400e+03 5.48879900e+00
2.10941000e-04 1.16059200e+03 2.36471700e-02 1.17997700e-01 1.03944800e+00 4.63557500e-02 3.05769100e+00 9.89245100e-01 9.99569400e-01 6.86285400e+01 6.97890200e-01 3.02109800e-01 1.42290000e-01 9.76515300e-02 8.10578700e-01 8.13423900e-01 4.45530600e-01 6.00947300e-01 9.78459300e-01 1.00346900e+02 2.38937500e+00 6.57806400e+00 2.12783700e+00 1.93943100e+00 1.21668100e+03 5.93204600e+03 2.64025000e+03 8.64933300e+02 2.48116100e+02 9.89245100e-01 2.45925300e-01 2.47253800e-01 2.36420900e+00 1.37039100e+01 1.08822800e+03 1.43972600e+02 1.03950600e+00 1.38500900e+01 1.06267900e+03 1.46217400e+02 1.42710900e-01 1.58942500e-01 3.38487100e+03 1.03309800e-02 8.18808700e-01 4.51272400e-01 7.38370700e+01 6.32348300e+02 8.38333000e+01 1.51035800e+03 9.04880300e+01 1.95801100e+03 9.60615400e+01 2.27962400e+03 2.36376500e+02 5.72304800e+03 4.50850100e-01 7.49961600e-01 4.71302200e-01 6.65820900e-01 4.71014700e-01 6.23529100e-01 4.66801700e-01 5.93568700e-01 2.99655300e-01 3.09360400e-01 1.69278600e+01 3.96255500e+02 1.89235500e+03 1.27011200e-03 1.60798500e+00 3.97872600e+00 1.00574400e+01 2.30553900e+03 5.58798100e+00
1.41507900e-02 1.15482300e+03 2.26936000e-02 1.18434800e-01 1.03962600e+00 4.95729800e-02 3.03949800e+00 9.70896100e-01 1.00014900e+00 6.77386500e+01 6.91025800e-01 3.08974200e-01 1.41773500e-01 9.60354800e-02 8.03248700e-01 8.15174300e-01 4.46489300e-01 5.98867200e-01 9.75959400e-01 9.96742600e+01 2.41373300e+00 7.09991500e+00 2.08947500e+00 1.89225000e+00 1.22649200e+03 5.79545500e+03 2.56062500e+03 8.27339600e+02 2.34367300e+02 9.70896100e-01 2.45513800e-01 2.46840800e-01 2.52792300e+00 1.37970500e+01 1.08938200e+03 1.44588800e+02 1.03977200e+00 1.39058200e+01 1.06058100e+03 1.47145300e+02 1.41051500e-01 1.60167900e-01 3.37252600e+03 1.02933200e-02 8.18511600e-01 4.51829900e-01 7.29888500e+01 6.40197700e+02 8.30527800e+01 1.52743100e+03 8.97419400e+01 1.97904600e+03 9.53392900e+01 2.30321300e+03 2.35725400e+02 5.76279400e+03 4.51253700e-01 7.42494300e-01 4.69991100e-01 6.58435400e-01 4.68894200e-01 6.16298300e-01 4.64163500e-01 5.86490500e-01 2.95812700e-01 3.05078400e-01 8.51596900e+00 3.95729000e+02 1.88946600e+03 2.90716500e-02 1.21731700e+00 4.65599900e+00 1.00313200e+01 2.29371100e+03 5.90238800e+00
3.47887300e-03 1.15708700e+03 2.35702800e-02 1.16053800e-01 1.04001500e+00 5.48895100e-02 3.06942300e+00 9.76595900e-01 1.00149800e+00 6.94561800e+01 7.09236000e-01 2.90764000e-01 1.40269200e-01 9.74256300e-02 8.05172700e-01 7.92681500e-01 4.34169500e-01 5.91254100e-01 9.66125600e-01 1.01971500e+02 2.40781900e+00 7.42034900e+00 2.15294800e+00 1.92911100e+00 1.25177300e+03 6.01432200e+03 2.62186600e+03 8.51597500e+02 2.42866900e+02 9.76595900e-01 2.45894000e-01 2.47222400e-01 2.37678600e+00 1.36861900e+01 1.08815100e+03 1.44534900e+02 1.04008000e+00 1.38965200e+01 1.06237400e+03 1.46814200e+02 1.42012700e-01 1.59190300e-01 3.33656600e+03 1.01836100e-02 8.27884000e-01 4.56053900e-01 7.45341200e+01 6.25626200e+02 8.43153100e+01 1.49702200e+03 9.08441800e+01 1.94252100e+03 9.63205200e+01 2.26307300e+03 2.35078300e+02 5.71409400e+03 4.40308700e-01 7.46111800e-01 4.63128400e-01 6.63687200e-01 4.64196600e-01 6.22070300e-01 4.60946500e-01 5.92516400e-01 2.99604800e-01 3.09856200e-01 1.13220900e+01 3.95804400e+02 1.88982200e+03 8.90118500e-02 2.67357500e+00 4.07472100e+00 1.03869900e+01 2.29694900e+03 6.83730800e+00
1.25791900e-02 1.15431200e+03 2.34688000e-02 1.16274000e-01 1.03973900e+00 5.04938900e-02 3.05337100e+00 9.69608500e-01 1.00079000e+00 6.91961700e+01 7.06798900e-01 2.93201100e-01 1.40387900e-01 9.71430500e-02 7.97601400e-01 7.88511600e-01 4.31885600e-01 5.86917800e-01 9.58837200e-01 1.01624900e+02 2.40586200e+00 7.00836200e+00 2.11866500e+00 1.91515500e+00 1.25827300e+03 5.99583700e+03 2.59713800e+03 8.40295100e+02 2.38852000e+02 9.69608500e-01 2.45853400e-01 2.47181600e-01 2.39353900e+00 1.37056200e+01 1.08828800e+03 1.44555300e+02 1.03981100e+00 1.39020600e+01 1.06218300e+03 1.46864900e+02 1.41891400e-01 1.59262800e-01 3.33940400e+03 1.01922600e-02 8.26850800e-01 4.55587300e-01 7.42971900e+01 6.27795500e+02 8.41137500e+01 1.50162400e+03 9.06624700e+01 1.94810200e+03 9.61536700e+01 2.26925300e+03 2.35092700e+02 5.72256500e+03 4.37787500e-01 7.38849300e-01 4.59863200e-01 6.56951200e-01 4.60632500e-01 6.15640600e-01 4.57212500e-01 5.86319700e-01 2.96369100e-01 3.06389800e-01 8.75142300e+00 3.95648500e+02 1.88786500e+03 5.17196900e-02 2.42950100e+00 3.75042900e+00 1.01277500e+01 2.29226500e+03 6.23165000e+00
4.05412000e-03 1.15592300e+03 2.35389000e-02 1.17851500e-01 1.04026200e+00 5.03060300e-02 3.05850900e+00 9.60227600e-01 1.00015200e+00 6.88665800e+01 7.00511500e-01 2.99488500e-01 1.42035600e-01 9.78150300e-02 8.02562600e-01 8.01878100e-01 4.39206700e-01 5.93709400e-01 9.67107300e-01 1.00800900e+02 2.44448300e+00 6.99920700e+00 2.12957900e+00 1.92574400e+00 1.28661900e+03 6.04793100e+03 2.59939100e+03 8.37935400e+02 2.37968600e+02 9.60227600e-01 2.45881200e-01 2.47209500e-01 2.38194800e+00 1.36901900e+01 1.08834100e+03 1.44092600e+02 1.04032300e+00 1.38507600e+01 1.06245000e+03 1.46371400e+02 1.42471900e-01 1.59201500e-01 3.37878900e+03 1.03124300e-02 8.20242600e-01 4.52117300e-01 7.40460200e+01 6.30378200e+02 8.40006300e+01 1.50627500e+03 9.06316300e+01 1.95312800e+03 9.61871700e+01 2.27427700e+03 2.36251300e+02 5.71698200e+03 4.44691600e-01 7.42804800e-01 4.65513500e-01 6.59754900e-01 4.65535500e-01 6.17968800e-01 4.61574900e-01 5.88350400e-01 2.97126000e-01 3.06870700e-01 1.10160400e+01 3.95645500e+02 1.88967200e+03 3.38685600e-03 1.89191900e+00 3.58476100e+00 1.00314500e+01 2.29633400e+03 5.48006600e+00
1.30543300e-02 1.15638600e+03 2.31849300e-02 1.18287900e-01 1.04093200e+00 5.10327200e-02 3.05202100e+00 9.68330700e-01 1.00206100e+00 6.86395300e+01 6.98352100e-01 3.01647900e-01 1.42117900e-01 9.75490700e-02 8.06084500e-01 8.08295400e-01 4.42721600e-01 5.97386800e-01 9.72956500e-01 1.00654900e+02 2.42542100e+00 7.14874300e+00 2.11580600e+00 1.91051100e+00 1.25116300e+03 5.91246500e+03 2.58472300e+03 8.35813300e+02 2.37458600e+02 9.68330700e-01 2.45738800e-01 2.47066600e-01 2.44122600e+00 1.37076900e+01 1.08878300e+03 1.44250800e+02 1.04103500e+00 1.38564900e+01 1.06168700e+03 1.46642800e+02 1.41937200e-01 1.59735100e-01 3.38075800e+03 1.03184400e-02 8.19426200e-01 4.51972100e-01 7.38400800e+01 6.32290100e+02 8.38245900e+01 1.51032800e+03 9.04722100e+01 1.95804300e+03 9.60401000e+01 2.27972000e+03 2.36248500e+02 5.72456900e+03 4.48054000e-01 7.45848900e-01 4.68492900e-01 6.62219800e-01 4.68260600e-01 6.20177700e-01 4.64107800e-01 5.90391400e-01 2.98070100e-01 3.07744600e-01 8.67727100e+00 3.95652300e+02 1.89237400e+03 9.95259800e-04 1.81943000e+00 3.54094300e+00 1.07076500e+01 2.29670300e+03 5.36136800e+00
5.50817700e-04 1.15729700e+03 2.34508900e-02 1.18905900e-01 1.03910100e+00 5.23396000e-02 3.06593600e+00 9.61752600e-01 1.00140200e+00 6.80242900e+01 6.90960600e-01 3.09039400e-01 1.43001900e-01 9.72760600e-02 8.09056300e-01 8.21154900e-01 4.49765100e-01 6.03229000e-01 9.80949700e-01 9.94445500e+01 2.46476200e+00 7.23419200e+00 2.14545400e+00 1.93222500e+00 1.28218900e+03 6.02444500e+03 2.60477900e+03 8.40488600e+02 2.39004400e+02 9.61752600e-01 2.45846500e-01 2.47174700e-01 2.39651400e+00 1.37381300e+01 1.08852600e+03 1.43889000e+02 1.03917200e+00 1.38465100e+01 1.06233600e+03 1.46189800e+02 1.42607300e-01 1.59099200e-01 3.40189000e+03 1.03829100e-02 8.14924600e-01 4.49389800e-01 7.32999400e+01 6.37483700e+02 8.34078800e+01 1.52094600e+03 9.01262200e+01 1.97063600e+03 9.57479600e+01 2.29342100e+03 2.36742200e+02 5.73817800e+03 4.54537200e-01 7.47857000e-01 4.73398900e-01 6.63184300e-01 4.72288300e-01 6.20740400e-01 4.67519600e-01 5.90715800e-01 2.97934200e-01 3.07267400e-01 1.50082100e+01 3.95719200e+02 1.88693300e+03 4.87717800e-02 1.09677200e+00 5.44564300e+00 1.03424200e+01 2.29766100e+03 6.59118600e+00
8.19893300e-04 1.15698100e+03 2.33248600e-02 1.18487100e-01 1.03914300e+00 5.36286000e-02 3.06847900e+00 9.64730800e-01 1.00264000e+00 6.80828900e+01 6.92667700e-01 3.07332300e-01 1.42457100e-01 9.69889100e-02 8.10127700e-01 8.19968100e-01 4.49115000e-01 6.03191900e-01 9.81825900e-01 9.97002700e+01 2.45855300e+00 7.38067600e+00 2.15091600e+00 1.93215600e+00 1.27481100e+03 6.00696200e+03 2.60834900e+03 8.42265100e+02 2.39473200e+02 9.64730800e-01 2.45797800e-01 2.47125800e-01 2.41763700e+00 1.37476500e+01 1.08863700e+03 1.44092600e+02 1.03923300e+00 1.38652900e+01 1.06199300e+03 1.46439600e+02 1.42254600e-01 1.59277600e-01 3.38886600e+03 1.03431700e-02 8.16947500e-01 4.50535300e-01 7.33349700e+01 6.37056000e+02 8.34025100e+01 1.52033600e+03 9.00966200e+01 1.97011600e+03 9.56993100e+01 2.29303600e+03 2.36345300e+02 5.74196000e+03 4.54031800e-01 7.49018200e-01 4.73301900e-01 6.64402400e-01 4.72392100e-01 6.21958800e-01 4.67755200e-01 5.91923800e-01 2.98614500e-01 3.08044500e-01 1.42126700e+01 3.95863500e+02 1.88663100e+03 2.81643200e-02 1.21731700e+00 4.86603600e+00 1.11428900e+01 2.29670700e+03 6.11151800e+00
1.91281400e-06 1.16646500e+03 2.42793000e-02 1.19435400e-01 1.04026400e+00 4.65091400e-02 3.06871000e+00 9.82720300e-01 9.98607200e-01 6.89325000e+01 6.96192600e-01 3.03807400e-01 1.44359800e-01 9.95108300e-02 8.16158400e-01 8.21321100e-01 4.49856100e-01 6.05932200e-01 9.83020200e-01 1.00066100e+02 2.42265700e+00 6.50177000e+00 2.15141400e+00 1.96031900e+00 1.24841800e+03 6.05329300e+03 2.65908300e+03 8.71060900e+02 2.50741900e+02 9.82720300e-01 2.46131900e-01 2.47461100e-01 2.26439300e+00 1.36222700e+01 1.08764800e+03 1.43125700e+02 1.04025200e+00 1.37587500e+01 1.06416700e+03 1.45165400e+02 1.44270500e-01 1.58268000e-01 3.43434800e+03 1.04819400e-02 8.12373500e-01 4.47494200e-01 7.41912400e+01 6.29451700e+02 8.42814700e+01 1.50303100e+03 9.09961200e+01 1.94824300e+03 9.66185600e+01 2.26803100e+03 2.38031700e+02 5.68915200e+03 4.55076700e-01 7.54948400e-01 4.75282600e-01 6.70053200e-01 4.74786900e-01 6.27411000e-01 4.70403500e-01 5.97213200e-01 3.01412400e-01 3.11099300e-01 2.63338700e+01 3.96120800e+02 1.89426500e+03 8.94583100e-03 1.47275900e+00 4.38928000e+00 1.03381500e+01 2.31672000e+03 5.87098500e+00
3.55710600e-03 1.15762600e+03 2.24468000e-02 1.19232100e-01 1.03935900e+00 6.17541500e-02 3.06683300e+00 9.64310600e-01 1.00053600e+00 6.71637000e+01 6.84493000e-01 3.15507000e-01 1.42324000e-01 9.55900700e-02 8.15792700e-01 8.36611300e-01 4.58230900e-01 6.11409400e-01 9.95434100e-01 9.88718200e+01 2.47068400e+00 8.39080800e+00 2.14737800e+00 1.89788400e+00 1.24677300e+03 5.80777100e+03 2.55889900e+03 8.22951700e+02 2.32668600e+02 9.64310600e-01 2.45425100e-01 2.46751800e-01 2.57136500e+00 1.38331700e+01 1.08975500e+03 1.44571200e+02 1.03953900e+00 1.39072300e+01 1.06004700e+03 1.47210200e+02 1.40800300e-01 1.60437300e-01 3.38568500e+03 1.03334700e-02 8.15248500e-01 4.50306400e-01 7.24787600e+01 6.45176900e+02 8.26417400e+01 1.53773500e+03 8.93867700e+01 1.99136800e+03 9.50262100e+01 2.31671200e+03 2.35981200e+02 5.77859900e+03 4.62512000e-01 7.53441100e-01 4.80071000e-01 6.67432500e-01 4.78186400e-01 6.24425600e-01 4.72858000e-01 5.94042900e-01 2.99366200e-01 3.08457000e-01 1.12776200e+01 3.98389200e+02 1.88812800e+03 1.10967000e-01 8.20176000e-01 6.45082000e+00 1.00737900e+01 2.29779500e+03 7.38196300e+00
1.21064500e-02 1.15915300e+03 2.15710100e-02 1.19273000e-01 1.03970700e+00 5.71181600e-02 3.04423900e+00 9.62265200e-01 1.00075800e+00 6.65521200e+01 6.80552600e-01 3.19447400e-01 1.41489200e-01 9.41640400e-02 8.10156900e-01 8.36003600e-01 4.57898000e-01 6.09072400e-01 9.93089000e-01 9.86181100e+01 2.45287000e+00 8.14056400e+00 2.09940500e+00 1.87276800e+00 1.22735200e+03 5.66659000e+03 2.52274500e+03 8.06478200e+02 2.26062500e+02 9.62265200e-01 2.45026300e-01 2.46351400e-01 2.74117100e+00 1.39118000e+01 1.09089500e+03 1.45231200e+02 1.03996900e+00 1.39649400e+01 1.05802500e+03 1.48181800e+02 1.39091600e-01 1.61737200e-01 3.36572800e+03 1.02725800e-02 8.16691800e-01 4.51727100e-01 7.18787600e+01 6.50854000e+02 8.20597300e+01 1.55029900e+03 8.88106600e+01 2.00701100e+03 9.44522200e+01 2.33439800e+03 2.35170000e+02 5.81186000e+03 4.61847700e-01 7.47847500e-01 4.78390700e-01 6.62054200e-01 4.76054800e-01 6.19219500e-01 4.70449200e-01 5.88982600e-01 2.96670300e-01 3.05509500e-01 8.82803400e+00 3.97050500e+02 1.89470000e+03 1.45697400e-01 7.19420900e-01 6.74220900e+00 1.01198100e+01 2.30057900e+03 7.60732800e+00
1.44487300e-02 1.15579500e+03 2.24944000e-02 1.17766700e-01 1.03920800e+00 5.33165000e-02 3.03842300e+00 9.63258000e-01 9.99477900e-01 6.76727300e+01 6.92317500e-01 3.07682500e-01 1.40906200e-01 9.53550900e-02 7.98707100e-01 8.08869200e-01 4.43035900e-01 5.94857900e-01 9.70913800e-01 9.98492700e+01 2.42344000e+00 7.51495400e+00 2.08723100e+00 1.87611900e+00 1.23736000e+03 5.78736100e+03 2.53444300e+03 8.14281200e+02 2.29637300e+02 9.63258000e-01 2.45442500e-01 2.46769100e-01 2.56289800e+00 1.38265000e+01 1.08957000e+03 1.44915400e+02 1.03938400e+00 1.39424400e+01 1.06004700e+03 1.47547300e+02 1.40482000e-01 1.60394900e-01 3.35179400e+03 1.02300700e-02 8.21409800e-01 4.53480200e-01 7.28989600e+01 6.40891700e+02 8.29159100e+01 1.52940500e+03 8.95758400e+01 1.98181200e+03 9.51496900e+01 2.30660300e+03 2.35045200e+02 5.77494500e+03 4.47864600e-01 7.38426200e-01 4.66787400e-01 6.54971200e-01 4.65850400e-01 6.13115400e-01 4.61251400e-01 5.83498500e-01 2.94360300e-01 3.03636500e-01 8.47429700e+00 3.95908000e+02 1.89142700e+03 1.78918200e-02 1.34256300e+00 4.34851300e+00 1.00713900e+01 2.29580900e+03 5.70896800e+00
5.66654700e-03 1.15837000e+03 2.20731100e-02 1.18038200e-01 1.03896500e+00 4.76817500e-02 3.01918900e+00 9.61932600e-01 9.98362300e-01 6.71490500e+01 6.87831800e-01 3.12168200e-01 1.40756500e-01 9.45166200e-02 7.93144100e-01 8.09069400e-01 4.43145600e-01 5.92856100e-01 9.67903800e-01 9.93448500e+01 2.40916100e+00 7.02056900e+00 2.04746900e+00 1.86123600e+00 1.22506200e+03 5.70615500e+03 2.51244100e+03 8.05043400e+02 2.26095200e+02 9.61932600e-01 2.45272500e-01 2.46598500e-01 2.64223000e+00 1.38776500e+01 1.09012400e+03 1.45168600e+02 1.03918600e+00 1.39694600e+01 1.05909300e+03 1.47946800e+02 1.39739900e-01 1.60934800e-01 3.34821400e+03 1.02191400e-02 8.20697400e-01 4.53422200e-01 7.24088300e+01 6.45556700e+02 8.24752600e+01 1.53944800e+03 8.91612700e+01 1.99411400e+03 9.47537300e+01 2.32033800e+03 2.34780800e+02 5.79682600e+03 4.47582800e-01 7.32847700e-01 4.65391100e-01 6.49545100e-01 4.63943400e-01 6.07837900e-01 4.59023900e-01 5.78353300e-01 2.91593700e-01 3.00587900e-01 1.03463500e+01 3.95791900e+02 1.89381800e+03 5.53908000e-02 1.09677200e+00 5.17398800e+00 1.04568900e+01 2.29995600e+03 6.32615100e+00
8.41673900e-03 1.15578200e+03 2.26090800e-02 1.19413100e-01 1.03984700e+00 4.70727500e-02 3.03666800e+00 9.73243500e-01 9.98102700e-01 6.73980700e+01 6.85927700e-01 3.14072300e-01 1.42667400e-01 9.61550500e-02 8.06688200e-01 8.25391400e-01 4.52085500e-01 6.03897400e-01 9.82611800e-01 9.90635300e+01 2.41530700e+00 6.86798100e+00 2.08357000e+00 1.89636200e+00 1.21886900e+03 5.76390200e+03 2.56528100e+03 8.30101300e+02 2.35357100e+02 9.73243500e-01 2.45483200e-01 2.46810000e-01 2.54280400e+00 1.38027900e+01 1.08957000e+03 1.44400400e+02 1.04001300e+00 1.38844800e+01 1.06042900e+03 1.46982700e+02 1.41164100e-01 1.60286200e-01 3.39389200e+03 1.03585100e-02 8.14610800e-01 4.49864900e-01 7.27083100e+01 6.43035900e+02 8.28660700e+01 1.53297700e+03 8.96098300e+01 1.98543200e+03 9.52492200e+01 2.30999100e+03 2.36309200e+02 5.76575200e+03 4.56434100e-01 7.45172900e-01 4.74118100e-01 6.60261600e-01 4.72421800e-01 6.17780100e-01 4.67266400e-01 5.87759800e-01 2.96251300e-01 3.05311200e-01 9.55506600e+00 3.95903900e+02 1.88857800e+03 8.62504400e-02 9.26576500e-01 5.90953500e+00 1.06037200e+01 2.29403700e+03 6.92236200e+00
1.00230700e-02 1.15724500e+03 2.25405800e-02 1.18613800e-01 1.04035300e+00 4.77525200e-02 3.03470600e+00 9.78481200e-01 9.96259100e-01 6.77935800e+01 6.91469900e-01 3.08530100e-01 1.41799500e-01 9.61309500e-02 8.05562100e-01 8.16934300e-01 4.47453400e-01 6.00376100e-01 9.78373600e-01 9.98383500e+01 2.39412200e+00 6.94427500e+00 2.07948600e+00 1.89007400e+00 1.20376100e+03 5.73009200e+03 2.56364500e+03 8.31178400e+02 2.35737900e+02 9.78481200e-01 2.45458900e-01 2.46785700e-01 2.55478100e+00 1.37915500e+01 1.08958600e+03 1.44659600e+02 1.04051400e+00 1.39027000e+01 1.06023800e+03 1.47268100e+02 1.40808400e-01 1.60480400e-01 3.37314600e+03 1.02952100e-02 8.18544600e-01 4.51979300e-01 7.30396200e+01 6.39721300e+02 8.30991300e+01 1.52639900e+03 8.97860100e+01 1.97777700e+03 9.53817700e+01 2.30179300e+03 2.35760600e+02 5.76044600e+03 4.52273900e-01 7.44675700e-01 4.71161800e-01 6.60417100e-01 4.70112700e-01 6.18172900e-01 4.65403100e-01 5.88286500e-01 2.96735400e-01 3.06049600e-01 9.20573100e+00 3.95859700e+02 1.89154600e+03 1.83140600e-02 1.34256300e+00 4.25074000e+00 1.22669000e+01 2.29661100e+03 5.61161800e+00
4.24294000e-04 1.16023000e+03 2.30000700e-02 1.19120900e-01 1.03948700e+00 5.26221100e-02 3.05982500e+00 9.88666400e-01 9.99590600e-01 6.77020300e+01 6.88525900e-01 3.11474100e-01 1.42766200e-01 9.66555800e-02 8.17898300e-01 8.33392600e-01 4.56467900e-01 6.11019100e-01 9.94027700e-01 9.92702800e+01 2.40874200e+00 7.35626200e+00 2.13238200e+00 1.91936700e+00 1.19893100e+03 5.79058900e+03 2.60890900e+03 8.52516400e+02 2.43754500e+02 9.88666400e-01 2.45649900e-01 2.46977300e-01 2.47292600e+00 1.37731000e+01 1.08907100e+03 1.44177300e+02 1.03960300e+00 1.38685000e+01 1.06130600e+03 1.46628200e+02 1.41825800e-01 1.59722200e-01 3.39625300e+03 1.03657100e-02 8.14982300e-01 4.49760500e-01 7.29925500e+01 6.40344600e+02 8.31221700e+01 1.52718400e+03 8.98511800e+01 1.97833500e+03 9.54801000e+01 2.30206600e+03 2.36470800e+02 5.75306400e+03 4.61097900e-01 7.55786500e-01 4.79614700e-01 6.69948700e-01 4.78202100e-01 6.26961100e-01 4.73183800e-01 5.96567000e-01 3.00792100e-01 3.10104500e-01 1.55301700e+01 3.95740400e+02 1.89241500e+03 6.45196100e-02 1.03858200e+00 5.61788000e+00 1.00545900e+01 2.30368500e+03 6.72098200e+00
4.13229500e-03 1.16135100e+03 2.31210000e-02 1.15748300e-01 1.03887700e+00 5.80224000e-02 3.06128400e+00 1.00036400e+00 9.97574800e-01 6.88043200e+01 7.05294800e-01 2.94705200e-01 1.39514400e-01 9.59919700e-02 8.09193800e-01 8.02021100e-01 4.39285000e-01 5.96210300e-01 9.75539100e-01 1.01410600e+02 2.35532800e+00 7.81097400e+00 2.13549600e+00 1.90152100e+00 1.17040100e+03 5.76589200e+03 2.60333100e+03 8.54506400e+02 2.44701300e+02 1.00036400e+00 2.45709000e-01 2.47036700e-01 2.45205800e+00 1.37639000e+01 1.08864000e+03 1.44961100e+02 1.03898800e+00 1.39521500e+01 1.06134400e+03 1.47389900e+02 1.41094200e-01 1.59587800e-01 3.31852500e+03 1.01285600e-02 8.29064600e-01 4.56978700e-01 7.39027400e+01 6.31253900e+02 8.37077900e+01 1.50953300e+03 9.02465300e+01 1.95812300e+03 9.57282800e+01 2.28072700e+03 2.34309300e+02 5.74711700e+03 4.45163500e-01 7.49435900e-01 4.67230700e-01 6.66195100e-01 4.67831900e-01 6.24232300e-01 4.64238100e-01 5.94457900e-01 3.00428400e-01 3.10508300e-01 1.09778400e+01 3.96086200e+02 1.89873400e+03 3.37471500e-02 2.27128100e+00 3.62980200e+00 1.09688300e+01 2.30579800e+03 5.93483000e+00
2.71206600e-03 1.15929000e+03 2.28295000e-02 1.17958300e-01 1.04009600e+00 5.52069100e-02 3.06093800e+00 9.94091000e-01 1.00114800e+00 6.81781000e+01 6.95728900e-01 3.04271100e-01 1.41432900e-01 9.64262700e-02 8.17338000e-01 8.23135600e-01 4.50849900e-01 6.07039400e-01 9.89872400e-01 1.00305100e+02 2.38776200e+00 7.63702400e+00 2.13475800e+00 1.91159800e+00 1.18367800e+03 5.75128800e+03 2.60638900e+03 8.52792300e+02 2.43704000e+02 9.94091000e-01 2.45568900e-01 2.46896100e-01 2.50346300e+00 1.37672300e+01 1.08917600e+03 1.44608400e+02 1.04022800e+00 1.39016100e+01 1.06084800e+03 1.47122100e+02 1.41175400e-01 1.60075800e-01 3.36438400e+03 1.02684800e-02 8.20740200e-01 4.52900400e-01 7.33847700e+01 6.36404300e+02 8.33783300e+01 1.51951400e+03 9.00278900e+01 1.96953200e+03 9.55954900e+01 2.29275000e+03 2.35592500e+02 5.74977500e+03 4.56073300e-01 7.55993400e-01 4.76202700e-01 6.70930700e-01 4.75649600e-01 6.28212200e-01 4.71220900e-01 5.97963500e-01 3.01791700e-01 3.11459600e-01 1.18200900e+01 3.95905300e+02 1.89522100e+03 1.67665200e-03 1.60798500e+00 3.78448100e+00 1.02385400e+01 2.30294700e+03 5.39414200e+00
5.11841600e-07 1.16979700e+03 2.34682500e-02 1.18811600e-01 1.04027200e+00 5.81789700e-02 3.08965500e+00 9.93852000e-01 1.00187400e+00 6.84674100e+01 6.95112000e-01 3.04888000e-01 1.42925000e-01 9.78570100e-02 8.29543700e-01 8.36274400e-01 4.58046300e-01 6.16416600e-01 1.00253000e+00 1.00098300e+02 2.42628300e+00 7.80487100e+00 2.19694900e+00 1.95562800e+00 1.21521500e+03 5.91985600e+03 2.66300100e+03 8.74044700e+02 2.51328000e+02 9.93852000e-01 2.45853200e-01 2.47181400e-01 2.39363000e+00 1.37010100e+01 1.08849900e+03 1.43899900e+02 1.04034500e+00 1.38319500e+01 1.06233600e+03 1.46198500e+02 1.42612700e-01 1.59260600e-01 3.40004900e+03 1.03773000e-02 8.16223900e-01 4.50081600e-01 7.37097700e+01 6.33640300e+02 8.37631800e+01 1.51277500e+03 9.04516700e+01 1.96070400e+03 9.60514400e+01 2.28239800e+03 2.36811900e+02 5.72217800e+03 4.63268600e-01 7.67221400e-01 4.83562900e-01 6.80826700e-01 4.82929700e-01 6.37449300e-01 4.78385600e-01 6.06737800e-01 3.06186600e-01 3.15971300e-01 2.89705000e+01 3.96283800e+02 1.89813500e+03 7.13599400e-03 1.47275900e+00 4.13591200e+00 1.05897000e+01 2.32338900e+03 5.61580700e+00
7.91687100e-04 1.15894900e+03 2.36918800e-02 1.18154200e-01 1.04043900e+00 4.71138800e-02 3.06520100e+00 9.65114400e-01 1.00372200e+00 6.89471400e+01 7.00252600e-01 2.99747400e-01 1.42491200e-01 9.82436100e-02 8.07334600e-01 8.06994700e-01 4.42009200e-01 5.97368700e-01 9.72289100e-01 1.00750800e+02 2.44425900e+00 6.65130600e+00 2.14387600e+00 1.95108900e+00 1.28951500e+03 6.10500200e+03 2.63642600e+03 8.52786700e+02 2.42932100e+02 9.65114400e-01 2.45943000e-01 2.47271500e-01 2.35693700e+00 1.36706900e+01 1.08819000e+03 1.43898300e+02 1.04049200e+00 1.38298300e+01 1.06279400e+03 1.46127600e+02 1.42837300e-01 1.59034500e-01 3.38968100e+03 1.03456600e-02 8.18845000e-01 4.51283200e-01 7.41392400e+01 6.29602600e+02 8.41128100e+01 1.50436500e+03 9.07560700e+01 1.95061400e+03 9.63217000e+01 2.27131800e+03 2.36621600e+02 5.70886700e+03 4.47490800e-01 7.47197000e-01 4.68383200e-01 6.63628800e-01 4.68376700e-01 6.21585800e-01 4.64372900e-01 5.91786900e-01 2.98848800e-01 3.08640000e-01 1.42826900e+01 3.95857700e+02 1.89000600e+03 2.34079800e-03 1.89191900e+00 3.61305800e+00 1.22442500e+01 2.30014600e+03 5.50731700e+00
3.44996400e-04 1.16154300e+03 2.42344400e-02 1.16903300e-01 1.04063000e+00 5.32625200e-02 3.08303900e+00 9.71682300e-01 1.00542400e+00 6.99176000e+01 7.09964800e-01 2.90035200e-01 1.41782900e-01 9.91312000e-02 8.09848000e-01 7.96284500e-01 4.36143000e-01 5.94314300e-01 9.68523700e-01 1.01989300e+02 2.43620000e+00 7.14569100e+00 2.18246300e+00 1.96193100e+00 1.28917000e+03 6.18282200e+03 2.65938100e+03 8.64261500e+02 2.47420400e+02 9.71682300e-01 2.46116100e-01 2.47445300e-01 2.27126200e+00 1.36052100e+01 1.08749000e+03 1.43805900e+02 1.04062700e+00 1.38191600e+01 1.06390000e+03 1.45870600e+02 1.43462000e-01 1.58464200e-01 3.37275000e+03 1.02940000e-02 8.23589900e-01 4.53348600e-01 7.50191400e+01 6.21528000e+02 8.48431900e+01 1.48739600e+03 9.14018300e+01 1.93015000e+03 9.69037000e+01 2.24876000e+03 2.36368900e+02 5.68015800e+03 4.42346900e-01 7.50520000e-01 4.65462800e-01 6.67693000e-01 4.66627100e-01 6.25860300e-01 4.63420500e-01 5.96148300e-01 3.01462700e-01 3.11820300e-01 1.59439500e+01 3.95643700e+02 1.88990300e+03 9.07623800e-02 2.67357500e+00 4.09574700e+00 1.47354800e+01 2.30149100e+03 6.86008500e+00
1.05757900e-04 1.15959700e+03 2.40276000e-02 1.17672700e-01 1.03882400e+00 5.26672900e-02 3.07700500e+00 9.70665500e-01 1.00341200e+00 6.88519300e+01 6.99730500e-01 3.00269500e-01 1.42345400e-01 9.80075600e-02 8.09252700e-01 8.09616100e-01 4.43445000e-01 5.99048500e-01 9.75272700e-01 1.00448000e+02 2.44486300e+00 7.13348400e+00 2.16933300e+00 1.95245100e+00 1.27973000e+03 6.12025900e+03 2.64220700e+03 8.57874000e+02 2.45344100e+02 9.70665500e-01 2.46049500e-01 2.47378400e-01 2.30335800e+00 1.36831400e+01 1.08777700e+03 1.43766000e+02 1.03883000e+00 1.38392200e+01 1.06351900e+03 1.45889900e+02 1.43311000e-01 1.58401300e-01 3.38619600e+03 1.03350300e-02 8.19131500e-01 4.51144100e-01 7.40433000e+01 6.30457400e+02 8.40186500e+01 1.50627700e+03 9.06622600e+01 1.95300600e+03 9.62277900e+01 2.27403200e+03 2.36482500e+02 5.71414100e+03 4.48915700e-01 7.48917300e-01 4.69737100e-01 6.65095900e-01 4.69665700e-01 6.22934600e-01 4.65607800e-01 5.93055200e-01 2.99469000e-01 3.09253400e-01 1.83087200e+01 3.95626200e+02 1.88766100e+03 3.45569200e-04 1.67729600e+00 4.03007600e+00 1.18904600e+01 2.30159600e+03 5.70771800e+00
1.45793400e-04 1.16075500e+03 2.37783200e-02 1.18863800e-01 1.04067000e+00 4.96304200e-02 3.06535600e+00 9.83101200e-01 9.99771700e-01 6.88446000e+01 6.97679400e-01 3.02320600e-01 1.43287300e-01 9.86455500e-02 8.15365800e-01 8.18513300e-01 4.48318200e-01 6.04601800e-01 9.82692200e-01 1.00407500e+02 2.41479100e+00 6.90155000e+00 2.14420900e+00 1.94159500e+00 1.23442900e+03 5.96322200e+03 2.63631600e+03 8.61774000e+02 2.47198900e+02 9.83101200e-01 2.45974600e-01 2.47303200e-01 2.34297000e+00 1.36583800e+01 1.08815200e+03 1.43650600e+02 1.04070500e+00 1.38032000e+01 1.06306100e+03 1.45846600e+02 1.43198300e-01 1.58939600e-01 3.40871000e+03 1.04037200e-02 8.15846200e-01 4.49668500e-01 7.40718800e+01 6.30359500e+02 8.41058600e+01 1.50555500e+03 9.07853600e+01 1.95174900e+03 9.63794700e+01 2.27230500e+03 2.37195400e+02 5.70405300e+03 4.53654600e-01 7.54367200e-01 4.74176400e-01 6.69705800e-01 4.73860100e-01 6.27156000e-01 4.69603600e-01 5.97014400e-01 3.01379400e-01 3.11132300e-01 1.76666400e+01 3.95723200e+02 1.89257000e+03 4.84198600e-04 1.67729600e+00 3.83642400e+00 1.00361200e+01 2.30596000e+03 5.51420400e+00
8.80478800e-04 1.16106300e+03 2.45104400e-02 1.16999900e-01 1.04043800e+00 4.92965200e-02 3.06248000e+00 9.89931100e-01 9.98297600e-01 7.00531000e+01 7.10326500e-01 2.89673500e-01 1.42155400e-01 9.95842900e-02 8.06300400e-01 7.92301800e-01 4.33961600e-01 5.91526300e-01 9.63348000e-01 1.01962300e+02 2.37528800e+00 6.70929000e+00 2.13805200e+00 1.93731300e+00 1.22511700e+03 6.02326300e+03 2.64108000e+03 8.67932400e+02 2.50121600e+02 9.89931100e-01 2.46220200e-01 2.47549700e-01 2.22950700e+00 1.35839300e+01 1.08720500e+03 1.43570700e+02 1.04039800e+00 1.37995900e+01 1.06451000e+03 1.45550000e+02 1.43980900e-01 1.58117100e-01 3.38165500e+03 1.03211700e-02 8.22586500e-01 4.52621100e-01 7.51549400e+01 6.20381400e+02 8.49875600e+01 1.48473200e+03 9.15524400e+01 1.92674600e+03 9.70597900e+01 2.24483700e+03 2.36690800e+02 5.67122400e+03 4.40182900e-01 7.47266400e-01 4.63270200e-01 6.64836400e-01 4.64469100e-01 6.23198700e-01 4.61304300e-01 5.93623000e-01 3.00197700e-01 3.10529800e-01 1.40700900e+01 3.95879900e+02 1.89486500e+03 8.60126000e-02 2.67357500e+00 4.05962600e+00 1.04914800e+01 2.30481500e+03 6.81921400e+00
1.45670700e-05 1.16245100e+03 2.39354000e-02 1.19200600e-01 1.03903700e+00 5.70413600e-02 3.07586400e+00 9.67652300e-01 9.96951400e-01 6.83062700e+01 6.91836900e-01 3.08163100e-01 1.43781100e-01 9.82115300e-02 8.13831800e-01 8.24829900e-01 4.51777900e-01 6.06359000e-01 9.84701000e-01 9.94489000e+01 2.46468200e+00 7.60040300e+00 2.16686100e+00 1.93323900e+00 1.27125800e+03 6.03015200e+03 2.60950000e+03 8.46483400e+02 2.42048000e+02 9.67652300e-01 2.46023100e-01 2.47351900e-01 2.31789100e+00 1.36922500e+01 1.08800600e+03 1.43445500e+02 1.03906000e+00 1.38053100e+01 1.06340400e+03 1.45592600e+02 1.43581900e-01 1.58490800e-01 3.42051500e+03 1.04397400e-02 8.12907400e-01 4.47987900e-01 7.35904200e+01 6.34903600e+02 8.37148100e+01 1.51500300e+03 9.04454600e+01 1.96307600e+03 9.60781300e+01 2.28473600e+03 2.37414000e+02 5.71890700e+03 4.56637200e-01 7.52359400e-01 4.75809300e-01 6.67273700e-01 4.74797200e-01 6.24608100e-01 4.70072100e-01 5.94421100e-01 2.99834000e-01 3.09268200e-01 2.22734900e+01 3.96350900e+02 1.88800500e+03 4.90918500e-02 1.09677200e+00 5.61171400e+00 1.15148600e+01 2.30663000e+03 6.75757700e+00
4.67256100e-04 1.15998100e+03 2.44288100e-02 1.16577000e-01 1.03813200e+00 5.61882500e-02 3.07529300e+00 9.58430300e-01 9.99304600e-01 6.93499800e+01 7.05471700e-01 2.94528300e-01 1.41651000e-01 9.82349200e-02 7.98506800e-01 7.91191300e-01 4.33353300e-01 5.88247900e-01 9.58860600e-01 1.01075000e+02 2.45555400e+00 7.37762500e+00 2.16562200e+00 1.93543300e+00 1.30951600e+03 6.20276000e+03 2.61141900e+03 8.42871900e+02 2.40419900e+02 9.58430300e-01 2.46187800e-01 2.47517200e-01 2.24173100e+00 1.36582800e+01 1.08725600e+03 1.43741500e+02 1.03810600e+00 1.38465200e+01 1.06432000e+03 1.45746200e+02 1.43713600e-01 1.57874300e-01 3.36959600e+03 1.02843800e-02 8.22731500e-01 4.52696200e-01 7.44823600e+01 6.26331000e+02 8.43602800e+01 1.49779700e+03 9.09478400e+01 1.94292100e+03 9.64706200e+01 2.26304100e+03 2.36100200e+02 5.70298100e+03 4.39173800e-01 7.39550200e-01 4.60978400e-01 6.57420100e-01 4.61587700e-01 6.16015000e-01 4.58052500e-01 5.86635500e-01 2.96465200e-01 3.06425500e-01 1.53372700e+01 3.96119500e+02 1.89257900e+03 1.15353800e-02 2.04033800e+00 3.76966000e+00 1.01051500e+01 2.30403600e+03 5.82153300e+00
1.67503300e-05 1.16203900e+03 2.42520400e-02 1.18203500e-01 1.03913400e+00 5.68064300e-02 3.07802300e+00 9.68267200e-01 9.96638700e-01 6.89581300e+01 6.99066300e-01 3.00933700e-01 1.43100700e-01 9.86795600e-02 8.10128600e-01 8.11388300e-01 4.44415700e-01 6.00028200e-01 9.75576300e-01 1.00341300e+02 2.45366800e+00 7.49969500e+00 2.17154400e+00 1.93832700e+00 1.27865300e+03 6.09626700e+03 2.61958200e+03 8.50494800e+02 2.43483700e+02 9.68267200e-01 2.46122300e-01 2.47451400e-01 2.26856300e+00 1.36535500e+01 1.08757900e+03 1.43459300e+02 1.03911900e+00 1.38058600e+01 1.06405300e+03 1.45510500e+02 1.43868900e-01 1.58168400e-01 3.40425000e+03 1.03901100e-02 8.16757400e-01 4.49757700e-01 7.41697200e+01 6.29429500e+02 8.41797700e+01 1.50366400e+03 9.08454700e+01 1.94951500e+03 9.64290300e+01 2.26988300e+03 2.37086700e+02 5.70186200e+03 4.49831000e-01 7.49661000e-01 4.70528300e-01 6.65681800e-01 4.70378400e-01 6.23452100e-01 4.66262200e-01 5.93528500e-01 2.99676900e-01 3.09438600e-01 2.19941800e+01 3.96182400e+02 1.88829700e+03 1.63332500e-03 1.60798500e+00 4.15999600e+00 1.18354800e+01 2.30647300e+03 5.76961500e+00
2.81326700e-07 1.16825100e+03 2.49123300e-02 1.18042500e-01 1.03914400e+00 6.09287100e-02 3.10128400e+00 9.61085800e-01 1.00109500e+00 6.95806900e+01 7.03396000e-01 2.96604000e-01 1.43600000e-01 9.99178700e-02 8.13926800e-01 8.09306800e-01 4.43275600e-01 6.00661200e-01 9.75755400e-01 1.00789600e+02 2.49057700e+00 7.74993900e+00 2.22264800e+00 1.96765400e+00 1.32547600e+03 6.29557600e+03 2.65180800e+03 8.59258200e+02 2.46508000e+02 9.61085800e-01 2.46397300e-01 2.47727500e-01 2.17080400e+00 1.35861000e+01 1.08687500e+03 1.42999600e+02 1.03906800e+00 1.37623000e+01 1.06546400e+03 1.44852800e+02 1.44989300e-01 1.57442800e-01 3.41618600e+03 1.04265300e-02 8.16480700e-01 4.49138300e-01 7.47685500e+01 6.24079100e+02 8.47404900e+01 1.49192100e+03 9.13875600e+01 1.93497600e+03 9.69587000e+01 2.25351900e+03 2.37647000e+02 5.67311300e+03 4.49024700e-01 7.53619500e-01 4.70791800e-01 6.69689900e-01 4.71164700e-01 6.27412300e-01 4.67389800e-01 5.97427000e-01 3.01821600e-01 3.11865100e-01 3.01675000e+01 3.97383500e+02 1.89294500e+03 2.48959600e-03 1.89191900e+00 3.89167900e+00 1.02195200e+01 2.32049600e+03 5.78608700e+00
3.36622000e-08 1.17132200e+03 2.43504200e-02 1.17128700e-01 1.03917500e+00 6.79219600e-02 3.11632700e+00 9.67862000e-01 1.00267200e+00 6.94378700e+01 7.05235200e-01 2.94764800e-01 1.42124300e-01 9.86880800e-02 8.21301700e-01 8.14104000e-01 4.45903100e-01 6.05162000e-01 9.85608700e-01 1.01162400e+02 2.49038100e+00 8.48541300e+00 2.25633500e+00 1.96973300e+00 1.30901200e+03 6.23466500e+03 2.66316300e+03 8.63747100e+02 2.47542500e+02 9.67862000e-01 2.46157900e-01 2.47487200e-01 2.25356900e+00 1.36375300e+01 1.08738700e+03 1.43659400e+02 1.03916000e+00 1.38245700e+01 1.06416700e+03 1.45687600e+02 1.43735300e-01 1.58101000e-01 3.38091100e+03 1.03189000e-02 8.21281100e-01 4.52030300e-01 7.45852800e+01 6.25480700e+02 8.44821800e+01 1.49571600e+03 9.10821000e+01 1.94019200e+03 9.66150900e+01 2.25983600e+03 2.36487300e+02 5.69434200e+03 4.51842500e-01 7.60641400e-01 4.74225300e-01 6.76145900e-01 4.74828000e-01 6.33551600e-01 4.71175300e-01 6.03329700e-01 3.04892200e-01 3.15125800e-01 3.44137800e+01 4.00350600e+02 1.89089200e+03 1.66174700e-02 2.11648900e+00 3.68322500e+00 1.11700500e+01 2.32565700e+03 5.81633100e+00
5.00360100e-06 1.16566800e+03 2.43753500e-02 1.16666900e-01 1.03893400e+00 5.88778600e-02 3.09979700e+00 9.73767700e-01 1.00618000e+00 6.95440700e+01 7.07038200e-01 2.92961800e-01 1.41687400e-01 9.85351800e-02 8.14378700e-01 8.04769100e-01 4.40790200e-01 5.99141100e-01 9.76554200e-01 1.01381500e+02 2.45380100e+00 7.64617900e+00 2.21934500e+00 1.97280500e+00 1.29277000e+03 6.22378000e+03 2.67398100e+03 8.69971400e+02 2.49545700e+02 9.73767700e-01 2.46167300e-01 2.47496600e-01 2.24979300e+00 1.36403200e+01 1.08732300e+03 1.43759000e+02 1.03891000e+00 1.38374800e+01 1.06420500e+03 1.45780300e+02 1.43646600e-01 1.58051100e-01 3.37046700e+03 1.02870400e-02 8.23056400e-01 4.52924500e-01 7.46655200e+01 6.24682100e+02 8.45244200e+01 1.49423300e+03 9.11017400e+01 1.93855000e+03 9.66170900e+01 2.25815700e+03 2.36185400e+02 5.69525300e+03 4.46834000e-01 7.54413100e-01 4.69423600e-01 6.70814500e-01 4.70236200e-01 6.28642300e-01 4.66763200e-01 5.98708300e-01 3.02633500e-01 3.12880000e-01 2.44107100e+01 3.96475600e+02 1.88829300e+03 2.96814200e-02 2.27128100e+00 3.71686600e+00 1.61386000e+01 2.30917900e+03 6.01782900e+00
2.65779000e-04 1.15981900e+03 2.34486800e-02 1.19031500e-01 1.03917100e+00 6.07381200e-02 3.07292200e+00 9.71319500e-01 9.97233900e-01 6.80023200e+01 6.90494100e-01 3.09505900e-01 1.43125300e-01 9.73285300e-02 8.15354800e-01 8.28171900e-01 4.53608500e-01 6.08154500e-01 9.88746100e-01 9.93919700e+01 2.45526200e+00 8.05511500e+00 2.16049400e+00 1.91336000e+00 1.24640400e+03 5.90919900e+03 2.58648900e+03 8.38889200e+02 2.39367100e+02 9.71319500e-01 2.45845700e-01 2.47173800e-01 2.39688200e+00 1.37365300e+01 1.08853900e+03 1.43858500e+02 1.03925000e+00 1.38425200e+01 1.06233600e+03 1.46159700e+02 1.42638900e-01 1.59109700e-01 3.40483900e+03 1.03919100e-02 8.14453400e-01 4.49148300e-01 7.32862000e+01 6.37635300e+02 8.34039900e+01 1.52120100e+03 9.01282000e+01 1.97089700e+03 9.57545300e+01 2.29366600e+03 2.36830200e+02 5.73756200e+03 4.58366000e-01 7.53634500e-01 4.77274400e-01 6.68258800e-01 4.76102300e-01 6.25469800e-01 4.71260500e-01 5.95203800e-01 3.00180800e-01 3.09563700e-01 1.64656900e+01 3.97500900e+02 1.88772600e+03 5.32379500e-02 1.09677200e+00 5.54355400e+00 1.12519800e+01 2.30169300e+03 6.69356400e+00
4.89504900e-04 1.15759200e+03 2.39089300e-02 1.17260700e-01 1.03909900e+00 5.98083200e-02 3.07760500e+00 9.67422900e-01 9.98802900e-01 6.89947500e+01 7.02087000e-01 2.97913000e-01 1.41814800e-01 9.78447700e-02 8.07745300e-01 8.04930800e-01 4.40878800e-01 5.96756000e-01 9.72448100e-01 1.00820000e+02 2.44809500e+00 7.83844000e+00 2.17063500e+00 1.92591900e+00 1.27401000e+03 6.05580800e+03 2.60521600e+03 8.43777400e+02 2.40801000e+02 9.67422900e-01 2.46015500e-01 2.47344300e-01 2.32209000e+00 1.36850100e+01 1.08787400e+03 1.43962500e+02 1.03912100e+00 1.38542500e+01 1.06321300e+03 1.46127000e+02 1.42977400e-01 1.58598600e-01 3.37351200e+03 1.02963300e-02 8.21318100e-01 4.52372300e-01 7.41563500e+01 6.29328100e+02 8.40833700e+01 1.50414300e+03 9.06984100e+01 1.95061200e+03 9.62417200e+01 2.27155200e+03 2.36120400e+02 5.71461100e+03 4.46525400e-01 7.47760500e-01 4.67829700e-01 6.64333300e-01 4.68039000e-01 6.22331200e-01 4.64181800e-01 5.92549800e-01 2.99313600e-01 3.09203600e-01 1.52442300e+01 3.96999100e+02 1.88707200e+03 3.40057800e-03 1.89191900e+00 3.71581000e+00 1.02570500e+01 2.29931500e+03 5.61112900e+00
9.68899300e-03 1.15685900e+03 2.31023700e-02 1.18195700e-01 1.03799600e+00 4.73792000e-02 3.03844800e+00 9.68834200e-01 9.97712800e-01 6.76141400e+01 6.89515700e-01 3.10484300e-01 1.41943200e-01 9.59736900e-02 7.98201600e-01 8.12029500e-01 4.44766900e-01 5.95830200e-01 9.70719700e-01 9.92288000e+01 2.41556200e+00 6.78253200e+00 2.08728300e+00 1.89857700e+00 1.23806200e+03 5.86777700e+03 2.56725000e+03 8.29988000e+02 2.35627600e+02 9.68834200e-01 2.45700100e-01 2.47027700e-01 2.45523600e+00 1.38033200e+01 1.08887400e+03 1.44337600e+02 1.03810400e+00 1.39039600e+01 1.06149700e+03 1.46757500e+02 1.41757700e-01 1.59391300e-01 3.37658200e+03 1.03057000e-02 8.17637900e-01 4.51030500e-01 7.28816400e+01 6.41247400e+02 8.29699000e+01 1.52957600e+03 8.96729500e+01 1.98158900e+03 9.52808600e+01 2.30598100e+03 2.35819600e+02 5.76558200e+03 4.49367000e-01 7.37682800e-01 4.67657600e-01 6.54008200e-01 4.66394200e-01 6.12087800e-01 4.61575200e-01 5.82442400e-01 2.93712200e-01 3.02847200e-01 9.27352900e+00 3.95831500e+02 1.89068000e+03 7.05283300e-02 9.81866700e-01 6.01538700e+00 1.08647700e+01 2.29578500e+03 7.06778200e+00
3.46875000e-06 1.16752500e+03 2.47081800e-02 1.18703200e-01 1.03965600e+00 4.83413500e-02 3.06675200e+00 9.66282600e-01 9.93806100e-01 6.93499800e+01 7.00470000e-01 2.99530000e-01 1.44056500e-01 9.99031700e-02 8.05269100e-01 8.04638000e-01 4.40718400e-01 5.95732200e-01 9.66980800e-01 1.00488100e+02 2.44400500e+00 6.59942600e+00 2.14720500e+00 1.94932700e+00 1.29132400e+03 6.17094100e+03 2.63187700e+03 8.55423800e+02 2.45343900e+02 9.66282600e-01 2.46304000e-01 2.47633800e-01 2.20032000e+00 1.35943000e+01 1.08713600e+03 1.42986800e+02 1.03959700e+00 1.37540600e+01 1.06504400e+03 1.44900100e+02 1.44822600e-01 1.57718600e-01 3.42709800e+03 1.04598200e-02 8.14369400e-01 4.48205600e-01 7.45664300e+01 6.25981600e+02 8.45920900e+01 1.49576000e+03 9.12703500e+01 1.93948700e+03 9.68654500e+01 2.25838800e+03 2.37923400e+02 5.67693200e+03 4.46207900e-01 7.45303500e-01 4.67088600e-01 6.61966900e-01 4.67104700e-01 6.20037200e-01 4.63126700e-01 5.90317400e-01 2.98105000e-01 3.07884900e-01 2.51434300e+01 3.95718100e+02 1.89229400e+03 1.30097700e-04 1.67729600e+00 4.05039500e+00 1.61660800e+01 2.31315600e+03 5.72782200e+00
6.99181700e-04 1.16014400e+03 2.31222100e-02 1.18318300e-01 1.03923100e+00 6.53404400e-02 3.07424100e+00 9.71459300e-01 9.95280700e-01 6.80023200e+01 6.92742400e-01 3.07257600e-01 1.42085600e-01 9.66215100e-02 8.14884600e-01 8.24682500e-01 4.51697200e-01 6.06696900e-01 9.88175900e-01 9.97626300e+01 2.45178500e+00 8.55255100e+00 2.16334600e+00 1.89833100e+00 1.23754200e+03 5.85154100e+03 2.56832100e+03 8.31417900e+02 2.36596800e+02 9.71459300e-01 2.45709600e-01 2.47037300e-01 2.45185200e+00 1.37650800e+01 1.08886000e+03 1.44290900e+02 1.03933100e+00 1.38830500e+01 1.06153500e+03 1.46704700e+02 1.41829000e-01 1.59551100e-01 3.37998600e+03 1.03160800e-02 8.18044900e-01 4.51257900e-01 7.32447100e+01 6.37837300e+02 8.32984700e+01 1.52221400e+03 8.99834900e+01 1.97255700e+03 9.55786200e+01 2.29588300e+03 2.36038900e+02 5.74923600e+03 4.56666200e-01 7.53422100e-01 4.76061900e-01 6.68315200e-01 4.75153400e-01 6.25624400e-01 4.70493700e-01 5.95414200e-01 3.00381400e-01 3.09867500e-01 1.45312000e+01 3.99404300e+02 1.88677200e+03 2.39746700e-02 1.27934900e+00 4.68599100e+00 1.35913000e+01 2.30070700e+03 5.98931400e+00
3.71302700e-03 1.15705500e+03 2.33788600e-02 1.17707300e-01 1.04092700e+00 5.11898700e-02 3.06133200e+00 9.77651500e-01 1.00162100e+00 6.90057400e+01 7.02357100e-01 2.97642900e-01 1.41731300e-01 9.78027600e-02 8.09854800e-01 8.06667000e-01 4.41829700e-01 5.98178800e-01 9.74910100e-01 1.01152000e+02 2.41129500e+00 7.11822500e+00 2.13559800e+00 1.92777600e+00 1.24101800e+03 5.94520700e+03 2.61701600e+03 8.50845100e+02 2.42726200e+02 9.77651500e-01 2.45818900e-01 2.47147000e-01 2.40855400e+00 1.36859700e+01 1.08851100e+03 1.44252300e+02 1.04100300e+00 1.38570400e+01 1.06206900e+03 1.46585000e+02 1.42134400e-01 1.59507100e-01 3.37151700e+03 1.02902400e-02 8.21638400e-01 4.52977800e-01 7.41670500e+01 6.29215700e+02 8.40873100e+01 1.50394700e+03 9.06983100e+01 1.95040600e+03 9.62384600e+01 2.27135100e+03 2.36061200e+02 5.71497400e+03 4.47490600e-01 7.49744300e-01 4.68917800e-01 6.66130200e-01 4.69163900e-01 6.24029000e-01 4.65321600e-01 5.94175400e-01 3.00147100e-01 3.10079900e-01 1.11918200e+01 3.95644700e+02 1.89119300e+03 1.76243500e-02 2.11648900e+00 3.49904800e+00 1.04480300e+01 2.29803000e+03 5.63316100e+00
1.35087300e-02 1.15551200e+03 2.32246400e-02 1.16097200e-01 1.03990400e+00 6.12049000e-02 3.06751500e+00 9.74669000e-01 1.00101800e+00 6.91119400e+01 7.06965100e-01 2.93034900e-01 1.39967000e-01 9.67338800e-02 8.05397900e-01 7.95993600e-01 4.35983600e-01 5.92570900e-01 9.68799700e-01 1.01719900e+02 2.41245300e+00 8.10089100e+00 2.14884300e+00 1.90126600e+00 1.23789100e+03 5.90748800e+03 2.58244300e+03 8.36661800e+02 2.37918200e+02 9.74669000e-01 2.45756400e-01 2.47084200e-01 2.43453400e+00 1.37243700e+01 1.08855000e+03 1.44789700e+02 1.04000700e+00 1.39220000e+01 1.06161100e+03 1.47181300e+02 1.41386800e-01 1.59602400e-01 3.32934100e+03 1.01615600e-02 8.28161700e-01 4.56456900e-01 7.42051100e+01 6.28561800e+02 8.40046900e+01 1.50350000e+03 9.05423600e+01 1.95056400e+03 9.60244200e+01 2.27214400e+03 2.34746400e+02 5.73037100e+03 4.41951200e-01 7.46090200e-01 4.64282400e-01 6.63410300e-01 4.65080700e-01 6.21702400e-01 4.61642100e-01 5.92098300e-01 2.99301600e-01 3.09428100e-01 8.60883900e+00 3.97291400e+02 1.88854000e+03 6.17763500e-02 2.50994400e+00 3.81921800e+00 1.01935700e+01 2.29444000e+03 6.39093800e+00
1.05924800e-05 1.16496500e+03 2.31904300e-02 1.19162800e-01 1.03803900e+00 6.44045100e-02 3.08918500e+00 9.68088100e-01 1.00150900e+00 6.73614500e+01 6.84856700e-01 3.15143300e-01 1.42998300e-01 9.63257600e-02 8.21474000e-01 8.41951800e-01 4.61156000e-01 6.15489800e-01 1.00089400e+00 9.86216500e+01 2.48828200e+00 8.46405000e+00 2.19591800e+00 1.93052300e+00 1.26405500e+03 5.95369500e+03 2.60462100e+03 8.42148800e+02 2.39915600e+02 9.68088100e-01 2.45741300e-01 2.47069100e-01 2.44029700e+00 1.37972900e+01 1.08885200e+03 1.44021300e+02 1.03813600e+00 1.38730700e+01 1.06176400e+03 1.46406700e+02 1.42196000e-01 1.59253900e-01 3.40180300e+03 1.03826500e-02 8.13385200e-01 4.48753700e-01 7.26839600e+01 6.43330700e+02 8.28668200e+01 1.53341600e+03 8.96255700e+01 1.98582900e+03 9.52767200e+01 2.31031200e+03 2.36549500e+02 5.76356800e+03 4.65508700e-01 7.58721500e-01 4.83267000e-01 6.72146300e-01 4.81409400e-01 6.28850500e-01 4.76071200e-01 5.98261500e-01 3.01501600e-01 3.10673300e-01 2.29107300e+01 3.99206800e+02 1.88867800e+03 1.52528500e-01 7.19420900e-01 7.87012000e+00 1.03919800e+01 2.31079600e+03 8.74207000e+00
4.31305300e-04 1.16471000e+03 2.21000300e-02 1.22023100e-01 1.03930600e+00 5.12491000e-02 3.05517000e+00 9.71676500e-01 1.00368700e+00 6.58929400e+01 6.66577100e-01 3.33422900e-01 1.44768200e-01 9.53920500e-02 8.23754400e-01 8.68430000e-01 4.75658700e-01 6.25960000e-01 1.01479500e+00 9.67715800e+01 2.47207000e+00 7.45086700e+00 2.12248000e+00 1.91570800e+00 1.22417300e+03 5.72335800e+03 2.57980700e+03 8.33004300e+02 2.35929100e+02 9.71676500e-01 2.45284100e-01 2.46610200e-01 2.63706700e+00 1.38812100e+01 1.09044000e+03 1.44117500e+02 1.03951800e+00 1.38638700e+01 1.05943700e+03 1.46861800e+02 1.40899400e-01 1.60826000e-01 3.44411100e+03 1.05117300e-02 8.03929500e-01 4.44645900e-01 7.13931100e+01 6.56305300e+02 8.18567400e+01 1.55991000e+03 8.87737600e+01 2.01727800e+03 9.45442600e+01 2.34457200e+03 2.37479100e+02 5.80030700e+03 4.78386800e-01 7.59031900e-01 4.91999900e-01 6.70478300e-01 4.87989100e-01 6.26494000e-01 4.81191800e-01 5.95530100e-01 2.99431100e-01 3.07798000e-01 1.54973900e+01 3.95807700e+02 1.88991200e+03 5.78659700e-01 1.29510000e-01 1.52921400e+01 1.22027100e+01 2.30121700e+03 1.60003100e+01
2.02359500e-04 1.15949500e+03 2.37975200e-02 1.19415200e-01 1.03988800e+00 4.77166800e-02 3.06534600e+00 9.67111300e-01 1.00283600e+00 6.84051500e+01 6.92563100e-01 3.07436900e-01 1.43857900e-01 9.84062000e-02 8.11493900e-01 8.21490700e-01 4.49949000e-01 6.04260600e-01 9.81162300e-01 9.96546800e+01 2.45358900e+00 6.70929000e+00 2.14418900e+00 1.94902300e+00 1.27917700e+03 6.06428800e+03 2.63093600e+03 8.53000500e+02 2.43590800e+02 9.67111300e-01 2.45981100e-01 2.47309700e-01 2.33988300e+00 1.36816300e+01 1.08817900e+03 1.43495200e+02 1.03992800e+00 1.37985700e+01 1.06313700e+03 1.45683000e+02 1.43392100e-01 1.58778100e-01 3.42235000e+03 1.04453400e-02 8.12868300e-01 4.48088600e-01 7.36837900e+01 6.34047700e+02 8.38019700e+01 1.51313200e+03 9.05295900e+01 1.96076400e+03 9.61602500e+01 2.28213800e+03 2.37500200e+02 5.71438500e+03 4.54858100e-01 7.50269500e-01 4.74135500e-01 6.65498800e-01 4.73211000e-01 6.22979400e-01 4.68557400e-01 5.92891400e-01 2.99089100e-01 3.08533400e-01 1.70109300e+01 3.95798400e+02 1.88861600e+03 3.15964700e-02 1.21731700e+00 5.00051100e+00 1.13147700e+01 2.30142500e+03 6.24942500e+00
4.02902700e-04 1.15902700e+03 2.35738600e-02 1.18874000e-01 1.04033300e+00 4.89293000e-02 3.06755300e+00 9.71290200e-01 1.00402600e+00 6.85553000e+01 6.95535700e-01 3.04464300e-01 1.43093000e-01 9.80978400e-02 8.13150500e-01 8.19178400e-01 4.48682500e-01 6.04025200e-01 9.82088000e-01 1.00135400e+02 2.44310100e+00 6.86798100e+00 2.14892600e+00 1.94859700e+00 1.26820500e+03 6.03289700e+03 2.63574100e+03 8.55347800e+02 2.44144800e+02 9.71290200e-01 2.45895500e-01 2.47223800e-01 2.37619900e+00 1.36887800e+01 1.08838400e+03 1.43803400e+02 1.04039500e+00 1.38220000e+01 1.06260300e+03 1.46065200e+02 1.42826300e-01 1.59136900e-01 3.40406700e+03 1.03895500e-02 8.15847700e-01 4.49810300e-01 7.37973500e+01 6.32857900e+02 8.38513500e+01 1.51100800e+03 9.05408900e+01 1.95848100e+03 9.61418500e+01 2.27986600e+03 2.36964700e+02 5.71701900e+03 4.53832100e-01 7.52102000e-01 4.73820000e-01 6.67456500e-01 4.73249600e-01 6.24950300e-01 4.68829800e-01 5.94853000e-01 3.00203000e-01 3.09817700e-01 1.56336300e+01 3.95694900e+02 1.88851600e+03 5.95978800e-03 1.47275900e+00 4.11034200e+00 1.26208900e+01 2.29984500e+03 5.58906100e+00
1.03763500e-02 1.15822500e+03 2.34506200e-02 1.15061200e-01 1.03834100e+00 4.87215100e-02 3.03335200e+00 9.58344000e-01 9.98667000e-01 6.91485600e+01 7.08969300e-01 2.91030700e-01 1.39157000e-01 9.62250700e-02 7.80866100e-01 7.69104500e-01 4.21255900e-01 5.73536800e-01 9.39042000e-01 1.01794200e+02 2.39608800e+00 6.81304900e+00 2.07667300e+00 1.88386200e+00 1.26998900e+03 5.99125000e+03 2.54904000e+03 8.19045600e+02 2.31535800e+02 9.58344000e-01 2.45846400e-01 2.47174600e-01 2.39656000e+00 1.37435300e+01 1.08820200e+03 1.44886800e+02 1.03841300e+00 1.39527100e+01 1.06203100e+03 1.47210900e+02 1.41507500e-01 1.59115200e-01 3.30998000e+03 1.01024900e-02 8.31170300e-01 4.57806100e-01 7.42085300e+01 6.28390400e+02 8.39543200e+01 1.50357100e+03 9.04591500e+01 1.95097600e+03 9.59151300e+01 2.27288700e+03 2.34135900e+02 5.73808100e+03 4.27196200e-01 7.23562500e-01 4.49271300e-01 6.43600500e-01 4.50276600e-01 6.03231300e-01 4.47103200e-01 5.74565000e-01 2.90522600e-01 3.00448000e-01 9.13645200e+00 3.95662400e+02 1.89478000e+03 6.73530700e-02 2.59136600e+00 3.89983900e+00 1.03120800e+01 2.29957900e+03 6.55855700e+00
3.25718600e-03 1.15630000e+03 2.39681100e-02 1.17349800e-01 1.03934700e+00 5.44490100e-02 3.06344800e+00 9.58743600e-01 9.98249400e-01 6.90936300e+01 7.02628500e-01 2.97371500e-01 1.41963100e-01 9.80874200e-02 7.99649700e-01 7.96138900e-01 4.36063200e-01 5.90506400e-01 9.62012700e-01 1.00903200e+02 2.44801100e+00 7.31658900e+00 2.14012300e+00 1.91930900e+00 1.29196700e+03 6.08761200e+03 2.58982200e+03 8.35298500e+02 2.37682100e+02 9.58743600e-01 2.46032300e-01 2.47361100e-01 2.31272000e+00 1.36720500e+01 1.08781700e+03 1.43894300e+02 1.03936300e+00 1.38444600e+01 1.06336600e+03 1.46038400e+02 1.43111300e-01 1.58562300e-01 3.37705600e+03 1.03071400e-02 8.21036800e-01 4.52189100e-01 7.42569600e+01 6.28434400e+02 8.41818600e+01 1.50214500e+03 9.07963800e+01 1.94811200e+03 9.63396700e+01 2.26871600e+03 2.36263100e+02 5.70912300e+03 4.41670600e-01 7.40323500e-01 4.62886900e-01 6.57789800e-01 4.63161900e-01 6.16228100e-01 4.59390000e-01 5.86755400e-01 2.96408000e-01 3.06230600e-01 1.14537800e+01 3.95910500e+02 1.88907300e+03 5.87983700e-03 1.96545900e+00 3.67330000e+00 1.05180900e+01 2.29643700e+03 5.64463900e+00
1.45720700e-05 1.16279600e+03 2.38504000e-02 1.19843700e-01 1.03962300e+00 4.73830500e-02 3.06290000e+00 9.61515300e-01 9.97437200e-01 6.82074000e+01 6.89743000e-01 3.10257000e-01 1.44339300e-01 9.84500600e-02 8.09783900e-01 8.23510800e-01 4.51055400e-01 6.04365300e-01 9.80513100e-01 9.92541000e+01 2.46630100e+00 6.66961700e+00 2.13894900e+00 1.94555800e+00 1.29096200e+03 6.07942700e+03 2.62028900e+03 8.47431200e+02 2.41721000e+02 9.61515300e-01 2.45998000e-01 2.47326700e-01 2.33141200e+00 1.36859500e+01 1.08815300e+03 1.43346400e+02 1.03965700e+00 1.37878600e+01 1.06325100e+03 1.45518100e+02 1.43609700e-01 1.58660600e-01 3.43385700e+03 1.04804400e-02 8.10774500e-01 4.46956200e-01 7.35195600e+01 6.35665300e+02 8.36894500e+01 1.51632100e+03 9.04471300e+01 1.96445700e+03 9.61009200e+01 2.28607600e+03 2.37807900e+02 5.71651100e+03 4.55712900e-01 7.48409300e-01 4.74321900e-01 6.63541700e-01 4.73068500e-01 6.21019700e-01 4.68198900e-01 5.90947300e-01 2.97995300e-01 3.07280800e-01 2.22728100e+01 3.95772200e+02 1.88947000e+03 6.74637500e-02 9.81866700e-01 5.94834700e+00 1.10786700e+01 2.30751500e+03 6.99767700e+00
1.07672800e-06 1.16527100e+03 2.42494600e-02 1.19289100e-01 1.03943400e+00 5.52766800e-02 3.08850400e+00 9.61142400e-01 1.00243300e+00 6.86761500e+01 6.94293800e-01 3.05706200e-01 1.44183700e-01 9.90198000e-02 8.16293000e-01 8.24019600e-01 4.51334100e-01 6.06976800e-01 9.85015600e-01 9.97417800e+01 2.49099700e+00 7.37152100e+00 2.19442300e+00 1.96475200e+00 1.31205700e+03 6.19207800e+03 2.64586200e+03 8.56274000e+02 2.44934600e+02 9.61142400e-01 2.46121400e-01 2.47450500e-01 2.26895900e+00 1.36494600e+01 1.08767200e+03 1.43185000e+02 1.03941500e+00 1.37755400e+01 1.06409100e+03 1.45235000e+02 1.44177000e-01 1.58177700e-01 3.43013800e+03 1.04691000e-02 8.12379300e-01 4.47497500e-01 7.39446500e+01 6.31688500e+02 8.40528900e+01 1.50791100e+03 9.07765300e+01 1.95426600e+03 9.64051100e+01 2.27479500e+03 2.37823900e+02 5.70074700e+03 4.56421700e-01 7.54878400e-01 4.76198300e-01 6.69776400e-01 4.75472500e-01 6.27062400e-01 4.70930800e-01 5.96826000e-01 3.01140800e-01 3.10728600e-01 2.74831700e+01 3.96045000e+02 1.88968900e+03 2.66176200e-02 1.27934900e+00 5.04500200e+00 1.09752300e+01 2.31321700e+03 6.35096900e+00
1.64746100e-05 1.16274900e+03 2.41440500e-02 1.18482500e-01 1.03875400e+00 6.12160000e-02 3.08602200e+00 9.61943600e-01 9.98578400e-01 6.86395300e+01 6.95903200e-01 3.04096800e-01 1.43271700e-01 9.83410000e-02 8.12527200e-01 8.18056300e-01 4.48067900e-01 6.03379900e-01 9.80733000e-01 9.99079400e+01 2.48090400e+00 7.93914800e+00 2.18898200e+00 1.93673700e+00 1.29437100e+03 6.11102400e+03 2.61092100e+03 8.44499500e+02 2.41291400e+02 9.61943600e-01 2.46085700e-01 2.47414800e-01 2.28520200e+00 1.36767300e+01 1.08771700e+03 1.43470300e+02 1.03875500e+00 1.38117500e+01 1.06382400e+03 1.45554500e+02 1.43753900e-01 1.58227400e-01 3.40833700e+03 1.04025800e-02 8.15430600e-01 4.49138700e-01 7.38807600e+01 6.32117700e+02 8.39365600e+01 1.50932700e+03 9.06278400e+01 1.95635800e+03 9.62305200e+01 2.27744100e+03 2.37124200e+02 5.71193900e+03 4.53248300e-01 7.51561200e-01 4.73300700e-01 6.67015900e-01 4.72773200e-01 6.24554100e-01 4.68385900e-01 5.94486000e-01 3.00031900e-01 3.09657100e-01 2.20273800e+01 3.97669400e+02 1.88929400e+03 1.66807100e-02 1.34256300e+00 4.79689000e+00 1.03511100e+01 2.30899100e+03 6.15613400e+00
8.04166900e-06 1.16370400e+03 2.35392600e-02 1.19531200e-01 1.03902100e+00 6.26250200e-02 3.09045300e+00 9.64684300e-01 1.00210500e+00 6.78521700e+01 6.87840700e-01 3.12159300e-01 1.43715600e-01 9.75141300e-02 8.21666100e-01 8.38152100e-01 4.59074800e-01 6.14171200e-01 9.97501300e-01 9.90180100e+01 2.49507100e+00 8.22296100e+00 2.19870500e+00 1.93986500e+00 1.28136000e+03 6.02371500e+03 2.61439400e+03 8.45352900e+02 2.41146200e+02 9.64684300e-01 2.45881400e-01 2.47209700e-01 2.38188800e+00 1.37340500e+01 1.08847800e+03 1.43661900e+02 1.03908600e+00 1.38257900e+01 1.06256500e+03 1.45932000e+02 1.42948300e-01 1.58957400e-01 3.41894800e+03 1.04349600e-02 8.12074800e-01 4.47841900e-01 7.31667700e+01 6.38868500e+02 8.33382900e+01 1.52350200e+03 9.00941000e+01 1.97345900e+03 9.57449500e+01 2.29630600e+03 2.37234100e+02 5.73682300e+03 4.63656700e-01 7.59199100e-01 4.82104000e-01 6.72897800e-01 4.80603900e-01 6.29689300e-01 4.75507400e-01 5.99143300e-01 3.02058500e-01 3.11381900e-01 2.34617500e+01 3.98408600e+02 1.88725800e+03 9.50621700e-02 8.72797100e-01 6.57498000e+00 1.07370000e+01 2.30912800e+03 7.54283900e+00
2.27699800e-04 1.16054400e+03 2.43379100e-02 1.17807600e-01 1.03870300e+00 5.07972400e-02 3.06592800e+00 9.53672000e-01 9.97602700e-01 6.90240500e+01 7.00291600e-01 2.99708400e-01 1.42790600e-01 9.85598700e-02 7.98631300e-01 7.98243000e-01 4.37215700e-01 5.90909600e-01 9.61271600e-01 1.00445500e+02 2.46492400e+00 6.89544700e+00 2.14543700e+00 1.93817900e+00 1.31860500e+03 6.19837600e+03 2.60866400e+03 8.40435900e+02 2.39405800e+02 9.53672000e-01 2.46153300e-01 2.47482500e-01 2.25546600e+00 1.36558600e+01 1.08745400e+03 1.43495200e+02 1.03868500e+00 1.38150900e+01 1.06420500e+03 1.45522400e+02 1.43908000e-01 1.58019700e-01 3.39683800e+03 1.03675000e-02 8.17992400e-01 4.50324200e-01 7.42224000e+01 6.28893600e+02 8.42058100e+01 1.50268300e+03 9.08557000e+01 1.94844000e+03 9.64269200e+01 2.26879400e+03 2.36871600e+02 5.70266600e+03 4.42632100e-01 7.39146400e-01 4.63309800e-01 6.56483500e-01 4.63309000e-01 6.14895200e-01 4.59352300e-01 5.85418300e-01 2.95632700e-01 3.05321300e-01 1.67749600e+01 3.95609700e+02 1.89197200e+03 3.75418400e-04 1.67729600e+00 4.10569900e+00 1.09472800e+01 2.30435700e+03 5.78337000e+00
1.64875000e-04 1.16089800e+03 2.38261700e-02 1.17748800e-01 1.03821700e+00 6.12866900e-02 3.07911300e+00 9.59675900e-01 9.97687400e-01 6.84491000e+01 6.96453300e-01 3.03546700e-01 1.42220100e-01 9.73483700e-02 8.07315500e-01 8.12073700e-01 4.44791100e-01 5.99238500e-01 9.75796900e-01 9.99964400e+01 2.47347000e+00 8.00323500e+00 2.17391200e+00 1.92313100e+00 1.29078800e+03 6.07119900e+03 2.59277700e+03 8.36141800e+02 2.38075600e+02 9.59675900e-01 2.45990400e-01 2.47319100e-01 2.33528800e+00 1.37217000e+01 1.08800600e+03 1.43900000e+02 1.03824900e+00 1.38598800e+01 1.06306100e+03 1.46088800e+02 1.42966900e-01 1.58545900e-01 3.38320000e+03 1.03258900e-02 8.18634300e-01 4.51018800e-01 7.36667100e+01 6.33914900e+02 8.36786700e+01 1.51375100e+03 9.03416300e+01 1.96217900e+03 9.59209900e+01 2.28428800e+03 2.36271000e+02 5.73066000e+03 4.49986100e-01 7.46796800e-01 4.70033600e-01 6.62849800e-01 4.69575300e-01 6.20679400e-01 4.65261200e-01 5.90814200e-01 2.98207400e-01 3.07796900e-01 1.74206500e+01 3.97815500e+02 1.88962900e+03 1.22585500e-02 1.40705700e+00 4.62739300e+00 1.08834700e+01 2.30486600e+03 6.04670900e+00
9.01759200e-04 1.15969700e+03 2.27828400e-02 1.20334100e-01 1.04019500e+00 4.70607300e-02 3.04547700e+00 9.70448100e-01 9.96568500e-01 6.73358200e+01 6.82932200e-01 3.17067800e-01 1.43762100e-01 9.68033700e-02 8.12061500e-01 8.34842100e-01 4.57261900e-01 6.09364300e-01 9.89614100e-01 9.86780400e+01 2.43831800e+00 6.84661900e+00 2.10200600e+00 1.91318700e+00 1.23588700e+03 5.82260400e+03 2.58300700e+03 8.35778000e+02 2.37330800e+02 9.70448100e-01 2.45549000e-01 2.46876000e-01 2.51190200e+00 1.37787900e+01 1.08943700e+03 1.44031300e+02 1.04033600e+00 1.38446900e+01 1.06092500e+03 1.46546100e+02 1.41755300e-01 1.60076400e-01 3.42006000e+03 1.04383500e-02 8.10702600e-01 4.47706900e-01 7.26887000e+01 6.43427500e+02 8.29219900e+01 1.53318700e+03 8.97112700e+01 1.98523200e+03 9.53865800e+01 2.30937300e+03 2.37121900e+02 5.75603500e+03 4.61392900e-01 7.49839000e-01 4.78515000e-01 6.64070700e-01 4.76453700e-01 6.21209700e-01 4.71024200e-01 5.90939600e-01 2.97731900e-01 3.06710700e-01 1.40223300e+01 3.95880600e+02 1.88963900e+03 1.39220000e-01 7.68898900e-01 7.03320900e+00 1.19117700e+01 2.29954100e+03 7.94132800e+00
1.12482000e-05 1.16295700e+03 2.38250100e-02 1.19282700e-01 1.03880400e+00 5.55751300e-02 3.08165700e+00 9.56054300e-01 1.00207900e+00 6.81085200e+01 6.90105700e-01 3.09894300e-01 1.43752800e-01 9.79079400e-02 8.13141000e-01 8.26441300e-01 4.52660500e-01 6.06693400e-01 9.85292400e-01 9.92266500e+01 2.49763800e+00 7.48138400e+00 2.17944800e+00 1.95017900e+00 1.31262500e+03 6.13750200e+03 2.62219600e+03 8.44896100e+02 2.40637800e+02 9.56054300e-01 2.45990000e-01 2.47318700e-01 2.33547400e+00 1.37106200e+01 1.08813500e+03 1.43508300e+02 1.03884000e+00 1.38142900e+01 1.06317500e+03 1.45689000e+02 1.43403400e-01 1.58584900e-01 3.41983900e+03 1.04376700e-02 8.12539500e-01 4.47870900e-01 7.34036300e+01 6.36645600e+02 8.35487800e+01 1.51873800e+03 9.02905300e+01 1.96764000e+03 9.59312300e+01 2.28982200e+03 2.37335100e+02 5.72678500e+03 4.57391300e-01 7.51545300e-01 4.76152400e-01 6.66358900e-01 4.74933100e-01 6.23671700e-01 4.70070100e-01 5.93480500e-01 2.99289900e-01 3.08628400e-01 2.27906000e+01 3.96276100e+02 1.88890500e+03 7.17261000e-02 9.81866700e-01 6.16843200e+00 1.07195900e+01 2.30797100e+03 7.22202500e+00
2.61620500e-03 1.15676100e+03 2.31102800e-02 1.18585900e-01 1.03872500e+00 5.14224900e-02 3.05393900e+00 9.77074500e-01 9.99940700e-01 6.77276600e+01 6.89687800e-01 3.10312200e-01 1.42341300e-01 9.64044600e-02 8.08895400e-01 8.22680500e-01 4.50600700e-01 6.03729100e-01 9.82900000e-01 9.93202900e+01 2.42002300e+00 7.20367400e+00 2.11986700e+00 1.91268600e+00 1.22612300e+03 5.85645700e+03 2.59175200e+03 8.41804400e+02 2.39831800e+02 9.77074500e-01 2.45703900e-01 2.47031500e-01 2.45388500e+00 1.37824500e+01 1.08889600e+03 1.44231000e+02 1.03883000e+00 1.38839800e+01 1.06153500e+03 1.46646600e+02 1.41881800e-01 1.59481100e-01 3.38609900e+03 1.03347300e-02 8.16514200e-01 4.50457900e-01 7.30000400e+01 6.40195600e+02 8.31004500e+01 1.52710600e+03 8.98118200e+01 1.97841500e+03 9.54268000e+01 2.30230700e+03 2.36154900e+02 5.75684600e+03 4.55281900e-01 7.47581600e-01 4.73853200e-01 6.62801200e-01 4.72591800e-01 6.20324300e-01 4.67721000e-01 5.90284200e-01 2.97671200e-01 3.06937000e-01 1.18920600e+01 3.95665200e+02 1.88916500e+03 6.04878100e-02 1.03858200e+00 5.67200900e+00 1.00283400e+01 2.29672200e+03 6.77107900e+00
3.60954500e-05 1.16319300e+03 2.33881700e-02 1.20422800e-01 1.03823500e+00 4.67131800e-02 3.05944900e+00 9.57195300e-01 1.00049900e+00 6.71527100e+01 6.79661800e-01 3.20338200e-01 1.44456100e-01 9.70061600e-02 8.09631200e-01 8.36625200e-01 4.58238500e-01 6.09101100e-01 9.87996600e-01 9.79510100e+01 2.48371200e+00 6.69097900e+00 2.13158100e+00 1.94145500e+00 1.29305100e+03 6.03467600e+03 2.60829200e+03 8.40187900e+02 2.38782200e+02 9.57195300e-01 2.45822500e-01 2.47150600e-01 2.40699300e+00 1.37766400e+01 1.08872800e+03 1.43549200e+02 1.03830600e+00 1.38253300e+01 1.06229800e+03 1.45863100e+02 1.42921400e-01 1.58992700e-01 3.43664900e+03 1.04889600e-02 8.07920400e-01 4.45770600e-01 7.25417700e+01 6.44969900e+02 8.28396100e+01 1.53607000e+03 8.96666700e+01 1.98845200e+03 9.53712100e+01 2.31269900e+03 2.37594500e+02 5.75546200e+03 4.62093100e-01 7.47272200e-01 4.78420900e-01 6.61446000e-01 4.75981300e-01 6.18609600e-01 4.70308400e-01 5.88376800e-01 2.96311800e-01 3.05111400e-01 2.04586900e+01 3.95783400e+02 1.88878100e+03 2.79427900e-01 4.55610600e-01 1.05607700e+01 1.00676100e+01 2.30502300e+03 1.12958000e+01
2.03643500e-04 1.15873600e+03 2.35576100e-02 1.18662300e-01 1.03902700e+00 5.61605900e-02 3.07570300e+00 9.68308700e-01 1.00236300e+00 6.81744400e+01 6.92614900e-01 3.07385100e-01 1.42865000e-01 9.73974400e-02 8.13677700e-01 8.23631900e-01 4.51121800e-01 6.05861200e-01 9.85465900e-01 9.96304000e+01 2.46065300e+00 7.58514400e+00 2.16651000e+00 1.93633400e+00 1.26985600e+03 6.01586400e+03 2.61590700e+03 8.47212900e+02 2.41629800e+02 9.68308700e-01 2.45888900e-01 2.47217200e-01 2.37886800e+00 1.37284300e+01 1.08838600e+03 1.43870000e+02 1.03908900e+00 1.38457800e+01 1.06252700e+03 1.46140400e+02 1.42736500e-01 1.58963400e-01 3.39861700e+03 1.03729300e-02 8.15751700e-01 4.49739700e-01 7.34355800e+01 6.36186200e+02 8.35180300e+01 1.51825100e+03 9.02219900e+01 1.96740700e+03 9.58329000e+01 2.28987700e+03 2.36681900e+02 5.73393500e+03 4.56046800e-01 7.52295800e-01 4.75391500e-01 6.67304600e-01 4.74472600e-01 6.24673400e-01 4.69811800e-01 5.94505900e-01 2.99913300e-01 3.09383100e-01 1.69982800e+01 3.96202600e+02 1.88700900e+03 3.34564200e-02 1.21731700e+00 5.09090500e+00 1.09210700e+01 2.30021000e+03 6.34167900e+00
1.90356200e-06 1.16671500e+03 2.37178400e-02 1.19617300e-01 1.03804600e+00 5.70228300e-02 3.08515700e+00 9.66967200e-01 1.00292800e+00 6.76434300e+01 6.85332500e-01 3.14667500e-01 1.43980300e-01 9.73932300e-02 8.18839100e-01 8.38617400e-01 4.59329700e-01 6.13283900e-01 9.95602000e-01 9.85692100e+01 2.48607400e+00 7.64923100e+00 2.18708900e+00 1.95135900e+00 1.28103300e+03 6.05995700e+03 2.63071000e+03 8.52323700e+02 2.43587500e+02 9.66967200e-01 2.45953000e-01 2.47281500e-01 2.35273100e+00 1.37455500e+01 1.08828300e+03 1.43504400e+02 1.03808800e+00 1.38239100e+01 1.06294600e+03 1.45718800e+02 1.43302200e-01 1.58586500e-01 3.42527700e+03 1.04542600e-02 8.10685600e-01 4.46966300e-01 7.29815500e+01 6.40672200e+02 8.31933400e+01 1.52719700e+03 8.99720300e+01 1.97785100e+03 9.56402000e+01 2.30109300e+03 2.37374600e+02 5.74189600e+03 4.63694700e-01 7.56335300e-01 4.81505600e-01 6.70083900e-01 4.79711200e-01 6.26942100e-01 4.74428900e-01 5.96458900e-01 3.00604900e-01 3.09773800e-01 2.63435700e+01 3.96445100e+02 1.89010500e+03 1.62404200e-01 6.71532900e-01 8.30440100e+00 1.13992200e+01 2.31289300e+03 9.13833800e+00
4.16976500e-06 1.16516100e+03 2.30342500e-02 1.20191400e-01 1.03848400e+00 5.84303800e-02 3.08078500e+00 9.66576000e-01 1.00155200e+00 6.70208700e+01 6.79703200e-01 3.20296800e-01 1.43870800e-01 9.64235000e-02 8.22117700e-01 8.49473200e-01 4.65275700e-01 6.18475000e-01 1.00422000e+00 9.80585200e+01 2.49108600e+00 7.94220000e+00 2.17755000e+00 1.93738600e+00 1.26644800e+03 5.94368500e+03 2.61030200e+03 8.43392600e+02 2.40019300e+02 9.66576000e-01 2.45666800e-01 2.46994300e-01 2.46696200e+00 1.38042200e+01 1.08912200e+03 1.43876700e+02 1.03859000e+00 1.38530800e+01 1.06145900e+03 1.46310400e+02 1.42191800e-01 1.59488300e-01 3.42266000e+03 1.04462800e-02 8.09596400e-01 4.46905600e-01 7.23987000e+01 6.46241500e+02 8.26751800e+01 1.53910800e+03 8.94881400e+01 1.99239100e+03 9.51809300e+01 2.31728600e+03 2.37114300e+02 5.76698600e+03 4.69197600e-01 7.58801900e-01 4.85787600e-01 6.71657000e-01 4.83315700e-01 6.28161600e-01 4.77558800e-01 5.97463500e-01 3.00894800e-01 3.09829700e-01 2.47753000e+01 3.97077800e+02 1.88748300e+03 2.54717000e-01 4.95667100e-01 9.82326200e+00 1.04132900e+01 2.30933600e+03 1.05736500e+01
1.03535700e-02 1.15550400e+03 2.31992000e-02 1.18338400e-01 1.03880800e+00 5.09348700e-02 3.04997700e+00 9.59416100e-01 1.00078500e+00 6.79180900e+01 6.91769100e-01 3.08230900e-01 1.42182800e-01 9.65678400e-02 8.00775000e-01 8.11685800e-01 4.44578600e-01 5.96663600e-01 9.71667700e-01 9.95771900e+01 2.44687100e+00 7.13348400e+00 2.11148700e+00 1.90698300e+00 1.27089200e+03 5.95127600e+03 2.57103000e+03 8.27439200e+02 2.34462500e+02 9.59416100e-01 2.45745200e-01 2.47073000e-01 2.43881900e+00 1.37698200e+01 1.08877100e+03 1.44226800e+02 1.03890700e+00 1.38825500e+01 1.06172600e+03 1.46613600e+02 1.41978300e-01 1.59389000e-01 3.38230900e+03 1.03231700e-02 8.17512800e-01 4.50913800e-01 7.31711100e+01 6.38548500e+02 8.32402200e+01 1.52367800e+03 8.99339800e+01 1.97430300e+03 9.55357300e+01 2.29779100e+03 2.36088900e+02 5.75132700e+03 4.49376700e-01 7.40281400e-01 4.68223000e-01 6.56554100e-01 4.67217400e-01 6.14571000e-01 4.62561400e-01 5.84867400e-01 2.95020400e-01 3.04295900e-01 9.14084700e+00 3.95670800e+02 1.88975500e+03 3.74531900e-02 1.15641700e+00 5.12069900e+00 1.01263700e+01 2.29456700e+03 6.31456900e+00
4.21251200e-06 1.16443800e+03 2.41647400e-02 1.18039700e-01 1.03866700e+00 6.52842400e-02 3.09666100e+00 9.62245600e-01 9.99465200e-01 6.87860100e+01 6.98089100e-01 3.01910900e-01 1.42849600e-01 9.82605300e-02 8.15208000e-01 8.17800100e-01 4.47927600e-01 6.04279800e-01 9.82920400e-01 1.00186000e+02 2.48921300e+00 8.30230700e+00 2.21239600e+00 1.94159100e+00 1.29984400e+03 6.13796200e+03 2.61847000e+03 8.46770200e+02 2.42008400e+02 9.62245600e-01 2.46092500e-01 2.47421600e-01 2.28200000e+00 1.36751900e+01 1.08765800e+03 1.43567600e+02 1.03867200e+00 1.38222200e+01 1.06382400e+03 1.45648800e+02 1.43664200e-01 1.58206200e-01 3.39824800e+03 1.03718000e-02 8.17231000e-01 4.50055000e-01 7.40020200e+01 6.30925200e+02 8.40155100e+01 1.50700400e+03 9.06820000e+01 1.95369300e+03 9.62655100e+01 2.27462100e+03 2.36846700e+02 5.71102400e+03 4.53296400e-01 7.54263000e-01 4.73906800e-01 6.69659600e-01 4.73640000e-01 6.27132200e-01 4.69418200e-01 5.97003800e-01 3.01394400e-01 3.11164800e-01 2.47549000e+01 3.99363600e+02 1.88882600e+03 5.23276300e-03 1.47275900e+00 4.38040400e+00 1.00735400e+01 2.31294500e+03 5.85839500e+00
7.37625100e-04 1.15761200e+03 2.38522300e-02 1.17459700e-01 1.03895300e+00 5.71309800e-02 3.07516700e+00 9.74565400e-01 1.00171300e+00 6.88262900e+01 7.00326500e-01 2.99673500e-01 1.41957100e-01 9.77038000e-02 8.09831300e-01 8.09390500e-01 4.43321400e-01 5.99179100e-01 9.76151900e-01 1.00580200e+02 2.43361400e+00 7.60040300e+00 2.16535100e+00 1.93154500e+00 1.25629200e+03 6.02222800e+03 2.61790600e+03 8.51079100e+02 2.43376300e+02 9.74565400e-01 2.45998600e-01 2.47327300e-01 2.33112100e+00 1.36957300e+01 1.08795500e+03 1.43954400e+02 1.03898700e+00 1.38552700e+01 1.06309900e+03 1.46136400e+02 1.42932600e-01 1.58636700e-01 3.37691300e+03 1.03067100e-02 8.20431100e-01 4.51950600e-01 7.40069300e+01 6.30723700e+02 8.39610000e+01 1.50705900e+03 9.05913800e+01 1.95411600e+03 9.61462600e+01 2.27540500e+03 2.36180200e+02 5.71931900e+03 4.48836400e-01 7.49514800e-01 4.69808400e-01 6.65695400e-01 4.69809800e-01 6.23524900e-01 4.65799100e-01 5.93635300e-01 2.99789700e-01 3.09612200e-01 1.44241500e+01 3.96176400e+02 1.88851700e+03 9.67205800e-05 1.74777200e+00 3.86199700e+00 1.04974800e+01 2.29911700e+03 5.60986500e+00
3.00532100e-03 1.15631400e+03 2.38584000e-02 1.15953100e-01 1.03848100e+00 5.81608600e-02 3.07127100e+00 9.73240300e-01 9.99922400e-01 6.92108200e+01 7.06779500e-01 2.93220500e-01 1.40456600e-01 9.72111800e-02 8.01943100e-01 7.92830000e-01 4.34250900e-01 5.90122400e-01 9.63954600e-01 1.01411500e+02 2.41775900e+00 7.67059300e+00 2.15692900e+00 1.92007400e+00 1.25717400e+03 6.03343300e+03 2.60552100e+03 8.45574300e+02 2.41344500e+02 9.73240300e-01 2.46000500e-01 2.47329200e-01 2.33013500e+00 1.37024700e+01 1.08782100e+03 1.44339600e+02 1.03851200e+00 1.38986900e+01 1.06302300e+03 1.46525500e+02 1.42509300e-01 1.58610700e-01 3.34104700e+03 1.01972800e-02 8.26644900e-01 4.55155200e-01 7.43132400e+01 6.27661300e+02 8.41324500e+01 1.50129900e+03 9.06829000e+01 1.94767700e+03 9.61755500e+01 2.26875500e+03 2.35149500e+02 5.72125200e+03 4.40183600e-01 7.42869200e-01 4.62375300e-01 6.60523200e-01 4.63146500e-01 6.18987100e-01 4.59706300e-01 5.89506100e-01 2.97979600e-01 3.08053000e-01 1.16147400e+01 3.96389400e+02 1.88859200e+03 3.23846800e-02 2.27128100e+00 3.69868300e+00 1.00287400e+01 2.29659700e+03 6.00234900e+00
1.01639800e-04 1.16031500e+03 2.35336300e-02 1.18200000e-01 1.03901200e+00 5.91793400e-02 3.08486200e+00 9.61928700e-01 1.00348400e+00 6.83136000e+01 6.94908000e-01 3.05092000e-01 1.42378800e-01 9.72640600e-02 8.13891000e-01 8.20769200e-01 4.49553800e-01 6.04886600e-01 9.84719700e-01 9.99337000e+01 2.48046800e+00 7.87506100e+00 2.18644500e+00 1.94238800e+00 1.29358300e+03 6.08075000e+03 2.61986000e+03 8.45142800e+02 2.40509600e+02 9.61928700e-01 2.45879100e-01 2.47207400e-01 2.38281600e+00 1.37294700e+01 1.08837600e+03 1.44007000e+02 1.03907100e+00 1.38592000e+01 1.06245000e+03 1.46286700e+02 1.42561200e-01 1.59004900e-01 3.38699300e+03 1.03374600e-02 8.17758200e-01 4.50799300e-01 7.35453100e+01 6.35073500e+02 8.35823200e+01 1.51614200e+03 9.02595600e+01 1.96503200e+03 9.58497400e+01 2.28740700e+03 2.36352000e+02 5.73410000e+03 4.54677300e-01 7.52722000e-01 4.74538400e-01 6.67935200e-01 4.73890300e-01 6.25368900e-01 4.69413600e-01 5.95233000e-01 3.00374000e-01 3.09961400e-01 1.83881500e+01 3.97111700e+02 1.88725600e+03 1.47448300e-02 1.34256300e+00 4.54650300e+00 1.19703800e+01 2.30275600e+03 5.90381100e+00
4.75493500e-05 1.16224700e+03 2.29961500e-02 1.19896400e-01 1.03987600e+00 5.15670800e-02 3.07228600e+00 9.71054700e-01 1.00430000e+00 6.75592000e+01 6.85517200e-01 3.14482800e-01 1.43537700e-01 9.69729200e-02 8.20537700e-01 8.40110400e-01 4.60147400e-01 6.14465800e-01 9.98288900e-01 9.89268400e+01 2.46502800e+00 7.26470900e+00 2.15911900e+00 1.94753900e+00 1.26059800e+03 5.95344400e+03 2.63003400e+03 8.51645400e+02 2.42430800e+02 9.71054700e-01 2.45647900e-01 2.46975400e-01 2.47361400e+00 1.37648400e+01 1.08914200e+03 1.43981200e+02 1.04000000e+00 1.38443500e+01 1.06134400e+03 1.46429800e+02 1.42036900e-01 1.59763000e-01 3.41469600e+03 1.04219800e-02 8.11995800e-01 4.48217400e-01 7.28888100e+01 6.41473200e+02 8.30825000e+01 1.52915300e+03 8.98494800e+01 1.98041500e+03 9.55080000e+01 2.30410100e+03 2.37015700e+02 5.74993600e+03 4.64531900e-01 7.57924300e-01 4.82425000e-01 6.71513900e-01 4.80650400e-01 6.28289200e-01 4.75373000e-01 5.97746300e-01 3.01263700e-01 3.10460700e-01 1.99074800e+01 3.95698900e+02 1.88848500e+03 1.04483400e-01 8.72797100e-01 6.43855300e+00 1.29859700e+01 2.30409200e+03 7.41583300e+00
1.21103400e-02 1.15458400e+03 2.33337800e-02 1.16951400e-01 1.03971100e+00 5.57024400e-02 3.06108500e+00 9.64485400e-01 1.00161300e+00 6.88299600e+01 7.02525700e-01 2.97474300e-01 1.40930300e-01 9.70022900e-02 8.02126000e-01 7.98742400e-01 4.37489200e-01 5.92386300e-01 9.66838300e-01 1.01065800e+02 2.43315800e+00 7.56073000e+00 2.13507000e+00 1.90998400e+00 1.26699900e+03 5.97954600e+03 2.58373700e+03 8.33474200e+02 2.36543700e+02 9.64485400e-01 2.45801300e-01 2.47129300e-01 2.41613500e+00 1.37230700e+01 1.08849700e+03 1.44483000e+02 1.03980100e+00 1.38952500e+01 1.06191600e+03 1.46834100e+02 1.41833800e-01 1.59405600e-01 3.35237000e+03 1.02318200e-02 8.24057700e-01 4.54238100e-01 7.39753400e+01 6.30834300e+02 8.38654000e+01 1.50785700e+03 9.04565500e+01 1.95550300e+03 9.59801700e+01 2.27730900e+03 2.35399400e+02 5.73044600e+03 4.43112300e-01 7.42606900e-01 4.64373100e-01 6.59808600e-01 4.64637200e-01 6.18115300e-01 4.60845600e-01 5.88550000e-01 2.97317400e-01 3.07162400e-01 8.82739100e+00 3.96103700e+02 1.88819800e+03 1.28044500e-02 2.04033800e+00 3.54134100e+00 1.04440500e+01 2.29312900e+03 5.59448200e+00
4.44313700e-04 1.16005000e+03 2.31966900e-02 1.17109400e-01 1.03901600e+00 6.20681000e-02 3.07874000e+00 9.89280000e-01 1.00031400e+00 6.84234600e+01 6.98936100e-01 3.01063900e-01 1.40951200e-01 9.64436900e-02 8.17518600e-01 8.18966900e-01 4.48566700e-01 6.05567100e-01 9.88314400e-01 1.00543800e+02 2.41012500e+00 8.20465100e+00 2.17310000e+00 1.91941100e+00 1.20754300e+03 5.85400400e+03 2.61439300e+03 8.54000200e+02 2.44302600e+02 9.89280000e-01 2.45744100e-01 2.47071900e-01 2.43924300e+00 1.37582800e+01 1.08866900e+03 1.44547200e+02 1.03912200e+00 1.39105100e+01 1.06161100e+03 1.46943400e+02 1.41623900e-01 1.59466700e-01 3.35286900e+03 1.02333500e-02 8.23031100e-01 4.53790100e-01 7.35991400e+01 6.34317200e+02 8.35351400e+01 1.51531400e+03 9.01513800e+01 1.96460100e+03 9.56934100e+01 2.28743400e+03 2.35297200e+02 5.74562900e+03 4.54020200e-01 7.56490700e-01 4.74884700e-01 6.71737600e-01 4.74721600e-01 6.29120400e-01 4.70559500e-01 5.98922800e-01 3.02411500e-01 3.12250800e-01 1.54379600e+01 3.97345300e+02 1.89177100e+03 3.32398000e-05 1.74777200e+00 3.75370400e+00 1.00435200e+01 2.30455400e+03 5.50150900e+00
1.75516600e-03 1.15949100e+03 2.37668200e-02 1.15641100e-01 1.03936500e+00 6.02958000e-02 3.07244900e+00 9.92286100e-01 9.97222000e-01 6.95477300e+01 7.10448000e-01 2.89552000e-01 1.40053000e-01 9.74037000e-02 8.08362100e-01 7.94161100e-01 4.34980000e-01 5.92976700e-01 9.69314000e-01 1.02032300e+02 2.37715900e+00 7.89032000e+00 2.15947200e+00 1.91414700e+00 1.20511300e+03 5.90717000e+03 2.61437900e+03 8.56753100e+02 2.45800600e+02 9.92286100e-01 2.45970700e-01 2.47299300e-01 2.34482100e+00 1.36839500e+01 1.08789800e+03 1.44491100e+02 1.03940400e+00 1.39013300e+01 1.06279400e+03 1.46708300e+02 1.42253800e-01 1.58865400e-01 3.33139900e+03 1.01678400e-02 8.28880500e-01 4.56405400e-01 7.46130400e+01 6.24877100e+02 8.43708900e+01 1.49552500e+03 9.08860800e+01 1.94077500e+03 9.63518500e+01 2.26120100e+03 2.34940500e+02 5.71297500e+03 4.41224000e-01 7.49193900e-01 4.64404200e-01 6.66570800e-01 4.65624600e-01 6.24833000e-01 4.62464400e-01 5.95185300e-01 3.01008900e-01 3.11369600e-01 1.26903800e+01 3.96562500e+02 1.89147200e+03 9.56821900e-02 2.75631800e+00 4.14274000e+00 1.12625200e+01 2.30072500e+03 6.99474000e+00
1.93867100e-04 1.16080200e+03 2.39832700e-02 1.17651200e-01 1.03921800e+00 5.82449600e-02 3.07311500e+00 9.61730900e-01 9.95255800e-01 6.89581300e+01 7.00792900e-01 2.99207100e-01 1.42279700e-01 9.81133900e-02 8.05377500e-01 8.04312400e-01 4.40540100e-01 5.95651800e-01 9.69854900e-01 1.00640600e+02 2.45703800e+00 7.68280000e+00 2.16091100e+00 1.92329500e+00 1.28668400e+03 6.07656200e+03 2.59612400e+03 8.38794000e+02 2.39090800e+02 9.61730900e-01 2.46036600e-01 2.47365400e-01 2.31032800e+00 1.36755100e+01 1.08782400e+03 1.43805300e+02 1.03923900e+00 1.38375600e+01 1.06340400e+03 1.45944500e+02 1.43224700e-01 1.58515700e-01 3.38462400e+03 1.03302300e-02 8.19610200e-01 4.51435100e-01 7.41408900e+01 6.29550700e+02 8.41003400e+01 1.50436800e+03 9.07350100e+01 1.95070200e+03 9.62938400e+01 2.27149000e+03 2.36463800e+02 5.71081100e+03 4.46057200e-01 7.45439300e-01 4.67016700e-01 6.62127200e-01 4.67073400e-01 6.20204400e-01 4.63122800e-01 5.90487300e-01 2.98216400e-01 3.08010500e-01 1.70966800e+01 3.96686800e+02 1.88855200e+03 4.91945500e-04 1.81943000e+00 3.81986500e+00 1.36289900e+01 2.30233600e+03 5.63978700e+00
5.15865000e-08 1.17370100e+03 2.44738000e-02 1.18856900e-01 1.03851400e+00 6.47431500e-02 3.09602100e+00 9.55854900e-01 9.94346700e-01 6.87054400e+01 6.94994600e-01 3.05005400e-01 1.43975900e-01 9.89192800e-02 8.14411300e-01 8.21177200e-01 4.49777300e-01 6.05230300e-01 9.82535500e-01 9.96972700e+01 2.50781400e+00 8.20159900e+00 2.21098000e+00 1.94244900e+00 1.31768000e+03 6.18437100e+03 2.61136100e+03 8.42973100e+02 2.41030400e+02 9.55854900e-01 2.46205500e-01 2.47534900e-01 2.23498100e+00 1.36524200e+01 1.08739500e+03 1.43125000e+02 1.03847300e+00 1.37822600e+01 1.06454800e+03 1.45108200e+02 1.44453000e-01 1.57798500e-01 3.42517100e+03 1.04539400e-02 8.13160400e-01 4.47718100e-01 7.39645400e+01 6.31468400e+02 8.40567000e+01 1.50755300e+03 9.07707400e+01 1.95391300e+03 9.63917900e+01 2.27447400e+03 2.37675400e+02 5.70189800e+03 4.54909300e-01 7.53209200e-01 4.74798200e-01 6.68373600e-01 4.74157900e-01 6.25781600e-01 4.69684100e-01 5.95627200e-01 3.00566100e-01 3.10166700e-01 3.35600100e+01 3.99441700e+02 1.89266900e+03 3.05277700e-02 1.21731700e+00 5.34259500e+00 1.51413400e+01 2.32567100e+03 6.59044100e+00
3.42901700e-03 1.16216500e+03 2.41121300e-02 1.17034200e-01 1.03807800e+00 5.47078100e-02 3.05318600e+00 9.74118600e-01 9.92739500e-01 6.88995400e+01 7.01312100e-01 2.98687900e-01 1.41791500e-01 9.76936800e-02 7.97456900e-01 7.95711000e-01 4.35828900e-01 5.89537700e-01 9.60724900e-01 1.00571600e+02 2.40416500e+00 7.30438200e+00 2.11827300e+00 1.89873000e+00 1.23801700e+03 5.95640000e+03 2.57429400e+03 8.37420600e+02 2.39507800e+02 9.74118600e-01 2.46075500e-01 2.47404400e-01 2.29015600e+00 1.36937600e+01 1.08763300e+03 1.43865700e+02 1.03808500e+00 1.38587600e+01 1.06363300e+03 1.45968500e+02 1.43279900e-01 1.58212300e-01 3.37295500e+03 1.02946300e-02 8.21186600e-01 4.52128200e-01 7.40692300e+01 6.30122500e+02 8.40050100e+01 1.50586000e+03 9.06247200e+01 1.95271800e+03 9.61713900e+01 2.27390600e+03 2.36075600e+02 5.71836900e+03 4.41333000e-01 7.38160700e-01 4.62200800e-01 6.55720700e-01 4.62318500e-01 6.14228000e-01 4.58449100e-01 5.84812600e-01 2.95374700e-01 3.05098900e-01 1.13509600e+01 3.95767600e+02 1.89300200e+03 3.10410000e-05 1.74777200e+00 4.00025800e+00 1.84621500e+01 2.30012000e+03 5.74806100e+00
5.53190900e-03 1.15958600e+03 2.46156100e-02 1.15413300e-01 1.03789700e+00 5.39196600e-02 3.06368300e+00 9.68779800e-01 9.99155100e-01 6.98480200e+01 7.11659500e-01 2.88340500e-01 1.40674000e-01 9.82580300e-02 7.91771100e-01 7.76232500e-01 4.25160100e-01 5.80197800e-01 9.47376400e-01 1.01875900e+02 2.40838400e+00 7.10907000e+00 2.14062500e+00 1.92179300e+00 1.27624900e+03 6.14619400e+03 2.60456600e+03 8.45284400e+02 2.41761200e+02 9.68779800e-01 2.46263900e-01 2.47593600e-01 2.21390800e+00 1.36412400e+01 1.08696700e+03 1.43898800e+02 1.03785000e+00 1.38650800e+01 1.06462500e+03 1.45853600e+02 1.43704900e-01 1.57672500e-01 3.34624300e+03 1.02131300e-02 8.27362300e-01 4.54946100e-01 7.49123400e+01 6.22295600e+02 8.46763100e+01 1.48963400e+03 9.11974200e+01 1.93332100e+03 9.66690400e+01 2.25267500e+03 2.35503000e+02 5.69495800e+03 4.31367500e-01 7.33937100e-01 4.54328000e-01 6.53130800e-01 4.55664100e-01 6.12291100e-01 4.52666800e-01 5.83273700e-01 2.95028900e-01 3.05246400e-01 1.03944400e+01 3.95613200e+02 1.89635200e+03 7.33503300e-02 2.59136600e+00 4.00636500e+00 1.01419900e+01 2.30235900e+03 6.67108000e+00
2.55946700e-03 1.16099500e+03 2.32390800e-02 1.14200300e-01 1.03908000e+00 4.78764300e-02 3.02078600e+00 9.78386800e-01 9.95831200e-01 6.95404100e+01 7.14457700e-01 2.85542300e-01 1.38084500e-01 9.60245100e-02 7.80357100e-01 7.61321300e-01 4.16992900e-01 5.70441400e-01 9.35782200e-01 1.02694500e+02 2.33291200e+00 6.75506600e+00 2.05074000e+00 1.86348400e+00 1.20504100e+03 5.81864300e+03 2.54066400e+03 8.24095300e+02 2.33807800e+02 9.78386800e-01 2.45762600e-01 2.47090500e-01 2.43210000e+00 1.37382200e+01 1.08837100e+03 1.45277700e+02 1.03918500e+00 1.39799600e+01 1.06149700e+03 1.47676000e+02 1.40869300e-01 1.59524600e-01 3.28434300e+03 1.00242700e-02 8.36023500e-01 4.60505400e-01 7.45397400e+01 6.25202900e+02 8.41767100e+01 1.49728300e+03 9.06173800e+01 1.94370700e+03 9.60236000e+01 2.26515700e+03 2.33429100e+02 5.73501200e+03 4.23284000e-01 7.23644500e-01 4.46519500e-01 6.44295700e-01 4.48170200e-01 6.04145900e-01 4.45448700e-01 5.75600800e-01 2.91282300e-01 3.01507700e-01 1.19359100e+01 3.95961600e+02 1.89264700e+03 2.00459800e-01 3.17908700e+00 5.25830900e+00 1.28083400e+01 2.30054400e+03 8.63785500e+00
4.05356100e-03 1.16166000e+03 2.31262500e-02 1.16311800e-01 1.03843800e+00 4.65147700e-02 3.04302900e+00 9.91586900e-01 9.96783100e-01 6.84564200e+01 7.01078200e-01 2.98921800e-01 1.40083200e-01 9.58959300e-02 8.00735100e-01 7.99294900e-01 4.37791900e-01 5.92077100e-01 9.67791500e-01 1.00789200e+02 2.35709900e+00 6.66351300e+00 2.09686600e+00 1.91059400e+00 1.19285100e+03 5.82787400e+03 2.60742500e+03 8.52315000e+02 2.43361900e+02 9.91586900e-01 2.45711500e-01 2.47039200e-01 2.45116400e+00 1.37790000e+01 1.08868600e+03 1.44809100e+02 1.03855000e+00 1.39433900e+01 1.06142000e+03 1.47231100e+02 1.41267000e-01 1.59492700e-01 3.33212000e+03 1.01700400e-02 8.26201900e-01 4.55476500e-01 7.36002100e+01 6.34152700e+02 8.34785400e+01 1.51544200e+03 9.00596700e+01 1.96511100e+03 9.55738600e+01 2.28831000e+03 2.34643600e+02 5.75400400e+03 4.43290100e-01 7.41176800e-01 4.64201300e-01 6.58380100e-01 4.64296500e-01 6.16711200e-01 4.60395300e-01 5.87172000e-01 2.96569200e-01 3.06319200e-01 1.10163200e+01 3.96249200e+02 1.89883000e+03 3.10592900e-03 1.89191900e+00 3.64685300e+00 1.16835300e+01 2.30609500e+03 5.54187800e+00
3.70295000e-05 1.16582900e+03 2.32592600e-02 1.19403500e-01 1.03974700e+00 5.10709300e-02 3.05975300e+00 9.94752200e-01 9.96472000e-01 6.79071000e+01 6.89229600e-01 3.10770400e-01 1.43307900e-01 9.73162300e-02 8.19931700e-01 8.34520200e-01 4.57085600e-01 6.12191900e-01 9.94993100e-01 9.93279300e+01 2.39723500e+00 7.15179400e+00 2.13222800e+00 1.92519200e+00 1.18808200e+03 5.79050800e+03 2.62132200e+03 8.60611900e+02 2.47030500e+02 9.94752200e-01 2.45771100e-01 2.47099000e-01 2.42869800e+00 1.37402600e+01 1.08879100e+03 1.43907200e+02 1.03983700e+00 1.38394000e+01 1.06191600e+03 1.46270300e+02 1.42392300e-01 1.59421200e-01 3.40920300e+03 1.04052200e-02 8.13594800e-01 4.48854300e-01 7.32020800e+01 6.38460900e+02 8.33422200e+01 1.52286100e+03 9.00793000e+01 1.97284500e+03 9.57154700e+01 2.29576800e+03 2.36940600e+02 5.73926500e+03 4.61781600e-01 7.57735600e-01 4.80503800e-01 6.71753200e-01 4.79171400e-01 6.28681600e-01 4.74197600e-01 5.98223700e-01 3.01651800e-01 3.11023700e-01 2.04075900e+01 3.95734700e+02 1.89686300e+03 5.89512900e-02 1.03858200e+00 5.53686000e+00 1.20192600e+01 2.31300500e+03 6.63439300e+00
1.04530300e-02 1.15553200e+03 2.33489000e-02 1.16048500e-01 1.03949800e+00 4.82595800e-02 3.05278400e+00 9.77605900e-01 1.00238700e+00 6.90972900e+01 7.06682600e-01 2.93317400e-01 1.40042500e-01 9.67655900e-02 7.99327600e-01 7.90374900e-01 4.32906200e-01 5.88246400e-01 9.61599700e-01 1.01613300e+02 2.38872600e+00 6.80084200e+00 2.11742000e+00 1.92260200e+00 1.24071100e+03 5.96893800e+03 2.61410900e+03 8.48823300e+02 2.41651900e+02 9.77605900e-01 2.45807300e-01 2.47135300e-01 2.41358900e+00 1.37240300e+01 1.08840200e+03 1.44706700e+02 1.03957800e+00 1.39197500e+01 1.06187800e+03 1.47058300e+02 1.41603300e-01 1.59384000e-01 3.33114800e+03 1.01670700e-02 8.27846100e-01 4.56188200e-01 7.41895700e+01 6.28716700e+02 8.39959500e+01 1.50379200e+03 9.05376400e+01 1.95089100e+03 9.60228500e+01 2.27248200e+03 2.34798400e+02 5.73027300e+03 4.38835400e-01 7.40433900e-01 4.60927200e-01 6.58344000e-01 4.61680800e-01 6.16939200e-01 4.58241300e-01 5.87552200e-01 2.96988400e-01 3.07021800e-01 9.12172600e+00 3.95826000e+02 1.88896000e+03 5.01787900e-02 2.42950100e+00 3.73789500e+00 1.09392300e+01 2.29390700e+03 6.21757500e+00
1.61915600e-04 1.16079600e+03 2.34652500e-02 1.18681600e-01 1.03879600e+00 4.63622900e-02 3.05378800e+00 9.83001900e-01 9.98043200e-01 6.80133100e+01 6.91314500e-01 3.08685500e-01 1.42792000e-01 9.71175700e-02 8.09589400e-01 8.21225200e-01 4.49803600e-01 6.03453500e-01 9.81675300e-01 9.94588000e+01 2.40649200e+00 6.61773700e+00 2.11954700e+00 1.93184900e+00 1.22404900e+03 5.91076200e+03 2.62243300e+03 8.55922300e+02 2.44894300e+02 9.83001900e-01 2.45852000e-01 2.47180200e-01 2.39412800e+00 1.37446500e+01 1.08849100e+03 1.43935600e+02 1.03887100e+00 1.38550000e+01 1.06233600e+03 1.46234300e+02 1.42570200e-01 1.59043000e-01 3.39687200e+03 1.03676000e-02 8.15628100e-01 4.49737500e-01 7.32834200e+01 6.37601100e+02 8.33794200e+01 1.52131400e+03 9.00903900e+01 1.97117100e+03 9.57062300e+01 2.29409000e+03 2.36580100e+02 5.74086400e+03 4.54601600e-01 7.48386500e-01 4.73558000e-01 6.63694500e-01 4.72489900e-01 6.21234800e-01 4.67747600e-01 5.91196700e-01 2.98192800e-01 3.07550100e-01 1.74568700e+01 3.96120900e+02 1.89076900e+03 4.75773400e-02 1.09677200e+00 5.46053100e+00 1.06404000e+01 2.30434700e+03 6.60488000e+00
2.30480800e-04 1.15789400e+03 2.39140200e-02 1.18022300e-01 1.03953400e+00 5.22855000e-02 3.07054200e+00 9.75432900e-01 1.00093100e+00 6.88739000e+01 6.99424400e-01 3.00575600e-01 1.42581500e-01 9.82014300e-02 8.10490100e-01 8.11267300e-01 4.44349400e-01 6.00117300e-01 9.76608200e-01 1.00501500e+02 2.42983800e+00 7.12432900e+00 2.15535900e+00 1.94135500e+00 1.25811200e+03 6.03922500e+03 2.63109100e+03 8.56407900e+02 2.45127700e+02 9.75432900e-01 2.46017000e-01 2.47345700e-01 2.32128200e+00 1.36746700e+01 1.08793100e+03 1.43762800e+02 1.03956200e+00 1.38291700e+01 1.06329000e+03 1.45921000e+02 1.43205200e-01 1.58633500e-01 3.39183900e+03 1.03522500e-02 8.18363500e-01 4.50847400e-01 7.40743000e+01 6.30213900e+02 8.40615200e+01 1.50562600e+03 9.07126000e+01 1.95211800e+03 9.62841700e+01 2.27296100e+03 2.36668800e+02 5.71064000e+03 4.49790100e-01 7.50033400e-01 4.70579600e-01 6.66054800e-01 4.70474000e-01 6.23819200e-01 4.66386400e-01 5.93889000e-01 2.99877000e-01 3.09661900e-01 1.67506900e+01 3.95669000e+02 1.88763800e+03 2.70346300e-05 1.67729600e+00 3.88535700e+00 1.01663900e+01 2.30005800e+03 5.56268000e+00
4.19775600e-04 1.16082400e+03 2.34216300e-02 1.19972300e-01 1.04061900e+00 5.31494400e-02 3.07018100e+00 9.70853600e-01 1.00345900e+00 6.81378200e+01 6.89755600e-01 3.10244400e-01 1.44039100e-01 9.81450900e-02 8.18781800e-01 8.32644300e-01 4.56058100e-01 6.11074500e-01 9.91914200e-01 9.94432400e+01 2.45837700e+00 7.33795200e+00 2.15458000e+00 1.93730300e+00 1.25888800e+03 5.95953700e+03 2.61688900e+03 8.49056300e+02 2.42346100e+02 9.70853600e-01 2.45835300e-01 2.47163400e-01 2.40139300e+00 1.37003900e+01 1.08865100e+03 1.43638500e+02 1.04068600e+00 1.38022800e+01 1.06233600e+03 1.45944300e+02 1.42856400e-01 1.59330600e-01 3.42668100e+03 1.04585500e-02 8.11622800e-01 4.47731200e-01 7.34409600e+01 6.36347100e+02 8.36005400e+01 1.51794200e+03 9.03513400e+01 1.96655400e+03 9.59993500e+01 2.28851400e+03 2.37560000e+02 5.72254800e+03 4.60792500e-01 7.56723600e-01 4.79604100e-01 6.70911500e-01 4.78334500e-01 6.27916600e-01 4.73409200e-01 5.97509800e-01 3.01306600e-01 3.10693100e-01 1.55515800e+01 3.95782400e+02 1.89202200e+03 4.78244700e-02 1.09677200e+00 5.20584300e+00 1.19415800e+01 2.30335600e+03 6.35044000e+00
3.36721400e-03 1.15811500e+03 2.33655100e-02 1.19453900e-01 1.04082600e+00 4.72660100e-02 3.05432000e+00 9.71129800e-01 1.00265200e+00 6.83429000e+01 6.92844800e-01 3.07155200e-01 1.43464600e-01 9.80478400e-02 8.11058200e-01 8.20673300e-01 4.49501300e-01 6.03797700e-01 9.81082000e-01 9.98758400e+01 2.43313400e+00 6.74591100e+00 2.12067600e+00 1.92938800e+00 1.25257600e+03 5.94136500e+03 2.60871400e+03 8.46193800e+02 2.41190100e+02 9.71129800e-01 2.45813700e-01 2.47141800e-01 2.41079600e+00 1.36977100e+01 1.08867100e+03 1.43813500e+02 1.04090400e+00 1.38162200e+01 1.06218300e+03 1.46139300e+02 1.42604400e-01 1.59451100e-01 3.41294800e+03 1.04166500e-02 8.14065600e-01 4.49048000e-01 7.36109500e+01 6.34655600e+02 8.37119200e+01 1.51464800e+03 9.04285200e+01 1.96277100e+03 9.60501600e+01 2.28450800e+03 2.37184200e+02 5.72107300e+03 4.54439500e-01 7.49894200e-01 4.73767700e-01 6.65196400e-01 4.72876100e-01 6.22709000e-01 4.68247000e-01 5.92642000e-01 2.98976500e-01 3.08428700e-01 1.13873400e+01 3.95877600e+02 1.89208700e+03 1.67624900e-02 1.34256300e+00 4.36467500e+00 1.11531800e+01 2.29935200e+03 5.72400100e+00
6.72144800e-03 1.15502000e+03 2.38841200e-02 1.16751400e-01 1.03922600e+00 5.17685600e-02 3.05435100e+00 9.68579300e-01 9.97292000e-01 6.91998300e+01 7.04965700e-01 2.95034300e-01 1.41280600e-01 9.77659400e-02 7.97156400e-01 7.90531500e-01 4.32992000e-01 5.87505200e-01 9.58277000e-01 1.01230100e+02 2.41227000e+00 7.06024200e+00 2.12074200e+00 1.91215200e+00 1.26077600e+03 6.01689300e+03 2.59017600e+03 8.39292000e+02 2.39223900e+02 9.68579300e-01 2.46008200e-01 2.47337000e-01 2.32603500e+00 1.36814600e+01 1.08786000e+03 1.44112900e+02 1.03925100e+00 1.38670000e+01 1.06313700e+03 1.46286600e+02 1.42786200e-01 1.58665000e-01 3.36074300e+03 1.02573700e-02 8.23680100e-01 4.53618500e-01 7.43284700e+01 6.27664800e+02 8.42001000e+01 1.50086100e+03 9.07826600e+01 1.94681400e+03 9.63008600e+01 2.26750700e+03 2.35773800e+02 5.71273500e+03 4.38775600e-01 7.38247900e-01 4.60430900e-01 6.56205000e-01 4.60978200e-01 6.14852400e-01 4.57406800e-01 5.85513400e-01 2.95879200e-01 3.05794100e-01 1.00049000e+01 3.95611300e+02 1.88737700e+03 2.03855700e-02 2.19351700e+00 3.63244500e+00 1.12010700e+01 2.29299300e+03 5.84634800e+00
1.69268300e-02 1.15511300e+03 2.33303600e-02 1.16288600e-01 1.03996600e+00 5.21781500e-02 3.04460100e+00 9.70326300e-01 9.96707200e-01 6.91522200e+01 7.06685000e-01 2.93315000e-01 1.40264100e-01 9.69957600e-02 7.95175500e-01 7.86266100e-01 4.30655700e-01 5.85189600e-01 9.56224600e-01 1.01662400e+02 2.39442000e+00 7.20367400e+00 2.10016400e+00 1.89204700e+00 1.24076000e+03 5.90736600e+03 2.56695800e+03 8.30436500e+02 2.35809000e+02 9.70326300e-01 2.45800000e-01 2.47128000e-01 2.41670900e+00 1.37128500e+01 1.08844500e+03 1.44658200e+02 1.04005500e+00 1.39087000e+01 1.06187800e+03 1.47012500e+02 1.41638300e-01 1.59471300e-01 3.33644500e+03 1.01832400e-02 8.27188800e-01 4.55873100e-01 7.42519200e+01 6.28186400e+02 8.40656100e+01 1.50253200e+03 9.06122400e+01 1.94926100e+03 9.61016100e+01 2.27058800e+03 2.34985100e+02 5.72559700e+03 4.36532300e-01 7.36590800e-01 4.58516300e-01 6.54930400e-01 4.59269900e-01 6.13741600e-01 4.55851000e-01 5.84507800e-01 2.95449600e-01 3.05433100e-01 8.15771000e+00 3.95690000e+02 1.88827800e+03 5.57201000e-02 2.50994400e+00 3.77121700e+00 1.17625600e+01 2.29212600e+03 6.33688100e+00
2.56553000e-03 1.15801400e+03 2.34182400e-02 1.17532700e-01 1.04018300e+00 4.95586600e-02 3.05219900e+00 9.76532500e-01 9.96256000e-01 6.88519300e+01 7.01311100e-01 2.98688900e-01 1.41596100e-01 9.74916400e-02 8.04378100e-01 8.02618500e-01 4.39612200e-01 5.94654900e-01 9.69398200e-01 1.00928700e+02 2.40247200e+00 6.94122300e+00 2.11618400e+00 1.91649300e+00 1.23644600e+03 5.92461300e+03 2.60116900e+03 8.45313600e+02 2.40994300e+02 9.76532500e-01 2.45834000e-01 2.47162100e-01 2.40195900e+00 1.37033200e+01 1.08844900e+03 1.44267500e+02 1.04025700e+00 1.38684400e+01 1.06214500e+03 1.46588000e+02 1.42156300e-01 1.59351400e-01 3.36828400e+03 1.02803800e-02 8.21750700e-01 4.52988200e-01 7.40169400e+01 6.30568500e+02 8.39460200e+01 1.50692300e+03 9.05612500e+01 1.95409500e+03 9.61041600e+01 2.27550700e+03 2.35912600e+02 5.72236300e+03 4.45172100e-01 7.44566400e-01 4.66218700e-01 6.61410000e-01 4.66336100e-01 6.19557000e-01 4.62432200e-01 5.89886200e-01 2.97937500e-01 3.07745700e-01 1.19311800e+01 3.95698700e+02 1.89061700e+03 7.18250300e-03 1.96545900e+00 3.53877700e+00 1.22706300e+01 2.29824600e+03 5.51141900e+00
2.03914600e-06 1.16574600e+03 2.46313900e-02 1.17111800e-01 1.03908800e+00 5.55047000e-02 3.09008800e+00 9.60240100e-01 1.00061400e+00 6.96539300e+01 7.06517000e-01 2.93483000e-01 1.42388300e-01 9.91790400e-02 8.06866100e-01 7.98054100e-01 4.37112300e-01 5.93878000e-01 9.66782200e-01 1.01271500e+02 2.47136700e+00 7.28607200e+00 2.19790200e+00 1.96696900e+00 1.32621100e+03 6.29691200e+03 2.65379700e+03 8.58289800e+02 2.45476600e+02 9.60240100e-01 2.46270600e-01 2.47600300e-01 2.21158300e+00 1.36118700e+01 1.08708800e+03 1.43449900e+02 1.03904400e+00 1.38059500e+01 1.06477700e+03 1.45392400e+02 1.44226800e-01 1.57774800e-01 3.38722100e+03 1.03381600e-02 8.20857200e-01 4.51603300e-01 7.47945400e+01 6.23640200e+02 8.46842400e+01 1.49162000e+03 9.12813400e+01 1.93508100e+03 9.68129000e+01 2.25405000e+03 2.36750800e+02 5.68344400e+03 4.43044500e-01 7.47401600e-01 4.65314200e-01 6.64521400e-01 4.66058700e-01 6.22720200e-01 4.62575700e-01 5.93052700e-01 2.99748300e-01 3.09874400e-01 2.62059600e+01 3.95997300e+02 1.89326400e+03 2.24320400e-02 2.19351700e+00 3.71947300e+00 1.00881100e+01 2.31546800e+03 5.93542300e+00
2.10693800e-03 1.15676700e+03 2.32694300e-02 1.18383600e-01 1.03869800e+00 4.75001800e-02 3.05627500e+00 9.66814000e-01 1.00327300e+00 6.79217500e+01 6.91552400e-01 3.08447600e-01 1.42298100e-01 9.66513900e-02 8.05311400e-01 8.16571000e-01 4.47254400e-01 6.00149200e-01 9.77145900e-01 9.95228500e+01 2.44004000e+00 6.76727300e+00 2.12482700e+00 1.93225900e+00 1.26689500e+03 5.99314300e+03 2.61057800e+03 8.43740200e+02 2.39834100e+02 9.66814000e-01 2.45775400e-01 2.47103300e-01 2.42698200e+00 1.37662500e+01 1.08869400e+03 1.44161500e+02 1.03878800e+00 1.38778600e+01 1.06187800e+03 1.46525700e+02 1.42122800e-01 1.59280900e-01 3.38506600e+03 1.03315800e-02 8.17123400e-01 4.50656500e-01 7.31797500e+01 6.38488000e+02 8.32554800e+01 1.52348400e+03 8.99533300e+01 1.97401900e+03 9.55583500e+01 2.29743400e+03 2.36178100e+02 5.74986100e+03 4.52055000e-01 7.44454700e-01 4.70962100e-01 6.60232900e-01 4.69926600e-01 6.18005100e-01 4.65227600e-01 5.88129800e-01 2.96657300e-01 3.05975400e-01 1.23250400e+01 3.95806600e+02 1.88719300e+03 4.19288500e-02 1.15641700e+00 5.27099800e+00 1.17413700e+01 2.29532400e+03 6.46934400e+00
1.82415700e-03 1.15719900e+03 2.31796700e-02 1.17984400e-01 1.03958300e+00 5.48093100e-02 3.05901800e+00 9.72630000e-01 9.96464100e-01 6.82879600e+01 6.95900300e-01 3.04099700e-01 1.41809200e-01 9.68386000e-02 8.07996100e-01 8.13498300e-01 4.45571400e-01 6.00016600e-01 9.77771100e-01 1.00198300e+02 2.42612200e+00 7.52105700e+00 2.13066300e+00 1.90944800e+00 1.23991700e+03 5.89239700e+03 2.58626500e+03 8.37960300e+02 2.38400100e+02 9.72630000e-01 2.45736400e-01 2.47064200e-01 2.44211300e+00 1.37470500e+01 1.08876300e+03 1.44333300e+02 1.03968700e+00 1.38823800e+01 1.06164900e+03 1.46729100e+02 1.41841000e-01 1.59545400e-01 3.37337800e+03 1.02959200e-02 8.19686600e-01 4.52078100e-01 7.35024500e+01 6.35371400e+02 8.35068700e+01 1.51709500e+03 9.01639500e+01 1.96642600e+03 9.57380000e+01 2.28916100e+03 2.35911600e+02 5.74131900e+03 4.50730800e-01 7.47371400e-01 4.70672500e-01 6.63299400e-01 4.70148400e-01 6.21075300e-01 4.65785800e-01 5.91175400e-01 2.98370100e-01 3.07938600e-01 1.26132700e+01 3.95972000e+02 1.88822000e+03 4.14859600e-03 1.53969800e+00 4.02151300e+00 1.20281400e+01 2.29680500e+03 5.56536000e+00
9.67038200e-04 1.15844800e+03 2.26244000e-02 1.19750900e-01 1.03929000e+00 5.58195300e-02 3.05962000e+00 9.75665100e-01 9.99134300e-01 6.71051000e+01 6.82395200e-01 3.17604800e-01 1.43020400e-01 9.59740100e-02 8.17272300e-01 8.40910200e-01 4.60585500e-01 6.13533800e-01 9.97674800e-01 9.85607700e+01 2.44324300e+00 7.77130100e+00 2.13194600e+00 1.90674200e+00 1.22035200e+03 5.77512600e+03 2.57872600e+03 8.35555800e+02 2.37435700e+02 9.75665100e-01 2.45488600e-01 2.46815500e-01 2.54012200e+00 1.38194300e+01 1.08958200e+03 1.44301500e+02 1.03945100e+00 1.38824800e+01 1.06050500e+03 1.46875200e+02 1.41288900e-01 1.60167700e-01 3.40233200e+03 1.03842600e-02 8.12707300e-01 4.48847300e-01 7.24495100e+01 6.45590100e+02 8.26627400e+01 1.53821300e+03 8.94379200e+01 1.99165800e+03 9.51010600e+01 2.31678100e+03 2.36494100e+02 5.77307100e+03 4.64695300e-01 7.54599300e-01 4.81808800e-01 6.68231100e-01 4.79672700e-01 6.25078800e-01 4.74166800e-01 5.94606200e-01 2.99565000e-01 3.08573800e-01 1.38825500e+01 3.96228300e+02 1.88829600e+03 1.58142200e-01 6.71532900e-01 7.51220900e+00 1.01477000e+01 2.29840700e+03 8.34188400e+00
