   0.4035719E+00   0.6333793E+04   0.2216643E-01   0.1163845E+00   0.1041769E+01   0.4684991E-01   0.2868821E+01   0.3017015E+01   0.9600784E+00   0.1000534E+01   0.2532024E+03   0.3782043E+02   0.1015334E+03   0.3957521E+02   0.5550129E+01   0.8697032E+00   0.1143479E+00   0.3782634E+00   0.4750740E+01   0.8667061E+00   0.7012822E+00   0.8767859E+00   0.1118840E+01   0.9975544E+00   0.9987580E+00   0.9919917E+00   0.9898290E+00   0.6666931E+02   0.6868336E+00   0.3131664E+00   0.1391961E+00   0.6451439E-03   0.9280107E-01   0.7936242E+00   0.8108524E+00   0.4441221E+00   0.5936885E+00   0.9719678E+00   0.9947218E+02   0.2416613E+01   0.6871033E+01   0.2043021E+01   0.1860285E+01   0.1229587E+04   0.5714670E+04   0.2528702E+04   0.8154930E+03   0.2306592E+03   0.9600784E+00   0.2429086E+00   0.2442260E+00   0.2562300E+01   0.1396492E+02   0.1089682E+04   0.1464420E+03   0.1042097E+01   0.1405263E+02   0.1059055E+04   0.1492024E+03   0.1391951E+00   0.1606084E+00   0.3391608E+04   0.1022770E-01   0.8151572E+00   0.4505209E+00   0.7190867E+02   0.6501192E+03   0.8193102E+02   0.1550088E+04   0.8858626E+02   0.2007739E+04   0.9415228E+02   0.2336063E+04   0.2334442E+03   0.5833376E+04   0.4484853E+00   0.7331971E+00   0.4660895E+00   0.6497520E+00   0.4645282E+00   0.6079892E+00   0.4595291E+00   0.5784712E+00   0.2916286E+00   0.3005727E+00   0.2961363E+02   0.1044558E+03   0.3288343E+02   0.1058443E+02   0.3958787E+03   0.2347762E+02   0.1151746E+05   0.7067994E+03   0.4171230E-01   0.1156417E+01   0.4537431E+01   0.7649277E+01   0.1194740E+05   0.5735560E+01
   0.4070965E+00   0.6336532E+04   0.2241347E-01   0.1188096E+00   0.1041514E+01   0.3960852E-01   0.3003556E+01   0.3013939E+01   0.9605528E+00   0.1001907E+01   0.2300131E+03   0.4362477E+02   0.9114581E+02   0.4157450E+02   0.2237481E+01   0.6839487E+00   0.1872042E+00   0.3579056E+00   0.7882394E+01   0.7160023E+00   0.7483783E+00   0.1010189E+01   0.1269651E+01   0.9962688E+00   0.1003149E+01   0.9878671E+00   0.9843256E+00   0.6751160E+02   0.6887363E+00   0.3112637E+00   0.1418682E+00   0.6451439E-03   0.9577752E-01   0.7953404E+00   0.8101335E+00   0.4437284E+00   0.5940666E+00   0.9679743E+00   0.9962810E+02   0.2411092E+01   0.6080627E+01   0.2036747E+01   0.1881627E+01   0.1240671E+04   0.5774646E+04   0.2541787E+04   0.8174575E+03   0.2306280E+03   0.9605528E+00   0.2448430E+00   0.2461675E+00   0.2562781E+01   0.1381457E+02   0.1089719E+04   0.1449198E+03   0.1041725E+01   0.1391152E+02   0.1059933E+04   0.1475718E+03   0.1405554E+00   0.1606675E+00   0.3394135E+04   0.1032970E-01   0.8152951E+00   0.4504061E+00   0.7278381E+02   0.6421659E+03   0.8287894E+02   0.1531578E+04   0.8958537E+02   0.1984061E+04   0.9519554E+02   0.2308756E+04   0.2357325E+03   0.5770365E+04   0.4482506E+00   0.7349626E+00   0.4663039E+00   0.6515132E+00   0.4649549E+00   0.6097182E+00   0.4600917E+00   0.5801661E+00   0.2925344E+00   0.3015987E+00   0.3342702E+02   0.1072877E+03   0.3438103E+02   0.1062466E+02   0.3974496E+03   0.2381699E+02   0.1151542E+05   0.7067418E+03   0.3051202E-01   0.1217317E+01   0.4391357E+01   0.1337125E+02   0.1194731E+05   0.5639186E+01
   0.1142431E+01   0.6329560E+04   0.2263081E-01   0.1195386E+00   0.1041369E+01   0.5659243E-01   0.3092643E+01   0.3055381E+01   0.9695921E+00   0.1003797E+01   0.2484272E+03   0.3378013E+02   0.1030538E+03   0.4123971E+02   0.6360855E+01   0.7165274E+00   0.6610899E+00   0.1972309E+00   0.6696546E+00   0.8370745E+00   0.9180573E+00   0.1015522E+01   0.9640111E+00   0.9989352E+00   0.1001853E+01   0.1001030E+01   0.9949175E+00   0.6842712E+02   0.6949887E+00   0.3050113E+00   0.1428146E+00   0.6451439E-03   0.9772390E-01   0.8134727E+00   0.8202388E+00   0.4492633E+00   0.6045357E+00   0.9833969E+00   0.1003759E+03   0.2434106E+01   0.7853699E+01   0.2122928E+01   0.1895744E+01   0.1233934E+04   0.5793379E+04   0.2558454E+04   0.8245218E+03   0.2331958E+03   0.9695921E+00   0.2461136E+00   0.2474427E+00   0.2554816E+01   0.1370780E+02   0.1089600E+04   0.1441190E+03   0.1041492E+01   0.1383775E+02   0.1060543E+04   0.1466902E+03   0.1413100E+00   0.1606614E+00   0.3376264E+04   0.1033693E-01   0.8190676E+00   0.4522101E+00   0.7366507E+02   0.6340360E+03   0.8371658E+02   0.1513682E+04   0.9040357E+02   0.1961854E+04   0.9600196E+02   0.2283717E+04   0.2367161E+03   0.5725043E+04   0.4543953E+00   0.7523419E+00   0.4742613E+00   0.6676054E+00   0.4736216E+00   0.6250631E+00   0.4691527E+00   0.5949439E+00   0.3002273E+00   0.3098160E+00   0.2667139E+02   0.1057102E+03   0.3121714E+02   0.8708653E+01   0.3964339E+03   0.2284372E+02   0.1151470E+05   0.7065940E+03   0.5480470E-03   0.1677296E+01   0.3575641E+01   0.4587585E+01   0.1194268E+05   0.5253486E+01
   0.1013823E+01   0.6332094E+04   0.2266910E-01   0.1224115E+00   0.1040850E+01   0.6553961E-01   0.3280402E+01   0.3076101E+01   0.9738861E+00   0.1002750E+01   0.2703359E+03   0.3199765E+02   0.1153405E+03   0.3483754E+02   0.3736853E+01   0.8280969E+00   0.5946984E-01   0.1229926E+00   0.6255728E+01   0.9415781E+00   0.1068441E+01   0.1013919E+01   0.1155915E+01   0.9967403E+00   0.1001711E+01   0.9988917E+00   0.9909953E+00   0.6945618E+02   0.6979252E+00   0.3020748E+00   0.1457257E+00   0.6451439E-03   0.1012155E+00   0.8267578E+00   0.8296118E+00   0.4543971E+00   0.6129245E+00   0.9920256E+00   0.1007018E+03   0.2447933E+01   0.8790588E+01   0.2167373E+01   0.1901107E+01   0.1228627E+04   0.5771157E+04   0.2547943E+04   0.8178125E+03   0.2303860E+03   0.9738861E+00   0.2485949E+00   0.2499330E+00   0.2611375E+01   0.1354121E+02   0.1089980E+04   0.1424478E+03   0.1040860E+01   0.1368558E+02   0.1060963E+04   0.1449860E+03   0.1424550E+00   0.1611420E+00   0.3361202E+04   0.1041892E-01   0.8216579E+00   0.4535234E+00   0.7472470E+02   0.6248360E+03   0.8484076E+02   0.1492418E+04   0.9157529E+02   0.1934755E+04   0.9721565E+02   0.2252550E+04   0.2392148E+03   0.5655110E+04   0.4598201E+00   0.7649289E+00   0.4806788E+00   0.6791059E+00   0.4803852E+00   0.6359686E+00   0.4760880E+00   0.6054092E+00   0.3056088E+00   0.3155215E+00   0.2943691E+02   0.1102568E+03   0.3511385E+02   0.8994521E+01   0.3996499E+03   0.2263400E+02   0.1151456E+05   0.7065470E+03   0.1817901E-02   0.1891919E+01   0.3452896E+01   0.6450377E+01   0.1194584E+05   0.5346633E+01
   0.1099473E+01   0.6327822E+04   0.2259472E-01   0.1210563E+00   0.1040607E+01   0.6286900E-01   0.3186193E+01   0.3066321E+01   0.9697225E+00   0.1001525E+01   0.2684419E+03   0.4002353E+02   0.1045894E+03   0.4012213E+02   0.1628128E+01   0.6215231E+00   0.6304240E+00   0.4438233E+00   0.6024922E+01   0.1040863E+01   0.9892770E+00   0.8161098E+00   0.6954704E+00   0.9982393E+00   0.9985900E+00   0.9977532E+00   0.9933522E+00   0.6869446E+02   0.6942185E+00   0.3057815E+00   0.1442961E+00   0.6451439E-03   0.9912344E-01   0.8197467E+00   0.8276080E+00   0.4532996E+00   0.6095825E+00   0.9890513E+00   0.1002045E+03   0.2448283E+01   0.8515930E+01   0.2146280E+01   0.1892688E+01   0.1232239E+04   0.5768669E+04   0.2543077E+04   0.8168250E+03   0.2303462E+03   0.9697225E+00   0.2473368E+00   0.2486703E+00   0.2592974E+01   0.1364468E+02   0.1089865E+04   0.1432991E+03   0.1040682E+01   0.1376973E+02   0.1060658E+04   0.1458698E+03   0.1417992E+00   0.1608979E+00   0.3369395E+04   0.1038008E-01   0.8196915E+00   0.4525463E+00   0.7396684E+02   0.6315037E+03   0.8407990E+02   0.1507454E+04   0.9080666E+02   0.1953664E+04   0.9643780E+02   0.2274085E+04   0.2379165E+03   0.5698775E+04   0.4583948E+00   0.7580660E+00   0.4782402E+00   0.6725977E+00   0.4775034E+00   0.6297010E+00   0.4729371E+00   0.5993356E+00   0.3024025E+00   0.3120312E+00   0.3020967E+02   0.1062938E+03   0.3270023E+02   0.8770576E+01   0.3985904E+03   0.2318711E+02   0.1150810E+05   0.7066088E+03   0.3531082E-02   0.1539698E+01   0.3783399E+01   0.5059987E+01   0.1193865E+05   0.5326629E+01
   0.9203028E+00   0.6333552E+04   0.2256800E-01   0.1241263E+00   0.1040045E+01   0.5320445E-01   0.3357024E+01   0.3055574E+01   0.9737230E+00   0.1001598E+01   0.2111732E+03   0.5254488E+02   0.1246490E+03   0.3196039E+02   0.4045174E+01   0.7735905E+00   0.1033417E+00   0.7460132E+00   0.1785171E+01   0.8171954E+00   0.1030115E+01   0.1022497E+01   0.1253081E+01   0.9967098E+00   0.9994146E+00   0.1006792E+01   0.1001307E+01   0.6937561E+02   0.6938704E+00   0.3061296E+00   0.1473394E+00   0.6451439E-03   0.1022176E+00   0.8213358E+00   0.8296841E+00   0.4544367E+00   0.6109379E+00   0.9860918E+00   0.1001055E+03   0.2429660E+01   0.7624817E+01   0.2123337E+01   0.1909001E+01   0.1226690E+04   0.5766553E+04   0.2548894E+04   0.8160153E+03   0.2290237E+03   0.9737230E+00   0.2495431E+00   0.2508846E+00   0.2655850E+01   0.1350617E+02   0.1090328E+04   0.1417351E+03   0.1040019E+01   0.1362813E+02   0.1060925E+04   0.1442950E+03   0.1428403E+00   0.1613849E+00   0.3365032E+04   0.1048266E-01   0.8201042E+00   0.4527721E+00   0.7470841E+02   0.6252584E+03   0.8493172E+02   0.1492469E+04   0.9173130E+02   0.1934192E+04   0.9742316E+02   0.2251377E+04   0.2404021E+03   0.5640969E+04   0.4594824E+00   0.7594995E+00   0.4792881E+00   0.6738292E+00   0.4785089E+00   0.6308366E+00   0.4739058E+00   0.6004056E+00   0.3029069E+00   0.3125494E+00   0.3132310E+02   0.1077209E+03   0.3252470E+02   0.9119352E+01   0.3959083E+03   0.2256471E+02   0.1152151E+05   0.7066158E+03   0.6387687E-02   0.1472759E+01   0.3939198E+01   0.5964005E+01   0.1194911E+05   0.5418344E+01
   0.5651141E+00   0.6331392E+04   0.2227689E-01   0.1239480E+00   0.1040274E+01   0.5824299E-01   0.3281840E+01   0.3070017E+01   0.9675363E+00   0.1005563E+01   0.2724040E+03   0.4453362E+02   0.1073262E+03   0.4077756E+02   0.3015945E+01   0.4863017E+00   0.7096555E+00   0.1925920E-01   0.5603505E+01   0.7465039E+00   0.1060948E+01   0.1073662E+01   0.1132285E+01   0.9966577E+00   0.1001405E+01   0.9935207E+00   0.9973020E+00   0.6840515E+02   0.6861258E+00   0.3138742E+00   0.1468701E+00   0.6451439E-03   0.1004667E+00   0.8282896E+00   0.8472263E+00   0.4640449E+00   0.6199706E+00   0.1001470E+01   0.9919668E+02   0.2472165E+01   0.8195496E+01   0.2154227E+01   0.1917354E+01   0.1244998E+04   0.5783761E+04   0.2558689E+04   0.8175034E+03   0.2294015E+03   0.9675363E+00   0.2484648E+00   0.2498024E+00   0.2685082E+01   0.1360208E+02   0.1090611E+04   0.1423520E+03   0.1040315E+01   0.1368355E+02   0.1060200E+04   0.1450135E+03   0.1421131E+00   0.1615538E+00   0.3387087E+04   0.1050011E-01   0.8154252E+00   0.4505527E+00   0.7379033E+02   0.6335934E+03   0.8409434E+02   0.1510511E+04   0.9093548E+02   0.1956364E+04   0.9665644E+02   0.2276194E+04   0.2397710E+03   0.5681895E+04   0.4685098E+00   0.7651418E+00   0.4867048E+00   0.6779701E+00   0.4849831E+00   0.6343548E+00   0.4797034E+00   0.6035323E+00   0.3041790E+00   0.3135060E+00   0.3478147E+02   0.1128953E+03   0.3554294E+02   0.9888102E+01   0.3971927E+03   0.2352412E+02   0.1150817E+05   0.7068224E+03   0.7012127E-01   0.9818667E+00   0.5400022E+01   0.1072989E+02   0.1193878E+05   0.6452010E+01
   0.9274038E+00   0.6330471E+04   0.2224006E-01   0.1204381E+00   0.1040583E+01   0.5438747E-01   0.3121027E+01   0.3048834E+01   0.9709652E+00   0.1000905E+01   0.2364633E+03   0.4861840E+02   0.1251202E+03   0.2498315E+02   0.3794727E+01   0.6436307E+00   0.1596051E+00   0.5515535E+00   0.1756000E+01   0.1077738E+01   0.6750572E+00   0.1186933E+01   0.1187720E+01   0.9987214E+00   0.1001014E+01   0.9991575E+00   0.9971317E+00   0.6785217E+02   0.6886928E+00   0.3113072E+00   0.1433233E+00   0.6451439E-03   0.9724796E-01   0.8143472E+00   0.8295519E+00   0.4543643E+00   0.6082847E+00   0.9886162E+00   0.9956904E+02   0.2432335E+01   0.7734680E+01   0.2109074E+01   0.1891697E+01   0.1221737E+04   0.5725837E+04   0.2548658E+04   0.8197310E+03   0.2310681E+03   0.9709652E+00   0.2463423E+00   0.2476722E+00   0.2636364E+01   0.1374498E+02   0.1090198E+04   0.1440445E+03   0.1040727E+01   0.1384075E+02   0.1059742E+04   0.1467441E+03   0.1408455E+00   0.1611563E+00   0.3375563E+04   0.1035434E-01   0.8175134E+00   0.4516741E+00   0.7314833E+02   0.6389714E+03   0.8329608E+02   0.1523941E+04   0.9003734E+02   0.1974154E+04   0.9567661E+02   0.2297218E+04   0.2369366E+03   0.5741312E+04   0.4590053E+00   0.7525176E+00   0.4774708E+00   0.6670648E+00   0.4760796E+00   0.6242678E+00   0.4710936E+00   0.5940078E+00   0.2995015E+00   0.3087837E+00   0.2882007E+02   0.1046063E+03   0.2891887E+02   0.8976691E+01   0.3960781E+03   0.2253961E+02   0.1151510E+05   0.7067430E+03   0.3566879E-01   0.1217317E+01   0.4576655E+01   0.5674956E+01   0.1194269E+05   0.5829641E+01
   0.3820755E+00   0.6332872E+04   0.2215452E-01   0.1138623E+00   0.1041348E+01   0.4821841E-01   0.2730593E+01   0.3014976E+01   0.9619003E+00   0.1002465E+01   0.1669533E+03   0.3010822E+02   0.1233455E+03   0.2491415E+02   0.6914092E+01   0.6894306E+00   0.4722562E+00   0.3666947E+00   0.3334797E+01   0.1145483E+01   0.9175511E+00   0.1165758E+01   0.1068434E+01   0.9961894E+00   0.1000683E+01   0.1000682E+01   0.9849489E+00   0.6578674E+02   0.6842300E+00   0.3157700E+00   0.1366620E+00   0.6451439E-03   0.8990546E-01   0.7885877E+00   0.8090489E+00   0.4431344E+00   0.5911432E+00   0.9722563E+00   0.9910746E+02   0.2411101E+01   0.6962585E+01   0.2038860E+01   0.1851422E+01   0.1220730E+04   0.5702651E+04   0.2535278E+04   0.8222019E+03   0.2337345E+03   0.9619003E+00   0.2409854E+00   0.2422957E+00   0.2516014E+01   0.1411943E+02   0.1089336E+04   0.1478656E+03   0.1041762E+01   0.1419380E+02   0.1058750E+04   0.1506496E+03   0.1382489E+00   0.1600993E+00   0.3394091E+04   0.1013745E-01   0.8142351E+00   0.4500346E+00   0.7099701E+02   0.6586616E+03   0.8095888E+02   0.1569810E+04   0.8757003E+02   0.2032863E+04   0.9309735E+02   0.2364952E+04   0.2312309E+03   0.5898200E+04   0.4472847E+00   0.7282959E+00   0.4642081E+00   0.6451379E+00   0.4623596E+00   0.6035602E+00   0.4571905E+00   0.5741885E+00   0.2893912E+00   0.2981459E+00   0.2584937E+02   0.1047866E+03   0.2861836E+02   0.1060561E+02   0.3957483E+03   0.2254011E+02   0.1151409E+05   0.7068877E+03   0.7834921E-01   0.9818667E+00   0.5353344E+01   0.9454415E+01   0.1194299E+05   0.6413560E+01
   0.8383642E+00   0.6334125E+04   0.2202392E-01   0.1126624E+00   0.1042371E+01   0.4820114E-01   0.2622495E+01   0.3021258E+01   0.9554365E+00   0.1005529E+01   0.2049997E+03   0.2904611E+02   0.1055058E+03   0.3292079E+02   0.4980698E+01   0.5796585E+00   0.5644589E+00   0.1390343E+00   0.4024652E+01   0.9467506E+00   0.1063706E+01   0.1176996E+01   0.1221732E+01   0.9963027E+00   0.1001653E+01   0.9916459E+00   0.9846848E+00   0.6516052E+02   0.6812652E+00   0.3187348E+00   0.1353314E+00   0.6451439E-03   0.8818266E-01   0.7898997E+00   0.8141905E+00   0.4459505E+00   0.5935117E+00   0.9785424E+00   0.9886933E+02   0.2437432E+01   0.6959534E+01   0.2051710E+01   0.1863155E+01   0.1244541E+04   0.5764358E+04   0.2558353E+04   0.8295619E+03   0.2361992E+03   0.9554365E+00   0.2394036E+00   0.2407081E+00   0.2501909E+01   0.1421798E+02   0.1089278E+04   0.1488880E+03   0.1042865E+01   0.1427683E+02   0.1058254E+04   0.1517319E+03   0.1374872E+00   0.1600501E+00   0.3412605E+04   0.1011521E-01   0.8112793E+00   0.4486075E+00   0.7036443E+02   0.6648077E+03   0.8031297E+02   0.1583713E+04   0.8691083E+02   0.2050383E+04   0.9242495E+02   0.2384940E+04   0.2300141E+03   0.5939679E+04   0.4498978E+00   0.7292222E+00   0.4661922E+00   0.6456476E+00   0.4639993E+00   0.6039091E+00   0.4585908E+00   0.5744416E+00   0.2894184E+00   0.2980434E+00   0.2681095E+02   0.1052765E+03   0.2988827E+02   0.8920284E+01   0.3957275E+03   0.2389908E+02   0.1151337E+05   0.7070013E+03   0.1071336E+00   0.8727971E+00   0.5725408E+01   0.1262849E+02   0.1194192E+05   0.6705339E+01
   0.1058521E+01   0.6336573E+04   0.2197340E-01   0.1094002E+00   0.1042411E+01   0.5366655E-01   0.2472905E+01   0.3025721E+01   0.9531525E+00   0.1006067E+01   0.2175882E+03   0.2861792E+02   0.1103257E+03   0.3336655E+02   0.4976356E+01   0.8842305E+00   0.2009713E+00   0.6289858E+00   0.9544981E+00   0.8614786E+00   0.1002667E+01   0.1005413E+01   0.1065066E+01   0.9976208E+00   0.9993180E+00   0.9891285E+00   0.9941576E+00   0.6451599E+02   0.6828236E+00   0.3171764E+00   0.1320187E+00   0.6451439E-03   0.8517320E-01   0.7844030E+00   0.8065458E+00   0.4417633E+00   0.5886599E+00   0.9765749E+00   0.9908622E+02   0.2441767E+01   0.7460022E+01   0.2060887E+01   0.1851143E+01   0.1247965E+04   0.5780518E+04   0.2562193E+04   0.8334802E+03   0.2381989E+03   0.9531525E+00   0.2372243E+00   0.2385206E+00   0.2457978E+01   0.1437990E+02   0.1088891E+04   0.1506926E+03   0.1043013E+01   0.1444781E+02   0.1057758E+04   0.1535840E+03   0.1362132E+00   0.1596351E+00   0.3401082E+04   0.9973177E-02   0.8130961E+00   0.4495925E+00   0.6964414E+02   0.6715656E+03   0.7945207E+02   0.1600202E+04   0.8595896E+02   0.2071985E+04   0.9139812E+02   0.2410274E+04   0.2272263E+03   0.6007157E+04   0.4458307E+00   0.7242989E+00   0.4623565E+00   0.6414545E+00   0.4603572E+00   0.6000559E+00   0.4551067E+00   0.5708191E+00   0.2876768E+00   0.2962992E+00   0.2092654E+02   0.1015702E+03   0.2606452E+02   0.8515439E+01   0.3959410E+03   0.2419698E+02   0.1152290E+05   0.7069398E+03   0.7982601E-01   0.9818667E+00   0.5161550E+01   0.8426746E+01   0.1195156E+05   0.6223243E+01
   0.9413498E+00   0.6332376E+04   0.2201346E-01   0.1119163E+00   0.1041961E+01   0.5122902E-01   0.2594821E+01   0.3025919E+01   0.9551615E+00   0.1006297E+01   0.2362214E+03   0.3851295E+02   0.1138769E+03   0.3246291E+02   0.4396676E+01   0.7277155E+00   0.7264071E-01   0.2340267E+00   0.2208092E+01   0.1135821E+01   0.9387481E+00   0.9311013E+00   0.1034612E+01   0.9981318E+00   0.9987019E+00   0.9916791E+00   0.9856116E+00   0.6495544E+02   0.6810423E+00   0.3189577E+00   0.1345749E+00   0.6451439E-03   0.8741374E-01   0.7895903E+00   0.8141561E+00   0.4459317E+00   0.5933829E+00   0.9797020E+00   0.9880590E+02   0.2442284E+01   0.7258606E+01   0.2061294E+01   0.1860557E+01   0.1245235E+04   0.5769016E+04   0.2558743E+04   0.8301443E+03   0.2365374E+03   0.9551615E+00   0.2390038E+00   0.2403067E+00   0.2494013E+01   0.1425959E+02   0.1089196E+04   0.1492584E+03   0.1042485E+01   0.1431756E+02   0.1058140E+04   0.1521133E+03   0.1372095E+00   0.1599177E+00   0.3406855E+04   0.1007827E-01   0.8119371E+00   0.4489493E+00   0.7015099E+02   0.6668436E+03   0.8007373E+02   0.1588519E+04   0.8665423E+02   0.2056578E+04   0.9215372E+02   0.2392122E+04   0.2293654E+03   0.5957079E+04   0.4498345E+00   0.7289207E+00   0.4660851E+00   0.6453637E+00   0.4638737E+00   0.6036366E+00   0.4584541E+00   0.5741782E+00   0.2892853E+00   0.2978959E+00   0.2793045E+02   0.1019668E+03   0.2878318E+02   0.8679447E+01   0.3957117E+03   0.2386446E+02   0.1151358E+05   0.7070104E+03   0.1151989E+00   0.8201760E+00   0.5935030E+01   0.9039684E+01   0.1194183E+05   0.6870405E+01
   0.4442087E+00   0.6335319E+04   0.2205224E-01   0.1120093E+00   0.1041783E+01   0.5272078E-01   0.2657806E+01   0.3025247E+01   0.9626554E+00   0.1005823E+01   0.2337126E+03   0.4456110E+02   0.1102664E+03   0.3594914E+02   0.5719384E+01   0.7519998E+00   0.5751283E+00   0.7159391E+00   0.4539217E+00   0.1192510E+01   0.1094973E+01   0.9792932E+00   0.1012781E+01   0.9973236E+00   0.9990875E+00   0.9815808E+00   0.9821780E+00   0.6565125E+02   0.6874617E+00   0.3125383E+00   0.1347067E+00   0.6451439E-03   0.8843662E-01   0.7894674E+00   0.8057962E+00   0.4413527E+00   0.5902826E+00   0.9743449E+00   0.9958925E+02   0.2415838E+01   0.7411194E+01   0.2059909E+01   0.1853768E+01   0.1223832E+04   0.5724799E+04   0.2550010E+04   0.8284386E+03   0.2359361E+03   0.9626554E+00   0.2399176E+00   0.2412240E+00   0.2509211E+01   0.1418973E+02   0.1089221E+04   0.1488565E+03   0.1042265E+01   0.1428202E+02   0.1058292E+04   0.1516944E+03   0.1374076E+00   0.1600845E+00   0.3379780E+04   0.1004309E-01   0.8168082E+00   0.4514643E+00   0.7079840E+02   0.6602693E+03   0.8065061E+02   0.1574439E+04   0.8719376E+02   0.2039377E+04   0.9266646E+02   0.2372956E+04   0.2296668E+03   0.5927211E+04   0.4457851E+00   0.7294198E+00   0.4634359E+00   0.6464749E+00   0.4619549E+00   0.6049525E+00   0.4570308E+00   0.5756006E+00   0.2902388E+00   0.2991472E+00   0.2783385E+02   0.1029973E+03   0.2916496E+02   0.1041222E+02   0.3958067E+03   0.2227635E+02   0.1151959E+05   0.7067797E+03   0.3252552E-01   0.1217317E+01   0.4292814E+01   0.1023459E+02   0.1194808E+05   0.5542657E+01
   0.1030605E+01   0.6328630E+04   0.2219552E-01   0.1159169E+00   0.1041509E+01   0.6099900E-01   0.2821173E+01   0.3045892E+01   0.9659493E+00   0.1000617E+01   0.2055738E+03   0.2749445E+02   0.1073660E+03   0.3349225E+02   0.4260633E+01   0.8058363E+00   0.2168590E+00   0.4228449E+00   0.4983197E+01   0.7565470E+00   0.8099955E+00   0.9959216E+00   0.9997866E+00   0.9966551E+00   0.1001755E+01   0.9949891E+00   0.9855095E+00   0.6621155E+02   0.6834888E+00   0.3165112E+00   0.1387575E+00   0.6451439E-03   0.9187352E-01   0.8063762E+00   0.8282694E+00   0.4536618E+00   0.6048323E+00   0.9909935E+00   0.9901775E+02   0.2444370E+01   0.8290100E+01   0.2102877E+01   0.1861362E+01   0.1218501E+04   0.5687445E+04   0.2537920E+04   0.8224529E+03   0.2338396E+03   0.9659493E+00   0.2422635E+00   0.2435786E+00   0.2540155E+01   0.1401958E+02   0.1089558E+04   0.1467933E+03   0.1041859E+01   0.1408956E+02   0.1059055E+04   0.1495476E+03   0.1390494E+00   0.1603553E+00   0.3403174E+04   0.1022889E-01   0.8129261E+00   0.4493261E+00   0.7146730E+02   0.6543820E+03   0.8151411E+02   0.1559429E+04   0.8818053E+02   0.2019302E+04   0.9375353E+02   0.2349079E+04   0.2329749E+03   0.5856566E+04   0.4578327E+00   0.7446497E+00   0.4749690E+00   0.6595424E+00   0.4729912E+00   0.6170022E+00   0.4676463E+00   0.5869551E+00   0.2957832E+00   0.3047069E+00   0.2416936E+02   0.1039047E+03   0.2902330E+02   0.8593932E+01   0.3978559E+03   0.2268180E+02   0.1150745E+05   0.7069148E+03   0.8892688E-01   0.9265765E+00   0.5562919E+01   0.7188375E+01   0.1193658E+05   0.6578422E+01
   0.9183467E+00   0.6337211E+04   0.2208029E-01   0.1153939E+00   0.1041138E+01   0.5540662E-01   0.2802246E+01   0.3030301E+01   0.9637522E+00   0.9993492E+00   0.2168787E+03   0.3802143E+02   0.1252447E+03   0.2830360E+02   0.3862762E+00   0.5905161E+00   0.5848527E+00   0.5937769E+00   0.3950994E+01   0.9633572E+00   0.1185525E+01   0.1020881E+01   0.8475246E+00   0.9970846E+00   0.9998553E+00   0.9972321E+00   0.9929784E+00   0.6596252E+02   0.6825613E+00   0.3174387E+00   0.1381193E+00   0.6451439E-03   0.9110700E-01   0.7984064E+00   0.8212839E+00   0.4498358E+00   0.5992927E+00   0.9830495E+00   0.9889529E+02   0.2429726E+01   0.7749939E+01   0.2070346E+01   0.1853179E+01   0.1216676E+04   0.5672488E+04   0.2528326E+04   0.8184294E+03   0.2322928E+03   0.9637522E+00   0.2419547E+00   0.2432686E+00   0.2555018E+01   0.1406134E+02   0.1089635E+04   0.1471252E+03   0.1041508E+01   0.1412617E+02   0.1058712E+04   0.1499265E+03   0.1386481E+00   0.1604026E+00   0.3396344E+04   0.1019499E-01   0.8135154E+00   0.4497104E+00   0.7120878E+02   0.6568299E+03   0.8124405E+02   0.1565023E+04   0.8790136E+02   0.2026390E+04   0.9346607E+02   0.2357198E+04   0.2324098E+03   0.5874116E+04   0.4539223E+00   0.7371965E+00   0.4706737E+00   0.6528392E+00   0.4686034E+00   0.6106894E+00   0.4632355E+00   0.5809240E+00   0.2927113E+00   0.3014999E+00   0.2662146E+02   0.1065012E+03   0.3058226E+02   0.8789410E+01   0.3962652E+03   0.2278424E+02   0.1152622E+05   0.7069500E+03   0.1055606E+00   0.8727971E+00   0.5907942E+01   0.6528045E+01   0.1195406E+05   0.6886300E+01
   0.7034257E+00   0.6329330E+04   0.2215170E-01   0.1132126E+00   0.1041412E+01   0.5480011E-01   0.2736620E+01   0.3027987E+01   0.9632574E+00   0.1001540E+01   0.2247951E+03   0.4083885E+02   0.8849245E+02   0.4660930E+02   0.4121410E+01   0.8159794E+00   0.3087259E+00   0.5634336E+00   0.4594951E+00   0.1070935E+01   0.7178268E+00   0.8935069E+00   0.1151168E+01   0.9972284E+00   0.1002365E+01   0.9989687E+00   0.9912089E+00   0.6611267E+02   0.6888287E+00   0.3111713E+00   0.1360094E+00   0.6451439E-03   0.8991945E-01   0.7917204E+00   0.8063265E+00   0.4416432E+00   0.5913188E+00   0.9737097E+00   0.9970247E+02   0.2416310E+01   0.7630920E+01   0.2065560E+01   0.1851139E+01   0.1221191E+04   0.5712220E+04   0.2537030E+04   0.8226109E+03   0.2338518E+03   0.9632574E+00   0.2410687E+00   0.2423794E+00   0.2518653E+01   0.1410829E+02   0.1089285E+04   0.1480155E+03   0.1041820E+01   0.1420740E+02   0.1058674E+04   0.1508069E+03   0.1380648E+00   0.1601593E+00   0.3374950E+04   0.1008456E-01   0.8177222E+00   0.4518599E+00   0.7127190E+02   0.6557831E+03   0.8115555E+02   0.1564073E+04   0.8772159E+02   0.2026166E+04   0.9321436E+02   0.2357761E+04   0.2308156E+03   0.5893044E+04   0.4462024E+00   0.7316302E+00   0.4641968E+00   0.6485747E+00   0.4628655E+00   0.6069755E+00   0.4580321E+00   0.5775613E+00   0.2912683E+00   0.3002719E+00   0.2548048E+02   0.1016693E+03   0.2830235E+02   0.9533482E+01   0.3960536E+03   0.2269848E+02   0.1151060E+05   0.7067391E+03   0.2530219E-01   0.1279349E+01   0.4198765E+01   0.7529896E+01   0.1193889E+05   0.5503416E+01
   0.1145208E+01   0.6332387E+04   0.2228826E-01   0.1176742E+00   0.1040735E+01   0.6191308E-01   0.2969233E+01   0.3056262E+01   0.9659568E+00   0.1002827E+01   0.1993689E+03   0.3974179E+02   0.1176443E+03   0.3575505E+02   0.6398559E+01   0.8601793E+00   0.2698456E+00   0.3982864E+00   0.5516992E-01   0.1239571E+01   0.1052634E+01   0.8904648E+00   0.9471700E+00   0.9968997E+00   0.9976945E+00   0.9905298E+00   0.9935960E+00   0.6714905E+02   0.6881619E+00   0.3118381E+00   0.1406076E+00   0.6451439E-03   0.9441668E-01   0.8108784E+00   0.8267224E+00   0.4528145E+00   0.6059517E+00   0.9895456E+00   0.9951059E+02   0.2449769E+01   0.8409119E+01   0.2124799E+01   0.1877331E+01   0.1230345E+04   0.5740249E+04   0.2543437E+04   0.8200399E+03   0.2320859E+03   0.9659568E+00   0.2443287E+00   0.2456513E+00   0.2574306E+01   0.1388227E+02   0.1089745E+04   0.1454876E+03   0.1040970E+01   0.1397615E+02   0.1059513E+04   0.1481936E+03   0.1399451E+00   0.1606219E+00   0.3379493E+04   0.1026130E-01   0.8169346E+00   0.4513357E+00   0.7239889E+02   0.6456244E+03   0.8245650E+02   0.1539679E+04   0.8913708E+02   0.1994458E+04   0.9472519E+02   0.2320776E+04   0.2346644E+03   0.5798716E+04   0.4574092E+00   0.7492621E+00   0.4756803E+00   0.6641248E+00   0.4742341E+00   0.6214943E+00   0.4692276E+00   0.5913553E+00   0.2981640E+00   0.3073695E+00   0.2755888E+02   0.1039485E+03   0.3083851E+02   0.8539276E+01   0.3982421E+03   0.2306266E+02   0.1151502E+05   0.7067586E+03   0.4026802E-01   0.1156417E+01   0.4670532E+01   0.7280724E+01   0.1194487E+05   0.5867217E+01
   0.6936483E+00   0.6328419E+04   0.2225828E-01   0.1164311E+00   0.1041079E+01   0.5119720E-01   0.2863130E+01   0.3025801E+01   0.9632094E+00   0.1000823E+01   0.2325067E+03   0.1849218E+02   0.8725646E+02   0.3929904E+02   0.2275234E+01   0.7226840E+00   0.5384001E+00   0.8782064E+00   0.9777205E+01   0.1129106E+01   0.1162097E+01   0.1025710E+01   0.1086723E+01   0.9973250E+00   0.1003263E+01   0.9957370E+00   0.9845542E+00   0.6643127E+02   0.6842716E+00   0.3157284E+00   0.1393345E+00   0.6451439E-03   0.9256170E-01   0.7973388E+00   0.8179732E+00   0.4480224E+00   0.5976835E+00   0.9782652E+00   0.9905788E+02   0.2423707E+01   0.7307434E+01   0.2061050E+01   0.1860455E+01   0.1222365E+04   0.5703156E+04   0.2530791E+04   0.8181584E+03   0.2319659E+03   0.9632094E+00   0.2428685E+00   0.2441858E+00   0.2543038E+01   0.1398296E+02   0.1089565E+04   0.1463873E+03   0.1041393E+01   0.1405687E+02   0.1059284E+04   0.1491133E+03   0.1393779E+00   0.1603495E+00   0.3397657E+04   0.1024193E-01   0.8137795E+00   0.4497162E+00   0.7169192E+02   0.6522742E+03   0.8175022E+02   0.1554597E+04   0.8842544E+02   0.2013169E+04   0.9400636E+02   0.2342046E+04   0.2334824E+03   0.5841186E+04   0.4522060E+00   0.7363792E+00   0.4693228E+00   0.6522989E+00   0.4674569E+00   0.6102596E+00   0.4622328E+00   0.5805616E+00   0.2925850E+00   0.3014488E+00   0.2318499E+02   0.1054707E+03   0.2921409E+02   0.9414409E+01   0.3957097E+03   0.2286323E+02   0.1150720E+05   0.7068862E+03   0.8472493E-01   0.9265765E+00   0.5565030E+01   0.8183708E+01   0.1193519E+05   0.6576332E+01
   0.5011641E+00   0.6327857E+04   0.2214512E-01   0.1144819E+00   0.1041280E+01   0.5121125E-01   0.2804716E+01   0.3018251E+01   0.9633547E+00   0.9981094E+00   0.2210603E+03   0.4055659E+02   0.1018031E+03   0.3671052E+02   0.3337876E+01   0.7391860E+00   0.3204637E+00   0.6089926E+00   0.3520323E+01   0.8816052E+00   0.8317268E+00   0.9562338E+00   0.1064434E+01   0.9974312E+00   0.1000615E+01   0.9981153E+00   0.9989618E+00   0.6641296E+02   0.6887733E+00   0.3112267E+00   0.1372722E+00   0.6451439E-03   0.9116653E-01   0.7900581E+00   0.8047052E+00   0.4407552E+00   0.5901036E+00   0.9694660E+00   0.9967977E+02   0.2405419E+01   0.7295227E+01   0.2045548E+01   0.1846410E+01   0.1215625E+04   0.5682933E+04   0.2522242E+04   0.8160820E+03   0.2313794E+03   0.9633547E+00   0.2420152E+00   0.2433293E+00   0.2543796E+01   0.1404356E+02   0.1089475E+04   0.1473095E+03   0.1041643E+01   0.1414203E+02   0.1058826E+04   0.1500908E+03   0.1385181E+00   0.1603731E+00   0.3374252E+04   0.1013044E-01   0.8177815E+00   0.4518944E+00   0.7159880E+02   0.6527914E+03   0.8152862E+02   0.1556930E+04   0.8812528E+02   0.2016907E+04   0.9364366E+02   0.2346983E+04   0.2318838E+03   0.5866011E+04   0.4452780E+00   0.7300896E+00   0.4632257E+00   0.6472038E+00   0.4618926E+00   0.6056902E+00   0.4570663E+00   0.5763367E+00   0.2906394E+00   0.2996279E+00   0.2745696E+02   0.1023241E+03   0.2986670E+02   0.1020994E+02   0.3956979E+03   0.2282079E+02   0.1151111E+05   0.7067407E+03   0.2664449E-01   0.1279349E+01   0.4246873E+01   0.3583181E+01   0.1193984E+05   0.5552866E+01
   0.9647125E+00   0.6331606E+04   0.2247348E-01   0.1176449E+00   0.1041438E+01   0.6150924E-01   0.2998432E+01   0.3047547E+01   0.9678398E+00   0.9984791E+00   0.2302112E+03   0.3179136E+02   0.9341634E+02   0.4938718E+02   0.6417541E+01   0.6499312E+00   0.6509284E+00   0.1404953E+00   0.1809083E+01   0.7936804E+00   0.1136375E+01   0.8257252E+00   0.1033267E+01   0.9965212E+00   0.1000360E+01   0.1007817E+01   0.9880054E+00   0.6788879E+02   0.6945825E+00   0.3054175E+00   0.1407635E+00   0.6451439E-03   0.9556265E-01   0.8068687E+00   0.8141214E+00   0.4459127E+00   0.5998275E+00   0.9792731E+00   0.1003692E+03   0.2426635E+01   0.8329773E+01   0.2106361E+01   0.1862544E+01   0.1219012E+04   0.5709325E+04   0.2524178E+04   0.8144704E+03   0.2305439E+03   0.9678398E+00   0.2447965E+00   0.2461208E+00   0.2550257E+01   0.1381124E+02   0.1089541E+04   0.1452038E+03   0.1041643E+01   0.1393988E+02   0.1059971E+04   0.1478435E+03   0.1403380E+00   0.1605889E+00   0.3369907E+04   0.1025244E-01   0.8197675E+00   0.4526926E+00   0.7309333E+02   0.6390241E+03   0.8307731E+02   0.1525494E+04   0.8971876E+02   0.1977102E+04   0.9527875E+02   0.2301414E+04   0.2349974E+03   0.5768292E+04   0.4509765E+00   0.7461967E+00   0.4705959E+00   0.6621115E+00   0.4699158E+00   0.6199026E+00   0.4654519E+00   0.5900218E+00   0.2977429E+00   0.3072258E+00   0.2865212E+02   0.1063720E+03   0.3155407E+02   0.9039181E+01   0.3978938E+03   0.2289195E+02   0.1151457E+05   0.7066017E+03   0.5557554E-03   0.1677296E+01   0.3539909E+01   0.6994504E+01   0.1194440E+05   0.5217762E+01
   0.8499160E+00   0.6332295E+04   0.2203327E-01   0.1179505E+00   0.1041144E+01   0.5689316E-01   0.2861347E+01   0.3035807E+01   0.9542962E+00   0.9981661E+00   0.2178515E+03   0.3243912E+02   0.1044146E+03   0.3634465E+02   0.4786830E+01   0.7195461E+00   0.4017586E+00   0.7531190E-01   0.5660543E+01   0.1193394E+01   0.8431938E+00   0.1081566E+01   0.1094077E+01   0.9973741E+00   0.1003036E+01   0.1005066E+01   0.9943458E+00   0.6571716E+02   0.6743755E+00   0.3256245E+00   0.1406289E+00   0.6451439E-03   0.9241736E-01   0.8048931E+00   0.8385639E+00   0.4593003E+00   0.6080195E+00   0.9928847E+00   0.9789427E+02   0.2470845E+01   0.7963562E+01   0.2081778E+01   0.1857880E+01   0.1239442E+04   0.5686147E+04   0.2515033E+04   0.8089425E+03   0.2287307E+03   0.9542962E+00   0.2427509E+00   0.2440678E+00   0.2584683E+01   0.1401212E+02   0.1089984E+04   0.1461658E+03   0.1041488E+01   0.1403432E+02   0.1058865E+04   0.1489630E+03   0.1393676E+00   0.1606189E+00   0.3430220E+04   0.1033878E-01   0.8074510E+00   0.4465755E+00   0.7107927E+02   0.6586281E+03   0.8130167E+02   0.1567319E+04   0.8807082E+02   0.2028076E+04   0.9372331E+02   0.2358111E+04   0.2342751E+03   0.5854336E+04   0.4626756E+00   0.7423983E+00   0.4777370E+00   0.6565903E+00   0.4747103E+00   0.6138466E+00   0.4686656E+00   0.5837105E+00   0.2937970E+00   0.3022945E+00   0.2954587E+02   0.1076256E+03   0.3433414E+02   0.8575479E+01   0.3969687E+03   0.2518772E+02   0.1150834E+05   0.7073188E+03   0.2783579E+00   0.4556106E+00   0.9197369E+01   0.8269042E+01   0.1193907E+05   0.9931337E+01
   0.8879181E+00   0.6329344E+04   0.2194857E-01   0.1174922E+00   0.1041415E+01   0.5862102E-01   0.2871261E+01   0.3047186E+01   0.9568287E+00   0.1001951E+01   0.2502324E+03   0.3428607E+02   0.1023717E+03   0.3907871E+02   0.1323680E+01   0.7897941E+00   0.1640165E+00   0.8677922E+00   0.9383985E+01   0.9339190E+00   0.9435127E+00   0.8440219E+00   0.9549706E+00   0.9977989E+00   0.1000425E+01   0.9930859E+00   0.9856755E+00   0.6601379E+02   0.6785415E+00   0.3214585E+00   0.1400859E+00   0.6451439E-03   0.9247600E-01   0.8090173E+00   0.8374515E+00   0.4586911E+00   0.6091707E+00   0.9957274E+00   0.9844871E+02   0.2473346E+01   0.8149719E+01   0.2105601E+01   0.1872658E+01   0.1244546E+04   0.5724545E+04   0.2537368E+04   0.8160744E+03   0.2306702E+03   0.9568287E+00   0.2428474E+00   0.2441646E+00   0.2604180E+01   0.1400038E+02   0.1090062E+04   0.1463027E+03   0.1041750E+01   0.1404393E+02   0.1058636E+04   0.1491335E+03   0.1390873E+00   0.1608325E+00   0.3412250E+04   0.1029165E-01   0.8105935E+00   0.4482884E+00   0.7133041E+02   0.6560048E+03   0.8148445E+02   0.1562080E+04   0.8821451E+02   0.2021947E+04   0.9383722E+02   0.2351513E+04   0.2339410E+03   0.5849046E+04   0.4624670E+00   0.7466023E+00   0.4785382E+00   0.6607421E+00   0.4759742E+00   0.6179063E+00   0.4702202E+00   0.5876805E+00   0.2959516E+00   0.3046780E+00   0.2911812E+02   0.1079842E+03   0.3307087E+02   0.8688729E+01   0.3974558E+03   0.2473427E+02   0.1150895E+05   0.7071180E+03   0.1718162E+00   0.6715329E+00   0.7102764E+01   0.3791112E+01   0.1193983E+05   0.7946114E+01
   0.5094436E+00   0.6334845E+04   0.2215395E-01   0.1232488E+00   0.1040527E+01   0.5256687E-01   0.3168002E+01   0.3049848E+01   0.9652277E+00   0.1002269E+01   0.2327247E+03   0.5634026E+02   0.1179838E+03   0.4062330E+02   0.3925482E+01   0.7858359E+00   0.5212320E+00   0.5359764E+00   0.1497104E+01   0.8835321E+00   0.8521101E+00   0.8547704E+00   0.8131175E+00   0.9958179E+00   0.9987992E+00   0.9993922E+00   0.1000474E+01   0.6732483E+02   0.6777858E+00   0.3222142E+00   0.1460478E+00   0.6451439E-03   0.9832646E-01   0.8210473E+00   0.8509026E+00   0.4660586E+00   0.6185920E+00   0.1000646E+01   0.9821235E+02   0.2464890E+01   0.7615662E+01   0.2111214E+01   0.1900523E+01   0.1234736E+04   0.5720781E+04   0.2544034E+04   0.8151147E+03   0.2292547E+03   0.9652277E+00   0.2469270E+00   0.2482591E+00   0.2669426E+01   0.1371840E+02   0.1090598E+04   0.1431670E+03   0.1040657E+01   0.1375736E+02   0.1059780E+04   0.1458783E+03   0.1415174E+00   0.1613633E+00   0.3418691E+04   0.1051927E-01   0.8095730E+00   0.4475896E+00   0.7276160E+02   0.6431545E+03   0.8313832E+02   0.1531306E+04   0.9001485E+02   0.1982000E+04   0.9575941E+02   0.2304962E+04   0.2388462E+03   0.5731315E+04   0.4697749E+00   0.7576262E+00   0.4859097E+00   0.6704120E+00   0.4832180E+00   0.6269130E+00   0.4773183E+00   0.5962239E+00   0.3001831E+00   0.3090277E+00   0.3352855E+02   0.1093140E+03   0.3647739E+02   0.9765401E+01   0.3959824E+03   0.2346886E+02   0.1151613E+05   0.7071525E+03   0.2160340E+00   0.5804309E+00   0.8223397E+01   0.8173913E+01   0.1194534E+05   0.9019862E+01
   0.5946965E+00   0.6335508E+04   0.2220035E-01   0.1203951E+00   0.1040520E+01   0.4377105E-01   0.3090282E+01   0.3026198E+01   0.9695989E+00   0.1003187E+01   0.2772379E+03   0.5487352E+02   0.1012246E+03   0.4526994E+02   0.3534510E+01   0.5641340E+00   0.8465629E+00   0.2944452E+00   0.2471919E+01   0.6593893E+00   0.8593538E+00   0.1015205E+01   0.9638746E+00   0.9971879E+00   0.1003484E+01   0.9993263E+00   0.9830986E+00   0.6745667E+02   0.6852133E+00   0.3147867E+00   0.1432406E+00   0.6451439E-03   0.9662534E-01   0.8056277E+00   0.8252433E+00   0.4520044E+00   0.6034461E+00   0.9808938E+00   0.9913149E+02   0.2412863E+01   0.6611633E+01   0.2061869E+01   0.1889043E+01   0.1219058E+04   0.5714474E+04   0.2546901E+04   0.8196968E+03   0.2310103E+03   0.9695989E+00   0.2459174E+00   0.2472458E+00   0.2633309E+01   0.1378240E+02   0.1090215E+04   0.1442381E+03   0.1040687E+01   0.1385989E+02   0.1059589E+04   0.1469558E+03   0.1407114E+00   0.1610870E+00   0.3387452E+04   0.1036954E-01   0.8151872E+00   0.4504868E+00   0.7277865E+02   0.6424696E+03   0.8296608E+02   0.1531444E+04   0.8972838E+02   0.1983327E+04   0.9538273E+02   0.2307444E+04   0.2367605E+03   0.5757319E+04   0.4563143E+00   0.7441183E+00   0.4738042E+00   0.6592449E+00   0.4720210E+00   0.6167948E+00   0.4668120E+00   0.5868013E+00   0.2957343E+00   0.3047488E+00   0.3516245E+02   0.1103611E+03   0.3561320E+02   0.9755324E+01   0.3964094E+03   0.2206563E+02   0.1151839E+05   0.7068531E+03   0.7747482E-01   0.9818667E+00   0.5483830E+01   0.1099408E+02   0.1194663E+05   0.6543172E+01
   0.5610134E+00   0.6334532E+04   0.2249700E-01   0.1190317E+00   0.1040592E+01   0.5472580E-01   0.3057393E+01   0.3038609E+01   0.9720044E+00   0.1001795E+01   0.2241771E+03   0.3124364E+02   0.8837641E+02   0.4659371E+02   0.3998817E+01   0.5633351E+00   0.7211144E+00   0.1421169E+00   0.4303214E+01   0.7741470E+00   0.1195423E+01   0.9678495E+00   0.9764513E+00   0.9959899E+00   0.1002869E+01   0.9930199E+00   0.9929207E+00   0.6782288E+02   0.6909225E+00   0.3090775E+00   0.1421739E+00   0.6451439E-03   0.9642640E-01   0.8066230E+00   0.8187355E+00   0.4484399E+00   0.6014332E+00   0.9794505E+00   0.9980116E+02   0.2413198E+01   0.7679749E+01   0.2087619E+01   0.1871186E+01   0.1209450E+04   0.5697213E+04   0.2531054E+04   0.8173457E+03   0.2312518E+03   0.9720044E+00   0.2455957E+00   0.2469229E+00   0.2566347E+01   0.1377874E+02   0.1089687E+04   0.1445276E+03   0.1040751E+01   0.1388686E+02   0.1060162E+04   0.1471497E+03   0.1408579E+00   0.1606070E+00   0.3376929E+04   0.1031463E-01   0.8179357E+00   0.4517004E+00   0.7308016E+02   0.6394060E+03   0.8315970E+02   0.1525515E+04   0.8985906E+02   0.1976545E+04   0.9546486E+02   0.2300288E+04   0.2360542E+03   0.5755156E+04   0.4532214E+00   0.7456016E+00   0.4720116E+00   0.6611780E+00   0.4708963E+00   0.6188600E+00   0.4661365E+00   0.5889249E+00   0.2970339E+00   0.3063337E+00   0.2877735E+02   0.1066419E+03   0.3171988E+02   0.1004220E+02   0.3960345E+03   0.2170206E+02   0.1151970E+05   0.7066828E+03   0.2025873E-01   0.1342563E+01   0.4264801E+01   0.9270563E+01   0.1194748E+05   0.5627623E+01
   0.9500430E+00   0.6330266E+04   0.2250121E-01   0.1221362E+00   0.1040394E+01   0.5739587E-01   0.3235936E+01   0.3053672E+01   0.9721066E+00   0.1000261E+01   0.2945866E+03   0.5556200E+02   0.8128423E+02   0.5132562E+02   0.3881287E+01   0.6754188E+00   0.7498958E+00   0.8061738E+00   0.2902914E+01   0.9386926E+00   0.9619944E+00   0.9802430E+00   0.1191284E+01   0.9999048E+00   0.1003536E+01   0.1002297E+01   0.9939917E+00   0.6873840E+02   0.6925216E+00   0.3074784E+00   0.1452826E+00   0.6451439E-03   0.9986491E-01   0.8176494E+00   0.8277778E+00   0.4533926E+00   0.6088647E+00   0.9862054E+00   0.9998184E+02   0.2431405E+01   0.8021545E+01   0.2119301E+01   0.1889467E+01   0.1220053E+04   0.5725438E+04   0.2534664E+04   0.8136819E+03   0.2290286E+03   0.9721066E+00   0.2479524E+00   0.2492882E+00   0.2626769E+01   0.1361479E+02   0.1090124E+04   0.1428561E+03   0.1040441E+01   0.1373034E+02   0.1060543E+04   0.1454527E+03   0.1419892E+00   0.1611437E+00   0.3370442E+04   0.1041728E-01   0.8191083E+00   0.4523084E+00   0.7404239E+02   0.6309807E+03   0.8421128E+02   0.1505800E+04   0.9097254E+02   0.1951254E+04   0.9663131E+02   0.2271062E+04   0.2386735E+03   0.5686497E+04   0.4583347E+00   0.7559541E+00   0.4777444E+00   0.6705339E+00   0.4768059E+00   0.6276895E+00   0.4721120E+00   0.5973720E+00   0.3013365E+00   0.3108574E+00   0.3381002E+02   0.1069108E+03   0.3369106E+02   0.9026831E+01   0.3966993E+03   0.2249311E+02   0.1151590E+05   0.7066447E+03   0.1103619E-01   0.1407057E+01   0.4037378E+01   0.4313542E+01   0.1194412E+05   0.5455472E+01
   0.9662076E+00   0.6328550E+04   0.2202876E-01   0.1153139E+00   0.1041233E+01   0.5373691E-01   0.2760068E+01   0.3027524E+01   0.9556710E+00   0.9999858E+00   0.2322023E+03   0.2724598E+02   0.8624597E+02   0.4939320E+02   0.5001239E+01   0.8463908E+00   0.3167849E+00   0.1252894E+00   0.2801556E+01   0.7647381E+00   0.8047521E+00   0.8495610E+00   0.1120081E+01   0.9970546E+00   0.1001069E+01   0.9910825E+00   0.9844451E+00   0.6548279E+02   0.6781997E+00   0.3218003E+00   0.1379878E+00   0.6451439E-03   0.9035828E-01   0.7962669E+00   0.8246910E+00   0.4517019E+00   0.5997293E+00   0.9840000E+00   0.9837564E+02   0.2449527E+01   0.7588196E+01   0.2064604E+01   0.1854221E+01   0.1236250E+04   0.5705563E+04   0.2526855E+04   0.8157380E+03   0.2312897E+03   0.9556710E+00   0.2413461E+00   0.2426578E+00   0.2549720E+01   0.1410979E+02   0.1089652E+04   0.1474101E+03   0.1041636E+01   0.1415179E+02   0.1058559E+04   0.1502313E+03   0.1384631E+00   0.1603262E+00   0.3413079E+04   0.1021518E-01   0.8104376E+00   0.4481406E+00   0.7076090E+02   0.6613109E+03   0.8084275E+02   0.1574629E+04   0.8752444E+02   0.2038133E+04   0.9310650E+02   0.2370292E+04   0.2321721E+03   0.5894791E+04   0.4554097E+00   0.7348039E+00   0.4711519E+00   0.6502668E+00   0.4685891E+00   0.6080965E+00   0.4628993E+00   0.5783423E+00   0.2912510E+00   0.2998163E+00   0.2539677E+02   0.1045832E+03   0.3110802E+02   0.8504289E+01   0.3960344E+03   0.2439650E+02   0.1150609E+05   0.7071335E+03   0.1852611E+00   0.6252075E+00   0.7416984E+01   0.6709989E+01   0.1193503E+05   0.8227452E+01
   0.3179769E+00   0.6332790E+04   0.2192487E-01   0.1137043E+00   0.1041438E+01   0.4680053E-01   0.2675675E+01   0.3001035E+01   0.9533675E+00   0.9970925E+00   0.2377209E+03   0.3632087E+02   0.8178945E+02   0.4699821E+02   0.3289888E+01   0.7728106E+00   0.4752623E+00   0.8041032E+00   0.5005925E+01   0.7936672E+00   0.8931265E+00   0.9344940E+00   0.1228042E+01   0.9978450E+00   0.1001542E+01   0.9941452E+00   0.9865767E+00   0.6503967E+02   0.6778507E+00   0.3221493E+00   0.1362743E+00   0.6451439E-03   0.8863234E-01   0.7829094E+00   0.8112962E+00   0.4443652E+00   0.5898285E+00   0.9707833E+00   0.9837838E+02   0.2421101E+01   0.6852722E+01   0.2010633E+01   0.1830975E+01   0.1225616E+04   0.5655751E+04   0.2505653E+04   0.8099294E+03   0.2296901E+03   0.9533675E+00   0.2401117E+00   0.2414188E+00   0.2539043E+01   0.1420123E+02   0.1089552E+04   0.1483876E+03   0.1041915E+01   0.1424181E+02   0.1058140E+04   0.1512590E+03   0.1376754E+00   0.1602242E+00   0.3410678E+04   0.1014769E-01   0.8106714E+00   0.4483426E+00   0.7029091E+02   0.6657561E+03   0.8031362E+02   0.1585135E+04   0.8695564E+02   0.2051683E+04   0.9250435E+02   0.2386009E+04   0.2307170E+03   0.5933022E+04   0.4479703E+00   0.7224498E+00   0.4633824E+00   0.6393044E+00   0.4608284E+00   0.5978332E+00   0.4552110E+00   0.5685740E+00   0.2863325E+00   0.2947343E+00   0.2664343E+02   0.1040764E+03   0.3069245E+02   0.1071113E+02   0.3957889E+03   0.2416358E+02   0.1151320E+05   0.7071494E+03   0.1830578E+00   0.6252075E+00   0.7287544E+01   0.6467173E+01   0.1194387E+05   0.8095810E+01
   0.4413676E+00   0.6331930E+04   0.2199174E-01   0.1113582E+00   0.1041587E+01   0.5616274E-01   0.2626647E+01   0.3017330E+01   0.9566830E+00   0.9980189E+00   0.2331449E+03   0.4031450E+02   0.9028017E+02   0.4755311E+02   0.5223506E+01   0.6908815E+00   0.5679516E+00   0.8921420E-01   0.9366111E-01   0.8748454E+00   0.9493127E+00   0.8023740E+00   0.9003463E+00   0.9976608E+00   0.9991107E+00   0.9957338E+00   0.9870268E+00   0.6540222E+02   0.6867408E+00   0.3132592E+00   0.1339951E+00   0.6451439E-03   0.8763574E-01   0.7834237E+00   0.8005491E+00   0.4384788E+00   0.5861012E+00   0.9687249E+00   0.9949395E+02   0.2418245E+01   0.7756042E+01   0.2043666E+01   0.1826533E+01   0.1222700E+04   0.5676890E+04   0.2512805E+04   0.8143488E+03   0.2315303E+03   0.9566830E+00   0.2394485E+00   0.2407531E+00   0.2509282E+01   0.1423452E+02   0.1089205E+04   0.1492596E+03   0.1042093E+01   0.1432306E+02   0.1058064E+04   0.1521263E+03   0.1370548E+00   0.1600369E+00   0.3376739E+04   0.1001190E-01   0.8170061E+00   0.4516077E+00   0.7054125E+02   0.6627302E+03   0.8037595E+02   0.1580127E+04   0.8690640E+02   0.2046629E+04   0.9236798E+02   0.2381298E+04   0.2290378E+03   0.5946004E+04   0.4428249E+00   0.7237676E+00   0.4601849E+00   0.6413909E+00   0.4586337E+00   0.6001644E+00   0.4536919E+00   0.5710258E+00   0.2879107E+00   0.2967141E+00   0.2947094E+02   0.1011935E+03   0.3118029E+02   0.1040242E+02   0.3964058E+03   0.2369259E+02   0.1151644E+05   0.7068023E+03   0.3996723E-01   0.1156417E+01   0.4459608E+01   0.4462580E+01   0.1194694E+05   0.5655992E+01
   0.1102837E+01   0.6334001E+04   0.2202026E-01   0.1167790E+00   0.1041097E+01   0.5874828E-01   0.2894403E+01   0.3033484E+01   0.9569492E+00   0.9942179E+00   0.2776179E+03   0.5153513E+02   0.1041198E+03   0.3805551E+02   0.2995344E+01   0.5649282E+00   0.5434541E+00   0.3091705E+00   0.1603471E+01   0.8848425E+00   0.1082225E+01   0.1043951E+01   0.1230089E+01   0.9977456E+00   0.1001721E+01   0.9959659E+00   0.9971357E+00   0.6648987E+02   0.6845794E+00   0.3154206E+00   0.1394444E+00   0.6451439E-03   0.9271638E-01   0.7998419E+00   0.8201410E+00   0.4492097E+00   0.5994137E+00   0.9809038E+00   0.9915532E+02   0.2445208E+01   0.8137512E+01   0.2076948E+01   0.1846705E+01   0.1230546E+04   0.5674561E+04   0.2503558E+04   0.8044946E+03   0.2270002E+03   0.9569492E+00   0.2431984E+00   0.2445169E+00   0.2598820E+01   0.1397445E+02   0.1089928E+04   0.1463178E+03   0.1041419E+01   0.1404985E+02   0.1058750E+04   0.1491285E+03   0.1390602E+00   0.1607961E+00   0.3385773E+04   0.1022805E-01   0.8152907E+00   0.4506847E+00   0.7175022E+02   0.6517215E+03   0.8180881E+02   0.1553354E+04   0.8848469E+02   0.2011609E+04   0.9406637E+02   0.2340272E+04   0.2335840E+03   0.5837605E+04   0.4534308E+00   0.7387206E+00   0.4706695E+00   0.6544055E+00   0.4688333E+00   0.6122438E+00   0.4636169E+00   0.5824575E+00   0.2935514E+00   0.3024581E+00   0.3270168E+02   0.1046092E+03   0.3139183E+02   0.8498019E+01   0.3974679E+03   0.2505430E+02   0.1151345E+05   0.7068752E+03   0.7292423E-01   0.9818667E+00   0.5236493E+01   0.1036462E+02   0.1194447E+05   0.6291284E+01
   0.8920708E+00   0.6342979E+04   0.2208330E-01   0.1147617E+00   0.1041473E+01   0.5468385E-01   0.2783179E+01   0.3024541E+01   0.9489723E+00   0.9972685E+00   0.3006704E+03   0.5756541E+02   0.1166424E+03   0.4220458E+02   0.4854319E+01   0.8556846E+00   0.4765508E+00   0.7196048E+00   0.1515511E+01   0.7683531E+00   0.9821834E+00   0.6863928E+00   0.7352071E+00   0.9981249E+00   0.9967315E+00   0.1002229E+01   0.9921494E+00   0.6607239E+02   0.6850574E+00   0.3149426E+00   0.1374901E+00   0.6451439E-03   0.9084300E-01   0.7904614E+00   0.8099082E+00   0.4436050E+00   0.5921593E+00   0.9724576E+00   0.9924021E+02   0.2448663E+01   0.7664490E+01   0.2058456E+01   0.1845202E+01   0.1252016E+04   0.5739954E+04   0.2510448E+04   0.8066151E+03   0.2279006E+03   0.9489723E+00   0.2416911E+00   0.2430040E+00   0.2547735E+01   0.1406900E+02   0.1089557E+04   0.1473956E+03   0.1041854E+01   0.1414743E+02   0.1058674E+04   0.1501992E+03   0.1384463E+00   0.1603950E+00   0.3389767E+04   0.1016178E-01   0.8149472E+00   0.4504640E+00   0.7128982E+02   0.6558968E+03   0.8127224E+02   0.1563418E+04   0.8789824E+02   0.2024714E+04   0.9343853E+02   0.2355577E+04   0.2319547E+03   0.5877050E+04   0.4478407E+00   0.7301026E+00   0.4649797E+00   0.6468213E+00   0.4632182E+00   0.6051692E+00   0.4580988E+00   0.5757402E+00   0.2901969E+00   0.2990131E+00   0.3399211E+02   0.1068576E+03   0.3593629E+02   0.8938984E+01   0.3963315E+03   0.2659382E+02   0.1153064E+05   0.7068584E+03   0.6399913E-01   0.1038582E+01   0.5019114E+01   0.1047640E+02   0.1196250E+05   0.6121695E+01
   0.3421413E+00   0.6336700E+04   0.2260862E-01   0.1214402E+00   0.1040105E+01   0.5074492E-01   0.3277130E+01   0.3033512E+01   0.9699410E+00   0.9978248E+00   0.2997601E+03   0.4945820E+02   0.1043261E+03   0.4075962E+02   0.8694446E+00   0.6562260E+00   0.3393422E+00   0.9884373E+00   0.6485203E+01   0.9576137E+00   0.1131487E+01   0.9520862E+00   0.1186086E+01   0.9966468E+00   0.1000828E+01   0.9934449E+00   0.9965833E+00   0.6945251E+02   0.7000324E+00   0.2999676E+00   0.1446939E+00   0.6451439E-03   0.1004936E+00   0.8045537E+00   0.8045102E+00   0.4406484E+00   0.5954203E+00   0.9654084E+00   0.1009238E+03   0.2397569E+01   0.7310486E+01   0.2077004E+01   0.1876553E+01   0.1219811E+04   0.5734556E+04   0.2516115E+04   0.8056424E+03   0.2260213E+03   0.9699410E+00   0.2485287E+00   0.2498666E+00   0.2621310E+01   0.1356812E+02   0.1089968E+04   0.1427508E+03   0.1040127E+01   0.1372436E+02   0.1060772E+04   0.1453134E+03   0.1420644E+00   0.1611285E+00   0.3338711E+04   0.1034702E-01   0.8250293E+00   0.4553070E+00   0.7468872E+02   0.6249849E+03   0.8474170E+02   0.1493284E+04   0.9143755E+02   0.1936213E+04   0.9704709E+02   0.2254524E+04   0.2384387E+03   0.5666081E+04   0.4460681E+00   0.7446013E+00   0.4668414E+00   0.6612986E+00   0.4668099E+00   0.6193927E+00   0.4628027E+00   0.5896922E+00   0.2977659E+00   0.3075238E+00   0.3372963E+02   0.1099254E+03   0.3441001E+02   0.1119183E+02   0.3956920E+03   0.2278356E+02   0.1152615E+05   0.7065222E+03   0.7783398E-02   0.2040338E+01   0.3444427E+01   0.5568986E+01   0.1195582E+05   0.5492548E+01
   0.2517193E+00   0.6332696E+04   0.2242473E-01   0.1182023E+00   0.1040748E+01   0.5056162E-01   0.3093461E+01   0.3029742E+01   0.9654031E+00   0.1000482E+01   0.2474551E+03   0.4842998E+02   0.1052007E+03   0.3669968E+02   0.1025972E+01   0.4597523E+00   0.9541867E+00   0.6548342E+00   0.7961767E+01   0.8953989E+00   0.1187029E+01   0.1001958E+01   0.8069723E+00   0.9971022E+00   0.1000856E+01   0.9976805E+00   0.9942824E+00   0.6853333E+02   0.6992171E+00   0.3007829E+00   0.1412722E+00   0.6451439E-03   0.9681853E-01   0.7975910E+00   0.7986310E+00   0.4374282E+00   0.5906681E+00   0.9634503E+00   0.1009275E+03   0.2401210E+01   0.7261658E+01   0.2069189E+01   0.1870178E+01   0.1228483E+04   0.5753490E+04   0.2525176E+04   0.8105549E+03   0.2280681E+03   0.9654031E+00   0.2460496E+00   0.2473785E+00   0.2591722E+01   0.1374001E+02   0.1089740E+04   0.1446173E+03   0.1040902E+01   0.1389346E+02   0.1059971E+04   0.1472678E+03   0.1405389E+00   0.1608951E+00   0.3339260E+04   0.1022424E-01   0.8247751E+00   0.4553259E+00   0.7371039E+02   0.6333411E+03   0.8365445E+02   0.1513044E+04   0.9027645E+02   0.1961700E+04   0.9582351E+02   0.2284090E+04   0.2355740E+03   0.5737969E+04   0.4427801E+00   0.7380761E+00   0.4631922E+00   0.6554140E+00   0.4630632E+00   0.6138441E+00   0.4590233E+00   0.5843870E+00   0.2950772E+00   0.3046938E+00   0.3539556E+02   0.1088429E+03   0.3442531E+02   0.1179695E+02   0.3957305E+03   0.2312621E+02   0.1151827E+05   0.7065309E+03   0.8076580E-02   0.2040338E+01   0.3388316E+01   0.4495716E+01   0.1194893E+05   0.5436730E+01
   0.9458906E+00   0.6327034E+04   0.2234674E-01   0.1185751E+00   0.1041014E+01   0.6014651E-01   0.3082316E+01   0.3050639E+01   0.9678933E+00   0.1000164E+01   0.2468261E+03   0.3249650E+02   0.9278118E+02   0.3874260E+02   0.3697995E+01   0.6063862E+00   0.4085582E+00   0.2412568E+00   0.7536086E+01   0.8568673E+00   0.9884385E+00   0.1071677E+01   0.1237103E+01   0.9980091E+00   0.1001463E+01   0.1002881E+01   0.9916976E+00   0.6829163E+02   0.6964522E+00   0.3035478E+00   0.1415670E+00   0.6451439E-03   0.9667839E-01   0.8089337E+00   0.8137029E+00   0.4456834E+00   0.6004401E+00   0.9788795E+00   0.1006011E+03   0.2426996E+01   0.8253479E+01   0.2112884E+01   0.1873411E+01   0.1224972E+04   0.5731087E+04   0.2530166E+04   0.8132862E+03   0.2292727E+03   0.9678933E+00   0.2458711E+00   0.2471993E+00   0.2602437E+01   0.1375316E+02   0.1089859E+04   0.1446361E+03   0.1041181E+01   0.1389153E+02   0.1059818E+04   0.1473110E+03   0.1404760E+00   0.1609895E+00   0.3351245E+04   0.1025329E-01   0.8225520E+00   0.4542324E+00   0.7349843E+02   0.6353656E+03   0.8348729E+02   0.1517217E+04   0.9013490E+02   0.1966674E+04   0.9570141E+02   0.2289522E+04   0.2357291E+03   0.5743811E+04   0.4508854E+00   0.7482955E+00   0.4709761E+00   0.6641824E+00   0.4705184E+00   0.6219284E+00   0.4661966E+00   0.5920038E+00   0.2988120E+00   0.3084210E+00   0.3025072E+02   0.1062516E+03   0.3220270E+02   0.9111451E+01   0.3975242E+03   0.2300912E+02   0.1150710E+05   0.7065688E+03   0.5977181E-03   0.1819430E+01   0.3423818E+01   0.5508748E+01   0.1193675E+05   0.5243845E+01
   0.6701219E+00   0.6329523E+04   0.2219473E-01   0.1194582E+00   0.1040933E+01   0.5164029E-01   0.3069955E+01   0.3032684E+01   0.9666603E+00   0.9992937E+00   0.2538382E+03   0.2936249E+02   0.8253045E+02   0.4874012E+02   0.1050531E+01   0.6007698E+00   0.6076829E+00   0.7741891E+00   0.9778932E+01   0.1259886E+01   0.1076469E+01   0.7221576E+00   0.8009673E+00   0.9976457E+00   0.9993770E+00   0.9888853E+00   0.9927811E+00   0.6768372E+02   0.6893791E+00   0.3106209E+00   0.1422981E+00   0.6451439E-03   0.9631264E-01   0.8052548E+00   0.8193850E+00   0.4487957E+00   0.6011613E+00   0.9787938E+00   0.9970445E+02   0.2419761E+01   0.7438660E+01   0.2075286E+01   0.1871647E+01   0.1219872E+04   0.5694548E+04   0.2525341E+04   0.8116029E+03   0.2285936E+03   0.9666603E+00   0.2456441E+00   0.2469715E+00   0.2627293E+01   0.1378753E+02   0.1090118E+04   0.1445853E+03   0.1041123E+01   0.1388744E+02   0.1059513E+04   0.1473094E+03   0.1404091E+00   0.1611137E+00   0.3374211E+04   0.1031501E-01   0.8178718E+00   0.4519026E+00   0.7295775E+02   0.6405892E+03   0.8306043E+02   0.1527970E+04   0.8977284E+02   0.1979486E+04   0.9538848E+02   0.2303513E+04   0.2361097E+03   0.5759004E+04   0.4534309E+00   0.7441864E+00   0.4718497E+00   0.6597576E+00   0.4705577E+00   0.6174619E+00   0.4656842E+00   0.5875519E+00   0.2962807E+00   0.3054906E+00   0.2866257E+02   0.1062101E+03   0.3200737E+02   0.9645949E+01   0.3957577E+03   0.2282342E+02   0.1151133E+05   0.7067236E+03   0.2544721E-01   0.1279349E+01   0.4278717E+01   0.7183347E+01   0.1193956E+05   0.5583513E+01
   0.8042962E+00   0.6327365E+04   0.2242917E-01   0.1222615E+00   0.1040577E+01   0.4957261E-01   0.3273918E+01   0.3043665E+01   0.9727490E+00   0.1001797E+01   0.2585846E+03   0.4314736E+02   0.1012559E+03   0.4141694E+02   0.8752846E+00   0.6429627E+00   0.4638934E+00   0.9159853E+00   0.8896452E+01   0.8878099E+00   0.7504182E+00   0.9100003E+00   0.8661025E+00   0.9971741E+00   0.1003024E+01   0.9998481E+00   0.9983348E+00   0.6913391E+02   0.6959182E+00   0.3040818E+00   0.1453358E+00   0.6451439E-03   0.1004763E+00   0.8135332E+00   0.8190489E+00   0.4486116E+00   0.6041195E+00   0.9784299E+00   0.1004611E+03   0.2412819E+01   0.7240295E+01   0.2098200E+01   0.1900153E+01   0.1223755E+04   0.5755011E+04   0.2547161E+04   0.8164504E+03   0.2292393E+03   0.9727490E+00   0.2484193E+00   0.2497568E+00   0.2653053E+01   0.1357912E+02   0.1090265E+04   0.1426951E+03   0.1040604E+01   0.1371272E+02   0.1060429E+04   0.1453138E+03   0.1419397E+00   0.1614069E+00   0.3354998E+04   0.1039530E-01   0.8218943E+00   0.4538208E+00   0.7441160E+02   0.6276081E+03   0.8453960E+02   0.1498560E+04   0.9127893E+02   0.1942402E+04   0.9692185E+02   0.2261195E+04   0.2388283E+03   0.5671193E+04   0.4537942E+00   0.7524905E+00   0.4738694E+00   0.6678388E+00   0.4733404E+00   0.6253237E+00   0.4689472E+00   0.5952179E+00   0.3003839E+00   0.3100334E+00   0.3207054E+02   0.1105661E+03   0.3435722E+02   0.9426964E+01   0.3957694E+03   0.2237355E+02   0.1150789E+05   0.7065776E+03   0.3884673E-04   0.1747772E+01   0.3547635E+01   0.7399874E+01   0.1193546E+05   0.5295446E+01
   0.1061957E+01   0.6331702E+04   0.2265828E-01   0.1225723E+00   0.1040046E+01   0.6097285E-01   0.3274990E+01   0.3065423E+01   0.9708817E+00   0.1002051E+01   0.2530465E+03   0.3885965E+02   0.1014153E+03   0.4438746E+02   0.2673549E+01   0.4748130E+00   0.8286833E+00   0.3232371E+00   0.6558731E+01   0.1059879E+01   0.1021744E+01   0.8987715E+00   0.8650038E+00   0.9978648E+00   0.1001825E+01   0.9988286E+00   0.9866200E+00   0.6905334E+02   0.6940761E+00   0.3059239E+00   0.1458757E+00   0.6451439E-03   0.1007320E+00   0.8213905E+00   0.8294606E+00   0.4543143E+00   0.6108759E+00   0.9884559E+00   0.1001146E+03   0.2445519E+01   0.8351135E+01   0.2144353E+01   0.1898174E+01   0.1231422E+04   0.5771978E+04   0.2541306E+04   0.8147159E+03   0.2292799E+03   0.9708817E+00   0.2485204E+00   0.2498583E+00   0.2611532E+01   0.1357219E+02   0.1090003E+04   0.1424419E+03   0.1040053E+01   0.1369564E+02   0.1060963E+04   0.1449815E+03   0.1424709E+00   0.1610058E+00   0.3367049E+04   0.1043336E-01   0.8199180E+00   0.4526050E+00   0.7435340E+02   0.6282322E+03   0.8452374E+02   0.1499606E+04   0.9128834E+02   0.1943466E+04   0.9695105E+02   0.2262194E+04   0.2392100E+03   0.5668522E+04   0.4594137E+00   0.7595679E+00   0.4792596E+00   0.6739099E+00   0.4785007E+00   0.6309207E+00   0.4739112E+00   0.6004910E+00   0.3029675E+00   0.3126130E+00   0.3162208E+02   0.1110576E+03   0.3301450E+02   0.8837173E+01   0.3978221E+03   0.2297380E+02   0.1151762E+05   0.7066116E+03   0.6377833E-02   0.1472759E+01   0.3957548E+01   0.4108358E+01   0.1194725E+05   0.5436685E+01
   0.1213140E+01   0.6328195E+04   0.2248619E-01   0.1185768E+00   0.1040605E+01   0.5925617E-01   0.3066750E+01   0.3053680E+01   0.9675433E+00   0.1001693E+01   0.2502178E+03   0.3393259E+02   0.1012594E+03   0.4004580E+02   0.3642763E+01   0.6275819E+00   0.7249138E+00   0.5364976E+00   0.3793265E+01   0.1251747E+01   0.9635198E+00   0.1052604E+01   0.1060198E+01   0.9982598E+00   0.1002224E+01   0.9934497E+00   0.9891262E+00   0.6808655E+02   0.6943163E+00   0.3056837E+00   0.1417082E+00   0.6451439E-03   0.9648419E-01   0.8095709E+00   0.8172038E+00   0.4476009E+00   0.6019674E+00   0.9811247E+00   0.1002466E+03   0.2434212E+01   0.8128357E+01   0.2119318E+01   0.1882465E+01   0.1231616E+04   0.5768496E+04   0.2542995E+04   0.8184469E+03   0.2311566E+03   0.9675433E+00   0.2457167E+00   0.2470443E+00   0.2571472E+01   0.1376752E+02   0.1089670E+04   0.1446068E+03   0.1040767E+01   0.1389426E+02   0.1060123E+04   0.1472340E+03   0.1407235E+00   0.1606749E+00   0.3361597E+04   0.1027425E-01   0.8207130E+00   0.4531576E+00   0.7331292E+02   0.6371278E+03   0.8333339E+02   0.1520908E+04   0.8999875E+02   0.1971119E+04   0.9557858E+02   0.2294419E+04   0.2357771E+03   0.5750068E+04   0.4526408E+00   0.7486703E+00   0.4722699E+00   0.6642780E+00   0.4715579E+00   0.6219191E+00   0.4670589E+00   0.5919337E+00   0.2986905E+00   0.3081970E+00   0.2588865E+02   0.1074128E+03   0.3050921E+02   0.8575739E+01   0.3971712E+03   0.2315299E+02   0.1151093E+05   0.7066068E+03   0.2452155E-02   0.1607985E+01   0.3711368E+01   0.4634426E+01   0.1193983E+05   0.5321805E+01
   0.9546736E+00   0.6328144E+04   0.2260328E-01   0.1220768E+00   0.1040339E+01   0.5783103E-01   0.3295782E+01   0.3056916E+01   0.9777252E+00   0.1000291E+01   0.2441622E+03   0.4309739E+02   0.1105774E+03   0.3859975E+02   0.5695015E+01   0.6688506E+00   0.8941143E+00   0.7434614E+00   0.2954760E+01   0.9756864E+00   0.1147204E+01   0.9550838E+00   0.9355332E+00   0.9974104E+00   0.1001038E+01   0.1000903E+01   0.9923683E+00   0.6951843E+02   0.6992948E+00   0.3007052E+00   0.1453252E+00   0.6451439E-03   0.1010278E+00   0.8183197E+00   0.8192809E+00   0.4487387E+00   0.6059799E+00   0.9814610E+00   0.1008486E+03   0.2413149E+01   0.8049011E+01   0.2126188E+01   0.1893958E+01   0.1212074E+04   0.5735008E+04   0.2541824E+04   0.8167183E+03   0.2298332E+03   0.9777252E+00   0.2487682E+00   0.2501070E+00   0.2628602E+01   0.1354617E+02   0.1090048E+04   0.1425062E+03   0.1040342E+01   0.1369802E+02   0.1060810E+04   0.1450674E+03   0.1422573E+00   0.1612194E+00   0.3345221E+04   0.1037977E-01   0.8240077E+00   0.4547850E+00   0.7476976E+02   0.6243614E+03   0.8485434E+02   0.1491613E+04   0.9157005E+02   0.1933928E+04   0.9719568E+02   0.2251765E+04   0.2389326E+03   0.5657010E+04   0.4542062E+00   0.7572633E+00   0.4751635E+00   0.6724572E+00   0.4750395E+00   0.6298078E+00   0.4709006E+00   0.5995852E+00   0.3027270E+00   0.3126123E+00   0.2956395E+02   0.1074642E+03   0.3155862E+02   0.9131717E+01   0.3966504E+03   0.2181861E+02   0.1151320E+05   0.7065301E+03   0.5252892E-02   0.1965459E+01   0.3439926E+01   0.3550103E+01   0.1194080E+05   0.5410638E+01
   0.4957451E+00   0.6333646E+04   0.2254330E-01   0.1160247E+00   0.1041218E+01   0.5628186E-01   0.2958265E+01   0.3036435E+01   0.9697380E+00   0.1000116E+01   0.2103593E+03   0.2687375E+02   0.9480718E+02   0.3867924E+02   0.3454755E+01   0.4642485E+00   0.6332359E+00   0.2510447E+00   0.6276765E+01   0.9215465E+00   0.8568361E+00   0.1081617E+01   0.1153582E+01   0.9957314E+00   0.1001983E+01   0.1002459E+01   0.9971852E+00   0.6798035E+02   0.6987594E+00   0.3012406E+00   0.1392131E+00   0.6451439E-03   0.9463758E-01   0.7980911E+00   0.7997395E+00   0.4380354E+00   0.5912632E+00   0.9679674E+00   0.1008896E+03   0.2400426E+01   0.7765198E+01   0.2083084E+01   0.1861320E+01   0.1215244E+04   0.5730698E+04   0.2532083E+04   0.8188527E+03   0.2320608E+03   0.9697380E+00   0.2442786E+00   0.2456010E+00   0.2524303E+01   0.1384580E+02   0.1089272E+04   0.1457825E+03   0.1041448E+01   0.1399806E+02   0.1059971E+04   0.1484099E+03   0.1399528E+00   0.1603617E+00   0.3350799E+04   0.1016663E-01   0.8232511E+00   0.4544498E+00   0.7312428E+02   0.6384499E+03   0.8300117E+02   0.1525140E+04   0.8957776E+02   0.1977312E+04   0.9508645E+02   0.2302208E+04   0.2338357E+03   0.5782203E+04   0.4433622E+00   0.7384963E+00   0.4636918E+00   0.6557406E+00   0.4635114E+00   0.6141308E+00   0.4594337E+00   0.5846481E+00   0.2952076E+00   0.3047978E+00   0.2591233E+02   0.1061283E+03   0.2862201E+02   0.1043609E+02   0.3962159E+03   0.2224403E+02   0.1151892E+05   0.7065363E+03   0.6868792E-02   0.1965459E+01   0.3376941E+01   0.7587532E+01   0.1194782E+05   0.5349269E+01
   0.1034048E+01   0.6328292E+04   0.2239154E-01   0.1157379E+00   0.1041417E+01   0.6207345E-01   0.2894558E+01   0.3044927E+01   0.9673979E+00   0.9986733E+00   0.2023113E+03   0.3256949E+02   0.1090154E+03   0.3600585E+02   0.5960081E+01   0.5284375E+00   0.5974204E+00   0.1186285E-01   0.1822319E+01   0.9776342E+00   0.7586026E+00   0.8995842E+00   0.8298572E+00   0.9970498E+00   0.9988584E+00   0.9951687E+00   0.9922736E+00   0.6726990E+02   0.6933320E+00   0.3066680E+00   0.1387746E+00   0.6451439E-03   0.9335353E-01   0.8026025E+00   0.8114730E+00   0.4444621E+00   0.5972658E+00   0.9785660E+00   0.1002253E+03   0.2424176E+01   0.8354187E+01   0.2100850E+01   0.1855576E+01   0.1216551E+04   0.5702942E+04   0.2527133E+04   0.8176532E+03   0.2320298E+03   0.9673979E+00   0.2433556E+00   0.2446747E+00   0.2529155E+01   0.1392201E+02   0.1089372E+04   0.1463058E+03   0.1041703E+01   0.1404487E+02   0.1059551E+04   0.1489899E+03   0.1394857E+00   0.1603624E+00   0.3369358E+04   0.1017859E-01   0.8195430E+00   0.4526342E+00   0.7245074E+02   0.6447808E+03   0.8237889E+02   0.1538939E+04   0.8898136E+02   0.1994332E+04   0.9450784E+02   0.2321311E+04   0.2332925E+03   0.5814706E+04   0.4493927E+00   0.7421325E+00   0.4686411E+00   0.6583747E+00   0.4678226E+00   0.6163500E+00   0.4632852E+00   0.5866071E+00   0.2959867E+00   0.3053502E+00   0.2711909E+02   0.1021633E+03   0.2705933E+02   0.8875135E+01   0.3980875E+03   0.2272732E+02   0.1150921E+05   0.7066269E+03   0.2657324E-02   0.1607985E+01   0.3628723E+01   0.5819814E+01   0.1193890E+05   0.5239366E+01
   0.4257082E+00   0.6325930E+04   0.2232914E-01   0.1164750E+00   0.1041519E+01   0.5372239E-01   0.2950351E+01   0.3030152E+01   0.9682722E+00   0.9994304E+00   0.2518843E+03   0.3374538E+02   0.8620126E+02   0.4942132E+02   0.4105958E+01   0.6819637E+00   0.5641404E+00   0.1904892E+00   0.2474487E+01   0.1003583E+01   0.1068761E+01   0.9288657E+00   0.1138720E+01   0.9972637E+00   0.1003034E+01   0.9965442E+00   0.9912376E+00   0.6764709E+02   0.6952680E+00   0.3047320E+00   0.1394493E+00   0.6451439E-03   0.9433339E-01   0.7981627E+00   0.8044328E+00   0.4406060E+00   0.5930221E+00   0.9704359E+00   0.1005025E+03   0.2402351E+01   0.7563782E+01   0.2070038E+01   0.1859155E+01   0.1213654E+04   0.5700278E+04   0.2527221E+04   0.8162688E+03   0.2309752E+03   0.9682722E+00   0.2440899E+00   0.2454116E+00   0.2560028E+01   0.1386909E+02   0.1089567E+04   0.1458701E+03   0.1041772E+01   0.1400211E+02   0.1059513E+04   0.1485689E+03   0.1396564E+00   0.1606555E+00   0.3360125E+04   0.1018943E-01   0.8211712E+00   0.4535344E+00   0.7282415E+02   0.6413347E+03   0.8275267E+02   0.1531182E+04   0.8935831E+02   0.1984587E+04   0.9488883E+02   0.2310220E+04   0.2339207E+03   0.5792368E+04   0.4456608E+00   0.7382166E+00   0.4652260E+00   0.6551097E+00   0.4646368E+00   0.6133802E+00   0.4602782E+00   0.5838345E+00   0.2946570E+00   0.3040697E+00   0.2778485E+02   0.1058750E+03   0.3206159E+02   0.1068806E+02   0.3958986E+03   0.2233312E+02   0.1150598E+05   0.7065889E+03   0.2793711E-04   0.1747772E+01   0.3426156E+01   0.5195608E+01   0.1193490E+05   0.5173956E+01
   0.5469317E+00   0.6334939E+04   0.2233600E-01   0.1181715E+00   0.1041475E+01   0.5284739E-01   0.2991123E+01   0.3027829E+01   0.9648508E+00   0.9973004E+00   0.2151970E+03   0.2823005E+02   0.1036916E+03   0.3687674E+02   0.6954461E+00   0.3664489E+00   0.6102332E+00   0.1184042E+00   0.9695299E+01   0.7674727E+00   0.8410190E+00   0.9013503E+00   0.8341834E+00   0.9975266E+00   0.1000889E+01   0.9943668E+00   0.9904804E+00   0.6751526E+02   0.6903401E+00   0.3096599E+00   0.1411526E+00   0.6451439E-03   0.9529954E-01   0.8006830E+00   0.8134717E+00   0.4455568E+00   0.5972853E+00   0.9744501E+00   0.9985191E+02   0.2416022E+01   0.7505798E+01   0.2065235E+01   0.1858091E+01   0.1218119E+04   0.5685064E+04   0.2515282E+04   0.8104236E+03   0.2289528E+03   0.9648508E+00   0.2446444E+00   0.2459682E+00   0.2572874E+01   0.1383421E+02   0.1089748E+04   0.1452090E+03   0.1041694E+01   0.1393970E+02   0.1059666E+04   0.1478953E+03   0.1402081E+00   0.1607397E+00   0.3382609E+04   0.1028599E-01   0.8171040E+00   0.4514066E+00   0.7275819E+02   0.6422779E+03   0.8280860E+02   0.1532226E+04   0.8948772E+02   0.1985147E+04   0.9507616E+02   0.2310224E+04   0.2351863E+03   0.5778392E+04   0.4502629E+00   0.7400546E+00   0.4687868E+00   0.6561973E+00   0.4676124E+00   0.6141726E+00   0.4628416E+00   0.5844485E+00   0.2947606E+00   0.3039594E+00   0.2801026E+02   0.1079269E+03   0.2916699E+02   0.1007811E+02   0.3958793E+03   0.2307644E+02   0.1152244E+05   0.7066978E+03   0.1680937E-01   0.1342563E+01   0.4039718E+01   0.6303120E+01   0.1195148E+05   0.5399091E+01
   0.3338606E+00   0.6335222E+04   0.2218634E-01   0.1150252E+00   0.1041513E+01   0.4973472E-01   0.2853290E+01   0.3021278E+01   0.9630842E+00   0.1001238E+01   0.2633845E+03   0.3539217E+02   0.8339763E+02   0.4270074E+02   0.2959666E+01   0.2994315E+00   0.8858258E+00   0.1212132E+00   0.7708548E+01   0.9064162E+00   0.1253355E+01   0.1009159E+01   0.1027051E+01   0.9985534E+00   0.1001126E+01   0.9972206E+00   0.9921057E+00   0.6690369E+02   0.6920162E+00   0.3079838E+00   0.1378567E+00   0.6451439E-03   0.9223124E-01   0.7916829E+00   0.8021481E+00   0.4393546E+00   0.5897707E+00   0.9678905E+00   0.1001129E+03   0.2405499E+01   0.7148743E+01   0.2051749E+01   0.1857484E+01   0.1224174E+04   0.5721394E+04   0.2532245E+04   0.8178338E+03   0.2315088E+03   0.9630842E+00   0.2427031E+00   0.2440198E+00   0.2553121E+01   0.1398140E+02   0.1089523E+04   0.1468736E+03   0.1041849E+01   0.1409740E+02   0.1058979E+04   0.1496374E+03   0.1388266E+00   0.1605233E+00   0.3366002E+04   0.1013967E-01   0.8196232E+00   0.4528320E+00   0.7207764E+02   0.6482151E+03   0.8198897E+02   0.1546813E+04   0.8857826E+02   0.2004325E+04   0.9409278E+02   0.2332769E+04   0.2324784E+03   0.5839670E+04   0.4441215E+00   0.7319079E+00   0.4628210E+00   0.6491638E+00   0.4618618E+00   0.6076689E+00   0.4572823E+00   0.5783089E+00   0.2917541E+00   0.3009229E+00   0.3295127E+02   0.1047247E+03   0.3088091E+02   0.1110681E+02   0.3956807E+03   0.2287606E+02   0.1152484E+05   0.7066563E+03   0.5402021E-02   0.1539698E+01   0.3676125E+01   0.4067525E+01   0.1195450E+05   0.5221226E+01
   0.9889426E+00   0.6328893E+04   0.2207546E-01   0.1163963E+00   0.1041214E+01   0.5761260E-01   0.2820160E+01   0.3042637E+01   0.9590548E+00   0.1002597E+01   0.2173578E+03   0.4527274E+02   0.9805993E+02   0.3788735E+02   0.5767989E+01   0.6588987E+00   0.8908874E+00   0.8415704E+00   0.3128627E+01   0.1299928E+01   0.1140706E+01   0.1099945E+01   0.1121229E+01   0.9967589E+00   0.1000750E+01   0.9929749E+00   0.9841294E+00   0.6583801E+02   0.6790581E+00   0.3209419E+00   0.1391169E+00   0.6451439E-03   0.9159179E-01   0.8049437E+00   0.8325648E+00   0.4560146E+00   0.6058597E+00   0.9920353E+00   0.9846701E+02   0.2460999E+01   0.7994080E+01   0.2096044E+01   0.1867922E+01   0.1237134E+04   0.5722175E+04   0.2539848E+04   0.8198273E+03   0.2324521E+03   0.9590548E+00   0.2422009E+00   0.2435157E+00   0.2562237E+01   0.1404414E+02   0.1089751E+04   0.1467634E+03   0.1041574E+01   0.1409054E+02   0.1058788E+04   0.1495595E+03   0.1389507E+00   0.1604579E+00   0.3412510E+04   0.1025622E-01   0.8107028E+00   0.4482459E+00   0.7113226E+02   0.6577940E+03   0.8124501E+02   0.1566467E+04   0.8794848E+02   0.2027707E+04   0.9354934E+02   0.2358279E+04   0.2331453E+03   0.5867280E+04   0.4598211E+00   0.7428939E+00   0.4759286E+00   0.6575158E+00   0.4734377E+00   0.6149121E+00   0.4677533E+00   0.5848471E+00   0.2945511E+00   0.3032534E+00   0.3006867E+02   0.1042854E+03   0.3068645E+02   0.8496246E+01   0.3969709E+03   0.2389404E+02   0.1150448E+05   0.7070950E+03   0.1694309E+00   0.6715329E+00   0.7140505E+01   0.8866996E+01   0.1193384E+05   0.7981469E+01
   0.7647282E+00   0.6335115E+04   0.2204735E-01   0.1182999E+00   0.1041122E+01   0.5421828E-01   0.2906935E+01   0.3042627E+01   0.9610488E+00   0.1002196E+01   0.1849244E+03   0.4160745E+02   0.9850783E+02   0.3988586E+02   0.5617412E+01   0.8124351E+00   0.6964415E+00   0.9506861E+00   0.2808597E+01   0.1482330E+01   0.9192639E+00   0.1024601E+01   0.1146515E+01   0.9969089E+00   0.1000680E+01   0.9965703E+00   0.9863396E+00   0.6613098E+02   0.6776068E+00   0.3223932E+00   0.1409924E+00   0.6451439E-03   0.9323968E-01   0.8093662E+00   0.8390298E+00   0.4595556E+00   0.6098760E+00   0.9952739E+00   0.9828227E+02   0.2460943E+01   0.7698059E+01   0.2096024E+01   0.1880628E+01   0.1236725E+04   0.5723898E+04   0.2546637E+04   0.8205646E+03   0.2321524E+03   0.9610488E+00   0.2433816E+00   0.2447008E+00   0.2598128E+01   0.1396410E+02   0.1090042E+04   0.1458274E+03   0.1041424E+01   0.1400269E+02   0.1058941E+04   0.1486176E+03   0.1395594E+00   0.1607605E+00   0.3417676E+04   0.1033326E-01   0.8097074E+00   0.4477459E+00   0.7147195E+02   0.6547745E+03   0.8166987E+02   0.1558924E+04   0.8842761E+02   0.2017714E+04   0.9407279E+02   0.2346470E+04   0.2346696E+03   0.5833982E+04   0.4632480E+00   0.7468327E+00   0.4791141E+00   0.6608464E+00   0.4764400E+00   0.6179627E+00   0.4706102E+00   0.5877088E+00   0.2959243E+00   0.3046152E+00   0.2667263E+02   0.1045681E+03   0.3118907E+02   0.8944746E+01   0.3961785E+03   0.2380082E+02   0.1151470E+05   0.7071607E+03   0.2020630E+00   0.5804309E+00   0.7775253E+01   0.1088879E+02   0.1194362E+05   0.8557747E+01
   0.6976372E+00   0.6332313E+04   0.2204831E-01   0.1194479E+00   0.1040874E+01   0.4985918E-01   0.2943745E+01   0.3034962E+01   0.9595437E+00   0.1001550E+01   0.2457841E+03   0.5093994E+02   0.8663666E+02   0.4889746E+02   0.3239950E+01   0.7954840E+00   0.5410081E+00   0.9259792E+00   0.2777909E+01   0.1044569E+01   0.8911980E+00   0.9049059E+00   0.1064238E+01   0.9982205E+00   0.1003480E+01   0.9896637E+00   0.9984221E+00   0.6607971E+02   0.6744751E+00   0.3255249E+00   0.1421414E+00   0.6451439E-03   0.9392661E-01   0.8082352E+00   0.8419170E+00   0.4611369E+00   0.6104974E+00   0.9942686E+00   0.9787589E+02   0.2459988E+01   0.7267761E+01   0.2080018E+01   0.1882609E+01   0.1238545E+04   0.5719614E+04   0.2542170E+04   0.8178177E+03   0.2310138E+03   0.9595437E+00   0.2438833E+00   0.2452043E+00   0.2610934E+01   0.1393699E+02   0.1090181E+04   0.1453364E+03   0.1041147E+01   0.1395925E+02   0.1059055E+04   0.1481179E+03   0.1399371E+00   0.1608255E+00   0.3428394E+04   0.1039171E-01   0.8076579E+00   0.4466681E+00   0.7146416E+02   0.6550779E+03   0.8174093E+02   0.1558881E+04   0.8854615E+02   0.2017163E+04   0.9422878E+02   0.2345427E+04   0.2355329E+03   0.5822948E+04   0.4645630E+00   0.7454833E+00   0.4796938E+00   0.6593208E+00   0.4766582E+00   0.6164000E+00   0.4705909E+00   0.5861388E+00   0.2950091E+00   0.3035500E+00   0.3050064E+02   0.1053747E+03   0.3240870E+02   0.8975452E+01   0.3957537E+03   0.2406656E+02   0.1151297E+05   0.7073137E+03   0.2849602E+00   0.4556106E+00   0.9391663E+01   0.5414690E+01   0.1194176E+05   0.1013223E+02
   0.7182775E+00   0.6330585E+04   0.2201588E-01   0.1180980E+00   0.1041088E+01   0.5606664E-01   0.2889421E+01   0.3043984E+01   0.9632349E+00   0.1002370E+01   0.1859194E+03   0.4159256E+02   0.1233082E+03   0.3497206E+02   0.7753235E+01   0.8934788E+00   0.6705291E+00   0.8642780E+00   0.6271075E+00   0.9038403E+00   0.8722194E+00   0.1007377E+01   0.9571179E+00   0.9974777E+00   0.1001823E+01   0.9985635E+00   0.9866742E+00   0.6596252E+02   0.6764946E+00   0.3235054E+00   0.1407590E+00   0.6451439E-03   0.9284818E-01   0.8105112E+00   0.8416648E+00   0.4609988E+00   0.6112648E+00   0.9979537E+00   0.9814978E+02   0.2459662E+01   0.7890320E+01   0.2098870E+01   0.1876233E+01   0.1228150E+04   0.5696002E+04   0.2543889E+04   0.8210246E+03   0.2325605E+03   0.9632349E+00   0.2431283E+00   0.2444465E+00   0.2597886E+01   0.1398637E+02   0.1090047E+04   0.1459953E+03   0.1041403E+01   0.1401910E+02   0.1058865E+04   0.1487963E+03   0.1394157E+00   0.1607378E+00   0.3420186E+04   0.1032845E-01   0.8091362E+00   0.4474690E+00   0.7130531E+02   0.6563885E+03   0.8150822E+02   0.1562490E+04   0.8826755E+02   0.2022150E+04   0.9391327E+02   0.2351484E+04   0.2344424E+03   0.5843389E+04   0.4646178E+00   0.7477793E+00   0.4802499E+00   0.6615648E+00   0.4774404E+00   0.6185857E+00   0.4715136E+00   0.5882712E+00   0.2961675E+00   0.3048178E+00   0.2593186E+02   0.1085960E+03   0.3204198E+02   0.9017495E+01   0.3965451E+03   0.2314363E+02   0.1151039E+05   0.7072133E+03   0.2278082E+00   0.5372448E+00   0.8256947E+01   0.5841838E+01   0.1193909E+05   0.9022000E+01
   0.6863375E+00   0.6333587E+04   0.2204258E-01   0.1171807E+00   0.1041362E+01   0.4991814E-01   0.2759205E+01   0.3028535E+01   0.9482651E+00   0.1001943E+01   0.2918138E+03   0.4217869E+02   0.9187243E+02   0.3935685E+02   0.2459119E+01   0.6875560E+00   0.3792864E+00   0.9182164E+00   0.8521439E+01   0.9458371E+00   0.9221496E+00   0.1013451E+01   0.1199439E+01   0.9992370E+00   0.1001859E+01   0.9995734E+00   0.9927612E+00   0.6487122E+02   0.6676348E+00   0.3323652E+00   0.1398684E+00   0.6451439E-03   0.9073432E-01   0.8008604E+00   0.8429541E+00   0.4617050E+00   0.6080800E+00   0.9943306E+00   0.9711145E+02   0.2484383E+01   0.7218933E+01   0.2066694E+01   0.1870328E+01   0.1260063E+04   0.5749225E+04   0.2537161E+04   0.8169439E+03   0.2315269E+03   0.9482651E+00   0.2413400E+00   0.2426516E+00   0.2546845E+01   0.1411297E+02   0.1089801E+04   0.1468970E+03   0.1041763E+01   0.1410080E+02   0.1058750E+04   0.1496988E+03   0.1390183E+00   0.1602634E+00   0.3460243E+04   0.1035567E-01   0.8023339E+00   0.4438926E+00   0.7026620E+02   0.6667548E+03   0.8053947E+02   0.1584996E+04   0.8733217E+02   0.2049879E+04   0.9299965E+02   0.2382593E+04   0.2334522E+03   0.5897055E+04   0.4645021E+00   0.7380373E+00   0.4779719E+00   0.6520423E+00   0.4741905E+00   0.6093126E+00   0.4676607E+00   0.5792259E+00   0.2913035E+00   0.2994623E+00   0.3159591E+02   0.1061724E+03   0.3258409E+02   0.8622094E+01   0.3957573E+03   0.2635408E+02   0.1151136E+05   0.7076997E+03   0.4736877E+00   0.2234986E+00   0.1274741E+02   0.3939683E+01   0.1194209E+05   0.1344460E+02
   0.8980801E+00   0.6328425E+04   0.2189869E-01   0.1161933E+00   0.1041352E+01   0.5125940E-01   0.2781503E+01   0.3027574E+01   0.9546464E+00   0.1001432E+01   0.2188108E+03   0.3747841E+02   0.1043241E+03   0.3899686E+02   0.5437259E+01   0.5103767E+00   0.9674667E+00   0.4352712E+00   0.2423362E+01   0.1214506E+01   0.1194987E+01   0.1058945E+01   0.1092233E+01   0.9974399E+00   0.1001038E+01   0.1000686E+01   0.9961464E+00   0.6535828E+02   0.6752184E+00   0.3247816E+00   0.1387371E+00   0.6451439E-03   0.9067618E-01   0.7989910E+00   0.8313367E+00   0.4553419E+00   0.6031700E+00   0.9883064E+00   0.9805205E+02   0.2457264E+01   0.7377625E+01   0.2064707E+01   0.1863525E+01   0.1241684E+04   0.5712209E+04   0.2534297E+04   0.8167435E+03   0.2311956E+03   0.9546464E+00   0.2415815E+00   0.2428940E+00   0.2581647E+01   0.1409962E+02   0.1089921E+04   0.1471598E+03   0.1041755E+01   0.1412614E+02   0.1058331E+04   0.1500224E+03   0.1384924E+00   0.1605833E+00   0.3421463E+04   0.1025557E-01   0.8087111E+00   0.4473366E+00   0.7067558E+02   0.6623292E+03   0.8081944E+02   0.1576327E+04   0.8753780E+02   0.2039862E+04   0.9314845E+02   0.2371920E+04   0.2327171E+03   0.5890823E+04   0.4587905E+00   0.7370344E+00   0.4739265E+00   0.6519333E+00   0.4710164E+00   0.6095287E+00   0.4650793E+00   0.5796268E+00   0.2917844E+00   0.3002494E+00   0.2853507E+02   0.1066465E+03   0.2989612E+02   0.8508014E+01   0.3958202E+03   0.2461116E+02   0.1150647E+05   0.7072760E+03   0.2450701E+00   0.4956671E+00   0.8459917E+01   0.4967064E+01   0.1193541E+05   0.9200654E+01
   0.6775878E+00   0.6329389E+04   0.2202890E-01   0.1131608E+00   0.1041648E+01   0.5501353E-01   0.2696127E+01   0.3024701E+01   0.9594600E+00   0.1000688E+01   0.2734883E+03   0.3669154E+02   0.8162285E+02   0.4601781E+02   0.8386561E+00   0.6964586E+00   0.4719645E+00   0.8753069E+00   0.5677367E+01   0.1046091E+01   0.1158992E+01   0.8898022E+00   0.9981715E+00   0.9973155E+00   0.1000999E+01   0.9959266E+00   0.9903300E+00   0.6562927E+02   0.6846331E+00   0.3153669E+00   0.1358349E+00   0.6451439E-03   0.8914743E-01   0.7911642E+00   0.8111740E+00   0.4442983E+00   0.5928852E+00   0.9766025E+00   0.9921914E+02   0.2427008E+01   0.7673645E+01   0.2058786E+01   0.1844281E+01   0.1224358E+04   0.5691829E+04   0.2527971E+04   0.8189734E+03   0.2327504E+03   0.9594600E+00   0.2404493E+00   0.2417577E+00   0.2527070E+01   0.1415875E+02   0.1089393E+04   0.1483455E+03   0.1042096E+01   0.1423530E+02   0.1058369E+04   0.1511812E+03   0.1377517E+00   0.1602088E+00   0.3389828E+04   0.1010023E-01   0.8148530E+00   0.4504574E+00   0.7081729E+02   0.6603057E+03   0.8074460E+02   0.1573819E+04   0.8733338E+02   0.2038114E+04   0.9284224E+02   0.2371110E+04   0.2305411E+03   0.5914585E+04   0.4485220E+00   0.7307116E+00   0.4655828E+00   0.6473176E+00   0.4637708E+00   0.6056160E+00   0.4586137E+00   0.5761545E+00   0.2904026E+00   0.2991995E+00   0.2802951E+02   0.1028023E+03   0.3105100E+02   0.9474154E+01   0.3961699E+03   0.2324258E+02   0.1151282E+05   0.7068733E+03   0.6608932E-01   0.1038582E+01   0.5018154E+01   0.4074620E+01   0.1194171E+05   0.6122826E+01
   0.1273956E+01   0.6330408E+04   0.2229870E-01   0.1158802E+00   0.1041644E+01   0.6738028E-01   0.2914761E+01   0.3059229E+01   0.9669573E+00   0.1000182E+01   0.2646253E+03   0.2654620E+02   0.8856042E+02   0.4211229E+02   0.1140475E+01   0.7292958E+00   0.1986199E+00   0.7984877E-01   0.7096663E+01   0.9952198E+00   0.8340947E+00   0.8380198E+00   0.8900650E+00   0.9983738E+00   0.1000683E+01   0.1002982E+01   0.9992384E+00   0.6746033E+02   0.6949523E+00   0.3050477E+00   0.1388240E+00   0.6451439E-03   0.9365116E-01   0.8087048E+00   0.8154799E+00   0.4466568E+00   0.6010104E+00   0.9846135E+00   0.1004829E+03   0.2440443E+01   0.8891296E+01   0.2131112E+01   0.1862432E+01   0.1224009E+04   0.5720272E+04   0.2533686E+04   0.8183276E+03   0.2319529E+03   0.9669573E+00   0.2435928E+00   0.2449127E+00   0.2553399E+01   0.1390378E+02   0.1089518E+04   0.1462358E+03   0.1041922E+01   0.1403520E+02   0.1059361E+04   0.1489511E+03   0.1393766E+00   0.1605985E+00   0.3361257E+04   0.1016817E-01   0.8209482E+00   0.4534432E+00   0.7262484E+02   0.6431202E+03   0.8253538E+02   0.1535360E+04   0.8912853E+02   0.1989945E+04   0.9464833E+02   0.2316412E+04   0.2333844E+03   0.5806901E+04   0.4517799E+00   0.7479326E+00   0.4715267E+00   0.6636941E+00   0.4708887E+00   0.6214023E+00   0.4664446E+00   0.5914605E+00   0.2984981E+00   0.3080134E+00   0.2571297E+02   0.1024741E+03   0.2996747E+02   0.8490039E+01   0.4005970E+03   0.2307618E+02   0.1151440E+05   0.7065947E+03   0.2814304E-06   0.1747772E+01   0.3423298E+01   0.2490623E+01   0.1194656E+05   0.5171070E+01
   0.1232246E+01   0.6332780E+04   0.2236062E-01   0.1167923E+00   0.1041629E+01   0.6745228E-01   0.2954559E+01   0.3065871E+01   0.9680422E+00   0.1000678E+01   0.2062658E+03   0.4159109E+02   0.1192138E+03   0.3073960E+02   0.4545128E+01   0.9112664E+00   0.1746680E+00   0.9472411E+00   0.4806064E+00   0.1216312E+01   0.1106638E+01   0.9849554E+00   0.1083254E+01   0.9974955E+00   0.9998043E+00   0.1003529E+01   0.9957419E+00   0.6764709E+02   0.6945059E+00   0.3054941E+00   0.1397980E+00   0.6451439E-03   0.9456931E-01   0.8134168E+00   0.8208313E+00   0.4495878E+00   0.6047333E+00   0.9889825E+00   0.1004045E+03   0.2448118E+01   0.8903503E+01   0.2145314E+01   0.1874574E+01   0.1228567E+04   0.5745005E+04   0.2545409E+04   0.8218450E+03   0.2329395E+03   0.9680422E+00   0.2441600E+00   0.2454820E+00   0.2555599E+01   0.1385939E+02   0.1089560E+04   0.1457398E+03   0.1041881E+01   0.1398814E+02   0.1059628E+04   0.1484240E+03   0.1398130E+00   0.1606357E+00   0.3366642E+04   0.1021211E-01   0.8201653E+00   0.4529887E+00   0.7283662E+02   0.6412803E+03   0.8278697E+02   0.1530867E+04   0.8940598E+02   0.1984056E+04   0.9494713E+02   0.2309503E+04   0.2341884E+03   0.5788409E+04   0.4546784E+00   0.7522480E+00   0.4744461E+00   0.6674761E+00   0.4737545E+00   0.6249234E+00   0.4692504E+00   0.5947996E+00   0.3001596E+00   0.3097125E+00   0.2468739E+02   0.1021947E+03   0.2965433E+02   0.8548182E+01   0.4006688E+03   0.2323179E+02   0.1151765E+05   0.7066031E+03   0.2175826E-03   0.1677296E+01   0.3477563E+01   0.3699886E+01   0.1195010E+05   0.5155077E+01
   0.8393855E+00   0.6330511E+04   0.2214972E-01   0.1146097E+00   0.1041577E+01   0.5475583E-01   0.2822450E+01   0.3033957E+01   0.9617438E+00   0.1002045E+01   0.2131709E+03   0.4784480E+02   0.1035300E+03   0.4502425E+02   0.3682902E+01   0.9647303E+00   0.2901466E+00   0.9850719E+00   0.2117414E+01   0.1194575E+01   0.9405341E+00   0.7599199E+00   0.1008127E+01   0.9974825E+00   0.1000056E+01   0.9924865E+00   0.9880826E+00   0.6668030E+02   0.6909660E+00   0.3090340E+00   0.1374046E+00   0.6451439E-03   0.9162180E-01   0.7960417E+00   0.8079385E+00   0.4425261E+00   0.5935227E+00   0.9748483E+00   0.9999073E+02   0.2424926E+01   0.7661438E+01   0.2077929E+01   0.1862389E+01   0.1232145E+04   0.5742789E+04   0.2540775E+04   0.8206202E+03   0.2325174E+03   0.9617438E+00   0.2422627E+00   0.2435777E+00   0.2549165E+01   0.1401496E+02   0.1089498E+04   0.1471775E+03   0.1041937E+01   0.1412537E+02   0.1058865E+04   0.1499554E+03   0.1385897E+00   0.1604793E+00   0.3369231E+04   0.1012780E-01   0.8189588E+00   0.4525135E+00   0.7185279E+02   0.6503217E+03   0.8176074E+02   0.1551580E+04   0.8834619E+02   0.2010330E+04   0.9385674E+02   0.2339618E+04   0.2320637E+03   0.5853810E+04   0.4472476E+00   0.7358341E+00   0.4658170E+00   0.6525323E+00   0.4647294E+00   0.6107749E+00   0.4600407E+00   0.5812357E+00   0.2931937E+00   0.3023583E+00   0.2829110E+02   0.1057172E+03   0.3354588E+02   0.9237457E+01   0.3961261E+03   0.2338599E+02   0.1151484E+05   0.7066817E+03   0.9732381E-02   0.1472759E+01   0.3792439E+01   0.5474884E+01   0.1194359E+05   0.5274930E+01
   0.5596252E+00   0.6331336E+04   0.2231838E-01   0.1150267E+00   0.1041498E+01   0.5358576E-01   0.2835263E+01   0.3027737E+01   0.9634707E+00   0.1000558E+01   0.2442093E+03   0.2245709E+02   0.1021346E+03   0.3113593E+02   0.2668105E+01   0.6200385E+00   0.3791410E+00   0.5636797E-01   0.7190705E+01   0.8604881E+00   0.1055369E+01   0.1183129E+01   0.1185063E+01   0.9967476E+00   0.1001077E+01   0.9948226E+00   0.9847017E+00   0.6679382E+02   0.6907030E+00   0.3092970E+00   0.1379902E+00   0.6451439E-03   0.9216893E-01   0.7943232E+00   0.8065373E+00   0.4417587E+00   0.5923674E+00   0.9719168E+00   0.9991015E+02   0.2414846E+01   0.7514954E+01   0.2065045E+01   0.1855178E+01   0.1222926E+04   0.5718327E+04   0.2530392E+04   0.8186289E+03   0.2322658E+03   0.9634707E+00   0.2425105E+00   0.2438264E+00   0.2522099E+01   0.1398792E+02   0.1089338E+04   0.1468641E+03   0.1041833E+01   0.1409670E+02   0.1059284E+04   0.1495799E+03   0.1390524E+00   0.1602707E+00   0.3377671E+04   0.1016216E-01   0.8178501E+00   0.4518063E+00   0.7197822E+02   0.6492086E+03   0.8191059E+02   0.1548857E+04   0.8851186E+02   0.2006758E+04   0.9403544E+02   0.2335425E+04   0.2325490E+03   0.5842546E+04   0.4464532E+00   0.7342182E+00   0.4649214E+00   0.6510691E+00   0.4638040E+00   0.6093927E+00   0.4591036E+00   0.5799124E+00   0.2925114E+00   0.3016446E+00   0.2512283E+02   0.1051397E+03   0.3043066E+02   0.1004161E+02   0.3958899E+03   0.2291668E+02   0.1151545E+05   0.7066884E+03   0.1354630E-01   0.1407057E+01   0.3941811E+01   0.6321203E+01   0.1194430E+05   0.5362415E+01
   0.8111538E+00   0.6326222E+04   0.2259411E-01   0.1216971E+00   0.1040797E+01   0.6177153E-01   0.3266981E+01   0.3056276E+01   0.9774754E+00   0.9977661E+00   0.2135815E+03   0.3626933E+02   0.1024310E+03   0.4087036E+02   0.7695516E+01   0.6138419E+00   0.8233254E+00   0.1291398E+00   0.2107782E+01   0.1084468E+01   0.8845482E+00   0.1035170E+01   0.1000058E+01   0.9981133E+00   0.1002122E+01   0.1001484E+01   0.9924520E+00   0.6947083E+02   0.6996883E+00   0.3003117E+00   0.1449363E+00   0.6451439E-03   0.1006884E+00   0.8180213E+00   0.8184462E+00   0.4482814E+00   0.6055607E+00   0.9814392E+00   0.1009510E+03   0.2412838E+01   0.8430481E+01   0.2124828E+01   0.1877888E+01   0.1203957E+04   0.5688611E+04   0.2523242E+04   0.8114073E+03   0.2285291E+03   0.9774754E+00   0.2483914E+00   0.2497288E+00   0.2620507E+01   0.1356053E+02   0.1090001E+04   0.1427463E+03   0.1040823E+01   0.1371475E+02   0.1060734E+04   0.1453142E+03   0.1420938E+00   0.1612081E+00   0.3348758E+04   0.1037129E-01   0.8236758E+00   0.4546297E+00   0.7471079E+02   0.6248270E+03   0.8477697E+02   0.1492817E+04   0.9148103E+02   0.1935549E+04   0.9709717E+02   0.2253702E+04   0.2386254E+03   0.5662956E+04   0.4537865E+00   0.7570267E+00   0.4748229E+00   0.6722911E+00   0.4747455E+00   0.6296706E+00   0.4706401E+00   0.5994661E+00   0.3026859E+00   0.3125862E+00   0.3051735E+02   0.1068064E+03   0.3308770E+02   0.9461836E+01   0.3978868E+03   0.2177892E+02   0.1150514E+05   0.7065258E+03   0.8831316E-02   0.2040338E+01   0.3407766E+01   0.6194981E+01   0.1193427E+05   0.5456935E+01
   0.2979007E+00   0.6332111E+04   0.2242966E-01   0.1206815E+00   0.1040733E+01   0.5434950E-01   0.3240226E+01   0.3035907E+01   0.9711786E+00   0.9965288E+00   0.2722315E+03   0.5835452E+02   0.9275361E+02   0.4705614E+02   0.3455676E+01   0.7255544E+00   0.7249522E+00   0.8298246E+00   0.3222736E+01   0.1003708E+01   0.1189688E+01   0.9053614E+00   0.1012048E+01   0.9970554E+00   0.9998909E+00   0.9934475E+00   0.9943376E+00   0.6935730E+02   0.7011573E+00   0.2988427E+00   0.1437563E+00   0.6451439E-03   0.9970550E-01   0.8057643E+00   0.8042086E+00   0.4404832E+00   0.5957564E+00   0.9675245E+00   0.1011814E+03   0.2396551E+01   0.7707214E+01   0.2081985E+01   0.1867542E+01   0.1211607E+04   0.5693620E+04   0.2509380E+04   0.8040760E+03   0.2256265E+03   0.9711786E+00   0.2479819E+00   0.2493177E+00   0.2641364E+01   0.1360123E+02   0.1090094E+04   0.1432544E+03   0.1040789E+01   0.1376402E+02   0.1060276E+04   0.1458843E+03   0.1414549E+00   0.1613565E+00   0.3332994E+04   0.1030446E-01   0.8260497E+00   0.4559896E+00   0.7456515E+02   0.6259420E+03   0.8457143E+02   0.1495835E+04   0.9123790E+02   0.1939695E+04   0.9682363E+02   0.2258721E+04   0.2377023E+03   0.5679763E+04   0.4460144E+00   0.7458341E+00   0.4670648E+00   0.6625186E+00   0.4671652E+00   0.6205878E+00   0.4632429E+00   0.5908627E+00   0.2984087E+00   0.3082368E+00   0.3570927E+02   0.1067760E+03   0.3568609E+02   0.1147892E+02   0.3960445E+03   0.2251639E+02   0.1151654E+05   0.7065121E+03   0.2021682E-01   0.2193517E+01   0.3436608E+01   0.5475577E+01   0.1194658E+05   0.5650342E+01
   0.7446958E+00   0.6330806E+04   0.2240638E-01   0.1179149E+00   0.1041103E+01   0.5452949E-01   0.2976696E+01   0.3035361E+01   0.9636829E+00   0.1000249E+01   0.2611652E+03   0.3209374E+02   0.9146340E+02   0.4371340E+02   0.2854395E+01   0.3745212E+00   0.9234236E+00   0.4428476E-01   0.6828665E+01   0.1382604E+01   0.1144089E+01   0.9417970E+00   0.7914611E+00   0.9989047E+00   0.1000025E+01   0.9907247E+00   0.9849660E+00   0.6736877E+02   0.6894021E+00   0.3105979E+00   0.1409665E+00   0.6451439E-03   0.9496738E-01   0.8022845E+00   0.8163323E+00   0.4471236E+00   0.5989327E+00   0.9774602E+00   0.9967690E+02   0.2427940E+01   0.7652283E+01   0.2080850E+01   0.1865851E+01   0.1227257E+04   0.5723841E+04   0.2526327E+04   0.8141206E+03   0.2302152E+03   0.9636829E+00   0.2444780E+00   0.2458012E+00   0.2554808E+01   0.1385208E+02   0.1089623E+04   0.1452953E+03   0.1041332E+01   0.1395282E+02   0.1059818E+04   0.1479571E+03   0.1402507E+00   0.1605398E+00   0.3384733E+04   0.1028240E-01   0.8166207E+00   0.4510927E+00   0.7262013E+02   0.6435640E+03   0.8267486E+02   0.1535077E+04   0.8935547E+02   0.1988700E+04   0.9494454E+02   0.2314242E+04   0.2350033E+03   0.5785956E+04   0.4517372E+00   0.7414471E+00   0.4700999E+00   0.6573357E+00   0.4688188E+00   0.6151982E+00   0.4639674E+00   0.5853997E+00   0.2952074E+00   0.3043797E+00   0.3066461E+02   0.1071063E+03   0.3169840E+02   0.9435576E+01   0.3960395E+03   0.2326416E+02   0.1151365E+05   0.7067230E+03   0.2721682E-01   0.1279349E+01   0.4355526E+01   0.6840002E+01   0.1194239E+05   0.5662091E+01
   0.1067027E+01   0.6328540E+04   0.2226703E-01   0.1162063E+00   0.1041641E+01   0.5315090E-01   0.2857922E+01   0.3033751E+01   0.9570992E+00   0.1001089E+01   0.2383331E+03   0.2987507E+02   0.9837904E+02   0.3903229E+02   0.1529910E+01   0.6409378E+00   0.5961215E+00   0.5432503E+00   0.9912073E+01   0.8984011E+00   0.7648508E+00   0.8765316E+00   0.7285678E+00   0.9977082E+00   0.1000974E+01   0.9933707E+00   0.9914432E+00   0.6664368E+02   0.6867674E+00   0.3132326E+00   0.1391185E+00   0.6451439E-03   0.9271368E-01   0.7985694E+00   0.8159912E+00   0.4469368E+00   0.5974195E+00   0.9782124E+00   0.9942725E+02   0.2442732E+01   0.7502747E+01   0.2077500E+01   0.1867991E+01   0.1245195E+04   0.5764746E+04   0.2537566E+04   0.8176597E+03   0.2314720E+03   0.9570992E+00   0.2428006E+00   0.2441176E+00   0.2539577E+01   0.1396980E+02   0.1089531E+04   0.1464677E+03   0.1041954E+01   0.1405702E+02   0.1059284E+04   0.1491923E+03   0.1393242E+00   0.1604095E+00   0.3394797E+04   0.1022964E-01   0.8147480E+00   0.4502287E+00   0.7187869E+02   0.6503978E+03   0.8189946E+02   0.1550727E+04   0.8855349E+02   0.2008551E+04   0.9411843E+02   0.2336995E+04   0.2333759E+03   0.5835425E+04   0.4513443E+00   0.7377560E+00   0.4690360E+00   0.6537814E+00   0.4674534E+00   0.6117552E+00   0.4624154E+00   0.5820516E+00   0.2934310E+00   0.3024251E+00   0.2807953E+02   0.1073035E+03   0.3306171E+02   0.8637766E+01   0.3959419E+03   0.2468921E+02   0.1150832E+05   0.7068015E+03   0.4633078E-01   0.1156417E+01   0.4684672E+01   0.6805268E+01   0.1193759E+05   0.5887420E+01
   0.7439600E+00   0.6331999E+04   0.2214047E-01   0.1124045E+00   0.1041561E+01   0.4773642E-01   0.2612984E+01   0.3013753E+01   0.9562168E+00   0.1002598E+01   0.2223998E+03   0.3768049E+02   0.1199322E+03   0.3266336E+02   0.2397411E+01   0.7644909E+00   0.4708976E+00   0.9068512E+00   0.2505505E+00   0.1274210E+01   0.9739463E+00   0.9905298E+00   0.9147690E+00   0.9960652E+00   0.1000457E+01   0.9921733E+00   0.9891559E+00   0.6497009E+02   0.6797286E+00   0.3202714E+00   0.1351902E+00   0.6451439E-03   0.8783317E-01   0.7853126E+00   0.8114112E+00   0.4444282E+00   0.5907750E+00   0.9742845E+00   0.9857514E+02   0.2427131E+01   0.6880188E+01   0.2036369E+01   0.1850943E+01   0.1234816E+04   0.5736423E+04   0.2543653E+04   0.8260330E+03   0.2354538E+03   0.9562168E+00   0.2393161E+00   0.2406203E+00   0.2477232E+01   0.1424031E+02   0.1089100E+04   0.1489186E+03   0.1042052E+01   0.1429090E+02   0.1058483E+04   0.1517239E+03   0.1376228E+00   0.1597349E+00   0.3413648E+04   0.1011145E-01   0.8107819E+00   0.4482422E+00   0.7018288E+02   0.6666427E+03   0.8014419E+02   0.1587703E+04   0.8674825E+02   0.2055301E+04   0.9226650E+02   0.2390458E+04   0.2298498E+03   0.5949162E+04   0.4482281E+00   0.7248422E+00   0.4640921E+00   0.6416117E+00   0.4617385E+00   0.6000692E+00   0.4562441E+00   0.5707489E+00   0.2875031E+00   0.2960081E+00   0.2191149E+02   0.1042297E+03   0.2778665E+02   0.9094832E+01   0.3957612E+03   0.2363811E+02   0.1151003E+05   0.7070657E+03   0.1516527E+00   0.7194209E+00   0.6754264E+01   0.1078702E+02   0.1193852E+05   0.7625338E+01
   0.9837618E+00   0.6328384E+04   0.2230060E-01   0.1131852E+00   0.1041449E+01   0.5654373E-01   0.2703238E+01   0.3028736E+01   0.9594270E+00   0.9995357E+00   0.2354094E+03   0.2354708E+02   0.1052734E+03   0.3446013E+02   0.3949374E+01   0.6317703E+00   0.7007812E+00   0.6630070E+00   0.5874089E+01   0.1074004E+01   0.9420005E+00   0.9384014E+00   0.8380014E+00   0.9983608E+00   0.1000745E+01   0.9875382E+00   0.9842169E+00   0.6585266E+02   0.6860863E+00   0.3139137E+00   0.1361310E+00   0.6451439E-03   0.8964588E-01   0.7912180E+00   0.8093581E+00   0.4433037E+00   0.5922414E+00   0.9750110E+00   0.9931908E+02   0.2429518E+01   0.7765198E+01   0.2067109E+01   0.1846078E+01   0.1228316E+04   0.5722117E+04   0.2529887E+04   0.8205438E+03   0.2336412E+03   0.9594270E+00   0.2406630E+00   0.2419722E+00   0.2479483E+01   0.1412898E+02   0.1089066E+04   0.1480832E+03   0.1041856E+01   0.1421341E+02   0.1059017E+04   0.1508201E+03   0.1382929E+00   0.1598276E+00   0.3393855E+04   0.1011729E-01   0.8147321E+00   0.4501870E+00   0.7103635E+02   0.6581606E+03   0.8095706E+02   0.1569068E+04   0.8754363E+02   0.2032197E+04   0.9305167E+02   0.2364418E+04   0.2308358E+03   0.5901988E+04   0.4476350E+00   0.7309019E+00   0.4650185E+00   0.6476398E+00   0.4633741E+00   0.6059809E+00   0.4583304E+00   0.5765408E+00   0.2906503E+00   0.2995173E+00   0.2236051E+02   0.1035598E+03   0.2636825E+02   0.8778153E+01   0.3964472E+03   0.2363931E+02   0.1151136E+05   0.7068236E+03   0.5654511E-01   0.1096772E+01   0.4932394E+01   0.3633827E+01   0.1194022E+05   0.6085711E+01
   0.6940261E+00   0.6330567E+04   0.2220058E-01   0.1177626E+00   0.1041352E+01   0.7130105E-01   0.2949704E+01   0.3077533E+01   0.9678925E+00   0.1004085E+01   0.2273424E+03   0.3255480E+02   0.1143174E+03   0.3271176E+02   0.3462716E+01   0.6245373E+00   0.2140035E+00   0.1350610E+00   0.5639140E+01   0.9600364E+00   0.9385923E+00   0.1078883E+01   0.1194128E+01   0.9979340E+00   0.1001625E+01   0.9953273E+00   0.9933753E+00   0.6702087E+02   0.6869664E+00   0.3130336E+00   0.1406084E+00   0.6451439E-03   0.9423695E-01   0.8220129E+00   0.8396794E+00   0.4599114E+00   0.6148602E+00   0.1004092E+01   0.9943672E+02   0.2475449E+01   0.9324646E+01   0.2170480E+01   0.1882021E+01   0.1230613E+04   0.5729449E+04   0.2551678E+04   0.8236742E+03   0.2335398E+03   0.9678925E+00   0.2440273E+00   0.2453488E+00   0.2584165E+01   0.1389332E+02   0.1089841E+04   0.1456319E+03   0.1041624E+01   0.1398124E+02   0.1059322E+04   0.1483668E+03   0.1397698E+00   0.1607648E+00   0.3388490E+04   0.1027497E-01   0.8155506E+00   0.4506931E+00   0.7228571E+02   0.6467186E+03   0.8235717E+02   0.1542012E+04   0.8904523E+02   0.1997299E+04   0.9463879E+02   0.2323934E+04   0.2346297E+03   0.5803452E+04   0.4644344E+00   0.7594363E+00   0.4826970E+00   0.6730177E+00   0.4810950E+00   0.6297646E+00   0.4759274E+00   0.5991924E+00   0.3020722E+00   0.3113463E+00   0.2822760E+02   0.1085251E+03   0.3076174E+02   0.9504314E+01   0.4029766E+03   0.2297063E+02   0.1150690E+05   0.7067952E+03   0.4513978E-01   0.1156417E+01   0.4677427E+01   0.6106352E+01   0.1194235E+05   0.5878984E+01
   0.7067766E+00   0.6330910E+04   0.2242805E-01   0.1157255E+00   0.1041313E+01   0.5418235E-01   0.2858747E+01   0.3030267E+01   0.9667657E+00   0.1000215E+01   0.1944939E+03   0.2785117E+02   0.1059027E+03   0.3815442E+02   0.4495354E+01   0.5665809E+00   0.5315482E+00   0.3909596E+00   0.4250641E+01   0.1165942E+01   0.9694035E+00   0.9119443E+00   0.1058878E+01   0.9965799E+00   0.1000609E+01   0.9955888E+00   0.9850378E+00   0.6684875E+02   0.6894018E+00   0.3105982E+00   0.1387987E+00   0.6451439E-03   0.9278523E-01   0.7973604E+00   0.8113224E+00   0.4443796E+00   0.5952568E+00   0.9752321E+00   0.9969620E+02   0.2413923E+01   0.7563782E+01   0.2070276E+01   0.1857659E+01   0.1215643E+04   0.5706232E+04   0.2532411E+04   0.8207261E+03   0.2331978E+03   0.9667657E+00   0.2428792E+00   0.2441965E+00   0.2510217E+01   0.1396007E+02   0.1089288E+04   0.1464667E+03   0.1041616E+01   0.1406149E+02   0.1059628E+04   0.1491370E+03   0.1394974E+00   0.1601593E+00   0.3386571E+04   0.1020544E-01   0.8164204E+00   0.4509742E+00   0.7205731E+02   0.6485923E+03   0.8203470E+02   0.1547065E+04   0.8866389E+02   0.2004227E+04   0.9420992E+02   0.2332308E+04   0.2331884E+03   0.5831063E+04   0.4489923E+00   0.7368964E+00   0.4672403E+00   0.6533018E+00   0.4659656E+00   0.6114234E+00   0.4611430E+00   0.5818082E+00   0.2934116E+00   0.3025181E+00   0.2478624E+02   0.1052988E+03   0.2665654E+02   0.9540103E+01   0.3959347E+03   0.2238839E+02   0.1151658E+05   0.7067230E+03   0.2605862E-01   0.1279349E+01   0.4306327E+01   0.5044465E+01   0.1194444E+05   0.5611735E+01
   0.8705955E+00   0.6332166E+04   0.2252676E-01   0.1192980E+00   0.1040846E+01   0.5441850E-01   0.3030837E+01   0.3037136E+01   0.9695929E+00   0.9987491E+00   0.1976221E+03   0.2421653E+02   0.1115280E+03   0.3292230E+02   0.5010284E+01   0.6856905E+00   0.3946684E-01   0.1752282E+00   0.5440228E+01   0.1037311E+01   0.8563710E+00   0.9161899E+00   0.1124117E+01   0.9975143E+00   0.9996659E+00   0.9932410E+00   0.9909008E+00   0.6752625E+02   0.6875520E+00   0.3124480E+00   0.1424699E+00   0.6451439E-03   0.9620455E-01   0.8070866E+00   0.8236608E+00   0.4511376E+00   0.6034129E+00   0.9821636E+00   0.9938453E+02   0.2422419E+01   0.7643127E+01   0.2084545E+01   0.1869579E+01   0.1213046E+04   0.5694256E+04   0.2528138E+04   0.8166041E+03   0.2312548E+03   0.9695929E+00   0.2452509E+00   0.2465769E+00   0.2552014E+01   0.1379683E+02   0.1089649E+04   0.1445688E+03   0.1041019E+01   0.1388723E+02   0.1060238E+04   0.1471791E+03   0.1409524E+00   0.1604951E+00   0.3396086E+04   0.1035465E-01   0.8147528E+00   0.4500234E+00   0.7281893E+02   0.6419420E+03   0.8294997E+02   0.1530758E+04   0.8967843E+02   0.1982812E+04   0.9530619E+02   0.2307150E+04   0.2361951E+03   0.5763085E+04   0.4556289E+00   0.7456998E+00   0.4736832E+00   0.6609025E+00   0.4721751E+00   0.6184518E+00   0.4671455E+00   0.5884433E+00   0.2966599E+00   0.3058009E+00   0.2509002E+02   0.1040435E+03   0.2682414E+02   0.9069215E+01   0.3960302E+03   0.2235901E+02   0.1151898E+05   0.7067769E+03   0.5118293E-01   0.1096772E+01   0.4977448E+01   0.4994901E+01   0.1194644E+05   0.6125403E+01
   0.1017619E+01   0.6340238E+04   0.2221675E-01   0.1122323E+00   0.1041601E+01   0.5050221E-01   0.2567078E+01   0.3010945E+01   0.9491979E+00   0.9968988E+00   0.1885786E+03   0.1682870E+02   0.9399127E+02   0.4025182E+02   0.6384410E+01   0.8926702E+00   0.3533541E+00   0.3412350E+00   0.1870995E+01   0.1441038E+01   0.1202053E+01   0.8504578E+00   0.1069560E+01   0.9982676E+00   0.9989338E+00   0.9982351E+00   0.9860036E+00   0.6455627E+02   0.6758397E+00   0.3241603E+00   0.1350942E+00   0.6451439E-03   0.8721178E-01   0.7827652E+00   0.8136746E+00   0.4456680E+00   0.5906381E+00   0.9742318E+00   0.9808360E+02   0.2444095E+01   0.7142639E+01   0.2030659E+01   0.1835572E+01   0.1243243E+04   0.5726119E+04   0.2521570E+04   0.8178295E+03   0.2332191E+03   0.9491979E+00   0.2386904E+00   0.2399923E+00   0.2447209E+01   0.1428292E+02   0.1088947E+04   0.1491567E+03   0.1042106E+01   0.1431301E+02   0.1058636E+04   0.1519350E+03   0.1376510E+00   0.1594555E+00   0.3433685E+04   0.1013746E-01   0.8074528E+00   0.4464452E+00   0.6979524E+02   0.6706392E+03   0.7979827E+02   0.1596250E+04   0.8642421E+02   0.2065737E+04   0.9195807E+02   0.2402084E+04   0.2296571E+03   0.5967340E+04   0.4491431E+00   0.7221251E+00   0.4641044E+00   0.6388096E+00   0.4613209E+00   0.5972854E+00   0.4555497E+00   0.5680008E+00   0.2859802E+00   0.2942839E+00   0.2017955E+02   0.9855365E+02   0.2463398E+02   0.8288983E+01   0.3956672E+03   0.2574363E+02   0.1152395E+05   0.7072451E+03   0.2406846E+00   0.4956671E+00   0.8471682E+01   0.1037744E+02   0.1195365E+05   0.9208034E+01
   0.9966331E+00   0.6337028E+04   0.2214095E-01   0.1120404E+00   0.1041703E+01   0.5084467E-01   0.2528012E+01   0.3009818E+01   0.9469096E+00   0.9965442E+00   0.2102909E+03   0.2928678E+02   0.8522454E+02   0.4427551E+02   0.5683723E+01   0.9268083E+00   0.4712848E+00   0.8043309E+00   0.5745935E+00   0.1002296E+01   0.9350243E+00   0.8339247E+00   0.1079436E+01   0.9988351E+00   0.1000251E+01   0.9952211E+00   0.9868897E+00   0.6413147E+02   0.6721820E+00   0.3278180E+00   0.1348265E+00   0.6451439E-03   0.8646621E-01   0.7826594E+00   0.8181418E+00   0.4481147E+00   0.5922172E+00   0.9773209E+00   0.9766999E+02   0.2453009E+01   0.7185364E+01   0.2028371E+01   0.1832248E+01   0.1245642E+04   0.5716273E+04   0.2518904E+04   0.8170327E+03   0.2331069E+03   0.9469096E+00   0.2380958E+00   0.2393954E+00   0.2447211E+01   0.1433193E+02   0.1088983E+04   0.1494877E+03   0.1042240E+01   0.1434292E+02   0.1058407E+04   0.1522965E+03   0.1373904E+00   0.1594248E+00   0.3446166E+04   0.1014574E-01   0.8051110E+00   0.4452769E+00   0.6939246E+02   0.6748086E+03   0.7942753E+02   0.1605263E+04   0.8606933E+02   0.2076812E+04   0.9161393E+02   0.2414483E+04   0.2293278E+03   0.5988151E+04   0.4512842E+00   0.7216871E+00   0.4654444E+00   0.6380543E+00   0.4622533E+00   0.5964287E+00   0.4562091E+00   0.5670936E+00   0.2853966E+00   0.2935403E+00   0.2025644E+02   0.9692628E+02   0.2517791E+02   0.8140647E+01   0.3957322E+03   0.2621930E+02   0.1152204E+05   0.7074351E+03   0.3301565E+00   0.3806581E+00   0.1007227E+02   0.3708686E+01   0.1195213E+05   0.1078309E+02
   0.8464746E+00   0.6337320E+04   0.2209209E-01   0.1144813E+00   0.1041560E+01   0.5411410E-01   0.2631340E+01   0.3023950E+01   0.9490740E+00   0.1000981E+01   0.2044767E+03   0.2819310E+02   0.9662878E+02   0.4028127E+02   0.2744461E+01   0.8367140E+00   0.1135588E-01   0.3712064E+00   0.7607897E+01   0.8654712E+00   0.9628166E+00   0.9472435E+00   0.1239566E+01   0.9961299E+00   0.1001309E+01   0.9907963E+00   0.9894993E+00   0.6441345E+02   0.6692806E+00   0.3307194E+00   0.1372185E+00   0.6451439E-03   0.8838719E-01   0.7940759E+00   0.8337410E+00   0.4566588E+00   0.6021808E+00   0.9894041E+00   0.9731809E+02   0.2472475E+01   0.7582092E+01   0.2057239E+01   0.1846213E+01   0.1246371E+04   0.5708468E+04   0.2523160E+04   0.8164107E+03   0.2324206E+03   0.9490740E+00   0.2395581E+00   0.2408632E+00   0.2492550E+01   0.1423345E+02   0.1089367E+04   0.1482772E+03   0.1042040E+01   0.1422950E+02   0.1058559E+04   0.1510835E+03   0.1381556E+00   0.1598054E+00   0.3456082E+04   0.1025048E-01   0.8032357E+00   0.4443303E+00   0.6974371E+02   0.6716272E+03   0.7990057E+02   0.1596981E+04   0.8661869E+02   0.2065638E+04   0.9222506E+02   0.2401119E+04   0.2312742E+03   0.5947255E+04   0.4596006E+00   0.7319404E+00   0.4733228E+00   0.6468238E+00   0.4697583E+00   0.6045050E+00   0.4634073E+00   0.5746981E+00   0.2891038E+00   0.2972517E+00   0.2718295E+02   0.1069912E+03   0.3174529E+02   0.8302039E+01   0.3961985E+03   0.2541262E+02   0.1151727E+05   0.7076003E+03   0.4175762E+00   0.2514958E+00   0.1169081E+02   0.7499834E+01   0.1194718E+05   0.1235988E+02
   0.5241290E+00   0.6334046E+04   0.2187309E-01   0.1143105E+00   0.1041540E+01   0.5286585E-01   0.2764215E+01   0.3015912E+01   0.9572127E+00   0.9961356E+00   0.2483057E+03   0.5597691E+02   0.8117941E+02   0.5128950E+02   0.4112386E+01   0.7786673E+00   0.8144440E+00   0.9302215E+00   0.3491633E+01   0.9949095E+00   0.8061136E+00   0.9590944E+00   0.9995832E+00   0.9984298E+00   0.1004045E+01   0.9991648E+00   0.9910677E+00   0.6586365E+02   0.6845824E+00   0.3154176E+00   0.1368288E+00   0.6451439E-03   0.9012042E-01   0.7895545E+00   0.8095886E+00   0.4434300E+00   0.5917027E+00   0.9728799E+00   0.9923643E+02   0.2421602E+01   0.7518005E+01   0.2040769E+01   0.1836010E+01   0.1222237E+04   0.5654729E+04   0.2506689E+04   0.8085247E+03   0.2287051E+03   0.9572127E+00   0.2413271E+00   0.2426387E+00   0.2580293E+01   0.1410725E+02   0.1089764E+04   0.1477865E+03   0.1041967E+01   0.1418341E+02   0.1058140E+04   0.1506695E+03   0.1378812E+00   0.1606438E+00   0.3382308E+04   0.1012605E-01   0.8157489E+00   0.4510419E+00   0.7107555E+02   0.6579068E+03   0.8103917E+02   0.1568100E+04   0.8765204E+02   0.2030708E+04   0.9318105E+02   0.2362493E+04   0.2313832E+03   0.5893077E+04   0.4476053E+00   0.7292235E+00   0.4646290E+00   0.6459975E+00   0.4628197E+00   0.6043800E+00   0.4576724E+00   0.5749781E+00   0.2898013E+00   0.2985848E+00   0.3330154E+02   0.1069507E+03   0.3565021E+02   0.9985943E+01   0.3959165E+03   0.2397841E+02   0.1151699E+05   0.7068751E+03   0.6328335E-01   0.1038582E+01   0.4926483E+01   0.8315055E+01   0.1194687E+05   0.6028349E+01
   0.9317708E+00   0.6329204E+04   0.2225104E-01   0.1170021E+00   0.1041259E+01   0.5527495E-01   0.2950129E+01   0.3034206E+01   0.9626311E+00   0.9976937E+00   0.2643026E+03   0.5859500E+02   0.9409524E+02   0.4695667E+02   0.4215194E+01   0.7275472E+00   0.7993661E+00   0.8752211E+00   0.2053519E+00   0.1313414E+01   0.8938976E+00   0.8674535E+00   0.9189612E+00   0.9980394E+00   0.1000159E+01   0.9981877E+00   0.9900742E+00   0.6730652E+02   0.6911851E+00   0.3088149E+00   0.1398983E+00   0.6451439E-03   0.9416069E-01   0.8000244E+00   0.8116929E+00   0.4445825E+00   0.5963865E+00   0.9751573E+00   0.9996086E+02   0.2424958E+01   0.7746887E+01   0.2078446E+01   0.1860919E+01   0.1227558E+04   0.5716417E+04   0.2523230E+04   0.8124271E+03   0.2294855E+03   0.9626311E+00   0.2440540E+00   0.2453757E+00   0.2574730E+01   0.1388743E+02   0.1089711E+04   0.1457919E+03   0.1041519E+01   0.1399800E+02   0.1059361E+04   0.1485159E+03   0.1396543E+00   0.1607051E+00   0.3371099E+04   0.1022255E-01   0.8187511E+00   0.4523241E+00   0.7252288E+02   0.6442978E+03   0.8251780E+02   0.1537258E+04   0.8916137E+02   0.1991807E+04   0.9472070E+02   0.2318088E+04   0.2341668E+03   0.5800522E+04   0.4493370E+00   0.7395335E+00   0.4680419E+00   0.6558320E+00   0.4669716E+00   0.6138709E+00   0.4622751E+00   0.5841865E+00   0.2946715E+00   0.3039018E+00   0.3194321E+02   0.1037325E+03   0.3238572E+02   0.9034077E+01   0.3962711E+03   0.2375339E+02   0.1151123E+05   0.7066763E+03   0.1128072E-01   0.1407057E+01   0.3891728E+01   0.6136139E+01   0.1194029E+05   0.5310066E+01
   0.1161329E+01   0.6327334E+04   0.2243543E-01   0.1175622E+00   0.1041404E+01   0.6274499E-01   0.2998899E+01   0.3055772E+01   0.9685785E+00   0.1001110E+01   0.2283259E+03   0.3393345E+02   0.1126791E+03   0.3718605E+02   0.3441429E+01   0.7670024E+00   0.2834540E+00   0.4382185E+00   0.5605882E+01   0.1021435E+01   0.8116679E+00   0.8432766E+00   0.8636465E+00   0.9986147E+00   0.1000890E+01   0.9957297E+00   0.9926985E+00   0.6788147E+02   0.6947787E+00   0.3052213E+00   0.1406427E+00   0.6451439E-03   0.9547036E-01   0.8102472E+00   0.8172676E+00   0.4476359E+00   0.6022423E+00   0.9834265E+00   0.1004020E+03   0.2434671E+01   0.8454895E+01   0.2123758E+01   0.1873292E+01   0.1224538E+04   0.5737388E+04   0.2539230E+04   0.8193358E+03   0.2319629E+03   0.9685785E+00   0.2447887E+00   0.2461130E+00   0.2557192E+01   0.1381543E+02   0.1089580E+04   0.1452526E+03   0.1041607E+01   0.1394504E+02   0.1059856E+04   0.1479079E+03   0.1402412E+00   0.1606403E+00   0.3366790E+04   0.1024328E-01   0.8201969E+00   0.4529442E+00   0.7307996E+02   0.6391284E+03   0.8305749E+02   0.1525785E+04   0.8969493E+02   0.1977507E+04   0.9525168E+02   0.2301909E+04   0.2349023E+03   0.5770022E+04   0.4527514E+00   0.7493388E+00   0.4724921E+00   0.6649189E+00   0.4718299E+00   0.6225392E+00   0.4673616E+00   0.5925364E+00   0.2990198E+00   0.3085509E+00   0.2726073E+02   0.1072752E+03   0.3136906E+02   0.8671921E+01   0.3983782E+03   0.2282066E+02   0.1150969E+05   0.7065980E+03   0.3050034E-03   0.1677296E+01   0.3515197E+01   0.3319969E+01   0.1193956E+05   0.5192798E+01
   0.1118645E+01   0.6327437E+04   0.2226993E-01   0.1151812E+00   0.1041543E+01   0.6126938E-01   0.2861179E+01   0.3046917E+01   0.9660411E+00   0.1001134E+01   0.2459582E+03   0.3101478E+02   0.1155493E+03   0.3645736E+02   0.5659879E+01   0.6821494E+00   0.4830894E+00   0.7012082E-04   0.1029709E+01   0.9114740E+00   0.8557321E+00   0.9511977E+00   0.9514955E+00   0.9975254E+00   0.9995569E+00   0.9994862E+00   0.9864964E+00   0.6702087E+02   0.6925591E+00   0.3074409E+00   0.1380962E+00   0.6451439E-03   0.9255331E-01   0.8027214E+00   0.8126154E+00   0.4450878E+00   0.5977303E+00   0.9805275E+00   0.1001665E+03   0.2430177E+01   0.8293152E+01   0.2105034E+01   0.1862264E+01   0.1223614E+04   0.5725198E+04   0.2538937E+04   0.8212258E+03   0.2330136E+03   0.9660411E+00   0.2428466E+00   0.2441638E+00   0.2540168E+01   0.1396432E+02   0.1089439E+04   0.1467247E+03   0.1041858E+01   0.1408298E+02   0.1059208E+04   0.1494557E+03   0.1390428E+00   0.1604378E+00   0.3368217E+04   0.1015185E-01   0.8194783E+00   0.4526941E+00   0.7219055E+02   0.6471647E+03   0.8210440E+02   0.1544429E+04   0.8869612E+02   0.2001315E+04   0.9421303E+02   0.2329331E+04   0.2326958E+03   0.5832475E+04   0.4499918E+00   0.7421621E+00   0.4690625E+00   0.6583126E+00   0.4681483E+00   0.6162553E+00   0.4635448E+00   0.5864943E+00   0.2959027E+00   0.3052240E+00   0.2587645E+02   0.1057959E+03   0.3024714E+02   0.8700968E+01   0.3978261E+03   0.2286453E+02   0.1151053E+05   0.7066438E+03   0.4142094E-02   0.1539698E+01   0.3650052E+01   0.3115020E+01   0.1193992E+05   0.5193893E+01
   0.7734787E+00   0.6328242E+04   0.2226996E-01   0.1142371E+00   0.1041608E+01   0.5829302E-01   0.2822220E+01   0.3035595E+01   0.9647173E+00   0.9996596E+00   0.2516109E+03   0.3362216E+02   0.1249358E+03   0.2979301E+02   0.4958854E+01   0.6804862E+00   0.1640636E+00   0.1172133E+00   0.1681284E+01   0.8845132E+00   0.1085513E+01   0.9536101E+00   0.1083566E+01   0.9978526E+00   0.9977656E+00   0.9946335E+00   0.9866715E+00   0.6691833E+02   0.6937244E+00   0.3062756E+00   0.1371522E+00   0.6451439E-03   0.9177994E-01   0.7956833E+00   0.8039626E+00   0.4403484E+00   0.5919273E+00   0.9726749E+00   0.1003273E+03   0.2416288E+01   0.7978821E+01   0.2081336E+01   0.1852292E+01   0.1220913E+04   0.5715275E+04   0.2530590E+04   0.8189750E+03   0.2324245E+03   0.9647173E+00   0.2423094E+00   0.2436246E+00   0.2526590E+01   0.1400018E+02   0.1089316E+04   0.1471853E+03   0.1041957E+01   0.1412585E+02   0.1059093E+04   0.1499249E+03   0.1387150E+00   0.1603288E+00   0.3363118E+04   0.1010927E-01   0.8204323E+00   0.4531928E+00   0.7206576E+02   0.6481964E+03   0.8193091E+02   0.1547188E+04   0.8849208E+02   0.2005085E+04   0.9398426E+02   0.2333879E+04   0.2319371E+03   0.5847305E+04   0.4452761E+00   0.7357748E+00   0.4644470E+00   0.6527793E+00   0.4636823E+00   0.6111307E+00   0.4592158E+00   0.5816514E+00   0.2935131E+00   0.3028099E+00   0.2660952E+02   0.1043271E+03   0.2847072E+02   0.9464010E+01   0.3968308E+03   0.2291638E+02   0.1151179E+05   0.7066187E+03   0.8846616E-03   0.1677296E+01   0.3505948E+01   0.3681694E+01   0.1194100E+05   0.5184129E+01
   0.7713400E+00   0.6332844E+04   0.2242313E-01   0.1205661E+00   0.1040666E+01   0.5477785E-01   0.3212779E+01   0.3046548E+01   0.9707467E+00   0.1000492E+01   0.2108944E+03   0.4145076E+02   0.1066004E+03   0.3810027E+02   0.4667035E+01   0.6332935E+00   0.3323986E+00   0.6972971E-01   0.3378612E+01   0.1238889E+01   0.1162244E+01   0.1046455E+01   0.1340153E+01   0.9975305E+00   0.1001335E+01   0.9992735E+00   0.9900554E+00   0.6905334E+02   0.6987765E+00   0.3012235E+00   0.1436344E+00   0.6451439E-03   0.9918432E-01   0.8103313E+00   0.8119820E+00   0.4447409E+00   0.6003228E+00   0.9751473E+00   0.1008561E+03   0.2413962E+01   0.7746887E+01   0.2104258E+01   0.1885904E+01   0.1223825E+04   0.5746705E+04   0.2535218E+04   0.8129522E+03   0.2284509E+03   0.9707467E+00   0.2476214E+00   0.2489560E+00   0.2633131E+01   0.1363116E+02   0.1090067E+04   0.1434223E+03   0.1040735E+01   0.1378086E+02   0.1060238E+04   0.1460554E+03   0.1413712E+00   0.1612548E+00   0.3342157E+04   0.1031422E-01   0.8242601E+00   0.4550595E+00   0.7427481E+02   0.6285614E+03   0.8430753E+02   0.1501515E+04   0.9098785E+02   0.1946679E+04   0.9658343E+02   0.2266540E+04   0.2375201E+03   0.5692572E+04   0.4501458E+00   0.7498167E+00   0.4707778E+00   0.6657849E+00   0.4705902E+00   0.6235339E+00   0.4664471E+00   0.5935972E+00   0.2996926E+00   0.3094466E+00   0.3261134E+02   0.1074445E+03   0.3336892E+02   0.9552147E+01   0.3960782E+03   0.2268169E+02   0.1151798E+05   0.7065361E+03   0.5516313E-02   0.1965459E+01   0.3398000E+01   0.7489908E+01   0.1194629E+05   0.5368975E+01
   0.2340718E+00   0.6338862E+04   0.2201838E-01   0.1170724E+00   0.1041684E+01   0.4399253E-01   0.2937079E+01   0.3010675E+01   0.9628630E+00   0.9987621E+00   0.2426182E+03   0.4674693E+02   0.9868764E+02   0.4219184E+02   0.1295458E+01   0.7624740E+00   0.1251810E+00   0.4237388E+00   0.7051322E+01   0.1347366E+01   0.9391141E+00   0.1049420E+01   0.1356406E+01   0.9981441E+00   0.1003381E+01   0.1002298E+01   0.9965659E+00   0.6707947E+02   0.6894518E+00   0.3105482E+00   0.1397360E+00   0.6451439E-03   0.9373414E-01   0.7927574E+00   0.8065739E+00   0.4417787E+00   0.5917967E+00   0.9679334E+00   0.9983211E+02   0.2399556E+01   0.6611633E+01   0.2030110E+01   0.1859123E+01   0.1220328E+04   0.5684567E+04   0.2522414E+04   0.8118925E+03   0.2288827E+03   0.9628630E+00   0.2437795E+00   0.2451001E+00   0.2614260E+01   0.1391232E+02   0.1089999E+04   0.1460208E+03   0.1041983E+01   0.1401374E+02   0.1058826E+04   0.1488266E+03   0.1392019E+00   0.1610462E+00   0.3373156E+04   0.1021970E-01   0.8180590E+00   0.4521479E+00   0.7230862E+02   0.6463321E+03   0.8231863E+02   0.1541694E+04   0.8896963E+02   0.1997283E+04   0.9453396E+02   0.2324237E+04   0.2339775E+03   0.5811116E+04   0.4463407E+00   0.7326496E+00   0.4645003E+00   0.6495445E+00   0.4632421E+00   0.6079099E+00   0.4584535E+00   0.5784668E+00   0.2917210E+00   0.3007844E+00   0.3406038E+02   0.1112417E+03   0.3751182E+02   0.1175164E+02   0.3963281E+03   0.2301604E+02   0.1152424E+05   0.7067216E+03   0.1692250E-01   0.1342563E+01   0.3943172E+01   0.1036798E+02   0.1195533E+05   0.5302658E+01
   0.2572980E-01   0.6344552E+04   0.2225456E-01   0.1170559E+00   0.1041661E+01   0.4194241E-01   0.3029426E+01   0.3007323E+01   0.9695058E+00   0.9997802E+00   0.2375767E+03   0.4201493E+02   0.9355031E+02   0.3980513E+02   0.1537851E+01   0.6301019E+00   0.4714409E+00   0.1386023E+00   0.6777143E+01   0.6388431E+00   0.1056685E+01   0.1128768E+01   0.1143744E+01   0.9957066E+00   0.1002083E+01   0.1002922E+01   0.9905563E+00   0.6835754E+02   0.7004859E+00   0.2995141E+00   0.1399556E+00   0.6451439E-03   0.9567019E-01   0.7894881E+00   0.7888485E+00   0.4320701E+00   0.5840499E+00   0.9548879E+00   0.1012310E+03   0.2364959E+01   0.6352234E+01   0.2023317E+01   0.1860515E+01   0.1209384E+04   0.5698270E+04   0.2524011E+04   0.8130546E+03   0.2290547E+03   0.9695058E+00   0.2451262E+00   0.2464517E+00   0.2601678E+01   0.1379163E+02   0.1089789E+04   0.1453706E+03   0.1041867E+01   0.1395289E+02   0.1059437E+04   0.1480904E+03   0.1397931E+00   0.1610646E+00   0.3336495E+04   0.1017205E-01   0.8254756E+00   0.4558417E+00   0.7350031E+02   0.6350597E+03   0.8338199E+02   0.1517458E+04   0.8996440E+02   0.1967625E+04   0.9547921E+02   0.2291156E+04   0.2345157E+03   0.5759361E+04   0.4374683E+00   0.7307045E+00   0.4579503E+00   0.6490090E+00   0.4579712E+00   0.6079044E+00   0.4540746E+00   0.5787691E+00   0.2922997E+00   0.3018804E+00   0.3297516E+02   0.1080385E+03   0.3576801E+02   0.1637135E+02   0.3969829E+03   0.2189896E+02   0.1153147E+05   0.7065179E+03   0.2385567E-01   0.2193517E+01   0.3418037E+01   0.1022471E+02   0.1196673E+05   0.5635410E+01
   0.4357387E-01   0.6336284E+04   0.2226702E-01   0.1173699E+00   0.1041606E+01   0.4133667E-01   0.3049118E+01   0.3006763E+01   0.9700425E+00   0.9983644E+00   0.2392130E+03   0.3744295E+02   0.9645568E+02   0.3536083E+02   0.1680950E+01   0.5560382E+00   0.3476059E+00   0.5302038E+00   0.8276812E+01   0.9133729E+00   0.8557156E+00   0.1078034E+01   0.1242280E+01   0.9978650E+00   0.1000529E+01   0.9968389E+00   0.1000139E+01   0.6846741E+02   0.7007499E+00   0.2992501E+00   0.1402820E+00   0.6451439E-03   0.9604748E-01   0.7898075E+00   0.7888197E+00   0.4320544E+00   0.5841573E+00   0.9545074E+00   0.1012570E+03   0.2363010E+01   0.6288147E+01   0.2022183E+01   0.1861726E+01   0.1208602E+04   0.5697767E+04   0.2523897E+04   0.8127746E+03   0.2288764E+03   0.9700425E+00   0.2453954E+00   0.2467219E+00   0.2606143E+01   0.1377268E+02   0.1089821E+04   0.1451786E+03   0.1041803E+01   0.1393532E+02   0.1059513E+04   0.1478907E+03   0.1399350E+00   0.1611041E+00   0.3335477E+04   0.1018241E-01   0.8256754E+00   0.4559356E+00   0.7361633E+02   0.6340382E+03   0.8350594E+02   0.1515086E+04   0.9009406E+02   0.1964596E+04   0.9561387E+02   0.2287666E+04   0.2347986E+03   0.5751407E+04   0.4374583E+00   0.7310280E+00   0.4580101E+00   0.6493272E+00   0.4580641E+00   0.6082154E+00   0.4541887E+00   0.5790732E+00   0.2924621E+00   0.3020630E+00   0.3009795E+02   0.1055038E+03   0.3111816E+02   0.1532010E+02   0.3971291E+03   0.2200354E+02   0.1152164E+05   0.7065155E+03   0.2571715E-01   0.2271281E+01   0.3435175E+01   0.4229072E+01   0.1195609E+05   0.5732173E+01
   0.5514551E+00   0.6332631E+04   0.2212776E-01   0.1182661E+00   0.1040925E+01   0.5497730E-01   0.3076229E+01   0.3044523E+01   0.9698863E+00   0.1004355E+01   0.2573697E+03   0.3771766E+02   0.9989854E+02   0.4079089E+02   0.5124007E+00   0.5887514E+00   0.5546980E+00   0.4996732E+00   0.8336404E+01   0.7337607E+00   0.1391093E+01   0.9390438E+00   0.9663401E+00   0.9943819E+00   0.1000234E+01   0.9955019E+00   0.9985584E+00   0.6812317E+02   0.6960867E+00   0.3039133E+00   0.1410390E+00   0.6451439E-03   0.9608026E-01   0.8070728E+00   0.8123195E+00   0.4449257E+00   0.5992390E+00   0.9778343E+00   0.1005968E+03   0.2415448E+01   0.7780457E+01   0.2100000E+01   0.1881337E+01   0.1222161E+04   0.5731686E+04   0.2543578E+04   0.8175512E+03   0.2301767E+03   0.9698863E+00   0.2456997E+00   0.2470274E+00   0.2642353E+01   0.1378273E+02   0.1090106E+04   0.1449146E+03   0.1041119E+01   0.1391911E+02   0.1059284E+04   0.1476690E+03   0.1399559E+00   0.1612676E+00   0.3341405E+04   0.1021904E-01   0.8236742E+00   0.4549824E+00   0.7332091E+02   0.6369320E+03   0.8329597E+02   0.1520863E+04   0.8993379E+02   0.1971339E+04   0.9549183E+02   0.2294902E+04   0.2352768E+03   0.5756210E+04   0.4501047E+00   0.7465358E+00   0.4700636E+00   0.6625784E+00   0.4695612E+00   0.6204089E+00   0.4652181E+00   0.5905466E+00   0.2980640E+00   0.3076300E+00   0.3232227E+02   0.1094353E+03   0.3487361E+02   0.1018461E+02   0.3961297E+03   0.2214921E+02   0.1150828E+05   0.7065748E+03   0.5574526E-03   0.1819430E+01   0.3397759E+01   0.1672569E+02   0.1193674E+05   0.5217746E+01
   0.4121133E+00   0.6330700E+04   0.2240281E-01   0.1255898E+00   0.1040507E+01   0.4540590E-01   0.3429228E+01   0.3034857E+01   0.9796204E+00   0.9994180E+00   0.2534211E+03   0.3181060E+02   0.8678126E+02   0.4481807E+02   0.3424997E+01   0.4274554E+00   0.8259470E+00   0.6006931E-01   0.9723120E+01   0.1410857E+01   0.8986264E+00   0.9512048E+00   0.8334863E+00   0.9984444E+00   0.1002046E+01   0.9986954E+00   0.9955789E+00   0.6970886E+02   0.6941186E+00   0.3058814E+00   0.1486377E+00   0.6451439E-03   0.1036137E+00   0.8184872E+00   0.8264713E+00   0.4526770E+00   0.6086956E+00   0.9803201E+00   0.1002194E+03   0.2395169E+01   0.6861877E+01   0.2079800E+01   0.1899252E+01   0.1200970E+04   0.5676849E+04   0.2532987E+04   0.8111688E+03   0.2271140E+03   0.9796204E+00   0.2504012E+00   0.2517458E+00   0.2711521E+01   0.1344475E+02   0.1090732E+04   0.1411617E+03   0.1040443E+01   0.1356747E+02   0.1060696E+04   0.1437686E+03   0.1430171E+00   0.1619061E+00   0.3363518E+04   0.1052658E-01   0.8203341E+00   0.4530291E+00   0.7506196E+02   0.6222967E+03   0.8532719E+02   0.1485455E+04   0.9215503E+02   0.1925139E+04   0.9787072E+02   0.2240870E+04   0.2414669E+03   0.5615293E+04   0.4577248E+00   0.7568883E+00   0.4775139E+00   0.6715375E+00   0.4767651E+00   0.6287014E+00   0.4721969E+00   0.5983797E+00   0.3018848E+00   0.3115115E+00   0.3286881E+02   0.1089297E+03   0.3446070E+02   0.1073115E+02   0.3962202E+03   0.2133633E+02   0.1151062E+05   0.7066108E+03   0.3077741E-02   0.1539698E+01   0.3739537E+01   0.1060281E+02   0.1193891E+05   0.5282313E+01
   0.4410825E+00   0.6328132E+04   0.2237768E-01   0.1197501E+00   0.1041125E+01   0.5084146E-01   0.3131791E+01   0.3027439E+01   0.9715758E+00   0.9957900E+00   0.2588833E+03   0.4548974E+02   0.9733507E+02   0.4454692E+02   0.4512316E+01   0.8915223E+00   0.3875641E+00   0.7725387E+00   0.2257523E+01   0.9688320E+00   0.1085840E+01   0.8763089E+00   0.1178347E+01   0.9976028E+00   0.1000219E+01   0.9951286E+00   0.9945805E+00   0.6851501E+02   0.6958595E+00   0.3041405E+00   0.1427729E+00   0.6451439E-03   0.9782086E-01   0.8031934E+00   0.8087171E+00   0.4429526E+00   0.5964701E+00   0.9703474E+00   0.1005247E+03   0.2394221E+01   0.7328796E+01   0.2064430E+01   0.1864833E+01   0.1205884E+04   0.5672557E+04   0.2515946E+04   0.8095412E+03   0.2280192E+03   0.9715758E+00   0.2465397E+00   0.2478704E+00   0.2613705E+01   0.1370073E+02   0.1089974E+04   0.1440629E+03   0.1041260E+01   0.1383544E+02   0.1060009E+04   0.1467192E+03   0.1409380E+00   0.1611124E+00   0.3357732E+04   0.1030702E-01   0.8215815E+00   0.4537067E+00   0.7374981E+02   0.6332418E+03   0.8378842E+02   0.1512005E+04   0.9046824E+02   0.1959826E+04   0.9606130E+02   0.2281475E+04   0.2367119E+03   0.5721984E+04   0.4480582E+00   0.7429263E+00   0.4678757E+00   0.6593510E+00   0.4673518E+00   0.6173768E+00   0.4630133E+00   0.5876540E+00   0.2965839E+00   0.3060998E+00   0.2929166E+02   0.1049707E+03   0.3335821E+02   0.1062745E+02   0.3957248E+03   0.2224761E+02   0.1151008E+05   0.7065786E+03   0.8443936E-04   0.1747772E+01   0.3454610E+01   0.5803604E+01   0.1193868E+05   0.5202466E+01
   0.8638242E+00   0.6327032E+04   0.2215261E-01   0.1196805E+00   0.1040882E+01   0.5032652E-01   0.3050379E+01   0.3032995E+01   0.9632730E+00   0.9997376E+00   0.2536858E+03   0.4657857E+02   0.1153448E+03   0.3114462E+02   0.3289730E+01   0.6838145E+00   0.4190247E+00   0.9661091E+00   0.7056549E+01   0.8770046E+00   0.6429578E+00   0.1048986E+01   0.1036480E+01   0.9997148E+00   0.1001416E+01   0.9982977E+00   0.9964849E+00   0.6732483E+02   0.6856611E+00   0.3143389E+00   0.1424783E+00   0.6451439E-03   0.9592325E-01   0.8058004E+00   0.8248327E+00   0.4517795E+00   0.6033607E+00   0.9820641E+00   0.9923521E+02   0.2432825E+01   0.7310486E+01   0.2075931E+01   0.1877154E+01   0.1230071E+04   0.5715240E+04   0.2530567E+04   0.8124366E+03   0.2287745E+03   0.9632730E+00   0.2453649E+00   0.2466913E+00   0.2628527E+01   0.1381450E+02   0.1090171E+04   0.1446580E+03   0.1041093E+01   0.1389482E+02   0.1059399E+04   0.1473976E+03   0.1403600E+00   0.1610844E+00   0.3387380E+04   0.1034168E-01   0.8153288E+00   0.4506043E+00   0.7263364E+02   0.6437163E+03   0.8278793E+02   0.1534535E+04   0.8952896E+02   0.1987408E+04   0.9516589E+02   0.2312255E+04   0.2361446E+03   0.5770673E+04   0.4561023E+00   0.7443268E+00   0.4737074E+00   0.6594834E+00   0.4719819E+00   0.6170403E+00   0.4668111E+00   0.5870487E+00   0.2958837E+00   0.3049205E+00   0.3093117E+02   0.1082132E+03   0.3239248E+02   0.9023951E+01   0.3957411E+03   0.2355753E+02   0.1150754E+05   0.7068378E+03   0.6489602E-01   0.1038582E+01   0.5149343E+01   0.5112525E+01   0.1193586E+05   0.6252821E+01
   0.8606215E+00   0.6327670E+04   0.2221575E-01   0.1166750E+00   0.1041037E+01   0.5221138E-01   0.2920366E+01   0.3031157E+01   0.9598782E+00   0.1000548E+01   0.2301519E+03   0.4375552E+02   0.1000190E+03   0.3916060E+02   0.1245168E+01   0.6516062E+00   0.5561630E+00   0.9440270E+00   0.7730950E+01   0.1090068E+01   0.8901553E+00   0.8855496E+00   0.7759263E+00   0.9963879E+00   0.9993747E+00   0.9993315E+00   0.9980626E+00   0.6696960E+02   0.6888782E+00   0.3111218E+00   0.1395359E+00   0.6451439E-03   0.9344662E-01   0.7977311E+00   0.8123835E+00   0.4449608E+00   0.5957844E+00   0.9748049E+00   0.9964898E+02   0.2429611E+01   0.7432556E+01   0.2072120E+01   0.1866658E+01   0.1236971E+04   0.5746149E+04   0.2531855E+04   0.8147929E+03   0.2301349E+03   0.9598782E+00   0.2436343E+00   0.2449544E+00   0.2571040E+01   0.1392814E+02   0.1089697E+04   0.1460592E+03   0.1041316E+01   0.1402640E+02   0.1059246E+04   0.1487973E+03   0.1394496E+00   0.1606151E+00   0.3375991E+04   0.1021664E-01   0.8175660E+00   0.4517258E+00   0.7219721E+02   0.6473731E+03   0.8220730E+02   0.1544032E+04   0.8885745E+02   0.2000216E+04   0.9442065E+02   0.2327573E+04   0.2337914E+03   0.5817791E+04   0.4495219E+00   0.7371881E+00   0.4676640E+00   0.6535044E+00   0.4663288E+00   0.6115897E+00   0.4614631E+00   0.5819520E+00   0.2934581E+00   0.3025477E+00   0.3140897E+02   0.1063194E+03   0.3297592E+02   0.9131495E+01   0.3957985E+03   0.2402327E+02   0.1150854E+05   0.7067377E+03   0.2901761E-01   0.1217317E+01   0.4353144E+01   0.5510864E+01   0.1193749E+05   0.5599479E+01
   0.5141669E+00   0.6331665E+04   0.2241061E-01   0.1171120E+00   0.1041026E+01   0.4955486E-01   0.2971269E+01   0.3024894E+01   0.9657758E+00   0.9994323E+00   0.1978684E+03   0.3580640E+02   0.9401319E+02   0.4204836E+02   0.8616443E+01   0.6044985E+00   0.6345220E+00   0.2721851E+00   0.4704927E+00   0.9003377E+00   0.6841916E+00   0.1085130E+01   0.1319385E+01   0.9990149E+00   0.1001644E+01   0.9981396E+00   0.9874013E+00   0.6757019E+02   0.6930004E+00   0.3069996E+00   0.1401677E+00   0.6451439E-03   0.9471160E-01   0.7960906E+00   0.8053242E+00   0.4410943E+00   0.5925800E+00   0.9684673E+00   0.1001358E+03   0.2404305E+01   0.7127380E+01   0.2059182E+01   0.1864884E+01   0.1221914E+04   0.5728292E+04   0.2529886E+04   0.8160583E+03   0.2307228E+03   0.9657758E+00   0.2444063E+00   0.2457292E+00   0.2552165E+01   0.1385615E+02   0.1089544E+04   0.1455309E+03   0.1041260E+01   0.1397643E+02   0.1059780E+04   0.1481952E+03   0.1400254E+00   0.1605266E+00   0.3367938E+04   0.1022763E-01   0.8196069E+00   0.4526457E+00   0.7277731E+02   0.6419133E+03   0.8275954E+02   0.1532009E+04   0.8939743E+02   0.1985295E+04   0.9495331E+02   0.2310746E+04   0.2344495E+03   0.5787242E+04   0.4459645E+00   0.7360750E+00   0.4649768E+00   0.6529606E+00   0.4641228E+00   0.6112646E+00   0.4595935E+00   0.5817565E+00   0.2935136E+00   0.3027900E+00   0.2780240E+02   0.1036630E+03   0.2854157E+02   0.1026538E+02   0.3956900E+03   0.2285292E+02   0.1151322E+05   0.7066340E+03   0.5110499E-02   0.1539698E+01   0.3760658E+01   0.9362361E+01   0.1194203E+05   0.5305467E+01
   0.2714405E+00   0.6341054E+04   0.2211359E-01   0.1163809E+00   0.1040794E+01   0.3911623E-01   0.2879111E+01   0.3002441E+01   0.9591335E+00   0.1000420E+01   0.2118397E+03   0.2768116E+02   0.9568964E+02   0.4628759E+02   0.4333294E+01   0.8310633E+00   0.7396709E+00   0.9044546E+00   0.7593272E+01   0.5893944E+00   0.1148534E+01   0.6668732E+00   0.6034892E+00   0.9976624E+00   0.9984369E+00   0.1002473E+01   0.9914357E+00   0.6642761E+02   0.6846786E+00   0.3153214E+00   0.1391396E+00   0.6451439E-03   0.9242711E-01   0.7866211E+00   0.8064579E+00   0.4417152E+00   0.5894595E+00   0.9651421E+00   0.9911647E+02   0.2402043E+01   0.6034851E+01   0.2013463E+01   0.1861949E+01   0.1230480E+04   0.5723053E+04   0.2529389E+04   0.8148453E+03   0.2300638E+03   0.9591335E+00   0.2430285E+00   0.2443464E+00   0.2575843E+01   0.1398890E+02   0.1089758E+04   0.1464308E+03   0.1041115E+01   0.1406482E+02   0.1058941E+04   0.1492097E+03   0.1391067E+00   0.1605712E+00   0.3385433E+04   0.1021631E-01   0.8153595E+00   0.4506432E+00   0.7168032E+02   0.6523506E+03   0.8172686E+02   0.1554875E+04   0.8839487E+02   0.2013593E+04   0.9397003E+02   0.2342591E+04   0.2333312E+03   0.5843632E+04   0.4458826E+00   0.7265188E+00   0.4628556E+00   0.6436059E+00   0.4610598E+00   0.6021439E+00   0.4559364E+00   0.5728515E+00   0.2887136E+00   0.2974777E+00   0.2572484E+02   0.1066201E+03   0.3090741E+02   0.1130532E+02   0.3975942E+03   0.2347591E+02   0.1151990E+05   0.7068717E+03   0.7802303E-01   0.9818667E+00   0.5416454E+01   0.1648251E+02   0.1195228E+05   0.6476344E+01
   0.1878150E+00   0.6331961E+04   0.2228678E-01   0.1176900E+00   0.1040608E+01   0.3349640E-01   0.2969474E+01   0.3000134E+01   0.9619056E+00   0.1002944E+01   0.2595795E+03   0.4454503E+02   0.1075519E+03   0.3547530E+02   0.3941183E+01   0.5437249E+00   0.7364497E+00   0.6311621E+00   0.5276203E+01   0.8483573E+00   0.9220102E+00   0.1039508E+01   0.1077775E+01   0.9986650E+00   0.9999298E+00   0.9998085E+00   0.9899196E+00   0.6710144E+02   0.6876875E+00   0.3123125E+00   0.1406219E+00   0.6451439E-03   0.9435933E-01   0.7872048E+00   0.8031964E+00   0.4399288E+00   0.5884846E+00   0.9609965E+00   0.9943734E+02   0.2390160E+01   0.5378723E+01   0.2008822E+01   0.1878655E+01   0.1234145E+04   0.5765869E+04   0.2544345E+04   0.8190866E+03   0.2309943E+03   0.9619056E+00   0.2443313E+00   0.2456540E+00   0.2574671E+01   0.1388585E+02   0.1089749E+04   0.1454833E+03   0.1040850E+01   0.1397735E+02   0.1059513E+04   0.1481896E+03   0.1399473E+00   0.1606054E+00   0.3379728E+04   0.1026217E-01   0.8167941E+00   0.4512606E+00   0.7235865E+02   0.6460156E+03   0.8242213E+02   0.1540505E+04   0.8910594E+02   0.1995458E+04   0.9469644E+02   0.2321882E+04   0.2346627E+03   0.5800259E+04   0.4443291E+00   0.7273450E+00   0.4619703E+00   0.6446515E+00   0.4605156E+00   0.6032517E+00   0.4556210E+00   0.5739854E+00   0.2893862E+00   0.2983044E+00   0.3127525E+02   0.1070029E+03   0.3084605E+02   0.1214078E+02   0.3997559E+03   0.2306880E+02   0.1151268E+05   0.7067728E+03   0.4612438E-01   0.1156417E+01   0.4817390E+01   0.3486734E+01   0.1194764E+05   0.6019931E+01
   0.1299488E+00   0.6334273E+04   0.2228172E-01   0.1171197E+00   0.1040656E+01   0.3280886E-01   0.2937234E+01   0.2998436E+01   0.9603568E+00   0.1004347E+01   0.2709011E+03   0.3638059E+02   0.9841654E+02   0.4058636E+02   0.7304627E+00   0.4913531E+00   0.6111341E+00   0.9889358E-01   0.9422375E+01   0.1045091E+01   0.8276163E+00   0.9797267E+00   0.8734763E+00   0.9968630E+00   0.1002582E+01   0.9916110E+00   0.9913425E+00   0.6693665E+02   0.6874319E+00   0.3125681E+00   0.1400466E+00   0.6451439E-03   0.9374248E-01   0.7853023E+00   0.8015830E+00   0.4390451E+00   0.5871824E+00   0.9598533E+00   0.9941108E+02   0.2391119E+01   0.5287170E+01   0.2005414E+01   0.1878048E+01   0.1238130E+04   0.5777703E+04   0.2546388E+04   0.8199316E+03   0.2313435E+03   0.9603568E+00   0.2438917E+00   0.2452128E+00   0.2564419E+01   0.1391695E+02   0.1089670E+04   0.1458030E+03   0.1040914E+01   0.1400721E+02   0.1059437E+04   0.1485152E+03   0.1397275E+00   0.1605152E+00   0.3380620E+04   0.1024242E-01   0.8166253E+00   0.4511765E+00   0.7218395E+02   0.6475987E+03   0.8223005E+02   0.1544215E+04   0.8890192E+02   0.2000222E+04   0.9448224E+02   0.2327390E+04   0.2341739E+03   0.5813278E+04   0.4434251E+00   0.7255620E+00   0.4609662E+00   0.6430439E+00   0.4594850E+00   0.6017362E+00   0.4545816E+00   0.5725364E+00   0.2886497E+00   0.2975316E+00   0.3172269E+02   0.1104007E+03   0.3413013E+02   0.1286958E+02   0.3999904E+03   0.2316585E+02   0.1151088E+05   0.7067807E+03   0.4857845E-01   0.1096772E+01   0.4864268E+01   0.8850649E+01   0.1194690E+05   0.6009618E+01
   0.6448617E+00   0.6331820E+04   0.2203544E-01   0.1203660E+00   0.1040487E+01   0.3720048E-01   0.2979477E+01   0.3015478E+01   0.9570791E+00   0.1004611E+01   0.2332726E+03   0.4549172E+02   0.9897088E+02   0.4477141E+02   0.4934418E+01   0.8531177E+00   0.4849961E+00   0.8101572E+00   0.5341876E+01   0.9994393E+00   0.1028451E+01   0.9201357E+00   0.1161666E+01   0.9975117E+00   0.1001353E+01   0.9982295E+00   0.9884006E+00   0.6603577E+02   0.6719659E+00   0.3280341E+00   0.1430466E+00   0.6451439E-03   0.9446190E-01   0.8012876E+00   0.8378906E+00   0.4589316E+00   0.6064126E+00   0.9860498E+00   0.9753758E+02   0.2444760E+01   0.5885315E+01   0.2039884E+01   0.1893623E+01   0.1247481E+04   0.5752348E+04   0.2550419E+04   0.8187067E+03   0.2306625E+03   0.9570791E+00   0.2443616E+00   0.2456843E+00   0.2625989E+01   0.1391552E+02   0.1090315E+04   0.1449259E+03   0.1040747E+01   0.1392518E+02   0.1059132E+04   0.1477042E+03   0.1402193E+00   0.1608946E+00   0.3433628E+04   0.1043285E-01   0.8064417E+00   0.4460333E+00   0.7146107E+02   0.6552870E+03   0.8179953E+02   0.1558783E+04   0.8864188E+02   0.2016653E+04   0.9435380E+02   0.2344522E+04   0.2362118E+03   0.5814192E+04   0.4620757E+00   0.7388399E+00   0.4765244E+00   0.6531909E+00   0.4732335E+00   0.6105650E+00   0.4670297E+00   0.5805261E+00   0.2920878E+00   0.3004516E+00   0.3187493E+02   0.1096367E+03   0.3571133E+02   0.8999374E+01   0.3980338E+03   0.2412544E+02   0.1150530E+05   0.7074471E+03   0.3625752E+00   0.3126125E+00   0.1092265E+02   0.8135996E+01   0.1193646E+05   0.1159784E+02
   0.7778759E+00   0.6333924E+04   0.2175892E-01   0.1136486E+00   0.1041213E+01   0.4570271E-01   0.2654048E+01   0.3012097E+01   0.9501724E+00   0.1002672E+01   0.2527300E+03   0.3993975E+02   0.1126697E+03   0.3926231E+02   0.3675104E+01   0.6574906E+00   0.5403824E+00   0.5899546E-01   0.4344159E+01   0.9143383E+00   0.8360762E+00   0.8243256E+00   0.7171005E+00   0.9977021E+00   0.9990483E+00   0.9994094E+00   0.9876586E+00   0.6460388E+02   0.6740208E+00   0.3259792E+00   0.1360527E+00   0.6451439E-03   0.8789532E-01   0.7873488E+00   0.8207323E+00   0.4495336E+00   0.5949284E+00   0.9795754E+00   0.9793113E+02   0.2446287E+01   0.6764221E+01   0.2032998E+01   0.1855411E+01   0.1248046E+04   0.5730017E+04   0.2537666E+04   0.8187714E+03   0.2320041E+03   0.9501724E+00   0.2397186E+00   0.2410242E+00   0.2562254E+01   0.1424965E+02   0.1089737E+04   0.1486527E+03   0.1041722E+01   0.1426991E+02   0.1057720E+04   0.1515871E+03   0.1373045E+00   0.1603408E+00   0.3415542E+04   0.1014662E-01   0.8091603E+00   0.4476688E+00   0.6987620E+02   0.6699980E+03   0.7993555E+02   0.1594276E+04   0.8659614E+02   0.2062894E+04   0.9215770E+02   0.2398542E+04   0.2304205E+03   0.5953616E+04   0.4528620E+00   0.7261831E+00   0.4675124E+00   0.6422147E+00   0.4645089E+00   0.6003934E+00   0.4585671E+00   0.5709098E+00   0.2873718E+00   0.2956509E+00   0.3104287E+02   0.1076867E+03   0.3382871E+02   0.8734296E+01   0.3959009E+03   0.2500839E+02   0.1151450E+05   0.7073371E+03   0.2704712E+00   0.4556106E+00   0.8881415E+01   0.6756600E+01   0.1194415E+05   0.9607497E+01
   0.9672192E+00   0.6340397E+04   0.2180821E-01   0.1141789E+00   0.1041064E+01   0.4910425E-01   0.2717405E+01   0.3021524E+01   0.9564953E+00   0.1001863E+01   0.2500005E+03   0.2774228E+02   0.1276599E+03   0.2915656E+02   0.6746429E+01   0.4823641E+00   0.9815062E+00   0.3098873E-01   0.1324109E+00   0.8521191E+00   0.8117157E+00   0.1122383E+01   0.8488481E+00   0.9985386E+00   0.1000536E+01   0.9998683E+00   0.1001406E+01   0.6515320E+02   0.6781291E+00   0.3218709E+00   0.1366322E+00   0.6451439E-03   0.8902027E-01   0.7923917E+00   0.8207675E+00   0.4495529E+00   0.5968433E+00   0.9816848E+00   0.9840501E+02   0.2438814E+01   0.7130432E+01   0.2052254E+01   0.1860286E+01   0.1236660E+04   0.5718258E+04   0.2542348E+04   0.8210866E+03   0.2326690E+03   0.9564953E+00   0.2406373E+00   0.2419464E+00   0.2575746E+01   0.1418005E+02   0.1089786E+04   0.1481246E+03   0.1041530E+01   0.1422183E+02   0.1057911E+04   0.1510364E+03   0.1376464E+00   0.1604831E+00   0.3399635E+04   0.1014461E-01   0.8120563E+00   0.4491464E+00   0.7040811E+02   0.6646280E+03   0.8044088E+02   0.1582515E+04   0.8708997E+02   0.2048333E+04   0.9264475E+02   0.2382148E+04   0.2310278E+03   0.5924149E+04   0.4532301E+00   0.7312249E+00   0.4688872E+00   0.6470966E+00   0.4663322E+00   0.6051310E+00   0.4606670E+00   0.5755215E+00   0.2898381E+00   0.2983555E+00   0.2356559E+02   0.1068845E+03   0.2625858E+02   0.8498964E+01   0.3956946E+03   0.2398403E+02   0.1153368E+05   0.7071367E+03   0.1788689E+00   0.6252075E+00   0.7222946E+01   0.3770619E+01   0.1196186E+05   0.8027022E+01
   0.8614422E+00   0.6340010E+04   0.2177499E-01   0.1143852E+00   0.1040896E+01   0.5235816E-01   0.2687313E+01   0.3025675E+01   0.9559347E+00   0.1002749E+01   0.2329138E+03   0.2447700E+02   0.1048654E+03   0.4474312E+02   0.8573435E+01   0.7107293E+00   0.5559603E+00   0.4384649E-01   0.9227607E-01   0.1288332E+01   0.8256754E+00   0.9183073E+00   0.1154506E+01   0.9998950E+00   0.1000019E+01   0.1003878E+01   0.9887946E+00   0.6464417E+02   0.6726259E+00   0.3273741E+00   0.1368053E+00   0.6451439E-03   0.8843666E-01   0.7954613E+00   0.8309609E+00   0.4551361E+00   0.6017002E+00   0.9893601E+00   0.9772771E+02   0.2453409E+01   0.7475281E+01   0.2060792E+01   0.1855908E+01   0.1233732E+04   0.5691531E+04   0.2536995E+04   0.8201939E+03   0.2327589E+03   0.9559347E+00   0.2401967E+00   0.2415041E+00   0.2571199E+01   0.1422366E+02   0.1089816E+04   0.1482554E+03   0.1041373E+01   0.1423653E+02   0.1057835E+04   0.1511779E+03   0.1375953E+00   0.1603770E+00   0.3418414E+04   0.1017905E-01   0.8084727E+00   0.4472902E+00   0.6994037E+02   0.6694889E+03   0.8004375E+02   0.1592717E+04   0.8673141E+02   0.2060652E+04   0.9231461E+02   0.2395753E+04   0.2310179E+03   0.5942888E+04   0.4583827E+00   0.7335317E+00   0.4728704E+00   0.6485689E+00   0.4696762E+00   0.6062745E+00   0.4635660E+00   0.5764655E+00   0.2901133E+00   0.2984186E+00   0.2493443E+02   0.1073448E+03   0.3003148E+02   0.8456267E+01   0.3958743E+03   0.2376352E+02   0.1152678E+05   0.7074110E+03   0.3166256E+00   0.3806581E+00   0.9812100E+01   0.7228979E+01   0.1195487E+05   0.1050938E+02
   0.8343508E+00   0.6338105E+04   0.2177600E-01   0.1145427E+00   0.1040962E+01   0.5219148E-01   0.2709687E+01   0.3027356E+01   0.9562336E+00   0.1004341E+01   0.2112924E+03   0.2385033E+02   0.9556266E+02   0.4232078E+02   0.8079123E+01   0.5870912E+00   0.6329329E+00   0.2196709E+00   0.4901300E+01   0.1195106E+01   0.7757832E+00   0.1034593E+01   0.1206156E+01   0.9982338E+00   0.1001908E+01   0.1001909E+01   0.9906945E+00   0.6487488E+02   0.6745735E+00   0.3254265E+00   0.1369639E+00   0.6451439E-03   0.8885515E-01   0.7961608E+00   0.8292140E+00   0.4541792E+00   0.6013316E+00   0.9884678E+00   0.9796799E+02   0.2452132E+01   0.7466125E+01   0.2064257E+01   0.1859648E+01   0.1235919E+04   0.5703289E+04   0.2540109E+04   0.8205451E+03   0.2326633E+03   0.9562336E+00   0.2405119E+00   0.2418205E+00   0.2579057E+01   0.1419670E+02   0.1089852E+04   0.1480909E+03   0.1041437E+01   0.1421986E+02   0.1057873E+04   0.1510107E+03   0.1376755E+00   0.1604716E+00   0.3411628E+04   0.1017487E-01   0.8097540E+00   0.4479627E+00   0.7016295E+02   0.6672167E+03   0.8024925E+02   0.1587800E+04   0.8692855E+02   0.2054606E+04   0.9250612E+02   0.2388980E+04   0.2312072E+03   0.5931443E+04   0.4575718E+00   0.7343644E+00   0.4725133E+00   0.6495080E+00   0.4695412E+00   0.6072354E+00   0.4635766E+00   0.5774302E+00   0.2906686E+00   0.2990688E+00   0.2691843E+02   0.1076909E+03   0.2958901E+02   0.8622582E+01   0.3958759E+03   0.2362666E+02   0.1151528E+05   0.7073086E+03   0.2624876E+00   0.4956671E+00   0.8795998E+01   0.1593742E+02   0.1194341E+05   0.9554153E+01
   0.1112840E+01   0.6334331E+04   0.2209746E-01   0.1164046E+00   0.1041279E+01   0.5912702E-01   0.2838737E+01   0.3051414E+01   0.9538256E+00   0.1004821E+01   0.2265806E+03   0.3887507E+02   0.9847171E+02   0.4404983E+02   0.6323551E+01   0.5151748E+00   0.8078255E+00   0.2293759E+00   0.4124330E+01   0.1202115E+01   0.9956930E+00   0.9186554E+00   0.1018749E+01   0.9970443E+00   0.9986218E+00   0.9853125E+00   0.9973325E+00   0.6609070E+02   0.6814381E+00   0.3185619E+00   0.1391472E+00   0.6451439E-03   0.9196336E-01   0.8063682E+00   0.8309400E+00   0.4551246E+00   0.6058036E+00   0.9918893E+00   0.9876173E+02   0.2478887E+01   0.8140564E+01   0.2114523E+01   0.1878691E+01   0.1259980E+04   0.5790982E+04   0.2549072E+04   0.8198106E+03   0.2319683E+03   0.9538256E+00   0.2424666E+00   0.2437824E+00   0.2564665E+01   0.1401976E+02   0.1089742E+04   0.1466469E+03   0.1041623E+01   0.1407869E+02   0.1058865E+04   0.1494336E+03   0.1390234E+00   0.1605091E+00   0.3404499E+04   0.1024530E-01   0.8122501E+00   0.4490405E+00   0.7136845E+02   0.6554406E+03   0.8145396E+02   0.1561447E+04   0.8814295E+02   0.2021587E+04   0.9373337E+02   0.2351470E+04   0.2332408E+03   0.5856856E+04   0.4591296E+00   0.7444407E+00   0.4758025E+00   0.6591374E+00   0.4735846E+00   0.6165326E+00   0.4680773E+00   0.5864524E+00   0.2954484E+00   0.3042772E+00   0.3234090E+02   0.1075789E+03   0.3210110E+02   0.8360822E+01   0.3975923E+03   0.2549181E+02   0.1151241E+05   0.7069944E+03   0.1231727E+00   0.8201760E+00   0.6243485E+01   0.1062847E+02   0.1194385E+05   0.7186834E+01
   0.1036806E+01   0.6335104E+04   0.2198421E-01   0.1136330E+00   0.1041911E+01   0.5668624E-01   0.2683039E+01   0.3026824E+01   0.9485166E+00   0.9984167E+00   0.2018424E+03   0.5057842E+02   0.9259769E+02   0.4454954E+02   0.6654318E+01   0.6366984E+00   0.8635454E+00   0.7597612E+00   0.1292351E+01   0.9483068E+00   0.9289268E+00   0.9760897E+00   0.1176531E+01   0.9972579E+00   0.9994753E+00   0.9988547E+00   0.9989714E+00   0.6535461E+02   0.6809760E+00   0.3190240E+00   0.1362624E+00   0.6451439E-03   0.8905374E-01   0.7913774E+00   0.8160837E+00   0.4469875E+00   0.5947569E+00   0.9789162E+00   0.9879601E+02   0.2458714E+01   0.7856750E+01   0.2063161E+01   0.1842027E+01   0.1250492E+04   0.5725828E+04   0.2516440E+04   0.8109768E+03   0.2298673E+03   0.9485166E+00   0.2402447E+00   0.2415523E+00   0.2530686E+01   0.1417200E+02   0.1089479E+04   0.1483202E+03   0.1042375E+01   0.1422907E+02   0.1058292E+04   0.1511691E+03   0.1377813E+00   0.1602445E+00   0.3406833E+04   0.1014152E-01   0.8118906E+00   0.4489476E+00   0.7057974E+02   0.6628004E+03   0.8056571E+02   0.1578863E+04   0.8718798E+02   0.2044059E+04   0.9272231E+02   0.2377547E+04   0.2307962E+03   0.5920500E+04   0.4509050E+00   0.7305589E+00   0.4671675E+00   0.6468009E+00   0.4649384E+00   0.6049753E+00   0.4594981E+00   0.5754479E+00   0.2899084E+00   0.2985403E+00   0.3110771E+02   0.1039721E+03   0.3011703E+02   0.8483537E+01   0.3968068E+03   0.2632698E+02   0.1152066E+05   0.7070132E+03   0.1173877E+00   0.8201760E+00   0.5981633E+01   0.4003221E+01   0.1195227E+05   0.6919197E+01
   0.2529764E+00   0.6333064E+04   0.2196495E-01   0.1114612E+00   0.1041778E+01   0.4282517E-01   0.2595435E+01   0.2997207E+01   0.9489776E+00   0.1000372E+01   0.2468435E+03   0.3106223E+02   0.9826380E+02   0.4378623E+02   0.4819167E+01   0.7855238E+00   0.4228093E+00   0.9461491E-01   0.2101260E+01   0.8310300E+00   0.1104369E+01   0.9517150E+00   0.1099455E+01   0.9970930E+00   0.1002403E+01   0.1006666E+01   0.9959095E+00   0.6503235E+02   0.6829872E+00   0.3170128E+00   0.1340713E+00   0.6451439E-03   0.8718969E-01   0.7750815E+00   0.7967557E+00   0.4364011E+00   0.5815896E+00   0.9611312E+00   0.9904417E+02   0.2415999E+01   0.6376648E+01   0.2002951E+01   0.1838539E+01   0.1245854E+04   0.5743163E+04   0.2526582E+04   0.8167611E+03   0.2318163E+03   0.9489776E+00   0.2389904E+00   0.2402933E+00   0.2503102E+01   0.1426766E+02   0.1089215E+04   0.1494235E+03   0.1042305E+01   0.1433588E+02   0.1057987E+04   0.1522998E+03   0.1369851E+00   0.1599751E+00   0.3393742E+04   0.1003993E-01   0.8139962E+00   0.4500579E+00   0.7020013E+02   0.6662335E+03   0.8008198E+02   0.1587541E+04   0.8663816E+02   0.2055619E+04   0.9211865E+02   0.2391258E+04   0.2289914E+03   0.5960253E+04   0.4404116E+00   0.7157060E+00   0.4567757E+00   0.6338592E+00   0.4548184E+00   0.5929567E+00   0.4496428E+00   0.5640692E+00   0.2842635E+00   0.2928013E+00   0.2706409E+02   0.1060303E+03   0.3262527E+02   0.1138431E+02   0.3964287E+03   0.2517122E+02   0.1151481E+05   0.7069336E+03   0.8520987E-01   0.9265765E+00   0.5357130E+01   0.5033493E+01   0.1194779E+05   0.6368916E+01
   0.5616256E+00   0.6328293E+04   0.2231329E-01   0.1162956E+00   0.1041475E+01   0.5084530E-01   0.2892653E+01   0.3024261E+01   0.9630500E+00   0.9994448E+00   0.2242342E+03   0.3452585E+02   0.9217432E+02   0.4383262E+02   0.3503318E+01   0.8084636E+00   0.5039069E+00   0.6303197E+00   0.4907412E+01   0.9488244E+00   0.9623727E+00   0.7917943E+00   0.8075274E+00   0.9976509E+00   0.9999855E+00   0.1003095E+01   0.9902297E+00   0.6700623E+02   0.6898460E+00   0.3101540E+00   0.1392540E+00   0.6451439E-03   0.9330887E-01   0.7954419E+00   0.8087915E+00   0.4429933E+00   0.5936122E+00   0.9717418E+00   0.9979679E+02   0.2414138E+01   0.7261658E+01   0.2057880E+01   0.1858901E+01   0.1224172E+04   0.5715415E+04   0.2527473E+04   0.8160867E+03   0.2310799E+03   0.9630500E+00   0.2432969E+00   0.2446158E+00   0.2542979E+01   0.1393296E+02   0.1089514E+04   0.1462276E+03   0.1041765E+01   0.1403653E+02   0.1059399E+04   0.1489366E+03   0.1394893E+00   0.1604535E+00   0.3381940E+04   0.1021525E-01   0.8170868E+00   0.4514123E+00   0.7221874E+02   0.6471109E+03   0.8220721E+02   0.1543637E+04   0.8884443E+02   0.1999855E+04   0.9439748E+02   0.2327277E+04   0.2335841E+03   0.5819694E+04   0.4476339E+00   0.7351651E+00   0.4659326E+00   0.6518126E+00   0.4647109E+00   0.6100485E+00   0.4599338E+00   0.5805116E+00   0.2927702E+00   0.3018782E+00   0.2682616E+02   0.1027579E+03   0.3092551E+02   0.1001198E+02   0.3957135E+03   0.2315650E+02   0.1151161E+05   0.7067109E+03   0.1971522E-01   0.1342563E+01   0.4103640E+01   0.3916245E+01   0.1194049E+05   0.5465919E+01
   0.3445281E+00   0.6333616E+04   0.2252413E-01   0.1157335E+00   0.1041018E+01   0.4704456E-01   0.2918329E+01   0.3020738E+01   0.9659685E+00   0.1001512E+01   0.2455256E+03   0.3859271E+02   0.1107429E+03   0.4136766E+02   0.3030796E+01   0.9478018E+00   0.6094149E-01   0.6371474E+00   0.1845283E+01   0.7558752E+00   0.8217755E+00   0.8681142E+00   0.1106531E+01   0.9976683E+00   0.1001656E+01   0.1004098E+01   0.9927858E+00   0.6752991E+02   0.6954079E+00   0.3045921E+00   0.1389028E+00   0.6451439E-03   0.9380090E-01   0.7908543E+00   0.7968841E+00   0.4364714E+00   0.5875247E+00   0.9623841E+00   0.1004276E+03   0.2393753E+01   0.6816101E+01   0.2050643E+01   0.1866498E+01   0.1224630E+04   0.5761962E+04   0.2540239E+04   0.8212152E+03   0.2326715E+03   0.9659685E+00   0.2437293E+00   0.2450498E+00   0.2513937E+01   0.1389539E+02   0.1089232E+04   0.1460805E+03   0.1041262E+01   0.1402917E+02   0.1059895E+04   0.1487157E+03   0.1397742E+00   0.1602104E+00   0.3361533E+04   0.1017148E-01   0.8210331E+00   0.4533021E+00   0.7269117E+02   0.6425009E+03   0.8259903E+02   0.1533990E+04   0.8919107E+02   0.1988241E+04   0.9471026E+02   0.2314487E+04   0.2334648E+03   0.5803340E+04   0.4415215E+00   0.7314671E+00   0.4609291E+00   0.6491310E+00   0.4603567E+00   0.6077871E+00   0.4560459E+00   0.5785137E+00   0.2919787E+00   0.3013084E+00   0.2497877E+02   0.1073858E+03   0.3207068E+02   0.1111372E+02   0.3959007E+03   0.2262071E+02   0.1151933E+05   0.7065864E+03   0.1759075E-03   0.1677296E+01   0.3544853E+01   0.6459375E+01   0.1194896E+05   0.5222326E+01
   0.1066714E+01   0.6333133E+04   0.2225573E-01   0.1188969E+00   0.1040974E+01   0.5096544E-01   0.3002520E+01   0.3044549E+01   0.9621985E+00   0.1005129E+01   0.2435533E+03   0.3617089E+02   0.1035109E+03   0.3458548E+02   0.4764695E+00   0.4820501E+00   0.2632332E+00   0.7526635E+00   0.8483349E+01   0.8847632E+00   0.8478870E+00   0.1080956E+01   0.1195759E+01   0.9987961E+00   0.1003070E+01   0.1000545E+01   0.9923184E+00   0.6715637E+02   0.6855911E+00   0.3144089E+00   0.1417977E+00   0.6451439E-03   0.9522621E-01   0.8085878E+00   0.8277782E+00   0.4533928E+00   0.6054815E+00   0.9866965E+00   0.9921159E+02   0.2448798E+01   0.7337952E+01   0.2100055E+01   0.1896543E+01   0.1247053E+04   0.5795231E+04   0.2561147E+04   0.8234857E+03   0.2324857E+03   0.9621985E+00   0.2447647E+00   0.2460889E+00   0.2592087E+01   0.1384851E+02   0.1089924E+04   0.1450234E+03   0.1041191E+01   0.1392860E+02   0.1059551E+04   0.1477322E+03   0.1402725E+00   0.1607940E+00   0.3392914E+04   0.1032526E-01   0.8146449E+00   0.4501709E+00   0.7245077E+02   0.6453479E+03   0.8258189E+02   0.1538402E+04   0.8930741E+02   0.1992401E+04   0.9493130E+02   0.2318053E+04   0.2355769E+03   0.5784890E+04   0.4577435E+00   0.7468931E+00   0.4753896E+00   0.6617481E+00   0.4736477E+00   0.6191556E+00   0.4684518E+00   0.5890589E+00   0.2968985E+00   0.3059591E+00   0.2900654E+02   0.1081581E+03   0.2906263E+02   0.8599661E+01   0.3957862E+03   0.2382592E+02   0.1151576E+05   0.7068402E+03   0.6791614E-01   0.1038582E+01   0.5234979E+01   0.9116359E+01   0.1194397E+05   0.6341477E+01
   0.9562330E+00   0.6332115E+04   0.2234153E-01   0.1198485E+00   0.1040329E+01   0.4982606E-01   0.3032900E+01   0.3041808E+01   0.9630942E+00   0.1005039E+01   0.2816184E+03   0.4952247E+02   0.1056307E+03   0.3762079E+02   0.2824656E+01   0.6120477E+00   0.6494341E+00   0.4908013E+00   0.2433437E+01   0.9813664E+00   0.1028434E+01   0.1100664E+01   0.1150301E+01   0.9977448E+00   0.1000426E+01   0.9965297E+00   0.9857520E+00   0.6703186E+02   0.6821132E+00   0.3178868E+00   0.1428351E+00   0.6451439E-03   0.9574505E-01   0.8090590E+00   0.8328290E+00   0.4561592E+00   0.6075029E+00   0.9881880E+00   0.9869003E+02   0.2448768E+01   0.7218933E+01   0.2094307E+01   0.1895667E+01   0.1242242E+04   0.5779633E+04   0.2555490E+04   0.8219094E+03   0.2320979E+03   0.9630942E+00   0.2452086E+00   0.2465344E+00   0.2586306E+01   0.1383107E+02   0.1089930E+04   0.1445577E+03   0.1040524E+01   0.1389278E+02   0.1059856E+04   0.1472285E+03   0.1407501E+00   0.1606616E+00   0.3403890E+04   0.1037988E-01   0.8124481E+00   0.4489455E+00   0.7237499E+02   0.6462753E+03   0.8258501E+02   0.1539778E+04   0.8935763E+02   0.1993640E+04   0.9501843E+02   0.2319050E+04   0.2363324E+03   0.5777961E+04   0.4602044E+00   0.7469884E+00   0.4770826E+00   0.6614612E+00   0.4749351E+00   0.6187338E+00   0.4694622E+00   0.5885629E+00   0.2965099E+00   0.3054149E+00   0.3145455E+02   0.1067724E+03   0.3280337E+02   0.8691065E+01   0.3957185E+03   0.2346878E+02   0.1151424E+05   0.7069674E+03   0.1355428E+00   0.7688989E+00   0.6754479E+01   0.7484917E+01   0.1194212E+05   0.7658920E+01
   0.7139334E+00   0.6334809E+04   0.2231246E-01   0.1209103E+00   0.1040303E+01   0.4205458E-01   0.3127822E+01   0.3023795E+01   0.9619351E+00   0.1001749E+01   0.2334197E+03   0.3661203E+02   0.1133689E+03   0.3525350E+02   0.4035457E+01   0.6182620E+00   0.8788958E+00   0.7036676E+00   0.5448251E+01   0.1277666E+01   0.1340481E+01   0.1084217E+01   0.1121896E+01   0.9980045E+00   0.1000713E+01   0.1001267E+01   0.9977164E+00   0.6773132E+02   0.6863937E+00   0.3136063E+00   0.1438679E+00   0.6451439E-03   0.9744363E-01   0.8022621E+00   0.8202534E+00   0.4492713E+00   0.6003610E+00   0.9748134E+00   0.9923188E+02   0.2423226E+01   0.6410217E+01   0.2056920E+01   0.1890990E+01   0.1240841E+04   0.5769011E+04   0.2539766E+04   0.8135140E+03   0.2285743E+03   0.9619351E+00   0.2464616E+00   0.2477920E+00   0.2624751E+01   0.1374071E+02   0.1090152E+04   0.1438356E+03   0.1040447E+01   0.1382440E+02   0.1059933E+04   0.1465081E+03   0.1411265E+00   0.1610257E+00   0.3385393E+04   0.1038917E-01   0.8157362E+00   0.4506858E+00   0.7305907E+02   0.6399158E+03   0.8325393E+02   0.1525648E+04   0.9002301E+02   0.1976011E+04   0.9568390E+02   0.2299088E+04   0.2373158E+03   0.5739775E+04   0.4536332E+00   0.7411275E+00   0.4713197E+00   0.6567241E+00   0.4696848E+00   0.6144894E+00   0.4645930E+00   0.5846408E+00   0.2946867E+00   0.3037242E+00   0.2900331E+02   0.1104339E+03   0.3302479E+02   0.9429365E+01   0.3966981E+03   0.2385517E+02   0.1151875E+05   0.7068136E+03   0.6634622E-01   0.1038582E+01   0.5317064E+01   0.7646466E+01   0.1194874E+05   0.6421992E+01
   0.8874522E+00   0.6334558E+04   0.2229498E-01   0.1217551E+00   0.1040140E+01   0.4883895E-01   0.3209843E+01   0.3038107E+01   0.9668468E+00   0.1000706E+01   0.2783602E+03   0.5912033E+02   0.1263211E+03   0.3581537E+02   0.1828108E+01   0.5242838E+00   0.8410258E+00   0.6324916E+00   0.2387645E+01   0.9614028E+00   0.1051260E+01   0.9509232E+00   0.8755888E+00   0.9988683E+00   0.1000404E+01   0.1003645E+01   0.9994597E+00   0.6831360E+02   0.6899442E+00   0.3100558E+00   0.1446952E+00   0.6451439E-03   0.9884652E-01   0.8098014E+00   0.8232616E+00   0.4509189E+00   0.6042804E+00   0.9797718E+00   0.9967287E+02   0.2425671E+01   0.7173157E+01   0.2086570E+01   0.1892396E+01   0.1231288E+04   0.5746823E+04   0.2537157E+04   0.8121140E+03   0.2279106E+03   0.9668468E+00   0.2475342E+00   0.2488685E+00   0.2656579E+01   0.1366737E+02   0.1090328E+04   0.1432329E+03   0.1040230E+01   0.1376935E+02   0.1060009E+04   0.1459049E+03   0.1414446E+00   0.1613058E+00   0.3368260E+04   0.1039274E-01   0.8187160E+00   0.4522522E+00   0.7362740E+02   0.6347223E+03   0.8380783E+02   0.1514111E+04   0.9057277E+02   0.1961620E+04   0.9623276E+02   0.2282795E+04   0.2381084E+03   0.5708756E+04   0.4556115E+00   0.7484421E+00   0.4742579E+00   0.6635890E+00   0.4730239E+00   0.6210716E+00   0.4681674E+00   0.5910014E+00   0.2980246E+00   0.3073239E+00   0.3469648E+02   0.1112286E+03   0.3308687E+02   0.9099537E+01   0.3957388E+03   0.2325498E+02   0.1152557E+05   0.7067083E+03   0.2818664E-01   0.1279349E+01   0.4466134E+01   0.2973001E+01   0.1195366E+05   0.5773670E+01
   0.8247053E+00   0.6329743E+04   0.2244688E-01   0.1243085E+00   0.1040060E+01   0.5218092E-01   0.3328354E+01   0.3050970E+01   0.9710979E+00   0.1000033E+01   0.2260406E+03   0.4607652E+02   0.9480703E+02   0.4320462E+02   0.5882907E+01   0.6954536E+00   0.5375409E+00   0.3540042E+00   0.3826488E+01   0.8601235E+00   0.7967163E+00   0.1026057E+01   0.1152763E+01   0.9977800E+00   0.1002943E+01   0.9986112E+00   0.9941579E+00   0.6888489E+02   0.6893645E+00   0.3106355E+00   0.1474005E+00   0.6451439E-03   0.1015367E+00   0.8205135E+00   0.8349311E+00   0.4573106E+00   0.6125598E+00   0.9886071E+00   0.9954891E+02   0.2436598E+01   0.7545471E+01   0.2113585E+01   0.1904127E+01   0.1227304E+04   0.5743365E+04   0.2541236E+04   0.8130104E+03   0.2280832E+03   0.9710979E+00   0.2491287E+00   0.2504687E+00   0.2668458E+01   0.1354691E+02   0.1090468E+04   0.1419158E+03   0.1040055E+01   0.1364504E+02   0.1060658E+04   0.1445149E+03   0.1426116E+00   0.1614434E+00   0.3378921E+04   0.1050645E-01   0.8172330E+00   0.4513652E+00   0.7425279E+02   0.6294177E+03   0.8453520E+02   0.1501320E+04   0.9136700E+02   0.1944958E+04   0.9708251E+02   0.2263332E+04   0.2403055E+03   0.5658505E+04   0.4620034E+00   0.7582816E+00   0.4807613E+00   0.6722455E+00   0.4794403E+00   0.6291451E+00   0.4744715E+00   0.5986662E+00   0.3018489E+00   0.3112509E+00   0.3335553E+02   0.1070258E+03   0.3410664E+02   0.9230396E+01   0.3958658E+03   0.2296088E+02   0.1151159E+05   0.7067241E+03   0.3770452E-01   0.1156417E+01   0.4756506E+01   0.7164358E+01   0.1193965E+05   0.5950627E+01
   0.8334068E+00   0.6332977E+04   0.2245268E-01   0.1155401E+00   0.1041267E+01   0.5084164E-01   0.2879980E+01   0.3031386E+01   0.9652789E+00   0.1002551E+01   0.1753649E+03   0.2752309E+02   0.1258394E+03   0.2565155E+02   0.7473190E+01   0.9277811E+00   0.1859331E+00   0.6632688E+00   0.1017701E+01   0.7798326E+00   0.7588635E+00   0.1111406E+01   0.1153246E+01   0.9972548E+00   0.9998806E+00   0.1001650E+01   0.9971032E+00   0.6717102E+02   0.6927315E+00   0.3072685E+00   0.1386379E+00   0.6451439E-03   0.9312448E-01   0.7959210E+00   0.8055052E+00   0.4411934E+00   0.5925834E+00   0.9711336E+00   0.1001191E+03   0.2412565E+01   0.7218933E+01   0.2072595E+01   0.1872207E+01   0.1229793E+04   0.5771527E+04   0.2550237E+04   0.8250378E+03   0.2340790E+03   0.9652789E+00   0.2431800E+00   0.2444984E+00   0.2513175E+01   0.1393519E+02   0.1089262E+04   0.1463869E+03   0.1041554E+01   0.1405466E+02   0.1059666E+04   0.1490511E+03   0.1395235E+00   0.1602072E+00   0.3372762E+04   0.1017869E-01   0.8189640E+00   0.4522822E+00   0.7235061E+02   0.6457196E+03   0.8228163E+02   0.1541025E+04   0.8888505E+02   0.1996933E+04   0.9441187E+02   0.2324256E+04   0.2331574E+03   0.5820287E+04   0.4460582E+00   0.7358922E+00   0.4650069E+00   0.6527701E+00   0.4641214E+00   0.6110747E+00   0.4595714E+00   0.5815688E+00   0.2934197E+00   0.3026739E+00   0.2071931E+02   0.1033635E+03   0.2756163E+02   0.9293530E+01   0.3956971E+03   0.2287146E+02   0.1151828E+05   0.7066399E+03   0.5617622E-02   0.1539698E+01   0.3761681E+01   0.7861247E+01   0.1194615E+05   0.5306997E+01
   0.1084092E+01   0.6330987E+04   0.2239269E-01   0.1138806E+00   0.1041601E+01   0.5696699E-01   0.2761958E+01   0.3037191E+01   0.9618894E+00   0.1002108E+01   0.2368424E+03   0.2896235E+02   0.1207682E+03   0.3154408E+02   0.7355107E+01   0.9409396E+00   0.1178145E+00   0.5664300E+00   0.2214092E+01   0.1082153E+01   0.8531926E+00   0.8590298E+00   0.9233920E+00   0.9986561E+00   0.9975034E+00   0.9919241E+00   0.9823658E+00   0.6642761E+02   0.6897122E+00   0.3102878E+00   0.1369184E+00   0.6451439E-03   0.9095165E-01   0.7956460E+00   0.8091734E+00   0.4432025E+00   0.5938285E+00   0.9762152E+00   0.9977624E+02   0.2430235E+01   0.7807922E+01   0.2084659E+01   0.1860177E+01   0.1232520E+04   0.5757990E+04   0.2544448E+04   0.8248323E+03   0.2347415E+03   0.9618894E+00   0.2415251E+00   0.2428375E+00   0.2483129E+01   0.1405242E+02   0.1089072E+04   0.1475046E+03   0.1041972E+01   0.1415629E+02   0.1059322E+04   0.1502030E+03   0.1387566E+00   0.1599362E+00   0.3385603E+04   0.1013431E-01   0.8166455E+00   0.4511226E+00   0.7159949E+02   0.6527158E+03   0.8150518E+02   0.1556980E+04   0.8808721E+02   0.2017124E+04   0.9359401E+02   0.2347358E+04   0.2316132E+03   0.5869598E+04   0.4478339E+00   0.7353452E+00   0.4661162E+00   0.6519636E+00   0.4648827E+00   0.6101866E+00   0.4600965E+00   0.5806412E+00   0.2928497E+00   0.3019447E+00   0.2344151E+02   0.1027266E+03   0.2775350E+02   0.8693053E+01   0.3964644E+03   0.2336719E+02   0.1151400E+05   0.7067145E+03   0.2071476E-01   0.1342563E+01   0.4131272E+01   0.7244280E+01   0.1194252E+05   0.5494550E+01
   0.1276624E+01   0.6329695E+04   0.2238564E-01   0.1141326E+00   0.1041602E+01   0.6056633E-01   0.2748308E+01   0.3044823E+01   0.9607082E+00   0.1002317E+01   0.2379602E+03   0.3402538E+02   0.1339162E+03   0.2265775E+02   0.4045948E+01   0.7250268E+00   0.1306939E+00   0.3087709E+00   0.1449446E+01   0.6840192E+00   0.6957042E+00   0.1098698E+01   0.9577719E+00   0.9980169E+00   0.1000365E+01   0.9930761E+00   0.9840656E+00   0.6616760E+02   0.6867093E+00   0.3132907E+00   0.1371634E+00   0.6451439E-03   0.9075774E-01   0.7996934E+00   0.8172155E+00   0.4476074E+00   0.5982881E+00   0.9831070E+00   0.9939194E+02   0.2447037E+01   0.8161926E+01   0.2100631E+01   0.1860984E+01   0.1235946E+04   0.5756452E+04   0.2544537E+04   0.8248999E+03   0.2349476E+03   0.9607082E+00   0.2413317E+00   0.2426433E+00   0.2479675E+01   0.1406937E+02   0.1089089E+04   0.1475135E+03   0.1041980E+01   0.1415704E+02   0.1059322E+04   0.1502124E+03   0.1387949E+00   0.1598836E+00   0.3398166E+04   0.1016221E-01   0.8143600E+00   0.4499345E+00   0.7136839E+02   0.6550508E+03   0.8131890E+02   0.1561813E+04   0.8792623E+02   0.2022904E+04   0.9345209E+02   0.2353691E+04   0.2317289E+03   0.5877017E+04   0.4520144E+00   0.7387931E+00   0.4697261E+00   0.6546995E+00   0.4681385E+00   0.6126142E+00   0.4630913E+00   0.5828689E+00   0.2938576E+00   0.3028541E+00   0.2315773E+02   0.1042725E+03   0.2799078E+02   0.8277240E+01   0.3976719E+03   0.2369317E+02   0.1150901E+05   0.7068033E+03   0.4938562E-01   0.1096772E+01   0.4785946E+01   0.8005772E+01   0.1193865E+05   0.5932103E+01
   0.9548652E+00   0.6326258E+04   0.2214267E-01   0.1171374E+00   0.1041018E+01   0.6075212E-01   0.2942103E+01   0.3047185E+01   0.9693783E+00   0.1000957E+01   0.2425363E+03   0.3374055E+02   0.1102264E+03   0.3414149E+02   0.1611070E+01   0.6641676E+00   0.5350754E+00   0.8153667E+00   0.6946398E+01   0.1018082E+01   0.1086391E+01   0.9751530E+00   0.9071943E+00   0.9972319E+00   0.1000930E+01   0.9986794E+00   0.9899593E+00   0.6699524E+02   0.6882489E+00   0.3117511E+00   0.1399252E+00   0.6451439E-03   0.9374322E-01   0.8082253E+00   0.8239025E+00   0.4512700E+00   0.6039270E+00   0.9874395E+00   0.9958263E+02   0.2431567E+01   0.8317566E+01   0.2105599E+01   0.1864692E+01   0.1212303E+04   0.5676838E+04   0.2532712E+04   0.8181899E+03   0.2316599E+03   0.9693783E+00   0.2439004E+00   0.2452215E+00   0.2592477E+01   0.1391501E+02   0.1089853E+04   0.1458812E+03   0.1041289E+01   0.1400967E+02   0.1059132E+04   0.1486413E+03   0.1394706E+00   0.1607827E+00   0.3375436E+04   0.1023011E-01   0.8174645E+00   0.4517278E+00   0.7223391E+02   0.6470910E+03   0.8226575E+02   0.1543203E+04   0.8892938E+02   0.1999041E+04   0.9450339E+02   0.2326122E+04   0.2340976E+03   0.5812379E+04   0.4558463E+00   0.7468222E+00   0.4740832E+00   0.6619751E+00   0.4726549E+00   0.6194881E+00   0.4676739E+00   0.5894497E+00   0.2972124E+00   0.3063908E+00   0.2700828E+02   0.1071876E+03   0.3128771E+02   0.8905391E+01   0.3977105E+03   0.2214716E+02   0.1150834E+05   0.7067560E+03   0.3387345E-01   0.1217317E+01   0.4449217E+01   0.2960527E+01   0.1193710E+05   0.5700408E+01
   0.9319699E+00   0.6330043E+04   0.2238124E-01   0.1194826E+00   0.1040931E+01   0.5902704E-01   0.3038146E+01   0.3055596E+01   0.9685332E+00   0.1002223E+01   0.2268805E+03   0.3807901E+02   0.1201890E+03   0.3182370E+02   0.4123181E+01   0.8846042E+00   0.2767681E+00   0.9177172E+00   0.1828300E+01   0.1173473E+01   0.1144974E+01   0.1079648E+01   0.1240777E+01   0.9978913E+00   0.1002011E+01   0.1005709E+01   0.9951054E+00   0.6745667E+02   0.6868210E+00   0.3131790E+00   0.1425090E+00   0.6451439E-03   0.9613184E-01   0.8153495E+00   0.8330662E+00   0.4562891E+00   0.6099468E+00   0.9927305E+00   0.9933271E+02   0.2448430E+01   0.8143616E+01   0.2123383E+01   0.1886940E+01   0.1227214E+04   0.5737617E+04   0.2548701E+04   0.8217602E+03   0.2325121E+03   0.9685332E+00   0.2452948E+00   0.2466210E+00   0.2580671E+01   0.1380187E+02   0.1089852E+04   0.1445958E+03   0.1041126E+01   0.1388841E+02   0.1059933E+04   0.1472541E+03   0.1407321E+00   0.1607327E+00   0.3393686E+04   0.1035242E-01   0.8148590E+00   0.4501894E+00   0.7275695E+02   0.6425411E+03   0.8289818E+02   0.1532013E+04   0.8963232E+02   0.1984324E+04   0.9526431E+02   0.2308816E+04   0.2362054E+03   0.5765269E+04   0.4607592E+00   0.7532626E+00   0.4788355E+00   0.6675268E+00   0.4772268E+00   0.6246182E+00   0.4720878E+00   0.5942904E+00   0.2995798E+00   0.3087790E+00   0.2451713E+02   0.1067923E+03   0.3144644E+02   0.8910117E+01   0.3971935E+03   0.2281295E+02   0.1151213E+05   0.7067998E+03   0.5555883E-01   0.1096772E+01   0.5017607E+01   0.6068872E+01   0.1194105E+05   0.6169938E+01
   0.9268189E+00   0.6329199E+04   0.2240131E-01   0.1199922E+00   0.1040918E+01   0.5847254E-01   0.3042836E+01   0.3051277E+01   0.9665135E+00   0.1001570E+01   0.2475556E+03   0.3539368E+02   0.1038376E+03   0.3501885E+02   0.3223571E+01   0.5066974E+00   0.5537924E+00   0.5172613E+00   0.8255529E+01   0.8171243E+00   0.9718252E+00   0.1119250E+01   0.1264223E+01   0.9975443E+00   0.1002624E+01   0.9976291E+00   0.9903801E+00   0.6734314E+02   0.6845964E+00   0.3154036E+00   0.1430386E+00   0.6451439E-03   0.9632670E-01   0.8144364E+00   0.8350834E+00   0.4573940E+00   0.6103428E+00   0.9924542E+00   0.9904456E+02   0.2451223E+01   0.8091736E+01   0.2114233E+01   0.1880893E+01   0.1227210E+04   0.5720877E+04   0.2537354E+04   0.8174559E+03   0.2311926E+03   0.9665135E+00   0.2453655E+00   0.2466919E+00   0.2578569E+01   0.1379750E+02   0.1089876E+04   0.1444253E+03   0.1041105E+01   0.1387231E+02   0.1060009E+04   0.1470745E+03   0.1409205E+00   0.1607041E+00   0.3404213E+04   0.1038779E-01   0.8130264E+00   0.4492175E+00   0.7267183E+02   0.6434545E+03   0.8285887E+02   0.1533657E+04   0.8962005E+02   0.1986105E+04   0.9527307E+02   0.2310605E+04   0.2365759E+03   0.5763682E+04   0.4616654E+00   0.7521991E+00   0.4792204E+00   0.6663437E+00   0.4773520E+00   0.6234116E+00   0.4720414E+00   0.5930810E+00   0.2988810E+00   0.3079642E+00   0.3029188E+02   0.1092686E+03   0.3111900E+02   0.8846398E+01   0.3971048E+03   0.2301604E+02   0.1150733E+05   0.7068746E+03   0.8669441E-01   0.9265765E+00   0.5687333E+01   0.8526793E+01   0.1193630E+05   0.6700603E+01
   0.6131143E+00   0.6338230E+04   0.2267646E-01   0.1274283E+00   0.1039887E+01   0.4998653E-01   0.3473851E+01   0.3052114E+01   0.9759337E+00   0.9995093E+00   0.1999099E+03   0.5108669E+02   0.1203551E+03   0.3506045E+02   0.5150460E+01   0.7199642E+00   0.9436934E+00   0.9047271E+00   0.5854731E+00   0.8679480E+00   0.1124809E+01   0.9858658E+00   0.9523167E+00   0.9962863E+00   0.9986311E+00   0.9989201E+00   0.9998166E+00   0.6960632E+02   0.6888574E+00   0.3111426E+00   0.1507499E+00   0.6451439E-03   0.1049314E+00   0.8272460E+00   0.8424688E+00   0.4614392E+00   0.6178379E+00   0.9915402E+00   0.9941001E+02   0.2432534E+01   0.7328796E+01   0.2116003E+01   0.1914690E+01   0.1219707E+04   0.5735259E+04   0.2542209E+04   0.8130086E+03   0.2278966E+03   0.9759337E+00   0.2510746E+00   0.2524216E+00   0.2675074E+01   0.1340026E+02   0.1090581E+04   0.1403156E+03   0.1039770E+01   0.1349487E+02   0.1061497E+04   0.1428175E+03   0.1441133E+00   0.1615389E+00   0.3392204E+04   0.1064652E-01   0.8154550E+00   0.4502661E+00   0.7504011E+02   0.6228488E+03   0.8544496E+02   0.1485535E+04   0.9235733E+02   0.1924433E+04   0.9813987E+02   0.2239384E+04   0.2430043E+03   0.5597302E+04   0.4661036E+00   0.7644502E+00   0.4848976E+00   0.6776548E+00   0.4835043E+00   0.6341826E+00   0.4784530E+00   0.6034440E+00   0.3042159E+00   0.3136811E+00   0.2957651E+02   0.1068973E+03   0.3284959E+02   0.9809079E+01   0.3957431E+03   0.2236997E+02   0.1153061E+05   0.7067383E+03   0.5000011E-01   0.1096772E+01   0.5142727E+01   0.4895449E+01   0.1195854E+05   0.6289499E+01
   0.7762334E+00   0.6331352E+04   0.2237694E-01   0.1229467E+00   0.1040528E+01   0.5334914E-01   0.3227326E+01   0.3041104E+01   0.9709730E+00   0.9971033E+00   0.2300691E+03   0.4436472E+02   0.9406375E+02   0.4573966E+02   0.7515438E+01   0.6217760E+00   0.8498367E+00   0.4355880E+00   0.2871295E+01   0.9541359E+00   0.8351394E+00   0.1096056E+01   0.1210412E+01   0.9981580E+00   0.1005520E+01   0.9914876E+00   0.9894299E+00   0.6829895E+02   0.6870810E+00   0.3129190E+00   0.1459688E+00   0.6451439E-03   0.9969513E-01   0.8157047E+00   0.8330830E+00   0.4562984E+00   0.6100858E+00   0.9870200E+00   0.9932208E+02   0.2428101E+01   0.7649231E+01   0.2092834E+01   0.1881033E+01   0.1212636E+04   0.5673905E+04   0.2520876E+04   0.8090526E+03   0.2275630E+03   0.9709730E+00   0.2477941E+00   0.2491293E+00   0.2646850E+01   0.1363504E+02   0.1090344E+04   0.1427881E+03   0.1040596E+01   0.1372176E+02   0.1060314E+04   0.1454226E+03   0.1419580E+00   0.1612799E+00   0.3390260E+04   0.1047260E-01   0.8152906E+00   0.4504127E+00   0.7365886E+02   0.6346566E+03   0.8391954E+02   0.1513271E+04   0.9073336E+02   0.1960085E+04   0.9643216E+02   0.2280643E+04   0.2390633E+03   0.5695561E+04   0.4607861E+00   0.7536111E+00   0.4789195E+00   0.6678570E+00   0.4773362E+00   0.6249355E+00   0.4722128E+00   0.5945973E+00   0.2997184E+00   0.3089467E+00   0.3247122E+02   0.1096076E+03   0.3385753E+02   0.9284017E+01   0.3960028E+03   0.2256028E+02   0.1150628E+05   0.7067916E+03   0.5732775E-01   0.1038582E+01   0.5117114E+01   0.1557485E+02   0.1193412E+05   0.6213023E+01
   0.8857841E+00   0.6329116E+04   0.2218994E-01   0.1203141E+00   0.1040694E+01   0.5798723E-01   0.3087272E+01   0.3056892E+01   0.9670757E+00   0.1003742E+01   0.2115030E+03   0.5658857E+02   0.1255540E+03   0.3486011E+02   0.6486280E+01   0.7612799E+00   0.6312255E+00   0.9268419E+00   0.2111008E+00   0.1187624E+01   0.9969466E+00   0.1021036E+01   0.1137560E+01   0.9979502E+00   0.1001096E+01   0.9962868E+00   0.9905192E+00   0.6749695E+02   0.6857895E+00   0.3142105E+00   0.1431492E+00   0.6451439E-03   0.9662134E-01   0.8173273E+00   0.8364610E+00   0.4581486E+00   0.6119292E+00   0.9948416E+00   0.9922106E+02   0.2454603E+01   0.8103943E+01   0.2126137E+01   0.1893321E+01   0.1232752E+04   0.5741498E+04   0.2549945E+04   0.8192752E+03   0.2309936E+03   0.9670757E+00   0.2458730E+00   0.2472013E+00   0.2634262E+01   0.1378096E+02   0.1090218E+04   0.1442818E+03   0.1040866E+01   0.1386170E+02   0.1059589E+04   0.1470008E+03   0.1406641E+00   0.1611202E+00   0.3386641E+04   0.1036498E-01   0.8154398E+00   0.4506307E+00   0.7281611E+02   0.6420948E+03   0.8299285E+02   0.1530698E+04   0.8974897E+02   0.1982456E+04   0.9539860E+02   0.2306509E+04   0.2367036E+03   0.5756652E+04   0.4625478E+00   0.7549853E+00   0.4804305E+00   0.6689390E+00   0.4786939E+00   0.6258921E+00   0.4734583E+00   0.5954732E+00   0.3001304E+00   0.3093040E+00   0.3164239E+02   0.1093780E+03   0.3266967E+02   0.8978053E+01   0.3969967E+03   0.2302587E+02   0.1151071E+05   0.7068335E+03   0.6686356E-01   0.1038582E+01   0.5234317E+01   0.5346717E+01   0.1193971E+05   0.6339763E+01
   0.4692653E+00   0.6329928E+04   0.2220423E-01   0.1197543E+00   0.1040912E+01   0.3950661E-01   0.3028227E+01   0.3012420E+01   0.9641840E+00   0.1000757E+01   0.2409188E+03   0.5047400E+02   0.1055030E+03   0.3830432E+02   0.2608875E+01   0.6750544E+00   0.3141339E+00   0.8004605E+00   0.5035327E+01   0.7641809E+00   0.8666223E+00   0.1033731E+01   0.1299759E+01   0.9978003E+00   0.1002118E+01   0.1004324E+01   0.9962958E+00   0.6709412E+02   0.6832170E+00   0.3167830E+00   0.1426037E+00   0.6451439E-03   0.9567867E-01   0.7985220E+00   0.8205540E+00   0.4494359E+00   0.5990697E+00   0.9748654E+00   0.9891786E+02   0.2410167E+01   0.6120300E+01   0.2033655E+01   0.1879153E+01   0.1225387E+04   0.5712796E+04   0.2536028E+04   0.8158844E+03   0.2299797E+03   0.9641840E+00   0.2450892E+00   0.2464146E+00   0.2610900E+01   0.1383212E+02   0.1090091E+04   0.1447104E+03   0.1041120E+01   0.1389950E+02   0.1059513E+04   0.1474315E+03   0.1404499E+00   0.1609272E+00   0.3400485E+04   0.1036624E-01   0.8131238E+00   0.4494138E+00   0.7242094E+02   0.6457874E+03   0.8260977E+02   0.1538873E+04   0.8936995E+02   0.1992636E+04   0.9502113E+02   0.2318020E+04   0.2361729E+03   0.5778293E+04   0.4535416E+00   0.7373633E+00   0.4704376E+00   0.6530511E+00   0.4684413E+00   0.6109135E+00   0.4631231E+00   0.5811527E+00   0.2928172E+00   0.3016562E+00   0.3235072E+02   0.1084250E+03   0.3274931E+02   0.1015721E+02   0.3974859E+03   0.2291556E+02   0.1150882E+05   0.7069250E+03   0.1030381E+00   0.8727971E+00   0.5951250E+01   0.6623022E+01   0.1193938E+05   0.6927085E+01
   0.9118240E+00   0.6328404E+04   0.2247839E-01   0.1202434E+00   0.1040390E+01   0.4900340E-01   0.3081658E+01   0.3032615E+01   0.9671523E+00   0.9996695E+00   0.2014083E+03   0.2833249E+02   0.1183977E+03   0.3207266E+02   0.3956671E+01   0.7182361E+00   0.1057173E+00   0.1695006E+00   0.4875899E+01   0.9202377E+00   0.9448550E+00   0.9415827E+00   0.1078592E+01   0.9968205E+00   0.9987842E+00   0.9972372E+00   0.9887916E+00   0.6759583E+02   0.6862316E+00   0.3137684E+00   0.1433669E+00   0.6451439E-03   0.9691004E-01   0.8059492E+00   0.8242361E+00   0.4514527E+00   0.6031981E+00   0.9802746E+00   0.9918216E+02   0.2423716E+01   0.7115173E+01   0.2075142E+01   0.1881412E+01   0.1224077E+04   0.5729743E+04   0.2535894E+04   0.8165347E+03   0.2305578E+03   0.9671523E+00   0.2459125E+00   0.2472409E+00   0.2577976E+01   0.1376638E+02   0.1089840E+04   0.1441086E+03   0.1040541E+01   0.1384940E+02   0.1060238E+04   0.1467282E+03   0.1411968E+00   0.1606549E+00   0.3394361E+04   0.1038470E-01   0.8146138E+00   0.4499772E+00   0.7291441E+02   0.6411979E+03   0.8309361E+02   0.1528663E+04   0.8985203E+02   0.1979889E+04   0.9550389E+02   0.2303577E+04   0.2368965E+03   0.5750512E+04   0.4558323E+00   0.7445171E+00   0.4735621E+00   0.6597098E+00   0.4718998E+00   0.6172757E+00   0.4667712E+00   0.5872873E+00   0.2960188E+00   0.3050865E+00   0.2584367E+02   0.1062829E+03   0.2950741E+02   0.8934773E+01   0.3957241E+03   0.2291171E+02   0.1151183E+05   0.7068189E+03   0.7218378E-01   0.9818667E+00   0.5486013E+01   0.4045969E+01   0.1193940E+05   0.6540063E+01
   0.1711489E+00   0.6334947E+04   0.2210686E-01   0.1133986E+00   0.1041230E+01   0.4734416E-01   0.2769781E+01   0.3011496E+01   0.9570985E+00   0.1001527E+01   0.2566933E+03   0.2824089E+02   0.7222576E+02   0.5112146E+02   0.4935548E+01   0.4462719E+00   0.8665781E+00   0.1220193E+00   0.6224552E+01   0.1219405E+01   0.1262120E+01   0.1018568E+01   0.1066055E+01   0.9972962E+00   0.1004567E+01   0.9992264E+00   0.9961789E+00   0.6634338E+02   0.6906683E+00   0.3093317E+00   0.1361506E+00   0.6451439E-03   0.9032694E-01   0.7831373E+00   0.7952240E+00   0.4355621E+00   0.5840419E+00   0.9614774E+00   0.9993002E+02   0.2405478E+01   0.6880188E+01   0.2031777E+01   0.1848219E+01   0.1233888E+04   0.5737689E+04   0.2526212E+04   0.8152036E+03   0.2307172E+03   0.9570985E+00   0.2415141E+00   0.2428264E+00   0.2538632E+01   0.1408232E+02   0.1089390E+04   0.1478227E+03   0.1041629E+01   0.1419149E+02   0.1058636E+04   0.1506254E+03   0.1380813E+00   0.1603197E+00   0.3362849E+04   0.1007172E-01   0.8196827E+00   0.4529143E+00   0.7149453E+02   0.6536025E+03   0.8136076E+02   0.1559334E+04   0.8791804E+02   0.2020329E+04   0.9340480E+02   0.2351215E+04   0.2309932E+03   0.5881981E+04   0.4401911E+00   0.7238783E+00   0.4583965E+00   0.6419002E+00   0.4572932E+00   0.6008110E+00   0.4526578E+00   0.5717462E+00   0.2884039E+00   0.2974017E+00   0.3067116E+02   0.1065257E+03   0.3296227E+02   0.1241018E+02   0.3957851E+03   0.2369747E+02   0.1151314E+05   0.7066893E+03   0.1242944E-01   0.1407057E+01   0.3887385E+01   0.1286381E+02   0.1194503E+05   0.5306871E+01
   0.3084523E+00   0.6336289E+04   0.2223478E-01   0.1159025E+00   0.1041537E+01   0.5311241E-01   0.2872458E+01   0.3022688E+01   0.9647812E+00   0.9989890E+00   0.2692467E+03   0.3676770E+02   0.7198136E+02   0.5405812E+02   0.1953985E+01   0.5628017E+00   0.9716622E+00   0.5906777E+00   0.5086427E+01   0.9904675E+00   0.1520714E+01   0.8825427E+00   0.8405832E+00   0.9958751E+00   0.1003101E+01   0.9985908E+00   0.9870562E+00   0.6686340E+02   0.6895745E+00   0.3104255E+00   0.1387824E+00   0.6451439E-03   0.9279462E-01   0.7949868E+00   0.8086824E+00   0.4429336E+00   0.5934024E+00   0.9722226E+00   0.9978643E+02   0.2408853E+01   0.7502747E+01   0.2054644E+01   0.1847582E+01   0.1212628E+04   0.5669031E+04   0.2515939E+04   0.8132988E+03   0.2304130E+03   0.9647812E+00   0.2429867E+00   0.2443044E+00   0.2550716E+01   0.1395918E+02   0.1089557E+04   0.1464991E+03   0.1041846E+01   0.1406149E+02   0.1059170E+04   0.1492392E+03   0.1391965E+00   0.1605056E+00   0.3379786E+04   0.1019461E-01   0.8172880E+00   0.4515772E+00   0.7207032E+02   0.6484626E+03   0.8204503E+02   0.1546798E+04   0.8867271E+02   0.2003909E+04   0.9421758E+02   0.2331960E+04   0.2331802E+03   0.5830674E+04   0.4475460E+00   0.7347196E+00   0.4657776E+00   0.6513905E+00   0.4645268E+00   0.6096423E+00   0.4597321E+00   0.5801181E+00   0.2925656E+00   0.3016538E+00   0.3017783E+02   0.1054161E+03   0.3391212E+02   0.1120314E+02   0.3958626E+03   0.2250684E+02   0.1151565E+05   0.7067182E+03   0.2007988E-01   0.1342563E+01   0.4085974E+01   0.1518975E+02   0.1194522E+05   0.5448618E+01
   0.6806065E+00   0.6333860E+04   0.2189582E-01   0.1171850E+00   0.1041449E+01   0.5553445E-01   0.2781897E+01   0.3029668E+01   0.9544383E+00   0.9969261E+00   0.1996300E+03   0.4817089E+02   0.1124666E+03   0.3867255E+02   0.8349345E+01   0.7656731E+00   0.7815909E+00   0.6693268E+00   0.1840027E+01   0.1074783E+01   0.8866310E+00   0.9205425E+00   0.9546508E+00   0.9979102E+00   0.9991943E+00   0.9932299E+00   0.9947970E+00   0.6504700E+02   0.6697653E+00   0.3302347E+00   0.1397260E+00   0.6451439E-03   0.9088755E-01   0.8031500E+00   0.8426502E+00   0.4615385E+00   0.6088388E+00   0.9958250E+00   0.9740634E+02   0.2469964E+01   0.7835388E+01   0.2069037E+01   0.1851534E+01   0.1232452E+04   0.5651657E+04   0.2514433E+04   0.8107469E+03   0.2296992E+03   0.9544383E+00   0.2415854E+00   0.2428980E+00   0.2582328E+01   0.1410054E+02   0.1090011E+04   0.1468919E+03   0.1041855E+01   0.1409907E+02   0.1058407E+04   0.1497476E+03   0.1387656E+00   0.1605748E+00   0.3445783E+04   0.1032873E-01   0.8045249E+00   0.4451492E+00   0.7042327E+02   0.6651093E+03   0.8066678E+02   0.1581604E+04   0.8744297E+02   0.2045827E+04   0.9309813E+02   0.2378154E+04   0.2333919E+03   0.5891685E+04   0.4645333E+00   0.7403491E+00   0.4785207E+00   0.6543019E+00   0.4749706E+00   0.6115128E+00   0.4685839E+00   0.5813718E+00   0.2924598E+00   0.3007324E+00   0.3181536E+02   0.1066519E+03   0.3324233E+02   0.8766666E+01   0.3966089E+03   0.2488614E+02   0.1151082E+05   0.7075719E+03   0.3933681E+00   0.2812318E+00   0.1116988E+02   0.7227283E+01   0.1194108E+05   0.1184448E+02
   0.6176182E+00   0.6334149E+04   0.2184915E-01   0.1180783E+00   0.1040987E+01   0.4988683E-01   0.2845776E+01   0.3018286E+01   0.9593150E+00   0.9969980E+00   0.2408664E+03   0.3958403E+02   0.1056261E+03   0.4114699E+02   0.5694352E+01   0.9600514E+00   0.3654380E+00   0.9002468E+00   0.4762684E+01   0.9424018E+00   0.8875066E+00   0.7898773E+00   0.9219736E+00   0.9986655E+00   0.9995911E+00   0.9975276E+00   0.9932977E+00   0.6529236E+02   0.6702567E+00   0.3297433E+00   0.1405726E+00   0.6451439E-03   0.9178317E-01   0.8008162E+00   0.8395763E+00   0.4598549E+00   0.6068437E+00   0.9910639E+00   0.9742995E+02   0.2445108E+01   0.7279968E+01   0.2045621E+01   0.1851373E+01   0.1217084E+04   0.5616395E+04   0.2510909E+04   0.8097471E+03   0.2290331E+03   0.9593150E+00   0.2424441E+00   0.2437598E+00   0.2613974E+01   0.1405358E+02   0.1090215E+04   0.1463557E+03   0.1041349E+01   0.1405443E+02   0.1058407E+04   0.1492211E+03   0.1390187E+00   0.1607916E+00   0.3436206E+04   0.1034571E-01   0.8057552E+00   0.4458184E+00   0.7068008E+02   0.6626572E+03   0.8094904E+02   0.1575890E+04   0.8774278E+02   0.2038510E+04   0.9341291E+02   0.2369709E+04   0.2341115E+03   0.5872027E+04   0.4628862E+00   0.7382423E+00   0.4769389E+00   0.6524877E+00   0.4734530E+00   0.6098365E+00   0.4671209E+00   0.5797900E+00   0.2916743E+00   0.2999475E+00   0.2784045E+02   0.1060314E+03   0.3266791E+02   0.8989378E+01   0.3957519E+03   0.2343872E+02   0.1151487E+05   0.7075434E+03   0.3886438E+00   0.3126125E+00   0.1117039E+02   0.5837211E+01   0.1194305E+05   0.1187164E+02
   0.6266403E+00   0.6336535E+04   0.2186771E-01   0.1179391E+00   0.1040984E+01   0.5023333E-01   0.2848507E+01   0.3018394E+01   0.9602994E+00   0.9968123E+00   0.2185106E+03   0.4330516E+02   0.1065570E+03   0.3871526E+02   0.6794313E+01   0.8624775E+00   0.3812302E+00   0.6159822E+00   0.2528981E+01   0.8965348E+00   0.9996359E+00   0.9894102E+00   0.1305431E+01   0.9978285E+00   0.1000978E+01   0.9983967E+00   0.9975994E+00   0.6538757E+02   0.6714985E+00   0.3285015E+00   0.1404519E+00   0.6451439E-03   0.9183811E-01   0.8005454E+00   0.8377105E+00   0.4588329E+00   0.6060665E+00   0.9900072E+00   0.9757363E+02   0.2441246E+01   0.7310486E+01   0.2045840E+01   0.1850289E+01   0.1214596E+04   0.5613605E+04   0.2510503E+04   0.8099541E+03   0.2291380E+03   0.9602994E+00   0.2424918E+00   0.2438077E+00   0.2611418E+01   0.1404791E+02   0.1090182E+04   0.1463643E+03   0.1041353E+01   0.1405520E+02   0.1058445E+04   0.1492235E+03   0.1390201E+00   0.1607811E+00   0.3431949E+04   0.1033484E-01   0.8065585E+00   0.4462257E+00   0.7076586E+02   0.6617601E+03   0.8101571E+02   0.1574064E+04   0.8779869E+02   0.2036348E+04   0.9346072E+02   0.2367357E+04   0.2340462E+03   0.5869551E+04   0.4619573E+00   0.7381127E+00   0.4762889E+00   0.6525025E+00   0.4729481E+00   0.6099033E+00   0.4667144E+00   0.5798860E+00   0.2917686E+00   0.3000933E+00   0.3017481E+02   0.1060793E+03   0.3402982E+02   0.9030811E+01   0.3957322E+03   0.2325436E+02   0.1151902E+05   0.7074730E+03   0.3521108E+00   0.3457454E+00   0.1050788E+02   0.7357272E+01   0.1194703E+05   0.1120574E+02
   0.9970924E-01   0.6344190E+04   0.2216488E-01   0.1153059E+00   0.1041513E+01   0.4623613E-01   0.2806349E+01   0.2995680E+01   0.9650352E+00   0.9928230E+00   0.2647257E+03   0.4795062E+02   0.1013552E+03   0.4139421E+02   0.3746443E+01   0.5761173E+00   0.7339182E+00   0.3385756E+00   0.8790913E+00   0.8073084E+00   0.1319245E+01   0.9695302E+00   0.1118495E+01   0.9973510E+00   0.1001613E+01   0.9929313E+00   0.9920276E+00   0.6622986E+02   0.6851266E+00   0.3148734E+00   0.1381159E+00   0.6451439E-03   0.9147395E-01   0.7846442E+00   0.8038594E+00   0.4402919E+00   0.5877691E+00   0.9641527E+00   0.9923157E+02   0.2382169E+01   0.6782532E+01   0.1999896E+01   0.1823255E+01   0.1192529E+04   0.5584437E+04   0.2490178E+04   0.8071450E+03   0.2289571E+03   0.9650352E+00   0.2420458E+00   0.2433600E+00   0.2540683E+01   0.1403609E+02   0.1089527E+04   0.1470607E+03   0.1041879E+01   0.1411496E+02   0.1058941E+04   0.1498291E+03   0.1387942E+00   0.1603611E+00   0.3394326E+04   0.1019183E-01   0.8144138E+00   0.4501261E+00   0.7146201E+02   0.6543087E+03   0.8146587E+02   0.1559658E+04   0.8810626E+02   0.2019862E+04   0.9365866E+02   0.2349945E+04   0.2324850E+03   0.5863288E+04   0.4444771E+00   0.7247389E+00   0.4615118E+00   0.6420797E+00   0.4597747E+00   0.6007371E+00   0.4547009E+00   0.5715261E+00   0.2880720E+00   0.2968308E+00   0.3181579E+02   0.1043738E+03   0.3164647E+02   0.1332396E+02   0.3959873E+03   0.2214486E+02   0.1152837E+05   0.7068560E+03   0.6447921E-01   0.1038582E+01   0.5051490E+01   0.1554683E+02   0.1195982E+05   0.6154551E+01
   0.9300001E-01   0.6336788E+04   0.2223732E-01   0.1157770E+00   0.1041435E+01   0.5592023E-01   0.2908738E+01   0.3018553E+01   0.9716188E+00   0.9952727E+00   0.2676537E+03   0.3699629E+02   0.1131670E+03   0.3091402E+02   0.1788167E+01   0.5386918E+00   0.4538042E+00   0.6016448E+00   0.6124111E+01   0.9425224E+00   0.1224368E+01   0.1045494E+01   0.1122503E+01   0.9964819E+00   0.1000447E+01   0.9940556E+00   0.9865178E+00   0.6730652E+02   0.6939197E+00   0.3060803E+00   0.1386595E+00   0.6451439E-03   0.9332688E-01   0.7937344E+00   0.8017376E+00   0.4391298E+00   0.5903832E+00   0.9674903E+00   0.1003408E+03   0.2383059E+01   0.7789612E+01   0.2046166E+01   0.1829654E+01   0.1186040E+04   0.5590545E+04   0.2494704E+04   0.8080495E+03   0.2289532E+03   0.9716188E+00   0.2434846E+00   0.2448041E+00   0.2562899E+01   0.1392213E+02   0.1089578E+04   0.1463426E+03   0.1041730E+01   0.1404804E+02   0.1059208E+04   0.1490803E+03   0.1392194E+00   0.1606329E+00   0.3360020E+04   0.1016025E-01   0.8208377E+00   0.4534270E+00   0.7247835E+02   0.6444939E+03   0.8239545E+02   0.1538393E+04   0.8899143E+02   0.1993714E+04   0.9451288E+02   0.2320666E+04   0.2332139E+03   0.5814691E+04   0.4440657E+00   0.7339881E+00   0.4632255E+00   0.6512109E+00   0.4624818E+00   0.6096691E+00   0.4580395E+00   0.5802644E+00   0.2928084E+00   0.3020973E+00   0.2870478E+02   0.1060958E+03   0.2924570E+02   0.1370458E+02   0.3962228E+03   0.2137132E+02   0.1152141E+05   0.7066147E+03   0.7816047E-03   0.1677296E+01   0.3509659E+01   0.9060043E+01   0.1195271E+05   0.5187737E+01
   0.6025727E+00   0.6340415E+04   0.2246238E-01   0.1141413E+00   0.1041167E+01   0.6119367E-01   0.2804137E+01   0.3032048E+01   0.9679347E+00   0.9965813E+00   0.2760179E+03   0.4068044E+02   0.1147368E+03   0.3092173E+02   0.1198986E+01   0.4916398E+00   0.6299038E+00   0.7124621E+00   0.1052078E+01   0.7851017E+00   0.7617054E+00   0.1044624E+01   0.9630719E+00   0.9978979E+00   0.9999834E+00   0.1001703E+01   0.9845644E+00   0.6674622E+02   0.6919257E+00   0.3080743E+00   0.1372488E+00   0.6451439E-03   0.9160841E-01   0.7942691E+00   0.8048867E+00   0.4408546E+00   0.5917408E+00   0.9721972E+00   0.1000020E+03   0.2407668E+01   0.8210754E+01   0.2073966E+01   0.1835057E+01   0.1202744E+04   0.5658577E+04   0.2510974E+04   0.8155657E+03   0.2321881E+03   0.9679347E+00   0.2421387E+00   0.2434533E+00   0.2485378E+01   0.1401359E+02   0.1089052E+04   0.1471548E+03   0.1041492E+01   0.1412922E+02   0.1059551E+04   0.1498243E+03   0.1390284E+00   0.1599293E+00   0.3373947E+04   0.1012911E-01   0.8186297E+00   0.4520961E+00   0.7190605E+02   0.6497711E+03   0.8179700E+02   0.1550496E+04   0.8837255E+02   0.2009077E+04   0.9387549E+02   0.2338283E+04   0.2319611E+03   0.5853124E+04   0.4456562E+00   0.7342874E+00   0.4643906E+00   0.6512618E+00   0.4634143E+00   0.6096277E+00   0.4588103E+00   0.5801699E+00   0.2926946E+00   0.3018832E+00   0.2361821E+02   0.1020981E+03   0.2465556E+02   0.9923732E+01   0.3976063E+03   0.2217131E+02   0.1152811E+05   0.7066584E+03   0.9832107E-02   0.1472759E+01   0.3904435E+01   0.1097293E+02   0.1195781E+05   0.5387027E+01
   0.5454467E+00   0.6329911E+04   0.2247895E-01   0.1203051E+00   0.1040751E+01   0.5085981E-01   0.3147211E+01   0.3030659E+01   0.9686880E+00   0.9973790E+00   0.2266266E+03   0.3672413E+02   0.8850316E+02   0.4676019E+02   0.4436513E+01   0.6473772E+00   0.6736678E+00   0.4584683E+00   0.8254973E+01   0.7845963E+00   0.8570754E+00   0.9112203E+00   0.9801404E+00   0.9969492E+00   0.1001601E+01   0.1002878E+01   0.9956012E+00   0.6845642E+02   0.6939381E+00   0.3060619E+00   0.1434292E+00   0.6451439E-03   0.9818652E-01   0.8042335E+00   0.8123182E+00   0.4449250E+00   0.5981836E+00   0.9720197E+00   0.1002114E+03   0.2406733E+01   0.7319641E+01   0.2071089E+01   0.1870779E+01   0.1216651E+04   0.5705249E+04   0.2518848E+04   0.8094068E+03   0.2279212E+03   0.9686880E+00   0.2467811E+00   0.2481127E+00   0.2600380E+01   0.1368828E+02   0.1089907E+04   0.1437683E+03   0.1040868E+01   0.1381235E+02   0.1060276E+04   0.1463871E+03   0.1413101E+00   0.1609568E+00   0.3366352E+04   0.1034404E-01   0.8200099E+00   0.4528020E+00   0.7371858E+02   0.6336482E+03   0.8380431E+02   0.1512514E+04   0.9051252E+02   0.1960182E+04   0.9612794E+02   0.2281640E+04   0.2371927E+03   0.5717017E+04   0.4498851E+00   0.7436962E+00   0.4693008E+00   0.6598220E+00   0.4685492E+00   0.6177293E+00   0.4640496E+00   0.5879346E+00   0.2966450E+00   0.3060770E+00   0.3213001E+02   0.1093727E+03   0.3480609E+02   0.1016693E+02   0.3957186E+03   0.2275511E+02   0.1150948E+05   0.7066144E+03   0.3147934E-02   0.1539698E+01   0.3728274E+01   0.9820511E+01   0.1193812E+05   0.5271120E+01
   0.7369875E+00   0.6329819E+04   0.2216714E-01   0.1164700E+00   0.1041291E+01   0.5453006E-01   0.2919185E+01   0.3034319E+01   0.9639066E+00   0.1000856E+01   0.2153702E+03   0.2279589E+02   0.1123061E+03   0.3309128E+02   0.6228535E+01   0.9232917E+00   0.2884333E+00   0.3607149E+00   0.5613518E+01   0.1274660E+01   0.1198181E+01   0.1001906E+01   0.1149687E+01   0.9977779E+00   0.9999853E+00   0.1001438E+01   0.9915588E+00   0.6707581E+02   0.6904263E+00   0.3095737E+00   0.1392823E+00   0.6451439E-03   0.9342471E-01   0.7999714E+00   0.8126356E+00   0.4450989E+00   0.5967130E+00   0.9767682E+00   0.9988712E+02   0.2423189E+01   0.7676697E+01   0.2078683E+01   0.1863906E+01   0.1225636E+04   0.5716477E+04   0.2531885E+04   0.8162267E+03   0.2307452E+03   0.9639066E+00   0.2435983E+00   0.2449183E+00   0.2579816E+01   0.1392548E+02   0.1089740E+04   0.1461577E+03   0.1041586E+01   0.1403223E+02   0.1059093E+04   0.1489168E+03   0.1392963E+00   0.1607251E+00   0.3370369E+04   0.1019881E-01   0.8186553E+00   0.4523375E+00   0.7228773E+02   0.6464484E+03   0.8226975E+02   0.1542207E+04   0.8890360E+02   0.1998100E+04   0.9445428E+02   0.2325314E+04   0.2336273E+03   0.5816503E+04   0.4497899E+00   0.7394116E+00   0.4683288E+00   0.6556440E+00   0.4671717E+00   0.6136619E+00   0.4624163E+00   0.5839671E+00   0.2945364E+00   0.3037270E+00   0.2562827E+02   0.1064248E+03   0.3243377E+02   0.9483855E+01   0.3960936E+03   0.2307218E+02   0.1150985E+05   0.7066955E+03   0.1451748E-01   0.1407057E+01   0.3954143E+01   0.9069330E+01   0.1193850E+05   0.5375717E+01
   0.6704079E+00   0.6329431E+04   0.2204343E-01   0.1163476E+00   0.1041162E+01   0.5139585E-01   0.2917517E+01   0.3026443E+01   0.9642146E+00   0.9991968E+00   0.2187865E+03   0.3290430E+02   0.9541596E+02   0.4111085E+02   0.5569221E+01   0.8339629E+00   0.2667164E+00   0.1248804E+00   0.2519828E+01   0.1153917E+01   0.7442533E+00   0.1022986E+01   0.1205309E+01   0.9979604E+00   0.1002082E+01   0.9983620E+00   0.9963141E+00   0.6695496E+02   0.6898568E+00   0.3101432E+00   0.1390361E+00   0.6451439E-03   0.9309158E-01   0.7969659E+00   0.8103268E+00   0.4438343E+00   0.5947443E+00   0.9739763E+00   0.9983005E+02   0.2413398E+01   0.7380676E+01   0.2062375E+01   0.1860912E+01   0.1221139E+04   0.5697631E+04   0.2528547E+04   0.8147737E+03   0.2300553E+03   0.9642146E+00   0.2435243E+00   0.2448440E+00   0.2602604E+01   0.1394352E+02   0.1089883E+04   0.1462957E+03   0.1041463E+01   0.1404713E+02   0.1058788E+04   0.1491003E+03   0.1390175E+00   0.1608765E+00   0.3365150E+04   0.1018186E-01   0.8191479E+00   0.4526848E+00   0.7216559E+02   0.6475851E+03   0.8214586E+02   0.1544776E+04   0.8877768E+02   0.2001336E+04   0.9432623E+02   0.2329005E+04   0.2334029E+03   0.5824105E+04   0.4484713E+00   0.7365771E+00   0.4668127E+00   0.6530685E+00   0.4655927E+00   0.6112257E+00   0.4608091E+00   0.5816328E+00   0.2933381E+00   0.3024653E+00   0.2724426E+02   0.1040509E+03   0.3262274E+02   0.9658149E+01   0.3957746E+03   0.2300378E+02   0.1151236E+05   0.7067106E+03   0.1749119E-01   0.1342563E+01   0.4013694E+01   0.5976280E+01   0.1194080E+05   0.5373749E+01
   0.6568503E+00   0.6329452E+04   0.2212636E-01   0.1166124E+00   0.1041128E+01   0.5069709E-01   0.2939019E+01   0.3032071E+01   0.9657847E+00   0.1003252E+01   0.2311732E+03   0.3387152E+02   0.9732280E+02   0.3971254E+02   0.2640538E+01   0.6612467E+00   0.9321739E+00   0.9926827E+00   0.7616620E+01   0.9530111E+00   0.1032512E+01   0.9803233E+00   0.7489935E+00   0.9963364E+00   0.1003242E+01   0.9995961E+00   0.9975024E+00   0.6717102E+02   0.6910780E+00   0.3089220E+00   0.1393839E+00   0.6451439E-03   0.9362560E-01   0.7995431E+00   0.8113452E+00   0.4443921E+00   0.5960794E+00   0.9755531E+00   0.9996294E+02   0.2415441E+01   0.7295227E+01   0.2074014E+01   0.1874031E+01   0.1226188E+04   0.5735611E+04   0.2545273E+04   0.8205459E+03   0.2318142E+03   0.9657847E+00   0.2438518E+00   0.2451727E+00   0.2594482E+01   0.1391419E+02   0.1089823E+04   0.1460494E+03   0.1041408E+01   0.1402422E+02   0.1059055E+04   0.1488185E+03   0.1392856E+00   0.1608292E+00   0.3363727E+04   0.1019249E-01   0.8196303E+00   0.4528738E+00   0.7237750E+02   0.6456006E+03   0.8235548E+02   0.1540337E+04   0.8898761E+02   0.1995778E+04   0.9453728E+02   0.2322694E+04   0.2337323E+03   0.5811715E+04   0.4491454E+00   0.7390776E+00   0.4678135E+00   0.6554156E+00   0.4667303E+00   0.6134763E+00   0.4620274E+00   0.5838079E+00   0.2944792E+00   0.3036969E+00   0.2715328E+02   0.1074330E+03   0.3235114E+02   0.9730671E+01   0.3957425E+03   0.2262516E+02   0.1150887E+05   0.7066789E+03   0.1120879E-01   0.1407057E+01   0.3874494E+01   0.9967030E+01   0.1193696E+05   0.5292760E+01
   0.8898886E+00   0.6327562E+04   0.2213003E-01   0.1190181E+00   0.1041100E+01   0.5285819E-01   0.3005111E+01   0.3035102E+01   0.9653925E+00   0.9989431E+00   0.2711281E+03   0.3774993E+02   0.1120371E+03   0.3211813E+02   0.2463678E+01   0.6839135E+00   0.4797725E+00   0.8314740E+00   0.6712838E+01   0.9598525E+00   0.8582207E+00   0.9677915E+00   0.8271225E+00   0.9979616E+00   0.1000561E+01   0.9978621E+00   0.9973497E+00   0.6708313E+02   0.6849142E+00   0.3150858E+00   0.1417932E+00   0.6451439E-03   0.9511934E-01   0.8067171E+00   0.8267516E+00   0.4528305E+00   0.6044056E+00   0.9849509E+00   0.9916656E+02   0.2432203E+01   0.7563782E+01   0.2080310E+01   0.1871613E+01   0.1221673E+04   0.5689104E+04   0.2529666E+04   0.8142293E+03   0.2297851E+03   0.9653925E+00   0.2447477E+00   0.2460719E+00   0.2616979E+01   0.1385523E+02   0.1090099E+04   0.1450750E+03   0.1041328E+01   0.1393173E+02   0.1059284E+04   0.1478264E+03   0.1400661E+00   0.1609948E+00   0.3391619E+04   0.1032313E-01   0.8146303E+00   0.4502600E+00   0.7238272E+02   0.6460039E+03   0.8252190E+02   0.1539802E+04   0.8925174E+02   0.1994108E+04   0.9487875E+02   0.2319951E+04   0.2355526E+03   0.5787770E+04   0.4571161E+00   0.7450987E+00   0.4745697E+00   0.6600858E+00   0.4727528E+00   0.6175703E+00   0.4675153E+00   0.5875322E+00   0.2961035E+00   0.3051107E+00   0.2779406E+02   0.1057190E+03   0.3056886E+02   0.8938880E+01   0.3959115E+03   0.2307578E+02   0.1151122E+05   0.7068634E+03   0.7240087E-01   0.9818667E+00   0.5270979E+01   0.2789180E+01   0.1193915E+05   0.6325246E+01
   0.1129522E+01   0.6332253E+04   0.2217768E-01   0.1166700E+00   0.1041402E+01   0.6049311E-01   0.2901735E+01   0.3048869E+01   0.9618461E+00   0.1002151E+01   0.2557662E+03   0.4234853E+02   0.1228513E+03   0.2724345E+02   0.2530829E+01   0.6252823E+00   0.3542441E+00   0.8124168E+00   0.8955684E+01   0.6042483E+00   0.7581378E+00   0.9716856E+00   0.8069926E+00   0.9969948E+00   0.9983438E+00   0.9998429E+00   0.9902426E+00   0.6684509E+02   0.6878144E+00   0.3121856E+00   0.1394928E+00   0.6451439E-03   0.9324411E-01   0.8064652E+00   0.8226809E+00   0.4506009E+00   0.6028217E+00   0.9863950E+00   0.9955878E+02   0.2449840E+01   0.8271790E+01   0.2109147E+01   0.1868802E+01   0.1234975E+04   0.5733773E+04   0.2536871E+04   0.8175926E+03   0.2313756E+03   0.9618461E+00   0.2433643E+00   0.2446834E+00   0.2571715E+01   0.1394093E+02   0.1089729E+04   0.1461860E+03   0.1041696E+01   0.1403346E+02   0.1059132E+04   0.1489395E+03   0.1393485E+00   0.1606508E+00   0.3383555E+04   0.1022649E-01   0.8163677E+00   0.4511368E+00   0.7207790E+02   0.6485243E+03   0.8209962E+02   0.1546513E+04   0.8875586E+02   0.2003257E+04   0.9432337E+02   0.2330970E+04   0.2337217E+03   0.5823253E+04   0.4551420E+00   0.7451522E+00   0.4732399E+00   0.6604470E+00   0.4717628E+00   0.6180384E+00   0.4667572E+00   0.5880581E+00   0.2964967E+00   0.3056314E+00   0.3147180E+02   0.1080746E+03   0.3157345E+02   0.8556461E+01   0.3978301E+03   0.2367883E+02   0.1151035E+05   0.7067690E+03   0.3561916E-01   0.1217317E+01   0.4451345E+01   0.1161650E+02   0.1194042E+05   0.5704282E+01
   0.1190522E+01   0.6329316E+04   0.2219243E-01   0.1174161E+00   0.1041404E+01   0.6179890E-01   0.2946851E+01   0.3050366E+01   0.9621017E+00   0.9986608E+00   0.2324495E+03   0.3838965E+02   0.9643818E+02   0.4404995E+02   0.5191277E+01   0.6319089E+00   0.5844784E+00   0.7037687E-01   0.1161934E+01   0.9160049E+00   0.9391996E+00   0.9373994E+00   0.9934953E+00   0.9971640E+00   0.1000425E+01   0.1005857E+01   0.9920755E+00   0.6712341E+02   0.6887092E+00   0.3112908E+00   0.1402537E+00   0.6451439E-03   0.9414306E-01   0.8082652E+00   0.8233346E+00   0.4509589E+00   0.6037337E+00   0.9865449E+00   0.9966969E+02   0.2450510E+01   0.8415222E+01   0.2112307E+01   0.1866720E+01   0.1233142E+04   0.5720948E+04   0.2528888E+04   0.8139302E+03   0.2300387E+03   0.9621017E+00   0.2439852E+00   0.2453066E+00   0.2584713E+01   0.1389433E+02   0.1089818E+04   0.1457445E+03   0.1041672E+01   0.1399140E+02   0.1059246E+04   0.1484872E+03   0.1396521E+00   0.1607835E+00   0.3381213E+04   0.1025092E-01   0.8168703E+00   0.4513895E+00   0.7236350E+02   0.6458994E+03   0.8240164E+02   0.1540471E+04   0.8907013E+02   0.1995572E+04   0.9464853E+02   0.2322145E+04   0.2343860E+03   0.5803689E+04   0.4555776E+00   0.7469031E+00   0.4739155E+00   0.6620948E+00   0.4725398E+00   0.6196200E+00   0.4675943E+00   0.5895875E+00   0.2972968E+00   0.3064987E+00   0.2937322E+02   0.1043133E+03   0.3119301E+02   0.8477671E+01   0.3983836E+03   0.2414721E+02   0.1151235E+05   0.7067426E+03   0.2758416E-01   0.1279349E+01   0.4271754E+01   0.2953531E+01   0.1194336E+05   0.5578687E+01
   0.1013622E+01   0.6335533E+04   0.2208483E-01   0.1178667E+00   0.1041156E+01   0.6557636E-01   0.2938241E+01   0.3061506E+01   0.9563777E+00   0.1001509E+01   0.2756481E+03   0.5152875E+02   0.8435312E+02   0.4611896E+02   0.9722063E+00   0.7674865E+00   0.1373377E+00   0.9500287E+00   0.8238102E+01   0.8236321E+00   0.7822766E+00   0.9317130E+00   0.1268394E+01   0.9967441E+00   0.1002326E+01   0.9981914E+00   0.1004271E+01   0.6669128E+02   0.6838911E+00   0.3161089E+00   0.1405966E+00   0.6451439E-03   0.9376570E-01   0.8130963E+00   0.8346410E+00   0.4571517E+00   0.6096789E+00   0.9956517E+00   0.9905760E+02   0.2483397E+01   0.8815002E+01   0.2135971E+01   0.1873425E+01   0.1251399E+04   0.5749929E+04   0.2531898E+04   0.8123561E+03   0.2292837E+03   0.9563777E+00   0.2438241E+00   0.2451449E+00   0.2602070E+01   0.1392381E+02   0.1089988E+04   0.1457525E+03   0.1041440E+01   0.1399528E+02   0.1059017E+04   0.1485316E+03   0.1395576E+00   0.1608477E+00   0.3393497E+04   0.1028212E-01   0.8141654E+00   0.4500507E+00   0.7197752E+02   0.6497148E+03   0.8208601E+02   0.1548401E+04   0.8879395E+02   0.2005084E+04   0.9440194E+02   0.2332590E+04   0.2345260E+03   0.5816522E+04   0.4613865E+00   0.7508919E+00   0.4787513E+00   0.6651105E+00   0.4768017E+00   0.6222272E+00   0.4714427E+00   0.5919353E+00   0.2982936E+00   0.3073179E+00   0.3544127E+02   0.1073164E+03   0.3559002E+02   0.8641964E+01   0.4005471E+03   0.2547137E+02   0.1151470E+05   0.7069000E+03   0.8446384E-01   0.9265765E+00   0.5488963E+01   0.8310349E+01   0.1194936E+05   0.6500003E+01
   0.8410442E+00   0.6339732E+04   0.2219140E-01   0.1213895E+00   0.1041034E+01   0.5792167E-01   0.3122162E+01   0.3058725E+01   0.9612832E+00   0.1003043E+01   0.2512199E+03   0.3854404E+02   0.9513102E+02   0.4017641E+02   0.2337805E+01   0.8012808E+00   0.6769461E-01   0.1129034E+00   0.8300971E+01   0.1223984E+01   0.1150345E+01   0.1034971E+01   0.1248439E+01   0.9971961E+00   0.1000829E+01   0.1010877E+01   0.1001832E+01   0.6764343E+02   0.6847955E+00   0.3152045E+00   0.1442260E+00   0.6451439E-03   0.9755944E-01   0.8190116E+00   0.8395095E+00   0.4598183E+00   0.6136746E+00   0.9958117E+00   0.9912924E+02   0.2471896E+01   0.8122253E+01   0.2130039E+01   0.1897044E+01   0.1249011E+04   0.5767190E+04   0.2544829E+04   0.8143757E+03   0.2290320E+03   0.9612832E+00   0.2463372E+00   0.2476671E+00   0.2646160E+01   0.1373890E+02   0.1090343E+04   0.1438330E+03   0.1041193E+01   0.1381425E+02   0.1059666E+04   0.1465467E+03   0.1410142E+00   0.1612722E+00   0.3396415E+04   0.1041906E-01   0.8139931E+00   0.4498829E+00   0.7299037E+02   0.6406337E+03   0.8321747E+02   0.1526976E+04   0.9000551E+02   0.1977481E+04   0.9568110E+02   0.2300593E+04   0.2375616E+03   0.5739184E+04   0.4641376E+00   0.7564410E+00   0.4818297E+00   0.6701190E+00   0.4799710E+00   0.6269507E+00   0.4746442E+00   0.5964522E+00   0.3005776E+00   0.3097254E+00   0.3389152E+02   0.1086224E+03   0.3719755E+02   0.9047625E+01   0.3971589E+03   0.2457356E+02   0.1152733E+05   0.7068676E+03   0.7659088E-01   0.9818667E+00   0.5389642E+01   0.8033964E+01   0.1195812E+05   0.6448100E+01
   0.4786665E+00   0.6335795E+04   0.2227862E-01   0.1213718E+00   0.1040399E+01   0.6825378E-01   0.3131147E+01   0.3076896E+01   0.9666298E+00   0.1002569E+01   0.1839527E+03   0.3703382E+02   0.9579725E+02   0.3782527E+02   0.1803950E+01   0.6605892E+00   0.1183945E+00   0.2817371E+00   0.9051725E+01   0.1152162E+01   0.8622910E+00   0.1019955E+01   0.1192547E+01   0.9953770E+00   0.1002105E+01   0.9946158E+00   0.9873521E+00   0.6761047E+02   0.6843361E+00   0.3156639E+00   0.1442955E+00   0.6451439E-03   0.9755890E-01   0.8268441E+00   0.8481555E+00   0.4645539E+00   0.6197690E+00   0.1005580E+01   0.9898744E+02   0.2483159E+01   0.9111023E+01   0.2169096E+01   0.1892319E+01   0.1236117E+04   0.5734915E+04   0.2541365E+04   0.8155289E+03   0.2299936E+03   0.9666298E+00   0.2464920E+00   0.2478225E+00   0.2632425E+01   0.1374006E+02   0.1090238E+04   0.1437275E+03   0.1040534E+01   0.1381285E+02   0.1059895E+04   0.1464084E+03   0.1411926E+00   0.1610847E+00   0.3394006E+04   0.1041789E-01   0.8141673E+00   0.4498939E+00   0.7296118E+02   0.6409240E+03   0.8319650E+02   0.1527555E+04   0.8998927E+02   0.1978157E+04   0.9566849E+02   0.2301320E+04   0.2376045E+03   0.5739719E+04   0.4688836E+00   0.7636278E+00   0.4866367E+00   0.6764341E+00   0.4847039E+00   0.6328376E+00   0.4792881E+00   0.6020395E+00   0.3033757E+00   0.3125874E+00   0.3172868E+02   0.1070915E+03   0.3311244E+02   0.1015861E+02   0.4016200E+03   0.2360685E+02   0.1151183E+05   0.7068839E+03   0.9467609E-01   0.8727971E+00   0.5891991E+01   0.1062902E+02   0.1194722E+05   0.6859464E+01
   0.4439606E+00   0.6338026E+04   0.2260359E-01   0.1240847E+00   0.1040082E+01   0.7406494E-01   0.3372892E+01   0.3099619E+01   0.9781512E+00   0.1004986E+01   0.2424719E+03   0.4011083E+02   0.1194178E+03   0.3705250E+02   0.3895340E+01   0.6127721E+00   0.7452866E+00   0.2584979E+00   0.2851205E+01   0.1143639E+01   0.1285104E+01   0.9156592E+00   0.8777671E+00   0.9970696E+00   0.9982197E+00   0.1005122E+01   0.1000436E+01   0.6961365E+02   0.6959726E+00   0.3040274E+00   0.1473335E+00   0.6451439E-03   0.1025642E+00   0.8403512E+00   0.8459730E+00   0.4633585E+00   0.6240063E+00   0.1007195E+01   0.1003756E+03   0.2471687E+01   0.9657288E+01   0.2218949E+01   0.1913442E+01   0.1226622E+04   0.5764954E+04   0.2555830E+04   0.8193261E+03   0.2305930E+03   0.9781512E+00   0.2497606E+00   0.2511028E+00   0.2654659E+01   0.1348590E+02   0.1090295E+04   0.1416440E+03   0.1040041E+01   0.1361907E+02   0.1061039E+04   0.1441895E+03   0.1429213E+00   0.1614006E+00   0.3358027E+04   0.1047154E-01   0.8215210E+00   0.4534849E+00   0.7493045E+02   0.6232562E+03   0.8512672E+02   0.1488189E+04   0.9191162E+02   0.1928973E+04   0.9759275E+02   0.2245573E+04   0.2404670E+03   0.5632251E+04   0.4686846E+00   0.7773034E+00   0.4894393E+00   0.6898679E+00   0.4889026E+00   0.6459533E+00   0.4843713E+00   0.6148559E+00   0.3102868E+00   0.3202638E+00   0.3025220E+02   0.1090495E+03   0.3290774E+02   0.1061634E+02   0.4042904E+03   0.2217458E+02   0.1151693E+05   0.7065767E+03   0.5914853E-03   0.1677296E+01   0.3681391E+01   0.1010083E+02   0.1195402E+05   0.5359279E+01
   0.8387737E+00   0.6333170E+04   0.2242832E-01   0.1210650E+00   0.1040794E+01   0.7258287E-01   0.3223811E+01   0.3088008E+01   0.9745905E+00   0.1002960E+01   0.2583131E+03   0.3964779E+02   0.8707328E+02   0.4743255E+02   0.2501742E+01   0.5261812E+00   0.8002745E+00   0.2929893E+00   0.4194524E+01   0.1089236E+01   0.1183200E+01   0.1047046E+01   0.1135469E+01   0.9975904E+00   0.1004374E+01   0.9877868E+00   0.9957384E+00   0.6904968E+02   0.6976872E+00   0.3023128E+00   0.1441385E+00   0.6451439E-03   0.9952715E-01   0.8300063E+00   0.8331996E+00   0.4563622E+00   0.6154539E+00   0.9988507E+00   0.1007215E+03   0.2459645E+01   0.9486389E+01   0.2193333E+01   0.1896968E+01   0.1226488E+04   0.5751455E+04   0.2549360E+04   0.8186598E+03   0.2307212E+03   0.9745905E+00   0.2477674E+00   0.2491025E+00   0.2635963E+01   0.1361781E+02   0.1090113E+04   0.1432386E+03   0.1040859E+01   0.1376157E+02   0.1060276E+04   0.1458682E+03   0.1415346E+00   0.1612944E+00   0.3349091E+04   0.1034309E-01   0.8231111E+00   0.4544600E+00   0.7429249E+02   0.6284873E+03   0.8435620E+02   0.1501085E+04   0.9105552E+02   0.1945955E+04   0.9666623E+02   0.2265560E+04   0.2379012E+03   0.5687130E+04   0.4617899E+00   0.7679126E+00   0.4826807E+00   0.6817309E+00   0.4823591E+00   0.6384171E+00   0.4780265E+00   0.6077341E+00   0.3067848E+00   0.3167184E+00   0.3059864E+02   0.1083392E+03   0.3360881E+02   0.9370328E+01   0.4034475E+03   0.2256612E+02   0.1150930E+05   0.7065503E+03   0.2301749E-02   0.1891919E+01   0.3413970E+01   0.9794252E+01   0.1194469E+05   0.5308190E+01
   0.7302770E+00   0.6335056E+04   0.2241559E-01   0.1210784E+00   0.1040903E+01   0.7277650E-01   0.3212857E+01   0.3087287E+01   0.9774611E+00   0.1002456E+01   0.2438027E+03   0.4528283E+02   0.1012978E+03   0.4391901E+02   0.3656216E+01   0.5044537E+00   0.6809481E+00   0.2904093E+00   0.2100285E+01   0.7220944E+00   0.1053959E+01   0.9247090E+00   0.1052405E+01   0.9954790E+00   0.1000334E+01   0.9910638E+00   0.9898777E+00   0.6894348E+02   0.6967538E+00   0.3032462E+00   0.1441391E+00   0.6451439E-03   0.9937451E-01   0.8311652E+00   0.8356499E+00   0.4577043E+00   0.6167884E+00   0.1001015E+01   0.1006109E+03   0.2454930E+01   0.9507751E+01   0.2191754E+01   0.1894868E+01   0.1217198E+04   0.5725297E+04   0.2549491E+04   0.8203079E+03   0.2314908E+03   0.9774611E+00   0.2476196E+00   0.2489542E+00   0.2634563E+01   0.1362713E+02   0.1090120E+04   0.1432981E+03   0.1040970E+01   0.1376582E+02   0.1060238E+04   0.1459325E+03   0.1414982E+00   0.1612860E+00   0.3353924E+04   0.1035057E-01   0.8222624E+00   0.4540294E+00   0.7419267E+02   0.6294003E+03   0.8426834E+02   0.1503039E+04   0.9097415E+02   0.1948340E+04   0.9658961E+02   0.2268214E+04   0.2378703E+03   0.5691140E+04   0.4630736E+00   0.7688870E+00   0.4837773E+00   0.6824880E+00   0.4833399E+00   0.6390809E+00   0.4789220E+00   0.6083381E+00   0.3070510E+00   0.3169475E+00   0.3122468E+02   0.1069634E+03   0.2992233E+02   0.9633609E+01   0.4034360E+03   0.2201690E+02   0.1151416E+05   0.7065641E+03   0.6339471E-03   0.1819430E+01   0.3442278E+01   0.9039196E+01   0.1194925E+05   0.5262342E+01
   0.1195973E+01   0.6336166E+04   0.2228262E-01   0.1138670E+00   0.1041828E+01   0.6038396E-01   0.2692551E+01   0.3044539E+01   0.9566142E+00   0.1001938E+01   0.2143270E+03   0.2353884E+02   0.8698309E+02   0.4175668E+02   0.2157844E+01   0.4400773E+00   0.6584712E+00   0.5586954E+00   0.3424259E+01   0.9016095E+00   0.9968728E+00   0.1011232E+01   0.1081151E+01   0.9973838E+00   0.1002145E+01   0.9968114E+00   0.9854790E+00   0.6559265E+02   0.6820498E+00   0.3179502E+00   0.1367948E+00   0.6451439E-03   0.8972732E-01   0.7998511E+00   0.8234327E+00   0.4510127E+00   0.6006188E+00   0.9876011E+00   0.9885159E+02   0.2462627E+01   0.8155823E+01   0.2100035E+01   0.1861134E+01   0.1244672E+04   0.5762300E+04   0.2546529E+04   0.8252389E+03   0.2351597E+03   0.9566142E+00   0.2405046E+00   0.2418132E+00   0.2479056E+01   0.1413391E+02   0.1089139E+04   0.1479660E+03   0.1042252E+01   0.1419676E+02   0.1059017E+04   0.1507053E+03   0.1384389E+00   0.1598462E+00   0.3415625E+04   0.1017451E-01   0.8110998E+00   0.4483118E+00   0.7082093E+02   0.6604624E+03   0.8081357E+02   0.1573561E+04   0.8744188E+02   0.2037369E+04   0.9298202E+02   0.2369907E+04   0.2312781E+03   0.5904473E+04   0.4550508E+00   0.7384857E+00   0.4717285E+00   0.6539324E+00   0.4696004E+00   0.6116923E+00   0.4641862E+00   0.5818658E+00   0.2931791E+00   0.3019547E+00   0.2038522E+02   0.1015111E+03   0.2316837E+02   0.8241197E+01   0.3977516E+03   0.2462944E+02   0.1152265E+05   0.7069699E+03   0.1104419E+00   0.8201760E+00   0.5970985E+01   0.5190023E+01   0.1195327E+05   0.6901603E+01
   0.2207619E+00   0.6334083E+04   0.2265299E-01   0.1226991E+00   0.1040661E+01   0.4063752E-01   0.3309994E+01   0.3024434E+01   0.9840145E+00   0.1001980E+01   0.2357986E+03   0.3674421E+02   0.1027572E+03   0.3822979E+02   0.1765884E+01   0.3760644E+00   0.8871075E+00   0.3211155E+00   0.5503183E+01   0.1050106E+01   0.1052328E+01   0.9436900E+00   0.8149894E+00   0.9959737E+00   0.9994623E+00   0.9968230E+00   0.9912782E+00   0.6961731E+02   0.6987616E+00   0.3012384E+00   0.1459973E+00   0.6451439E-03   0.1016394E+00   0.8088722E+00   0.8105399E+00   0.4439510E+00   0.5992492E+00   0.9694408E+00   0.1007956E+03   0.2364651E+01   0.6233215E+01   0.2058235E+01   0.1897570E+01   0.1193124E+04   0.5705902E+04   0.2550896E+04   0.8227699E+03   0.2317526E+03   0.9840145E+00   0.2489716E+00   0.2503110E+00   0.2624305E+01   0.1352034E+02   0.1090053E+04   0.1422468E+03   0.1040650E+01   0.1366903E+02   0.1061001E+04   0.1447852E+03   0.1425453E+00   0.1612350E+00   0.3354571E+04   0.1041837E-01   0.8226956E+00   0.4540721E+00   0.7488395E+02   0.6234478E+03   0.8499877E+02   0.1489301E+04   0.9173377E+02   0.1930845E+04   0.9737515E+02   0.2248106E+04   0.2394659E+03   0.5646292E+04   0.4493179E+00   0.7484651E+00   0.4699112E+00   0.6645826E+00   0.4697234E+00   0.6224067E+00   0.4655874E+00   0.5925232E+00   0.2991335E+00   0.3088792E+00   0.2884064E+02   0.1057637E+03   0.2852355E+02   0.1205406E+02   0.3975674E+03   0.2064868E+02   0.1151984E+05   0.7065363E+03   0.3789362E-02   0.1891919E+01   0.3439222E+01   0.6186528E+01   0.1195011E+05   0.5334930E+01
   0.2689355E+00   0.6336866E+04   0.2270893E-01   0.1233402E+00   0.1040659E+01   0.4594061E-01   0.3406687E+01   0.3037464E+01   0.9823628E+00   0.1001635E+01   0.2200407E+03   0.4537610E+02   0.7655252E+02   0.4819828E+02   0.4308412E+01   0.7700721E+00   0.7062597E+00   0.8627393E+00   0.6038850E+01   0.6980028E+00   0.9476858E+00   0.9751070E+00   0.1138999E+01   0.9956047E+00   0.1002033E+01   0.1001784E+01   0.9957331E+00   0.7055481E+02   0.7053137E+00   0.2946863E+00   0.1466943E+00   0.6451439E-03   0.1034999E+00   0.8126721E+00   0.8054428E+00   0.4411592E+00   0.5987635E+00   0.9675024E+00   0.1016723E+03   0.2373057E+01   0.6825256E+01   0.2085229E+01   0.1902174E+01   0.1204184E+04   0.5743734E+04   0.2547737E+04   0.8180769E+03   0.2296049E+03   0.9823628E+00   0.2502354E+00   0.2515794E+00   0.2646419E+01   0.1342284E+02   0.1090130E+04   0.1415889E+03   0.1040581E+01   0.1360672E+02   0.1061230E+04   0.1441040E+03   0.1429690E+00   0.1614933E+00   0.3328918E+04   0.1040333E-01   0.8276584E+00   0.4566159E+00   0.7578032E+02   0.6156138E+03   0.8583454E+02   0.1472132E+04   0.9253945E+02   0.1909606E+04   0.9816050E+02   0.2224217E+04   0.2402632E+03   0.5604712E+04   0.4470363E+00   0.7526502E+00   0.4691881E+00   0.6690424E+00   0.4697874E+00   0.6268951E+00   0.4661753E+00   0.5969901E+00   0.3016541E+00   0.3118051E+00   0.3177948E+02   0.1046480E+03   0.3423680E+02   0.1170221E+02   0.3962161E+03   0.2109151E+02   0.1152140E+05   0.7064934E+03   0.5817406E-01   0.2509944E+01   0.3762266E+01   0.1049962E+02   0.1195041E+05   0.6330384E+01
   0.5485271E+00   0.6333753E+04   0.2260229E-01   0.1215641E+00   0.1041042E+01   0.5936405E-01   0.3269736E+01   0.3049941E+01   0.9773816E+00   0.9976478E+00   0.2307808E+03   0.4431806E+02   0.9974371E+02   0.3701257E+02   0.2744349E+01   0.5137144E+00   0.9235558E+00   0.9211742E+00   0.7742082E+01   0.7559109E+00   0.1176720E+01   0.1049171E+01   0.9933294E+00   0.9961105E+00   0.1002316E+01   0.1005609E+01   0.9859758E+00   0.6963928E+02   0.7013968E+00   0.2986032E+00   0.1448115E+00   0.6451439E-03   0.1008457E+00   0.8150643E+00   0.8131646E+00   0.4453886E+00   0.6025117E+00   0.9767079E+00   0.1012023E+03   0.2402915E+01   0.8189392E+01   0.2111411E+01   0.1875037E+01   0.1202366E+04   0.5685092E+04   0.2520031E+04   0.8102532E+03   0.2280954E+03   0.9773816E+00   0.2484303E+00   0.2497678E+00   0.2619954E+01   0.1354910E+02   0.1089982E+04   0.1427601E+03   0.1041069E+01   0.1371284E+02   0.1060772E+04   0.1453235E+03   0.1420770E+00   0.1612497E+00   0.3344659E+04   0.1036046E-01   0.8246519E+00   0.4551381E+00   0.7486539E+02   0.6234140E+03   0.8490511E+02   0.1489853E+04   0.9159424E+02   0.1931978E+04   0.9719916E+02   0.2249767E+04   0.2385813E+03   0.5657958E+04   0.4509894E+00   0.7544670E+00   0.4723375E+00   0.6702142E+00   0.4724688E+00   0.6278075E+00   0.4685216E+00   0.5977435E+00   0.3018877E+00   0.3118454E+00   0.3263240E+02   0.1074539E+03   0.3211270E+02   0.1025985E+02   0.3970233E+03   0.2169055E+02   0.1151668E+05   0.7065102E+03   0.2149783E-01   0.2193517E+01   0.3448151E+01   0.9681198E+01   0.1194565E+05   0.5663166E+01
   0.2516218E+00   0.6333817E+04   0.2231030E-01   0.1158750E+00   0.1041292E+01   0.4945384E-01   0.2923420E+01   0.3016711E+01   0.9664298E+00   0.9971253E+00   0.2444077E+03   0.3506008E+02   0.1061256E+03   0.3549785E+02   0.6597833E+01   0.8442809E+00   0.7577642E+00   0.8028666E+00   0.2230879E+01   0.1087371E+01   0.1252778E+01   0.1068425E+01   0.1063685E+01   0.9990915E+00   0.1000899E+01   0.9883921E+00   0.9886807E+00   0.6745667E+02   0.6949051E+00   0.3050949E+00   0.1388304E+00   0.6451439E-03   0.9365039E-01   0.7909031E+00   0.7975908E+00   0.4368585E+00   0.5878033E+00   0.9629658E+00   0.1004389E+03   0.2389327E+01   0.7115173E+01   0.2042401E+01   0.1850060E+01   0.1211638E+04   0.5688524E+04   0.2517513E+04   0.8130363E+03   0.2299519E+03   0.9664298E+00   0.2437158E+00   0.2450362E+00   0.2554224E+01   0.1390404E+02   0.1089510E+04   0.1461834E+03   0.1041559E+01   0.1403506E+02   0.1059399E+04   0.1488940E+03   0.1394098E+00   0.1605618E+00   0.3357439E+04   0.1016263E-01   0.8214038E+00   0.4536637E+00   0.7262054E+02   0.6431625E+03   0.8253203E+02   0.1535447E+04   0.8912572E+02   0.1990049E+04   0.9464595E+02   0.2316524E+04   0.2333881E+03   0.5807017E+04   0.4418714E+00   0.7314630E+00   0.4611705E+00   0.6490730E+00   0.4605397E+00   0.6077102E+00   0.4561886E+00   0.5784265E+00   0.2919158E+00   0.3012205E+00   0.2566366E+02   0.1041554E+03   0.3099246E+02   0.1173307E+02   0.3957261E+03   0.2254472E+02   0.1152029E+05   0.7065956E+03   0.9120387E-04   0.1677296E+01   0.3476610E+01   0.5595456E+01   0.1195029E+05   0.5153998E+01
   0.6102339E+00   0.6331969E+04   0.2237909E-01   0.1149173E+00   0.1041490E+01   0.5281912E-01   0.2843204E+01   0.3027224E+01   0.9657352E+00   0.1000079E+01   0.2355957E+03   0.2951418E+02   0.1152154E+03   0.2602759E+02   0.4579253E+01   0.6385262E+00   0.4226978E+00   0.2057374E+00   0.5431856E+01   0.8649093E+00   0.5803018E+00   0.1096501E+01   0.8678554E+00   0.9986889E+00   0.9997384E+00   0.1001863E+01   0.9942285E+00   0.6697327E+02   0.6924668E+00   0.3075332E+00   0.1379415E+00   0.6451439E-03   0.9238394E-01   0.7938735E+00   0.8037791E+00   0.4402480E+00   0.5911863E+00   0.9700644E+00   0.1001237E+03   0.2406842E+01   0.7423401E+01   0.2063985E+01   0.1857071E+01   0.1219150E+04   0.5721846E+04   0.2534559E+04   0.8208932E+03   0.2330638E+03   0.9657352E+00   0.2426456E+00   0.2439621E+00   0.2513674E+01   0.1397319E+02   0.1089261E+04   0.1468043E+03   0.1041801E+01   0.1409139E+02   0.1059437E+04   0.1494979E+03   0.1391498E+00   0.1602188E+00   0.3372773E+04   0.1015299E-01   0.8188967E+00   0.4523067E+00   0.7213962E+02   0.6476292E+03   0.8204918E+02   0.1545512E+04   0.8863789E+02   0.2002702E+04   0.9415220E+02   0.2330932E+04   0.2325620E+03   0.5836190E+04   0.4450985E+00   0.7339717E+00   0.4639364E+00   0.6510366E+00   0.4630203E+00   0.6094396E+00   0.4584594E+00   0.5800050E+00   0.2926251E+00   0.3018384E+00   0.2550656E+02   0.1027739E+03   0.2871332E+02   0.9910954E+01   0.3957871E+03   0.2262390E+02   0.1151645E+05   0.7066459E+03   0.5487186E-02   0.1539698E+01   0.3722919E+01   0.7248923E+01   0.1194478E+05   0.5268104E+01
   0.5229200E+00   0.6329963E+04   0.2228450E-01   0.1148413E+00   0.1041801E+01   0.5182886E-01   0.2780562E+01   0.3025193E+01   0.9611911E+00   0.1002652E+01   0.2209669E+03   0.3851089E+02   0.9604569E+02   0.3698006E+02   0.3449294E+01   0.6283795E+00   0.6497108E+00   0.8192822E+00   0.7103072E+01   0.6981917E+00   0.9603953E+00   0.1115349E+01   0.1163693E+01   0.9969784E+00   0.1003077E+01   0.9945076E+00   0.9867735E+00   0.6628113E+02   0.6863987E+00   0.3136013E+00   0.1377709E+00   0.6451439E-03   0.9131613E-01   0.7940165E+00   0.8118164E+00   0.4446502E+00   0.5941882E+00   0.9752918E+00   0.9939597E+02   0.2423667E+01   0.7331848E+01   0.2059797E+01   0.1856977E+01   0.1227779E+04   0.5723441E+04   0.2535758E+04   0.8211802E+03   0.2333385E+03   0.9611911E+00   0.2417379E+00   0.2430510E+00   0.2509370E+01   0.1404147E+02   0.1089312E+04   0.1472286E+03   0.1042163E+01   0.1412722E+02   0.1059132E+04   0.1499612E+03   0.1388544E+00   0.1601524E+00   0.3397963E+04   0.1018449E-01   0.8142936E+00   0.4499803E+00   0.7149468E+02   0.6539175E+03   0.8147108E+02   0.1559032E+04   0.8809511E+02   0.2019250E+04   0.9363471E+02   0.2349397E+04   0.2322319E+03   0.5865396E+04   0.4490042E+00   0.7335167E+00   0.4665182E+00   0.6499887E+00   0.4649043E+00   0.6081917E+00   0.4598676E+00   0.5786521E+00   0.2917139E+00   0.3006344E+00   0.2935178E+02   0.1065130E+03   0.3149074E+02   0.1005230E+02   0.3957534E+03   0.2300551E+02   0.1150775E+05   0.7068134E+03   0.4883385E-01   0.1096772E+01   0.4718308E+01   0.1068881E+02   0.1193656E+05   0.5863914E+01
   0.1019433E+01   0.6331019E+04   0.2226060E-01   0.1174235E+00   0.1041022E+01   0.4971240E-01   0.2898672E+01   0.3030791E+01   0.9593780E+00   0.1001681E+01   0.2478516E+03   0.2985900E+02   0.1116473E+03   0.3483029E+02   0.6242836E+01   0.8954634E+00   0.2690617E+00   0.3246384E+00   0.2845751E+01   0.8622942E+00   0.9212922E+00   0.1092683E+01   0.1129833E+01   0.9974715E+00   0.1003124E+01   0.9981389E+00   0.9880395E+00   0.6648254E+02   0.6825079E+00   0.3174921E+00   0.1403292E+00   0.6451439E-03   0.9329444E-01   0.8004259E+00   0.8234305E+00   0.4510115E+00   0.6008338E+00   0.9816741E+00   0.9883130E+02   0.2441166E+01   0.7173157E+01   0.2071361E+01   0.1875324E+01   0.1240286E+04   0.5754464E+04   0.2542257E+04   0.8193667E+03   0.2318753E+03   0.9593780E+00   0.2433568E+00   0.2446759E+00   0.2554987E+01   0.1395047E+02   0.1089685E+04   0.1459369E+03   0.1041310E+01   0.1401474E+02   0.1059361E+04   0.1486575E+03   0.1397157E+00   0.1604426E+00   0.3405371E+04   0.1029024E-01   0.8123929E+00   0.4489896E+00   0.7177329E+02   0.6516659E+03   0.8188889E+02   0.1552712E+04   0.8859943E+02   0.2010445E+04   0.9420862E+02   0.2338646E+04   0.2342608E+03   0.5827803E+04   0.4550753E+00   0.7390560E+00   0.4718593E+00   0.6544796E+00   0.4697791E+00   0.6122210E+00   0.4643945E+00   0.5823789E+00   0.2934263E+00   0.3022443E+00   0.2560026E+02   0.1070339E+03   0.3218891E+02   0.8578496E+01   0.3956807E+03   0.2406489E+02   0.1151229E+05   0.7069520E+03   0.1144451E+00   0.8201760E+00   0.6176581E+01   0.7357608E+01   0.1194062E+05   0.7111202E+01
   0.6152025E+00   0.6331098E+04   0.2211696E-01   0.1124100E+00   0.1041752E+01   0.4619553E-01   0.2637486E+01   0.3016849E+01   0.9525406E+00   0.1006298E+01   0.2261180E+03   0.3433317E+02   0.1154626E+03   0.3292387E+02   0.4443579E+01   0.5878981E+00   0.4246677E+00   0.5478964E-01   0.3926607E+01   0.9442381E+00   0.9593162E+00   0.9906730E+00   0.9673629E+00   0.9960054E+00   0.9987467E+00   0.9869265E+00   0.9872646E+00   0.6530334E+02   0.6830314E+00   0.3169686E+00   0.1351721E+00   0.6451439E-03   0.8827191E-01   0.7850269E+00   0.8069228E+00   0.4419699E+00   0.5890316E+00   0.9714418E+00   0.9901013E+02   0.2433606E+01   0.6724548E+01   0.2042683E+01   0.1862413E+01   0.1253128E+04   0.5797388E+04   0.2555077E+04   0.8270004E+03   0.2351455E+03   0.9525406E+00   0.2396557E+00   0.2409611E+00   0.2490163E+01   0.1420925E+02   0.1089155E+04   0.1488024E+03   0.1042224E+01   0.1427739E+02   0.1058445E+04   0.1516157E+03   0.1376166E+00   0.1598933E+00   0.3401308E+04   0.1009249E-01   0.8130741E+00   0.4494628E+00   0.7048970E+02   0.6634951E+03   0.8041179E+02   0.1581021E+04   0.8699470E+02   0.2047180E+04   0.9249755E+02   0.2381444E+04   0.2299301E+03   0.5935848E+04   0.4460434E+00   0.7248902E+00   0.4626205E+00   0.6419937E+00   0.4606398E+00   0.6005663E+00   0.4553990E+00   0.5713081E+00   0.2879045E+00   0.2965564E+00   0.2871746E+02   0.1058871E+03   0.2981566E+02   0.9608680E+01   0.3958607E+03   0.2445577E+02   0.1150683E+05   0.7069319E+03   0.9022715E-01   0.9265765E+00   0.5516517E+01   0.1197112E+02   0.1193676E+05   0.6533321E+01
   0.9670268E+00   0.6328790E+04   0.2238386E-01   0.1210586E+00   0.1040741E+01   0.5383081E-01   0.3185262E+01   0.3054531E+01   0.9725477E+00   0.1005204E+01   0.2389691E+03   0.3739817E+02   0.9672480E+02   0.4807267E+02   0.6483138E+01   0.6891529E+00   0.5615436E+00   0.1202085E-01   0.3075233E+00   0.8417116E+00   0.1029011E+01   0.8406479E+00   0.9387740E+00   0.9963867E+00   0.1000476E+01   0.9962199E+00   0.9933565E+00   0.6855164E+02   0.6933866E+00   0.3066134E+00   0.1440876E+00   0.6451439E-03   0.9877444E-01   0.8168695E+00   0.8258242E+00   0.4523225E+00   0.6078556E+00   0.9866060E+00   0.1001582E+03   0.2429674E+01   0.7664490E+01   0.2121124E+01   0.1904624E+01   0.1227975E+04   0.5770897E+04   0.2561579E+04   0.8231978E+03   0.2318788E+03   0.9725477E+00   0.2472463E+00   0.2485796E+00   0.2631010E+01   0.1366257E+02   0.1090131E+04   0.1434618E+03   0.1040841E+01   0.1378326E+02   0.1060162E+04   0.1461062E+03   0.1413907E+00   0.1612045E+00   0.3364917E+04   0.1036565E-01   0.8200271E+00   0.4528833E+00   0.7382800E+02   0.6327502E+03   0.8394404E+02   0.1510233E+04   0.9067151E+02   0.1957136E+04   0.9630265E+02   0.2278020E+04   0.2377181E+03   0.5706350E+04   0.4573279E+00   0.7553225E+00   0.4769185E+00   0.6700725E+00   0.4760861E+00   0.6272989E+00   0.4714687E+00   0.5970259E+00   0.3012048E+00   0.3107577E+00   0.3030452E+02   0.1055134E+03   0.3234158E+02   0.9010287E+01   0.3959735E+03   0.2221852E+02   0.1150911E+05   0.7066258E+03   0.4542118E-02   0.1539698E+01   0.3765602E+01   0.9331014E+01   0.1193631E+05   0.5309842E+01
   0.9135702E+00   0.6327468E+04   0.2237548E-01   0.1211126E+00   0.1041010E+01   0.5200123E-01   0.3148692E+01   0.3051836E+01   0.9714645E+00   0.1005666E+01   0.2421582E+03   0.3974604E+02   0.1028937E+03   0.4172289E+02   0.2286522E+01   0.7021737E+00   0.3921556E+00   0.3424092E+00   0.3807771E+01   0.1060738E+01   0.1075008E+01   0.9011635E+00   0.9982877E+00   0.9958430E+00   0.1000323E+01   0.1000877E+01   0.9961096E+00   0.6819275E+02   0.6900529E+00   0.3099471E+00   0.1441332E+00   0.6451439E-03   0.9828837E-01   0.8169721E+00   0.8304058E+00   0.4548320E+00   0.6095778E+00   0.9893230E+00   0.9975323E+02   0.2434677E+01   0.7472229E+01   0.2115415E+01   0.1906461E+01   0.1229878E+04   0.5770581E+04   0.2565605E+04   0.8253527E+03   0.2327842E+03   0.9714645E+00   0.2467620E+00   0.2480935E+00   0.2619961E+01   0.1369308E+02   0.1090110E+04   0.1436338E+03   0.1041127E+01   0.1379599E+02   0.1060123E+04   0.1462813E+03   0.1413357E+00   0.1611184E+00   0.3382290E+04   0.1039402E-01   0.8170346E+00   0.4513336E+00   0.7349420E+02   0.6358657E+03   0.8365361E+02   0.1516862E+04   0.9040473E+02   0.1965199E+04   0.9605322E+02   0.2286973E+04   0.2376481E+03   0.5719476E+04   0.4595860E+00   0.7550798E+00   0.4784205E+00   0.6694857E+00   0.4771875E+00   0.6265953E+00   0.4722962E+00   0.5962607E+00   0.3006856E+00   0.3100689E+00   0.2915483E+02   0.1067055E+03   0.3224242E+02   0.9044450E+01   0.3957882E+03   0.2229595E+02   0.1150509E+05   0.7067053E+03   0.2268031E-01   0.1279349E+01   0.4254154E+01   0.1045890E+02   0.1193222E+05   0.5556183E+01
   0.7846079E+00   0.6332387E+04   0.2231163E-01   0.1217793E+00   0.1041218E+01   0.5097101E-01   0.3133852E+01   0.3044614E+01   0.9688644E+00   0.1003030E+01   0.2064292E+03   0.3205268E+02   0.9324429E+02   0.4625478E+02   0.4988384E+01   0.8924552E+00   0.4424062E+00   0.4726709E+00   0.4037379E+01   0.9758506E+00   0.1102021E+01   0.8713118E+00   0.1030382E+01   0.9958409E+00   0.1001201E+01   0.1003080E+01   0.9992653E+00   0.6780457E+02   0.6851824E+00   0.3148176E+00   0.1447361E+00   0.6451439E-03   0.9813768E-01   0.8163077E+00   0.8362242E+00   0.4580189E+00   0.6114608E+00   0.9913441E+00   0.9916566E+02   0.2439884E+01   0.7386780E+01   0.2100193E+01   0.1896646E+01   0.1227048E+04   0.5729398E+04   0.2549483E+04   0.8196812E+03   0.2311117E+03   0.9688644E+00   0.2465410E+00   0.2478717E+00   0.2627002E+01   0.1371100E+02   0.1090237E+04   0.1435856E+03   0.1041355E+01   0.1378835E+02   0.1060009E+04   0.1462522E+03   0.1413755E+00   0.1611624E+00   0.3403195E+04   0.1044796E-01   0.8132668E+00   0.4494187E+00   0.7315789E+02   0.6391388E+03   0.8339832E+02   0.1523505E+04   0.9019579E+02   0.1973047E+04   0.9587955E+02   0.2295484E+04   0.2379930E+03   0.5727488E+04   0.4623532E+00   0.7539817E+00   0.4800740E+00   0.6679817E+00   0.4782669E+00   0.6249681E+00   0.4729885E+00   0.5945764E+00   0.2996435E+00   0.3087817E+00   0.2718828E+02   0.1063086E+03   0.3291794E+02   0.9200014E+01   0.3957297E+03   0.2263583E+02   0.1151638E+05   0.7068541E+03   0.7264531E-01   0.9818667E+00   0.5325582E+01   0.7595662E+01   0.1194395E+05   0.6380094E+01
   0.8340463E+00   0.6332309E+04   0.2236799E-01   0.1220653E+00   0.1041145E+01   0.5338438E-01   0.3177755E+01   0.3051723E+01   0.9706702E+00   0.1002819E+01   0.2364807E+03   0.4978919E+02   0.1051608E+03   0.4656791E+02   0.3082710E+01   0.7246702E+00   0.6174015E+00   0.9179939E+00   0.1553940E+01   0.1234337E+01   0.1009402E+01   0.8610759E+00   0.1048546E+01   0.9970557E+00   0.1002221E+01   0.9940636E+00   0.9903069E+00   0.6823303E+02   0.6883885E+00   0.3116115E+00   0.1450784E+00   0.6451439E-03   0.9899139E-01   0.8191325E+00   0.8348342E+00   0.4572575E+00   0.6120086E+00   0.9916463E+00   0.9955178E+02   0.2440024E+01   0.7637024E+01   0.2115175E+01   0.1900979E+01   0.1227238E+04   0.5742404E+04   0.2552874E+04   0.8203268E+03   0.2311628E+03   0.9706702E+00   0.2471417E+00   0.2484746E+00   0.2631425E+01   0.1366409E+02   0.1090231E+04   0.1432563E+03   0.1041247E+01   0.1375815E+02   0.1060200E+04   0.1458997E+03   0.1416268E+00   0.1612295E+00   0.3391521E+04   0.1044241E-01   0.8154849E+00   0.4505344E+00   0.7356847E+02   0.6353410E+03   0.8378136E+02   0.1515220E+04   0.9056550E+02   0.1962817E+04   0.9624044E+02   0.2283992E+04   0.2383745E+03   0.5707550E+04   0.4618618E+00   0.7569119E+00   0.4803747E+00   0.6709292E+00   0.4789435E+00   0.6278712E+00   0.4739065E+00   0.5974283E+00   0.3012038E+00   0.3105333E+00   0.2919516E+02   0.1094040E+03   0.3211572E+02   0.9180062E+01   0.3959567E+03   0.2260399E+02   0.1151639E+05   0.7067519E+03   0.3629408E-01   0.1217317E+01   0.4562778E+01   0.7921176E+01   0.1194413E+05   0.5816390E+01
   0.5914889E+00   0.6332709E+04   0.2267573E-01   0.1238180E+00   0.1040762E+01   0.4949840E-01   0.3331918E+01   0.3040924E+01   0.9797819E+00   0.9997559E+00   0.2367146E+03   0.2411568E+02   0.1149102E+03   0.2830426E+02   0.1957426E+01   0.4740374E+00   0.7026385E+00   0.3638878E+00   0.9638062E+01   0.1197476E+01   0.1020230E+01   0.1094317E+01   0.9476959E+00   0.9976498E+00   0.1001426E+01   0.1007364E+01   0.9947823E+00   0.6953308E+02   0.6956702E+00   0.3043298E+00   0.1471389E+00   0.6451439E-03   0.1023102E+00   0.8172524E+00   0.8231288E+00   0.4508462E+00   0.6070051E+00   0.9800777E+00   0.1003897E+03   0.2398841E+01   0.7209778E+01   0.2092456E+01   0.1895233E+01   0.1202525E+04   0.5702713E+04   0.2539099E+04   0.8168653E+03   0.2299541E+03   0.9797819E+00   0.2492635E+00   0.2506040E+00   0.2627498E+01   0.1349799E+02   0.1090143E+04   0.1418498E+03   0.1040739E+01   0.1362972E+02   0.1061115E+04   0.1443769E+03   0.1429298E+00   0.1612650E+00   0.3371340E+04   0.1048530E-01   0.8198016E+00   0.4525503E+00   0.7484654E+02   0.6239778E+03   0.8504017E+02   0.1489835E+04   0.9182281E+02   0.1931057E+04   0.9750181E+02   0.2247957E+04   0.2402970E+03   0.5637337E+04   0.4560167E+00   0.7559050E+00   0.4761280E+00   0.6708404E+00   0.4755672E+00   0.6281219E+00   0.4711338E+00   0.5978736E+00   0.3017029E+00   0.3113895E+00   0.2619313E+02   0.1086301E+03   0.2989730E+02   0.1003738E+02   0.3957477E+03   0.2133382E+02   0.1152185E+05   0.7065819E+03   0.4491258E-03   0.1677296E+01   0.3626821E+01   0.4566135E+01   0.1194897E+05   0.5304567E+01
   0.6456458E+00   0.6334683E+04   0.2226116E-01   0.1235580E+00   0.1040219E+01   0.5407054E-01   0.3244556E+01   0.3054861E+01   0.9727651E+00   0.1003902E+01   0.2555402E+03   0.4254127E+02   0.1263276E+03   0.3083895E+02   0.3797091E+01   0.6450646E+00   0.3303022E+00   0.2455483E+00   0.4784440E+01   0.1446734E+01   0.9963687E+00   0.1137550E+01   0.1263924E+01   0.9977608E+00   0.1002128E+01   0.9945777E+00   0.9892211E+00   0.6808289E+02   0.6840227E+00   0.3159773E+00   0.1464643E+00   0.6451439E-03   0.9971714E-01   0.8234329E+00   0.8450756E+00   0.4628670E+00   0.6173653E+00   0.9979511E+00   0.9893219E+02   0.2446080E+01   0.7762146E+01   0.2121824E+01   0.1904339E+01   0.1220931E+04   0.5714517E+04   0.2549546E+04   0.8180749E+03   0.2301012E+03   0.9727651E+00   0.2479742E+00   0.2493100E+00   0.2675217E+01   0.1364078E+02   0.1090563E+04   0.1426391E+03   0.1040290E+01   0.1371148E+02   0.1060085E+04   0.1453114E+03   0.1419235E+00   0.1614400E+00   0.3394158E+04   0.1049647E-01   0.8140466E+00   0.4498425E+00   0.7347728E+02   0.6364439E+03   0.8379296E+02   0.1516805E+04   0.9063858E+02   0.1964189E+04   0.9636178E+02   0.2285032E+04   0.2393744E+03   0.5698283E+04   0.4671322E+00   0.7604453E+00   0.4847401E+00   0.6735792E+00   0.4827781E+00   0.6301517E+00   0.4773595E+00   0.5994749E+00   0.3020551E+00   0.3112232E+00   0.3168588E+02   0.1124819E+03   0.3457899E+02   0.9548795E+01   0.3960954E+03   0.2208278E+02   0.1151511E+05   0.7068952E+03   0.1017108E+00   0.8727971E+00   0.6061850E+01   0.1259422E+02   0.1194284E+05   0.7036357E+01
   0.9646993E+00   0.6335524E+04   0.2228162E-01   0.1184675E+00   0.1041523E+01   0.4488250E-01   0.2900603E+01   0.3026949E+01   0.9551079E+00   0.1002368E+01   0.2416632E+03   0.4597617E+02   0.1270542E+03   0.2878319E+02   0.3436797E+01   0.6964851E+00   0.1810606E-01   0.3093664E-02   0.4227778E+01   0.9131280E+00   0.8263055E+00   0.9705888E+00   0.9093249E+00   0.9981161E+00   0.9988375E+00   0.9897035E+00   0.9963236E+00   0.6632141E+02   0.6785420E+00   0.3214580E+00   0.1413943E+00   0.6451439E-03   0.9377467E-01   0.8014228E+00   0.8295893E+00   0.4543848E+00   0.6034520E+00   0.9840899E+00   0.9838022E+02   0.2453498E+01   0.6669617E+01   0.2063418E+01   0.1886265E+01   0.1255060E+04   0.5787681E+04   0.2550864E+04   0.8208757E+03   0.2321821E+03   0.9551079E+00   0.2433922E+00   0.2447114E+00   0.2551693E+01   0.1393547E+02   0.1089753E+04   0.1456343E+03   0.1041805E+01   0.1397904E+02   0.1059513E+04   0.1483386E+03   0.1400534E+00   0.1604644E+00   0.3430436E+04   0.1036733E-01   0.8084117E+00   0.4469054E+00   0.7166278E+02   0.6529622E+03   0.8186410E+02   0.1554836E+04   0.8862550E+02   0.2012570E+04   0.9427440E+02   0.2340608E+04   0.2350305E+03   0.5821924E+04   0.4581169E+00   0.7395923E+00   0.4740356E+00   0.6545365E+00   0.4714949E+00   0.6121020E+00   0.4657945E+00   0.5821594E+00   0.2931607E+00   0.3018103E+00   0.3273429E+02   0.1070078E+03   0.3347722E+02   0.8522907E+01   0.3960197E+03   0.2521681E+02   0.1152229E+05   0.7071180E+03   0.1847348E+00   0.6252075E+00   0.7477381E+01   0.3596830E+01   0.1195205E+05   0.8287323E+01
   0.7051201E+00   0.6335046E+04   0.2238760E-01   0.1202550E+00   0.1041689E+01   0.4692667E-01   0.3080420E+01   0.3033484E+01   0.9662990E+00   0.1002977E+01   0.2319116E+03   0.4178182E+02   0.1124457E+03   0.3812701E+02   0.5341979E+01   0.7148833E+00   0.3025178E+00   0.1106789E+00   0.5122312E+01   0.9374818E+00   0.8921698E+00   0.8908915E+00   0.1029630E+01   0.9968727E+00   0.9971398E+00   0.9910785E+00   0.9953011E+00   0.6793640E+02   0.6895412E+00   0.3104588E+00   0.1432878E+00   0.6451439E-03   0.9734455E-01   0.8076937E+00   0.8216523E+00   0.4500375E+00   0.6029034E+00   0.9799309E+00   0.9975348E+02   0.2423952E+01   0.6916809E+01   0.2076946E+01   0.1890886E+01   0.1232180E+04   0.5754585E+04   0.2548544E+04   0.8198112E+03   0.2312783E+03   0.9662990E+00   0.2458619E+00   0.2471901E+00   0.2594094E+01   0.1373818E+02   0.1089952E+04   0.1441809E+03   0.1041849E+01   0.1383894E+02   0.1060009E+04   0.1468336E+03   0.1410215E+00   0.1609762E+00   0.3393039E+04   0.1037980E-01   0.8156141E+00   0.4505977E+00   0.7322857E+02   0.6382075E+03   0.8336417E+02   0.1522331E+04   0.9009871E+02   0.1972208E+04   0.9573299E+02   0.2295066E+04   0.2369343E+03   0.5738367E+04   0.4546869E+00   0.7464565E+00   0.4731989E+00   0.6617877E+00   0.4719229E+00   0.6193689E+00   0.4670482E+00   0.5893708E+00   0.2971977E+00   0.3064470E+00   0.3376777E+02   0.1085662E+03   0.3530154E+02   0.9548623E+01   0.3958858E+03   0.2296401E+02   0.1152070E+05   0.7067192E+03   0.2208136E-01   0.1279349E+01   0.4165495E+01   0.8801772E+01   0.1194910E+05   0.5466925E+01
   0.1416101E+00   0.6335209E+04   0.2249845E-01   0.1184276E+00   0.1041509E+01   0.3856603E-01   0.3027898E+01   0.3004809E+01   0.9655708E+00   0.9986208E+00   0.2607014E+03   0.3584396E+02   0.1188787E+03   0.2820774E+02   0.2393005E+01   0.6926740E+00   0.6896817E-01   0.2503027E+00   0.8807249E+01   0.7170326E+00   0.9334914E+00   0.1058624E+01   0.1039118E+01   0.9984582E+00   0.1000844E+01   0.9965883E+00   0.9846131E+00   0.6799866E+02   0.6938219E+00   0.3061781E+00   0.1415712E+00   0.6451439E-03   0.9626650E-01   0.7908559E+00   0.7989577E+00   0.4376072E+00   0.5882892E+00   0.9590631E+00   0.1002675E+03   0.2381822E+01   0.5946350E+01   0.2018237E+01   0.1868418E+01   0.1221491E+04   0.5730319E+04   0.2527979E+04   0.8145870E+03   0.2299026E+03   0.9655708E+00   0.2452015E+00   0.2465273E+00   0.2555974E+01   0.1377909E+02   0.1089604E+04   0.1448313E+03   0.1041695E+01   0.1390343E+02   0.1060123E+04   0.1474552E+03   0.1406480E+00   0.1606551E+00   0.3375895E+04   0.1029107E-01   0.8188311E+00   0.4521880E+00   0.7322640E+02   0.6379163E+03   0.8324816E+02   0.1522671E+04   0.8991361E+02   0.1973325E+04   0.9549315E+02   0.2296923E+04   0.2356468E+03   0.5754956E+04   0.4424928E+00   0.7313148E+00   0.4615600E+00   0.6488256E+00   0.4608072E+00   0.6074299E+00   0.4563730E+00   0.5781293E+00   0.2917048E+00   0.3009673E+00   0.3099612E+02   0.1088216E+03   0.3397677E+02   0.1286165E+02   0.3979555E+03   0.2281724E+02   0.1151992E+05   0.7066167E+03   0.1908262E-02   0.1607985E+01   0.3614875E+01   0.5027061E+01   0.1195355E+05   0.5224768E+01
   0.3272766E-01   0.6338968E+04   0.2221682E-01   0.1202688E+00   0.1041183E+01   0.3719539E-01   0.3173267E+01   0.2998734E+01   0.9707547E+00   0.9957183E+00   0.2401048E+03   0.3991830E+02   0.1133194E+03   0.2983389E+02   0.1998069E+01   0.7476388E+00   0.1128911E-01   0.6011358E+00   0.9537289E+01   0.1123195E+01   0.1042977E+01   0.1183833E+01   0.1397570E+01   0.9973300E+00   0.1002935E+01   0.1005787E+01   0.9968445E+00   0.6870178E+02   0.6967526E+00   0.3032474E+00   0.1431308E+00   0.6451439E-03   0.9833340E-01   0.7926191E+00   0.7968975E+00   0.4364787E+00   0.5881848E+00   0.9562700E+00   0.1006866E+03   0.2360625E+01   0.5876160E+01   0.2006012E+01   0.1862199E+01   0.1201941E+04   0.5653822E+04   0.2508477E+04   0.8051015E+03   0.2258229E+03   0.9707547E+00   0.2470228E+00   0.2483552E+00   0.2659060E+01   0.1367526E+02   0.1090265E+04   0.1438475E+03   0.1041297E+01   0.1381426E+02   0.1059704E+04   0.1465560E+03   0.1408292E+00   0.1614840E+00   0.3347757E+04   0.1030466E-01   0.8230298E+00   0.4545866E+00   0.7393033E+02   0.6316355E+03   0.8397098E+02   0.1508371E+04   0.9065345E+02   0.1955248E+04   0.9624935E+02   0.2276254E+04   0.2370362E+03   0.5711247E+04   0.4416164E+00   0.7332278E+00   0.4613558E+00   0.6508344E+00   0.4609362E+00   0.6094402E+00   0.4567216E+00   0.5801230E+00   0.2928117E+00   0.3022479E+00   0.3255555E+02   0.1110656E+03   0.3692467E+02   0.1584399E+02   0.3984454E+03   0.2197349E+02   0.1151648E+05   0.7065641E+03   0.1705126E-02   0.1891919E+01   0.3370485E+01   0.1336197E+02   0.1195275E+05   0.5264109E+01
   0.8464883E+00   0.6333810E+04   0.2233769E-01   0.1231761E+00   0.1041024E+01   0.5353725E-01   0.3233992E+01   0.3050590E+01   0.9668807E+00   0.1000669E+01   0.2490523E+03   0.4442718E+02   0.1072495E+03   0.3798619E+02   0.1331402E+01   0.6608761E+00   0.6755023E+00   0.5164865E+00   0.7580501E+01   0.8971596E+00   0.7326750E+00   0.9569493E+00   0.6908087E+00   0.9975290E+00   0.1001334E+01   0.9907487E+00   0.9908057E+00   0.6843079E+02   0.6878794E+00   0.3121206E+00   0.1461590E+00   0.6451439E-03   0.1000177E+00   0.8194706E+00   0.8358608E+00   0.4578198E+00   0.6125111E+00   0.9906212E+00   0.9948139E+02   0.2447705E+01   0.7682800E+01   0.2112780E+01   0.1898246E+01   0.1234198E+04   0.5740456E+04   0.2539290E+04   0.8127594E+03   0.2282942E+03   0.9668807E+00   0.2478662E+00   0.2492017E+00   0.2656678E+01   0.1361856E+02   0.1090421E+04   0.1427279E+03   0.1041090E+01   0.1370947E+02   0.1060238E+04   0.1453752E+03   0.1419543E+00   0.1614287E+00   0.3391734E+04   0.1048173E-01   0.8153106E+00   0.4504643E+00   0.7378784E+02   0.6334901E+03   0.8404530E+02   0.1510679E+04   0.9085822E+02   0.1956852E+04   0.9655685E+02   0.2276984E+04   0.2392440E+03   0.5688589E+04   0.4623926E+00   0.7571700E+00   0.4807909E+00   0.6710982E+00   0.4792952E+00   0.6280044E+00   0.4742127E+00   0.5975395E+00   0.3012313E+00   0.3105423E+00   0.3224207E+02   0.1097157E+03   0.3655813E+02   0.9135308E+01   0.3960488E+03   0.2355239E+02   0.1151925E+05   0.7067670E+03   0.4233712E-01   0.1156417E+01   0.4707635E+01   0.6960800E+01   0.1194799E+05   0.5906389E+01
   0.3219171E+00   0.6333070E+04   0.2244092E-01   0.1218231E+00   0.1040939E+01   0.4333467E-01   0.3263733E+01   0.3027147E+01   0.9695630E+00   0.1000825E+01   0.2671311E+03   0.3394869E+02   0.8412263E+02   0.5002442E+02   0.2174503E+01   0.8216210E+00   0.3387496E+00   0.2306218E+00   0.9893003E+01   0.9467110E+00   0.9897520E+00   0.8634435E+00   0.1028293E+01   0.9969078E+00   0.1001854E+01   0.9956128E+00   0.9982703E+00   0.6930603E+02   0.6983150E+00   0.3016850E+00   0.1449092E+00   0.6451439E-03   0.1004308E+00   0.8049795E+00   0.8072370E+00   0.4421419E+00   0.5965863E+00   0.9669395E+00   0.1008158E+03   0.2395546E+01   0.6556702E+01   0.2063827E+01   0.1892489E+01   0.1226769E+04   0.5757863E+04   0.2537258E+04   0.8122180E+03   0.2277072E+03   0.9695630E+00   0.2482916E+00   0.2496286E+00   0.2647358E+01   0.1357554E+02   0.1090199E+04   0.1428452E+03   0.1040976E+01   0.1372225E+02   0.1060390E+04   0.1454647E+03   0.1418253E+00   0.1614250E+00   0.3349546E+04   0.1037153E-01   0.8232064E+00   0.4545046E+00   0.7455549E+02   0.6262271E+03   0.8463837E+02   0.1495831E+04   0.9135139E+02   0.1939239E+04   0.9697402E+02   0.2257820E+04   0.2385566E+03   0.5669402E+04   0.4474617E+00   0.7448181E+00   0.4678557E+00   0.6612946E+00   0.4676151E+00   0.6193067E+00   0.4634621E+00   0.5895593E+00   0.2976258E+00   0.3072970E+00   0.3294460E+02   0.1110641E+03   0.3843060E+02   0.1129405E+02   0.3965412E+03   0.2273464E+02   0.1151803E+05   0.7065419E+03   0.4457618E-02   0.1965459E+01   0.3390560E+01   0.5640068E+01   0.1194860E+05   0.5360476E+01
   0.3617835E+00   0.6333797E+04   0.2243232E-01   0.1204496E+00   0.1041148E+01   0.4574086E-01   0.3174339E+01   0.3026582E+01   0.9659976E+00   0.9998674E+00   0.2708246E+03   0.5921365E+02   0.1089962E+03   0.4056501E+02   0.3381570E+01   0.5802509E+00   0.7573053E+00   0.2528062E+00   0.2667837E+01   0.1262099E+01   0.1144660E+01   0.9527402E+00   0.9530457E+00   0.9968442E+00   0.9986817E+00   0.9937099E+00   0.9997577E+00   0.6881897E+02   0.6969477E+00   0.3030523E+00   0.1435271E+00   0.6451439E-03   0.9877387E-01   0.8018989E+00   0.8059680E+00   0.4414469E+00   0.5949754E+00   0.9666418E+00   0.1006593E+03   0.2403171E+01   0.6791687E+01   0.2062661E+01   0.1882339E+01   0.1230537E+04   0.5754789E+04   0.2530542E+04   0.8109130E+03   0.2277613E+03   0.9659976E+00   0.2471211E+00   0.2484539E+00   0.2618187E+01   0.1365445E+02   0.1090005E+04   0.1436334E+03   0.1041243E+01   0.1379442E+02   0.1060200E+04   0.1462667E+03   0.1412992E+00   0.1611784E+00   0.3356596E+04   0.1033259E-01   0.8219857E+00   0.4538776E+00   0.7405317E+02   0.6305736E+03   0.8410525E+02   0.1505882E+04   0.9079563E+02   0.1952053E+04   0.9639828E+02   0.2272559E+04   0.2373703E+03   0.5702528E+04   0.4466576E+00   0.7418313E+00   0.4666708E+00   0.6584920E+00   0.4662692E+00   0.6166194E+00   0.4620209E+00   0.5869622E+00   0.2962697E+00   0.3058268E+00   0.3801919E+02   0.1083049E+03   0.3608564E+02   0.1104135E+02   0.3960191E+03   0.2329082E+02   0.1151985E+05   0.7065611E+03   0.1207005E-02   0.1819430E+01   0.3411643E+01   0.5602238E+01   0.1195020E+05   0.5232280E+01
   0.1080111E+01   0.6327583E+04   0.2233725E-01   0.1198014E+00   0.1040637E+01   0.5744918E-01   0.3158701E+01   0.3051592E+01   0.9703641E+00   0.1000257E+01   0.2238059E+03   0.4676867E+02   0.1183319E+03   0.3862420E+02   0.6200221E+01   0.8618781E+00   0.4078978E+00   0.6028769E+00   0.2069623E+00   0.9753132E+00   0.1031033E+01   0.8998323E+00   0.1058496E+01   0.9976241E+00   0.9989777E+00   0.9999690E+00   0.9932306E+00   0.6861389E+02   0.6967122E+00   0.3032878E+00   0.1427838E+00   0.6451439E-03   0.9796954E-01   0.8116453E+00   0.8160807E+00   0.4469858E+00   0.6023238E+00   0.9798515E+00   0.1005999E+03   0.2423296E+01   0.8015442E+01   0.2114899E+01   0.1885341E+01   0.1224601E+04   0.5744010E+04   0.2539484E+04   0.8152314E+03   0.2294008E+03   0.9703641E+00   0.2468792E+00   0.2482111E+00   0.2630698E+01   0.1369227E+02   0.1090054E+04   0.1439476E+03   0.1040749E+01   0.1383115E+02   0.1059933E+04   0.1466174E+03   0.1409118E+00   0.1611922E+00   0.3346037E+04   0.1028946E-01   0.8232388E+00   0.4545903E+00   0.7383641E+02   0.6324417E+03   0.8386540E+02   0.1510287E+04   0.9054005E+02   0.1957725E+04   0.9612935E+02   0.2279132E+04   0.2367475E+03   0.5718355E+04   0.4522467E+00   0.7508246E+00   0.4724515E+00   0.6664498E+00   0.4720174E+00   0.6240608E+00   0.4676985E+00   0.5940393E+00   0.2998388E+00   0.3094965E+00   0.2942694E+02   0.1072912E+03   0.3352173E+02   0.8850169E+01   0.3967048E+03   0.2281627E+02   0.1151274E+05   0.7065647E+03   0.4871917E-03   0.1819430E+01   0.3452532E+01   0.2216989E+01   0.1194111E+05   0.5272449E+01
   0.3799588E+00   0.6331709E+04   0.2217106E-01   0.1191628E+00   0.1040520E+01   0.5343033E-01   0.3123996E+01   0.3031569E+01   0.9708731E+00   0.9976407E+00   0.2125465E+03   0.3704051E+02   0.1096612E+03   0.3735485E+02   0.6660134E+01   0.6391037E+00   0.6480721E+00   0.5891828E-01   0.8620817E+00   0.1064623E+01   0.9825561E+00   0.1149798E+01   0.1197364E+01   0.9970411E+00   0.1002650E+01   0.9933622E+00   0.9908798E+00   0.6825867E+02   0.6952746E+00   0.3047254E+00   0.1419790E+00   0.6451439E-03   0.9691299E-01   0.8032162E+00   0.8095173E+00   0.4433909E+00   0.5967736E+00   0.9721954E+00   0.1004380E+03   0.2399270E+01   0.7630920E+01   0.2072974E+01   0.1862880E+01   0.1206492E+04   0.5665043E+04   0.2514087E+04   0.8076111E+03   0.2270679E+03   0.9708731E+00   0.2463530E+00   0.2476830E+00   0.2650731E+01   0.1374498E+02   0.1090177E+04   0.1444100E+03   0.1040678E+01   0.1387652E+02   0.1059475E+04   0.1471432E+03   0.1403605E+00   0.1612963E+00   0.3342431E+04   0.1025476E-01   0.8233238E+00   0.4547578E+00   0.7348131E+02   0.6355995E+03   0.8349957E+02   0.1517488E+04   0.9016491E+02   0.1966837E+04   0.9574541E+02   0.2289557E+04   0.2360336E+03   0.5740542E+04   0.4484703E+00   0.7428878E+00   0.4681549E+00   0.6592511E+00   0.4675599E+00   0.6172560E+00   0.4631724E+00   0.5875222E+00   0.2964988E+00   0.3059816E+00   0.2939913E+02   0.1078453E+03   0.3287338E+02   0.1091554E+02   0.3958929E+03   0.2212144E+02   0.1151546E+05   0.7065889E+03   0.9008734E-04   0.1677296E+01   0.3511561E+01   0.7252014E+01   0.1194439E+05   0.5188948E+01
   0.9344829E+00   0.6335312E+04   0.2233449E-01   0.1208657E+00   0.1040088E+01   0.6652541E-01   0.3168919E+01   0.3062025E+01   0.9735645E+00   0.9988506E+00   0.2648862E+03   0.4950105E+02   0.8280312E+02   0.5563802E+02   0.5293802E+01   0.7109963E+00   0.8457321E+00   0.4236433E+00   0.5623577E+00   0.1197327E+01   0.1338447E+01   0.7976053E+00   0.9502350E+00   0.9958403E+00   0.1000093E+01   0.9995969E+00   0.9906741E+00   0.6816711E+02   0.6904391E+00   0.3095609E+00   0.1438454E+00   0.6451439E-03   0.9805524E-01   0.8196713E+00   0.8326301E+00   0.4560503E+00   0.6114011E+00   0.9927783E+00   0.9972327E+02   0.2439906E+01   0.8927917E+01   0.2137079E+01   0.1870843E+01   0.1206735E+04   0.5659772E+04   0.2517722E+04   0.8097420E+03   0.2283013E+03   0.9735645E+00   0.2470126E+00   0.2483450E+00   0.2634765E+01   0.1370290E+02   0.1090159E+04   0.1436282E+03   0.1040197E+01   0.1380778E+02   0.1060009E+04   0.1462924E+03   0.1412163E+00   0.1611170E+00   0.3366484E+04   0.1035931E-01   0.8190722E+00   0.4524060E+00   0.7346136E+02   0.6361214E+03   0.8360571E+02   0.1517567E+04   0.9034744E+02   0.1966175E+04   0.9598837E+02   0.2288160E+04   0.2374237E+03   0.5723537E+04   0.4608461E+00   0.7576148E+00   0.4798335E+00   0.6717777E+00   0.4786442E+00   0.6287590E+00   0.4737692E+00   0.5983311E+00   0.3017485E+00   0.3111814E+00   0.3360661E+02   0.1058406E+03   0.3538039E+02   0.9009318E+01   0.4002089E+03   0.2202524E+02   0.1151728E+05   0.7066952E+03   0.2490451E-01   0.1279349E+01   0.4400310E+01   0.9704470E+01   0.1194852E+05   0.5704563E+01
   0.6873155E+00   0.6330165E+04   0.2226567E-01   0.1230506E+00   0.1039844E+01   0.5865191E-01   0.3214664E+01   0.3052873E+01   0.9681971E+00   0.9979014E+00   0.2348150E+03   0.4580791E+02   0.1039889E+03   0.4146906E+02   0.6293516E+01   0.6447607E+00   0.7604434E+00   0.2226695E+00   0.1662428E+01   0.9702672E+00   0.9166835E+00   0.9360407E+00   0.9086528E+00   0.9975307E+00   0.1000307E+01   0.9967237E+00   0.9968861E+00   0.6778992E+02   0.6823800E+00   0.3176200E+00   0.1459614E+00   0.6451439E-03   0.9894711E-01   0.8201270E+00   0.8438677E+00   0.4622054E+00   0.6156843E+00   0.9960900E+00   0.9868857E+02   0.2453811E+01   0.8213806E+01   0.2117610E+01   0.1883223E+01   0.1220605E+04   0.5680074E+04   0.2520887E+04   0.8077379E+03   0.2270880E+03   0.9681971E+00   0.2475857E+00   0.2489202E+00   0.2663953E+01   0.1367972E+02   0.1090485E+04   0.1429064E+03   0.1039925E+01   0.1374199E+02   0.1060047E+04   0.1455800E+03   0.1417513E+00   0.1612772E+00   0.3395724E+04   0.1048077E-01   0.8134557E+00   0.4495207E+00   0.7318798E+02   0.6390779E+03   0.8350604E+02   0.1522690E+04   0.9035071E+02   0.1971555E+04   0.9607193E+02   0.2293393E+04   0.2389130E+03   0.5714717E+04   0.4663183E+00   0.7572296E+00   0.4834816E+00   0.6705534E+00   0.4813332E+00   0.6272480E+00   0.4758049E+00   0.5966674E+00   0.3005812E+00   0.3096314E+00   0.3272230E+02   0.1056689E+03   0.3372967E+02   0.9361894E+01   0.3972852E+03   0.2313766E+02   0.1151248E+05   0.7069570E+03   0.1365137E+00   0.7688989E+00   0.6835726E+01   0.3363717E+01   0.1194227E+05   0.7741139E+01
   0.5777128E+00   0.6334557E+04   0.2235334E-01   0.1246272E+00   0.1040023E+01   0.5834959E-01   0.3298004E+01   0.3064677E+01   0.9712012E+00   0.1003944E+01   0.2376407E+03   0.3204503E+02   0.1059816E+03   0.4644967E+02   0.7737680E+01   0.6277902E+00   0.7389096E+00   0.4053243E-01   0.3345186E+01   0.1013579E+01   0.1088145E+01   0.8266322E+00   0.9195131E+00   0.9971759E+00   0.9981232E+00   0.1000433E+01   0.9895342E+00   0.6833557E+02   0.6838681E+00   0.3161319E+00   0.1476257E+00   0.6451439E-03   0.1008809E+00   0.8284249E+00   0.8504067E+00   0.4657870E+00   0.6211840E+00   0.1002143E+01   0.9886948E+02   0.2462218E+01   0.8201599E+01   0.2142754E+01   0.1906736E+01   0.1227605E+04   0.5727121E+04   0.2544776E+04   0.8148616E+03   0.2289781E+03   0.9712012E+00   0.2487030E+00   0.2500415E+00   0.2675799E+01   0.1358837E+02   0.1090586E+04   0.1420510E+03   0.1040051E+01   0.1365807E+02   0.1060429E+04   0.1446823E+03   0.1424718E+00   0.1614476E+00   0.3397447E+04   0.1054328E-01   0.8136007E+00   0.4495377E+00   0.7375367E+02   0.6340691E+03   0.8411193E+02   0.1511111E+04   0.9098559E+02   0.1956794E+04   0.9673213E+02   0.2276411E+04   0.2403172E+03   0.5676400E+04   0.4700512E+00   0.7650400E+00   0.4877315E+00   0.6776318E+00   0.4857398E+00   0.6339357E+00   0.4802763E+00   0.6030701E+00   0.3038535E+00   0.3130738E+00   0.3165536E+02   0.1106228E+03   0.3459931E+02   0.9765509E+01   0.3971832E+03   0.2255211E+02   0.1151442E+05   0.7069009E+03   0.1103507E+00   0.8201760E+00   0.6310329E+01   0.1105670E+02   0.1194392E+05   0.7240856E+01
   0.8208979E+00   0.6329191E+04   0.2258132E-01   0.1228299E+00   0.1040362E+01   0.5118008E-01   0.3260436E+01   0.3043934E+01   0.9738612E+00   0.1000618E+01   0.2706326E+03   0.4149017E+02   0.1024650E+03   0.3752875E+02   0.2297357E+01   0.4909412E+00   0.7712523E+00   0.2760221E+00   0.5991567E+01   0.1145648E+01   0.1079374E+01   0.1032935E+01   0.9564522E+00   0.9961136E+00   0.1000671E+01   0.9913966E+00   0.9928571E+00   0.6883728E+02   0.6917713E+00   0.3082287E+00   0.1460564E+00   0.6451439E-03   0.1005412E+00   0.8154443E+00   0.8265521E+00   0.4527213E+00   0.6075928E+00   0.9828392E+00   0.9986116E+02   0.2418172E+01   0.7380676E+01   0.2098764E+01   0.1894563E+01   0.1216528E+04   0.5728395E+04   0.2539965E+04   0.8161131E+03   0.2297593E+03   0.9738612E+00   0.2483015E+00   0.2496385E+00   0.2620604E+01   0.1358605E+02   0.1090107E+04   0.1425051E+03   0.1040387E+01   0.1369732E+02   0.1060810E+04   0.1450684E+03   0.1423720E+00   0.1610978E+00   0.3377643E+04   0.1045625E-01   0.8180220E+00   0.4516818E+00   0.7416026E+02   0.6300322E+03   0.8436574E+02   0.1503355E+04   0.9115014E+02   0.1947967E+04   0.9682774E+02   0.2267139E+04   0.2392836E+03   0.5674579E+04   0.4575930E+00   0.7538382E+00   0.4767777E+00   0.6685718E+00   0.4757505E+00   0.6258174E+00   0.4710071E+00   0.5955682E+00   0.3003906E+00   0.3098501E+00   0.3193173E+02   0.1072093E+03   0.3244459E+02   0.9301664E+01   0.3957732E+03   0.2211602E+02   0.1151391E+05   0.7066621E+03   0.1704737E-01   0.1342563E+01   0.4233781E+01   0.5027998E+01   0.1194110E+05   0.5593392E+01
   0.1215866E+01   0.6332091E+04   0.2233955E-01   0.1180444E+00   0.1040943E+01   0.5911990E-01   0.2986712E+01   0.3056696E+01   0.9620274E+00   0.1004629E+01   0.2568845E+03   0.5025655E+02   0.8794232E+02   0.5236637E+02   0.8014706E+01   0.8091796E+00   0.7568967E+00   0.7877358E+00   0.9759888E-01   0.1055180E+01   0.7716182E+00   0.8115413E+00   0.1028729E+01   0.1000050E+01   0.1000045E+01   0.1001332E+01   0.9916858E+00   0.6733215E+02   0.6889259E+00   0.3110741E+00   0.1410291E+00   0.6451439E-03   0.9495795E-01   0.8106550E+00   0.8254815E+00   0.4521349E+00   0.6054134E+00   0.9879269E+00   0.9961625E+02   0.2457841E+01   0.8131409E+01   0.2125720E+01   0.1888666E+01   0.1247504E+04   0.5796326E+04   0.2553666E+04   0.8213861E+03   0.2321457E+03   0.9620274E+00   0.2445863E+00   0.2459099E+00   0.2570676E+01   0.1385386E+02   0.1089729E+04   0.1452618E+03   0.1041165E+01   0.1395186E+02   0.1059666E+04   0.1479475E+03   0.1401738E+00   0.1606390E+00   0.3381654E+04   0.1028002E-01   0.8168666E+00   0.4512672E+00   0.7258615E+02   0.6439016E+03   0.8264921E+02   0.1535761E+04   0.8933461E+02   0.1989508E+04   0.9492732E+02   0.2315117E+04   0.2350401E+03   0.5786757E+04   0.4567725E+00   0.7491333E+00   0.4752148E+00   0.6640955E+00   0.4738614E+00   0.6215021E+00   0.4689193E+00   0.5913843E+00   0.2982057E+00   0.3074492E+00   0.2991647E+02   0.1048861E+03   0.3084151E+02   0.8441740E+01   0.3973152E+03   0.2405371E+02   0.1151473E+05   0.7067364E+03   0.3173247E-01   0.1217317E+01   0.4463059E+01   0.7196463E+01   0.1194454E+05   0.5712109E+01
   0.1274993E+01   0.6334791E+04   0.2243522E-01   0.1171996E+00   0.1041189E+01   0.6065101E-01   0.2929211E+01   0.3058384E+01   0.9600469E+00   0.1005181E+01   0.2307278E+03   0.3776079E+02   0.6540150E+02   0.6620361E+02   0.5757886E+01   0.8463448E+00   0.6396486E+00   0.3958600E+00   0.1468655E+01   0.9433089E+00   0.1017371E+01   0.6645225E+00   0.9652751E+00   0.9971918E+00   0.1001781E+01   0.9913762E+00   0.9823436E+00   0.6711975E+02   0.6886169E+00   0.3113831E+00   0.1402800E+00   0.6451439E-03   0.9415559E-01   0.8094290E+00   0.8246424E+00   0.4516753E+00   0.6046479E+00   0.9879924E+00   0.9958080E+02   0.2464308E+01   0.8238220E+01   0.2129312E+01   0.1886073E+01   0.1252692E+04   0.5812986E+04   0.2555237E+04   0.8230879E+03   0.2331443E+03   0.9600469E+00   0.2438455E+00   0.2451663E+00   0.2533221E+01   0.1389406E+02   0.1089478E+04   0.1457039E+03   0.1041438E+01   0.1399064E+02   0.1059780E+04   0.1483629E+03   0.1400346E+00   0.1603530E+00   0.3389989E+04   0.1026518E-01   0.8157800E+00   0.4506332E+00   0.7235990E+02   0.6459391E+03   0.8240024E+02   0.1540540E+04   0.8907003E+02   0.1995646E+04   0.9464944E+02   0.2322217E+04   0.2344045E+03   0.5803583E+04   0.4563003E+00   0.7479681E+00   0.4746413E+00   0.6630276E+00   0.4732513E+00   0.6204882E+00   0.4682904E+00   0.5904107E+00   0.2977078E+00   0.3069174E+00   0.2927894E+02   0.1062530E+03   0.3309420E+02   0.8337920E+01   0.3978718E+03   0.2442845E+02   0.1151531E+05   0.7067452E+03   0.3462510E-01   0.1217317E+01   0.4526422E+01   0.1111154E+02   0.1194595E+05   0.5778364E+01
   0.4454474E+00   0.6335721E+04   0.2256762E-01   0.1137927E+00   0.1042098E+01   0.4907909E-01   0.2757627E+01   0.3017750E+01   0.9592090E+00   0.1000134E+01   0.2447344E+03   0.3251438E+02   0.9932058E+02   0.4491615E+02   0.1972960E+01   0.9486518E+00   0.1360487E+00   0.8301560E+00   0.4795628E+01   0.1006575E+01   0.9541378E+00   0.7010548E+00   0.9106683E+00   0.9982620E+00   0.9996427E+00   0.9986406E+00   0.9868141E+00   0.6670959E+02   0.6921344E+00   0.3078656E+00   0.1370054E+00   0.6451439E-03   0.9139577E-01   0.7866571E+00   0.7969029E+00   0.4364817E+00   0.5859705E+00   0.9631441E+00   0.1000989E+03   0.2409330E+01   0.6974792E+01   0.2044523E+01   0.1853371E+01   0.1234637E+04   0.5767819E+04   0.2535012E+04   0.8216519E+03   0.2338033E+03   0.9592090E+00   0.2415281E+00   0.2428405E+00   0.2451460E+01   0.1402375E+02   0.1088847E+04   0.1474130E+03   0.1042450E+01   0.1414101E+02   0.1059704E+04   0.1500517E+03   0.1390576E+00   0.1597624E+00   0.3389814E+04   0.1014384E-01   0.8167592E+00   0.4510633E+00   0.7186547E+02   0.6501209E+03   0.8174481E+02   0.1551388E+04   0.8831300E+02   0.2010269E+04   0.9380994E+02   0.2339702E+04   0.2317620E+03   0.5857336E+04   0.4412397E+00   0.7272727E+00   0.4598451E+00   0.6450650E+00   0.4589048E+00   0.6038374E+00   0.4543632E+00   0.5746658E+00   0.2899273E+00   0.2990385E+00   0.2454892E+02   0.1050393E+03   0.3054024E+02   0.1053289E+02   0.3956636E+03   0.2380140E+02   0.1152554E+05   0.7066535E+03   0.5975589E-02   0.1539698E+01   0.3721067E+01   0.3982749E+01   0.1195554E+05   0.5266741E+01
   0.4458572E+00   0.6332898E+04   0.2229324E-01   0.1183590E+00   0.1041274E+01   0.4006960E-01   0.2930238E+01   0.3009989E+01   0.9624080E+00   0.1001205E+01   0.2808118E+03   0.3401785E+02   0.8104323E+02   0.4717377E+02   0.1729805E+01   0.6015622E+00   0.5114777E+00   0.4927960E+00   0.9943887E+01   0.7888536E+00   0.9670415E+00   0.8280293E+00   0.9519928E+00   0.9983641E+00   0.1000520E+01   0.9951789E+00   0.9912304E+00   0.6663269E+02   0.6817565E+00   0.3182435E+00   0.1412974E+00   0.6451439E-03   0.9415027E-01   0.7953048E+00   0.8191298E+00   0.4486559E+00   0.5973426E+00   0.9742937E+00   0.9875146E+02   0.2412570E+01   0.6138611E+01   0.2028719E+01   0.1872483E+01   0.1226865E+04   0.5717596E+04   0.2536842E+04   0.8186456E+03   0.2315922E+03   0.9624080E+00   0.2438014E+00   0.2451221E+00   0.2559807E+01   0.1390966E+02   0.1089758E+04   0.1455025E+03   0.1041540E+01   0.1396993E+02   0.1059551E+04   0.1482027E+03   0.1400885E+00   0.1605288E+00   0.3414218E+04   0.1033924E-01   0.8111361E+00   0.4483156E+00   0.7194860E+02   0.6501323E+03   0.8210791E+02   0.1548878E+04   0.8884633E+02   0.2005364E+04   0.9447830E+02   0.2332641E+04   0.2350454E+03   0.5810825E+04   0.4526189E+00   0.7342554E+00   0.4691305E+00   0.6501496E+00   0.4669782E+00   0.6081380E+00   0.4615703E+00   0.5784747E+00   0.2914241E+00   0.3001554E+00   0.3143195E+02   0.1063412E+03   0.3317686E+02   0.1020296E+02   0.3973331E+03   0.2300242E+02   0.1151671E+05   0.7069816E+03   0.1253132E+00   0.7688989E+00   0.6369145E+01   0.4303939E+01   0.1194725E+05   0.7263357E+01
   0.5867520E+00   0.6328897E+04   0.2224593E-01   0.1173930E+00   0.1041349E+01   0.4165838E-01   0.2869815E+01   0.3009630E+01   0.9606239E+00   0.9996810E+00   0.2492398E+03   0.3438042E+02   0.9185969E+02   0.4078418E+02   0.2061349E+01   0.5696729E+00   0.2766437E+00   0.1349327E+00   0.5009509E+01   0.8836245E+00   0.9389767E+00   0.1077209E+01   0.1354897E+01   0.9970660E+00   0.1003540E+01   0.9948799E+00   0.9854798E+00   0.6625183E+02   0.6803956E+00   0.3196044E+00   0.1402841E+00   0.6451439E-03   0.9294080E-01   0.7934889E+00   0.8190051E+00   0.4485876E+00   0.5966148E+00   0.9748593E+00   0.9860270E+02   0.2416920E+01   0.6306458E+01   0.2027989E+01   0.1865871E+01   0.1227606E+04   0.5710448E+04   0.2533475E+04   0.8182718E+03   0.2317606E+03   0.9606239E+00   0.2429551E+00   0.2442727E+00   0.2547694E+01   0.1397279E+02   0.1089674E+04   0.1461050E+03   0.1041662E+01   0.1402615E+02   0.1059322E+04   0.1488302E+03   0.1396372E+00   0.1604021E+00   0.3417782E+04   0.1030731E-01   0.8103881E+00   0.4479600E+00   0.7155911E+02   0.6537710E+03   0.8169815E+02   0.1557215E+04   0.8842108E+02   0.2015944E+04   0.9403914E+02   0.2344771E+04   0.2341607E+03   0.5837334E+04   0.4524357E+00   0.7324497E+00   0.4686104E+00   0.6484103E+00   0.4663081E+00   0.6064534E+00   0.4608079E+00   0.5768368E+00   0.2905563E+00   0.2992014E+00   0.2802810E+02   0.1055463E+03   0.2987286E+02   0.9597979E+01   0.3968480E+03   0.2338051E+02   0.1150351E+05   0.7070373E+03   0.1474922E+00   0.7194209E+00   0.6769418E+01   0.9780684E+01   0.1193334E+05   0.7636331E+01
   0.1003639E+01   0.6329633E+04   0.2267205E-01   0.1207100E+00   0.1041113E+01   0.5498019E-01   0.3163113E+01   0.3049398E+01   0.9714881E+00   0.1001048E+01   0.2595234E+03   0.3119458E+02   0.1029820E+03   0.3963657E+02   0.2505801E+00   0.6424375E+00   0.3274862E+00   0.1885203E+00   0.7118661E+01   0.1261673E+01   0.1163765E+01   0.9286828E+00   0.9781622E+00   0.9969155E+00   0.1001150E+01   0.1002416E+01   0.9908808E+00   0.6878235E+02   0.6955679E+00   0.3044321E+00   0.1440272E+00   0.6451439E-03   0.9906529E-01   0.8129905E+00   0.8189739E+00   0.4485705E+00   0.6038903E+00   0.9802728E+00   0.1004154E+03   0.2422816E+01   0.7710266E+01   0.2110264E+01   0.1890522E+01   0.1224670E+04   0.5761138E+04   0.2545130E+04   0.8194030E+03   0.2313571E+03   0.9714881E+00   0.2470623E+00   0.2483949E+00   0.2571296E+01   0.1364416E+02   0.1089718E+04   0.1434413E+03   0.1041187E+01   0.1377671E+02   0.1060772E+04   0.1459900E+03   0.1418187E+00   0.1607944E+00   0.3373347E+04   0.1037644E-01   0.8195644E+00   0.4524337E+00   0.7403900E+02   0.6307916E+03   0.8412568E+02   0.1506077E+04   0.9083698E+02   0.1952091E+04   0.9645616E+02   0.2272429E+04   0.2377384E+03   0.5698392E+04   0.4537304E+00   0.7519543E+00   0.4737154E+00   0.6673255E+00   0.4731457E+00   0.6248277E+00   0.4687273E+00   0.5947362E+00   0.3001372E+00   0.3097556E+00   0.2790574E+02   0.1083841E+03   0.3232270E+02   0.8978115E+01   0.3960766E+03   0.2259330E+02   0.1151371E+05   0.7065836E+03   0.2435410E-03   0.1677296E+01   0.3577201E+01   0.6064649E+01   0.1194136E+05   0.5254741E+01
   0.9141538E+00   0.6329341E+04   0.2265562E-01   0.1180542E+00   0.1041190E+01   0.5551237E-01   0.3026041E+01   0.3042245E+01   0.9661347E+00   0.1000665E+01   0.2335841E+03   0.3516964E+02   0.8310901E+02   0.4776295E+02   0.3399112E+01   0.5890594E+00   0.7326138E+00   0.5798155E+00   0.6371729E+01   0.8357070E+00   0.1095423E+01   0.9427458E+00   0.1036825E+01   0.9972539E+00   0.1003007E+01   0.1003782E+01   0.9909282E+00   0.6813416E+02   0.6955041E+00   0.3044959E+00   0.1413550E+00   0.6451439E-03   0.9631104E-01   0.8037704E+00   0.8097708E+00   0.4435297E+00   0.5970729E+00   0.9737548E+00   0.1004240E+03   0.2422178E+01   0.7707214E+01   0.2095224E+01   0.1875051E+01   0.1230885E+04   0.5769667E+04   0.2537062E+04   0.8179633E+03   0.2314463E+03   0.9661347E+00   0.2452321E+00   0.2465581E+00   0.2527881E+01   0.1377327E+02   0.1089378E+04   0.1448171E+03   0.1041353E+01   0.1390662E+02   0.1060429E+04   0.1473916E+03   0.1408432E+00   0.1603955E+00   0.3371558E+04   0.1027657E-01   0.8197984E+00   0.4525665E+00   0.7334117E+02   0.6367989E+03   0.8333476E+02   0.1520402E+04   0.8998401E+02   0.1970647E+04   0.9555118E+02   0.2294019E+04   0.2355200E+03   0.5752323E+04   0.4486484E+00   0.7434215E+00   0.4683937E+00   0.6597483E+00   0.4678232E+00   0.6177313E+00   0.4634498E+00   0.5879808E+00   0.2967441E+00   0.3062397E+00   0.2935609E+02   0.1068122E+03   0.3164343E+02   0.9163781E+01   0.3961602E+03   0.2324609E+02   0.1151222E+05   0.7065847E+03   0.1933045E-03   0.1677296E+01   0.3558902E+01   0.6069314E+01   0.1194079E+05   0.5236392E+01
   0.1282263E+01   0.6332619E+04   0.2238231E-01   0.1147815E+00   0.1041378E+01   0.7469308E-01   0.2905865E+01   0.3071027E+01   0.9691268E+00   0.1001743E+01   0.2050062E+03   0.3640714E+02   0.1155518E+03   0.3418786E+02   0.6654637E+01   0.7847700E+00   0.5203723E+00   0.8390486E+00   0.3408618E+01   0.1152154E+01   0.9554116E+00   0.1015426E+01   0.1168378E+01   0.9974020E+00   0.1000531E+01   0.1000810E+01   0.9840356E+00   0.6773132E+02   0.6996011E+00   0.3003989E+00   0.1378089E+00   0.6451439E-03   0.9333982E-01   0.8098719E+00   0.8104101E+00   0.4438799E+00   0.5995714E+00   0.9840600E+00   0.1010578E+03   0.2441007E+01   0.9519958E+01   0.2156404E+01   0.1857173E+01   0.1221339E+04   0.5725031E+04   0.2531787E+04   0.8186509E+03   0.2323291E+03   0.9691268E+00   0.2435064E+00   0.2448260E+00   0.2534750E+01   0.1390758E+02   0.1089307E+04   0.1465117E+03   0.1041661E+01   0.1406520E+02   0.1059475E+04   0.1492039E+03   0.1392111E+00   0.1604464E+00   0.3340619E+04   0.1009962E-01   0.8247577E+00   0.4553601E+00   0.7284261E+02   0.6408574E+03   0.8265910E+02   0.1531097E+04   0.8919675E+02   0.1985170E+04   0.9467343E+02   0.2311469E+04   0.2326811E+03   0.5807893E+04   0.4493583E+00   0.7494842E+00   0.4701778E+00   0.6655937E+00   0.4700963E+00   0.6233991E+00   0.4660281E+00   0.5934968E+00   0.2997223E+00   0.3094920E+00   0.2611289E+02   0.1071372E+03   0.2958640E+02   0.8545071E+01   0.4043900E+03   0.2266113E+02   0.1151108E+05   0.7065267E+03   0.1400801E-01   0.2116489E+01   0.3371434E+01   0.6532314E+01   0.1194668E+05   0.5501931E+01
   0.1174396E+01   0.6333621E+04   0.2246761E-01   0.1181399E+00   0.1041040E+01   0.7454481E-01   0.3059691E+01   0.3079686E+01   0.9713277E+00   0.1000219E+01   0.2350895E+03   0.3760864E+02   0.1047420E+03   0.3201871E+02   0.6057616E+01   0.7912781E+00   0.3981854E+00   0.9269062E+00   0.5698913E+01   0.1259462E+01   0.1092550E+01   0.1122905E+01   0.1332496E+01   0.9985950E+00   0.1001146E+01   0.9858326E+00   0.9902052E+00   0.6829163E+02   0.6971261E+00   0.3028739E+00   0.1412527E+00   0.6451439E-03   0.9646375E-01   0.8205120E+00   0.8244327E+00   0.4515604E+00   0.6086959E+00   0.9928902E+00   0.1006661E+03   0.2454345E+01   0.9574890E+01   0.2175157E+01   0.1873880E+01   0.1223114E+04   0.5729379E+04   0.2535288E+04   0.8172855E+03   0.2313019E+03   0.9713277E+00   0.2456157E+00   0.2469430E+00   0.2572351E+01   0.1376173E+02   0.1089649E+04   0.1447698E+03   0.1041211E+01   0.1390399E+02   0.1060047E+04   0.1474062E+03   0.1405553E+00   0.1607545E+00   0.3353909E+04   0.1024592E-01   0.8224065E+00   0.4540650E+00   0.7348728E+02   0.6354134E+03   0.8345661E+02   0.1517494E+04   0.9009226E+02   0.1967140E+04   0.9564924E+02   0.2290153E+04   0.2354892E+03   0.5747304E+04   0.4568921E+00   0.7590751E+00   0.4774234E+00   0.6738268E+00   0.4770407E+00   0.6309912E+00   0.4727131E+00   0.6006504E+00   0.3032079E+00   0.3129873E+00   0.2840590E+02   0.1045492E+03   0.3055877E+02   0.8689110E+01   0.4045560E+03   0.2290537E+02   0.1150883E+05   0.7065584E+03   0.1393274E-02   0.1819430E+01   0.3417136E+01   0.1046572E+02   0.1194498E+05   0.5237959E+01
   0.6882117E+00   0.6328482E+04   0.2213679E-01   0.1180249E+00   0.1041277E+01   0.4984593E-01   0.2947754E+01   0.3025474E+01   0.9668074E+00   0.9990086E+00   0.2544237E+03   0.3056009E+02   0.9582347E+02   0.3717430E+02   0.2285678E+01   0.6058438E+00   0.3410078E+00   0.4214998E+00   0.7976582E+01   0.9545722E+00   0.7712267E+00   0.9986408E+00   0.1147435E+01   0.9982083E+00   0.1001176E+01   0.9961872E+00   0.9928553E+00   0.6683044E+02   0.6847356E+00   0.3152644E+00   0.1408068E+00   0.6451439E-03   0.9410182E-01   0.8017102E+00   0.8218532E+00   0.4501476E+00   0.6007394E+00   0.9806866E+00   0.9916296E+02   0.2417425E+01   0.7228088E+01   0.2060376E+01   0.1864880E+01   0.1213436E+04   0.5670283E+04   0.2528877E+04   0.8162813E+03   0.2308374E+03   0.9668074E+00   0.2439748E+00   0.2452961E+00   0.2595572E+01   0.1390552E+02   0.1089947E+04   0.1456217E+03   0.1041545E+01   0.1398131E+02   0.1059170E+04   0.1483799E+03   0.1397183E+00   0.1608232E+00   0.3394196E+04   0.1029090E-01   0.8142837E+00   0.4500768E+00   0.7211182E+02   0.6484447E+03   0.8221795E+02   0.1545574E+04   0.8892557E+02   0.2001552E+04   0.9453388E+02   0.2328587E+04   0.2347259E+03   0.5808794E+04   0.4544051E+00   0.7404567E+00   0.4717093E+00   0.6559546E+00   0.4698822E+00   0.6136975E+00   0.4646626E+00   0.5838431E+00   0.2942440E+00   0.3031827E+00   0.2725040E+02   0.1050687E+03   0.3020986E+02   0.9446629E+01   0.3957185E+03   0.2247223E+02   0.1151227E+05   0.7068697E+03   0.7281328E-01   0.9818667E+00   0.5252974E+01   0.3878893E+01   0.1193991E+05   0.6307654E+01
   0.6945326E+00   0.6328908E+04   0.2213937E-01   0.1157831E+00   0.1041485E+01   0.5055439E-01   0.2849429E+01   0.3021139E+01   0.9638272E+00   0.9979192E+00   0.2339653E+03   0.3439843E+02   0.1055023E+03   0.3689627E+02   0.2057750E+01   0.6466070E+00   0.3353390E+00   0.2627169E+00   0.4021217E+01   0.1046469E+01   0.9007113E+00   0.1037335E+01   0.1170328E+01   0.9974940E+00   0.1003586E+01   0.9964963E+00   0.9916289E+00   0.6654114E+02   0.6870454E+00   0.3129546E+00   0.1385676E+00   0.6451439E-03   0.9220449E-01   0.7947542E+00   0.8117325E+00   0.4446042E+00   0.5944334E+00   0.9742889E+00   0.9947885E+02   0.2412577E+01   0.7255554E+01   0.2051465E+01   0.1854185E+01   0.1217283E+04   0.5682991E+04   0.2525981E+04   0.8164939E+03   0.2313035E+03   0.9638272E+00   0.2426309E+00   0.2439473E+00   0.2560574E+01   0.1399482E+02   0.1089643E+04   0.1467260E+03   0.1041823E+01   0.1408358E+02   0.1058941E+04   0.1494998E+03   0.1389434E+00   0.1605458E+00   0.3385249E+04   0.1019491E-01   0.8159818E+00   0.4509647E+00   0.7176363E+02   0.6514201E+03   0.8176121E+02   0.1553233E+04   0.8840025E+02   0.2011840E+04   0.9395286E+02   0.2340859E+04   0.2329221E+03   0.5845844E+04   0.4490162E+00   0.7342590E+00   0.4666855E+00   0.6507129E+00   0.4651428E+00   0.6088966E+00   0.4601508E+00   0.5793397E+00   0.2920781E+00   0.3010411E+00   0.2619764E+02   0.1062304E+03   0.3046104E+02   0.9505353E+01   0.3957242E+03   0.2294980E+02   0.1150981E+05   0.7067927E+03   0.4177197E-01   0.1156417E+01   0.4565058E+01   0.7275919E+01   0.1193798E+05   0.5763246E+01
   0.1527387E+00   0.6333128E+04   0.2207864E-01   0.1148246E+00   0.1041525E+01   0.4894020E-01   0.2848033E+01   0.3014049E+01   0.9670705E+00   0.9995836E+00   0.2060266E+03   0.2638251E+02   0.1017977E+03   0.3516914E+02   0.1844476E+01   0.4929270E+00   0.6686670E+00   0.3275029E+00   0.7649402E+01   0.1019326E+01   0.1005421E+01   0.1049643E+01   0.1012811E+01   0.9969236E+00   0.1000830E+01   0.9937862E+00   0.9916809E+00   0.6683044E+02   0.6920311E+00   0.3079689E+00   0.1375484E+00   0.6451439E-03   0.9192422E-01   0.7899414E+00   0.8003643E+00   0.4383776E+00   0.5884663E+00   0.9662905E+00   0.1001414E+03   0.2388613E+01   0.7084656E+01   0.2036971E+01   0.1847039E+01   0.1206232E+04   0.5662148E+04   0.2522081E+04   0.8159403E+03   0.2310254E+03   0.9670705E+00   0.2425870E+00   0.2439032E+00   0.2571466E+01   0.1399691E+02   0.1089633E+04   0.1470405E+03   0.1041876E+01   0.1411306E+02   0.1058712E+04   0.1498440E+03   0.1385519E+00   0.1606632E+00   0.3360872E+04   0.1012055E-01   0.8202605E+00   0.4532464E+00   0.7199850E+02   0.6489265E+03   0.8189857E+02   0.1548515E+04   0.8848039E+02   0.2006532E+04   0.9398867E+02   0.2335339E+04   0.2322189E+03   0.5846146E+04   0.4431371E+00   0.7302998E+00   0.4617992E+00   0.6477396E+00   0.4608439E+00   0.6063366E+00   0.4562758E+00   0.5770416E+00   0.2911176E+00   0.3002661E+00   0.2585349E+02   0.1065504E+03   0.2983588E+02   0.1267114E+02   0.3957264E+03   0.2194299E+02   0.1152104E+05   0.7066559E+03   0.4513060E-02   0.1539698E+01   0.3624113E+01   0.3046032E+01   0.1195139E+05   0.5168324E+01
   0.2723908E+00   0.6335606E+04   0.2171957E-01   0.1125226E+00   0.1041516E+01   0.3946973E-01   0.2574499E+01   0.2985639E+01   0.9477663E+00   0.9976369E+00   0.2128106E+03   0.2697251E+02   0.9632844E+02   0.4455949E+02   0.5624749E+01   0.5369656E+00   0.8751041E+00   0.1633145E+00   0.4405519E+01   0.1088984E+01   0.1125651E+01   0.9050468E+00   0.8933066E+00   0.9973214E+00   0.1001124E+01   0.9999559E+00   0.9979628E+00   0.6412781E+02   0.6719967E+00   0.3280033E+00   0.1348873E+00   0.6451439E-03   0.8650026E-01   0.7754306E+00   0.8108143E+00   0.4441013E+00   0.5868302E+00   0.9683218E+00   0.9772703E+02   0.2421546E+01   0.6062317E+01   0.1979914E+01   0.1829630E+01   0.1235672E+04   0.5667571E+04   0.2511302E+04   0.8116818E+03   0.2302082E+03   0.9477663E+00   0.2385668E+00   0.2398681E+00   0.2540952E+01   0.1433006E+02   0.1089602E+04   0.1494358E+03   0.1042089E+01   0.1434002E+02   0.1057491E+04   0.1523942E+03   0.1367848E+00   0.1601630E+00   0.3424752E+04   0.1011647E-01   0.8076037E+00   0.4468877E+00   0.6939477E+02   0.6747974E+03   0.7943382E+02   0.1605199E+04   0.8607803E+02   0.2076706E+04   0.9162456E+02   0.2414340E+04   0.2293761E+03   0.5987391E+04   0.4472024E+00   0.7150078E+00   0.4611995E+00   0.6321344E+00   0.4580215E+00   0.5908890E+00   0.4520220E+00   0.5618227E+00   0.2827364E+00   0.2908011E+00   0.2770981E+02   0.1070945E+03   0.3140942E+02   0.1072472E+02   0.3972677E+03   0.2505426E+02   0.1151462E+05   0.7074453E+03   0.3138809E+00   0.3806581E+00   0.9589665E+01   0.5810855E+01   0.1194767E+05   0.1028420E+02
   0.9005355E+00   0.6332687E+04   0.2179157E-01   0.1161592E+00   0.1040847E+01   0.4908563E-01   0.2833422E+01   0.3023507E+01   0.9581021E+00   0.1000542E+01   0.1931938E+03   0.2910047E+02   0.1121577E+03   0.3745225E+02   0.6256750E+01   0.7743023E+00   0.4079980E+00   0.2240445E+00   0.2019949E+01   0.1023039E+01   0.1000065E+01   0.9957073E+00   0.1121555E+01   0.9977622E+00   0.1001408E+01   0.9904858E+00   0.9982402E+00   0.6573181E+02   0.6792260E+00   0.3207740E+00   0.1385959E+00   0.6451439E-03   0.9110160E-01   0.7967053E+00   0.8238282E+00   0.4512293E+00   0.5995805E+00   0.9826749E+00   0.9851809E+02   0.2437741E+01   0.7176208E+01   0.2056329E+01   0.1864049E+01   0.1233370E+04   0.5701036E+04   0.2533958E+04   0.8157031E+03   0.2303142E+03   0.9581021E+00   0.2422424E+00   0.2435574E+00   0.2620554E+01   0.1406900E+02   0.1090108E+04   0.1469807E+03   0.1041230E+01   0.1411606E+02   0.1058140E+04   0.1498789E+03   0.1383497E+00   0.1608637E+00   0.3393435E+04   0.1020827E-01   0.8130386E+00   0.4496706E+00   0.7101376E+02   0.6588802E+03   0.8110573E+02   0.1569092E+04   0.8779567E+02   0.2031129E+04   0.9338532E+02   0.2362279E+04   0.2327134E+03   0.5877654E+04   0.4550207E+00   0.7353060E+00   0.4709984E+00   0.6508170E+00   0.4685511E+00   0.6086544E+00   0.4629370E+00   0.5788997E+00   0.2915638E+00   0.3001840E+00   0.2559021E+02   0.1070329E+03   0.3070399E+02   0.8690895E+01   0.3956957E+03   0.2392826E+02   0.1151910E+05   0.7070876E+03   0.1607832E+00   0.6715329E+00   0.6920050E+01   0.3123390E+01   0.1194741E+05   0.7752366E+01
   0.5227584E+00   0.6332982E+04   0.2232650E-01   0.1216463E+00   0.1039920E+01   0.4394672E-01   0.3197927E+01   0.3026243E+01   0.9686362E+00   0.1001432E+01   0.2469619E+03   0.4547477E+02   0.9127450E+02   0.4670158E+02   0.5301766E+00   0.5053096E+00   0.7295695E+00   0.6977261E+00   0.8831871E+01   0.1168570E+01   0.8737331E+00   0.8588690E+00   0.7530853E+00   0.9979071E+00   0.1001717E+01   0.1001416E+01   0.9874358E+00   0.6816345E+02   0.6887431E+00   0.3112569E+00   0.1446179E+00   0.6451439E-03   0.9857656E-01   0.8052222E+00   0.8201901E+00   0.4492367E+00   0.6014443E+00   0.9753038E+00   0.9948784E+02   0.2409140E+01   0.6636047E+01   0.2061963E+01   0.1888466E+01   0.1222603E+04   0.5727298E+04   0.2534715E+04   0.8127441E+03   0.2282752E+03   0.9686362E+00   0.2473905E+00   0.2487242E+00   0.2646349E+01   0.1368228E+02   0.1090267E+04   0.1432947E+03   0.1040017E+01   0.1377811E+02   0.1060085E+04   0.1459548E+03   0.1414593E+00   0.1611865E+00   0.3371731E+04   0.1039530E-01   0.8179939E+00   0.4518462E+00   0.7348876E+02   0.6360038E+03   0.8368093E+02   0.1516888E+04   0.9045188E+02   0.1965035E+04   0.9611604E+02   0.2286620E+04   0.2380079E+03   0.5715114E+04   0.4537857E+00   0.7440946E+00   0.4720662E+00   0.6596080E+00   0.4707023E+00   0.6172933E+00   0.4657800E+00   0.5873736E+00   0.2961502E+00   0.3053395E+00   0.3449970E+02   0.1100348E+03   0.3487519E+02   0.1012467E+02   0.3963756E+03   0.2249482E+02   0.1151850E+05   0.7067416E+03   0.4211871E-01   0.1156417E+01   0.4834859E+01   0.5694030E+01   0.1194750E+05   0.6033395E+01
   0.2238885E+00   0.6328713E+04   0.2223360E-01   0.1165735E+00   0.1041307E+01   0.4801790E-01   0.2953898E+01   0.3013736E+01   0.9647165E+00   0.9962124E+00   0.2546138E+03   0.3842056E+02   0.1094347E+03   0.3473203E+02   0.2813015E+01   0.6663046E+00   0.3615382E+00   0.7403751E-01   0.4811577E+01   0.1029258E+01   0.9043091E+00   0.9754603E+00   0.9505879E+00   0.9971664E+00   0.9999975E+00   0.9970527E+00   0.9892579E+00   0.6750793E+02   0.6940038E+00   0.3059962E+00   0.1394523E+00   0.6451439E-03   0.9414136E-01   0.7910430E+00   0.7989093E+00   0.4375806E+00   0.5883410E+00   0.9627703E+00   0.1003393E+03   0.2391200E+01   0.6993103E+01   0.2036333E+01   0.1849869E+01   0.1214184E+04   0.5681692E+04   0.2511892E+04   0.8094214E+03   0.2284427E+03   0.9647165E+00   0.2440979E+00   0.2454197E+00   0.2579358E+01   0.1388177E+02   0.1089700E+04   0.1458998E+03   0.1041569E+01   0.1400769E+02   0.1059284E+04   0.1486334E+03   0.1395056E+00   0.1607650E+00   0.3358577E+04   0.1018720E-01   0.8210239E+00   0.4535249E+00   0.7269274E+02   0.6425878E+03   0.8263725E+02   0.1533860E+04   0.8925158E+02   0.1987852E+04   0.9478844E+02   0.2313852E+04   0.2338821E+03   0.5797825E+04   0.4425078E+00   0.7315056E+00   0.4616174E+00   0.6490150E+00   0.4608842E+00   0.6076160E+00   0.4564624E+00   0.5783119E+00   0.2918189E+00   0.3010839E+00   0.2986189E+02   0.1054271E+03   0.3281874E+02   0.1194918E+02   0.3957809E+03   0.2291534E+02   0.1151002E+05   0.7066130E+03   0.8328183E-03   0.1677296E+01   0.3522479E+01   0.4943101E+01   0.1194067E+05   0.5200608E+01
   0.6348507E+00   0.6334798E+04   0.2245219E-01   0.1233857E+00   0.1040588E+01   0.5763970E-01   0.3225907E+01   0.3059102E+01   0.9722507E+00   0.1001715E+01   0.1762025E+03   0.3504724E+02   0.1156159E+03   0.3779101E+02   0.7717248E+01   0.7891028E+00   0.8226374E+00   0.6578211E+00   0.1466733E+01   0.9786206E+00   0.1046074E+01   0.1099947E+01   0.1136904E+01   0.9957343E+00   0.1003327E+01   0.9992998E+00   0.9859167E+00   0.6821472E+02   0.6852025E+00   0.3147975E+00   0.1464831E+00   0.6451439E-03   0.9992302E-01   0.8247077E+00   0.8448022E+00   0.4627172E+00   0.6177431E+00   0.9985297E+00   0.9907276E+02   0.2451369E+01   0.8076477E+01   0.2130841E+01   0.1898829E+01   0.1221433E+04   0.5716461E+04   0.2543979E+04   0.8174762E+03   0.2304381E+03   0.9722507E+00   0.2478035E+00   0.2491388E+00   0.2632270E+01   0.1362880E+02   0.1090285E+04   0.1426294E+03   0.1040654E+01   0.1370575E+02   0.1060505E+04   0.1452366E+03   0.1422243E+00   0.1611659E+00   0.3402895E+04   0.1051064E-01   0.8132887E+00   0.4493133E+00   0.7360010E+02   0.6352972E+03   0.8390191E+02   0.1514353E+04   0.9074015E+02   0.1961197E+04   0.9645802E+02   0.2281700E+04   0.2394258E+03   0.5693149E+04   0.4670883E+00   0.7617407E+00   0.4849939E+00   0.6748557E+00   0.4831696E+00   0.6313992E+00   0.4778381E+00   0.6006945E+00   0.3027161E+00   0.3119551E+00   0.2588166E+02   0.1104658E+03   0.3212895E+02   0.9624286E+01   0.3968512E+03   0.2242395E+02   0.1151598E+05   0.7068535E+03   0.8427841E-01   0.9265765E+00   0.5711635E+01   0.1113496E+02   0.1194488E+05   0.6722489E+01
   0.6227036E+00   0.6329212E+04   0.2221388E-01   0.1211417E+00   0.1040371E+01   0.4607590E-01   0.3109203E+01   0.3024792E+01   0.9675624E+00   0.9992876E+00   0.2606385E+03   0.4717211E+02   0.1044557E+03   0.3816906E+02   0.7017638E+00   0.6511308E+00   0.2700052E+00   0.4988764E+00   0.5434141E+01   0.1044180E+01   0.1234841E+01   0.9608918E+00   0.1154394E+01   0.9954764E+00   0.9997823E+00   0.1001889E+01   0.9968262E+00   0.6737610E+02   0.6827856E+00   0.3172144E+00   0.1440007E+00   0.6451439E-03   0.9702207E-01   0.8061301E+00   0.8289360E+00   0.4540269E+00   0.6049833E+00   0.9820921E+00   0.9880674E+02   0.2419398E+01   0.6874084E+01   0.2058973E+01   0.1877715E+01   0.1216142E+04   0.5679301E+04   0.2526501E+04   0.8120418E+03   0.2286580E+03   0.9675624E+00   0.2461746E+00   0.2475040E+00   0.2637301E+01   0.1376882E+02   0.1090279E+04   0.1439432E+03   0.1040533E+01   0.1383361E+02   0.1059704E+04   0.1466495E+03   0.1409706E+00   0.1610964E+00   0.3396934E+04   0.1041168E-01   0.8134306E+00   0.4495562E+00   0.7273348E+02   0.6430429E+03   0.8297720E+02   0.1532232E+04   0.8977317E+02   0.1983971E+04   0.9545396E+02   0.2307886E+04   0.2373146E+03   0.5751896E+04   0.4581210E+00   0.7443464E+00   0.4750821E+00   0.6591893E+00   0.4730173E+00   0.6166363E+00   0.4676148E+00   0.5865847E+00   0.2955291E+00   0.3044373E+00   0.3311943E+02   0.1067422E+03   0.3386711E+02   0.9575014E+01   0.3959658E+03   0.2253756E+02   0.1150784E+05   0.7069414E+03   0.1186228E+00   0.8201760E+00   0.6358682E+01   0.8267038E+01   0.1193592E+05   0.7297480E+01
   0.8784261E+00   0.6326518E+04   0.2225195E-01   0.1195198E+00   0.1040864E+01   0.5527537E-01   0.3000547E+01   0.3042511E+01   0.9645377E+00   0.9997717E+00   0.2687681E+03   0.4578170E+02   0.1087955E+03   0.3935904E+02   0.3431406E+01   0.6471462E+00   0.6885744E+00   0.4412074E+00   0.2097794E+01   0.1202345E+01   0.7956095E+00   0.9966137E+00   0.9070492E+00   0.9991402E+00   0.1002031E+01   0.1001881E+01   0.9896310E+00   0.6687805E+02   0.6815845E+00   0.3184155E+00   0.1424169E+00   0.6451439E-03   0.9524561E-01   0.8105218E+00   0.8350282E+00   0.4573638E+00   0.6088541E+00   0.9911124E+00   0.9869869E+02   0.2448427E+01   0.7792664E+01   0.2095780E+01   0.1876438E+01   0.1226795E+04   0.5705091E+04   0.2533934E+04   0.8161814E+03   0.2307223E+03   0.9645377E+00   0.2447365E+00   0.2460607E+00   0.2592122E+01   0.1385661E+02   0.1089982E+04   0.1448739E+03   0.1041090E+01   0.1391561E+02   0.1059589E+04   0.1475801E+03   0.1404371E+00   0.1607555E+00   0.3408709E+04   0.1037193E-01   0.8117367E+00   0.4486520E+00   0.7221519E+02   0.6477456E+03   0.8241689E+02   0.1543147E+04   0.8918315E+02   0.1997916E+04   0.9483825E+02   0.2323954E+04   0.2359694E+03   0.5788685E+04   0.4613897E+00   0.7482853E+00   0.4781746E+00   0.6625514E+00   0.4759590E+00   0.6197296E+00   0.4704329E+00   0.5894954E+00   0.2969626E+00   0.3058556E+00   0.2934549E+02   0.1074284E+03   0.3229997E+02   0.8839788E+01   0.3963313E+03   0.2333508E+02   0.1150586E+05   0.7069885E+03   0.1337729E+00   0.7688989E+00   0.6590676E+01   0.4192973E+01   0.1193436E+05   0.7493348E+01
   0.8472664E+00   0.6335852E+04   0.2226790E-01   0.1198279E+00   0.1040687E+01   0.5496802E-01   0.3010168E+01   0.3046386E+01   0.9635532E+00   0.1002515E+01   0.1886747E+03   0.3367501E+02   0.8247281E+02   0.4914154E+02   0.1899126E+01   0.7783995E+00   0.5790656E+00   0.9127591E+00   0.9775981E+01   0.1312236E+01   0.1070115E+01   0.7948434E+00   0.8849186E+00   0.9961438E+00   0.1001011E+01   0.9921284E+00   0.9919561E+00   0.6683411E+02   0.6804402E+00   0.3195598E+00   0.1427409E+00   0.6451439E-03   0.9539961E-01   0.8122883E+00   0.8383505E+00   0.4591835E+00   0.6107286E+00   0.9935990E+00   0.9853410E+02   0.2456872E+01   0.7762146E+01   0.2103917E+01   0.1884881E+01   0.1234299E+04   0.5732610E+04   0.2542803E+04   0.8184603E+03   0.2313180E+03   0.9635532E+00   0.2448728E+00   0.2461974E+00   0.2592423E+01   0.1385169E+02   0.1090000E+04   0.1447332E+03   0.1040896E+01   0.1390467E+02   0.1059666E+04   0.1474309E+03   0.1405690E+00   0.1607310E+00   0.3412067E+04   0.1038889E-01   0.8110490E+00   0.4482767E+00   0.7218620E+02   0.6480893E+03   0.8241326E+02   0.1543690E+04   0.8919460E+02   0.1998439E+04   0.9486150E+02   0.2324416E+04   0.2362037E+03   0.5786743E+04   0.4631198E+00   0.7498038E+00   0.4796822E+00   0.6637734E+00   0.4773278E+00   0.6208222E+00   0.4716991E+00   0.5905035E+00   0.2974249E+00   0.3062848E+00   0.2994607E+02   0.1080156E+03   0.3502168E+02   0.8865000E+01   0.3962869E+03   0.2343901E+02   0.1151763E+05   0.7070355E+03   0.1598717E+00   0.6715329E+00   0.7145362E+01   0.1046624E+02   0.1194623E+05   0.7976767E+01
   0.9262774E+00   0.6330603E+04   0.2207665E-01   0.1158244E+00   0.1041106E+01   0.5234417E-01   0.2830647E+01   0.3030580E+01   0.9597073E+00   0.1002126E+01   0.2681866E+03   0.2961530E+02   0.1123827E+03   0.3127374E+02   0.2041623E+01   0.8590623E+00   0.9324239E-01   0.8500014E+00   0.7386593E+01   0.6458600E+00   0.1087673E+01   0.1046265E+01   0.1059647E+01   0.9980413E+00   0.1001748E+01   0.9933090E+00   0.9889227E+00   0.6613098E+02   0.6832005E+00   0.3167995E+00   0.1385462E+00   0.6451439E-03   0.9162193E-01   0.7979457E+00   0.8199832E+00   0.4491233E+00   0.5986452E+00   0.9812301E+00   0.9897053E+02   0.2437491E+01   0.7450867E+01   0.2070923E+01   0.1865084E+01   0.1234114E+04   0.5727390E+04   0.2538163E+04   0.8189757E+03   0.2319051E+03   0.9597073E+00   0.2423463E+00   0.2436617E+00   0.2565711E+01   0.1403327E+02   0.1089708E+04   0.1468622E+03   0.1041465E+01   0.1410149E+02   0.1058788E+04   0.1496583E+03   0.1388061E+00   0.1605004E+00   0.3393513E+04   0.1020655E-01   0.8140162E+00   0.4499750E+00   0.7138270E+02   0.6551806E+03   0.8142558E+02   0.1561255E+04   0.8808892E+02   0.2021617E+04   0.9365914E+02   0.2351733E+04   0.2327884E+03   0.5862319E+04   0.4532421E+00   0.7368346E+00   0.4701302E+00   0.6525879E+00   0.4681371E+00   0.6104828E+00   0.4628238E+00   0.5807449E+00   0.2926421E+00   0.3014586E+00   0.2539284E+02   0.1072684E+03   0.3172871E+02   0.8796586E+01   0.3958634E+03   0.2362071E+02   0.1151284E+05   0.7069256E+03   0.9537715E-01   0.8727971E+00   0.5710638E+01   0.6482332E+01   0.1194112E+05   0.6678813E+01
   0.1149143E+01   0.6340892E+04   0.2219667E-01   0.1151345E+00   0.1041271E+01   0.5626104E-01   0.2846926E+01   0.3044311E+01   0.9672062E+00   0.1004548E+01   0.1909817E+03   0.2669577E+02   0.1247403E+03   0.2579914E+02   0.8032114E+01   0.8442726E+00   0.9034004E+00   0.8492100E+00   0.3448588E+01   0.1145409E+01   0.1131868E+01   0.1096828E+01   0.8292744E+00   0.9975100E+00   0.1001951E+01   0.9984587E+00   0.9986321E+00   0.6671692E+02   0.6900209E+00   0.3099791E+00   0.1379763E+00   0.6451439E-03   0.9205351E-01   0.8023795E+00   0.8156154E+00   0.4467309E+00   0.5987051E+00   0.9823400E+00   0.9982703E+02   0.2428029E+01   0.7814026E+01   0.2099555E+01   0.1876116E+01   0.1226668E+04   0.5752096E+04   0.2559597E+04   0.8286369E+03   0.2352068E+03   0.9672062E+00   0.2426196E+00   0.2439360E+00   0.2548956E+01   0.1399548E+02   0.1089512E+04   0.1468694E+03   0.1041597E+01   0.1410040E+02   0.1059017E+04   0.1496278E+03   0.1388672E+00   0.1604423E+00   0.3371894E+04   0.1015295E-01   0.8183770E+00   0.4521674E+00   0.7190523E+02   0.6499186E+03   0.8184553E+02   0.1550380E+04   0.8845101E+02   0.2008621E+04   0.9397764E+02   0.2337502E+04   0.2325159E+03   0.5845787E+04   0.4514267E+00   0.7415967E+00   0.4699283E+00   0.6575370E+00   0.4687185E+00   0.6154154E+00   0.4639151E+00   0.5856246E+00   0.2953662E+00   0.3045578E+00   0.2308366E+02   0.1049680E+03   0.2839692E+02   0.8584788E+01   0.3963557E+03   0.2244564E+02   0.1152940E+05   0.7067062E+03   0.1787540E-01   0.1342563E+01   0.4049031E+01   0.1288557E+02   0.1195678E+05   0.5409470E+01
   0.9259200E+00   0.6333936E+04   0.2212114E-01   0.1182874E+00   0.1040938E+01   0.5556751E-01   0.2954735E+01   0.3053158E+01   0.9654811E+00   0.1008116E+01   0.2383623E+03   0.3516684E+02   0.1111370E+03   0.3169468E+02   0.1876595E+01   0.4802729E+00   0.4033231E+00   0.7233407E-01   0.7923649E+01   0.1242378E+01   0.8894986E+00   0.1086861E+01   0.1054488E+01   0.9983045E+00   0.1000073E+01   0.1002644E+01   0.9941965E+00   0.6669128E+02   0.6828634E+00   0.3171366E+00   0.1410537E+00   0.6451439E-03   0.9407054E-01   0.8129894E+00   0.8358868E+00   0.4578341E+00   0.6100937E+00   0.9955209E+00   0.9889637E+02   0.2456323E+01   0.7826233E+01   0.2118214E+01   0.1895416E+01   0.1237624E+04   0.5764211E+04   0.2566515E+04   0.8273869E+03   0.2340942E+03   0.9654811E+00   0.2440631E+00   0.2453848E+00   0.2600989E+01   0.1391107E+02   0.1089994E+04   0.1455292E+03   0.1041204E+01   0.1397702E+02   0.1059170E+04   0.1482898E+03   0.1397696E+00   0.1608135E+00   0.3396950E+04   0.1030414E-01   0.8134873E+00   0.4496643E+00   0.7199407E+02   0.6496407E+03   0.8213135E+02   0.1547975E+04   0.8885683E+02   0.2004370E+04   0.9447876E+02   0.2331626E+04   0.2348760E+03   0.5811309E+04   0.4619800E+00   0.7506917E+00   0.4791096E+00   0.6648222E+00   0.4770394E+00   0.6219116E+00   0.4715991E+00   0.5916068E+00   0.2980849E+00   0.3070614E+00   0.3022018E+02   0.1084207E+03   0.3067852E+02   0.8784572E+01   0.3963616E+03   0.2272253E+02   0.1151251E+05   0.7069384E+03   0.1051181E+00   0.8727971E+00   0.5955681E+01   0.1362248E+02   0.1194038E+05   0.6933596E+01
   0.4630564E+00   0.6330159E+04   0.2216534E-01   0.1184653E+00   0.1041112E+01   0.4002755E-01   0.2916184E+01   0.3005033E+01   0.9574394E+00   0.9984904E+00   0.2557424E+03   0.3310765E+02   0.9557182E+02   0.4235008E+02   0.1815181E+01   0.3880173E+00   0.9034941E+00   0.1240310E+00   0.6069998E+01   0.1182323E+01   0.1044114E+01   0.9648295E+00   0.8577665E+00   0.9976583E+00   0.1001257E+01   0.9994341E+00   0.9965638E+00   0.6627380E+02   0.6783498E+00   0.3216502E+00   0.1412757E+00   0.6451439E-03   0.9362881E-01   0.7930265E+00   0.8211433E+00   0.4497587E+00   0.5972190E+00   0.9741296E+00   0.9834424E+02   0.2421203E+01   0.6156921E+01   0.2018689E+01   0.1863382E+01   0.1231881E+04   0.5699319E+04   0.2521183E+04   0.8114647E+03   0.2291054E+03   0.9574394E+00   0.2435566E+00   0.2448764E+00   0.2579104E+01   0.1394277E+02   0.1089918E+04   0.1456448E+03   0.1041406E+01   0.1398541E+02   0.1059246E+04   0.1483908E+03   0.1398513E+00   0.1606232E+00   0.3420248E+04   0.1034757E-01   0.8095869E+00   0.4475962E+00   0.7161781E+02   0.6533837E+03   0.8181673E+02   0.1555801E+04   0.8857630E+02   0.2013795E+04   0.9422356E+02   0.2342012E+04   0.2349278E+03   0.5824994E+04   0.4534142E+00   0.7318291E+00   0.4691316E+00   0.6476501E+00   0.4665997E+00   0.6056555E+00   0.4609470E+00   0.5760243E+00   0.2900656E+00   0.2986180E+00   0.2878673E+02   0.1074060E+03   0.3108168E+02   0.9982154E+01   0.3971749E+03   0.2404477E+02   0.1150996E+05   0.7071267E+03   0.1903260E+00   0.6252075E+00   0.7605945E+01   0.3608073E+01   0.1194116E+05   0.8421478E+01
   0.8167706E+00   0.6333053E+04   0.2211900E-01   0.1150239E+00   0.1041883E+01   0.5103904E-01   0.2787150E+01   0.3025110E+01   0.9546310E+00   0.1001109E+01   0.2510023E+03   0.4546335E+02   0.1028257E+03   0.3828520E+02   0.3613983E+01   0.6220055E+00   0.4222058E+00   0.4155603E+00   0.5328650E+01   0.1342159E+01   0.7873183E+00   0.1075232E+01   0.1148782E+01   0.9986793E+00   0.1002833E+01   0.1003305E+01   0.9986347E+00   0.6618958E+02   0.6854916E+00   0.3145084E+00   0.1377880E+00   0.6451439E-03   0.9120131E-01   0.7933889E+00   0.8123471E+00   0.4449408E+00   0.5941474E+00   0.9751946E+00   0.9932601E+02   0.2438410E+01   0.7289124E+01   0.2059628E+01   0.1859760E+01   0.1245407E+04   0.5751177E+04   0.2533532E+04   0.8166576E+03   0.2312335E+03   0.9546310E+00   0.2417608E+00   0.2430740E+00   0.2542488E+01   0.1404956E+02   0.1089538E+04   0.1472750E+03   0.1042261E+01   0.1413034E+02   0.1058788E+04   0.1500629E+03   0.1385953E+00   0.1604165E+00   0.3395273E+04   0.1018109E-01   0.8143857E+00   0.4501537E+00   0.7140931E+02   0.6547672E+03   0.8139734E+02   0.1560832E+04   0.8802771E+02   0.2021434E+04   0.9357197E+02   0.2351819E+04   0.2322187E+03   0.5868880E+04   0.4492255E+00   0.7328481E+00   0.4665233E+00   0.6492991E+00   0.4648049E+00   0.6075062E+00   0.4597004E+00   0.5779751E+00   0.2913375E+00   0.3002079E+00   0.3232719E+02   0.1083181E+03   0.3242002E+02   0.9130272E+01   0.3957487E+03   0.2484441E+02   0.1151588E+05   0.7068435E+03   0.5515478E-01   0.1096772E+01   0.4793944E+01   0.7712152E+01   0.1194560E+05   0.5945871E+01
   0.9080611E+00   0.6330639E+04   0.2227307E-01   0.1201072E+00   0.1041013E+01   0.4899517E-01   0.3006630E+01   0.3038921E+01   0.9564151E+00   0.1002741E+01   0.2520356E+03   0.3295025E+02   0.9382330E+02   0.4175299E+02   0.3657383E+01   0.7546422E+00   0.3420330E+00   0.3434170E+00   0.7103146E+01   0.1061510E+01   0.7490444E+00   0.1004778E+01   0.1125332E+01   0.9991754E+00   0.1003133E+01   0.9904376E+00   0.9958928E+00   0.6680847E+02   0.6795575E+00   0.3204425E+00   0.1430254E+00   0.6451439E-03   0.9555307E-01   0.8084187E+00   0.8355083E+00   0.4576267E+00   0.6082384E+00   0.9890553E+00   0.9845439E+02   0.2464383E+01   0.7145691E+01   0.2088271E+01   0.1893347E+01   0.1256436E+04   0.5789693E+04   0.2548477E+04   0.8175204E+03   0.2305579E+03   0.9564151E+00   0.2448273E+00   0.2461518E+00   0.2590203E+01   0.1384611E+02   0.1090014E+04   0.1446747E+03   0.1041227E+01   0.1389463E+02   0.1059704E+04   0.1473681E+03   0.1406514E+00   0.1607528E+00   0.3420533E+04   0.1041217E-01   0.8098199E+00   0.4476383E+00   0.7217386E+02   0.6482636E+03   0.8242156E+02   0.1543895E+04   0.8921526E+02   0.1998568E+04   0.9489187E+02   0.2324455E+04   0.2364130E+03   0.5784498E+04   0.4614604E+00   0.7461467E+00   0.4777473E+00   0.6604433E+00   0.4753027E+00   0.6176694E+00   0.4696324E+00   0.5874811E+00   0.2958673E+00   0.3046459E+00   0.2889125E+02   0.1078187E+03   0.3355837E+02   0.8688744E+01   0.3957285E+03   0.2527140E+02   0.1150885E+05   0.7070731E+03   0.1724065E+00   0.6715329E+00   0.7334924E+01   0.7485122E+01   0.1193854E+05   0.8178863E+01
   0.8226885E+00   0.6332772E+04   0.2249768E-01   0.1235389E+00   0.1040499E+01   0.4723341E-01   0.3255487E+01   0.3034528E+01   0.9644657E+00   0.9987634E+00   0.2722610E+03   0.3964636E+02   0.1113807E+03   0.3695758E+02   0.1692914E+01   0.5065973E+00   0.7480514E+00   0.1703681E+00   0.7304582E+01   0.1136429E+01   0.1234949E+01   0.9699881E+00   0.8905959E+00   0.9965526E+00   0.1001356E+01   0.9885704E+00   0.9916972E+00   0.6850769E+02   0.6874659E+00   0.3125341E+00   0.1466817E+00   0.6451439E-03   0.1004883E+00   0.8115680E+00   0.8283483E+00   0.4537051E+00   0.6068052E+00   0.9805173E+00   0.9933886E+02   0.2432822E+01   0.6990051E+01   0.2079115E+01   0.1891700E+01   0.1235152E+04   0.5744489E+04   0.2527001E+04   0.8081218E+03   0.2267889E+03   0.9644657E+00   0.2482055E+00   0.2495422E+00   0.2634105E+01   0.1359810E+02   0.1090268E+04   0.1424154E+03   0.1040536E+01   0.1368673E+02   0.1060658E+04   0.1450040E+03   0.1423965E+00   0.1611947E+00   0.3394367E+04   0.1050461E-01   0.8148860E+00   0.4501116E+00   0.7387874E+02   0.6327394E+03   0.8415953E+02   0.1508793E+04   0.9098732E+02   0.1954347E+04   0.9669809E+02   0.2274018E+04   0.2396588E+03   0.5680087E+04   0.4581896E+00   0.7498277E+00   0.4763192E+00   0.6645461E+00   0.4747902E+00   0.6218546E+00   0.4697243E+00   0.5916766E+00   0.2982559E+00   0.3074596E+00   0.3278950E+02   0.1105875E+03   0.3444076E+02   0.9179747E+01   0.3958535E+03   0.2392178E+02   0.1151716E+05   0.7067796E+03   0.5580013E-01   0.1096772E+01   0.5127440E+01   0.6370871E+01   0.1194611E+05   0.6280012E+01
   0.7617900E+00   0.6326447E+04   0.2257662E-01   0.1204166E+00   0.1040917E+01   0.5215251E-01   0.3192673E+01   0.3046719E+01   0.9735275E+00   0.1003418E+01   0.2638709E+03   0.4457234E+02   0.1069371E+03   0.3951325E+02   0.4387232E+01   0.5139726E+00   0.9319530E+00   0.3648845E+00   0.2835133E+01   0.8857592E+00   0.9803190E+00   0.1049395E+01   0.9720528E+00   0.9978661E+00   0.1002462E+01   0.9952212E+00   0.9985057E+00   0.6908630E+02   0.6990554E+00   0.3009446E+00   0.1436384E+00   0.6451439E-03   0.9923443E-01   0.8109598E+00   0.8122355E+00   0.4448797E+00   0.6006493E+00   0.9756709E+00   0.1008841E+03   0.2408919E+01   0.7438660E+01   0.2104617E+01   0.1896156E+01   0.1223476E+04   0.5774380E+04   0.2553401E+04   0.8213454E+03   0.2314767E+03   0.9735275E+00   0.2474150E+00   0.2487489E+00   0.2598417E+01   0.1362809E+02   0.1089840E+04   0.1434428E+03   0.1040987E+01   0.1377950E+02   0.1060543E+04   0.1460262E+03   0.1415966E+00   0.1610139E+00   0.3351100E+04   0.1032815E-01   0.8232294E+00   0.4544114E+00   0.7430671E+02   0.6282708E+03   0.8433589E+02   0.1500890E+04   0.9101430E+02   0.1945915E+04   0.9660849E+02   0.2265688E+04   0.2375328E+03   0.5691253E+04   0.4503031E+00   0.7504277E+00   0.4710158E+00   0.6663599E+00   0.4708628E+00   0.6240860E+00   0.4667402E+00   0.5941313E+00   0.2999741E+00   0.3097507E+00   0.3111085E+02   0.1084852E+03   0.3190206E+02   0.9580385E+01   0.3957591E+03   0.2210129E+02   0.1150853E+05   0.7065328E+03   0.6434096E-02   0.1965459E+01   0.3400450E+01   0.5016133E+01   0.1193597E+05   0.5372343E+01
   0.8257284E+00   0.6333543E+04   0.2272609E-01   0.1237008E+00   0.1040400E+01   0.5435996E-01   0.3328032E+01   0.3053996E+01   0.9749778E+00   0.1002473E+01   0.2605088E+03   0.3819645E+02   0.9368727E+02   0.4524216E+02   0.6422503E+00   0.4545178E+00   0.7839360E+00   0.5885106E+00   0.7162054E+01   0.1118230E+01   0.1337322E+01   0.1030536E+01   0.1042429E+01   0.9950896E+00   0.1003997E+01   0.9960104E+00   0.9886438E+00   0.6944885E+02   0.6950701E+00   0.3049299E+00   0.1470720E+00   0.6451439E-03   0.1021398E+00   0.8202292E+00   0.8269411E+00   0.4529343E+00   0.6095162E+00   0.9842438E+00   0.1002631E+03   0.2424013E+01   0.7701111E+01   0.2119989E+01   0.1901591E+01   0.1220563E+04   0.5753266E+04   0.2543501E+04   0.8163485E+03   0.2296866E+03   0.9749778E+00   0.2492338E+00   0.2505741E+00   0.2616839E+01   0.1350722E+02   0.1090066E+04   0.1418598E+03   0.1040366E+01   0.1363556E+02   0.1061230E+04   0.1443697E+03   0.1429891E+00   0.1611291E+00   0.3371496E+04   0.1048315E-01   0.8196184E+00   0.4524079E+00   0.7476256E+02   0.6247235E+03   0.8496192E+02   0.1491466E+04   0.9174737E+02   0.1933072E+04   0.9742826E+02   0.2250222E+04   0.2402215E+03   0.5641267E+04   0.4580982E+00   0.7585940E+00   0.4781397E+00   0.6731558E+00   0.4775008E+00   0.6302603E+00   0.4729992E+00   0.5998907E+00   0.3026960E+00   0.3123841E+00   0.3139911E+02   0.1116229E+03   0.3339446E+02   0.9359428E+01   0.3960208E+03   0.2206645E+02   0.1151284E+05   0.7065926E+03   0.2411466E-02   0.1607985E+01   0.3782617E+01   0.1481634E+02   0.1194028E+05   0.5393013E+01
   0.9678610E+00   0.6328080E+04   0.2249004E-01   0.1184495E+00   0.1041173E+01   0.5372914E-01   0.2991577E+01   0.3036115E+01   0.9643985E+00   0.9990865E+00   0.2289971E+03   0.4766308E+02   0.9068897E+02   0.5007063E+02   0.5158660E+01   0.6062407E+00   0.8308587E+00   0.4666385E+00   0.2375829E+00   0.1080239E+01   0.1056342E+01   0.9631089E+00   0.1126350E+01   0.9984747E+00   0.1003265E+01   0.9974231E+00   0.9895992E+00   0.6744568E+02   0.6887509E+00   0.3112491E+00   0.1415847E+00   0.6451439E-03   0.9549276E-01   0.8038759E+00   0.8188086E+00   0.4484800E+00   0.6004351E+00   0.9788406E+00   0.9958068E+02   0.2429309E+01   0.7563782E+01   0.2082418E+01   0.1870249E+01   0.1227719E+04   0.5731310E+04   0.2530312E+04   0.8158315E+03   0.2308471E+03   0.9643985E+00   0.2447101E+00   0.2460341E+00   0.2544989E+01   0.1382804E+02   0.1089580E+04   0.1450154E+03   0.1041386E+01   0.1392523E+02   0.1060047E+04   0.1476458E+03   0.1405843E+00   0.1604761E+00   0.3392806E+04   0.1031730E-01   0.8154704E+00   0.4504322E+00   0.7271477E+02   0.6427729E+03   0.8279935E+02   0.1533035E+04   0.8949883E+02   0.1985954E+04   0.9510322E+02   0.2310963E+04   0.2354980E+03   0.5775985E+04   0.4530400E+00   0.7428542E+00   0.4712958E+00   0.6585132E+00   0.4699369E+00   0.6162711E+00   0.4650247E+00   0.5864026E+00   0.2956841E+00   0.3048452E+00   0.3081620E+02   0.1071026E+03   0.3194324E+02   0.8892998E+01   0.3959680E+03   0.2340765E+02   0.1151091E+05   0.7067413E+03   0.3405402E-01   0.1217317E+01   0.4531978E+01   0.4453249E+01   0.1193918E+05   0.5783350E+01
   0.5491293E+00   0.6331489E+04   0.2251447E-01   0.1194569E+00   0.1041002E+01   0.4799587E-01   0.3038998E+01   0.3022725E+01   0.9663171E+00   0.9979267E+00   0.2305961E+03   0.4946275E+02   0.1044152E+03   0.4130191E+02   0.8334660E+01   0.6402196E+00   0.9701238E+00   0.5846050E+00   0.1532917E+01   0.1290688E+01   0.9539396E+00   0.9311029E+00   0.8945588E+00   0.9991983E+00   0.1000153E+01   0.9939891E+00   0.9867940E+00   0.6761047E+02   0.6880092E+00   0.3119908E+00   0.1426165E+00   0.6451439E-03   0.9642369E-01   0.8007897E+00   0.8166365E+00   0.4472902E+00   0.5984859E+00   0.9738936E+00   0.9946085E+02   0.2411170E+01   0.6987000E+01   0.2054722E+01   0.1866656E+01   0.1217685E+04   0.5700000E+04   0.2521244E+04   0.8128187E+03   0.2297284E+03   0.9663171E+00   0.2453559E+00   0.2466823E+00   0.2556964E+01   0.1378543E+02   0.1089686E+04   0.1444962E+03   0.1041176E+01   0.1387817E+02   0.1060238E+04   0.1471086E+03   0.1409850E+00   0.1605628E+00   0.3395869E+04   0.1035967E-01   0.8148898E+00   0.4501081E+00   0.7290116E+02   0.6411857E+03   0.8303194E+02   0.1529062E+04   0.8976092E+02   0.1980685E+04   0.9538943E+02   0.2304732E+04   0.2363304E+03   0.5758274E+04   0.4517889E+00   0.7399254E+00   0.4698011E+00   0.6558322E+00   0.4683565E+00   0.6137269E+00   0.4634014E+00   0.5839598E+00   0.2944148E+00   0.3035072E+00   0.3305756E+02   0.1054822E+03   0.3164294E+02   0.1000475E+02   0.3957767E+03   0.2281293E+02   0.1151447E+05   0.7067631E+03   0.4437533E-01   0.1156417E+01   0.4801397E+01   0.7144946E+01   0.1194307E+05   0.6002189E+01
   0.6854292E+00   0.6331814E+04   0.2236952E-01   0.1194039E+00   0.1040672E+01   0.5442433E-01   0.3019608E+01   0.3032024E+01   0.9671131E+00   0.9977900E+00   0.2433106E+03   0.4452471E+02   0.1011147E+03   0.3938577E+02   0.2226060E+01   0.4149428E+00   0.9891039E+00   0.3098086E+00   0.4080553E+01   0.1253002E+01   0.1393494E+01   0.9931327E+00   0.9025436E+00   0.9960411E+00   0.1000060E+01   0.9973826E+00   0.9826829E+00   0.6717102E+02   0.6843523E+00   0.3156477E+00   0.1424185E+00   0.6451439E-03   0.9566398E-01   0.8054472E+00   0.8261858E+00   0.4525206E+00   0.6037230E+00   0.9827569E+00   0.9899950E+02   0.2425712E+01   0.7679749E+01   0.2073917E+01   0.1860026E+01   0.1211049E+04   0.5659451E+04   0.2513470E+04   0.8106004E+03   0.2292034E+03   0.9671131E+00   0.2450415E+00   0.2463667E+00   0.2576448E+01   0.1383017E+02   0.1089842E+04   0.1447182E+03   0.1040868E+01   0.1390360E+02   0.1059856E+04   0.1473842E+03   0.1406604E+00   0.1606389E+00   0.3399993E+04   0.1035873E-01   0.8134731E+00   0.4494677E+00   0.7248666E+02   0.6451185E+03   0.8265499E+02   0.1537556E+04   0.8940331E+02   0.1991110E+04   0.9504539E+02   0.2316392E+04   0.2360542E+03   0.5777357E+04   0.4567500E+00   0.7438702E+00   0.4740497E+00   0.6589366E+00   0.4721698E+00   0.6164699E+00   0.4668960E+00   0.5864697E+00   0.2955426E+00   0.3045106E+00   0.3254642E+02   0.1058003E+03   0.3114808E+02   0.9441128E+01   0.3960741E+03   0.2252199E+02   0.1151028E+05   0.7068833E+03   0.9305391E-01   0.9265765E+00   0.5842848E+01   0.1156065E+02   0.1193832E+05   0.6862478E+01
   0.7842178E+00   0.6332599E+04   0.2257741E-01   0.1250945E+00   0.1039812E+01   0.5683655E-01   0.3442485E+01   0.3066211E+01   0.9803812E+00   0.1001925E+01   0.2668956E+03   0.5109763E+02   0.1131334E+03   0.3380498E+02   0.3615557E+01   0.6924953E+00   0.5788386E+00   0.7546533E+00   0.4586241E+01   0.8152995E+00   0.7591463E+00   0.1030969E+01   0.1021844E+01   0.9988356E+00   0.1000771E+01   0.9997256E+00   0.9978285E+00   0.6994324E+02   0.6968207E+00   0.3031793E+00   0.1483170E+00   0.6451439E-03   0.1037377E+00   0.8283014E+00   0.8326789E+00   0.4560770E+00   0.6146294E+00   0.9904112E+00   0.1004671E+03   0.2425334E+01   0.8021545E+01   0.2146043E+01   0.1915450E+01   0.1215365E+04   0.5751243E+04   0.2554608E+04   0.8182186E+03   0.2295252E+03   0.9803812E+00   0.2506365E+00   0.2519819E+00   0.2683104E+01   0.1343305E+02   0.1090481E+04   0.1410916E+03   0.1039723E+01   0.1357011E+02   0.1061077E+04   0.1436409E+03   0.1432445E+00   0.1616175E+00   0.3350554E+04   0.1049489E-01   0.8226507E+00   0.4540882E+00   0.7526858E+02   0.6203981E+03   0.8548826E+02   0.1481559E+04   0.9229004E+02   0.1920508E+04   0.9798591E+02   0.2235823E+04   0.2412962E+03   0.5610080E+04   0.4614017E+00   0.7662419E+00   0.4820462E+00   0.6801436E+00   0.4816172E+00   0.6368865E+00   0.4772195E+00   0.6062495E+00   0.3059688E+00   0.3158522E+00   0.3218746E+02   0.1070993E+03   0.3402333E+02   0.9492103E+01   0.3965136E+03   0.2171305E+02   0.1152209E+05   0.7065630E+03   0.4440850E-04   0.1677296E+01   0.3634808E+01   0.3515689E+01   0.1194981E+05   0.5312149E+01
   0.6910487E+00   0.6330344E+04   0.2246524E-01   0.1251624E+00   0.1040261E+01   0.6219177E-01   0.3427189E+01   0.3076912E+01   0.9796312E+00   0.1004081E+01   0.2671568E+03   0.3849129E+02   0.9404024E+02   0.4372032E+02   0.1938983E+01   0.5561484E+00   0.8032261E+00   0.6781332E+00   0.7319826E+01   0.1120080E+01   0.1225903E+01   0.9339270E+00   0.9057546E+00   0.9969337E+00   0.1002147E+01   0.9976229E+00   0.9996795E+00   0.6980408E+02   0.6957015E+00   0.3042985E+00   0.1482727E+00   0.6451439E-03   0.1035004E+00   0.8340430E+00   0.8399969E+00   0.4600852E+00   0.6194601E+00   0.9982700E+00   0.1003898E+03   0.2442656E+01   0.8583069E+01   0.2169132E+01   0.1915433E+01   0.1217720E+04   0.5740205E+04   0.2554263E+04   0.8177184E+03   0.2294069E+03   0.9796312E+00   0.2503983E+00   0.2517429E+00   0.2698926E+01   0.1344615E+02   0.1090615E+04   0.1412287E+03   0.1040188E+01   0.1357723E+02   0.1060810E+04   0.1438165E+03   0.1430220E+00   0.1617840E+00   0.3356094E+04   0.1050198E-01   0.8216636E+00   0.4536691E+00   0.7513547E+02   0.6215777E+03   0.8536820E+02   0.1484107E+04   0.9217687E+02   0.1923634E+04   0.9787767E+02   0.2239316E+04   0.2412220E+03   0.5615692E+04   0.4653728E+00   0.7714351E+00   0.4858982E+00   0.6846227E+00   0.4853266E+00   0.6410264E+00   0.4808026E+00   0.6101564E+00   0.3078944E+00   0.3177844E+00   0.3099707E+02   0.1085549E+03   0.3323328E+02   0.9726765E+01   0.3982380E+03   0.2168821E+02   0.1151090E+05   0.7065813E+03   0.4828341E-03   0.1677296E+01   0.3633332E+01   0.8243879E+01   0.1194055E+05   0.5311111E+01
   0.7795904E+00   0.6340186E+04   0.2272728E-01   0.1248560E+00   0.1040557E+01   0.6654177E-01   0.3495625E+01   0.3077849E+01   0.9887956E+00   0.9988802E+00   0.2797690E+03   0.5677055E+02   0.1205254E+03   0.3313481E+02   0.4969855E+01   0.7386517E+00   0.3022343E+00   0.8407319E+00   0.6810973E+00   0.1457240E+01   0.7959074E+00   0.1025508E+01   0.1219966E+01   0.9991076E+00   0.1000079E+01   0.9946396E+00   0.9905363E+00   0.7102722E+02   0.7061796E+00   0.2938204E+00   0.1482284E+00   0.6451439E-03   0.1052825E+00   0.8336747E+00   0.8250437E+00   0.4518951E+00   0.6137862E+00   0.9892003E+00   0.1017747E+03   0.2409262E+01   0.8946228E+01   0.2171166E+01   0.1900621E+01   0.1192728E+04   0.5695202E+04   0.2539902E+04   0.8157763E+03   0.2291916E+03   0.9887956E+00   0.2513707E+00   0.2527187E+00   0.2672729E+01   0.1334439E+02   0.1090320E+04   0.1407925E+03   0.1040433E+01   0.1353211E+02   0.1061459E+04   0.1432897E+03   0.1435459E+00   0.1617311E+00   0.3326009E+04   0.1045325E-01   0.8282467E+00   0.4569078E+00   0.7627394E+02   0.6115685E+03   0.8636910E+02   0.1462665E+04   0.9310270E+02   0.1897462E+04   0.9874846E+02   0.2210185E+04   0.2415476E+03   0.5571837E+04   0.4579746E+00   0.7721928E+00   0.4808972E+00   0.6865156E+00   0.4816199E+00   0.6433100E+00   0.4779892E+00   0.6126484E+00   0.3095953E+00   0.3200626E+00   0.3132113E+02   0.1060365E+03   0.3097077E+02   0.9573751E+01   0.3996085E+03   0.2086960E+02   0.1152903E+05   0.7064932E+03   0.6879188E-01   0.2591366E+01   0.3865958E+01   0.8274514E+01   0.1195908E+05   0.6526116E+01
   0.8976636E+00   0.6330160E+04   0.2253867E-01   0.1218292E+00   0.1040849E+01   0.6182751E-01   0.3291826E+01   0.3062857E+01   0.9779494E+00   0.1000418E+01   0.2738503E+03   0.6327744E+02   0.1020553E+03   0.4354338E+02   0.1487002E+01   0.6074855E+00   0.7273166E+00   0.6926858E+00   0.3258161E+01   0.1110161E+01   0.7249967E+00   0.9441914E+00   0.7991416E+00   0.9980567E+00   0.1002236E+01   0.9966383E+00   0.9941657E+00   0.6967957E+02   0.7013269E+00   0.2986731E+00   0.1450130E+00   0.6451439E-03   0.1010444E+00   0.8208404E+00   0.8190231E+00   0.4485974E+00   0.6068170E+00   0.9833452E+00   0.1011876E+03   0.2417292E+01   0.8454895E+01   0.2138857E+01   0.1890075E+01   0.1210847E+04   0.5721635E+04   0.2537778E+04   0.8151577E+03   0.2293417E+03   0.9779494E+00   0.2486920E+00   0.2500305E+00   0.2639043E+01   0.1354048E+02   0.1090104E+04   0.1426352E+03   0.1040860E+01   0.1370359E+02   0.1060658E+04   0.1452185E+03   0.1420577E+00   0.1613804E+00   0.3339718E+04   0.1036004E-01   0.8252418E+00   0.4554894E+00   0.7490875E+02   0.6230589E+03   0.8495649E+02   0.1488985E+04   0.9165084E+02   0.1930840E+04   0.9726007E+02   0.2248432E+04   0.2387447E+03   0.5654370E+04   0.4542386E+00   0.7598052E+00   0.4757197E+00   0.6749468E+00   0.4758420E+00   0.6322368E+00   0.4718600E+00   0.6019582E+00   0.3040117E+00   0.3140364E+00   0.3642804E+02   0.1084051E+03   0.3509916E+02   0.9274194E+01   0.3979106E+03   0.2178618E+02   0.1151191E+05   0.7065107E+03   0.2049428E-01   0.2193517E+01   0.3444082E+01   0.7273152E+01   0.1194088E+05   0.5658094E+01
   0.1158884E+01   0.6335381E+04   0.2240673E-01   0.1201333E+00   0.1040755E+01   0.6649610E-01   0.3200329E+01   0.3071217E+01   0.9739547E+00   0.1001218E+01   0.3016009E+03   0.3865010E+02   0.1012560E+03   0.4037176E+02   0.1952553E+01   0.6592901E+00   0.6786299E+00   0.4247634E+00   0.4354913E+01   0.1055406E+01   0.1127220E+01   0.9888807E+00   0.8371992E+00   0.9974723E+00   0.1001324E+01   0.9920236E+00   0.9952509E+00   0.6907898E+02   0.6999413E+00   0.3000587E+00   0.1431852E+00   0.6451439E-03   0.9891087E-01   0.8204577E+00   0.8205380E+00   0.4494272E+00   0.6072363E+00   0.9871502E+00   0.1010259E+03   0.2435409E+01   0.8897400E+01   0.2156813E+01   0.1888229E+01   0.1221677E+04   0.5742468E+04   0.2541957E+04   0.8164121E+03   0.2299085E+03   0.9739547E+00   0.2474525E+00   0.2487864E+00   0.2631903E+01   0.1364055E+02   0.1090036E+04   0.1436055E+03   0.1040846E+01   0.1379700E+02   0.1060162E+04   0.1462469E+03   0.1412000E+00   0.1612614E+00   0.3337112E+04   0.1029023E-01   0.8252147E+00   0.4555717E+00   0.7428629E+02   0.6283787E+03   0.8428814E+02   0.1501365E+04   0.9094976E+02   0.1946674E+04   0.9653055E+02   0.2266690E+04   0.2371885E+03   0.5696340E+04   0.4549707E+00   0.7593102E+00   0.4761316E+00   0.6743512E+00   0.4760869E+00   0.6316139E+00   0.4719918E+00   0.6013249E+00   0.3036479E+00   0.3135857E+00   0.2875628E+02   0.1069625E+03   0.3299733E+02   0.8750942E+01   0.4001021E+03   0.2246683E+02   0.1152338E+05   0.7065232E+03   0.1219535E-01   0.2040338E+01   0.3395528E+01   0.4089266E+01   0.1195470E+05   0.5448061E+01
   0.6048059E+00   0.6329422E+04   0.2233620E-01   0.1178590E+00   0.1041382E+01   0.5430330E-01   0.3050512E+01   0.3040354E+01   0.9676431E+00   0.1001609E+01   0.2395477E+03   0.4855997E+02   0.8902166E+02   0.4539289E+02   0.6974915E+01   0.7926319E+00   0.6588081E+00   0.8056136E+00   0.4207481E+01   0.8875645E+00   0.1094581E+01   0.1010065E+01   0.1308765E+01   0.9987368E+00   0.1001679E+01   0.9982665E+00   0.9958880E+00   0.6829163E+02   0.6980102E+00   0.3019898E+00   0.1408404E+00   0.6451439E-03   0.9618218E-01   0.8036028E+00   0.8062634E+00   0.4416087E+00   0.5957163E+00   0.9724286E+00   0.1008500E+03   0.2412515E+01   0.7655334E+01   0.2091265E+01   0.1876039E+01   0.1226565E+04   0.5748684E+04   0.2538438E+04   0.8166337E+03   0.2302917E+03   0.9676431E+00   0.2454424E+00   0.2467690E+00   0.2593417E+01   0.1377299E+02   0.1089780E+04   0.1449902E+03   0.1041575E+01   0.1392028E+02   0.1059704E+04   0.1476755E+03   0.1402091E+00   0.1609629E+00   0.3348191E+04   0.1022217E-01   0.8233529E+00   0.4546663E+00   0.7347266E+02   0.6354760E+03   0.8341638E+02   0.1517857E+04   0.9003632E+02   0.1967752E+04   0.9558080E+02   0.2290980E+04   0.2351743E+03   0.5751895E+04   0.4468988E+00   0.7435208E+00   0.4672031E+00   0.6601179E+00   0.4669330E+00   0.6181949E+00   0.4627664E+00   0.5884950E+00   0.2971078E+00   0.3067323E+00   0.3329322E+02   0.1065514E+03   0.3409992E+02   0.1002882E+02   0.3960302E+03   0.2280931E+02   0.1150979E+05   0.7065459E+03   0.5810069E-02   0.1965459E+01   0.3347722E+01   0.8317864E+01   0.1193866E+05   0.5318991E+01
   0.7762086E+00   0.6327873E+04   0.2232833E-01   0.1193063E+00   0.1041382E+01   0.5456213E-01   0.3052806E+01   0.3034070E+01   0.9654046E+00   0.9963744E+00   0.2158993E+03   0.5406253E+02   0.8528475E+02   0.5351934E+02   0.7245367E+01   0.8273323E+00   0.9853601E+00   0.9365049E+00   0.1147182E+01   0.9659711E+00   0.9121874E+00   0.8576022E+00   0.9595264E+00   0.9976333E+00   0.1002026E+01   0.9949959E+00   0.9896138E+00   0.6779724E+02   0.6904584E+00   0.3095416E+00   0.1422798E+00   0.6451439E-03   0.9646175E-01   0.8052724E+00   0.8179782E+00   0.4480251E+00   0.6006516E+00   0.9779954E+00   0.9985756E+02   0.2423219E+01   0.7707214E+01   0.2078164E+01   0.1863321E+01   0.1219697E+04   0.5686342E+04   0.2515084E+04   0.8088867E+03   0.2281438E+03   0.9654046E+00   0.2454698E+00   0.2467966E+00   0.2595708E+01   0.1377803E+02   0.1089917E+04   0.1446084E+03   0.1041563E+01   0.1388379E+02   0.1059780E+04   0.1472885E+03   0.1406016E+00   0.1609354E+00   0.3381536E+04   0.1032552E-01   0.8172532E+00   0.4514895E+00   0.7306128E+02   0.6396041E+03   0.8315015E+02   0.1525878E+04   0.8985502E+02   0.1976944E+04   0.9546511E+02   0.2300694E+04   0.2361277E+03   0.5754914E+04   0.4527538E+00   0.7443082E+00   0.4714113E+00   0.6599816E+00   0.4702447E+00   0.6177196E+00   0.4654565E+00   0.5878268E+00   0.2964615E+00   0.3057236E+00   0.3150601E+02   0.1066846E+03   0.3462915E+02   0.9380988E+01   0.3961322E+03   0.2332919E+02   0.1150801E+05   0.7066947E+03   0.1645809E-01   0.1342563E+01   0.4040286E+01   0.6797395E+01   0.1193685E+05   0.5399308E+01
   0.3648243E+00   0.6331811E+04   0.2224392E-01   0.1141165E+00   0.1041315E+01   0.5904907E-01   0.2822288E+01   0.3030952E+01   0.9629867E+00   0.9991707E+00   0.2396574E+03   0.4317105E+02   0.9450458E+02   0.4669930E+02   0.2978883E+01   0.4657446E+00   0.9519871E+00   0.8085260E-01   0.7464921E+00   0.1028361E+01   0.1225032E+01   0.8998575E+00   0.8294053E+00   0.9956763E+00   0.1000692E+01   0.9961779E+00   0.9936467E+00   0.6684509E+02   0.6933809E+00   0.3066191E+00   0.1370056E+00   0.6451439E-03   0.9158151E-01   0.7928304E+00   0.8015291E+00   0.4390156E+00   0.5899702E+00   0.9697181E+00   0.1002601E+03   0.2413854E+01   0.8058167E+01   0.2071694E+01   0.1840926E+01   0.1218107E+04   0.5690423E+04   0.2514072E+04   0.8127420E+03   0.2304135E+03   0.9629867E+00   0.2422992E+00   0.2436144E+00   0.2531485E+01   0.1401111E+02   0.1089336E+04   0.1472386E+03   0.1041668E+01   0.1413488E+02   0.1059017E+04   0.1499887E+03   0.1386298E+00   0.1603249E+00   0.3359474E+04   0.1009837E-01   0.8207932E+00   0.4533938E+00   0.7199245E+02   0.6488818E+03   0.8185652E+02   0.1548739E+04   0.8841645E+02   0.2007040E+04   0.9390737E+02   0.2336109E+04   0.2318024E+03   0.5851912E+04   0.4439000E+00   0.7331032E+00   0.4629271E+00   0.6503721E+00   0.4621253E+00   0.6088617E+00   0.4576476E+00   0.5794825E+00   0.2924063E+00   0.3016522E+00   0.3042747E+02   0.1048200E+03   0.3139257E+02   0.1095981E+02   0.3971000E+03   0.2292389E+02   0.1151176E+05   0.7066259E+03   0.1927183E-02   0.1607985E+01   0.3574557E+01   0.9071502E+01   0.1194274E+05   0.5184469E+01
   0.9390504E+00   0.6332043E+04   0.2220120E-01   0.1174041E+00   0.1040924E+01   0.5435432E-01   0.2894586E+01   0.3033773E+01   0.9607308E+00   0.1000130E+01   0.2275236E+03   0.5638215E+02   0.1124378E+03   0.3319462E+02   0.2886156E+01   0.5182985E+00   0.8066736E+00   0.5582982E+00   0.2017532E+01   0.8615893E+00   0.6917829E+00   0.1208848E+01   0.1098417E+01   0.9977538E+00   0.1003548E+01   0.9941509E+00   0.9917937E+00   0.6636169E+02   0.6815294E+00   0.3184706E+00   0.1402505E+00   0.6451439E-03   0.9307258E-01   0.8022370E+00   0.8265645E+00   0.4527280E+00   0.6026568E+00   0.9847908E+00   0.9871208E+02   0.2443339E+01   0.7661438E+01   0.2077547E+01   0.1863542E+01   0.1229655E+04   0.5705634E+04   0.2527463E+04   0.8150329E+03   0.2307140E+03   0.9607308E+00   0.2432761E+00   0.2445949E+00   0.2564778E+01   0.1396386E+02   0.1089754E+04   0.1460093E+03   0.1041220E+01   0.1402291E+02   0.1059246E+04   0.1487486E+03   0.1395887E+00   0.1604950E+00   0.3405357E+04   0.1028732E-01   0.8121505E+00   0.4489045E+00   0.7165737E+02   0.6527930E+03   0.8178197E+02   0.1555156E+04   0.8849699E+02   0.2013453E+04   0.9410923E+02   0.2342017E+04   0.2341657E+03   0.5833497E+04   0.4567282E+00   0.7406323E+00   0.4733294E+00   0.6557711E+00   0.4711300E+00   0.6133861E+00   0.4656558E+00   0.5834607E+00   0.2939354E+00   0.3027266E+00   0.3246080E+02   0.1074009E+03   0.3115430E+02   0.8704102E+01   0.3961444E+03   0.2363208E+02   0.1151143E+05   0.7069907E+03   0.1317789E+00   0.7688989E+00   0.6517035E+01   0.9763112E+01   0.1193991E+05   0.7417713E+01
   0.4899341E+00   0.6334467E+04   0.2203543E-01   0.1137512E+00   0.1040983E+01   0.4278091E-01   0.2652780E+01   0.2998194E+01   0.9483641E+00   0.9987217E+00   0.2494202E+03   0.2899628E+02   0.9795758E+02   0.4101244E+02   0.6767465E+01   0.5935480E+00   0.7631183E+00   0.1970874E+00   0.3694278E+01   0.1019036E+01   0.9229179E+00   0.1025375E+01   0.9652883E+00   0.9986076E+00   0.1001773E+01   0.9985401E+00   0.9918503E+00   0.6469177E+02   0.6740001E+00   0.3259999E+00   0.1364318E+00   0.6451439E-03   0.8826013E-01   0.7803540E+00   0.8134666E+00   0.4455540E+00   0.5896523E+00   0.9702131E+00   0.9784158E+02   0.2432861E+01   0.6394958E+01   0.2004929E+01   0.1840518E+01   0.1243691E+04   0.5714606E+04   0.2516497E+04   0.8127142E+03   0.2305725E+03   0.9483641E+00   0.2398392E+00   0.2411453E+00   0.2510521E+01   0.1423005E+02   0.1089395E+04   0.1484096E+03   0.1041451E+01   0.1425027E+02   0.1058369E+04   0.1512427E+03   0.1378694E+00   0.1599039E+00   0.3425722E+04   0.1017594E-01   0.8079408E+00   0.4468210E+00   0.6997158E+02   0.6690863E+03   0.8004516E+02   0.1592102E+04   0.8671514E+02   0.2060077E+04   0.9228453E+02   0.2395264E+04   0.2307405E+03   0.5945425E+04   0.4488486E+00   0.7197293E+00   0.4633639E+00   0.6365045E+00   0.4603845E+00   0.5950539E+00   0.4544938E+00   0.5658317E+00   0.2848121E+00   0.2930179E+00   0.2765457E+02   0.1062209E+03   0.3039323E+02   0.9657835E+01   0.3963912E+03   0.2541438E+02   0.1151525E+05   0.7073381E+03   0.2916331E+00   0.4172458E+00   0.9464509E+01   0.4709653E+01   0.1194671E+05   0.1017339E+02
   0.9357116E+00   0.6338132E+04   0.2228799E-01   0.1145602E+00   0.1040957E+01   0.5695850E-01   0.2743443E+01   0.3026160E+01   0.9562287E+00   0.9972821E+00   0.2419983E+03   0.2025147E+02   0.1001702E+03   0.3619190E+02   0.2762142E+00   0.5741149E+00   0.2337511E+00   0.3075063E+00   0.8185038E+01   0.9973544E+00   0.1155272E+01   0.9530158E+00   0.9850109E+00   0.9977586E+00   0.1002822E+01   0.9964670E+00   0.9895973E+00   0.6566956E+02   0.6811743E+00   0.3188257E+00   0.1374933E+00   0.6451439E-03   0.9029124E-01   0.7924668E+00   0.8169531E+00   0.4474637E+00   0.5954831E+00   0.9779104E+00   0.9865748E+02   0.2440926E+01   0.7838440E+01   0.2061791E+01   0.1839802E+01   0.1229623E+04   0.5694869E+04   0.2511422E+04   0.8124071E+03   0.2308709E+03   0.9562287E+00   0.2412216E+00   0.2425328E+00   0.2495798E+01   0.1410628E+02   0.1089243E+04   0.1474995E+03   0.1041352E+01   0.1416423E+02   0.1059093E+04   0.1502332E+03   0.1387236E+00   0.1598845E+00   0.3408700E+04   0.1019023E-01   0.8117084E+00   0.4486066E+00   0.7091898E+02   0.6596134E+03   0.8094734E+02   0.1571325E+04   0.8759805E+02   0.2034337E+04   0.9315630E+02   0.2366267E+04   0.2318428E+03   0.5893021E+04   0.4513809E+00   0.7315846E+00   0.4677131E+00   0.6477304E+00   0.4655056E+00   0.6058534E+00   0.4600744E+00   0.5762883E+00   0.2903310E+00   0.2989895E+00   0.2355210E+02   0.1053532E+03   0.2708754E+02   0.8696846E+01   0.3966770E+03   0.2434097E+02   0.1152647E+05   0.7070051E+03   0.1393094E+00   0.7688989E+00   0.6681975E+01   0.5479517E+01   0.1195619E+05   0.7590184E+01
   0.8362986E+00   0.6330584E+04   0.2241902E-01   0.1159978E+00   0.1040625E+01   0.5222309E-01   0.2909850E+01   0.3030678E+01   0.9650422E+00   0.1000656E+01   0.1927788E+03   0.2743743E+02   0.1197856E+03   0.2721548E+02   0.5433340E+01   0.8338891E+00   0.2018040E+00   0.8033297E+00   0.6708408E+01   0.1025534E+01   0.7690346E+00   0.9890185E+00   0.9363581E+00   0.9980091E+00   0.1000256E+01   0.9930277E+00   0.9879585E+00   0.6711609E+02   0.6912870E+00   0.3087130E+00   0.1390619E+00   0.6451439E-03   0.9333292E-01   0.7958126E+00   0.8072865E+00   0.4421690E+00   0.5931978E+00   0.9713987E+00   0.9987288E+02   0.2413475E+01   0.7377625E+01   0.2071127E+01   0.1865719E+01   0.1225612E+04   0.5746525E+04   0.2537319E+04   0.8197707E+03   0.2322582E+03   0.9650422E+00   0.2435754E+00   0.2448953E+00   0.2529454E+01   0.1392813E+02   0.1089373E+04   0.1461359E+03   0.1040890E+01   0.1403951E+02   0.1059666E+04   0.1488062E+03   0.1396336E+00   0.1602537E+00   0.3369307E+04   0.1018910E-01   0.8190108E+00   0.4523170E+00   0.7231604E+02   0.6461332E+03   0.8227979E+02   0.1541662E+04   0.8890280E+02   0.1997529E+04   0.9444499E+02   0.2324761E+04   0.2334689E+03   0.5817507E+04   0.4469113E+00   0.7356510E+00   0.4655413E+00   0.6524010E+00   0.4644890E+00   0.6106647E+00   0.4598255E+00   0.5811385E+00   0.2931440E+00   0.3023277E+00   0.2406936E+02   0.1049559E+03   0.2822450E+02   0.9252794E+01   0.3957358E+03   0.2293298E+02   0.1151421E+05   0.7066738E+03   0.1589443E-01   0.1342563E+01   0.4121284E+01   0.6884352E+01   0.1194213E+05   0.5479742E+01
   0.1131491E+01   0.6331381E+04   0.2249270E-01   0.1153566E+00   0.1040951E+01   0.6131249E-01   0.2893550E+01   0.3048649E+01   0.9675489E+00   0.1001823E+01   0.2413626E+03   0.4273320E+02   0.1153264E+03   0.3578637E+02   0.1929577E+01   0.7301534E+00   0.2210134E+00   0.3596713E+00   0.2181606E+01   0.9288383E+00   0.9397775E+00   0.9882163E+00   0.1028785E+01   0.9967752E+00   0.1000451E+01   0.9929898E+00   0.9884757E+00   0.6732483E+02   0.6944504E+00   0.3055496E+00   0.1384944E+00   0.6451439E-03   0.9324114E-01   0.8019570E+00   0.8093406E+00   0.4432941E+00   0.5962406E+00   0.9773800E+00   0.1003026E+03   0.2425301E+01   0.8250427E+01   0.2108683E+01   0.1865331E+01   0.1223804E+04   0.5749768E+04   0.2541362E+04   0.8225747E+03   0.2335818E+03   0.9675489E+00   0.2433802E+00   0.2446993E+00   0.2510868E+01   0.1392546E+02   0.1089211E+04   0.1463343E+03   0.1041216E+01   0.1405417E+02   0.1059780E+04   0.1489830E+03   0.1395686E+00   0.1601610E+00   0.3362987E+04   0.1015865E-01   0.8206083E+00   0.4531021E+00   0.7248601E+02   0.6443894E+03   0.8239109E+02   0.1538265E+04   0.8897982E+02   0.1993628E+04   0.9449557E+02   0.2320631E+04   0.2330907E+03   0.5816018E+04   0.4483448E+00   0.7416413E+00   0.4678135E+00   0.6580555E+00   0.4671208E+00   0.6160998E+00   0.4626725E+00   0.5863991E+00   0.2959255E+00   0.3053344E+00   0.2782943E+02   0.1068683E+03   0.3155821E+02   0.8717714E+01   0.3977026E+03   0.2265365E+02   0.1151597E+05   0.7066042E+03   0.1510716E-02   0.1607985E+01   0.3635661E+01   0.5867878E+01   0.1194504E+05   0.5245156E+01
   0.1407490E+00   0.6339485E+04   0.2226320E-01   0.1087442E+00   0.1042274E+01   0.5606352E-01   0.2536268E+01   0.3016423E+01   0.9580998E+00   0.1001193E+01   0.1923228E+03   0.2079798E+02   0.9431462E+02   0.3869045E+02   0.5108365E+01   0.7273448E+00   0.4468227E+00   0.1568902E+00   0.6844003E+01   0.1247830E+01   0.7579205E+00   0.9426493E+00   0.8407622E+00   0.9980291E+00   0.1001871E+01   0.9908204E+00   0.9769026E+00   0.6570251E+02   0.6950242E+00   0.3049758E+00   0.1316526E+00   0.6451439E-03   0.8649905E-01   0.7761220E+00   0.7825319E+00   0.4286104E+00   0.5767616E+00   0.9575005E+00   0.1005750E+03   0.2399973E+01   0.7630920E+01   0.2041812E+01   0.1825239E+01   0.1225262E+04   0.5731966E+04   0.2527915E+04   0.8230513E+03   0.2351084E+03   0.9580998E+00   0.2382671E+00   0.2395674E+00   0.2428026E+01   0.1427629E+02   0.1088542E+04   0.1502889E+03   0.1042812E+01   0.1441189E+02   0.1058445E+04   0.1530763E+03   0.1366715E+00   0.1594965E+00   0.3360623E+04   0.9899875E-02   0.8211585E+00   0.4535857E+00   0.7073577E+02   0.6602865E+03   0.8038550E+02   0.1576372E+04   0.8680531E+02   0.2043119E+04   0.9218008E+02   0.2378326E+04   0.2272792E+03   0.5962456E+04   0.4335476E+00   0.7178169E+00   0.4525336E+00   0.6369926E+00   0.4519390E+00   0.5964126E+00   0.4476857E+00   0.5676818E+00   0.2865558E+00   0.2956659E+00   0.2514801E+02   0.1036624E+03   0.2946101E+02   0.1289720E+02   0.3961636E+03   0.2317124E+02   0.1152428E+05   0.7065934E+03   0.5026206E-03   0.1819430E+01   0.3326423E+01   0.1071755E+02   0.1195651E+05   0.5146355E+01
   0.5503350E+00   0.6329743E+04   0.2246822E-01   0.1183382E+00   0.1041287E+01   0.4356601E-01   0.2973109E+01   0.3020698E+01   0.9661813E+00   0.1002453E+01   0.2551994E+03   0.5200997E+02   0.1059111E+03   0.4114563E+02   0.6682465E+01   0.7697963E+00   0.7361093E+00   0.8076679E+00   0.1960588E+01   0.9159977E+00   0.7037321E+00   0.9809778E+00   0.1037598E+01   0.9990171E+00   0.1001073E+01   0.9958565E+00   0.9889416E+00   0.6728821E+02   0.6875864E+00   0.3124136E+00   0.1414516E+00   0.6451439E-03   0.9518025E-01   0.7986049E+00   0.8149600E+00   0.4463720E+00   0.5970551E+00   0.9735595E+00   0.9944812E+02   0.2409132E+01   0.6498718E+01   0.2050559E+01   0.1879452E+01   0.1225652E+04   0.5745387E+04   0.2546274E+04   0.8224387E+03   0.2328577E+03   0.9661813E+00   0.2444529E+00   0.2457760E+00   0.2542480E+01   0.1384618E+02   0.1089580E+04   0.1451548E+03   0.1041501E+01   0.1393708E+02   0.1059971E+04   0.1477943E+03   0.1404843E+00   0.1604540E+00   0.3398091E+04   0.1032046E-01   0.8145284E+00   0.4499588E+00   0.7256054E+02   0.6442263E+03   0.8265502E+02   0.1536211E+04   0.8935924E+02   0.1989879E+04   0.9496674E+02   0.2315375E+04   0.2353500E+03   0.5783697E+04   0.4508313E+00   0.7378664E+00   0.4687022E+00   0.6539636E+00   0.4672131E+00   0.6119603E+00   0.4622385E+00   0.5822679E+00   0.2935536E+00   0.3025967E+00   0.3118348E+02   0.1073931E+03   0.3329793E+02   0.9987579E+01   0.3964324E+03   0.2257643E+02   0.1151239E+05   0.7067759E+03   0.4515871E-01   0.1156417E+01   0.4765734E+01   0.5360169E+01   0.1194138E+05   0.5967310E+01
   0.6689195E+00   0.6331571E+04   0.2245633E-01   0.1216659E+00   0.1040839E+01   0.4843269E-01   0.3076764E+01   0.3039786E+01   0.9679709E+00   0.1002501E+01   0.1973813E+03   0.3270815E+02   0.9608958E+02   0.4550062E+02   0.6494242E+01   0.8592045E+00   0.4479736E+00   0.5002618E+00   0.1286831E+01   0.1114087E+01   0.8818531E+00   0.8076140E+00   0.1011752E+01   0.9974500E+00   0.9987141E+00   0.9921580E+00   0.9856113E+00   0.6717468E+02   0.6791814E+00   0.3208186E+00   0.1447674E+00   0.6451439E-03   0.9724705E-01   0.8144085E+00   0.8421927E+00   0.4612879E+00   0.6129248E+00   0.9936639E+00   0.9834789E+02   0.2444518E+01   0.7081604E+01   0.2090078E+01   0.1897118E+01   0.1227610E+04   0.5735088E+04   0.2553436E+04   0.8233211E+03   0.2329110E+03   0.9679709E+00   0.2458393E+00   0.2471674E+00   0.2580237E+01   0.1376607E+02   0.1089985E+04   0.1437865E+03   0.1040991E+01   0.1381246E+02   0.1060276E+04   0.1464062E+03   0.1415417E+00   0.1606920E+00   0.3429922E+04   0.1049003E-01   0.8085907E+00   0.4468593E+00   0.7257557E+02   0.6447027E+03   0.8289002E+02   0.1535324E+04   0.8972740E+02   0.1987415E+04   0.9544024E+02   0.2311435E+04   0.2378371E+03   0.5751095E+04   0.4651085E+00   0.7516367E+00   0.4814286E+00   0.6652605E+00   0.4789210E+00   0.6221570E+00   0.4731784E+00   0.5917385E+00   0.2979857E+00   0.3068175E+00   0.2484207E+02   0.1030458E+03   0.2897626E+02   0.9283619E+01   0.3957498E+03   0.2272840E+02   0.1151380E+05   0.7070896E+03   0.1919582E+00   0.6252075E+00   0.7830257E+01   0.5840972E+01   0.1194156E+05   0.8647422E+01
   0.9345901E+00   0.6332866E+04   0.2235544E-01   0.1170579E+00   0.1040783E+01   0.4935895E-01   0.2831632E+01   0.3024306E+01   0.9577503E+00   0.1000043E+01   0.2305852E+03   0.2992797E+02   0.1075104E+03   0.3204083E+02   0.1852508E+01   0.5642730E+00   0.5042746E+00   0.3732757E+00   0.5889364E+01   0.1450649E+01   0.8440526E+00   0.1086737E+01   0.1006214E+01   0.9972440E+00   0.1002362E+01   0.9992559E+00   0.9820390E+00   0.6582336E+02   0.6767419E+00   0.3232581E+00   0.1400585E+00   0.6451439E-03   0.9219123E-01   0.7975004E+00   0.8278372E+00   0.4534251E+00   0.6013374E+00   0.9829714E+00   0.9807511E+02   0.2444761E+01   0.7099915E+01   0.2057971E+01   0.1864518E+01   0.1236130E+04   0.5729486E+04   0.2532309E+04   0.8182470E+03   0.2322467E+03   0.9577503E+00   0.2424762E+00   0.2437920E+00   0.2513995E+01   0.1401876E+02   0.1089468E+04   0.1463071E+03   0.1041104E+01   0.1405308E+02   0.1059513E+04   0.1489974E+03   0.1396962E+00   0.1600272E+00   0.3430273E+04   0.1031778E-01   0.8080149E+00   0.4466251E+00   0.7115319E+02   0.6577717E+03   0.8132747E+02   0.1565849E+04   0.8806824E+02   0.2026540E+04   0.9369864E+02   0.2356624E+04   0.2338658E+03   0.5856895E+04   0.4569960E+00   0.7358019E+00   0.4724383E+00   0.6509973E+00   0.4697052E+00   0.6087166E+00   0.4638946E+00   0.5788931E+00   0.2914604E+00   0.2999814E+00   0.2488165E+02   0.1052531E+03   0.2874633E+02   0.8502878E+01   0.3956675E+03   0.2413393E+02   0.1151069E+05   0.7072014E+03   0.2438313E+00   0.4956671E+00   0.8777597E+01   0.1002237E+02   0.1193899E+05   0.9517095E+01
   0.1294305E+01   0.6329696E+04   0.2224771E-01   0.1155386E+00   0.1041727E+01   0.5822546E-01   0.2839896E+01   0.3049821E+01   0.9591314E+00   0.1005049E+01   0.2359030E+03   0.3648690E+02   0.1044357E+03   0.4297765E+02   0.7182613E+01   0.7144520E+00   0.8743686E+00   0.5215409E+00   0.2528483E+01   0.7747751E+00   0.9286229E+00   0.9698473E+00   0.9476191E+00   0.9982955E+00   0.1000398E+01   0.9947795E+00   0.9881187E+00   0.6668396E+02   0.6886908E+00   0.3113092E+00   0.1384314E+00   0.6451439E-03   0.9231156E-01   0.8040159E+00   0.8190303E+00   0.4486014E+00   0.6005686E+00   0.9845866E+00   0.9968825E+02   0.2454761E+01   0.8003235E+01   0.2111156E+01   0.1879084E+01   0.1250008E+04   0.5798123E+04   0.2556899E+04   0.8248337E+03   0.2338361E+03   0.9591314E+00   0.2425440E+00   0.2438601E+00   0.2536920E+01   0.1398568E+02   0.1089476E+04   0.1467568E+03   0.1042058E+01   0.1408335E+02   0.1059170E+04   0.1494936E+03   0.1390698E+00   0.1604025E+00   0.3386357E+04   0.1019154E-01   0.8162647E+00   0.4510369E+00   0.7189001E+02   0.6501549E+03   0.8186293E+02   0.1550616E+04   0.8848807E+02   0.2008711E+04   0.9403020E+02   0.2337431E+04   0.2328574E+03   0.5841845E+04   0.4532052E+00   0.7429763E+00   0.4714450E+00   0.6586144E+00   0.4700754E+00   0.6163633E+00   0.4651551E+00   0.5864890E+00   0.2957471E+00   0.3048926E+00   0.2797112E+02   0.1087688E+03   0.3249614E+02   0.8309993E+01   0.3970397E+03   0.2429445E+02   0.1150846E+05   0.7067431E+03   0.2621493E-01   0.1279349E+01   0.4216295E+01   0.9023235E+01   0.1193810E+05   0.5521859E+01
   0.9508772E+00   0.6330664E+04   0.2251634E-01   0.1201713E+00   0.1041221E+01   0.5913121E-01   0.3086240E+01   0.3066849E+01   0.9662018E+00   0.1006813E+01   0.2450883E+03   0.4476875E+02   0.1181020E+03   0.3342445E+02   0.3374939E+01   0.6880952E+00   0.4610129E+00   0.6688016E+00   0.5113215E+01   0.1004308E+01   0.7284514E+00   0.1076340E+01   0.1034751E+01   0.9973166E+00   0.1001873E+01   0.9926166E+00   0.9884908E+00   0.6798401E+02   0.6898785E+00   0.3101215E+00   0.1433328E+00   0.6451439E-03   0.9744335E-01   0.8198044E+00   0.8335191E+00   0.4565372E+00   0.6117771E+00   0.9942757E+00   0.9972110E+02   0.2463497E+01   0.8140564E+01   0.2147413E+01   0.1907897E+01   0.1248425E+04   0.5821822E+04   0.2569858E+04   0.8266420E+03   0.2336597E+03   0.9662018E+00   0.2459871E+00   0.2473158E+00   0.2572813E+01   0.1373265E+02   0.1089789E+04   0.1440756E+03   0.1041370E+01   0.1383520E+02   0.1060314E+04   0.1466832E+03   0.1412560E+00   0.1607524E+00   0.3391471E+04   0.1037904E-01   0.8158945E+00   0.4506373E+00   0.7327548E+02   0.6377739E+03   0.8340836E+02   0.1521380E+04   0.9014164E+02   0.1971031E+04   0.9577511E+02   0.2293742E+04   0.2369825E+03   0.5736016E+04   0.4612766E+00   0.7576840E+00   0.4801455E+00   0.6717800E+00   0.4788919E+00   0.6287367E+00   0.4739725E+00   0.5982948E+00   0.3017124E+00   0.3111170E+00   0.3003623E+02   0.1103442E+03   0.3308247E+02   0.8959751E+01   0.3972793E+03   0.2352821E+02   0.1150654E+05   0.7067100E+03   0.2441154E-01   0.1279349E+01   0.4306817E+01   0.1270409E+02   0.1193630E+05   0.5610577E+01
   0.9531166E+00   0.6328709E+04   0.2204083E-01   0.1166594E+00   0.1041578E+01   0.5466344E-01   0.2820566E+01   0.3039968E+01   0.9568559E+00   0.1002398E+01   0.2535133E+03   0.5172679E+02   0.1088851E+03   0.4123055E+02   0.3798062E+01   0.5692772E+00   0.8850256E+00   0.3124556E+00   0.7637374E-01   0.1136118E+01   0.1056225E+01   0.9885283E+00   0.8533094E+00   0.9967465E+00   0.1001326E+01   0.1000022E+01   0.9940008E+00   0.6584167E+02   0.6785667E+00   0.3214333E+00   0.1393454E+00   0.6451439E-03   0.9174734E-01   0.8045981E+00   0.8328442E+00   0.4561676E+00   0.6058313E+00   0.9915818E+00   0.9844791E+02   0.2463990E+01   0.7710266E+01   0.2090457E+01   0.1873964E+01   0.1245291E+04   0.5743098E+04   0.2545767E+04   0.8207395E+03   0.2325063E+03   0.9568559E+00   0.2421919E+00   0.2435067E+00   0.2568857E+01   0.1403719E+02   0.1089818E+04   0.1467176E+03   0.1041945E+01   0.1408112E+02   0.1058750E+04   0.1495222E+03   0.1389580E+00   0.1605569E+00   0.3417951E+04   0.1027286E-01   0.8099317E+00   0.4478767E+00   0.7114515E+02   0.6577103E+03   0.8127186E+02   0.1566151E+04   0.8798387E+02   0.2027221E+04   0.9359152E+02   0.2357652E+04   0.2333227E+03   0.5864419E+04   0.4599220E+00   0.7425283E+00   0.4759148E+00   0.6571416E+00   0.4733695E+00   0.6145413E+00   0.4676500E+00   0.5844815E+00   0.2943472E+00   0.3030248E+00   0.3201660E+02   0.1072062E+03   0.3234110E+02   0.8548166E+01   0.3962844E+03   0.2458556E+02   0.1150651E+05   0.7071169E+03   0.1717011E+00   0.6715329E+00   0.7107181E+01   0.6423665E+01   0.1193593E+05   0.7950415E+01
   0.8041423E+00   0.6330581E+04   0.2219178E-01   0.1187576E+00   0.1041489E+01   0.5518560E-01   0.2923175E+01   0.3044602E+01   0.9609258E+00   0.1002087E+01   0.2434456E+03   0.4244028E+02   0.1157440E+03   0.2705657E+02   0.2837992E+01   0.5199369E+00   0.8967460E+00   0.6658873E+00   0.5989184E+01   0.1210658E+01   0.9609563E+00   0.1109199E+01   0.8281617E+00   0.9983201E+00   0.1000400E+01   0.9961625E+00   0.9914267E+00   0.6639832E+02   0.6788319E+00   0.3211681E+00   0.1415945E+00   0.6451439E-03   0.9401638E-01   0.8108725E+00   0.8389926E+00   0.4595352E+00   0.6104297E+00   0.9951168E+00   0.9843373E+02   0.2463161E+01   0.7774353E+01   0.2100166E+01   0.1880702E+01   0.1238145E+04   0.5730296E+04   0.2544507E+04   0.8201163E+03   0.2322017E+03   0.9609258E+00   0.2436627E+00   0.2449829E+00   0.2576556E+01   0.1392276E+02   0.1089915E+04   0.1455119E+03   0.1041766E+01   0.1396781E+02   0.1059322E+04   0.1482473E+03   0.1399937E+00   0.1606620E+00   0.3424732E+04   0.1036608E-01   0.8091597E+00   0.4473621E+00   0.7174237E+02   0.6522157E+03   0.8194733E+02   0.1553131E+04   0.8871160E+02   0.2010411E+04   0.9436310E+02   0.2338135E+04   0.2352059E+03   0.5816586E+04   0.4633280E+00   0.7483423E+00   0.4795024E+00   0.6623119E+00   0.4769669E+00   0.6193864E+00   0.4712229E+00   0.5890955E+00   0.2966645E+00   0.3054301E+00   0.3010462E+02   0.1047496E+03   0.2997748E+02   0.8899946E+01   0.3963620E+03   0.2391881E+02   0.1151281E+05   0.7071050E+03   0.1748512E+00   0.6715329E+00   0.7253810E+01   0.3964389E+01   0.1194199E+05   0.8100194E+01
   0.1096003E+01   0.6334697E+04   0.2214796E-01   0.1145846E+00   0.1041668E+01   0.5220810E-01   0.2728135E+01   0.3027590E+01   0.9540437E+00   0.1001105E+01   0.1974910E+03   0.2396971E+02   0.9974993E+02   0.3832801E+02   0.8217990E+01   0.9397637E+00   0.5947316E+00   0.4763676E+00   0.4995180E+00   0.9996135E+00   0.9729900E+00   0.1131326E+01   0.1227113E+01   0.9974202E+00   0.1003671E+01   0.9832057E+00   0.9892006E+00   0.6559998E+02   0.6807661E+00   0.3192339E+00   0.1373777E+00   0.6451439E-03   0.9011977E-01   0.7942108E+00   0.8192749E+00   0.4487354E+00   0.5969845E+00   0.9805821E+00   0.9870595E+02   0.2449250E+01   0.7389832E+01   0.2064741E+01   0.1860023E+01   0.1246281E+04   0.5752566E+04   0.2538657E+04   0.8201691E+03   0.2328604E+03   0.9540437E+00   0.2409483E+00   0.2422585E+00   0.2516363E+01   0.1411649E+02   0.1089406E+04   0.1476851E+03   0.1042075E+01   0.1417221E+02   0.1058788E+04   0.1504664E+03   0.1384391E+00   0.1601230E+00   0.3413134E+04   0.1019255E-01   0.8110670E+00   0.4483909E+00   0.7084691E+02   0.6603174E+03   0.8087628E+02   0.1572893E+04   0.8752700E+02   0.2036296E+04   0.9308496E+02   0.2368488E+04   0.2317323E+03   0.5897332E+04   0.4526502E+00   0.7331522E+00   0.4689203E+00   0.6490722E+00   0.4666572E+00   0.6070894E+00   0.4611799E+00   0.5774524E+00   0.2909015E+00   0.2995585E+00   0.2148103E+02   0.1036523E+03   0.2942898E+02   0.8363819E+01   0.3958360E+03   0.2494831E+02   0.1151609E+05   0.7070218E+03   0.1314939E+00   0.7688989E+00   0.6360800E+01   0.9875191E+01   0.1194524E+05   0.7261193E+01
   0.1029652E+01   0.6329216E+04   0.2213568E-01   0.1145361E+00   0.1041664E+01   0.5182230E-01   0.2721311E+01   0.3025743E+01   0.9531150E+00   0.1001242E+01   0.2445453E+03   0.4037665E+02   0.1217000E+03   0.2874616E+02   0.4060516E+01   0.6075187E+00   0.6282861E+00   0.5691214E+00   0.4907970E+01   0.9949456E+00   0.7278870E+00   0.1039344E+01   0.8396852E+00   0.9982374E+00   0.1001194E+01   0.9877351E+00   0.9932709E+00   0.6552673E+02   0.6801938E+00   0.3198062E+00   0.1373169E+00   0.6451439E-03   0.8997928E-01   0.7933086E+00   0.8190775E+00   0.4486272E+00   0.5965734E+00   0.9800154E+00   0.9863798E+02   0.2449713E+01   0.7350159E+01   0.2060931E+01   0.1858024E+01   0.1247108E+04   0.5749978E+04   0.2536000E+04   0.8190960E+03   0.2325179E+03   0.9531150E+00   0.2408476E+00   0.2421574E+00   0.2516233E+01   0.1412513E+02   0.1089410E+04   0.1477445E+03   0.1042081E+01   0.1417783E+02   0.1058750E+04   0.1505309E+03   0.1383914E+00   0.1601145E+00   0.3414883E+04   0.1019289E-01   0.8107180E+00   0.4482174E+00   0.7077685E+02   0.6610136E+03   0.8081075E+02   0.1574411E+04   0.8746361E+02   0.2038169E+04   0.9302297E+02   0.2370592E+04   0.2316643E+03   0.5900997E+04   0.4524907E+00   0.7322646E+00   0.4686161E+00   0.6482271E+00   0.4662903E+00   0.6062745E+00   0.4607751E+00   0.5766621E+00   0.2904828E+00   0.2991036E+00   0.2848466E+02   0.1065965E+03   0.2977171E+02   0.8464724E+01   0.3958118E+03   0.2504842E+02   0.1150979E+05   0.7070458E+03   0.1417275E+00   0.7688989E+00   0.6553762E+01   0.4805647E+01   0.1193912E+05   0.7464388E+01
   0.4001847E+00   0.6334111E+04   0.2218868E-01   0.1146353E+00   0.1041559E+01   0.4260248E-01   0.2723340E+01   0.3008000E+01   0.9573562E+00   0.1003525E+01   0.2164874E+03   0.3895677E+02   0.1215907E+03   0.3060760E+02   0.1703246E+01   0.7315145E+00   0.2878798E+00   0.8470487E+00   0.4231546E+01   0.9444842E+00   0.1242522E+01   0.9673032E+00   0.9750563E+00   0.9962697E+00   0.9995931E+00   0.9924112E+00   0.9877685E+00   0.6552307E+02   0.6798034E+00   0.3201966E+00   0.1374691E+00   0.6451439E-03   0.9007400E-01   0.7874588E+00   0.8135337E+00   0.4455908E+00   0.5923549E+00   0.9728160E+00   0.9856811E+02   0.2420049E+01   0.6367493E+01   0.2024686E+01   0.1859318E+01   0.1234129E+04   0.5732878E+04   0.2541072E+04   0.8230138E+03   0.2338775E+03   0.9573562E+00   0.2408975E+00   0.2422076E+00   0.2507149E+01   0.1412117E+02   0.1089355E+04   0.1476643E+03   0.1041963E+01   0.1417174E+02   0.1058865E+04   0.1504327E+03   0.1385254E+00   0.1600286E+00   0.3417714E+04   0.1020279E-01   0.8102797E+00   0.4479466E+00   0.7077794E+02   0.6610334E+03   0.8082212E+02   0.1574359E+04   0.8748122E+02   0.2038037E+04   0.9304549E+02   0.2370387E+04   0.2317810E+03   0.5899383E+04   0.4493999E+00   0.7268267E+00   0.4653179E+00   0.6433716E+00   0.4629636E+00   0.6017161E+00   0.4574582E+00   0.5723158E+00   0.2882769E+00   0.2968172E+00   0.2709083E+02   0.1062388E+03   0.3080140E+02   0.1033816E+02   0.3965803E+03   0.2335407E+02   0.1151486E+05   0.7070625E+03   0.1533076E+00   0.7194209E+00   0.6815531E+01   0.8334177E+01   0.1194514E+05   0.7688260E+01
   0.4132102E+00   0.6334893E+04   0.2234085E-01   0.1182663E+00   0.1040935E+01   0.3915383E-01   0.2983329E+01   0.3013063E+01   0.9653170E+00   0.1002958E+01   0.2734178E+03   0.2728098E+02   0.8267997E+02   0.4853989E+02   0.1168987E+01   0.7365962E+00   0.3300788E+00   0.2040167E+00   0.7308333E+01   0.1039213E+01   0.8258550E+00   0.8113845E+00   0.9957668E+00   0.9982761E+00   0.1002273E+01   0.1007026E+01   0.9955928E+00   0.6721497E+02   0.6873463E+00   0.3126537E+00   0.1412523E+00   0.6451439E-03   0.9494268E-01   0.7949879E+00   0.8115806E+00   0.4445210E+00   0.5944651E+00   0.9696779E+00   0.9941215E+02   0.2400963E+01   0.6031799E+01   0.2034964E+01   0.1881690E+01   0.1227762E+04   0.5750649E+04   0.2548173E+04   0.8217540E+03   0.2321729E+03   0.9653170E+00   0.2445412E+00   0.2458646E+00   0.2569259E+01   0.1385826E+02   0.1089745E+04   0.1452197E+03   0.1041165E+01   0.1394780E+02   0.1059704E+04   0.1479018E+03   0.1402341E+00   0.1606166E+00   0.3388583E+04   0.1029872E-01   0.8156202E+00   0.4506156E+00   0.7248547E+02   0.6449110E+03   0.8257577E+02   0.1537786E+04   0.8927685E+02   0.1991880E+04   0.9488155E+02   0.2317673E+04   0.2351771E+03   0.5788771E+04   0.4489417E+00   0.7345014E+00   0.4666789E+00   0.6509560E+00   0.4651689E+00   0.6091354E+00   0.4601980E+00   0.5795737E+00   0.2921867E+00   0.3011776E+00   0.2638520E+02   0.1055911E+03   0.3220194E+02   0.1055331E+02   0.3976702E+03   0.2262857E+02   0.1152086E+05   0.7067833E+03   0.4838510E-01   0.1096772E+01   0.4844272E+01   0.5304794E+01   0.1195171E+05   0.5989429E+01
   0.5195182E+00   0.6332656E+04   0.2252128E-01   0.1211003E+00   0.1040571E+01   0.5234676E-01   0.3188024E+01   0.3040057E+01   0.9740942E+00   0.1001724E+01   0.2266944E+03   0.4093897E+02   0.8323745E+02   0.5164354E+02   0.3382850E+01   0.8177871E+00   0.5775456E+00   0.7344971E+00   0.7437749E+01   0.1225487E+01   0.9459942E+00   0.7202781E+00   0.7760575E+00   0.9960531E+00   0.9997558E+00   0.9923255E+00   0.9903218E+00   0.6862488E+02   0.6936604E+00   0.3063396E+00   0.1442668E+00   0.6451439E-03   0.9900289E-01   0.8107906E+00   0.8193126E+00   0.4487560E+00   0.6031974E+00   0.9787413E+00   0.1001459E+03   0.2408514E+01   0.7481384E+01   0.2090643E+01   0.1882834E+01   0.1210440E+04   0.5708333E+04   0.2534045E+04   0.8157260E+03   0.2299708E+03   0.9740942E+00   0.2473335E+00   0.2486670E+00   0.2606755E+01   0.1365142E+02   0.1089964E+04   0.1433342E+03   0.1040650E+01   0.1377352E+02   0.1060467E+04   0.1459323E+03   0.1416731E+00   0.1609969E+00   0.3367894E+04   0.1037671E-01   0.8197325E+00   0.4526220E+00   0.7390232E+02   0.6320942E+03   0.8402122E+02   0.1508732E+04   0.9075101E+02   0.1955235E+04   0.9638429E+02   0.2275843E+04   0.2378746E+03   0.5701657E+04   0.4537447E+00   0.7497290E+00   0.4732505E+00   0.6651403E+00   0.4724568E+00   0.6226940E+00   0.4678959E+00   0.5926509E+00   0.2990072E+00   0.3085035E+00   0.3174134E+02   0.1070657E+03   0.3493761E+02   0.1025866E+02   0.3957830E+03   0.2168004E+02   0.1151503E+05   0.7066201E+03   0.5012035E-02   0.1539698E+01   0.3826504E+01   0.1056747E+02   0.1194275E+05   0.5371214E+01
   0.1097572E+01   0.6333681E+04   0.2244923E-01   0.1181855E+00   0.1040992E+01   0.5731115E-01   0.2972250E+01   0.3045637E+01   0.9665700E+00   0.9997950E+00   0.2030487E+03   0.2391453E+02   0.1158326E+03   0.3144003E+02   0.6894068E+01   0.8278524E+00   0.7604759E+00   0.6270429E+00   0.3406994E+01   0.1220045E+01   0.8702004E+00   0.1153544E+01   0.1021564E+01   0.9985953E+00   0.1004216E+01   0.9969613E+00   0.9826899E+00   0.6721863E+02   0.6873193E+00   0.3126807E+00   0.1412799E+00   0.6451439E-03   0.9496640E-01   0.8080547E+00   0.8249558E+00   0.4518469E+00   0.6042492E+00   0.9855893E+00   0.9938896E+02   0.2438212E+01   0.7926941E+01   0.2102341E+01   0.1874663E+01   0.1225487E+04   0.5730727E+04   0.2539393E+04   0.8200086E+03   0.2323746E+03   0.9665700E+00   0.2444344E+00   0.2457574E+00   0.2545544E+01   0.1385707E+02   0.1089589E+04   0.1452138E+03   0.1041214E+01   0.1394659E+02   0.1059933E+04   0.1478593E+03   0.1404029E+00   0.1604375E+00   0.3394341E+04   0.1030847E-01   0.8149195E+00   0.4501701E+00   0.7249098E+02   0.6448631E+03   0.8258245E+02   0.1537668E+04   0.8928429E+02   0.1991725E+04   0.9488960E+02   0.2317490E+04   0.2351994E+03   0.5788273E+04   0.4563317E+00   0.7465725E+00   0.4743571E+00   0.6616524E+00   0.4728206E+00   0.6191439E+00   0.4677668E+00   0.5890961E+00   0.2969888E+00   0.3061248E+00   0.2168592E+02   0.1074303E+03   0.2953610E+02   0.8598684E+01   0.3966630E+03   0.2310502E+02   0.1151549E+05   0.7067841E+03   0.5049069E-01   0.1096772E+01   0.4916499E+01   0.1065641E+02   0.1194386E+05   0.6063761E+01
   0.9403777E+00   0.6331608E+04   0.2208122E-01   0.1192366E+00   0.1040678E+01   0.5675112E-01   0.3047580E+01   0.3043762E+01   0.9670831E+00   0.9996241E+00   0.2787670E+03   0.3700491E+02   0.1105684E+03   0.3143360E+02   0.1833060E+00   0.4544884E+00   0.6416867E+00   0.8891261E+00   0.6934219E+01   0.1230060E+01   0.1293912E+01   0.1061719E+01   0.9993934E+00   0.9972169E+00   0.9998688E+00   0.1004165E+01   0.9923407E+00   0.6732117E+02   0.6867640E+00   0.3132360E+00   0.1419629E+00   0.6451439E-03   0.9557111E-01   0.8100195E+00   0.8276957E+00   0.4533476E+00   0.6059871E+00   0.9872330E+00   0.9937194E+02   0.2435643E+01   0.7981873E+01   0.2098403E+01   0.1873249E+01   0.1219953E+04   0.5686926E+04   0.2529070E+04   0.8130423E+03   0.2291384E+03   0.9670831E+00   0.2452971E+00   0.2466233E+00   0.2641229E+01   0.1382902E+02   0.1090221E+04   0.1448417E+03   0.1040893E+01   0.1391515E+02   0.1059208E+04   0.1476088E+03   0.1400926E+00   0.1611561E+00   0.3376337E+04   0.1030604E-01   0.8169533E+00   0.4515015E+00   0.7261063E+02   0.6438410E+03   0.8273326E+02   0.1535096E+04   0.8945495E+02   0.1988306E+04   0.9507648E+02   0.2313440E+04   0.2357508E+03   0.5776625E+04   0.4577938E+00   0.7483323E+00   0.4757372E+00   0.6631510E+00   0.4741312E+00   0.6205210E+00   0.4690205E+00   0.5903906E+00   0.2976143E+00   0.3067493E+00   0.2932205E+02   0.1065040E+03   0.3003798E+02   0.8890312E+01   0.3966510E+03   0.2284481E+02   0.1151570E+05   0.7068016E+03   0.5161571E-01   0.1096772E+01   0.4869820E+01   0.6305255E+01   0.1194409E+05   0.6018208E+01
   0.5907850E+00   0.6336965E+04   0.2231419E-01   0.1203299E+00   0.1040478E+01   0.5722473E-01   0.3214104E+01   0.3052139E+01   0.9786250E+00   0.1003254E+01   0.2517444E+03   0.4354081E+02   0.1005243E+03   0.4151266E+02   0.3376323E+00   0.5823777E+00   0.2415704E+00   0.6007246E+00   0.7776381E+01   0.8984758E+00   0.1103599E+01   0.9503238E+00   0.1325569E+01   0.9948630E+00   0.1000135E+01   0.9956742E+00   0.9885637E+00   0.6899475E+02   0.6989896E+00   0.3010104E+00   0.1432893E+00   0.6451439E-03   0.9886207E-01   0.8145419E+00   0.8159124E+00   0.4468936E+00   0.6033354E+00   0.9806305E+00   0.1008912E+03   0.2404189E+01   0.8015442E+01   0.2116056E+01   0.1887220E+01   0.1204815E+04   0.5705302E+04   0.2543343E+04   0.8182772E+03   0.2303256E+03   0.9786250E+00   0.2475975E+00   0.2489320E+00   0.2654331E+01   0.1364500E+02   0.1090183E+04   0.1435581E+03   0.1040565E+01   0.1379617E+02   0.1059971E+04   0.1462302E+03   0.1410940E+00   0.1613924E+00   0.3333509E+04   0.1028843E-01   0.8254094E+00   0.4557374E+00   0.7421277E+02   0.6290685E+03   0.8423020E+02   0.1502788E+04   0.9090074E+02   0.1948370E+04   0.9648831E+02   0.2268542E+04   0.2372433E+03   0.5698321E+04   0.4523169E+00   0.7537393E+00   0.4731140E+00   0.6692973E+00   0.4729564E+00   0.6268358E+00   0.4688129E+00   0.5967483E+00   0.3012967E+00   0.3111140E+00   0.3333846E+02   0.1101035E+03   0.3407596E+02   0.1008804E+02   0.3964711E+03   0.2116468E+02   0.1152225E+05   0.7065336E+03   0.6899728E-02   0.1965459E+01   0.3391142E+01   0.1206293E+02   0.1194997E+05   0.5363501E+01
   0.7871137E+00   0.6331895E+04   0.2224841E-01   0.1197838E+00   0.1040935E+01   0.5634391E-01   0.3107993E+01   0.3050937E+01   0.9732737E+00   0.1004541E+01   0.2426607E+03   0.3894571E+02   0.1008890E+03   0.3654056E+02   0.4813203E+00   0.5139317E+00   0.5220683E+00   0.8039236E+00   0.7200067E+01   0.1074846E+01   0.1122544E+01   0.1125851E+01   0.1229675E+01   0.9967118E+00   0.1003445E+01   0.9976465E+00   0.9986084E+00   0.6805359E+02   0.6919274E+00   0.3080726E+00   0.1426774E+00   0.6451439E-03   0.9709707E-01   0.8144103E+00   0.8252949E+00   0.4520326E+00   0.6067455E+00   0.9872287E+00   0.1000195E+03   0.2425198E+01   0.7920837E+01   0.2113513E+01   0.1888275E+01   0.1215905E+04   0.5716155E+04   0.2548839E+04   0.8209261E+03   0.2316154E+03   0.9732737E+00   0.2461728E+00   0.2475021E+00   0.2630211E+01   0.1374424E+02   0.1090115E+04   0.1442708E+03   0.1041090E+01   0.1385766E+02   0.1059704E+04   0.1469716E+03   0.1406596E+00   0.1611724E+00   0.3366110E+04   0.1031640E-01   0.8195181E+00   0.4527224E+00   0.7331564E+02   0.6372775E+03   0.8340017E+02   0.1520686E+04   0.9010445E+02   0.1970452E+04   0.9571511E+02   0.2293331E+04   0.2365052E+03   0.5740632E+04   0.4569157E+00   0.7529035E+00   0.4761206E+00   0.6677669E+00   0.4751177E+00   0.6250744E+00   0.4703960E+00   0.5948679E+00   0.3000685E+00   0.3095130E+00   0.3003591E+02   0.1085515E+03   0.3196964E+02   0.9389411E+01   0.3964011E+03   0.2171269E+02   0.1151281E+05   0.7066584E+03   0.9003596E-02   0.1472759E+01   0.3862797E+01   0.1147837E+02   0.1194031E+05   0.5344560E+01
   0.7557391E+00   0.6331646E+04   0.2239201E-01   0.1199909E+00   0.1040652E+01   0.5436816E-01   0.3123523E+01   0.3039266E+01   0.9710023E+00   0.9988667E+00   0.2760209E+03   0.3659404E+02   0.9576361E+02   0.4448537E+02   0.2191749E+01   0.5541963E+00   0.8851579E+00   0.3998591E+00   0.4360184E+01   0.1180418E+01   0.1113829E+01   0.7855388E+00   0.6051263E+00   0.9968203E+00   0.9980555E+00   0.1001668E+01   0.9924211E+00   0.6818542E+02   0.6923634E+00   0.3076366E+00   0.1430280E+00   0.6451439E-03   0.9752427E-01   0.8083383E+00   0.8185619E+00   0.4483448E+00   0.6020085E+00   0.9789204E+00   0.1000156E+03   0.2414540E+01   0.7691956E+01   0.2088991E+01   0.1873756E+01   0.1212760E+04   0.5695803E+04   0.2526489E+04   0.8130803E+03   0.2292525E+03   0.9710023E+00   0.2464358E+00   0.2477661E+00   0.2608157E+01   0.1372313E+02   0.1089966E+04   0.1440315E+03   0.1040784E+01   0.1383875E+02   0.1060047E+04   0.1466818E+03   0.1410193E+00   0.1609809E+00   0.3367458E+04   0.1033120E-01   0.8194630E+00   0.4525791E+00   0.7345048E+02   0.6360762E+03   0.8354198E+02   0.1517925E+04   0.9025156E+02   0.1966942E+04   0.9586698E+02   0.2289303E+04   0.2368095E+03   0.5731760E+04   0.4532236E+00   0.7473330E+00   0.4723823E+00   0.6628737E+00   0.4714382E+00   0.6205136E+00   0.4667867E+00   0.5905396E+00   0.2978996E+00   0.3072969E+00   0.2830152E+02   0.1043395E+03   0.3112306E+02   0.9480868E+01   0.3960476E+03   0.2228473E+02   0.1151310E+05   0.7066483E+03   0.9365396E-02   0.1472759E+01   0.3932371E+01   0.1031086E+02   0.1194092E+05   0.5414495E+01
   0.1148598E+01   0.6333472E+04   0.2236402E-01   0.1175233E+00   0.1040934E+01   0.6035801E-01   0.2951839E+01   0.3051851E+01   0.9648740E+00   0.1002591E+01   0.2271482E+03   0.3592038E+02   0.1206225E+03   0.3382178E+02   0.4338474E+01   0.8047011E+00   0.3991837E+00   0.7301403E+00   0.3374105E+01   0.6961977E+00   0.1030892E+01   0.7715521E+00   0.7591736E+00   0.9966948E+00   0.9960120E+00   0.9859623E+00   0.9842885E+00   0.6712708E+02   0.6881245E+00   0.3118755E+00   0.1405325E+00   0.6451439E-03   0.9433534E-01   0.8087469E+00   0.8245986E+00   0.4516513E+00   0.6043770E+00   0.9871059E+00   0.9950796E+02   0.2446985E+01   0.8232117E+01   0.2115446E+01   0.1874889E+01   0.1231589E+04   0.5744441E+04   0.2541447E+04   0.8198666E+03   0.2322130E+03   0.9648740E+00   0.2441245E+00   0.2454464E+00   0.2554027E+01   0.1388614E+02   0.1089617E+04   0.1455577E+03   0.1041182E+01   0.1398004E+02   0.1059666E+04   0.1482382E+03   0.1400219E+00   0.1604890E+00   0.3385668E+04   0.1026791E-01   0.8161812E+00   0.4508903E+00   0.7237806E+02   0.6458113E+03   0.8243315E+02   0.1540121E+04   0.8911204E+02   0.1995029E+04   0.9469872E+02   0.2321437E+04   0.2346010E+03   0.5800330E+04   0.4562168E+00   0.7472912E+00   0.4744366E+00   0.6623763E+00   0.4729925E+00   0.6198574E+00   0.4679981E+00   0.5897973E+00   0.2973785E+00   0.3065585E+00   0.2567073E+02   0.1041333E+03   0.2927384E+02   0.8532263E+01   0.3976304E+03   0.2319460E+02   0.1151091E+05   0.7067597E+03   0.4016681E-01   0.1156417E+01   0.4664675E+01   0.1405103E+02   0.1194027E+05   0.5861259E+01
   0.7354595E+00   0.6331898E+04   0.2237401E-01   0.1203511E+00   0.1040851E+01   0.5701449E-01   0.3046996E+01   0.3045762E+01   0.9688161E+00   0.9970508E+00   0.1975804E+03   0.3612653E+02   0.1068076E+03   0.3110024E+02   0.3894680E+01   0.8131252E+00   0.2568574E-01   0.8716053E+00   0.5394580E+01   0.8551456E+00   0.7172974E+00   0.9766011E+00   0.1105696E+01   0.9971858E+00   0.9994674E+00   0.9978691E+00   0.9953698E+00   0.6722229E+02   0.6827275E+00   0.3172725E+00   0.1433702E+00   0.6451439E-03   0.9637676E-01   0.8140175E+00   0.8371230E+00   0.4585112E+00   0.6109305E+00   0.9928350E+00   0.9880982E+02   0.2443085E+01   0.7960510E+01   0.2102606E+01   0.1876012E+01   0.1216322E+04   0.5683609E+04   0.2531249E+04   0.8164740E+03   0.2310122E+03   0.9688161E+00   0.2454105E+00   0.2467370E+00   0.2585080E+01   0.1379942E+02   0.1089948E+04   0.1443327E+03   0.1041035E+01   0.1386434E+02   0.1059971E+04   0.1469897E+03   0.1409751E+00   0.1607341E+00   0.3410237E+04   0.1040907E-01   0.8118305E+00   0.4486117E+00   0.7257062E+02   0.6444885E+03   0.8279230E+02   0.1535668E+04   0.8957359E+02   0.1988415E+04   0.9524208E+02   0.2313051E+04   0.2367929E+03   0.5764677E+04   0.4626303E+00   0.7516264E+00   0.4797504E+00   0.6656335E+00   0.4776617E+00   0.6226634E+00   0.4722039E+00   0.5923174E+00   0.2984221E+00   0.3074118E+00   0.2560913E+02   0.1013910E+03   0.2805077E+02   0.9239966E+01   0.3966661E+03   0.2289818E+02   0.1151397E+05   0.7069436E+03   0.1175469E+00   0.8201760E+00   0.6318647E+01   0.6825265E+01   0.1194277E+05   0.7256370E+01
   0.8491085E+00   0.6332562E+04   0.2210659E-01   0.1180929E+00   0.1041402E+01   0.5293271E-01   0.2862164E+01   0.3030945E+01   0.9550491E+00   0.9993377E+00   0.2380133E+03   0.2335686E+02   0.1020614E+03   0.4347202E+02   0.6971219E+01   0.7145778E+00   0.7520492E+00   0.1702681E-01   0.3495066E+01   0.1013208E+01   0.9684034E+00   0.8453129E+00   0.7739185E+00   0.9978146E+00   0.9991138E+00   0.9939987E+00   0.9822651E+00   0.6582336E+02   0.6749276E+00   0.3250724E+00   0.1408446E+00   0.6451439E-03   0.9270868E-01   0.8035365E+00   0.8364405E+00   0.4581373E+00   0.6067372E+00   0.9904112E+00   0.9796885E+02   0.2463337E+01   0.7545471E+01   0.2071680E+01   0.1863571E+01   0.1240377E+04   0.5702406E+04   0.2523305E+04   0.8123582E+03   0.2298561E+03   0.9550491E+00   0.2427929E+00   0.2441099E+00   0.2571198E+01   0.1399658E+02   0.1089902E+04   0.1460669E+03   0.1041735E+01   0.1402150E+02   0.1059055E+04   0.1488360E+03   0.1395509E+00   0.1605546E+00   0.3435120E+04   0.1035413E-01   0.8069912E+00   0.4462871E+00   0.7118198E+02   0.6576396E+03   0.8140615E+02   0.1565093E+04   0.8817725E+02   0.2025276E+04   0.9383172E+02   0.2354921E+04   0.2344692E+03   0.5847795E+04   0.4615754E+00   0.7411962E+00   0.4767268E+00   0.6555802E+00   0.4737642E+00   0.6129240E+00   0.4677694E+00   0.5828465E+00   0.2933791E+00   0.3018860E+00   0.2678381E+02   0.1065803E+03   0.3291443E+02   0.8605534E+01   0.3960098E+03   0.2490158E+02   0.1151150E+05   0.7072906E+03   0.2635225E+00   0.4556106E+00   0.8905938E+01   0.7187982E+01   0.1194102E+05   0.9625071E+01
   0.8578876E+00   0.6332204E+04   0.2189657E-01   0.1126951E+00   0.1041931E+01   0.5103824E-01   0.2528536E+01   0.3019973E+01   0.9454305E+00   0.1001521E+01   0.2075350E+03   0.4400642E+02   0.1190449E+03   0.2971620E+02   0.6726158E+01   0.7888155E+00   0.5547107E+00   0.8171302E+00   0.1149752E+01   0.6802856E+00   0.7584635E+00   0.1030933E+01   0.9096993E+00   0.9978250E+00   0.9998971E+00   0.9977806E+00   0.9863938E+00   0.6378723E+02   0.6676257E+00   0.3323743E+00   0.1352368E+00   0.6451439E-03   0.8626381E-01   0.7897781E+00   0.8313007E+00   0.4553221E+00   0.5996694E+00   0.9888677E+00   0.9720611E+02   0.2476482E+01   0.7267761E+01   0.2049073E+01   0.1850232E+01   0.1258091E+04   0.5742287E+04   0.2539717E+04   0.8222359E+03   0.2342666E+03   0.9454305E+00   0.2379948E+00   0.2392940E+00   0.2491737E+01   0.1435271E+02   0.1089346E+04   0.1494969E+03   0.1042498E+01   0.1434025E+02   0.1057873E+04   0.1523912E+03   0.1371091E+00   0.1597816E+00   0.3456446E+04   0.1017638E-01   0.8028365E+00   0.4442689E+00   0.6909218E+02   0.6780851E+03   0.7919401E+02   0.1611928E+04   0.8587335E+02   0.2084709E+04   0.9144623E+02   0.2423074E+04   0.2295538E+03   0.5997227E+04   0.4581089E+00   0.7278283E+00   0.4713966E+00   0.6430285E+00   0.4676691E+00   0.6008925E+00   0.4612306E+00   0.5712237E+00   0.2873133E+00   0.2953410E+00   0.2686750E+02   0.1026916E+03   0.2899730E+02   0.8175361E+01   0.3957593E+03   0.2644199E+02   0.1150674E+05   0.7077002E+03   0.4449870E+00   0.2514958E+00   0.1197368E+02   0.6918279E+01   0.1193712E+05   0.1267016E+02
   0.4385805E+00   0.6336390E+04   0.2207950E-01   0.1203445E+00   0.1041303E+01   0.5601978E-01   0.2932546E+01   0.3039407E+01   0.9586314E+00   0.9974751E+00   0.2179016E+03   0.5452528E+02   0.1001743E+03   0.4545077E+02   0.6147574E+01   0.7782675E+00   0.8477961E+00   0.9153902E+00   0.1246221E+01   0.1222848E+01   0.1069421E+01   0.9200898E+00   0.1108483E+01   0.9969289E+00   0.9996683E+00   0.9871614E+00   0.9867868E+00   0.6580505E+02   0.6696095E+00   0.3303905E+00   0.1430692E+00   0.6451439E-03   0.9414675E-01   0.8132780E+00   0.8534777E+00   0.4674690E+00   0.6165892E+00   0.1002558E+01   0.9732433E+02   0.2476730E+01   0.7914734E+01   0.2089284E+01   0.1867839E+01   0.1230420E+04   0.5657456E+04   0.2519406E+04   0.8110722E+03   0.2294454E+03   0.9586314E+00   0.2437444E+00   0.2450649E+00   0.2601076E+01   0.1393590E+02   0.1090209E+04   0.1451350E+03   0.1041590E+01   0.1393398E+02   0.1059208E+04   0.1478980E+03   0.1402319E+00   0.1607785E+00   0.3456150E+04   0.1046783E-01   0.8032391E+00   0.4443427E+00   0.7124984E+02   0.6574021E+03   0.8161657E+02   0.1563248E+04   0.8847409E+02   0.2022064E+04   0.9419704E+02   0.2350516E+04   0.2361643E+03   0.5822903E+04   0.4704447E+00   0.7496703E+00   0.4845770E+00   0.6625229E+00   0.4809666E+00   0.6191887E+00   0.4744891E+00   0.5886647E+00   0.2961003E+00   0.3044840E+00   0.3199142E+02   0.1070288E+03   0.3432454E+02   0.9636422E+01   0.3967249E+03   0.2440795E+02   0.1151567E+05   0.7075810E+03   0.4147842E+00   0.2812318E+00   0.1171922E+02   0.6348071E+01   0.1194644E+05   0.1241523E+02
   0.6889689E+00   0.6333003E+04   0.2191661E-01   0.1160378E+00   0.1041017E+01   0.4236267E-01   0.2703238E+01   0.3002839E+01   0.9464492E+00   0.9981590E+00   0.2416679E+03   0.4419575E+02   0.9009079E+02   0.4620862E+02   0.5972843E+01   0.8551393E+00   0.6570001E+00   0.8814873E+00   0.4066142E+01   0.8512930E+00   0.9559822E+00   0.9424471E+00   0.1154249E+01   0.9975184E+00   0.1001481E+01   0.9976578E+00   0.9853933E+00   0.6440247E+02   0.6658382E+00   0.3341618E+00   0.1385995E+00   0.6451439E-03   0.8926151E-01   0.7882952E+00   0.8319680E+00   0.4556877E+00   0.5993466E+00   0.9822853E+00   0.9690147E+02   0.2457011E+01   0.6407166E+01   0.2014264E+01   0.1850634E+01   0.1249550E+04   0.5701490E+04   0.2517417E+04   0.8109547E+03   0.2296510E+03   0.9464492E+00   0.2404961E+00   0.2418046E+00   0.2550397E+01   0.1419393E+02   0.1089801E+04   0.1476025E+03   0.1041475E+01   0.1417246E+02   0.1058292E+04   0.1504624E+03   0.1383657E+00   0.1602050E+00   0.3455709E+04   0.1030162E-01   0.8024656E+00   0.4440438E+00   0.6978630E+02   0.6714747E+03   0.8003338E+02   0.1595774E+04   0.8680610E+02   0.2063536E+04   0.9245568E+02   0.2398236E+04   0.2323427E+03   0.5931028E+04   0.4582908E+00   0.7262929E+00   0.4711543E+00   0.6414897E+00   0.4672331E+00   0.5993798E+00   0.4606729E+00   0.5697396E+00   0.2864788E+00   0.2944316E+00   0.2980868E+02   0.1063131E+03   0.3372609E+02   0.8501368E+01   0.3963536E+03   0.2623990E+02   0.1150619E+05   0.7078128E+03   0.5345151E+00   0.1728594E+00   0.1385430E+02   0.6344833E+01   0.1193729E+05   0.1456168E+02
   0.6766069E+00   0.6335144E+04   0.2204554E-01   0.1209515E+00   0.1040444E+01   0.4385113E-01   0.3010814E+01   0.3015162E+01   0.9578547E+00   0.9950026E+00   0.2429455E+03   0.4043304E+02   0.1121473E+03   0.3253502E+02   0.2723945E+01   0.6816767E+00   0.1814260E+00   0.2594140E-01   0.4811944E+01   0.6349021E+00   0.8094641E+00   0.1079309E+01   0.1121549E+01   0.9963848E+00   0.1002662E+01   0.9995608E+00   0.9951264E+00   0.6618958E+02   0.6721290E+00   0.3278710E+00   0.1436422E+00   0.6451439E-03   0.9507618E-01   0.8022669E+00   0.8387060E+00   0.4593782E+00   0.6070782E+00   0.9861071E+00   0.9755053E+02   0.2443081E+01   0.6648254E+01   0.2039240E+01   0.1868013E+01   0.1229692E+04   0.5665714E+04   0.2512711E+04   0.8061637E+03   0.2269659E+03   0.9578547E+00   0.2447884E+00   0.2461127E+00   0.2635116E+01   0.1388536E+02   0.1090382E+04   0.1446094E+03   0.1040677E+01   0.1389570E+02   0.1059208E+04   0.1473805E+03   0.1404455E+00   0.1609762E+00   0.3433417E+04   0.1045433E-01   0.8064921E+00   0.4460518E+00   0.7162265E+02   0.6537985E+03   0.8198099E+02   0.1555276E+04   0.8883670E+02   0.2012137E+04   0.9455987E+02   0.2339289E+04   0.2367071E+03   0.5801580E+04   0.4625521E+00   0.7397555E+00   0.4770489E+00   0.6540139E+00   0.4737696E+00   0.6113397E+00   0.4675686E+00   0.5812660E+00   0.2924616E+00   0.3008433E+00   0.3036708E+02   0.1066376E+03   0.3351511E+02   0.8912226E+01   0.3961906E+03   0.2461561E+02   0.1150765E+05   0.7074381E+03   0.3604454E+00   0.3457454E+00   0.1090068E+02   0.1387383E+02   0.1193737E+05   0.1160688E+02
   0.7455841E+00   0.6332881E+04   0.2225130E-01   0.1195869E+00   0.1040520E+01   0.4961482E-01   0.2983536E+01   0.3020226E+01   0.9635389E+00   0.9945396E+00   0.2341618E+03   0.3102902E+02   0.1028578E+03   0.3564685E+02   0.4678772E+01   0.9176787E+00   0.2163665E+00   0.5791412E+00   0.3290638E+01   0.1088118E+01   0.9891621E+00   0.1029798E+01   0.1205319E+01   0.9983894E+00   0.1001388E+01   0.1001070E+01   0.9973416E+00   0.6654114E+02   0.6782017E+00   0.3217983E+00   0.1424834E+00   0.6451439E-03   0.9481005E-01   0.8016290E+00   0.8302419E+00   0.4547422E+00   0.6037670E+00   0.9827166E+00   0.9824686E+02   0.2427754E+01   0.7206726E+01   0.2049592E+01   0.1855977E+01   0.1213091E+04   0.5641959E+04   0.2507059E+04   0.8079784E+03   0.2283307E+03   0.9635389E+00   0.2445067E+00   0.2458299E+00   0.2586319E+01   0.1388527E+02   0.1089974E+04   0.1449426E+03   0.1040752E+01   0.1392671E+02   0.1059589E+04   0.1476483E+03   0.1404310E+00   0.1606342E+00   0.3418164E+04   0.1038874E-01   0.8097770E+00   0.4476198E+00   0.7190569E+02   0.6507813E+03   0.8215031E+02   0.1549560E+04   0.8893989E+02   0.2005688E+04   0.9461209E+02   0.2332560E+04   0.2359246E+03   0.5800991E+04   0.4584406E+00   0.7397490E+00   0.4742860E+00   0.6546383E+00   0.4717050E+00   0.6121819E+00   0.4659764E+00   0.5822260E+00   0.2931744E+00   0.3018149E+00   0.2431706E+02   0.1030490E+03   0.3079751E+02   0.9022782E+01   0.3956861E+03   0.2325223E+02   0.1151435E+05   0.7071334E+03   0.2104939E+00   0.5804309E+00   0.8151606E+01   0.7375349E+01   0.1194231E+05   0.8942531E+01
   0.1020250E+01   0.6330915E+04   0.2236516E-01   0.1227208E+00   0.1040212E+01   0.5486495E-01   0.3274408E+01   0.3052817E+01   0.9673778E+00   0.1000666E+01   0.2522417E+03   0.3978474E+02   0.1025932E+03   0.4103326E+02   0.1259161E+01   0.7034105E+00   0.6460614E-01   0.1009003E+00   0.7489308E+01   0.1062192E+01   0.9220397E+00   0.8926272E+00   0.1163295E+01   0.9981874E+00   0.1000175E+01   0.1010869E+01   0.9993880E+00   0.6880066E+02   0.6921302E+00   0.3078698E+00   0.1457311E+00   0.6451439E-03   0.1002640E+00   0.8169901E+00   0.8276367E+00   0.4533153E+00   0.6085673E+00   0.9849644E+00   0.9994273E+02   0.2440205E+01   0.7810974E+01   0.2117490E+01   0.1897432E+01   0.1235411E+04   0.5759280E+04   0.2537015E+04   0.8107064E+03   0.2273045E+03   0.9673778E+00   0.2484020E+00   0.2497394E+00   0.2665369E+01   0.1359750E+02   0.1090384E+04   0.1426263E+03   0.1040252E+01   0.1371075E+02   0.1060314E+04   0.1452642E+03   0.1419401E+00   0.1614297E+00   0.3363951E+04   0.1042337E-01   0.8197989E+00   0.4527676E+00   0.7411711E+02   0.6303718E+03   0.8430647E+02   0.1504256E+04   0.9108074E+02   0.1949194E+04   0.9675014E+02   0.2268615E+04   0.2390296E+03   0.5679320E+04   0.4582121E+00   0.7553059E+00   0.4775195E+00   0.6699160E+00   0.4765359E+00   0.6270933E+00   0.4718147E+00   0.5967935E+00   0.3010256E+00   0.3105219E+00   0.3219822E+02   0.1091508E+03   0.3455047E+02   0.8875275E+01   0.3962622E+03   0.2358442E+02   0.1151856E+05   0.7066536E+03   0.1265114E-01   0.1407057E+01   0.4072205E+01   0.2399704E+01   0.1194729E+05   0.5491913E+01
   0.8919411E+00   0.6331777E+04   0.2196163E-01   0.1164244E+00   0.1041506E+01   0.4769567E-01   0.2853738E+01   0.3026531E+01   0.9569343E+00   0.1003198E+01   0.2521287E+03   0.5333135E+02   0.1162667E+03   0.3869861E+02   0.4246133E+01   0.6385952E+00   0.6790748E+00   0.2886265E+00   0.3339575E+00   0.7603677E+00   0.8004192E+00   0.9990309E+00   0.8668022E+00   0.9978455E+00   0.1000588E+01   0.1000922E+01   0.9923396E+00   0.6622620E+02   0.6830050E+00   0.3169950E+00   0.1390311E+00   0.6451439E-03   0.9207504E-01   0.7977268E+00   0.8200112E+00   0.4491386E+00   0.5985732E+00   0.9802555E+00   0.9901141E+02   0.2439749E+01   0.7002258E+01   0.2062557E+01   0.1874899E+01   0.1245222E+04   0.5753831E+04   0.2546110E+04   0.8192500E+03   0.2313840E+03   0.9569343E+00   0.2426131E+00   0.2439294E+00   0.2595488E+01   0.1401043E+02   0.1089931E+04   0.1466698E+03   0.1041862E+01   0.1407767E+02   0.1058559E+04   0.1495049E+03   0.1387860E+00   0.1607954E+00   0.3394612E+04   0.1022613E-01   0.8138322E+00   0.4499746E+00   0.7149086E+02   0.6542020E+03   0.8155337E+02   0.1558881E+04   0.8822947E+02   0.2018516E+04   0.9381023E+02   0.2348102E+04   0.2331904E+03   0.5852796E+04   0.4532223E+00   0.7366153E+00   0.4700669E+00   0.6523748E+00   0.4680542E+00   0.6102756E+00   0.4627288E+00   0.5805429E+00   0.2925296E+00   0.3013380E+00   0.3235356E+02   0.1085459E+03   0.3321684E+02   0.8864744E+01   0.3957480E+03   0.2431418E+02   0.1151466E+05   0.7069330E+03   0.8909651E-01   0.9265765E+00   0.5484772E+01   0.6532150E+01   0.1194359E+05   0.6500445E+01
   0.9101734E+00   0.6330950E+04   0.2214471E-01   0.1187687E+00   0.1041306E+01   0.5020397E-01   0.3041807E+01   0.3037527E+01   0.9646480E+00   0.1002358E+01   0.2544952E+03   0.5015695E+02   0.1244771E+03   0.3208781E+02   0.2567849E+01   0.6615129E+00   0.1246774E+00   0.1800732E-01   0.4149851E+01   0.1148425E+01   0.8768160E+00   0.9988996E+00   0.1057354E+01   0.9988860E+00   0.1000248E+01   0.9932175E+00   0.9912116E+00   0.6768005E+02   0.6909600E+00   0.3090400E+00   0.1415586E+00   0.6451439E-03   0.9580691E-01   0.8056777E+00   0.8177265E+00   0.4478873E+00   0.6007103E+00   0.9793344E+00   0.9995732E+02   0.2427074E+01   0.7286072E+01   0.2085361E+01   0.1886143E+01   0.1235046E+04   0.5754482E+04   0.2547193E+04   0.8180885E+03   0.2303986E+03   0.9646480E+00   0.2452468E+00   0.2465728E+00   0.2627039E+01   0.1380773E+02   0.1090093E+04   0.1449438E+03   0.1041521E+01   0.1391655E+02   0.1059322E+04   0.1476910E+03   0.1400783E+00   0.1611564E+00   0.3369284E+04   0.1028053E-01   0.8188977E+00   0.4524843E+00   0.7293132E+02   0.6407042E+03   0.8298788E+02   0.1528635E+04   0.8967212E+02   0.1980602E+04   0.9526533E+02   0.2305021E+04   0.2355460E+03   0.5767257E+04   0.4526331E+00   0.7447377E+00   0.4714227E+00   0.6604228E+00   0.4703200E+00   0.6181577E+00   0.4655734E+00   0.5882594E+00   0.2967052E+00   0.3059975E+00   0.3416651E+02   0.1094770E+03   0.3483226E+02   0.9075356E+01   0.3957408E+03   0.2336843E+02   0.1151905E+05   0.7066819E+03   0.1117578E-01   0.1407057E+01   0.3863127E+01   0.2706888E+01   0.1194723E+05   0.5281360E+01
   0.6450510E+00   0.6333335E+04   0.2201004E-01   0.1175955E+00   0.1041346E+01   0.4669789E-01   0.2956189E+01   0.3024816E+01   0.9637483E+00   0.1001872E+01   0.2077810E+03   0.4232187E+02   0.1151321E+03   0.3507937E+02   0.5188294E+01   0.6820924E+00   0.3552854E+00   0.1117814E+00   0.1818656E+01   0.6925767E+00   0.1052869E+01   0.1017404E+01   0.1145148E+01   0.9970280E+00   0.1001097E+01   0.1003224E+01   0.9964339E+00   0.6699890E+02   0.6875579E+00   0.3124421E+00   0.1402507E+00   0.6451439E-03   0.9396642E-01   0.7994514E+00   0.8158611E+00   0.4468655E+00   0.5977017E+00   0.9766933E+00   0.9955692E+02   0.2417671E+01   0.6913757E+01   0.2059022E+01   0.1875425E+01   0.1228278E+04   0.5721077E+04   0.2541552E+04   0.8178640E+03   0.2306348E+03   0.9637483E+00   0.2440350E+00   0.2453566E+00   0.2622603E+01   0.1390548E+02   0.1090077E+04   0.1457904E+03   0.1041626E+01   0.1399642E+02   0.1058865E+04   0.1485949E+03   0.1393612E+00   0.1610612E+00   0.3376848E+04   0.1024419E-01   0.8171131E+00   0.4516522E+00   0.7225018E+02   0.6469950E+03   0.8230195E+02   0.1542809E+04   0.8897778E+02   0.1998422E+04   0.9456151E+02   0.2325314E+04   0.2343489E+03   0.5808472E+04   0.4513269E+00   0.7386481E+00   0.4692144E+00   0.6546562E+00   0.4677224E+00   0.6126085E+00   0.4627416E+00   0.5828849E+00   0.2938722E+00   0.3029207E+00   0.3112912E+02   0.1063632E+03   0.3268423E+02   0.9669074E+01   0.3958843E+03   0.2303293E+02   0.1151951E+05   0.7067768E+03   0.3526177E-01   0.1217317E+01   0.4405569E+01   0.6136610E+01   0.1194810E+05   0.5658148E+01
   0.1030699E+01   0.6333302E+04   0.2206429E-01   0.1155700E+00   0.1042093E+01   0.5399648E-01   0.2811163E+01   0.3033894E+01   0.9603523E+00   0.1000985E+01   0.2148631E+03   0.2142373E+02   0.1122153E+03   0.3095301E+02   0.4036535E+01   0.7167851E+00   0.1403395E+00   0.2319144E+00   0.4529487E+01   0.1019262E+01   0.1199482E+01   0.1026562E+01   0.1196976E+01   0.9969938E+00   0.9991199E+00   0.9970474E+00   0.9953260E+00   0.6630310E+02   0.6854498E+00   0.3145502E+00   0.1382795E+00   0.6451439E-03   0.9168357E-01   0.8001361E+00   0.8193100E+00   0.4487546E+00   0.5992201E+00   0.9826457E+00   0.9935325E+02   0.2438585E+01   0.7618713E+01   0.2077798E+01   0.1865102E+01   0.1233564E+04   0.5723893E+04   0.2541200E+04   0.8206807E+03   0.2326115E+03   0.9603523E+00   0.2420717E+00   0.2433860E+00   0.2561149E+01   0.1402464E+02   0.1089682E+04   0.1470429E+03   0.1042468E+01   0.1410527E+02   0.1058712E+04   0.1498471E+03   0.1386816E+00   0.1606016E+00   0.3396097E+04   0.1020056E-01   0.8142766E+00   0.4501432E+00   0.7153585E+02   0.6536094E+03   0.8154176E+02   0.1558070E+04   0.8818400E+02   0.2017857E+04   0.9373817E+02   0.2347655E+04   0.2326323E+03   0.5858471E+04   0.4530478E+00   0.7390794E+00   0.4704905E+00   0.6548186E+00   0.4687565E+00   0.6126699E+00   0.4636078E+00   0.5828874E+00   0.2938102E+00   0.3027572E+00   0.2300155E+02   0.1038573E+03   0.2687211E+02   0.8663580E+01   0.3960569E+03   0.2376936E+02   0.1152052E+05   0.7068450E+03   0.5176960E-01   0.1096772E+01   0.4679888E+01   0.4922228E+01   0.1194901E+05   0.5828429E+01
   0.1002438E+01   0.6332775E+04   0.2187985E-01   0.1120613E+00   0.1042223E+01   0.5479961E-01   0.2563923E+01   0.3020283E+01   0.9512926E+00   0.9987608E+00   0.2260829E+03   0.3216991E+02   0.1091786E+03   0.3456842E+02   0.4144158E+01   0.6745284E+00   0.4132258E+00   0.5604712E+00   0.3423746E+01   0.8843550E+00   0.1032706E+01   0.1002276E+01   0.1129450E+01   0.9975158E+00   0.1001540E+01   0.1001349E+01   0.1000443E+01   0.6451599E+02   0.6766550E+00   0.3233450E+00   0.1345863E+00   0.6451439E-03   0.8682968E-01   0.7885856E+00   0.8186934E+00   0.4484168E+00   0.5946554E+00   0.9817822E+00   0.9832285E+02   0.2450824E+01   0.7649231E+01   0.2049709E+01   0.1836936E+01   0.1238161E+04   0.5693740E+04   0.2525479E+04   0.8183444E+03   0.2329938E+03   0.9512926E+00   0.2384962E+00   0.2397973E+00   0.2507443E+01   0.1430189E+02   0.1089345E+04   0.1494954E+03   0.1042772E+01   0.1433635E+02   0.1057796E+04   0.1524007E+03   0.1369467E+00   0.1600147E+00   0.3422259E+04   0.1010145E-01   0.8090123E+00   0.4475228E+00   0.6974015E+02   0.6711066E+03   0.7971482E+02   0.1597568E+04   0.8632320E+02   0.2067576E+04   0.9184295E+02   0.2404331E+04   0.2292484E+03   0.5975191E+04   0.4519821E+00   0.7275732E+00   0.4672375E+00   0.6437144E+00   0.4645269E+00   0.6019066E+00   0.4587757E+00   0.5724171E+00   0.2882376E+00   0.2966377E+00   0.2485739E+02   0.1044134E+03   0.2759809E+02   0.8358585E+01   0.3962851E+03   0.2504291E+02   0.1151735E+05   0.7072056E+03   0.1924138E+00   0.6252075E+00   0.7294629E+01   0.3200700E+01   0.1194703E+05   0.8112250E+01
   0.8452029E+00   0.6331095E+04   0.2219058E-01   0.1204803E+00   0.1041311E+01   0.5415011E-01   0.3128662E+01   0.3045114E+01   0.9732808E+00   0.1000210E+01   0.2440283E+03   0.4528165E+02   0.1166935E+03   0.3043348E+02   0.8077272E+00   0.5345992E+00   0.3132434E+00   0.5517196E+00   0.6987545E+01   0.1016405E+01   0.8121418E+00   0.1045059E+01   0.1024410E+01   0.9981497E+00   0.1001743E+01   0.1002978E+01   0.9969054E+00   0.6812683E+02   0.6912135E+00   0.3087865E+00   0.1433160E+00   0.6451439E-03   0.9763664E-01   0.8143596E+00   0.8261991E+00   0.4525279E+00   0.6070589E+00   0.9866364E+00   0.9997663E+02   0.2420773E+01   0.7725525E+01   0.2101243E+01   0.1885568E+01   0.1212105E+04   0.5691672E+04   0.2542066E+04   0.8181407E+03   0.2305784E+03   0.9732808E+00   0.2464230E+00   0.2477532E+00   0.2648589E+01   0.1372055E+02   0.1090271E+04   0.1440336E+03   0.1041458E+01   0.1382999E+02   0.1059628E+04   0.1467507E+03   0.1407706E+00   0.1613675E+00   0.3371968E+04   0.1034856E-01   0.8186065E+00   0.4522997E+00   0.7340631E+02   0.6365418E+03   0.8352224E+02   0.1518759E+04   0.9024629E+02   0.1967843E+04   0.9587299E+02   0.2290202E+04   0.2370110E+03   0.5730819E+04   0.4573501E+00   0.7527844E+00   0.4763920E+00   0.6675818E+00   0.4753040E+00   0.6248679E+00   0.4705244E+00   0.5946508E+00   0.2999261E+00   0.3093362E+00   0.3161259E+02   0.1079991E+03   0.3110317E+02   0.9229786E+01   0.3960348E+03   0.2203513E+02   0.1152015E+05   0.7066756E+03   0.1055941E-01   0.1407057E+01   0.3859787E+01   0.2788695E+01   0.1194745E+05   0.5277404E+01
   0.5799360E+00   0.6330343E+04   0.2192749E-01   0.1179965E+00   0.1041206E+01   0.5106802E-01   0.2958686E+01   0.3030296E+01   0.9681383E+00   0.1001884E+01   0.2264328E+03   0.3824260E+02   0.1019977E+03   0.4097527E+02   0.2343297E+01   0.6298597E+00   0.4865445E+00   0.5324208E+00   0.7743116E+01   0.9151961E+00   0.7980085E+00   0.8606358E+00   0.8715627E+00   0.9969970E+00   0.1000355E+01   0.9955295E+00   0.9947018E+00   0.6677185E+02   0.6847152E+00   0.3152848E+00   0.1405691E+00   0.6451439E-03   0.9386059E-01   0.8045429E+00   0.8247837E+00   0.4517526E+00   0.6028718E+00   0.9845834E+00   0.9920269E+02   0.2420166E+01   0.7402039E+01   0.2070335E+01   0.1869320E+01   0.1212079E+04   0.5662508E+04   0.2534645E+04   0.8172489E+03   0.2307377E+03   0.9681383E+00   0.2440284E+00   0.2453500E+00   0.2639261E+01   0.1391701E+02   0.1090221E+04   0.1457355E+03   0.1041498E+01   0.1399287E+02   0.1058674E+04   0.1485696E+03   0.1393153E+00   0.1611551E+00   0.3383404E+04   0.1026582E-01   0.8155990E+00   0.4509196E+00   0.7205346E+02   0.6489680E+03   0.8215076E+02   0.1546827E+04   0.8885256E+02   0.2003180E+04   0.9445601E+02   0.2330484E+04   0.2345288E+03   0.5813594E+04   0.4559957E+00   0.7430758E+00   0.4733671E+00   0.6582779E+00   0.4715366E+00   0.6158725E+00   0.4663007E+00   0.5859131E+00   0.2952898E+00   0.3042609E+00   0.3036492E+02   0.1084254E+03   0.3233678E+02   0.9788253E+01   0.3957452E+03   0.2202090E+02   0.1151456E+05   0.7068704E+03   0.6729458E-01   0.1038582E+01   0.5077653E+01   0.5512797E+01   0.1194212E+05   0.6183530E+01
   0.8654009E+00   0.6335907E+04   0.2181606E-01   0.1142073E+00   0.1041747E+01   0.5824699E-01   0.2722049E+01   0.3033083E+01   0.9611200E+00   0.1000779E+01   0.2066651E+03   0.2360892E+02   0.9577032E+02   0.3470245E+02   0.3551079E+01   0.7921696E+00   0.2360316E+00   0.6178879E+00   0.7949527E+01   0.9968145E+00   0.7811190E+00   0.1139524E+01   0.1310717E+01   0.9985385E+00   0.1003130E+01   0.9971682E+00   0.9910190E+00   0.6542419E+02   0.6807054E+00   0.3192946E+00   0.1366685E+00   0.6451439E-03   0.8941424E-01   0.7988715E+00   0.8241610E+00   0.4514116E+00   0.6005163E+00   0.9876606E+00   0.9878586E+02   0.2441117E+01   0.8067322E+01   0.2076115E+01   0.1847816E+01   0.1219603E+04   0.5656039E+04   0.2528183E+04   0.8182674E+03   0.2322733E+03   0.9611200E+00   0.2407067E+00   0.2420160E+00   0.2575933E+01   0.1415318E+02   0.1089784E+04   0.1480855E+03   0.1042209E+01   0.1420881E+02   0.1057949E+04   0.1509928E+03   0.1376775E+00   0.1605940E+00   0.3398324E+04   0.1014401E-01   0.8128492E+00   0.4495715E+00   0.7066256E+02   0.6620411E+03   0.8066617E+02   0.1576996E+04   0.8729979E+02   0.2041605E+04   0.9284346E+02   0.2374662E+04   0.2311333E+03   0.5912664E+04   0.4553195E+00   0.7374541E+00   0.4716833E+00   0.6528807E+00   0.4694059E+00   0.6106516E+00   0.4638957E+00   0.5808408E+00   0.2926139E+00   0.3013185E+00   0.2379915E+02   0.1055057E+03   0.3003484E+02   0.8833742E+01   0.3971021E+03   0.2297074E+02   0.1151970E+05   0.7070244E+03   0.1177182E+00   0.8201760E+00   0.5948480E+01   0.9297169E+01   0.1194861E+05   0.6886374E+01
   0.2876212E+00   0.6343686E+04   0.2204836E-01   0.1208624E+00   0.1040959E+01   0.7186396E-01   0.3108288E+01   0.3088050E+01   0.9734790E+00   0.1005897E+01   0.1964509E+03   0.4553013E+02   0.1317337E+03   0.2408864E+02   0.7622156E+01   0.6729047E+00   0.5080225E+00   0.4579503E+00   0.1715469E+01   0.7631738E+00   0.8689964E+00   0.1292637E+01   0.1299599E+01   0.9982902E+00   0.1000943E+01   0.9972955E+00   0.9924380E+00   0.6752258E+02   0.6851360E+00   0.3148640E+00   0.1435559E+00   0.6451439E-03   0.9693267E-01   0.8342567E+00   0.8546741E+00   0.4681243E+00   0.6249287E+00   0.1015255E+01   0.9919905E+02   0.2482518E+01   0.9504700E+01   0.2193425E+01   0.1899777E+01   0.1223577E+04   0.5707003E+04   0.2559092E+04   0.8235528E+03   0.2325902E+03   0.9734790E+00   0.2460911E+00   0.2474202E+00   0.2668928E+01   0.1376777E+02   0.1090467E+04   0.1441446E+03   0.1041137E+01   0.1384492E+02   0.1059284E+04   0.1469124E+03   0.1405669E+00   0.1614271E+00   0.3386804E+04   0.1038001E-01   0.8152459E+00   0.4506421E+00   0.7285329E+02   0.6418152E+03   0.8305260E+02   0.1529871E+04   0.8982270E+02   0.1981282E+04   0.9548353E+02   0.2305057E+04   0.2370193E+03   0.5751215E+04   0.4725655E+00   0.7705556E+00   0.4906643E+00   0.6826605E+00   0.4888112E+00   0.6387000E+00   0.4834126E+00   0.6076396E+00   0.3062350E+00   0.3155659E+00   0.3100356E+02   0.1087806E+03   0.3225295E+02   0.1120547E+02   0.4033859E+03   0.2214318E+02   0.1152243E+05   0.7068558E+03   0.6882085E-01   0.1038582E+01   0.5190114E+01   0.1505664E+02   0.1195916E+05   0.6297517E+01
   0.5315762E+00   0.6336106E+04   0.2246409E-01   0.1231979E+00   0.1040778E+01   0.6933753E-01   0.3325393E+01   0.3086101E+01   0.9826164E+00   0.1002224E+01   0.2228803E+03   0.3911471E+02   0.1279481E+03   0.2545084E+02   0.6515495E+01   0.5407155E+00   0.7452503E+00   0.1504871E+00   0.2503146E+01   0.6975637E+00   0.7956458E+00   0.1121909E+01   0.9397398E+00   0.9978884E+00   0.9988365E+00   0.9950273E+00   0.9971698E+00   0.6950012E+02   0.6971035E+00   0.3028965E+00   0.1463071E+00   0.6451439E-03   0.1016836E+00   0.8358473E+00   0.8398726E+00   0.4600172E+00   0.6200840E+00   0.1002615E+01   0.1006290E+03   0.2444916E+01   0.9226990E+01   0.2189155E+01   0.1905683E+01   0.1208338E+04   0.5714313E+04   0.2555328E+04   0.8218158E+03   0.2315656E+03   0.9826164E+00   0.2490969E+00   0.2504368E+00   0.2664239E+01   0.1352235E+02   0.1090348E+04   0.1421904E+03   0.1040779E+01   0.1366192E+02   0.1060619E+04   0.1447896E+03   0.1423373E+00   0.1615546E+00   0.3355023E+04   0.1043017E-01   0.8221926E+00   0.4539561E+00   0.7478582E+02   0.6243836E+03   0.8493254E+02   0.1491142E+04   0.9168618E+02   0.1932972E+04   0.9734194E+02   0.2250369E+04   0.2396644E+03   0.5647338E+04   0.4654320E+00   0.7732526E+00   0.4863301E+00   0.6864005E+00   0.4859319E+00   0.6427599E+00   0.4815179E+00   0.6118495E+00   0.3088220E+00   0.3188014E+00   0.2958756E+02   0.1056941E+03   0.2943583E+02   0.1027408E+02   0.4013666E+03   0.2140876E+02   0.1151990E+05   0.7065587E+03   0.8051239E-03   0.1819430E+01   0.3454458E+01   0.7425231E+01   0.1195295E+05   0.5274693E+01
   0.9023814E+00   0.6333794E+04   0.2221169E-01   0.1170928E+00   0.1041156E+01   0.5344842E-01   0.2938375E+01   0.3040923E+01   0.9674638E+00   0.1004662E+01   0.2290499E+03   0.3247493E+02   0.6125018E+02   0.6105865E+02   0.7679469E+01   0.5941055E+00   0.9311024E+00   0.3937537E+00   0.2735429E+01   0.9991330E+00   0.7782801E+00   0.7857629E+00   0.8458839E+00   0.9990402E+00   0.1002291E+01   0.9897147E+00   0.9899266E+00   0.6707214E+02   0.6889089E+00   0.3110911E+00   0.1399497E+00   0.6451439E-03   0.9386725E-01   0.8049264E+00   0.8196705E+00   0.4489521E+00   0.6011434E+00   0.9828451E+00   0.9966567E+02   0.2427052E+01   0.7569885E+01   0.2092456E+01   0.1880319E+01   0.1225794E+04   0.5740518E+04   0.2553285E+04   0.8244835E+03   0.2333990E+03   0.9674638E+00   0.2438779E+00   0.2451989E+00   0.2578100E+01   0.1390724E+02   0.1089757E+04   0.1458587E+03   0.1041435E+01   0.1400554E+02   0.1059284E+04   0.1485947E+03   0.1395859E+00   0.1606972E+00   0.3377744E+04   0.1023450E-01   0.8173543E+00   0.4516218E+00   0.7230726E+02   0.6463856E+03   0.8233180E+02   0.1541684E+04   0.8899161E+02   0.1997180E+04   0.9456290E+02   0.2324044E+04   0.2341387E+03   0.5809055E+04   0.4535548E+00   0.7438400E+00   0.4718668E+00   0.6594041E+00   0.4705230E+00   0.6171121E+00   0.4656157E+00   0.5872075E+00   0.2961068E+00   0.3052812E+00   0.2817746E+02   0.1031457E+03   0.3023357E+02   0.9037605E+01   0.3959047E+03   0.2236845E+02   0.1151603E+05   0.7067368E+03   0.2778762E-01   0.1279349E+01   0.4309510E+01   0.1189661E+02   0.1194334E+05   0.5616647E+01
   0.7489767E+00   0.6329102E+04   0.2216966E-01   0.1195187E+00   0.1040785E+01   0.5769245E-01   0.3136755E+01   0.3047824E+01   0.9752241E+00   0.1000506E+01   0.2115198E+03   0.3810749E+02   0.1031480E+03   0.4657646E+02   0.6466290E+01   0.4769060E+00   0.9417466E+00   0.1215380E-01   0.2109963E+00   0.1027147E+01   0.1023933E+01   0.8829789E+00   0.8397558E+00   0.9975144E+00   0.9998049E+00   0.9954322E+00   0.1001996E+01   0.6836853E+02   0.6954948E+00   0.3045052E+00   0.1423335E+00   0.6451439E-03   0.9731135E-01   0.8121863E+00   0.8182621E+00   0.4481806E+00   0.6033292E+00   0.9822625E+00   0.1004925E+03   0.2411027E+01   0.8073425E+01   0.2106946E+01   0.1877337E+01   0.1205579E+04   0.5680251E+04   0.2534574E+04   0.8156581E+03   0.2297252E+03   0.9752241E+00   0.2465213E+00   0.2478519E+00   0.2655459E+01   0.1372589E+02   0.1090223E+04   0.1442559E+03   0.1040927E+01   0.1385840E+02   0.1059513E+04   0.1469865E+03   0.1404754E+00   0.1613751E+00   0.3345145E+04   0.1027178E-01   0.8230343E+00   0.4546143E+00   0.7359366E+02   0.6346148E+03   0.8362194E+02   0.1515185E+04   0.9029425E+02   0.1963883E+04   0.9588073E+02   0.2286144E+04   0.2363345E+03   0.5732545E+04   0.4533465E+00   0.7512038E+00   0.4732950E+00   0.6666526E+00   0.4727169E+00   0.6241949E+00   0.4682966E+00   0.5941324E+00   0.2998408E+00   0.3094405E+00   0.3036636E+02   0.1077149E+03   0.3137297E+02   0.9562168E+01   0.3966768E+03   0.2161884E+02   0.1151575E+05   0.7065849E+03   0.1966323E-05   0.1747772E+01   0.3463654E+01   0.2798422E+01   0.1194361E+05   0.5211428E+01
   0.9148023E+00   0.6333795E+04   0.2237690E-01   0.1223007E+00   0.1040484E+01   0.6098421E-01   0.3280540E+01   0.3066059E+01   0.9767977E+00   0.1002764E+01   0.2420285E+03   0.4691510E+02   0.9378609E+02   0.4893920E+02   0.6846209E+01   0.4161836E+00   0.9689626E+00   0.2424748E+00   0.1750545E+01   0.8528986E+00   0.1142624E+01   0.9232667E+00   0.1054588E+01   0.9980426E+00   0.9995695E+00   0.1001670E+01   0.9997624E+00   0.6912292E+02   0.6958488E+00   0.3041512E+00   0.1453228E+00   0.6451439E-03   0.1004514E+00   0.8240623E+00   0.8297440E+00   0.4544695E+00   0.6119732E+00   0.9911719E+00   0.1004556E+03   0.2432048E+01   0.8418274E+01   0.2145718E+01   0.1899338E+01   0.1215954E+04   0.5727560E+04   0.2547783E+04   0.8177504E+03   0.2299587E+03   0.9767977E+00   0.2484858E+00   0.2498235E+00   0.2665235E+01   0.1358030E+02   0.1090339E+04   0.1426927E+03   0.1040524E+01   0.1371355E+02   0.1060314E+04   0.1453290E+03   0.1418565E+00   0.1614919E+00   0.3351803E+04   0.1038989E-01   0.8222733E+00   0.4540561E+00   0.7440207E+02   0.6276927E+03   0.8453036E+02   0.1498748E+04   0.9126980E+02   0.1942637E+04   0.9691276E+02   0.2261460E+04   0.2388158E+03   0.5671694E+04   0.4597074E+00   0.7622236E+00   0.4800292E+00   0.6764705E+00   0.4794864E+00   0.6334032E+00   0.4750315E+00   0.6029067E+00   0.3042632E+00   0.3140335E+00   0.3485922E+02   0.1080116E+03   0.3124180E+02   0.9168302E+01   0.3977689E+03   0.2183140E+02   0.1152237E+05   0.7065788E+03   0.4782487E-04   0.1677296E+01   0.3546684E+01   0.4645811E+01   0.1195114E+05   0.5224028E+01
   0.5326202E+00   0.6336549E+04   0.2242549E-01   0.1233330E+00   0.1039814E+01   0.5086077E-01   0.3372459E+01   0.3047324E+01   0.9772556E+00   0.1003572E+01   0.2813374E+03   0.3927530E+02   0.8804093E+02   0.4599299E+02   0.5242317E+00   0.6306009E+00   0.5590711E+00   0.7127767E+00   0.8752023E+01   0.9534068E+00   0.1169630E+01   0.1024851E+01   0.1198067E+01   0.9973547E+00   0.1004478E+01   0.1003789E+01   0.9976445E+00   0.6962830E+02   0.6980185E+00   0.3019815E+00   0.1464036E+00   0.6451439E-03   0.1019383E+00   0.8164118E+00   0.8191035E+00   0.4486414E+00   0.6052075E+00   0.9783998E+00   0.1006654E+03   0.2404411E+01   0.7402039E+01   0.2105892E+01   0.1902212E+01   0.1214177E+04   0.5737766E+04   0.2543996E+04   0.8144528E+03   0.2281953E+03   0.9772556E+00   0.2496864E+00   0.2510284E+00   0.2687649E+01   0.1350855E+02   0.1090454E+04   0.1419620E+03   0.1039792E+01   0.1365292E+02   0.1060543E+04   0.1445754E+03   0.1423662E+00   0.1616283E+00   0.3336920E+04   0.1040545E-01   0.8246896E+00   0.4552647E+00   0.7491174E+02   0.6232670E+03   0.8504975E+02   0.1488700E+04   0.9179907E+02   0.1929955E+04   0.9745192E+02   0.2246977E+04   0.2397756E+03   0.5641463E+04   0.4539779E+00   0.7553688E+00   0.4746026E+00   0.6706317E+00   0.4743272E+00   0.6280382E+00   0.4700937E+00   0.5978633E+00   0.3017977E+00   0.3115982E+00   0.3259909E+02   0.1111762E+03   0.3719913E+02   0.1028311E+02   0.3957603E+03   0.2153580E+02   0.1152303E+05   0.7065458E+03   0.1255020E-02   0.1819430E+01   0.3495681E+01   0.1062461E+02   0.1195061E+05   0.5316366E+01
   0.7604686E+00   0.6334108E+04   0.2230806E-01   0.1223025E+00   0.1040640E+01   0.5501665E-01   0.3322998E+01   0.3056575E+01   0.9780474E+00   0.1003589E+01   0.2535984E+03   0.4033838E+02   0.1093912E+03   0.3684678E+02   0.4709083E+01   0.6047933E+00   0.7335945E+00   0.5801930E-01   0.5015443E+01   0.1049800E+01   0.9572870E+00   0.1171824E+01   0.1098932E+01   0.9969741E+00   0.1003873E+01   0.9937265E+00   0.1004400E+01   0.6960632E+02   0.7001972E+00   0.2998028E+00   0.1452557E+00   0.6451439E-03   0.1011071E+00   0.8197301E+00   0.8194606E+00   0.4488371E+00   0.6065684E+00   0.9825316E+00   0.1010691E+03   0.2411069E+01   0.7838440E+01   0.2125463E+01   0.1903999E+01   0.1215223E+04   0.5740296E+04   0.2552890E+04   0.8181873E+03   0.2294915E+03   0.9780474E+00   0.2490085E+00   0.2503481E+00   0.2693250E+01   0.1354042E+02   0.1090468E+04   0.1425397E+03   0.1040656E+01   0.1369710E+02   0.1060162E+04   0.1452010E+03   0.1417832E+00   0.1617695E+00   0.3331832E+04   0.1035649E-01   0.8259151E+00   0.4560123E+00   0.7484908E+02   0.6236357E+03   0.8491973E+02   0.1490094E+04   0.9162757E+02   0.1932100E+04   0.9724727E+02   0.2249753E+04   0.2389063E+03   0.5654495E+04   0.4543830E+00   0.7586611E+00   0.4755800E+00   0.6738013E+00   0.4755650E+00   0.6311096E+00   0.4714941E+00   0.6008514E+00   0.3034032E+00   0.3133550E+00   0.3292532E+02   0.1115233E+03   0.3676918E+02   0.9596029E+01   0.3961371E+03   0.2159834E+02   0.1151846E+05   0.7065206E+03   0.1427051E-01   0.2116489E+01   0.3399604E+01   0.1037095E+02   0.1194579E+05   0.5530363E+01
   0.3997558E+00   0.6337936E+04   0.2236615E-01   0.1240396E+00   0.1040370E+01   0.5847273E-01   0.3479589E+01   0.3057143E+01   0.9892752E+00   0.9992657E+00   0.2530641E+03   0.4119012E+02   0.1008172E+03   0.4800941E+02   0.5641300E+01   0.8623262E+00   0.2281457E+00   0.1451601E+00   0.2528164E+01   0.8932402E+00   0.1026384E+01   0.8823299E+00   0.1279141E+01   0.9979524E+00   0.1001957E+01   0.9993246E+00   0.1008764E+01   0.7075256E+02   0.7062462E+00   0.2937538E+00   0.1470509E+00   0.6451439E-03   0.1040423E+00   0.8243089E+00   0.8156824E+00   0.4467676E+00   0.6068563E+00   0.9799838E+00   0.1018522E+03   0.2381431E+01   0.8222961E+01   0.2126671E+01   0.1891958E+01   0.1182048E+04   0.5650920E+04   0.2531904E+04   0.8120767E+03   0.2273729E+03   0.9892752E+00   0.2510249E+00   0.2523717E+00   0.2735990E+01   0.1339691E+02   0.1090696E+04   0.1413288E+03   0.1040288E+01   0.1358555E+02   0.1060543E+04   0.1439555E+03   0.1425963E+00   0.1621678E+00   0.3306179E+04   0.1038040E-01   0.8307792E+00   0.4584995E+00   0.7597902E+02   0.6139371E+03   0.8603302E+02   0.1468348E+04   0.9273928E+02   0.1904846E+04   0.9836218E+02   0.2218796E+04   0.2405895E+03   0.5593760E+04   0.4527825E+00   0.7635268E+00   0.4754662E+00   0.6788216E+00   0.4761907E+00   0.6361048E+00   0.4726077E+00   0.6057895E+00   0.3061391E+00   0.3164910E+00   0.3236303E+02   0.1101592E+03   0.3668108E+02   0.1090953E+02   0.3966953E+03   0.2047529E+02   0.1152924E+05   0.7064933E+03   0.7825578E-01   0.2673575E+01   0.3959187E+01   0.5350710E+01   0.1195732E+05   0.6711018E+01
   0.5862775E+00   0.6327870E+04   0.2221027E-01   0.1205732E+00   0.1040659E+01   0.5044332E-01   0.3164490E+01   0.3033900E+01   0.9739400E+00   0.9992127E+00   0.2412908E+03   0.3689024E+02   0.1084853E+03   0.3288750E+02   0.2198680E+01   0.6372699E+00   0.8853710E-01   0.2551653E+00   0.8755367E+01   0.7926674E+00   0.5773277E+00   0.1003158E+01   0.1064958E+01   0.9980188E+00   0.1001772E+01   0.1001096E+01   0.9980979E+00   0.6830994E+02   0.6926254E+00   0.3073746E+00   0.1434286E+00   0.6451439E-03   0.9797599E-01   0.8085624E+00   0.8184401E+00   0.4482781E+00   0.6020472E+00   0.9782989E+00   0.1000926E+03   0.2402322E+01   0.7337952E+01   0.2077811E+01   0.1878415E+01   0.1205671E+04   0.5675863E+04   0.2530745E+04   0.8137702E+03   0.2289536E+03   0.9739400E+00   0.2469045E+00   0.2482365E+00   0.2657273E+01   0.1370159E+02   0.1090288E+04   0.1438183E+03   0.1040785E+01   0.1381825E+02   0.1059704E+04   0.1465272E+03   0.1408863E+00   0.1613721E+00   0.3358649E+04   0.1033218E-01   0.8206008E+00   0.4533112E+00   0.7357802E+02   0.6349563E+03   0.8368067E+02   0.1515310E+04   0.9039803E+02   0.1963592E+04   0.9602013E+02   0.2285434E+04   0.2371489E+03   0.5722739E+04   0.4531907E+00   0.7475638E+00   0.4724077E+00   0.6631043E+00   0.4714915E+00   0.6207402E+00   0.4668580E+00   0.5907619E+00   0.2980177E+00   0.3074321E+00   0.3039421E+02   0.1074609E+03   0.3211490E+02   0.9994585E+01   0.3957346E+03   0.2175839E+02   0.1150795E+05   0.7066423E+03   0.6554983E-02   0.1472759E+01   0.3804251E+01   0.8378788E+01   0.1193544E+05   0.5283565E+01
   0.9495604E+00   0.6329281E+04   0.2230598E-01   0.1189299E+00   0.1040299E+01   0.5760597E-01   0.3003664E+01   0.3044818E+01   0.9679714E+00   0.1000266E+01   0.2208774E+03   0.3193596E+02   0.1045660E+03   0.3690086E+02   0.5189860E+01   0.6491091E+00   0.3406433E+00   0.4248562E-01   0.1637047E+01   0.1050549E+01   0.9303969E+00   0.1132474E+01   0.1321127E+01   0.9968519E+00   0.1003649E+01   0.9981118E+00   0.9863328E+00   0.6697693E+02   0.6837186E+00   0.3162814E+00   0.1418810E+00   0.6451439E-03   0.9502752E-01   0.8096784E+00   0.8313593E+00   0.4553543E+00   0.6071989E+00   0.9893499E+00   0.9889935E+02   0.2439220E+01   0.8003235E+01   0.2100620E+01   0.1872025E+01   0.1217593E+04   0.5693275E+04   0.2531993E+04   0.8168645E+03   0.2311382E+03   0.9679714E+00   0.2448011E+00   0.2461254E+00   0.2582903E+01   0.1386251E+02   0.1089866E+04   0.1449703E+03   0.1040513E+01   0.1393258E+02   0.1059666E+04   0.1476618E+03   0.1403820E+00   0.1606227E+00   0.3394391E+04   0.1033055E-01   0.8139952E+00   0.4497782E+00   0.7228634E+02   0.6469534E+03   0.8244326E+02   0.1541773E+04   0.8918304E+02   0.1996470E+04   0.9481751E+02   0.2322544E+04   0.2355889E+03   0.5790937E+04   0.4595641E+00   0.7477151E+00   0.4768102E+00   0.6622741E+00   0.4748452E+00   0.6195641E+00   0.4694927E+00   0.5893960E+00   0.2969968E+00   0.3059791E+00   0.2647876E+02   0.1055201E+03   0.2980922E+02   0.8766203E+01   0.3968215E+03   0.2254932E+02   0.1150687E+05   0.7069063E+03   0.1064695E+00   0.8727971E+00   0.6152288E+01   0.9516342E+01   0.1193501E+05   0.7131555E+01
   0.1090643E+01   0.6334350E+04   0.2247764E-01   0.1184254E+00   0.1040408E+01   0.5917001E-01   0.3013475E+01   0.3055760E+01   0.9705333E+00   0.1004127E+01   0.2323646E+03   0.2513429E+02   0.1254268E+03   0.2938074E+02   0.3717297E+01   0.7822935E+00   0.1485659E-01   0.1465768E+00   0.3607955E+01   0.9670505E+00   0.1012351E+01   0.1008456E+01   0.1060005E+01   0.9979060E+00   0.9984365E+00   0.9928503E+00   0.9870722E+00   0.6744568E+02   0.6888311E+00   0.3111689E+00   0.1415482E+00   0.6451439E-03   0.9546815E-01   0.8122761E+00   0.8272583E+00   0.4531080E+00   0.6066703E+00   0.9890691E+00   0.9951851E+02   0.2439236E+01   0.8113098E+01   0.2123731E+01   0.1886710E+01   0.1224342E+04   0.5753581E+04   0.2554598E+04   0.8253235E+03   0.2339086E+03   0.9705333E+00   0.2450004E+00   0.2463254E+00   0.2554691E+01   0.1382946E+02   0.1089617E+04   0.1449204E+03   0.1040596E+01   0.1392668E+02   0.1060047E+04   0.1475536E+03   0.1405870E+00   0.1604564E+00   0.3381910E+04   0.1029939E-01   0.8168037E+00   0.4511190E+00   0.7270895E+02   0.6428218E+03   0.8279181E+02   0.1533160E+04   0.8949021E+02   0.1986121E+04   0.9509371E+02   0.2311163E+04   0.2354690E+03   0.5776579E+04   0.4577519E+00   0.7506204E+00   0.4762065E+00   0.6654017E+00   0.4748377E+00   0.6227194E+00   0.4698770E+00   0.5925394E+00   0.2987806E+00   0.3080391E+00   0.2319142E+02   0.1070338E+03   0.2865806E+02   0.8656414E+01   0.3971222E+03   0.2226066E+02   0.1152286E+05   0.7067391E+03   0.4003669E-01   0.1156417E+01   0.4763435E+01   0.5101558E+01   0.1195090E+05   0.5959888E+01
   0.8460997E+00   0.6331911E+04   0.2280704E-01   0.1243614E+00   0.1040451E+01   0.5336825E-01   0.3452302E+01   0.3058528E+01   0.9790456E+00   0.1002250E+01   0.2329280E+03   0.5033721E+02   0.1177948E+03   0.3376887E+02   0.6260629E+01   0.8886544E+00   0.1062622E+00   0.8062531E+00   0.2877147E+01   0.1086379E+01   0.8520242E+00   0.1013404E+01   0.1307927E+01   0.9982822E+00   0.9996833E+00   0.9969674E+00   0.9936856E+00   0.7073425E+02   0.7045698E+00   0.2954302E+00   0.1478136E+00   0.6451439E-03   0.1045548E+00   0.8216495E+00   0.8153675E+00   0.4465952E+00   0.6057596E+00   0.9769486E+00   0.1015242E+03   0.2406619E+01   0.7606506E+01   0.2129618E+01   0.1914021E+01   0.1221827E+04   0.5793552E+04   0.2554370E+04   0.8179292E+03   0.2293979E+03   0.9790456E+00   0.2508562E+00   0.2522024E+00   0.2643127E+01   0.1337928E+02   0.1090138E+04   0.1410547E+03   0.1040342E+01   0.1355849E+02   0.1061573E+04   0.1435290E+03   0.1435034E+00   0.1614642E+00   0.3334954E+04   0.1045258E-01   0.8266886E+00   0.4560324E+00   0.7598696E+02   0.6139911E+03   0.8608907E+02   0.1468079E+04   0.9282475E+02   0.1904234E+04   0.9847104E+02   0.2217865E+04   0.2411521E+03   0.5586624E+04   0.4524694E+00   0.7608872E+00   0.4746994E+00   0.6762780E+00   0.4752151E+00   0.6336384E+00   0.4715008E+00   0.6033890E+00   0.3048495E+00   0.3150745E+00   0.3147555E+02   0.1072075E+03   0.3430956E+02   0.9408717E+01   0.3958783E+03   0.2195298E+02   0.1151788E+05   0.7064945E+03   0.4425035E-01   0.2429501E+01   0.3646164E+01   0.6084226E+01   0.1194512E+05   0.6119916E+01
   0.6814046E+00   0.6328882E+04   0.2250306E-01   0.1219308E+00   0.1040672E+01   0.4158582E-01   0.3169880E+01   0.3028715E+01   0.9688285E+00   0.1003856E+01   0.2401273E+03   0.4632580E+02   0.1112394E+03   0.3605870E+02   0.3730785E+01   0.7265969E+00   0.3894809E+00   0.6850119E+00   0.4891421E+01   0.1138641E+01   0.1024632E+01   0.1090283E+01   0.1261338E+01   0.9981061E+00   0.1002573E+01   0.1002343E+01   0.9913264E+00   0.6814148E+02   0.6875494E+00   0.3124506E+00   0.1450790E+00   0.6451439E-03   0.9885895E-01   0.8079890E+00   0.8245851E+00   0.4516439E+00   0.6040888E+00   0.9788128E+00   0.9936894E+02   0.2415958E+01   0.6343079E+01   0.2067065E+01   0.1902099E+01   0.1230302E+04   0.5768307E+04   0.2554751E+04   0.8212037E+03   0.2313598E+03   0.9688285E+00   0.2470885E+00   0.2484211E+00   0.2603819E+01   0.1367222E+02   0.1090042E+04   0.1432269E+03   0.1040758E+01   0.1376178E+02   0.1060467E+04   0.1458274E+03   0.1418421E+00   0.1609422E+00   0.3395062E+04   0.1044788E-01   0.8148427E+00   0.4500871E+00   0.7348244E+02   0.6361459E+03   0.8370586E+02   0.1516936E+04   0.9049569E+02   0.1964907E+04   0.9617477E+02   0.2286316E+04   0.2383482E+03   0.5711036E+04   0.4561243E+00   0.7465308E+00   0.4741947E+00   0.6616352E+00   0.4726830E+00   0.6191356E+00   0.4676466E+00   0.5890926E+00   0.2969672E+00   0.3061290E+00   0.3172394E+02   0.1098543E+03   0.3428291E+02   0.9559165E+01   0.3969618E+03   0.2254852E+02   0.1150799E+05   0.7067770E+03   0.5276529E-01   0.1096772E+01   0.5033278E+01   0.7744997E+01   0.1193706E+05   0.6182815E+01
   0.7197295E+00   0.6334983E+04   0.2245291E-01   0.1225833E+00   0.1040394E+01   0.4264377E-01   0.3195095E+01   0.3033442E+01   0.9693378E+00   0.1005019E+01   0.2680891E+03   0.3794431E+02   0.1091253E+03   0.2930098E+02   0.1785785E+01   0.4958602E+00   0.4617107E+00   0.9556202E-02   0.8775660E+01   0.9247477E+00   0.7873073E+00   0.1114761E+01   0.1021335E+01   0.9980034E+00   0.1000796E+01   0.9980174E+00   0.9867342E+00   0.6807190E+02   0.6856105E+00   0.3143895E+00   0.1456813E+00   0.6451439E-03   0.9916803E-01   0.8114051E+00   0.8306368E+00   0.4549585E+00   0.6075818E+00   0.9834534E+00   0.9910606E+02   0.2423769E+01   0.6480408E+01   0.2076859E+01   0.1907072E+01   0.1230939E+04   0.5767383E+04   0.2557845E+04   0.8215918E+03   0.2313189E+03   0.9693378E+00   0.2474010E+00   0.2487348E+00   0.2621547E+01   0.1366227E+02   0.1090184E+04   0.1429782E+03   0.1040481E+01   0.1374155E+02   0.1060429E+04   0.1455903E+03   0.1419598E+00   0.1610455E+00   0.3397908E+04   0.1047403E-01   0.8140052E+00   0.4496815E+00   0.7344043E+02   0.6366483E+03   0.8370885E+02   0.1517674E+04   0.9052558E+02   0.1965562E+04   0.9622576E+02   0.2286832E+04   0.2387826E+03   0.5707088E+04   0.4592889E+00   0.7494958E+00   0.4770009E+00   0.6640537E+00   0.4752557E+00   0.6213119E+00   0.4700437E+00   0.5911097E+00   0.2979057E+00   0.3070146E+00   0.3180870E+02   0.1066113E+03   0.3264650E+02   0.9387228E+01   0.3966742E+03   0.2244057E+02   0.1152015E+05   0.7068395E+03   0.8034773E-01   0.9818667E+00   0.5655737E+01   0.7753872E+01   0.1194866E+05   0.6717952E+01
   0.7272716E+00   0.6330452E+04   0.2240546E-01   0.1176542E+00   0.1040812E+01   0.4565157E-01   0.2972809E+01   0.3029289E+01   0.9652976E+00   0.1005344E+01   0.2755680E+03   0.4328031E+02   0.9355524E+02   0.4310650E+02   0.5539169E+00   0.5426097E+00   0.4986233E+00   0.6619351E+00   0.7119580E+01   0.1182434E+01   0.7611332E+00   0.9235989E+00   0.9245955E+00   0.9978493E+00   0.1003007E+01   0.9914624E+00   0.9903717E+00   0.6731750E+02   0.6895061E+00   0.3104939E+00   0.1407048E+00   0.6451439E-03   0.9471899E-01   0.7993288E+00   0.8131887E+00   0.4454018E+00   0.5966762E+00   0.9742300E+00   0.9966320E+02   0.2416298E+01   0.6724548E+01   0.2068253E+01   0.1887779E+01   0.1235217E+04   0.5787292E+04   0.2558350E+04   0.8252155E+03   0.2334078E+03   0.9652976E+00   0.2444251E+00   0.2457481E+00   0.2553636E+01   0.1386415E+02   0.1089597E+04   0.1453843E+03   0.1041036E+01   0.1396535E+02   0.1059780E+04   0.1480495E+03   0.1401697E+00   0.1604885E+00   0.3380201E+04   0.1026593E-01   0.8171969E+00   0.4513868E+00   0.7256091E+02   0.6440833E+03   0.8260531E+02   0.1536335E+04   0.8927919E+02   0.1990343E+04   0.9486268E+02   0.2316165E+04   0.2347878E+03   0.5790989E+04   0.4500221E+00   0.7387238E+00   0.4683355E+00   0.6549305E+00   0.4670687E+00   0.6129510E+00   0.4622416E+00   0.5832638E+00   0.2941343E+00   0.3032768E+00   0.3136030E+02   0.1073680E+03   0.3178196E+02   0.9485792E+01   0.3960566E+03   0.2277129E+02   0.1150895E+05   0.7067201E+03   0.2857060E-01   0.1279349E+01   0.4420520E+01   0.1119468E+02   0.1193726E+05   0.5728439E+01
   0.1104491E+01   0.6331525E+04   0.2240768E-01   0.1164813E+00   0.1041200E+01   0.5046520E-01   0.2912250E+01   0.3038673E+01   0.9651146E+00   0.1005236E+01   0.2041395E+03   0.3566084E+02   0.9613790E+02   0.4344471E+02   0.5471109E+01   0.8531197E+00   0.1144405E+00   0.4038736E+00   0.1700325E+01   0.9448845E+00   0.9232811E+00   0.9828442E+00   0.1428560E+01   0.9963925E+00   0.1001523E+01   0.9983057E+00   0.9944778E+00   0.6715637E+02   0.6906101E+00   0.3093899E+00   0.1395342E+00   0.6451439E-03   0.9370608E-01   0.8011957E+00   0.8136376E+00   0.4456477E+00   0.5975374E+00   0.9776761E+00   0.9984506E+02   0.2425958E+01   0.7206726E+01   0.2087753E+01   0.1887320E+01   0.1238101E+04   0.5800054E+04   0.2565157E+04   0.8288402E+03   0.2349606E+03   0.9651146E+00   0.2436037E+00   0.2449237E+00   0.2532330E+01   0.1391134E+02   0.1089432E+04   0.1460033E+03   0.1041470E+01   0.1401896E+02   0.1059666E+04   0.1486755E+03   0.1397526E+00   0.1603519E+00   0.3379696E+04   0.1022218E-01   0.8175567E+00   0.4515809E+00   0.7236929E+02   0.6457080E+03   0.8235835E+02   0.1540480E+04   0.8899713E+02   0.1995888E+04   0.9455204E+02   0.2322761E+04   0.2338432E+03   0.5810572E+04   0.4503732E+00   0.7405588E+00   0.4689760E+00   0.6566783E+00   0.4678359E+00   0.6146370E+00   0.4630859E+00   0.5848993E+00   0.2950110E+00   0.3042242E+00   0.2660351E+02   0.1050152E+03   0.2997805E+02   0.8679480E+01   0.3956699E+03   0.2300066E+02   0.1151033E+05   0.7066908E+03   0.1717813E-01   0.1342563E+01   0.4092373E+01   0.1322701E+02   0.1193768E+05   0.5452114E+01
   0.7517360E+00   0.6331832E+04   0.2241969E-01   0.1147312E+00   0.1041181E+01   0.5522496E-01   0.2853004E+01   0.3037514E+01   0.9652198E+00   0.1003761E+01   0.1949185E+03   0.3905860E+02   0.1088157E+03   0.3861558E+02   0.8183255E+01   0.7560168E+00   0.8666501E+00   0.6693034E+00   0.1886633E+01   0.6679437E+00   0.6333335E+00   0.9439789E+00   0.8224066E+00   0.9971475E+00   0.9995925E+00   0.9934876E+00   0.9926982E+00   0.6708679E+02   0.6938301E+00   0.3061699E+00   0.1377960E+00   0.6451439E-03   0.9244291E-01   0.7964086E+00   0.8045565E+00   0.4406738E+00   0.5924157E+00   0.9723384E+00   0.1002631E+03   0.2417211E+01   0.7652283E+01   0.2085333E+01   0.1867272E+01   0.1229092E+04   0.5767210E+04   0.2547571E+04   0.8244921E+03   0.2340581E+03   0.9652198E+00   0.2427970E+00   0.2441140E+00   0.2509729E+01   0.1396660E+02   0.1089204E+04   0.1467716E+03   0.1041492E+01   0.1409243E+02   0.1059513E+04   0.1494528E+03   0.1391888E+00   0.1601621E+00   0.3364645E+04   0.1013538E-01   0.8202596E+00   0.4529801E+00   0.7224319E+02   0.6465984E+03   0.8213044E+02   0.1543394E+04   0.8870644E+02   0.2000181E+04   0.9421110E+02   0.2328182E+04   0.2324835E+03   0.5833270E+04   0.4456244E+00   0.7364530E+00   0.4648301E+00   0.6533891E+00   0.4640740E+00   0.6117048E+00   0.4596099E+00   0.5821999E+00   0.2937880E+00   0.3031001E+00   0.2684579E+02   0.1054868E+03   0.3033005E+02   0.9523200E+01   0.3960559E+03   0.2271823E+02   0.1150862E+05   0.7066165E+03   0.2031005E-02   0.1607985E+01   0.3625291E+01   0.1489986E+02   0.1193691E+05   0.5235307E+01
   0.7058115E+00   0.6334401E+04   0.2238898E-01   0.1148056E+00   0.1041179E+01   0.5103309E-01   0.2853752E+01   0.3028474E+01   0.9642404E+00   0.1001954E+01   0.1919967E+03   0.2862259E+02   0.8957767E+02   0.3797823E+02   0.5918656E+01   0.7977911E+00   0.4185602E+00   0.5667137E+00   0.4261730E+01   0.1189153E+01   0.7246931E+00   0.1127076E+01   0.1296158E+01   0.9972012E+00   0.1003869E+01   0.9956326E+00   0.9924023E+00   0.6704285E+02   0.6933313E+00   0.3066687E+00   0.1378397E+00   0.6451439E-03   0.9241168E-01   0.7929022E+00   0.8016665E+00   0.4390908E+00   0.5900475E+00   0.9683746E+00   0.1002051E+03   0.2409071E+01   0.7237244E+01   0.2066568E+01   0.1866048E+01   0.1229147E+04   0.5764332E+04   0.2545157E+04   0.8232434E+03   0.2335013E+03   0.9642404E+00   0.2427949E+00   0.2441119E+00   0.2515521E+01   0.1396937E+02   0.1089249E+04   0.1467716E+03   0.1041492E+01   0.1409245E+02   0.1059437E+04   0.1494642E+03   0.1391523E+00   0.1602039E+00   0.3365371E+04   0.1013809E-01   0.8200394E+00   0.4528883E+00   0.7220396E+02   0.6469863E+03   0.8209889E+02   0.1544198E+04   0.8867924E+02   0.2001143E+04   0.9418718E+02   0.2329235E+04   0.2325046E+03   0.5834489E+04   0.4439809E+00   0.7331616E+00   0.4629927E+00   0.6504150E+00   0.4621819E+00   0.6088980E+00   0.4576978E+00   0.5795146E+00   0.2924127E+00   0.3016595E+00   0.2410698E+02   0.1021893E+03   0.2884594E+02   0.9638895E+01   0.3956955E+03   0.2296535E+02   0.1151478E+05   0.7066269E+03   0.3228486E-02   0.1539698E+01   0.3669039E+01   0.1388002E+02   0.1194308E+05   0.5211965E+01
   0.3180432E+00   0.6327862E+04   0.2203204E-01   0.1127615E+00   0.1042061E+01   0.4642483E-01   0.2634338E+01   0.3003379E+01   0.9538735E+00   0.9992458E+00   0.2413109E+03   0.3798408E+02   0.9892041E+02   0.4201148E+02   0.5243025E+01   0.6703235E+00   0.6950893E+00   0.5087000E+00   0.3348776E+01   0.8892684E+00   0.1033692E+01   0.9907208E+00   0.1104650E+01   0.9978162E+00   0.1001256E+01   0.9926785E+00   0.9859276E+00   0.6517151E+02   0.6811200E+00   0.3188800E+00   0.1354387E+00   0.6451439E-03   0.8826746E-01   0.7819976E+00   0.8062290E+00   0.4415898E+00   0.5876412E+00   0.9686715E+00   0.9881880E+02   0.2418414E+01   0.6773376E+01   0.2015353E+01   0.1836653E+01   0.1230533E+04   0.5692547E+04   0.2520269E+04   0.8163673E+03   0.2320593E+03   0.9538735E+00   0.2395757E+00   0.2408808E+00   0.2504614E+01   0.1421341E+02   0.1089291E+04   0.1487890E+03   0.1042554E+01   0.1427159E+02   0.1058292E+04   0.1516288E+03   0.1375505E+00   0.1600352E+00   0.3409576E+04   0.1011475E-01   0.8116145E+00   0.4487701E+00   0.7038198E+02   0.6646502E+03   0.8033575E+02   0.1583311E+04   0.8693691E+02   0.2049845E+04   0.9245372E+02   0.2384299E+04   0.2301023E+03   0.5937779E+04   0.4454630E+00   0.7219167E+00   0.4615704E+00   0.6391680E+00   0.4593871E+00   0.5978437E+00   0.4540242E+00   0.5686691E+00   0.2865049E+00   0.2950394E+00   0.2864668E+02   0.1065796E+03   0.3160264E+02   0.1085288E+02   0.3958616E+03   0.2406432E+02   0.1150763E+05   0.7070073E+03   0.1136354E+00   0.8201760E+00   0.5900219E+01   0.3473623E+01   0.1193841E+05   0.6834031E+01
   0.7072164E+00   0.6331063E+04   0.2216586E-01   0.1130094E+00   0.1042178E+01   0.5118920E-01   0.2659016E+01   0.3019446E+01   0.9537141E+00   0.1001269E+01   0.2672811E+03   0.3779962E+02   0.9743479E+02   0.4524143E+02   0.5499327E+01   0.8280428E+00   0.6153099E+00   0.6821762E+00   0.1949385E+01   0.7802177E+00   0.1255808E+01   0.8488198E+00   0.1037882E+01   0.9982778E+00   0.9989432E+00   0.9976266E+00   0.9898042E+00   0.6552307E+02   0.6836438E+00   0.3163562E+00   0.1358204E+00   0.6451439E-03   0.8899368E-01   0.7879368E+00   0.8091312E+00   0.4431794E+00   0.5909292E+00   0.9734065E+00   0.9911539E+02   0.2435044E+01   0.7249451E+01   0.2047993E+01   0.1848699E+01   0.1241824E+04   0.5742551E+04   0.2533662E+04   0.8202826E+03   0.2333080E+03   0.9537141E+00   0.2399811E+00   0.2412877E+00   0.2488775E+01   0.1416933E+02   0.1089170E+04   0.1484784E+03   0.1042633E+01   0.1424071E+02   0.1058636E+04   0.1512679E+03   0.1379159E+00   0.1599571E+00   0.3407281E+04   0.1012565E-01   0.8124985E+00   0.4491363E+00   0.7071720E+02   0.6613150E+03   0.8065581E+02   0.1575977E+04   0.8725059E+02   0.2040748E+04   0.9276379E+02   0.2374042E+04   0.2304987E+03   0.5919106E+04   0.4473136E+00   0.7276350E+00   0.4640856E+00   0.6444875E+00   0.4621669E+00   0.6029250E+00   0.4569536E+00   0.5735677E+00   0.2890617E+00   0.2977757E+00   0.2717908E+02   0.1048360E+03   0.3134273E+02   0.9352829E+01   0.3957378E+03   0.2457030E+02   0.1151410E+05   0.7069090E+03   0.7745779E-01   0.9818667E+00   0.5219869E+01   0.5176414E+01   0.1194376E+05   0.6279194E+01
   0.8359226E+00   0.6331138E+04   0.2197412E-01   0.1095307E+00   0.1042524E+01   0.5442323E-01   0.2427989E+01   0.3013902E+01   0.9484758E+00   0.1000259E+01   0.2141404E+03   0.2904473E+02   0.1042965E+03   0.3689805E+02   0.5670716E+01   0.7258810E+00   0.7422751E+00   0.4587897E+00   0.1974598E+01   0.1039938E+01   0.1116286E+01   0.1001440E+01   0.9121896E+00   0.9964646E+00   0.1000424E+01   0.9924274E+00   0.9859267E+00   0.6396301E+02   0.6769950E+00   0.3230050E+00   0.1321500E+00   0.6451439E-03   0.8452709E-01   0.7805098E+00   0.8098830E+00   0.4435912E+00   0.5884108E+00   0.9759193E+00   0.9837569E+02   0.2446540E+01   0.7530212E+01   0.2036671E+01   0.1826626E+01   0.1241909E+04   0.5714588E+04   0.2528538E+04   0.8224482E+03   0.2351758E+03   0.9484758E+00   0.2365673E+00   0.2378611E+00   0.2441861E+01   0.1442973E+02   0.1088857E+04   0.1509078E+03   0.1043157E+01   0.1446645E+02   0.1057720E+04   0.1538009E+03   0.1361847E+00   0.1594629E+00   0.3426872E+04   0.1001590E-01   0.8085842E+00   0.4472330E+00   0.6913824E+02   0.6769223E+03   0.7901817E+02   0.1611501E+04   0.8556429E+02   0.2085666E+04   0.9103228E+02   0.2425413E+04   0.2271733E+03   0.6028563E+04   0.4471565E+00   0.7201576E+00   0.4623359E+00   0.6371928E+00   0.4596939E+00   0.5958249E+00   0.4540290E+00   0.5666437E+00   0.2853623E+00   0.2936815E+00   0.2399412E+02   0.1030868E+03   0.2871320E+02   0.8738117E+01   0.3961576E+03   0.2514206E+02   0.1151250E+05   0.7071893E+03   0.1825476E+00   0.6252075E+00   0.7090396E+01   0.4655943E+01   0.1194253E+05   0.7898151E+01
   0.6566112E+00   0.6336797E+04   0.2196533E-01   0.1109664E+00   0.1042289E+01   0.5122888E-01   0.2487432E+01   0.3002491E+01   0.9485068E+00   0.9953951E+00   0.2177212E+03   0.2771084E+02   0.1031095E+03   0.3152485E+02   0.7311028E+00   0.5737101E+00   0.5808119E+00   0.8967813E+00   0.5842818E+01   0.8195422E+00   0.8522526E+00   0.1025755E+01   0.8093710E+00   0.9981118E+00   0.1001637E+01   0.1001131E+01   0.9928814E+00   0.6408020E+02   0.6747004E+00   0.3252996E+00   0.1335769E+00   0.6451439E-03   0.8559632E-01   0.7790775E+00   0.8112633E+00   0.4443472E+00   0.5883714E+00   0.9732373E+00   0.9807229E+02   0.2436957E+01   0.7240295E+01   0.2013563E+01   0.1817474E+01   0.1232277E+04   0.5663539E+04   0.2506853E+04   0.8140099E+03   0.2322386E+03   0.9485068E+00   0.2374322E+00   0.2387293E+00   0.2464605E+01   0.1437452E+02   0.1089059E+04   0.1501637E+03   0.1042883E+01   0.1439891E+02   0.1057873E+04   0.1530462E+03   0.1366780E+00   0.1596326E+00   0.3434175E+04   0.1008081E-01   0.8071461E+00   0.4464828E+00   0.6930036E+02   0.6755128E+03   0.7925982E+02   0.1607572E+04   0.8585528E+02   0.2080209E+04   0.9136292E+02   0.2418765E+04   0.2283326E+03   0.6005716E+04   0.4477064E+00   0.7186211E+00   0.4623570E+00   0.6356000E+00   0.4594635E+00   0.5942397E+00   0.4536367E+00   0.5650770E+00   0.2844805E+00   0.2926909E+00   0.2224181E+02   0.1015454E+03   0.2649117E+02   0.9108259E+01   0.3957361E+03   0.2530683E+02   0.1151911E+05   0.7073021E+03   0.2398299E+00   0.5372448E+00   0.8193596E+01   0.8056550E+01   0.1194927E+05   0.8970670E+01
   0.6230519E+00   0.6333612E+04   0.2226461E-01   0.1157973E+00   0.1041634E+01   0.6678112E-01   0.2751179E+01   0.3060676E+01   0.9556881E+00   0.1002616E+01   0.2358887E+03   0.3649960E+02   0.1129130E+03   0.3370828E+02   0.3683735E+01   0.5086940E+00   0.7427568E+00   0.1577753E+00   0.3307715E+01   0.6911627E+00   0.6322761E+00   0.1084424E+01   0.8382707E+00   0.9975694E+00   0.1003359E+01   0.9978314E+00   0.9874841E+00   0.6552673E+02   0.6769562E+00   0.3230438E+00   0.1387070E+00   0.6451439E-03   0.9089017E-01   0.8108450E+00   0.8414105E+00   0.4608595E+00   0.6112983E+00   0.1001679E+01   0.9820729E+02   0.2494258E+01   0.8818054E+01   0.2134198E+01   0.1867366E+01   0.1249769E+04   0.5751690E+04   0.2542972E+04   0.8222977E+03   0.2340977E+03   0.9556881E+00   0.2413196E+00   0.2426311E+00   0.2502819E+01   0.1408500E+02   0.1089389E+04   0.1471394E+03   0.1042017E+01   0.1412064E+02   0.1059132E+04   0.1498736E+03   0.1390435E+00   0.1600091E+00   0.3435220E+04   0.1027504E-01   0.8074931E+00   0.4464366E+00   0.7082801E+02   0.6607766E+03   0.8095069E+02   0.1573052E+04   0.8765758E+02   0.2035895E+04   0.9325983E+02   0.2367528E+04   0.2327401E+03   0.5884544E+04   0.4645253E+00   0.7481352E+00   0.4802739E+00   0.6619322E+00   0.4775194E+00   0.6189510E+00   0.4716280E+00   0.5886322E+00   0.2963835E+00   0.3050491E+00   0.2692915E+02   0.1067987E+03   0.2892867E+02   0.9324055E+01   0.4009540E+03   0.2513119E+02   0.1150339E+05   0.7071912E+03   0.2163629E+00   0.5804309E+00   0.8038096E+01   0.1240289E+02   0.1193880E+05   0.8834890E+01
   0.1122643E+01   0.6336986E+04   0.2253276E-01   0.1182788E+00   0.1041303E+01   0.6030143E-01   0.2980741E+01   0.3044145E+01   0.9647738E+00   0.9964205E+00   0.2023797E+03   0.3000166E+02   0.9298483E+02   0.4361600E+02   0.8619823E+01   0.5589055E+00   0.8275318E+00   0.1988386E+00   0.1832650E+01   0.1519254E+01   0.7615604E+00   0.9583270E+00   0.1018120E+01   0.9986133E+00   0.1002662E+01   0.9985275E+00   0.9849061E+00   0.6746033E+02   0.6891673E+00   0.3108327E+00   0.1414567E+00   0.6451439E-03   0.9542716E-01   0.8068983E+00   0.8213372E+00   0.4498649E+00   0.6024909E+00   0.9824141E+00   0.9963822E+02   0.2437900E+01   0.8204651E+01   0.2099208E+01   0.1860709E+01   0.1223061E+04   0.5705168E+04   0.2518727E+04   0.8126702E+03   0.2302137E+03   0.9647738E+00   0.2445789E+00   0.2459025E+00   0.2533821E+01   0.1383068E+02   0.1089505E+04   0.1450818E+03   0.1041510E+01   0.1392994E+02   0.1060123E+04   0.1476990E+03   0.1406041E+00   0.1603993E+00   0.3394701E+04   0.1031550E-01   0.8153375E+00   0.4503338E+00   0.7271924E+02   0.6427064E+03   0.8279471E+02   0.1532966E+04   0.8948871E+02   0.1985923E+04   0.9508877E+02   0.2310976E+04   0.2354030E+03   0.5777047E+04   0.4545055E+00   0.7456840E+00   0.4729133E+00   0.6610622E+00   0.4715931E+00   0.6186733E+00   0.4666922E+00   0.5886988E+00   0.2968581E+00   0.3060706E+00   0.2744850E+02   0.1034064E+03   0.2906155E+02   0.8608117E+01   0.3976122E+03   0.2360612E+02   0.1151447E+05   0.7067295E+03   0.3033964E-01   0.1217317E+01   0.4441420E+01   0.1725897E+02   0.1194430E+05   0.5689077E+01
   0.8900672E+00   0.6334474E+04   0.2282538E-01   0.1230898E+00   0.1040694E+01   0.5911916E-01   0.3292720E+01   0.3060288E+01   0.9791640E+00   0.1000496E+01   0.2173700E+03   0.3409990E+02   0.1333300E+03   0.2514311E+02   0.3875291E+01   0.6783208E+00   0.2973899E+00   0.6856031E-01   0.3926121E+01   0.9186053E+00   0.9604287E+00   0.1085552E+01   0.9840370E+00   0.9976707E+00   0.1000374E+01   0.1005272E+01   0.9960807E+00   0.6943787E+02   0.6960350E+00   0.3039650E+00   0.1465603E+00   0.6451439E-03   0.1017683E+00   0.8229894E+00   0.8284102E+00   0.4537389E+00   0.6110829E+00   0.9876341E+00   0.1003972E+03   0.2422104E+01   0.8143616E+01   0.2133370E+01   0.1895466E+01   0.1208699E+04   0.5726122E+04   0.2542700E+04   0.8192162E+03   0.2312896E+03   0.9791640E+00   0.2488184E+00   0.2501573E+00   0.2586532E+01   0.1352084E+02   0.1089857E+04   0.1421046E+03   0.1040683E+01   0.1365494E+02   0.1061382E+04   0.1445856E+03   0.1429612E+00   0.1609319E+00   0.3375130E+04   0.1047046E-01   0.8194478E+00   0.4522514E+00   0.7474018E+02   0.6248384E+03   0.8490884E+02   0.1491982E+04   0.9167546E+02   0.1933900E+04   0.9734133E+02   0.2251316E+04   0.2398366E+03   0.5646832E+04   0.4589637E+00   0.7612513E+00   0.4793047E+00   0.6756293E+00   0.4787871E+00   0.6326245E+00   0.4743548E+00   0.6021709E+00   0.3038923E+00   0.3136640E+00   0.2742068E+02   0.1083836E+03   0.3190693E+02   0.9226285E+01   0.3969512E+03   0.2159229E+02   0.1152729E+05   0.7065756E+03   0.3863873E-03   0.1677296E+01   0.3653135E+01   0.1976458E+01   0.1195506E+05   0.5330817E+01
   0.8923510E+00   0.6331644E+04   0.2283585E-01   0.1234580E+00   0.1040670E+01   0.5947612E-01   0.3322340E+01   0.3061529E+01   0.9797346E+00   0.9998747E+00   0.2170388E+03   0.4942490E+02   0.1015266E+03   0.3908675E+02   0.6020476E+01   0.5174564E+00   0.9577903E+00   0.5671564E+00   0.1548020E+01   0.7657951E+00   0.8043755E+00   0.1104381E+01   0.1102257E+01   0.9974646E+00   0.1001826E+01   0.9987068E+00   0.9937862E+00   0.6965393E+02   0.6971374E+00   0.3028626E+00   0.1469390E+00   0.6451439E-03   0.1023488E+00   0.8240339E+00   0.8279560E+00   0.4534902E+00   0.6113029E+00   0.9873525E+00   0.1005382E+03   0.2421106E+01   0.8186340E+01   0.2136018E+01   0.1896464E+01   0.1208233E+04   0.5726205E+04   0.2541634E+04   0.8183067E+03   0.2308551E+03   0.9797346E+00   0.2492058E+00   0.2505461E+00   0.2594446E+01   0.1349314E+02   0.1089902E+04   0.1418653E+03   0.1040629E+01   0.1363266E+02   0.1061459E+04   0.1443396E+03   0.1431243E+00   0.1610112E+00   0.3370913E+04   0.1047748E-01   0.8202367E+00   0.4526542E+00   0.7494847E+02   0.6230277E+03   0.8511689E+02   0.1487907E+04   0.9188500E+02   0.1928781E+04   0.9755289E+02   0.2245491E+04   0.2401813E+03   0.5635134E+04   0.4588415E+00   0.7623245E+00   0.4794463E+00   0.6767003E+00   0.4790549E+00   0.6336766E+00   0.4747040E+00   0.6032030E+00   0.3044534E+00   0.3142945E+00   0.3122353E+02   0.1055881E+03   0.2953985E+02   0.9238576E+01   0.3970523E+03   0.2162259E+02   0.1151778E+05   0.7065582E+03   0.5368397E-04   0.1747772E+01   0.3570565E+01   0.5719831E+01   0.1194569E+05   0.5318390E+01
   0.7573339E+00   0.6331847E+04   0.2234785E-01   0.1204639E+00   0.1040375E+01   0.6866031E-01   0.3097055E+01   0.3068974E+01   0.9675901E+00   0.9992409E+00   0.2184788E+03   0.4515920E+02   0.1105683E+03   0.4090678E+02   0.7070255E+01   0.7484584E+00   0.6986628E+00   0.7205877E+00   0.8153253E+00   0.7930752E+00   0.1057536E+01   0.8487210E+00   0.1029315E+01   0.9973544E+00   0.9983983E+00   0.9998328E+00   0.9968656E+00   0.6758484E+02   0.6859326E+00   0.3140674E+00   0.1434569E+00   0.6451439E-03   0.9695511E-01   0.8216812E+00   0.8407254E+00   0.4604843E+00   0.6151189E+00   0.9994906E+00   0.9917231E+02   0.2467915E+01   0.9111023E+01   0.2151981E+01   0.1875862E+01   0.1224777E+04   0.5698440E+04   0.2525298E+04   0.8119313E+03   0.2292850E+03   0.9675901E+00   0.2460676E+00   0.2473966E+00   0.2607331E+01   0.1376481E+02   0.1090038E+04   0.1440749E+03   0.1040535E+01   0.1384623E+02   0.1059971E+04   0.1467375E+03   0.1410271E+00   0.1608851E+00   0.3389527E+04   0.1038058E-01   0.8151241E+00   0.4503408E+00   0.7290858E+02   0.6412700E+03   0.8309451E+02   0.1528766E+04   0.8985694E+02   0.1979977E+04   0.9551196E+02   0.2303643E+04   0.2369622E+03   0.5749888E+04   0.4649176E+00   0.7590212E+00   0.4829279E+00   0.6725301E+00   0.4811990E+00   0.6292584E+00   0.4759470E+00   0.5986797E+00   0.3017512E+00   0.3109806E+00   0.2908964E+02   0.1055334E+03   0.3059298E+02   0.9296171E+01   0.4016740E+03   0.2332212E+02   0.1151104E+05   0.7068287E+03   0.7278844E-01   0.9818667E+00   0.5457099E+01   0.5021959E+01   0.1194533E+05   0.6511754E+01
   0.4949935E+00   0.6327296E+04   0.2238659E-01   0.1162024E+00   0.1041167E+01   0.5842179E-01   0.2962836E+01   0.3040110E+01   0.9715273E+00   0.1000791E+01   0.2369095E+03   0.4977836E+02   0.1133765E+03   0.3499244E+02   0.5537384E+01   0.7587692E+00   0.4405689E+00   0.7194528E+00   0.5776667E+00   0.1027733E+01   0.1123121E+01   0.1034670E+01   0.1244867E+01   0.9974510E+00   0.1000391E+01   0.1000762E+01   0.9905202E+00   0.6782288E+02   0.6973133E+00   0.3026867E+00   0.1392341E+00   0.6451439E-03   0.9443259E-01   0.8012248E+00   0.8048045E+00   0.4408096E+00   0.5942959E+00   0.9728957E+00   0.1007268E+03   0.2403575E+01   0.8015442E+01   0.2090754E+01   0.1860195E+01   0.1208927E+04   0.5701119E+04   0.2530707E+04   0.8183892E+03   0.2318072E+03   0.9715273E+00   0.2442827E+00   0.2456052E+00   0.2553653E+01   0.1385925E+02   0.1089484E+04   0.1458338E+03   0.1041409E+01   0.1400350E+02   0.1059628E+04   0.1485145E+03   0.1397086E+00   0.1605795E+00   0.3349227E+04   0.1016501E-01   0.8230617E+00   0.4544687E+00   0.7297980E+02   0.6398183E+03   0.8287531E+02   0.1528059E+04   0.8946211E+02   0.1980866E+04   0.9497832E+02   0.2306157E+04   0.2338065E+03   0.5788004E+04   0.4460412E+00   0.7412527E+00   0.4661338E+00   0.6580294E+00   0.4657833E+00   0.6162080E+00   0.4615733E+00   0.5865845E+00   0.2961281E+00   0.3056812E+00   0.3022578E+02   0.1046995E+03   0.3131097E+02   0.1041980E+02   0.3967368E+03   0.2181833E+02   0.1150987E+05   0.7065556E+03   0.2542366E-02   0.1891919E+01   0.3379088E+01   0.3916478E+01   0.1193885E+05   0.5273549E+01
   0.7485870E+00   0.6331426E+04   0.2238281E-01   0.1157956E+00   0.1041392E+01   0.5873144E-01   0.2870102E+01   0.3037790E+01   0.9653725E+00   0.1000222E+01   0.2182942E+03   0.3393499E+02   0.9311135E+02   0.4189612E+02   0.6023451E+01   0.8062148E+00   0.6475930E+00   0.9570342E+00   0.2764991E+01   0.1266396E+01   0.1497827E+01   0.9810730E+00   0.1314195E+01   0.9956792E+00   0.1000222E+01   0.9927312E+00   0.9839295E+00   0.6694763E+02   0.6902633E+00   0.3097367E+00   0.1388235E+00   0.6451439E-03   0.9293907E-01   0.8001091E+00   0.8129894E+00   0.4452927E+00   0.5968942E+00   0.9778711E+00   0.9982684E+02   0.2424608E+01   0.8030701E+01   0.2085910E+01   0.1854736E+01   0.1218765E+04   0.5702244E+04   0.2526031E+04   0.8173830E+03   0.2320177E+03   0.9653725E+00   0.2430171E+00   0.2443349E+00   0.2522296E+01   0.1395044E+02   0.1089362E+04   0.1464241E+03   0.1041688E+01   0.1405642E+02   0.1059513E+04   0.1491118E+03   0.1394484E+00   0.1602735E+00   0.3381889E+04   0.1019930E-01   0.8172066E+00   0.4514203E+00   0.7214882E+02   0.6477074E+03   0.8211677E+02   0.1545162E+04   0.8874098E+02   0.2001898E+04   0.9428343E+02   0.2329708E+04   0.2332357E+03   0.5826944E+04   0.4499965E+00   0.7395200E+00   0.4684958E+00   0.6557194E+00   0.4673159E+00   0.6137240E+00   0.4625442E+00   0.5840210E+00   0.2945604E+00   0.3037399E+00   0.2531776E+02   0.1031552E+03   0.2837554E+02   0.9448380E+01   0.3969479E+03   0.2270055E+02   0.1150476E+05   0.7066998E+03   0.1814210E-01   0.1342563E+01   0.4089416E+01   0.1684824E+02   0.1193385E+05   0.5450122E+01
   0.4163936E+00   0.6330784E+04   0.2227892E-01   0.1169611E+00   0.1040983E+01   0.4914468E-01   0.2954646E+01   0.3017522E+01   0.9654649E+00   0.9962959E+00   0.1968083E+03   0.4728152E+02   0.1146753E+03   0.3217176E+02   0.2374778E+01   0.6621858E+00   0.3940429E+00   0.8797865E+00   0.4840552E+01   0.8849349E+00   0.9118528E+00   0.1001120E+01   0.1070266E+01   0.9958887E+00   0.1001313E+01   0.9977366E+00   0.9948247E+00   0.6730652E+02   0.6912141E+00   0.3087859E+00   0.1398852E+00   0.6451439E-03   0.9415185E-01   0.7935868E+00   0.8051236E+00   0.4409844E+00   0.5915736E+00   0.9673105E+00   0.9993081E+02   0.2398529E+01   0.7109070E+01   0.2044059E+01   0.1852707E+01   0.1213270E+04   0.5680583E+04   0.2514669E+04   0.8110155E+03   0.2291341E+03   0.9654649E+00   0.2441271E+00   0.2454490E+00   0.2571006E+01   0.1388779E+02   0.1089677E+04   0.1457580E+03   0.1041242E+01   0.1399848E+02   0.1059437E+04   0.1484712E+03   0.1397030E+00   0.1606435E+00   0.3368711E+04   0.1021845E-01   0.8190519E+00   0.4524537E+00   0.7252241E+02   0.6442998E+03   0.8251651E+02   0.1537270E+04   0.8915958E+02   0.1991827E+04   0.9471851E+02   0.2318115E+04   0.2341567E+03   0.5800670E+04   0.4457027E+00   0.7335856E+00   0.4642634E+00   0.6505604E+00   0.4632051E+00   0.6089379E+00   0.4585487E+00   0.5794928E+00   0.2923046E+00   0.3014626E+00   0.3028775E+02   0.1058802E+03   0.3129222E+02   0.1064570E+02   0.3957083E+03   0.2282293E+02   0.1151267E+05   0.7066756E+03   0.1276468E-01   0.1407057E+01   0.3966281E+01   0.7662315E+01   0.1194184E+05   0.5386102E+01
   0.1676739E+00   0.6337101E+04   0.2242533E-01   0.1229014E+00   0.1040424E+01   0.4376635E-01   0.3350332E+01   0.3025144E+01   0.9809999E+00   0.9993266E+00   0.2855526E+03   0.5312835E+02   0.1155413E+03   0.4158934E+02   0.5106981E+01   0.7539582E+00   0.2532889E+00   0.7005881E-01   0.2092628E+01   0.1311736E+01   0.7743669E+00   0.8439602E+00   0.1016215E+01   0.9993202E+00   0.9983511E+00   0.9977095E+00   0.9967210E+00   0.6973816E+02   0.6998569E+00   0.3001431E+00   0.1459719E+00   0.6451439E-03   0.1017981E+00   0.8083992E+00   0.8085920E+00   0.4428841E+00   0.5983537E+00   0.9680341E+00   0.1009733E+03   0.2368676E+01   0.6629944E+01   0.2059697E+01   0.1887072E+01   0.1193989E+04   0.5676912E+04   0.2530735E+04   0.8125890E+03   0.2278799E+03   0.9809999E+00   0.2494030E+00   0.2507440E+00   0.2680068E+01   0.1351054E+02   0.1090397E+04   0.1421734E+03   0.1040418E+01   0.1366503E+02   0.1060505E+04   0.1447892E+03   0.1422169E+00   0.1616546E+00   0.3336531E+04   0.1038942E-01   0.8252295E+00   0.4555607E+00   0.7499660E+02   0.6224332E+03   0.8509640E+02   0.1487140E+04   0.9182313E+02   0.1928216E+04   0.9745841E+02   0.2245187E+04   0.2394829E+03   0.5642061E+04   0.4483235E+00   0.7481393E+00   0.4691508E+00   0.6644173E+00   0.4690949E+00   0.6223037E+00   0.4650520E+00   0.5924574E+00   0.2991449E+00   0.3089442E+00   0.3595005E+02   0.1094739E+03   0.3699307E+02   0.1261646E+02   0.3966492E+03   0.2097668E+02   0.1152669E+05   0.7065240E+03   0.9787393E-02   0.2040338E+01   0.3408498E+01   0.5290179E+01   0.1195693E+05   0.5458623E+01
   0.6656767E+00   0.6333903E+04   0.2218391E-01   0.1172362E+00   0.1041316E+01   0.5071646E-01   0.2921993E+01   0.3026919E+01   0.9693581E+00   0.9999162E+00   0.2440902E+03   0.4656211E+02   0.1286123E+03   0.2511042E+02   0.4764047E+01   0.5743891E+00   0.8483164E+00   0.7233695E+00   0.1670795E+01   0.4836471E+00   0.8145446E+00   0.1099382E+01   0.8825013E+00   0.9984041E+00   0.9997643E+00   0.1002983E+01   0.9963301E+00   0.6685608E+02   0.6866363E+00   0.3133637E+00   0.1400653E+00   0.6451439E-03   0.9364216E-01   0.8011169E+00   0.8187656E+00   0.4484564E+00   0.5993880E+00   0.9797729E+00   0.9939671E+02   0.2410438E+01   0.7292175E+01   0.2063356E+01   0.1864328E+01   0.1208435E+04   0.5671503E+04   0.2534366E+04   0.8199000E+03   0.2322798E+03   0.9693581E+00   0.2436434E+00   0.2449635E+00   0.2577629E+01   0.1392354E+02   0.1089788E+04   0.1459263E+03   0.1041602E+01   0.1400979E+02   0.1059208E+04   0.1486727E+03   0.1395483E+00   0.1606917E+00   0.3388111E+04   0.1025444E-01   0.8155174E+00   0.4506865E+00   0.7211217E+02   0.6482998E+03   0.8216831E+02   0.1545699E+04   0.8884566E+02   0.2002021E+04   0.9443002E+02   0.2329383E+04   0.2341657E+03   0.5816116E+04   0.4528475E+00   0.7400982E+00   0.4705704E+00   0.6558443E+00   0.4689696E+00   0.6136802E+00   0.4639066E+00   0.5838797E+00   0.2943415E+00   0.3033631E+00   0.2808786E+02   0.1044482E+03   0.2759880E+02   0.9577205E+01   0.3957058E+03   0.2196842E+02   0.1151902E+05   0.7068057E+03   0.4883801E-01   0.1096772E+01   0.4755722E+01   0.8829829E+01   0.1194627E+05   0.5901332E+01
   0.8490919E+00   0.6333418E+04   0.2229948E-01   0.1154750E+00   0.1041371E+01   0.4599516E-01   0.2758167E+01   0.3019341E+01   0.9610771E+00   0.1002811E+01   0.2549352E+03   0.3588082E+02   0.9593763E+02   0.4269450E+02   0.1317830E+01   0.6245798E+00   0.4071230E+00   0.4019850E-01   0.1614621E+01   0.7437487E+00   0.7216501E+00   0.8484423E+00   0.7597994E+00   0.9974838E+00   0.1001240E+01   0.9887597E+00   0.9856604E+00   0.6566223E+02   0.6789546E+00   0.3210454E+00   0.1384197E+00   0.6451439E-03   0.9088943E-01   0.7940467E+00   0.8214264E+00   0.4499138E+00   0.5977061E+00   0.9799146E+00   0.9841791E+02   0.2428253E+01   0.6727600E+01   0.2047778E+01   0.1867807E+01   0.1230284E+04   0.5736076E+04   0.2549778E+04   0.8270366E+03   0.2353701E+03   0.9610771E+00   0.2414323E+00   0.2427443E+00   0.2498802E+01   0.1408048E+02   0.1089324E+04   0.1471627E+03   0.1041742E+01   0.1412660E+02   0.1059208E+04   0.1498851E+03   0.1390290E+00   0.1599583E+00   0.3424723E+04   0.1024866E-01   0.8092311E+00   0.4473135E+00   0.7094396E+02   0.6595475E+03   0.8103254E+02   0.1570618E+04   0.8771984E+02   0.2033063E+04   0.9330710E+02   0.2364495E+04   0.2325569E+03   0.5882466E+04   0.4536641E+00   0.7328277E+00   0.4695316E+00   0.6485967E+00   0.4670630E+00   0.6065670E+00   0.4614478E+00   0.5769075E+00   0.2905531E+00   0.2991305E+00   0.2473021E+02   0.1014485E+03   0.2743224E+02   0.8796633E+01   0.3959348E+03   0.2307005E+02   0.1151039E+05   0.7070995E+03   0.1783810E+00   0.6252075E+00   0.7380228E+01   0.1336475E+02   0.1193819E+05   0.8183816E+01
   0.8310469E+00   0.6329647E+04   0.2211303E-01   0.1155974E+00   0.1041623E+01   0.5182611E-01   0.2746691E+01   0.3022553E+01   0.9580678E+00   0.9994096E+00   0.2378496E+03   0.2667037E+02   0.9488870E+02   0.4088457E+02   0.1705680E+01   0.7831180E+00   0.1225366E+00   0.2858458E+00   0.7353231E+01   0.1016563E+01   0.8798382E+00   0.7476448E+00   0.8266904E+00   0.9983082E+00   0.9989745E+00   0.9977305E+00   0.9876548E+00   0.6541687E+02   0.6766915E+00   0.3233085E+00   0.1383556E+00   0.6451439E-03   0.9050788E-01   0.7963352E+00   0.8266922E+00   0.4527980E+00   0.6004823E+00   0.9845800E+00   0.9820664E+02   0.2442184E+01   0.7377625E+01   0.2054368E+01   0.1852092E+01   0.1227354E+04   0.5682234E+04   0.2526234E+04   0.8176831E+03   0.2323402E+03   0.9580678E+00   0.2411942E+00   0.2425053E+00   0.2529357E+01   0.1410514E+02   0.1089557E+04   0.1473371E+03   0.1042025E+01   0.1413950E+02   0.1058788E+04   0.1501243E+03   0.1386872E+00   0.1602062E+00   0.3428625E+04   0.1025211E-01   0.8082206E+00   0.4469277E+00   0.7071569E+02   0.6618440E+03   0.8082837E+02   0.1575534E+04   0.8752827E+02   0.2039068E+04   0.9312452E+02   0.2371187E+04   0.2324384E+03   0.5892987E+04   0.4563625E+00   0.7347250E+00   0.4717761E+00   0.6500429E+00   0.4690436E+00   0.6078238E+00   0.4632392E+00   0.5780440E+00   0.2910443E+00   0.2995445E+00   0.2577094E+02   0.1025569E+03   0.2935561E+02   0.8735323E+01   0.3958055E+03   0.2371412E+02   0.1151091E+05   0.7072038E+03   0.2152191E+00   0.5804309E+00   0.7951871E+01   0.4176609E+01   0.1193917E+05   0.8747521E+01
   0.5261866E+00   0.6333939E+04   0.2223752E-01   0.1204102E+00   0.1040564E+01   0.4511701E-01   0.3077613E+01   0.3016952E+01   0.9696936E+00   0.9964406E+00   0.1935863E+03   0.1888365E+02   0.1011204E+03   0.3836013E+02   0.4943246E+01   0.6726457E+00   0.6535073E+00   0.7406830E-01   0.4788778E+01   0.9081909E+00   0.1131003E+01   0.1027991E+01   0.1030204E+01   0.9978251E+00   0.1001773E+01   0.9995848E+00   0.9948283E+00   0.6735046E+02   0.6841046E+00   0.3158954E+00   0.1432928E+00   0.6451439E-03   0.9650838E-01   0.8022536E+00   0.8232328E+00   0.4509032E+00   0.6014471E+00   0.9775554E+00   0.9898764E+02   0.2403415E+01   0.6748962E+01   0.2042892E+01   0.1866626E+01   0.1204452E+04   0.5645893E+04   0.2518070E+04   0.8111867E+03   0.2287418E+03   0.9696936E+00   0.2457640E+00   0.2470918E+00   0.2621734E+01   0.1379015E+02   0.1090155E+04   0.1442690E+03   0.1040748E+01   0.1386205E+02   0.1059666E+04   0.1469740E+03   0.1407692E+00   0.1609959E+00   0.3394433E+04   0.1038212E-01   0.8140728E+00   0.4498780E+00   0.7268548E+02   0.6433710E+03   0.8288785E+02   0.1533334E+04   0.8965841E+02   0.1985606E+04   0.9531891E+02   0.2309958E+04   0.2367707E+03   0.5760667E+04   0.4550828E+00   0.7408970E+00   0.4722599E+00   0.6562766E+00   0.4703596E+00   0.6139704E+00   0.4650878E+00   0.5840850E+00   0.2943247E+00   0.3032502E+00   0.2400033E+02   0.1061863E+03   0.3058421E+02   0.9960976E+01   0.3961709E+03   0.2216130E+02   0.1151996E+05   0.7068922E+03   0.9408883E-01   0.9265765E+00   0.5833377E+01   0.5881307E+01   0.1194825E+05   0.6854042E+01
   0.9106511E+00   0.6333858E+04   0.2224332E-01   0.1203324E+00   0.1040212E+01   0.6201280E-01   0.3178603E+01   0.3054555E+01   0.9778511E+00   0.9980701E+00   0.2336495E+03   0.3608417E+02   0.1040491E+03   0.3967696E+02   0.5161819E+01   0.9643452E+00   0.3125319E+00   0.9376799E+00   0.3320612E+01   0.7841000E+00   0.8845111E+00   0.8366777E+00   0.1001753E+01   0.9980170E+00   0.1000479E+01   0.1002588E+01   0.9918923E+00   0.6843445E+02   0.6941864E+00   0.3058136E+00   0.1432209E+00   0.6451439E-03   0.9801241E-01   0.8163988E+00   0.8242712E+00   0.4514719E+00   0.6071088E+00   0.9868814E+00   0.1002449E+03   0.2415878E+01   0.8503723E+01   0.2121174E+01   0.1873755E+01   0.1197425E+04   0.5653400E+04   0.2526290E+04   0.8133776E+03   0.2291847E+03   0.9778511E+00   0.2471038E+00   0.2484365E+00   0.2655768E+01   0.1369598E+02   0.1090239E+04   0.1437852E+03   0.1040331E+01   0.1382110E+02   0.1059780E+04   0.1464830E+03   0.1409048E+00   0.1613175E+00   0.3347516E+04   0.1030754E-01   0.8223923E+00   0.4542107E+00   0.7368856E+02   0.6338900E+03   0.8376416E+02   0.1513145E+04   0.9046597E+02   0.1961036E+04   0.9607621E+02   0.2282663E+04   0.2370283E+03   0.5720210E+04   0.4565429E+00   0.7549690E+00   0.4763037E+00   0.6698492E+00   0.4755680E+00   0.6271276E+00   0.4710190E+00   0.5968864E+00   0.3011731E+00   0.3107587E+00   0.2449617E+02   0.1035466E+03   0.2999969E+02   0.9146774E+01   0.3980555E+03   0.2145272E+02   0.1152268E+05   0.7066094E+03   0.2496354E-02   0.1607985E+01   0.3700376E+01   0.4463607E+01   0.1195133E+05   0.5310857E+01
   0.6003299E+00   0.6337668E+04   0.2237689E-01   0.1203181E+00   0.1040149E+01   0.5775840E-01   0.3226763E+01   0.3047665E+01   0.9813375E+00   0.9993376E+00   0.2132607E+03   0.4892285E+02   0.1066309E+03   0.4101757E+02   0.8567724E+01   0.7912129E+00   0.8565065E+00   0.7735726E+00   0.1066558E+01   0.8548848E+00   0.5737015E+00   0.1066877E+01   0.1051558E+01   0.9990708E+00   0.1003440E+01   0.9878926E+00   0.9885903E+00   0.6908630E+02   0.6996802E+00   0.3003198E+00   0.1433401E+00   0.6451439E-03   0.9902840E-01   0.8125990E+00   0.8130319E+00   0.4453159E+00   0.6015507E+00   0.9776430E+00   0.1009365E+03   0.2391753E+01   0.8055115E+01   0.2106610E+01   0.1876790E+01   0.1192218E+04   0.5668416E+04   0.2530832E+04   0.8153177E+03   0.2296236E+03   0.9813375E+00   0.2477868E+00   0.2491219E+00   0.2646667E+01   0.1363556E+02   0.1090114E+04   0.1434519E+03   0.1040225E+01   0.1379048E+02   0.1060123E+04   0.1461020E+03   0.1412311E+00   0.1613022E+00   0.3329164E+04   0.1028356E-01   0.8261410E+00   0.4560631E+00   0.7430082E+02   0.6282729E+03   0.8431114E+02   0.1501055E+04   0.9097803E+02   0.1946234E+04   0.9656306E+02   0.2266146E+04   0.2373090E+03   0.5694291E+04   0.4507714E+00   0.7520127E+00   0.4716757E+00   0.6678431E+00   0.4716025E+00   0.6255069E+00   0.4675267E+00   0.5955037E+00   0.3006966E+00   0.3105281E+00   0.2971681E+02   0.1084856E+03   0.3320099E+02   0.1006370E+02   0.3965803E+03   0.2095450E+02   0.1152347E+05   0.7065259E+03   0.8442290E-02   0.2040338E+01   0.3413645E+01   0.1227660E+02   0.1195107E+05   0.5462425E+01
   0.4761034E+00   0.6332138E+04   0.2217936E-01   0.1176385E+00   0.1040369E+01   0.5098554E-01   0.3012878E+01   0.3025443E+01   0.9694949E+00   0.9984527E+00   0.2330218E+03   0.2491437E+02   0.8691016E+02   0.4859412E+02   0.5406560E+01   0.6434673E+00   0.6025409E+00   0.2317514E-01   0.1671795E+01   0.1024894E+01   0.1174882E+01   0.9693005E+00   0.1174191E+01   0.9974770E+00   0.1002543E+01   0.1007599E+01   0.9982449E+00   0.6746033E+02   0.6913510E+00   0.3086490E+00   0.1404630E+00   0.6451439E-03   0.9475677E-01   0.7983518E+00   0.8097783E+00   0.4435338E+00   0.5950597E+00   0.9720085E+00   0.9991098E+02   0.2399071E+01   0.7337952E+01   0.2060313E+01   0.1860578E+01   0.1207635E+04   0.5673500E+04   0.2521721E+04   0.8127564E+03   0.2293056E+03   0.9694949E+00   0.2448726E+00   0.2461972E+00   0.2610289E+01   0.1385761E+02   0.1089921E+04   0.1453592E+03   0.1040603E+01   0.1396874E+02   0.1059284E+04   0.1481033E+03   0.1397870E+00   0.1608888E+00   0.3356125E+04   0.1022048E-01   0.8206316E+00   0.4533402E+00   0.7268819E+02   0.6428188E+03   0.8270097E+02   0.1533775E+04   0.8935670E+02   0.1987324E+04   0.9492634E+02   0.2312895E+04   0.2346453E+03   0.5788050E+04   0.4482735E+00   0.7380054E+00   0.4669801E+00   0.6544965E+00   0.4659336E+00   0.6126290E+00   0.4612617E+00   0.5830096E+00   0.2940803E+00   0.3033039E+00   0.2554165E+02   0.1054769E+03   0.3052807E+02   0.1038104E+02   0.3957344E+03   0.2208445E+02   0.1151857E+05   0.7066722E+03   0.1368131E-01   0.1407057E+01   0.4028892E+01   0.5380757E+01   0.1194677E+05   0.5449631E+01
   0.7582606E+00   0.6333398E+04   0.2212434E-01   0.1158565E+00   0.1040802E+01   0.5729548E-01   0.2875279E+01   0.3036710E+01   0.9629714E+00   0.1001709E+01   0.2248349E+03   0.4843876E+02   0.9189992E+02   0.4664212E+02   0.5827440E+01   0.6026811E+00   0.7587136E+00   0.3488731E+00   0.8530724E+00   0.1285164E+01   0.8934193E+00   0.1143996E+01   0.1304161E+01   0.9969900E+00   0.1003692E+01   0.1001325E+01   0.9878553E+00   0.6658142E+02   0.6872923E+00   0.3127077E+00   0.1386260E+00   0.6451439E-03   0.9229917E-01   0.7996126E+00   0.8163724E+00   0.4471456E+00   0.5979492E+00   0.9799482E+00   0.9944622E+02   0.2431262E+01   0.7948303E+01   0.2083657E+01   0.1858062E+01   0.1224342E+04   0.5703475E+04   0.2527570E+04   0.8155103E+03   0.2308003E+03   0.9629714E+00   0.2429803E+00   0.2442980E+00   0.2572475E+01   0.1398955E+02   0.1089696E+04   0.1465831E+03   0.1041118E+01   0.1407939E+02   0.1058941E+04   0.1493603E+03   0.1389745E+00   0.1605576E+00   0.3374651E+04   0.1018110E-01   0.8173319E+00   0.4516655E+00   0.7180199E+02   0.6510548E+03   0.8179884E+02   0.1552419E+04   0.8843776E+02   0.2010824E+04   0.9399043E+02   0.2339707E+04   0.2329787E+03   0.5843622E+04   0.4516114E+00   0.7387705E+00   0.4694408E+00   0.6547361E+00   0.4679160E+00   0.6126717E+00   0.4629120E+00   0.5829380E+00   0.2939011E+00   0.3029304E+00   0.3219963E+02   0.1085927E+03   0.3320867E+02   0.9337485E+01   0.3967254E+03   0.2295550E+02   0.1151336E+05   0.7067850E+03   0.4520615E-01   0.1156417E+01   0.4721437E+01   0.1171200E+02   0.1194238E+05   0.5923060E+01
   0.3944611E+00   0.6329635E+04   0.2215301E-01   0.1159420E+00   0.1041444E+01   0.5223604E-01   0.2910817E+01   0.3025293E+01   0.9643801E+00   0.9993904E+00   0.2444919E+03   0.4540637E+02   0.1116995E+03   0.3704790E+02   0.4014353E+01   0.6188511E+00   0.6454515E+00   0.5322911E+00   0.2979824E+01   0.1237441E+01   0.1064100E+01   0.1044880E+01   0.1165633E+01   0.9976967E+00   0.1002281E+01   0.1005176E+01   0.1000322E+01   0.6720398E+02   0.6928063E+00   0.3071937E+00   0.1387402E+00   0.6451439E-03   0.9323892E-01   0.7951397E+00   0.8046164E+00   0.4407066E+00   0.5919656E+00   0.9699423E+00   0.1002152E+03   0.2407252E+01   0.7435608E+01   0.2060004E+01   0.1855651E+01   0.1219604E+04   0.5698458E+04   0.2523735E+04   0.8138354E+03   0.2299808E+03   0.9643801E+00   0.2434784E+00   0.2447979E+00   0.2579550E+01   0.1392918E+02   0.1089702E+04   0.1463533E+03   0.1041738E+01   0.1404895E+02   0.1059017E+04   0.1491209E+03   0.1391070E+00   0.1607523E+00   0.3361028E+04   0.1016474E-01   0.8204213E+00   0.4532735E+00   0.7238604E+02   0.6453972E+03   0.8231969E+02   0.1540277E+04   0.8892498E+02   0.1995977E+04   0.9445344E+02   0.2323154E+04   0.2332465E+03   0.5817768E+04   0.4455645E+00   0.7351781E+00   0.4645134E+00   0.6521460E+00   0.4636387E+00   0.6104942E+00   0.4590998E+00   0.5810187E+00   0.2931444E+00   0.3023949E+00   0.3063825E+02   0.1083182E+03   0.3217711E+02   0.1079118E+02   0.3957852E+03   0.2286126E+02   0.1151299E+05   0.7066383E+03   0.2844046E-02   0.1607985E+01   0.3588239E+01   0.5003535E+01   0.1194243E+05   0.5199068E+01
   0.2154097E+00   0.6334876E+04   0.2176345E-01   0.1136444E+00   0.1041152E+01   0.4837878E-01   0.2774584E+01   0.3013722E+01   0.9599554E+00   0.1001992E+01   0.2230062E+03   0.3033153E+02   0.1026325E+03   0.4135364E+02   0.3779818E+01   0.7012314E+00   0.4591494E+00   0.3497425E+00   0.6699602E+01   0.8359755E+00   0.1219049E+01   0.8269817E+00   0.9686070E+00   0.9969317E+00   0.9986779E+00   0.9949894E+00   0.9958471E+00   0.6601379E+02   0.6877957E+00   0.3122043E+00   0.1360530E+00   0.6451439E-03   0.8981377E-01   0.7869956E+00   0.8028439E+00   0.4397357E+00   0.5882772E+00   0.9686234E+00   0.9963485E+02   0.2406738E+01   0.7063293E+01   0.2036305E+01   0.1848509E+01   0.1223463E+04   0.5688769E+04   0.2526961E+04   0.8149875E+03   0.2302528E+03   0.9599554E+00   0.2414123E+00   0.2427242E+00   0.2604791E+01   0.1411611E+02   0.1089853E+04   0.1480024E+03   0.1041580E+01   0.1420942E+02   0.1057835E+04   0.1509304E+03   0.1374918E+00   0.1608040E+00   0.3358177E+04   0.1006109E-01   0.8195127E+00   0.4530840E+00   0.7118295E+02   0.6566785E+03   0.8108044E+02   0.1565956E+04   0.8765416E+02   0.2028441E+04   0.9315264E+02   0.2360273E+04   0.2308222E+03   0.5896434E+04   0.4441785E+00   0.7271656E+00   0.4618424E+00   0.6445091E+00   0.4604019E+00   0.6031261E+00   0.4555178E+00   0.5738708E+00   0.2893669E+00   0.2982699E+00   0.2897565E+02   0.1074274E+03   0.3220387E+02   0.1186989E+02   0.3957286E+03   0.2291877E+02   0.1151965E+05   0.7067695E+03   0.2935495E-01   0.1217317E+01   0.4218948E+01   0.7348214E+01   0.1195017E+05   0.5465620E+01
   0.6112031E+00   0.6330753E+04   0.2180427E-01   0.1108272E+00   0.1041898E+01   0.5375680E-01   0.2555917E+01   0.3017739E+01   0.9550093E+00   0.1001811E+01   0.2120051E+03   0.3926902E+02   0.1116173E+03   0.3154538E+02   0.5655867E+01   0.6764527E+00   0.8351563E+00   0.8721420E+00   0.2671306E+01   0.1138427E+01   0.1062810E+01   0.1077892E+01   0.9485021E+00   0.9975238E+00   0.1000351E+01   0.9944721E+00   0.9902619E+00   0.6470276E+02   0.6816475E+00   0.3183525E+00   0.1332766E+00   0.6451439E-03   0.8623362E-01   0.7845783E+00   0.8082204E+00   0.4426805E+00   0.5893365E+00   0.9753824E+00   0.9892739E+02   0.2430226E+01   0.7539368E+01   0.2044502E+01   0.1836094E+01   0.1230162E+04   0.5694171E+04   0.2531547E+04   0.8212203E+03   0.2337517E+03   0.9550093E+00   0.2383422E+00   0.2396427E+00   0.2518478E+01   0.1432352E+02   0.1089318E+04   0.1499537E+03   0.1042464E+01   0.1438454E+02   0.1057529E+04   0.1528952E+03   0.1364307E+00   0.1600817E+00   0.3392685E+04   0.1000843E-01   0.8137956E+00   0.4500747E+00   0.6986301E+02   0.6695512E+03   0.7973144E+02   0.1595106E+04   0.8627671E+02   0.2065193E+04   0.9174714E+02   0.2402214E+04   0.2282723E+03   0.5983735E+04   0.4466529E+00   0.7243469E+00   0.4629212E+00   0.6413724E+00   0.4607862E+00   0.5999276E+00   0.4554431E+00   0.5706651E+00   0.2875453E+00   0.2961213E+00   0.2638515E+02   0.1034616E+03   0.2796345E+02   0.9567753E+01   0.3960093E+03   0.2366733E+02   0.1151499E+05   0.7069859E+03   0.9962170E-01   0.8727971E+00   0.5564801E+01   0.3745695E+01   0.1194424E+05   0.6537220E+01
   0.3104801E+00   0.6332431E+04   0.2197482E-01   0.1136673E+00   0.1041613E+01   0.4966379E-01   0.2757332E+01   0.3014831E+01   0.9628108E+00   0.1000159E+01   0.2504997E+03   0.3159214E+02   0.1024676E+03   0.4115059E+02   0.2398457E+01   0.5424592E+00   0.5880157E+00   0.6498420E-02   0.1547063E+01   0.9883085E+00   0.1055017E+01   0.9018578E+00   0.8511406E+00   0.9970599E+00   0.1000666E+01   0.1005451E+01   0.9954859E+00   0.6612000E+02   0.6882622E+00   0.3117378E+00   0.1362872E+00   0.6451439E-03   0.9011310E-01   0.7883335E+00   0.8036077E+00   0.4401541E+00   0.5890570E+00   0.9694905E+00   0.9968895E+02   0.2402930E+01   0.7154846E+01   0.2038566E+01   0.1845811E+01   0.1215636E+04   0.5677223E+04   0.2526909E+04   0.8178901E+03   0.2318901E+03   0.9628108E+00   0.2412834E+00   0.2425948E+00   0.2558797E+01   0.1409928E+02   0.1089568E+04   0.1479199E+03   0.1042034E+01   0.1419531E+02   0.1058331E+04   0.1507698E+03   0.1378838E+00   0.1605062E+00   0.3372093E+04   0.1009063E-01   0.8179265E+00   0.4521053E+00   0.7129113E+02   0.6556466E+03   0.8119139E+02   0.1563613E+04   0.8776765E+02   0.2025483E+04   0.9326861E+02   0.2356894E+04   0.2310348E+03   0.5889343E+04   0.4446329E+00   0.7284476E+00   0.4624310E+00   0.6456955E+00   0.4610428E+00   0.6042570E+00   0.4561876E+00   0.5749597E+00   0.2899329E+00   0.2988738E+00   0.2481251E+02   0.1039010E+03   0.2751606E+02   0.1115270E+02   0.3956966E+03   0.2257174E+02   0.1151808E+05   0.7067556E+03   0.2559394E-01   0.1279349E+01   0.4139461E+01   0.5156925E+01   0.1194750E+05   0.5444403E+01
   0.7755335E+00   0.6333788E+04   0.2194714E-01   0.1145208E+00   0.1041495E+01   0.4843035E-01   0.2748202E+01   0.3009079E+01   0.9601680E+00   0.9977383E+00   0.2584691E+03   0.3808597E+02   0.1161946E+03   0.3564950E+02   0.4960426E+01   0.6885947E+00   0.4166631E+00   0.2152384E-02   0.1686586E+01   0.5819680E+00   0.9137822E+00   0.9928771E+00   0.1017598E+01   0.9973377E+00   0.9995839E+00   0.1004528E+01   0.9917362E+00   0.6564392E+02   0.6818075E+00   0.3181925E+00   0.1371131E+00   0.6451439E-03   0.9000640E-01   0.7885521E+00   0.8121097E+00   0.4448108E+00   0.5922470E+00   0.9732696E+00   0.9886787E+02   0.2411996E+01   0.7041931E+01   0.2026872E+01   0.1839756E+01   0.1214807E+04   0.5646635E+04   0.2514657E+04   0.8135410E+03   0.2306486E+03   0.9601680E+00   0.2411423E+00   0.2424532E+00   0.2560717E+01   0.1411957E+02   0.1089673E+04   0.1477551E+03   0.1041926E+01   0.1418095E+02   0.1058292E+04   0.1506124E+03   0.1380616E+00   0.1604617E+00   0.3396963E+04   0.1015854E-01   0.8132806E+00   0.4496942E+00   0.7088241E+02   0.6599058E+03   0.8088928E+02   0.1572181E+04   0.8752671E+02   0.2035547E+04   0.9307431E+02   0.2367759E+04   0.2315412E+03   0.5898513E+04   0.4487550E+00   0.7280325E+00   0.4651485E+00   0.6446530E+00   0.4630253E+00   0.6030028E+00   0.4576706E+00   0.5735941E+00   0.2889991E+00   0.2976441E+00   0.2912714E+02   0.1067611E+03   0.3266644E+02   0.1048418E+02   0.3957404E+03   0.2301316E+02   0.1151713E+05   0.7069795E+03   0.1071627E+00   0.8727971E+00   0.5831383E+01   0.7420909E+01   0.1194636E+05   0.6811343E+01
   0.1865556E+00   0.6331862E+04   0.2240223E-01   0.1189674E+00   0.1040644E+01   0.5186333E-01   0.3129675E+01   0.3030498E+01   0.9758981E+00   0.1000059E+01   0.2331324E+03   0.3309150E+02   0.9765435E+02   0.4689903E+02   0.8702333E+01   0.6596238E+00   0.9302159E+00   0.2739619E+00   0.1170789E+01   0.1334401E+01   0.1027821E+01   0.9903270E+00   0.9944552E+00   0.9988272E+00   0.1002768E+01   0.1001482E+01   0.9957722E+00   0.6862854E+02   0.6984745E+00   0.3015255E+00   0.1420148E+00   0.6451439E-03   0.9746268E-01   0.8026373E+00   0.8046755E+00   0.4407389E+00   0.5947718E+00   0.9688733E+00   0.1008209E+03   0.2383399E+01   0.7417297E+01   0.2070754E+01   0.1866726E+01   0.1198355E+04   0.5675554E+04   0.2523957E+04   0.8137492E+03   0.2294578E+03   0.9758981E+00   0.2465211E+00   0.2478517E+00   0.2608371E+01   0.1371126E+02   0.1089873E+04   0.1442558E+03   0.1040780E+01   0.1386036E+02   0.1060009E+04   0.1469082E+03   0.1407644E+00   0.1610209E+00   0.3340756E+04   0.1025349E-01   0.8243859E+00   0.4551387E+00   0.7382742E+02   0.6323890E+03   0.8380668E+02   0.1510596E+04   0.9045101E+02   0.1958411E+04   0.9601624E+02   0.2280166E+04   0.2361685E+03   0.5726059E+04   0.4460511E+00   0.7426729E+00   0.4664320E+00   0.6594151E+00   0.4662165E+00   0.6175575E+00   0.4620921E+00   0.5879011E+00   0.2968178E+00   0.3064599E+00   0.2877081E+02   0.1086119E+03   0.3286523E+02   0.1238721E+02   0.3957005E+03   0.2123999E+02   0.1151388E+05   0.7065398E+03   0.4711303E-02   0.1965459E+01   0.3397534E+01   0.8606110E+01   0.1194321E+05   0.5367704E+01
   0.7341951E+00   0.6330940E+04   0.2214994E-01   0.1129711E+00   0.1041700E+01   0.5549744E-01   0.2679488E+01   0.3023905E+01   0.9544184E+00   0.9997079E+00   0.2699344E+03   0.3200999E+02   0.7500678E+02   0.5142764E+02   0.2358558E+01   0.3429117E+00   0.9964160E+00   0.4088473E+00   0.4159307E+01   0.1246088E+01   0.1216090E+01   0.9628155E+00   0.8954724E+00   0.9964276E+00   0.1003535E+01   0.9913129E+00   0.9893316E+00   0.6561096E+02   0.6846166E+00   0.3153834E+00   0.1357662E+00   0.6451439E-03   0.8907750E-01   0.7887757E+00   0.8087463E+00   0.4429686E+00   0.5911031E+00   0.9737900E+00   0.9919553E+02   0.2436290E+01   0.7688904E+01   0.2057146E+01   0.1841029E+01   0.1236651E+04   0.5720318E+04   0.2521939E+04   0.8159011E+03   0.2318719E+03   0.9544184E+00   0.2402643E+00   0.2415720E+00   0.2498896E+01   0.1416216E+02   0.1089209E+04   0.1483911E+03   0.1042153E+01   0.1423890E+02   0.1058598E+04   0.1511874E+03   0.1379061E+00   0.1599889E+00   0.3396067E+04   0.1010695E-01   0.8141050E+00   0.4499772E+00   0.7080118E+02   0.6604546E+03   0.8072575E+02   0.1574179E+04   0.8731274E+02   0.2038583E+04   0.9282012E+02   0.2371658E+04   0.2304831E+03   0.5916005E+04   0.4471566E+00   0.7285074E+00   0.4641701E+00   0.6453669E+00   0.4623657E+00   0.6037917E+00   0.4572257E+00   0.5744195E+00   0.2895294E+00   0.2983000E+00   0.2695409E+02   0.1050276E+03   0.2871517E+02   0.9313108E+01   0.3963237E+03   0.2450838E+02   0.1150860E+05   0.7068739E+03   0.6820378E-01   0.1038582E+01   0.5089748E+01   0.1006295E+02   0.1193875E+05   0.6196534E+01
   0.1343972E+01   0.6332082E+04   0.2213759E-01   0.1125207E+00   0.1041733E+01   0.5535533E-01   0.2647767E+01   0.3023014E+01   0.9526394E+00   0.1000696E+01   0.2749596E+03   0.3733920E+02   0.7036678E+02   0.5815969E+02   0.5241700E+01   0.4302009E+00   0.9989493E+00   0.1390239E+00   0.2706681E+00   0.8536310E+00   0.1204823E+01   0.1001981E+01   0.1073850E+01   0.9961529E+00   0.1005154E+01   0.9922379E+00   0.9891844E+00   0.6539490E+02   0.6836111E+00   0.3163889E+00   0.1353035E+00   0.6451439E-03   0.8848157E-01   0.7874424E+00   0.8086653E+00   0.4429242E+00   0.5905737E+00   0.9737487E+00   0.9907491E+02   0.2440032E+01   0.7664490E+01   0.2055314E+01   0.1839913E+01   0.1240638E+04   0.5728771E+04   0.2522964E+04   0.8163560E+03   0.2321185E+03   0.9526394E+00   0.2398101E+00   0.2411160E+00   0.2490003E+01   0.1419610E+02   0.1089150E+04   0.1486988E+03   0.1042210E+01   0.1426764E+02   0.1058521E+04   0.1515025E+03   0.1377040E+00   0.1599010E+00   0.3399665E+04   0.1009498E-01   0.8134293E+00   0.4496333E+00   0.7058504E+02   0.6625513E+03   0.8050441E+02   0.1578930E+04   0.8708647E+02   0.2044575E+04   0.9258905E+02   0.2378498E+04   0.2300606E+03   0.5930288E+04   0.4470200E+00   0.7271815E+00   0.4637879E+00   0.6440894E+00   0.4618738E+00   0.6025541E+00   0.4566660E+00   0.5732159E+00   0.2888895E+00   0.2975972E+00   0.2970735E+02   0.1065128E+03   0.3201062E+02   0.9453810E+01   0.3962832E+03   0.2472612E+02   0.1150772E+05   0.7069102E+03   0.8142222E-01   0.9818667E+00   0.5349292E+01   0.1266207E+02   0.1193818E+05   0.6412581E+01
   0.9727402E+00   0.6330931E+04   0.2240568E-01   0.1158371E+00   0.1041413E+01   0.5852827E-01   0.2852559E+01   0.3038595E+01   0.9615787E+00   0.1000064E+01   0.2281954E+03   0.3385031E+02   0.9878187E+02   0.4083077E+02   0.8357961E+01   0.5312870E+00   0.8799015E+00   0.2458633E+00   0.2488220E+01   0.7533230E+00   0.8987232E+00   0.1035741E+01   0.1145201E+01   0.9986271E+00   0.9994659E+00   0.9948201E+00   0.9839392E+00   0.6674988E+02   0.6882808E+00   0.3117192E+00   0.1388879E+00   0.6451439E-03   0.9270751E-01   0.7999115E+00   0.8153856E+00   0.4466051E+00   0.5976994E+00   0.9790766E+00   0.9956852E+02   0.2436492E+01   0.8003235E+01   0.2087588E+01   0.1856983E+01   0.1229478E+04   0.5726055E+04   0.2527319E+04   0.8169037E+03   0.2318607E+03   0.9615787E+00   0.2427853E+00   0.2441023E+00   0.2512088E+01   0.1396648E+02   0.1089319E+04   0.1464864E+03   0.1041723E+01   0.1406194E+02   0.1059551E+04   0.1491666E+03   0.1394771E+00   0.1601776E+00   0.3391648E+04   0.1021638E-01   0.8155201E+00   0.4505232E+00   0.7196995E+02   0.6494611E+03   0.8196399E+02   0.1548866E+04   0.8860257E+02   0.2006384E+04   0.9415567E+02   0.2334672E+04   0.2332290E+03   0.5833868E+04   0.4511357E+00   0.7391451E+00   0.4691959E+00   0.6551760E+00   0.4677880E+00   0.6131280E+00   0.4628620E+00   0.5833996E+00   0.2941713E+00   0.3032527E+00   0.2946466E+02   0.1055092E+03   0.3048469E+02   0.8869270E+01   0.3970091E+03   0.2357737E+02   0.1151182E+05   0.7067550E+03   0.3493078E-01   0.1217317E+01   0.4494967E+01   0.8087556E+01   0.1194127E+05   0.5747215E+01
   0.1077519E+01   0.6333075E+04   0.2229196E-01   0.1164607E+00   0.1041289E+01   0.5512225E-01   0.2841083E+01   0.3033080E+01   0.9574853E+00   0.9989861E+00   0.2732662E+03   0.3864113E+02   0.9190725E+02   0.4500631E+02   0.5717890E+01   0.6262911E+00   0.7390241E+00   0.3956744E+00   0.4413081E+01   0.1419699E+01   0.9361617E+00   0.9218207E+00   0.1016913E+01   0.9989104E+00   0.1000646E+01   0.9982968E+00   0.9867945E+00   0.6625916E+02   0.6824850E+00   0.3175150E+00   0.1393978E+00   0.6451439E-03   0.9236382E-01   0.7993649E+00   0.8223686E+00   0.4504298E+00   0.6000481E+00   0.9820240E+00   0.9884837E+02   0.2447502E+01   0.7698059E+01   0.2076107E+01   0.1859393E+01   0.1237368E+04   0.5727334E+04   0.2526299E+04   0.8151138E+03   0.2310673E+03   0.9574853E+00   0.2425794E+00   0.2438956E+00   0.2529044E+01   0.1399735E+02   0.1089504E+04   0.1464676E+03   0.1041606E+01   0.1406170E+02   0.1059322E+04   0.1491845E+03   0.1394186E+00   0.1602474E+00   0.3409556E+04   0.1026218E-01   0.8118941E+00   0.4487106E+00   0.7153135E+02   0.6538726E+03   0.8161372E+02   0.1557961E+04   0.8830218E+02   0.2017236E+04   0.9389287E+02   0.2346542E+04   0.2334808E+03   0.5847385E+04   0.4544996E+00   0.7380738E+00   0.4712550E+00   0.6536074E+00   0.4691741E+00   0.6114043E+00   0.4637943E+00   0.5816015E+00   0.2930409E+00   0.3018413E+00   0.3078317E+02   0.1058932E+03   0.3236192E+02   0.8466793E+01   0.3962774E+03   0.2452139E+02   0.1151539E+05   0.7069529E+03   0.1121027E+00   0.8201760E+00   0.6097883E+01   0.7507563E+01   0.1194466E+05   0.7030162E+01
   0.5726317E+00   0.6330194E+04   0.2244217E-01   0.1162050E+00   0.1041387E+01   0.5815592E-01   0.2951092E+01   0.3038599E+01   0.9714633E+00   0.9994797E+00   0.2395555E+03   0.4677421E+02   0.7796063E+02   0.5044799E+02   0.4862400E+01   0.8167697E+00   0.8100319E+00   0.9547503E+00   0.5144868E+00   0.1156642E+01   0.1166862E+01   0.1001918E+01   0.1200037E+01   0.9966267E+00   0.1002698E+01   0.9950820E+00   0.9909160E+00   0.6780457E+02   0.6970233E+00   0.3029767E+00   0.1392923E+00   0.6451439E-03   0.9444655E-01   0.8009281E+00   0.8048918E+00   0.4408574E+00   0.5942180E+00   0.9726667E+00   0.1006980E+03   0.2402972E+01   0.7975769E+01   0.2087597E+01   0.1858374E+01   0.1207907E+04   0.5697321E+04   0.2529185E+04   0.8185631E+03   0.2320705E+03   0.9714633E+00   0.2441453E+00   0.2454672E+00   0.2539518E+01   0.1385939E+02   0.1089404E+04   0.1458502E+03   0.1041634E+01   0.1400205E+02   0.1059742E+04   0.1485121E+03   0.1397985E+00   0.1604929E+00   0.3355985E+04   0.1017740E-01   0.8221456E+00   0.4539541E+00   0.7296372E+02   0.6399812E+03   0.8286503E+02   0.1528375E+04   0.8945523E+02   0.1981227E+04   0.9497407E+02   0.2306538E+04   0.2338454E+03   0.5788101E+04   0.4460720E+00   0.7409481E+00   0.4660906E+00   0.6577257E+00   0.4657048E+00   0.6159097E+00   0.4614719E+00   0.5862919E+00   0.2959681E+00   0.3055021E+00   0.2766239E+02   0.1028316E+03   0.3150097E+02   0.1012411E+02   0.3966355E+03   0.2191904E+02   0.1151243E+05   0.7065599E+03   0.1963833E-02   0.1891919E+01   0.3380529E+01   0.7446565E+01   0.1194111E+05   0.5274412E+01
   0.6141984E+00   0.6328822E+04   0.2245126E-01   0.1210562E+00   0.1040892E+01   0.5155678E-01   0.3177956E+01   0.3034725E+01   0.9751553E+00   0.9976689E+00   0.2593567E+03   0.4638587E+02   0.1048351E+03   0.4106440E+02   0.2303530E+01   0.6733824E+00   0.3860788E+00   0.6681789E+00   0.3970412E+01   0.8574972E+00   0.9706479E+00   0.8658487E+00   0.1062821E+01   0.9962245E+00   0.9994248E+00   0.9939623E+00   0.9918113E+00   0.6857361E+02   0.6934448E+00   0.3065552E+00   0.1441527E+00   0.6451439E-03   0.9885067E-01   0.8096930E+00   0.8184913E+00   0.4483062E+00   0.6024868E+00   0.9777817E+00   0.1001644E+03   0.2400989E+01   0.7414246E+01   0.2079525E+01   0.1875783E+01   0.1202351E+04   0.5673727E+04   0.2526370E+04   0.8137867E+03   0.2294296E+03   0.9751553E+00   0.2471756E+00   0.2485086E+00   0.2615954E+01   0.1365915E+02   0.1090038E+04   0.1434474E+03   0.1040978E+01   0.1378006E+02   0.1060314E+04   0.1460684E+03   0.1415100E+00   0.1611060E+00   0.3369687E+04   0.1037535E-01   0.8194510E+00   0.4525352E+00   0.7384842E+02   0.6325726E+03   0.8396628E+02   0.1509817E+04   0.9069502E+02   0.1956603E+04   0.9632724E+02   0.2277405E+04   0.2377728E+03   0.5704912E+04   0.4532861E+00   0.7486904E+00   0.4727126E+00   0.6641929E+00   0.4718919E+00   0.6217962E+00   0.4673180E+00   0.5917898E+00   0.2985641E+00   0.3080351E+00   0.3051877E+02   0.1063904E+03   0.3138457E+02   0.9919336E+01   0.3957718E+03   0.2172190E+02   0.1151207E+05   0.7066245E+03   0.4476826E-02   0.1539698E+01   0.3765210E+01   0.6230098E+01   0.1193948E+05   0.5309385E+01
   0.9950198E+00   0.6333944E+04   0.2225061E-01   0.1186642E+00   0.1041238E+01   0.5258635E-01   0.2943473E+01   0.3037575E+01   0.9573593E+00   0.9994372E+00   0.2821344E+03   0.4399860E+02   0.1098236E+03   0.3520687E+02   0.1734247E+01   0.4966378E+00   0.6131663E+00   0.7141997E+00   0.4374554E+01   0.1275374E+01   0.1143912E+01   0.1113080E+01   0.1210032E+01   0.9977930E+00   0.1002566E+01   0.9969290E+00   0.9942248E+00   0.6663269E+02   0.6811653E+00   0.3188347E+00   0.1415599E+00   0.6451439E-03   0.9432517E-01   0.8055690E+00   0.8304718E+00   0.4548681E+00   0.6053327E+00   0.9868680E+00   0.9868407E+02   0.2457350E+01   0.7496643E+01   0.2085461E+01   0.1877268E+01   0.1246025E+04   0.5752065E+04   0.2536353E+04   0.8154800E+03   0.2304156E+03   0.9573593E+00   0.2439634E+00   0.2452847E+00   0.2572491E+01   0.1390237E+02   0.1089853E+04   0.1453875E+03   0.1041496E+01   0.1395949E+02   0.1059475E+04   0.1481016E+03   0.1401122E+00   0.1606218E+00   0.3414427E+04   0.1034920E-01   0.8109617E+00   0.4482553E+00   0.7195811E+02   0.6500896E+03   0.8213395E+02   0.1548633E+04   0.8888243E+02   0.2004954E+04   0.9452239E+02   0.2332088E+04   0.2352461E+03   0.5807841E+04   0.4588318E+00   0.7436740E+00   0.4754238E+00   0.6584263E+00   0.4731750E+00   0.6158539E+00   0.4676509E+00   0.5857982E+00   0.2950906E+00   0.3039070E+00   0.2979105E+02   0.1083992E+03   0.2945833E+02   0.8573554E+01   0.3959401E+03   0.2508318E+02   0.1151636E+05   0.7070054E+03   0.1351788E+00   0.7688989E+00   0.6553187E+01   0.7471407E+01   0.1194595E+05   0.7457265E+01
   0.7105029E+00   0.6333613E+04   0.2209963E-01   0.1156483E+00   0.1041007E+01   0.5085705E-01   0.2801231E+01   0.3021729E+01   0.9564342E+00   0.1000471E+01   0.2360051E+03   0.3098144E+02   0.9142626E+02   0.4570960E+02   0.5321382E+01   0.7591808E+00   0.3048857E+00   0.8221312E-01   0.3032095E+01   0.1065291E+01   0.1183406E+01   0.1093866E+01   0.1536188E+01   0.9956103E+00   0.1002447E+01   0.9963460E+00   0.9872253E+00   0.6583069E+02   0.6806569E+00   0.3193431E+00   0.1383931E+00   0.6451439E-03   0.9110510E-01   0.7935722E+00   0.8187561E+00   0.4484512E+00   0.5965554E+00   0.9780752E+00   0.9863917E+02   0.2436870E+01   0.7286072E+01   0.2052674E+01   0.1854156E+01   0.1234472E+04   0.5710093E+04   0.2523713E+04   0.8140910E+03   0.2305465E+03   0.9564342E+00   0.2419485E+00   0.2432624E+00   0.2551053E+01   0.1406530E+02   0.1089633E+04   0.1470462E+03   0.1041384E+01   0.1412027E+02   0.1058788E+04   0.1498377E+03   0.1387564E+00   0.1603444E+00   0.3403588E+04   0.1021601E-01   0.8121808E+00   0.4489955E+00   0.7110122E+02   0.6579610E+03   0.8116847E+02   0.1567262E+04   0.8784421E+02   0.2028994E+04   0.9342301E+02   0.2359986E+04   0.2325853E+03   0.5875956E+04   0.4523254E+00   0.7325546E+00   0.4685647E+00   0.6485342E+00   0.4662945E+00   0.6065823E+00   0.4608154E+00   0.5769676E+00   0.2906465E+00   0.2992978E+00   0.2880939E+02   0.1085111E+03   0.3366473E+02   0.9226161E+01   0.3956916E+03   0.2407389E+02   0.1150804E+05   0.7070264E+03   0.1414710E+00   0.7688989E+00   0.6644206E+01   0.1561164E+02   0.1193703E+05   0.7554576E+01
   0.6688008E+00   0.6336916E+04   0.2236207E-01   0.1191789E+00   0.1040956E+01   0.4212401E-01   0.3011769E+01   0.3017649E+01   0.9631253E+00   0.1000237E+01   0.2186793E+03   0.4807766E+02   0.9777655E+02   0.4521187E+02   0.5878342E+01   0.9429900E+00   0.2964434E+00   0.8842005E+00   0.3524004E+01   0.9469189E+00   0.5615681E+00   0.9596650E+00   0.1221437E+01   0.9981956E+00   0.1002242E+01   0.9916127E+00   0.9897038E+00   0.6724792E+02   0.6855878E+00   0.3144122E+00   0.1421861E+00   0.6451439E-03   0.9561721E-01   0.7982744E+00   0.8172243E+00   0.4476122E+00   0.5977603E+00   0.9734480E+00   0.9918520E+02   0.2414566E+01   0.6373596E+01   0.2044318E+01   0.1879144E+01   0.1231158E+04   0.5741864E+04   0.2538229E+04   0.8170941E+03   0.2306401E+03   0.9631253E+00   0.2449331E+00   0.2462580E+00   0.2575127E+01   0.1382951E+02   0.1089824E+04   0.1448217E+03   0.1041164E+01   0.1390960E+02   0.1059818E+04   0.1474918E+03   0.1405715E+00   0.1606711E+00   0.3398007E+04   0.1034721E-01   0.8140274E+00   0.4497693E+00   0.7255072E+02   0.6444582E+03   0.8269560E+02   0.1536283E+04   0.8943027E+02   0.1989659E+04   0.9506181E+02   0.2314863E+04   0.2358994E+03   0.5776951E+04   0.4518974E+00   0.7373670E+00   0.4693196E+00   0.6533083E+00   0.4676006E+00   0.6112590E+00   0.4624715E+00   0.5815462E+00   0.2931087E+00   0.3020561E+00   0.2961377E+02   0.1086333E+03   0.3365729E+02   0.9533258E+01   0.3967160E+03   0.2338332E+02   0.1152100E+05   0.7068403E+03   0.7081688E-01   0.9818667E+00   0.5332940E+01   0.9969963E+01   0.1195064E+05   0.6385624E+01
   0.1075460E+01   0.6334635E+04   0.2216767E-01   0.1153620E+00   0.1041531E+01   0.5169740E-01   0.2779263E+01   0.3025632E+01   0.9530324E+00   0.9993031E+00   0.2577491E+03   0.2963810E+02   0.9783628E+02   0.3777221E+02   0.5545605E+01   0.7135231E+00   0.5847625E+00   0.2526028E+00   0.6180312E+01   0.1141570E+01   0.6507299E+00   0.9800866E+00   0.8992129E+00   0.1001282E+01   0.1001621E+01   0.9932888E+00   0.9925907E+00   0.6590027E+02   0.6818334E+00   0.3181666E+00   0.1381748E+00   0.6451439E-03   0.9105759E-01   0.7940103E+00   0.8176977E+00   0.4478715E+00   0.5963343E+00   0.9780984E+00   0.9882155E+02   0.2447685E+01   0.7350159E+01   0.2060702E+01   0.1858281E+01   0.1247547E+04   0.5748791E+04   0.2529590E+04   0.8154181E+03   0.2310211E+03   0.9530324E+00   0.2416706E+00   0.2429835E+00   0.2530661E+01   0.1406521E+02   0.1089500E+04   0.1471860E+03   0.1041913E+01   0.1412651E+02   0.1058903E+04   0.1499562E+03   0.1387744E+00   0.1602528E+00   0.3408592E+04   0.1021541E-01   0.8118695E+00   0.4487941E+00   0.7115652E+02   0.6573635E+03   0.8120203E+02   0.1566124E+04   0.8786508E+02   0.2027706E+04   0.9343411E+02   0.2358639E+04   0.2324358E+03   0.5875801E+04   0.4518532E+00   0.7330707E+00   0.4683592E+00   0.6491128E+00   0.4662209E+00   0.6071737E+00   0.4608290E+00   0.5775610E+00   0.2909903E+00   0.2996985E+00   0.2778726E+02   0.1044975E+03   0.3236512E+02   0.8445025E+01   0.3957723E+03   0.2545560E+02   0.1151699E+05   0.7069785E+03   0.1146018E+00   0.8201760E+00   0.6057785E+01   0.8636500E+01   0.1194666E+05   0.6992563E+01
   0.8618030E+00   0.6331798E+04   0.2212274E-01   0.1145006E+00   0.1041728E+01   0.5269149E-01   0.2713939E+01   0.3022859E+01   0.9505654E+00   0.1000211E+01   0.2045083E+03   0.4982721E+02   0.9406813E+02   0.4662529E+02   0.8663120E+01   0.8567029E+00   0.9566410E+00   0.9385185E+00   0.1444459E+01   0.1286302E+01   0.1189240E+01   0.8835978E+00   0.9985739E+00   0.9967653E+00   0.9997783E+00   0.9863314E+00   0.9880939E+00   0.6546082E+02   0.6796624E+00   0.3203376E+00   0.1372685E+00   0.6451439E-03   0.8985705E-01   0.7916584E+00   0.8180524E+00   0.4480658E+00   0.5955796E+00   0.9784691E+00   0.9858326E+02   0.2452272E+01   0.7441711E+01   0.2054996E+01   0.1849455E+01   0.1248192E+04   0.5735246E+04   0.2523164E+04   0.8140589E+03   0.2309293E+03   0.9505654E+00   0.2407388E+00   0.2420483E+00   0.2516030E+01   0.1413250E+02   0.1089416E+04   0.1478038E+03   0.1042153E+01   0.1418255E+02   0.1058674E+04   0.1505989E+03   0.1383457E+00   0.1601142E+00   0.3417209E+04   0.1019455E-01   0.8103162E+00   0.4480182E+00   0.7071630E+02   0.6616173E+03   0.8075439E+02   0.1575724E+04   0.8740929E+02   0.2039788E+04   0.9296998E+02   0.2372409E+04   0.2316087E+03   0.5904126E+04   0.4518629E+00   0.7306931E+00   0.4678429E+00   0.6467833E+00   0.4654642E+00   0.6049026E+00   0.4599215E+00   0.5753439E+00   0.2898006E+00   0.2983801E+00   0.3129928E+02   0.1048753E+03   0.3360640E+02   0.8797886E+01   0.3959366E+03   0.2553422E+02   0.1150822E+05   0.7070686E+03   0.1495260E+00   0.7194209E+00   0.6683390E+01   0.1048475E+02   0.1193849E+05   0.7552337E+01
   0.6286496E+00   0.6335050E+04   0.2222716E-01   0.1176596E+00   0.1040994E+01   0.4164593E-01   0.2952466E+01   0.3013671E+01   0.9600456E+00   0.9998702E+00   0.2669084E+03   0.5256041E+02   0.1173936E+03   0.3678572E+02   0.5409376E+01   0.9419263E+00   0.3259230E+00   0.9016820E+00   0.1086271E+01   0.1009455E+01   0.7315274E+00   0.8974299E+00   0.9937604E+00   0.9983860E+00   0.1000098E+01   0.9990488E+00   0.1000452E+01   0.6699158E+02   0.6868629E+00   0.3131371E+00   0.1405319E+00   0.6451439E-03   0.9414453E-01   0.7931122E+00   0.8102914E+00   0.4438149E+00   0.5932917E+00   0.9690017E+00   0.9938344E+02   0.2412162E+01   0.6321716E+01   0.2036201E+01   0.1873473E+01   0.1236528E+04   0.5751064E+04   0.2536680E+04   0.8160038E+03   0.2301890E+03   0.9600456E+00   0.2440758E+00   0.2453975E+00   0.2580083E+01   0.1389809E+02   0.1089803E+04   0.1456243E+03   0.1041258E+01   0.1398542E+02   0.1059361E+04   0.1483521E+03   0.1397971E+00   0.1606852E+00   0.3385366E+04   0.1026742E-01   0.8159053E+00   0.4508500E+00   0.7225579E+02   0.6469939E+03   0.8232578E+02   0.1542643E+04   0.8901269E+02   0.1998100E+04   0.9460522E+02   0.2324853E+04   0.2345629E+03   0.5805460E+04   0.4481693E+00   0.7327256E+00   0.4657666E+00   0.6493355E+00   0.4642089E+00   0.6075998E+00   0.4592148E+00   0.5781008E+00   0.2914323E+00   0.3003780E+00   0.2949454E+02   0.1059021E+03   0.3487579E+02   0.9698902E+01   0.3968263E+03   0.2394356E+02   0.1152411E+05   0.7067985E+03   0.5022348E-01   0.1096772E+01   0.4840122E+01   0.2733776E+01   0.1195458E+05   0.5987118E+01
   0.5049483E+00   0.6333800E+04   0.2198208E-01   0.1162139E+00   0.1041052E+01   0.3742241E-01   0.2818225E+01   0.3001118E+01   0.9574283E+00   0.1000747E+01   0.2433163E+03   0.4355684E+02   0.1165276E+03   0.3016333E+02   0.2145319E+01   0.7570652E+00   0.1930596E+00   0.5629455E+00   0.3997215E+01   0.1141725E+01   0.6097365E+00   0.9943080E+00   0.8245616E+00   0.9981785E+00   0.9999321E+00   0.9933868E+00   0.9955688E+00   0.6575012E+02   0.6788373E+00   0.3211627E+00   0.1388411E+00   0.6451439E-03   0.9128822E-01   0.7876462E+00   0.8149539E+00   0.4463687E+00   0.5929423E+00   0.9713660E+00   0.9844546E+02   0.2413191E+01   0.5854797E+01   0.2010800E+01   0.1865796E+01   0.1234209E+04   0.5720592E+04   0.2537980E+04   0.8184473E+03   0.2313709E+03   0.9574283E+00   0.2421331E+00   0.2434476E+00   0.2579040E+01   0.1406018E+02   0.1089851E+04   0.1468961E+03   0.1041419E+01   0.1410538E+02   0.1058559E+04   0.1497267E+03   0.1387140E+00   0.1605628E+00   0.3406625E+04   0.1023717E-01   0.8113573E+00   0.4486534E+00   0.7104081E+02   0.6586571E+03   0.8114615E+02   0.1568469E+04   0.8784437E+02   0.2030263E+04   0.9344069E+02   0.2361222E+04   0.2329079E+03   0.5874001E+04   0.4500757E+00   0.7269091E+00   0.4657887E+00   0.6433458E+00   0.4633264E+00   0.6016511E+00   0.4577473E+00   0.5722288E+00   0.2881876E+00   0.2966941E+00   0.2778347E+02   0.1038919E+03   0.3146001E+02   0.9830810E+01   0.3980612E+03   0.2377427E+02   0.1151415E+05   0.7071048E+03   0.1729899E+00   0.6715329E+00   0.7198215E+01   0.6634628E+01   0.1194582E+05   0.8042738E+01
   0.3665561E+00   0.6332774E+04   0.2226047E-01   0.1176122E+00   0.1040632E+01   0.4483484E-01   0.3004761E+01   0.3013670E+01   0.9679265E+00   0.9972982E+00   0.2302969E+03   0.3723178E+02   0.1286157E+03   0.2502876E+02   0.3883317E+01   0.6576577E+00   0.6061958E-01   0.2737934E+00   0.3940498E+01   0.1183670E+01   0.6970481E+00   0.9755068E+00   0.9421307E+00   0.9989388E+00   0.9980933E+00   0.9926500E+00   0.9984951E+00   0.6752991E+02   0.6918664E+00   0.3081336E+00   0.1405178E+00   0.6451439E-03   0.9489153E-01   0.7932455E+00   0.8039267E+00   0.4403288E+00   0.5910066E+00   0.9652938E+00   0.9998447E+02   0.2387886E+01   0.6669617E+01   0.2036199E+01   0.1861560E+01   0.1211228E+04   0.5690090E+04   0.2523166E+04   0.8133117E+03   0.2294665E+03   0.9679265E+00   0.2447969E+00   0.2461212E+00   0.2591961E+01   0.1384995E+02   0.1089807E+04   0.1453448E+03   0.1040863E+01   0.1396387E+02   0.1059475E+04   0.1480595E+03   0.1399251E+00   0.1607861E+00   0.3361121E+04   0.1023009E-01   0.8201469E+00   0.4530320E+00   0.7275360E+02   0.6422042E+03   0.8276213E+02   0.1532431E+04   0.8941580E+02   0.1985662E+04   0.9498408E+02   0.2311027E+04   0.2347068E+03   0.5784789E+04   0.4450847E+00   0.7333342E+00   0.4637822E+00   0.6504079E+00   0.4628008E+00   0.6088244E+00   0.4581985E+00   0.5794028E+00   0.2922795E+00   0.3014693E+00   0.2706593E+02   0.1039900E+03   0.2842696E+02   0.1091642E+02   0.3962489E+03   0.2240689E+02   0.1151818E+05   0.7066598E+03   0.1043905E-01   0.1407057E+01   0.3930996E+01   0.5783133E+01   0.1194776E+05   0.5348492E+01
   0.8422382E+00   0.6329715E+04   0.2254972E-01   0.1211563E+00   0.1040622E+01   0.5353202E-01   0.3198874E+01   0.3046038E+01   0.9763485E+00   0.1000914E+01   0.2109329E+03   0.3957972E+02   0.1208358E+03   0.2915085E+02   0.7367595E+01   0.7359697E+00   0.4822045E+00   0.3491722E+00   0.4112949E+00   0.1010701E+01   0.6775880E+00   0.1165138E+01   0.1140358E+01   0.9976984E+00   0.1000543E+01   0.9948608E+00   0.9872613E+00   0.6877136E+02   0.6947856E+00   0.3052144E+00   0.1443511E+00   0.6451439E-03   0.9927224E-01   0.8137221E+00   0.8207633E+00   0.4495506E+00   0.6048216E+00   0.9812333E+00   0.1002917E+03   0.2409747E+01   0.7597351E+01   0.2103186E+01   0.1889646E+01   0.1209966E+04   0.5721104E+04   0.2544120E+04   0.8196691E+03   0.2312457E+03   0.9763485E+00   0.2474863E+00   0.2488204E+00   0.2605353E+01   0.1363640E+02   0.1089943E+04   0.1432458E+03   0.1040689E+01   0.1376451E+02   0.1060543E+04   0.1458336E+03   0.1417592E+00   0.1610045E+00   0.3365061E+04   0.1037539E-01   0.8203735E+00   0.4529363E+00   0.7404134E+02   0.6308269E+03   0.8414908E+02   0.1505977E+04   0.9087319E+02   0.1951840E+04   0.9650254E+02   0.2272036E+04   0.2379808E+03   0.5695251E+04   0.4546452E+00   0.7525529E+00   0.4744744E+00   0.6677705E+00   0.4738120E+00   0.6252084E+00   0.4693264E+00   0.5950763E+00   0.3002753E+00   0.3098642E+00   0.2718695E+02   0.1049581E+03   0.3077661E+02   0.9314553E+01   0.3959069E+03   0.2166627E+02   0.1151406E+05   0.7065978E+03   0.1675860E-02   0.1607985E+01   0.3688716E+01   0.6588892E+01   0.1194094E+05   0.5298377E+01
   0.1355793E+00   0.6329687E+04   0.2237230E-01   0.1135258E+00   0.1041474E+01   0.5364097E-01   0.2836508E+01   0.3024273E+01   0.9673617E+00   0.1001205E+01   0.2418759E+03   0.2898334E+02   0.9333652E+02   0.4509480E+02   0.6126561E+01   0.6792808E+00   0.5611361E+00   0.2026379E+00   0.1869111E+01   0.8729609E+00   0.9310934E+00   0.9617427E+00   0.1160231E+01   0.9981496E+00   0.1001405E+01   0.1000291E+01   0.9921691E+00   0.6738708E+02   0.6993114E+00   0.3006886E+00   0.1365433E+00   0.6451439E-03   0.9201252E-01   0.7884276E+00   0.7893319E+00   0.4323349E+00   0.5838363E+00   0.9604472E+00   0.1010319E+03   0.2387331E+01   0.7484436E+01   0.2057903E+01   0.1848558E+01   0.1213646E+04   0.5719732E+04   0.2529172E+04   0.8193115E+03   0.2324766E+03   0.9673617E+00   0.2425505E+00   0.2438666E+00   0.2512597E+01   0.1397509E+02   0.1089140E+04   0.1472234E+03   0.1041796E+01   0.1413169E+02   0.1059322E+04   0.1499278E+03   0.1387285E+00   0.1602470E+00   0.3341502E+04   0.1005424E-01   0.8245818E+00   0.4552765E+00   0.7247485E+02   0.6441321E+03   0.8225001E+02   0.1538845E+04   0.8875966E+02   0.1995165E+04   0.9421266E+02   0.2323065E+04   0.2315998E+03   0.5836125E+04   0.4376676E+00   0.7296093E+00   0.4578697E+00   0.6479111E+00   0.4577547E+00   0.6068242E+00   0.4537697E+00   0.5777087E+00   0.2917441E+00   0.3012359E+00   0.2575334E+02   0.1050612E+03   0.2979471E+02   0.1303555E+02   0.3958049E+03   0.2208440E+02   0.1151297E+05   0.7065299E+03   0.1266131E-01   0.2116489E+01   0.3360349E+01   0.3459899E+01   0.1194389E+05   0.5489498E+01
   0.4293721E+00   0.6327630E+04   0.2225725E-01   0.1123365E+00   0.1041416E+01   0.5054989E-01   0.2688395E+01   0.3014243E+01   0.9572781E+00   0.9995171E+00   0.2374067E+03   0.2642360E+02   0.9558453E+02   0.4559957E+02   0.5354112E+01   0.6285397E+00   0.6224952E+00   0.1530293E-01   0.1555256E+01   0.1001840E+01   0.1032978E+01   0.8851749E+00   0.9536216E+00   0.9979673E+00   0.1001392E+01   0.9929054E+00   0.9835452E+00   0.6593689E+02   0.6889397E+00   0.3110603E+00   0.1352389E+00   0.6451439E-03   0.8917230E-01   0.7824735E+00   0.7967670E+00   0.4364072E+00   0.5843604E+00   0.9636191E+00   0.9969270E+02   0.2410666E+01   0.7154846E+01   0.2037367E+01   0.1841460E+01   0.1230912E+04   0.5733938E+04   0.2526436E+04   0.8184913E+03   0.2326814E+03   0.9572781E+00   0.2404349E+00   0.2417432E+00   0.2482265E+01   0.1414687E+02   0.1089027E+04   0.1484342E+03   0.1041851E+01   0.1424717E+02   0.1058826E+04   0.1511941E+03   0.1379419E+00   0.1598546E+00   0.3378560E+04   0.1006119E-01   0.8173339E+00   0.4515770E+00   0.7108515E+02   0.6574943E+03   0.8093887E+02   0.1568193E+04   0.8748527E+02   0.2031529E+04   0.9296172E+02   0.2364023E+04   0.2301654E+03   0.5909140E+04   0.4408974E+00   0.7231009E+00   0.4587167E+00   0.6410311E+00   0.4574192E+00   0.5999231E+00   0.4526547E+00   0.5708553E+00   0.2878976E+00   0.2968007E+00   0.2536681E+02   0.1047150E+03   0.2958779E+02   0.1052393E+02   0.3956901E+03   0.2381821E+02   0.1151015E+05   0.7067359E+03   0.2559130E-01   0.1279349E+01   0.4230790E+01   0.2811178E+01   0.1194018E+05   0.5535730E+01
   0.5929688E+00   0.6331409E+04   0.2252201E-01   0.1143316E+00   0.1041560E+01   0.5926450E-01   0.2864977E+01   0.3046218E+01   0.9663171E+00   0.1005379E+01   0.2542134E+03   0.2196565E+02   0.1023278E+03   0.3587165E+02   0.2492866E+01   0.6649955E+00   0.1835812E+00   0.1252129E+00   0.7532614E+01   0.9438356E+00   0.1120365E+01   0.1035295E+01   0.1186644E+01   0.9973721E+00   0.1002465E+01   0.9914229E+00   0.9890688E+00   0.6758118E+02   0.6989440E+00   0.3010560E+00   0.1374988E+00   0.6451439E-03   0.9292330E-01   0.7982669E+00   0.7996706E+00   0.4379977E+00   0.5913028E+00   0.9710358E+00   0.1009548E+03   0.2417669E+01   0.8024597E+01   0.2103563E+01   0.1868440E+01   0.1231161E+04   0.5786874E+04   0.2550373E+04   0.8255645E+03   0.2344769E+03   0.9663171E+00   0.2429988E+00   0.2443166E+00   0.2496011E+01   0.1393009E+02   0.1089056E+04   0.1467366E+03   0.1041846E+01   0.1408429E+02   0.1059742E+04   0.1493830E+03   0.1392881E+00   0.1601404E+00   0.3351819E+04   0.1010508E-01   0.8231942E+00   0.4544422E+00   0.7269075E+02   0.6422450E+03   0.8250447E+02   0.1534249E+04   0.8903925E+02   0.1989149E+04   0.9451306E+02   0.2316013E+04   0.2323969E+03   0.5817379E+04   0.4433569E+00   0.7386780E+00   0.4637315E+00   0.6559235E+00   0.4635725E+00   0.6143112E+00   0.4595086E+00   0.5848258E+00   0.2953175E+00   0.3049118E+00   0.2542364E+02   0.1070543E+03   0.2959619E+02   0.1008015E+02   0.3969397E+03   0.2258825E+02   0.1151111E+05   0.7065341E+03   0.9328205E-02   0.2040338E+01   0.3360479E+01   0.1015510E+02   0.1194072E+05   0.5410145E+01
   0.4182491E+00   0.6330093E+04   0.2210811E-01   0.1158867E+00   0.1041572E+01   0.5494830E-01   0.2886651E+01   0.3023874E+01   0.9640328E+00   0.9963064E+00   0.2713547E+03   0.4491689E+02   0.1143766E+03   0.3778594E+02   0.3303469E+01   0.6030660E+00   0.7044208E+00   0.3548981E+00   0.2067186E+01   0.8508040E+00   0.1005022E+01   0.8932891E+00   0.8152578E+00   0.9972730E+00   0.1000156E+01   0.9910561E+00   0.9909325E+00   0.6694763E+02   0.6906728E+00   0.3093272E+00   0.1386400E+00   0.6451439E-03   0.9281620E-01   0.7953339E+00   0.8076030E+00   0.4423424E+00   0.5931357E+00   0.9720350E+00   0.9996091E+02   0.2409906E+01   0.7719421E+01   0.2057083E+01   0.1842996E+01   0.1211835E+04   0.5652566E+04   0.2508032E+04   0.8092793E+03   0.2288373E+03   0.9640328E+00   0.2431296E+00   0.2444479E+00   0.2579524E+01   0.1395561E+02   0.1089729E+04   0.1465287E+03   0.1041888E+01   0.1406376E+02   0.1058903E+04   0.1493121E+03   0.1389677E+00   0.1607439E+00   0.3369727E+04   0.1017419E-01   0.8187964E+00   0.4524614E+00   0.7214221E+02   0.6477368E+03   0.8209859E+02   0.1545332E+04   0.8871574E+02   0.2002183E+04   0.9425258E+02   0.2330094E+04   0.2330945E+03   0.5829059E+04   0.4470509E+00   0.7351467E+00   0.4655301E+00   0.6518859E+00   0.4644048E+00   0.6101544E+00   0.4596940E+00   0.5806355E+00   0.2928691E+00   0.3020143E+00   0.2988872E+02   0.1063284E+03   0.3126551E+02   0.1062320E+02   0.3961850E+03   0.2291575E+02   0.1151187E+05   0.7066892E+03   0.1118335E-01   0.1407057E+01   0.3825521E+01   0.6660873E+01   0.1194159E+05   0.5243761E+01
   0.7366229E+00   0.6333393E+04   0.2228711E-01   0.1200226E+00   0.1040974E+01   0.5328216E-01   0.3022476E+01   0.3035182E+01   0.9698177E+00   0.9988668E+00   0.2639394E+03   0.4371563E+02   0.9671228E+02   0.4851587E+02   0.4076582E+01   0.8211860E+00   0.5317005E+00   0.4569830E+00   0.1824018E+00   0.9935366E+00   0.9980787E+00   0.9026863E+00   0.1055327E+01   0.9969263E+00   0.1003874E+01   0.1002114E+01   0.9832470E+00   0.6702087E+02   0.6817424E+00   0.3182576E+00   0.1429549E+00   0.6451439E-03   0.9580960E-01   0.8101416E+00   0.8344296E+00   0.4570359E+00   0.6084931E+00   0.9895914E+00   0.9871837E+02   0.2429570E+01   0.7591248E+01   0.2080476E+01   0.1870176E+01   0.1208173E+04   0.5654654E+04   0.2527111E+04   0.8159961E+03   0.2309050E+03   0.9698177E+00   0.2450463E+00   0.2463716E+00   0.2593034E+01   0.1382869E+02   0.1090005E+04   0.1446063E+03   0.1041185E+01   0.1388863E+02   0.1059742E+04   0.1472950E+03   0.1406785E+00   0.1607914E+00   0.3411540E+04   0.1039590E-01   0.8114379E+00   0.4484731E+00   0.7237025E+02   0.6463438E+03   0.8258887E+02   0.1539854E+04   0.8936665E+02   0.1993683E+04   0.9503151E+02   0.2319054E+04   0.2364204E+03   0.5777001E+04   0.4610481E+00   0.7479527E+00   0.4778679E+00   0.6622768E+00   0.4756756E+00   0.6194809E+00   0.4701670E+00   0.5892638E+00   0.2968494E+00   0.3057492E+00   0.2817692E+02   0.1070525E+03   0.3362801E+02   0.9198228E+01   0.3958918E+03   0.2212985E+02   0.1151696E+05   0.7069821E+03   0.1300319E+00   0.7688989E+00   0.6514609E+01   0.8213845E+01   0.1194418E+05   0.7413540E+01
   0.2469270E+00   0.6338162E+04   0.2211129E-01   0.1184419E+00   0.1040829E+01   0.4339623E-01   0.2964216E+01   0.3009037E+01   0.9672560E+00   0.9989875E+00   0.1723094E+03   0.3897493E+02   0.9837781E+02   0.4562941E+02   0.9725834E+01   0.9003711E+00   0.6401536E+00   0.5461775E+00   0.1061916E+01   0.1105409E+01   0.8447167E+00   0.8741680E+00   0.1111084E+01   0.9986075E+00   0.9993878E+00   0.1004867E+01   0.9931154E+00   0.6670593E+02   0.6826776E+00   0.3173224E+00   0.1411983E+00   0.6451439E-03   0.9418767E-01   0.7959642E+00   0.8186217E+00   0.4483776E+00   0.5974048E+00   0.9745661E+00   0.9886507E+02   0.2399308E+01   0.6547546E+01   0.2026787E+01   0.1858294E+01   0.1205160E+04   0.5639967E+04   0.2518289E+04   0.8127390E+03   0.2295743E+03   0.9672560E+00   0.2441876E+00   0.2455097E+00   0.2606188E+01   0.1390572E+02   0.1090030E+04   0.1454479E+03   0.1041097E+01   0.1397064E+02   0.1059170E+04   0.1482103E+03   0.1398077E+00   0.1608432E+00   0.3396073E+04   0.1030811E-01   0.8135452E+00   0.4496998E+00   0.7201288E+02   0.6494846E+03   0.8215759E+02   0.1547558E+04   0.8888772E+02   0.2003801E+04   0.9451340E+02   0.2330940E+04   0.2349909E+03   0.5809093E+04   0.4524201E+00   0.7349531E+00   0.4691495E+00   0.6508642E+00   0.4671012E+00   0.6088463E+00   0.4617604E+00   0.5791732E+00   0.2918109E+00   0.3005924E+00   0.2891379E+02   0.1053092E+03   0.3331428E+02   0.1142084E+02   0.3964798E+03   0.2196477E+02   0.1152439E+05   0.7069455E+03   0.1094098E+00   0.8201760E+00   0.6054629E+01   0.8142991E+01   0.1195425E+05   0.6984215E+01
   0.1041155E+01   0.6331703E+04   0.2230127E-01   0.1191442E+00   0.1041072E+01   0.5847226E-01   0.3018837E+01   0.3042752E+01   0.9621465E+00   0.9972197E+00   0.2301400E+03   0.5608529E+02   0.1136688E+03   0.3813774E+02   0.3173723E+01   0.6314368E+00   0.9557764E+00   0.8628723E+00   0.2654827E+01   0.1064421E+01   0.1017162E+01   0.1091256E+01   0.9822780E+00   0.9968280E+00   0.1001852E+01   0.9972846E+00   0.9936965E+00   0.6733215E+02   0.6865846E+00   0.3134154E+00   0.1420906E+00   0.6451439E-03   0.9567266E-01   0.8080867E+00   0.8259571E+00   0.4523953E+00   0.6046277E+00   0.9847970E+00   0.9933586E+02   0.2445634E+01   0.8097839E+01   0.2096286E+01   0.1864929E+01   0.1229111E+04   0.5701527E+04   0.2516873E+04   0.8089932E+03   0.2283179E+03   0.9621465E+00   0.2450033E+00   0.2463284E+00   0.2589069E+01   0.1382467E+02   0.1089904E+04   0.1448418E+03   0.1041281E+01   0.1390996E+02   0.1059704E+04   0.1475311E+03   0.1404540E+00   0.1608014E+00   0.3392479E+04   0.1033530E-01   0.8149441E+00   0.4502961E+00   0.7262424E+02   0.6437341E+03   0.8275373E+02   0.1534795E+04   0.8947968E+02   0.1987886E+04   0.9510463E+02   0.2312928E+04   0.2358504E+03   0.5774824E+04   0.4568230E+00   0.7465277E+00   0.4746807E+00   0.6615310E+00   0.4730561E+00   0.6189964E+00   0.4679424E+00   0.5889347E+00   0.2968726E+00   0.3059760E+00   0.3300939E+02   0.1108510E+03   0.3508577E+02   0.8680973E+01   0.3971690E+03   0.2406454E+02   0.1151516E+05   0.7068074E+03   0.5532035E-01   0.1096772E+01   0.4968454E+01   0.5401600E+01   0.1194508E+05   0.6120546E+01
   0.5259244E+00   0.6333417E+04   0.2208560E-01   0.1168469E+00   0.1040934E+01   0.5402704E-01   0.2910395E+01   0.3022337E+01   0.9631928E+00   0.9957574E+00   0.2332269E+03   0.3535220E+02   0.7334457E+02   0.5979375E+02   0.7344396E+01   0.7923328E+00   0.8958507E+00   0.6351122E+00   0.9337105E+00   0.8216670E+00   0.1137419E+01   0.7370166E+00   0.9795775E+00   0.9979956E+00   0.1000607E+01   0.9939374E+00   0.9907275E+00   0.6665466E+02   0.6858371E+00   0.3141629E+00   0.1395777E+00   0.6451439E-03   0.9303504E-01   0.7965522E+00   0.8151379E+00   0.4464694E+00   0.5963524E+00   0.9756611E+00   0.9928242E+02   0.2416962E+01   0.7649231E+01   0.2053924E+01   0.1843560E+01   0.1211429E+04   0.5639389E+04   0.2503165E+04   0.8069416E+03   0.2279944E+03   0.9631928E+00   0.2434451E+00   0.2447645E+00   0.2592123E+01   0.1395593E+02   0.1089867E+04   0.1461660E+03   0.1041235E+01   0.1403776E+02   0.1058941E+04   0.1489505E+03   0.1392306E+00   0.1607376E+00   0.3381613E+04   0.1022668E-01   0.8161023E+00   0.4510563E+00   0.7190441E+02   0.6502343E+03   0.8195309E+02   0.1550108E+04   0.8862424E+02   0.2007598E+04   0.9420282E+02   0.2335764E+04   0.2337327E+03   0.5829737E+04   0.4507957E+00   0.7358007E+00   0.4682339E+00   0.6519482E+00   0.4665462E+00   0.6099983E+00   0.4614468E+00   0.5803542E+00   0.2925361E+00   0.3014651E+00   0.2658057E+02   0.1046892E+03   0.3131316E+02   0.1002229E+02   0.3960533E+03   0.2302702E+02   0.1151636E+05   0.7068319E+03   0.6039600E-01   0.1038582E+01   0.5021267E+01   0.8416708E+01   0.1194547E+05   0.6120245E+01
   0.8118098E+00   0.6332432E+04   0.2206166E-01   0.1179585E+00   0.1040858E+01   0.6262339E-01   0.2879148E+01   0.3047583E+01   0.9568981E+00   0.9988653E+00   0.2599794E+03   0.3943308E+02   0.8399858E+02   0.4883850E+02   0.5293657E+01   0.5699469E+00   0.9009749E+00   0.1136689E+00   0.1201135E+01   0.1244951E+01   0.1049231E+01   0.1026820E+01   0.9640549E+00   0.9971115E+00   0.1002776E+01   0.9947694E+00   0.9855133E+00   0.6585266E+02   0.6756304E+00   0.3243696E+00   0.1406653E+00   0.6451439E-03   0.9263182E-01   0.8095106E+00   0.8417478E+00   0.4610443E+00   0.6109175E+00   0.9975527E+00   0.9801288E+02   0.2477615E+01   0.8525085E+01   0.2106436E+01   0.1858465E+01   0.1235645E+04   0.5681278E+04   0.2516084E+04   0.8097877E+03   0.2291252E+03   0.9568981E+00   0.2430075E+00   0.2443253E+00   0.2585626E+01   0.1399891E+02   0.1089967E+04   0.1460497E+03   0.1041181E+01   0.1402731E+02   0.1058941E+04   0.1488366E+03   0.1394515E+00   0.1606025E+00   0.3422720E+04   0.1032882E-01   0.8086342E+00   0.4471673E+00   0.7120252E+02   0.6573981E+03   0.8141193E+02   0.1564688E+04   0.8817431E+02   0.2024864E+04   0.9382198E+02   0.2354531E+04   0.2343403E+03   0.5848707E+04   0.4645700E+00   0.7467749E+00   0.4799932E+00   0.6605883E+00   0.4770900E+00   0.6176365E+00   0.4711052E+00   0.5873464E+00   0.2956721E+00   0.3042728E+00   0.3043991E+02   0.1051294E+03   0.3328797E+02   0.8730501E+01   0.3990508E+03   0.2470048E+02   0.1150911E+05   0.7072555E+03   0.2551492E+00   0.4956671E+00   0.8836840E+01   0.6425281E+01   0.1194160E+05   0.9587656E+01
   0.9483340E+00   0.6333578E+04   0.2203637E-01   0.1178155E+00   0.1040777E+01   0.6418054E-01   0.2918407E+01   0.3054031E+01   0.9578512E+00   0.9998457E+00   0.2597693E+03   0.3316866E+02   0.8804604E+02   0.4637983E+02   0.3832779E+01   0.7303503E+00   0.4197204E+00   0.1549293E+00   0.4417067E+01   0.1098071E+01   0.7478521E+00   0.9360269E+00   0.1063929E+01   0.9978662E+00   0.1002674E+01   0.1001117E+01   0.1000570E+01   0.6631409E+02   0.6805113E+00   0.3194887E+00   0.1404970E+00   0.6451439E-03   0.9316932E-01   0.8107820E+00   0.8367029E+00   0.4582810E+00   0.6095622E+00   0.9956374E+00   0.9860970E+02   0.2475613E+01   0.8686829E+01   0.2120063E+01   0.1864671E+01   0.1239687E+04   0.5707002E+04   0.2522697E+04   0.8106130E+03   0.2289657E+03   0.9578512E+00   0.2435333E+00   0.2448531E+00   0.2604255E+01   0.1396140E+02   0.1090024E+04   0.1459054E+03   0.1041073E+01   0.1401491E+02   0.1058903E+04   0.1487010E+03   0.1394183E+00   0.1607828E+00   0.3400270E+04   0.1028871E-01   0.8125041E+00   0.4492087E+00   0.7162114E+02   0.6531990E+03   0.8176694E+02   0.1555872E+04   0.8849447E+02   0.2014217E+04   0.9411643E+02   0.2342774E+04   0.2343413E+03   0.5832575E+04   0.4622445E+00   0.7484202E+00   0.4787898E+00   0.6625567E+00   0.4764466E+00   0.6196878E+00   0.4708329E+00   0.5894270E+00   0.2969012E+00   0.3057383E+00   0.2799255E+02   0.1057612E+03   0.3258910E+02   0.8642589E+01   0.3997571E+03   0.2476994E+02   0.1151422E+05   0.7070325E+03   0.1473635E+00   0.7194209E+00   0.6781555E+01   0.5089833E+01   0.1194739E+05   0.7648339E+01
   0.6485517E+00   0.6333502E+04   0.2229504E-01   0.1199977E+00   0.1040660E+01   0.7230843E-01   0.3085838E+01   0.3077774E+01   0.9674122E+00   0.9999619E+00   0.2283991E+03   0.3316184E+02   0.9423573E+02   0.4117669E+02   0.1436104E+01   0.6303482E+00   0.2183717E+00   0.9113811E-01   0.5701228E+01   0.1374968E+01   0.9857494E+00   0.9635771E+00   0.1244574E+01   0.9970211E+00   0.1001716E+01   0.9867934E+00   0.9899634E+00   0.6766907E+02   0.6878475E+00   0.3121525E+00   0.1429379E+00   0.6451439E-03   0.9672471E-01   0.8244987E+00   0.8410325E+00   0.4606525E+00   0.6162851E+00   0.1002293E+01   0.9945796E+02   0.2476156E+01   0.9455872E+01   0.2171003E+01   0.1878685E+01   0.1229349E+04   0.5712066E+04   0.2530895E+04   0.8134674E+03   0.2297200E+03   0.9674122E+00   0.2458972E+00   0.2472255E+00   0.2613528E+01   0.1377146E+02   0.1090052E+04   0.1442905E+03   0.1040827E+01   0.1386306E+02   0.1059780E+04   0.1469770E+03   0.1407777E+00   0.1609745E+00   0.3382264E+04   0.1035060E-01   0.8164929E+00   0.4511012E+00   0.7296701E+02   0.6406188E+03   0.8311120E+02   0.1527671E+04   0.8984884E+02   0.1978858E+04   0.9548448E+02   0.2302585E+04   0.2365920E+03   0.5752461E+04   0.4652701E+00   0.7618157E+00   0.4837784E+00   0.6752165E+00   0.4822716E+00   0.6318591E+00   0.4771565E+00   0.6012080E+00   0.3031042E+00   0.3124576E+00   0.2799755E+02   0.1053382E+03   0.3095314E+02   0.9667055E+01   0.4037779E+03   0.2357914E+02   0.1150829E+05   0.7067680E+03   0.4448523E-01   0.1156417E+01   0.4780776E+01   0.8942058E+01   0.1194531E+05   0.5981678E+01
   0.4709890E+00   0.6329635E+04   0.2223696E-01   0.1172681E+00   0.1040968E+01   0.5584186E-01   0.2981782E+01   0.3029957E+01   0.9662680E+00   0.9970236E+00   0.2346081E+03   0.3032732E+02   0.8815582E+02   0.3870945E+02   0.1335393E+01   0.3255001E+00   0.8820672E+00   0.2849589E+00   0.8843307E+01   0.1009870E+01   0.1243389E+01   0.1076008E+01   0.1017667E+01   0.9953752E+00   0.1001591E+01   0.9956641E+00   0.9846848E+00   0.6747498E+02   0.6921718E+00   0.3078282E+00   0.1401502E+00   0.6451439E-03   0.9456634E-01   0.7990596E+00   0.8094178E+00   0.4433364E+00   0.5951909E+00   0.9727647E+00   0.1000640E+03   0.2410599E+01   0.7814026E+01   0.2069635E+01   0.1850931E+01   0.1211867E+04   0.5667089E+04   0.2509598E+04   0.8085960E+03   0.2283043E+03   0.9662680E+00   0.2444770E+00   0.2458002E+00   0.2588443E+01   0.1386542E+02   0.1089785E+04   0.1455705E+03   0.1041201E+01   0.1398101E+02   0.1059361E+04   0.1482980E+03   0.1397493E+00   0.1607910E+00   0.3362720E+04   0.1021907E-01   0.8200250E+00   0.4529933E+00   0.7268603E+02   0.6427814E+03   0.8267812E+02   0.1533874E+04   0.8932127E+02   0.1987576E+04   0.9488094E+02   0.2313290E+04   0.2344081E+03   0.5791217E+04   0.4481751E+00   0.7387363E+00   0.4670703E+00   0.6552291E+00   0.4661137E+00   0.6133499E+00   0.4614996E+00   0.5837174E+00   0.2944704E+00   0.3037387E+00   0.2963930E+02   0.1054579E+03   0.3057907E+02   0.1042220E+02   0.3963072E+03   0.2271111E+02   0.1150798E+05   0.7066527E+03   0.7444864E-02   0.1472759E+01   0.3804222E+01   0.9910022E+01   0.1193742E+05   0.5284426E+01
   0.5606906E+00   0.6335588E+04   0.2223614E-01   0.1188046E+00   0.1040726E+01   0.6266034E-01   0.3092987E+01   0.3045569E+01   0.9705089E+00   0.9972506E+00   0.2625196E+03   0.2871822E+02   0.8309219E+02   0.4726571E+02   0.1939295E+01   0.7848697E+00   0.6798580E-02   0.5133345E-01   0.9999367E+01   0.8749146E+00   0.8157208E+00   0.7955430E+00   0.1289144E+01   0.9971215E+00   0.9997109E+00   0.9958571E+00   0.9930396E+00   0.6814880E+02   0.6949226E+00   0.3050774E+00   0.1416859E+00   0.6451439E-03   0.9655723E-01   0.8083630E+00   0.8151750E+00   0.4464897E+00   0.6007710E+00   0.9792133E+00   0.1003966E+03   0.2417660E+01   0.8531189E+01   0.2102198E+01   0.1854589E+01   0.1205410E+04   0.5647758E+04   0.2505267E+04   0.8057065E+03   0.2270155E+03   0.9705089E+00   0.2459682E+00   0.2472968E+00   0.2627355E+01   0.1376291E+02   0.1090031E+04   0.1446077E+03   0.1040894E+01   0.1389264E+02   0.1059589E+04   0.1473197E+03   0.1403415E+00   0.1611309E+00   0.3349298E+04   0.1025464E-01   0.8223785E+00   0.4542191E+00   0.7336657E+02   0.6366205E+03   0.8337913E+02   0.1519836E+04   0.9004011E+02   0.1969820E+04   0.9561668E+02   0.2292981E+04   0.2357775E+03   0.5748075E+04   0.4515909E+00   0.7476108E+00   0.4713187E+00   0.6634014E+00   0.4706758E+00   0.6211249E+00   0.4662300E+00   0.5911942E+00   0.2983403E+00   0.3078623E+00   0.3048389E+02   0.1067401E+03   0.3422115E+02   0.1013089E+02   0.3984013E+03   0.2223228E+02   0.1151932E+05   0.7065953E+03   0.3470715E-03   0.1677296E+01   0.3536855E+01   0.9282993E+01   0.1195008E+05   0.5214498E+01
   0.9334276E+00   0.6332932E+04   0.2246896E-01   0.1198535E+00   0.1041181E+01   0.6081719E-01   0.3193045E+01   0.3054098E+01   0.9739160E+00   0.9977625E+00   0.2654533E+03   0.3789473E+02   0.1142061E+03   0.3338784E+02   0.2851572E+01   0.6964868E+00   0.4530799E+00   0.2942845E+00   0.5641581E+01   0.1135903E+01   0.7225671E+00   0.9799639E+00   0.7767908E+00   0.9994916E+00   0.1002779E+01   0.1002575E+01   0.9981829E+00   0.6928772E+02   0.7021997E+00   0.2978003E+00   0.1429676E+00   0.6451439E-03   0.9905899E-01   0.8127765E+00   0.8097912E+00   0.4435409E+00   0.6004162E+00   0.9764342E+00   0.1013592E+03   0.2411596E+01   0.8326721E+01   0.2120206E+01   0.1877383E+01   0.1214126E+04   0.5719747E+04   0.2529706E+04   0.8130027E+03   0.2289139E+03   0.9739160E+00   0.2473801E+00   0.2487138E+00   0.2617921E+01   0.1362809E+02   0.1089927E+04   0.1436654E+03   0.1041264E+01   0.1379721E+02   0.1060276E+04   0.1462874E+03   0.1412327E+00   0.1612217E+00   0.3335213E+04   0.1027945E-01   0.8260683E+00   0.4559791E+00   0.7447396E+02   0.6266333E+03   0.8443932E+02   0.1497739E+04   0.9108015E+02   0.1942331E+04   0.9664519E+02   0.2261929E+04   0.2370848E+03   0.5690836E+04   0.4491961E+00   0.7524330E+00   0.4706660E+00   0.6685009E+00   0.4708945E+00   0.6262420E+00   0.4670257E+00   0.5962777E+00   0.3011934E+00   0.3111604E+00   0.2878074E+02   0.1071365E+03   0.3290762E+02   0.9202200E+01   0.3976006E+03   0.2242731E+02   0.1151780E+05   0.7065046E+03   0.3227791E-01   0.2271281E+01   0.3512037E+01   0.6517543E+01   0.1194703E+05   0.5815596E+01
   0.2461729E+00   0.6330253E+04   0.2235663E-01   0.1197055E+00   0.1041157E+01   0.5347675E-01   0.3151252E+01   0.3029677E+01   0.9701456E+00   0.9960189E+00   0.2573216E+03   0.4613593E+02   0.1051467E+03   0.3783407E+02   0.6784886E+00   0.5549779E+00   0.6440656E+00   0.8818022E+00   0.9242863E+01   0.1150497E+01   0.1114536E+01   0.9382391E+00   0.8956569E+00   0.9970028E+00   0.9996245E+00   0.9962504E+00   0.9897045E+00   0.6875305E+02   0.6981007E+00   0.3018993E+00   0.1427073E+00   0.6451439E-03   0.9811561E-01   0.8030229E+00   0.8055609E+00   0.4412239E+00   0.5952419E+00   0.9684606E+00   0.1008315E+03   0.2396024E+01   0.7609558E+01   0.2069055E+01   0.1859186E+01   0.1207459E+04   0.5667284E+04   0.2505945E+04   0.8048675E+03   0.2263597E+03   0.9701456E+00   0.2467885E+00   0.2481201E+00   0.2624420E+01   0.1368191E+02   0.1090014E+04   0.1439942E+03   0.1041278E+01   0.1382860E+02   0.1059971E+04   0.1466575E+03   0.1409122E+00   0.1612215E+00   0.3347533E+04   0.1028899E-01   0.8234286E+00   0.4546872E+00   0.7396531E+02   0.6312384E+03   0.8397386E+02   0.1507752E+04   0.9063707E+02   0.1954662E+04   0.9621784E+02   0.2275750E+04   0.2367303E+03   0.5713849E+04   0.4465204E+00   0.7429894E+00   0.4668228E+00   0.6596513E+00   0.4665600E+00   0.6177598E+00   0.4624013E+00   0.5880819E+00   0.2968884E+00   0.3065167E+00   0.3491579E+02   0.1097982E+03   0.3537274E+02   0.1182777E+02   0.3958999E+03   0.2240060E+02   0.1151204E+05   0.7065447E+03   0.5060103E-02   0.1965459E+01   0.3364818E+01   0.6455046E+01   0.1194217E+05   0.5335338E+01
   0.1166978E+00   0.6330892E+04   0.2238594E-01   0.1175024E+00   0.1041406E+01   0.4762033E-01   0.3026957E+01   0.3014782E+01   0.9668115E+00   0.9965361E+00   0.2317799E+03   0.4384825E+02   0.1027625E+03   0.3898300E+02   0.4932645E+01   0.6244225E+00   0.9015631E+00   0.6859826E+00   0.5088290E+01   0.8811188E+00   0.1291465E+01   0.9648839E+00   0.9932982E+00   0.9967033E+00   0.9988727E+00   0.9998184E+00   0.9918109E+00   0.6819275E+02   0.6977938E+00   0.3022062E+00   0.1405335E+00   0.6451439E-03   0.9583364E-01   0.7924478E+00   0.7953563E+00   0.4356346E+00   0.5875523E+00   0.9596250E+00   0.1008124E+03   0.2383575E+01   0.6944275E+01   0.2038465E+01   0.1853279E+01   0.1212406E+04   0.5690198E+04   0.2510725E+04   0.8084875E+03   0.2279832E+03   0.9668115E+00   0.2451467E+00   0.2464723E+00   0.2575930E+01   0.1379053E+02   0.1089662E+04   0.1451644E+03   0.1041602E+01   0.1393664E+02   0.1059780E+04   0.1478345E+03   0.1401693E+00   0.1608196E+00   0.3351453E+04   0.1021595E-01   0.8228872E+00   0.4543855E+00   0.7336645E+02   0.6364140E+03   0.8330243E+02   0.1520037E+04   0.8991685E+02   0.1970538E+04   0.9545652E+02   0.2294192E+04   0.2349096E+03   0.5759249E+04   0.4408575E+00   0.7331755E+00   0.4608260E+00   0.6509061E+00   0.4605307E+00   0.6095570E+00   0.4564021E+00   0.5802652E+00   0.2929447E+00   0.3024220E+00   0.3236602E+02   0.1065182E+03   0.3323211E+02   0.1331652E+02   0.3958007E+03   0.2264247E+02   0.1150917E+05   0.7065488E+03   0.4519610E-02   0.1965459E+01   0.3355404E+01   0.8977260E+01   0.1194093E+05   0.5325382E+01
   0.1381057E+00   0.6332176E+04   0.2234574E-01   0.1164764E+00   0.1041113E+01   0.4496657E-01   0.2919041E+01   0.3007136E+01   0.9618202E+00   0.9976126E+00   0.2061319E+03   0.2974013E+02   0.1059248E+03   0.3477001E+02   0.7108883E+01   0.6729282E+00   0.6723767E+00   0.2699091E+00   0.5690589E+01   0.1158359E+01   0.8634341E+00   0.1024884E+01   0.9622509E+00   0.9988998E+00   0.9997736E+00   0.9971341E+00   0.9888775E+00   0.6715637E+02   0.6907585E+00   0.3092415E+00   0.1394673E+00   0.6451439E-03   0.9366115E-01   0.7876552E+00   0.7996951E+00   0.4380111E+00   0.5873685E+00   0.9611531E+00   0.9987022E+02   0.2393832E+01   0.6642151E+01   0.2022938E+01   0.1848950E+01   0.1219763E+04   0.5696803E+04   0.2511213E+04   0.8097517E+03   0.2288372E+03   0.9618202E+00   0.2436710E+00   0.2449912E+00   0.2546070E+01   0.1391320E+02   0.1089516E+04   0.1460178E+03   0.1041378E+01   0.1402159E+02   0.1059513E+04   0.1487129E+03   0.1396426E+00   0.1604481E+00   0.3374934E+04   0.1021252E-01   0.8181764E+00   0.4519486E+00   0.7236689E+02   0.6457186E+03   0.8235174E+02   0.1540541E+04   0.8898796E+02   0.1995991E+04   0.9454082E+02   0.2322901E+04   0.2337919E+03   0.5811336E+04   0.4426682E+00   0.7280576E+00   0.4609889E+00   0.6456088E+00   0.4598850E+00   0.6042828E+00   0.4552269E+00   0.5750502E+00   0.2900485E+00   0.2991138E+00   0.2896514E+02   0.1057035E+03   0.3198936E+02   0.1284151E+02   0.3961340E+03   0.2313119E+02   0.1151109E+05   0.7066870E+03   0.1582595E-01   0.1342563E+01   0.4050667E+01   0.9059939E+01   0.1194320E+05   0.5409056E+01
   0.8799918E+00   0.6331615E+04   0.2237682E-01   0.1230805E+00   0.1040135E+01   0.5781855E-01   0.3271591E+01   0.3057034E+01   0.9711528E+00   0.1000919E+01   0.2662972E+03   0.4219204E+02   0.1075716E+03   0.3292534E+02   0.1308860E+01   0.4080562E+00   0.7620542E+00   0.3651892E-01   0.9905638E+01   0.1260750E+01   0.9556027E+00   0.1093525E+01   0.9321019E+00   0.9989027E+00   0.1001931E+01   0.9865613E+00   0.9926502E+00   0.6862854E+02   0.6897955E+00   0.3102045E+00   0.1461025E+00   0.6451439E-03   0.1002680E+00   0.8210513E+00   0.8348985E+00   0.4572928E+00   0.6127486E+00   0.9911010E+00   0.9963125E+02   0.2442054E+01   0.8113098E+01   0.2126440E+01   0.1894230E+01   0.1223234E+04   0.5721290E+04   0.2534724E+04   0.8119219E+03   0.2280870E+03   0.9711528E+00   0.2483698E+00   0.2497071E+00   0.2662161E+01   0.1360303E+02   0.1090398E+04   0.1425417E+03   0.1040170E+01   0.1370369E+02   0.1060352E+04   0.1451747E+03   0.1420581E+00   0.1613788E+00   0.3373803E+04   0.1045197E-01   0.8179773E+00   0.4518064E+00   0.7396704E+02   0.6318200E+03   0.8419899E+02   0.1507147E+04   0.9099790E+02   0.1952571E+04   0.9668618E+02   0.2272243E+04   0.2392581E+03   0.5681900E+04   0.4620456E+00   0.7588210E+00   0.4809106E+00   0.6727706E+00   0.4796383E+00   0.6296561E+00   0.4747000E+00   0.5991648E+00   0.3021258E+00   0.3115497E+00   0.3514563E+02   0.1099617E+03   0.3438914E+02   0.9112422E+01   0.3969015E+03   0.2267228E+02   0.1151727E+05   0.7067123E+03   0.3152756E-01   0.1217317E+01   0.4575527E+01   0.4731979E+01   0.1194596E+05   0.5824372E+01
   0.1572646E+00   0.6333754E+04   0.2252788E-01   0.1182292E+00   0.1041403E+01   0.4588466E-01   0.3063868E+01   0.3021316E+01   0.9724027E+00   0.1001008E+01   0.1833365E+03   0.3485821E+02   0.9763611E+02   0.3853246E+02   0.4334141E+01   0.7258503E+00   0.6790243E+00   0.7866199E+00   0.7183677E+01   0.8629121E+00   0.7586459E+00   0.9765476E+00   0.8433049E+00   0.9964055E+00   0.1002076E+01   0.9912330E+00   0.9883406E+00   0.6848206E+02   0.6984894E+00   0.3015106E+00   0.1414022E+00   0.6451439E-03   0.9683515E-01   0.7974912E+00   0.7994965E+00   0.4379023E+00   0.5909511E+00   0.9636903E+00   0.1008698E+03   0.2380323E+01   0.6745911E+01   0.2051828E+01   0.1871915E+01   0.1210065E+04   0.5721137E+04   0.2535661E+04   0.8186109E+03   0.2312952E+03   0.9724027E+00   0.2456932E+00   0.2470208E+00   0.2563120E+01   0.1374124E+02   0.1089585E+04   0.1446796E+03   0.1041555E+01   0.1389073E+02   0.1060200E+04   0.1472938E+03   0.1407017E+00   0.1607406E+00   0.3355599E+04   0.1025395E-01   0.8225470E+00   0.4541013E+00   0.7366503E+02   0.6337851E+03   0.8362308E+02   0.1513924E+04   0.9025324E+02   0.1962722E+04   0.9580658E+02   0.2285181E+04   0.2356571E+03   0.5738576E+04   0.4432128E+00   0.7379090E+00   0.4634577E+00   0.6551828E+00   0.4632405E+00   0.6135929E+00   0.4591406E+00   0.5841263E+00   0.2949151E+00   0.3044913E+00   0.2764203E+02   0.1059824E+03   0.3135474E+02   0.1272901E+02   0.3960913E+03   0.2170078E+02   0.1151518E+05   0.7065396E+03   0.6083124E-02   0.1965459E+01   0.3370087E+01   0.9925243E+01   0.1194570E+05   0.5341629E+01
   0.6229012E+00   0.6334897E+04   0.2249005E-01   0.1134530E+00   0.1041861E+01   0.5117980E-01   0.2726712E+01   0.3020814E+01   0.9592661E+00   0.1000339E+01   0.2412133E+03   0.4475855E+02   0.1059638E+03   0.3632946E+02   0.4260201E+01   0.5531329E+00   0.8958952E+00   0.6510991E+00   0.4585114E+01   0.9550796E+00   0.8406313E+00   0.9436483E+00   0.8305600E+00   0.9976817E+00   0.9997516E+00   0.9934816E+00   0.9885644E+00   0.6632507E+02   0.6895028E+00   0.3104972E+00   0.1365882E+00   0.6451439E-03   0.9059222E-01   0.7877893E+00   0.8014534E+00   0.4389741E+00   0.5880639E+00   0.9673223E+00   0.9975398E+02   0.2416210E+01   0.7194519E+01   0.2050797E+01   0.1851264E+01   0.1232585E+04   0.5754756E+04   0.2535139E+04   0.8223374E+03   0.2341820E+03   0.9592661E+00   0.2410698E+00   0.2423804E+00   0.2453986E+01   0.1407149E+02   0.1088880E+04   0.1477326E+03   0.1042245E+01   0.1417446E+02   0.1059475E+04   0.1504016E+03   0.1387653E+00   0.1597211E+00   0.3394096E+04   0.1013471E-01   0.8155667E+00   0.4504925E+00   0.7149232E+02   0.6537097E+03   0.8138856E+02   0.1559300E+04   0.8796401E+02   0.2020095E+04   0.9346515E+02   0.2350788E+04   0.2313270E+03   0.5877585E+04   0.4435452E+00   0.7280640E+00   0.4616017E+00   0.6454862E+00   0.4603565E+00   0.6041153E+00   0.4556013E+00   0.5748582E+00   0.2899272E+00   0.2989211E+00   0.3053993E+02   0.1045462E+03   0.3026041E+02   0.9795563E+01   0.3956990E+03   0.2367923E+02   0.1152475E+05   0.7067202E+03   0.2202289E-01   0.1279349E+01   0.4158298E+01   0.3694839E+01   0.1195392E+05   0.5459670E+01
   0.6139202E+00   0.6329363E+04   0.2240127E-01   0.1135561E+00   0.1041784E+01   0.5151327E-01   0.2735792E+01   0.3019779E+01   0.9570059E+00   0.9992564E+00   0.2301355E+03   0.2671344E+02   0.1025084E+03   0.3561925E+02   0.2606116E+01   0.5591251E+00   0.7531334E+00   0.5416918E+00   0.5091299E+01   0.1030884E+01   0.9861290E+00   0.1037456E+01   0.8941722E+00   0.9974355E+00   0.1001628E+01   0.1001105E+01   0.9887578E+00   0.6629944E+02   0.6892300E+00   0.3107700E+00   0.1366025E+00   0.6451439E-03   0.9056671E-01   0.7871409E+00   0.8011454E+00   0.4388054E+00   0.5877088E+00   0.9667129E+00   0.9973143E+02   0.2419739E+01   0.7249451E+01   0.2048677E+01   0.1848117E+01   0.1235935E+04   0.5749778E+04   0.2528164E+04   0.8184151E+03   0.2326483E+03   0.9570059E+00   0.2411631E+00   0.2424741E+00   0.2472555E+01   0.1407333E+02   0.1089008E+04   0.1477262E+03   0.1042173E+01   0.1417482E+02   0.1059284E+04   0.1504258E+03   0.1386409E+00   0.1598604E+00   0.3390136E+04   0.1012933E-01   0.8159790E+00   0.4507721E+00   0.7147020E+02   0.6539314E+03   0.8137011E+02   0.1559764E+04   0.8794761E+02   0.2020655E+04   0.9345028E+02   0.2351405E+04   0.2313313E+03   0.5878388E+04   0.4433441E+00   0.7274395E+00   0.4613286E+00   0.6449048E+00   0.4600545E+00   0.6035596E+00   0.4552828E+00   0.5743224E+00   0.2896467E+00   0.2986209E+00   0.2318548E+02   0.1046843E+03   0.2754180E+02   0.9817041E+01   0.3956556E+03   0.2423916E+02   0.1151375E+05   0.7067277E+03   0.2322735E-01   0.1279349E+01   0.4173286E+01   0.3064071E+01   0.1194346E+05   0.5475862E+01
   0.6486198E+00   0.6332454E+04   0.2238794E-01   0.1151365E+00   0.1041408E+01   0.4919085E-01   0.2770735E+01   0.3012243E+01   0.9565011E+00   0.9961733E+00   0.2048549E+03   0.2392375E+02   0.1000872E+03   0.3683484E+02   0.3488096E+01   0.6794417E+00   0.1943937E+00   0.3203447E+00   0.7856167E+01   0.1003479E+01   0.8785548E+00   0.8544199E+00   0.1035738E+01   0.9969602E+00   0.9983571E+00   0.9992071E+00   0.9913314E+00   0.6601379E+02   0.6829388E+00   0.3170612E+00   0.1381696E+00   0.6451439E-03   0.9121099E-01   0.7881266E+00   0.8102273E+00   0.4437798E+00   0.5914006E+00   0.9700154E+00   0.9889628E+02   0.2422360E+01   0.7041931E+01   0.2033295E+01   0.1842781E+01   0.1229089E+04   0.5703939E+04   0.2512991E+04   0.8129018E+03   0.2308799E+03   0.9565011E+00   0.2416455E+00   0.2429583E+00   0.2487015E+01   0.1405494E+02   0.1089201E+04   0.1471184E+03   0.1041760E+01   0.1412210E+02   0.1059399E+04   0.1498115E+03   0.1391227E+00   0.1599015E+00   0.3412514E+04   0.1022109E-01   0.8116720E+00   0.4485249E+00   0.7126035E+02   0.6563248E+03   0.8129266E+02   0.1563918E+04   0.8794860E+02   0.2025024E+04   0.9351244E+02   0.2355661E+04   0.2324635E+03   0.5871394E+04   0.4478290E+00   0.7277428E+00   0.4644525E+00   0.6445087E+00   0.4624544E+00   0.6029139E+00   0.4571865E+00   0.5735379E+00   0.2890037E+00   0.2976974E+00   0.2568981E+02   0.1036462E+03   0.2817429E+02   0.9499374E+01   0.3956551E+03   0.2433057E+02   0.1151336E+05   0.7069354E+03   0.1054964E+00   0.8727971E+00   0.5979322E+01   0.8170470E+01   0.1194285E+05   0.6957615E+01
   0.8197262E+00   0.6332642E+04   0.2252328E-01   0.1181264E+00   0.1041309E+01   0.6068135E-01   0.3033378E+01   0.3041612E+01   0.9628426E+00   0.9955442E+00   0.2431253E+03   0.4150861E+02   0.9172240E+02   0.3808850E+02   0.1106610E+00   0.3907638E+00   0.8471778E+00   0.7943149E+00   0.8513343E+01   0.9842119E+00   0.1121654E+01   0.1070701E+01   0.9533528E+00   0.9961696E+00   0.1002089E+01   0.9950772E+00   0.9846755E+00   0.6812317E+02   0.6955355E+00   0.3044645E+00   0.1412949E+00   0.6451439E-03   0.9625455E-01   0.8032036E+00   0.8091580E+00   0.4431941E+00   0.5966365E+00   0.9731464E+00   0.1004681E+03   0.2428028E+01   0.8250427E+01   0.2093897E+01   0.1854591E+01   0.1226892E+04   0.5713655E+04   0.2506109E+04   0.8057578E+03   0.2274554E+03   0.9628426E+00   0.2452837E+00   0.2466099E+00   0.2553493E+01   0.1377577E+02   0.1089552E+04   0.1448631E+03   0.1041481E+01   0.1390934E+02   0.1060162E+04   0.1474801E+03   0.1406192E+00   0.1606197E+00   0.3366790E+04   0.1026711E-01   0.8203936E+00   0.4529792E+00   0.7332997E+02   0.6368931E+03   0.8332091E+02   0.1520637E+04   0.8996847E+02   0.1970958E+04   0.9553425E+02   0.2294387E+04   0.2354715E+03   0.5753365E+04   0.4483049E+00   0.7429015E+00   0.4680456E+00   0.6592915E+00   0.4674806E+00   0.6173056E+00   0.4631137E+00   0.5875768E+00   0.2965425E+00   0.3060333E+00   0.3293617E+02   0.1060464E+03   0.3284979E+02   0.9382384E+01   0.3977733E+03   0.2412421E+02   0.1151296E+05   0.7065842E+03   0.1420497E-04   0.1747772E+01   0.3498486E+01   0.9211633E+01   0.1194424E+05   0.5246271E+01
   0.3826280E-01   0.6341394E+04   0.2242444E-01   0.1172434E+00   0.1040976E+01   0.5891453E-01   0.3108002E+01   0.3026192E+01   0.9751327E+00   0.9926641E+00   0.2649003E+03   0.4295889E+02   0.9442534E+02   0.3873589E+02   0.2804654E+01   0.5966962E+00   0.6664606E+00   0.8032299E+00   0.9142288E+01   0.1412918E+01   0.1009737E+01   0.1069595E+01   0.1179490E+01   0.9978567E+00   0.1003449E+01   0.9971679E+00   0.9900462E+00   0.6912659E+02   0.7063651E+00   0.2936349E+00   0.1403130E+00   0.6451439E-03   0.9699358E-01   0.7955786E+00   0.7870934E+00   0.4311088E+00   0.5856457E+00   0.9568867E+00   0.1019283E+03   0.2365565E+01   0.8091736E+01   0.2061856E+01   0.1832677E+01   0.1185264E+04   0.5614040E+04   0.2484303E+04   0.8005931E+03   0.2255787E+03   0.9751327E+00   0.2462425E+00   0.2475721E+00   0.2596787E+01   0.1371361E+02   0.1089673E+04   0.1447938E+03   0.1041126E+01   0.1390743E+02   0.1059895E+04   0.1474517E+03   0.1402922E+00   0.1610161E+00   0.3310054E+04   0.1014467E-01   0.8304092E+00   0.4582677E+00   0.7423094E+02   0.6283862E+03   0.8405034E+02   0.1502935E+04   0.9060030E+02   0.1949734E+04   0.9609224E+02   0.2271098E+04   0.2350162E+03   0.5725971E+04   0.4369589E+00   0.7369330E+00   0.4588865E+00   0.6552000E+00   0.4596037E+00   0.6139797E+00   0.4561577E+00   0.5847254E+00   0.2955464E+00   0.3055193E+00   0.3334478E+02   0.1084185E+03   0.3450808E+02   0.1560219E+02   0.3968232E+03   0.2149029E+02   0.1151547E+05   0.7064934E+03   0.8786522E-01   0.2673575E+01   0.4063442E+01   0.2008675E+02   0.1194938E+05   0.6824882E+01
   0.1797488E+00   0.6342253E+04   0.2266366E-01   0.1202563E+00   0.1040821E+01   0.6685532E-01   0.3351815E+01   0.3059692E+01   0.9828734E+00   0.9965185E+00   0.2394005E+03   0.3756039E+02   0.1055514E+03   0.3866623E+02   0.4475879E+00   0.5673258E+00   0.4026780E+00   0.3178252E+00   0.9079682E+01   0.1339349E+01   0.1386877E+01   0.8796102E+00   0.1057466E+01   0.9946773E+00   0.9990107E+00   0.9909401E+00   0.9929869E+00   0.7104187E+02   0.7155407E+00   0.2844593E+00   0.1435651E+00   0.6451439E-03   0.1019914E+00   0.8132886E+00   0.7919435E+00   0.4337653E+00   0.5939498E+00   0.9649116E+00   0.1031481E+03   0.2378003E+01   0.8888245E+01   0.2132098E+01   0.1865251E+01   0.1192425E+04   0.5684081E+04   0.2509767E+04   0.8059514E+03   0.2263299E+03   0.9828734E+00   0.2495146E+00   0.2508560E+00   0.2636431E+01   0.1346222E+02   0.1089871E+04   0.1426460E+03   0.1040792E+01   0.1370553E+02   0.1060886E+04   0.1451934E+03   0.1419523E+00   0.1614773E+00   0.3280630E+04   0.1021640E-01   0.8367263E+00   0.4613708E+00   0.7612813E+02   0.6120837E+03   0.8594040E+02   0.1466118E+04   0.9249989E+02   0.1903419E+04   0.9800666E+02   0.2218345E+04   0.2380567E+03   0.5619634E+04   0.4403793E+00   0.7542892E+00   0.4648228E+00   0.6716987E+00   0.4666700E+00   0.6298908E+00   0.4639225E+00   0.6001600E+00   0.3037175E+00   0.3144581E+00   0.3308753E+02   0.1094398E+03   0.3457598E+02   0.1242527E+02   0.3995832E+03   0.2120059E+02   0.1151757E+05   0.7065761E+03   0.2972848E+00   0.3612463E+01   0.6564971E+01   0.1667045E+02   0.1195078E+05   0.1047472E+02
   0.6077285E+00   0.6341070E+04   0.2237960E-01   0.1214784E+00   0.1040264E+01   0.5937766E-01   0.3358886E+01   0.3050320E+01   0.9741738E+00   0.9951175E+00   0.2639861E+03   0.5399035E+02   0.9620601E+02   0.4061542E+02   0.1796891E+01   0.4998772E+00   0.9116646E+00   0.6641454E+00   0.3985605E+01   0.8866881E+00   0.1199787E+01   0.1137413E+01   0.1203208E+01   0.9967955E+00   0.1002972E+01   0.1001941E+01   0.1005062E+01   0.7024719E+02   0.7071675E+00   0.2928325E+00   0.1445031E+00   0.6451439E-03   0.1015094E+00   0.8114278E+00   0.8016760E+00   0.4390960E+00   0.5969043E+00   0.9681338E+00   0.1019696E+03   0.2397607E+01   0.8253479E+01   0.2112211E+01   0.1875696E+01   0.1212660E+04   0.5710542E+04   0.2512290E+04   0.8022231E+03   0.2242603E+03   0.9741738E+00   0.2494960E+00   0.2508373E+00   0.2691754E+01   0.1350531E+02   0.1090340E+04   0.1425195E+03   0.1040249E+01   0.1370052E+02   0.1060314E+04   0.1451582E+03   0.1417485E+00   0.1617686E+00   0.3299159E+04   0.1027876E-01   0.8319535E+00   0.4590950E+00   0.7541834E+02   0.6184376E+03   0.8537314E+02   0.1479326E+04   0.9201465E+02   0.1919231E+04   0.9758392E+02   0.2235669E+04   0.2385279E+03   0.5638894E+04   0.4451104E+00   0.7516904E+00   0.4676428E+00   0.6684051E+00   0.4684662E+00   0.6263890E+00   0.4650154E+00   0.5965650E+00   0.3015324E+00   0.3117644E+00   0.3456110E+02   0.1075787E+03   0.3412988E+02   0.1007039E+02   0.3972064E+03   0.2269212E+02   0.1152647E+05   0.7064947E+03   0.9176244E-01   0.2756318E+01   0.4102442E+01   0.1226041E+02   0.1195644E+05   0.6950522E+01
   0.7156215E-01   0.6336665E+04   0.2229061E-01   0.1192973E+00   0.1040751E+01   0.4850396E-01   0.3178622E+01   0.3022974E+01   0.9677147E+00   0.9987788E+00   0.2723787E+03   0.4389578E+02   0.8349750E+02   0.4851256E+02   0.3274193E+01   0.3743577E+00   0.7181371E+00   0.4090769E-01   0.8558264E+01   0.8050768E+00   0.1310062E+01   0.1016703E+01   0.1320955E+01   0.9962319E+00   0.1002115E+01   0.1001485E+01   0.9950739E+00   0.6902405E+02   0.7014619E+00   0.2985381E+00   0.1422331E+00   0.6451439E-03   0.9817503E-01   0.7973041E+00   0.7953591E+00   0.4356361E+00   0.5893509E+00   0.9596742E+00   0.1012590E+03   0.2385717E+01   0.7099915E+01   0.2055232E+01   0.1865223E+01   0.1217898E+04   0.5710393E+04   0.2511746E+04   0.8042470E+03   0.2254564E+03   0.9677147E+00   0.2471230E+00   0.2484558E+00   0.2646592E+01   0.1367068E+02   0.1090088E+04   0.1440138E+03   0.1040865E+01   0.1383597E+02   0.1059818E+04   0.1467011E+03   0.1407099E+00   0.1613674E+00   0.3324309E+04   0.1023612E-01   0.8272406E+00   0.4567160E+00   0.7420293E+02   0.6289750E+03   0.8415205E+02   0.1503159E+04   0.9078092E+02   0.1949242E+04   0.9633540E+02   0.2269880E+04   0.2364503E+03   0.5708724E+04   0.4411327E+00   0.7380361E+00   0.4620330E+00   0.6556286E+00   0.4621703E+00   0.6141496E+00   0.4583153E+00   0.5847427E+00   0.2953403E+00   0.3050774E+00   0.3886319E+02   0.1111929E+03   0.3609727E+02   0.1433368E+02   0.3957616E+03   0.2264847E+02   0.1151536E+05   0.7065097E+03   0.2531912E-01   0.2271281E+01   0.3458399E+01   0.1296013E+02   0.1194811E+05   0.5754999E+01
   0.1126496E+01   0.6337414E+04   0.2213454E-01   0.1184653E+00   0.1040776E+01   0.5632302E-01   0.3027583E+01   0.3044731E+01   0.9602225E+00   0.1000751E+01   0.2446302E+03   0.5673111E+02   0.1056697E+03   0.4823502E+02   0.7621334E+01   0.7491517E+00   0.8583542E+00   0.4022350E+00   0.1047817E+01   0.8183439E+00   0.6288922E+00   0.8281646E+00   0.6386577E+00   0.9987958E+00   0.1000442E+01   0.1008257E+01   0.9981968E+00   0.6743835E+02   0.6894303E+00   0.3105697E+00   0.1412450E+00   0.6451439E-03   0.9525330E-01   0.8061993E+00   0.8202785E+00   0.4492851E+00   0.6018416E+00   0.9817229E+00   0.9971259E+02   0.2445673E+01   0.7911682E+01   0.2100439E+01   0.1876672E+01   0.1242191E+04   0.5752464E+04   0.2532186E+04   0.8115962E+03   0.2283994E+03   0.9602225E+00   0.2450518E+00   0.2463770E+00   0.2623998E+01   0.1383822E+02   0.1090068E+04   0.1451023E+03   0.1040999E+01   0.1393875E+02   0.1059246E+04   0.1478574E+03   0.1399543E+00   0.1610423E+00   0.3368221E+04   0.1026747E-01   0.8186338E+00   0.4523411E+00   0.7269357E+02   0.6429127E+03   0.8275803E+02   0.1533527E+04   0.8944515E+02   0.1986695E+04   0.9503967E+02   0.2311911E+04   0.2352364E+03   0.5780171E+04   0.4539286E+00   0.7450664E+00   0.4723843E+00   0.6605460E+00   0.4710987E+00   0.6182032E+00   0.4662248E+00   0.5882595E+00   0.2966476E+00   0.3058675E+00   0.3605079E+02   0.1100783E+03   0.3746050E+02   0.8608548E+01   0.3966294E+03   0.2445271E+02   0.1152234E+05   0.7067222E+03   0.2479109E-01   0.1279349E+01   0.4260717E+01   0.1050654E+02   0.1195203E+05   0.5564857E+01
   0.1071008E+01   0.6332015E+04   0.2233098E-01   0.1202156E+00   0.1040551E+01   0.5269631E-01   0.3143410E+01   0.3042471E+01   0.9628699E+00   0.1000085E+01   0.2836564E+03   0.4986775E+02   0.9785289E+02   0.4470768E+02   0.2350747E+01   0.4831562E+00   0.8500001E+00   0.1807512E+00   0.4962641E+01   0.7297667E+00   0.6595745E+00   0.9290898E+00   0.7865262E+00   0.9986731E+00   0.1001061E+01   0.1009962E+01   0.9986287E+00   0.6825500E+02   0.6926388E+00   0.3073612E+00   0.1431917E+00   0.6451439E-03   0.9773553E-01   0.8074466E+00   0.8172928E+00   0.4476497E+00   0.6012098E+00   0.9773421E+00   0.1000565E+03   0.2433893E+01   0.7539368E+01   0.2095696E+01   0.1886066E+01   0.1241228E+04   0.5771700E+04   0.2534452E+04   0.8111812E+03   0.2278751E+03   0.9628699E+00   0.2466750E+00   0.2480062E+00   0.2626602E+01   0.1371268E+02   0.1090084E+04   0.1439218E+03   0.1040679E+01   0.1382960E+02   0.1059933E+04   0.1465922E+03   0.1409932E+00   0.1611172E+00   0.3362444E+04   0.1032944E-01   0.8201446E+00   0.4529788E+00   0.7351976E+02   0.6354578E+03   0.8361375E+02   0.1516512E+04   0.9032539E+02   0.1965154E+04   0.9594273E+02   0.2287255E+04   0.2369536E+03   0.5727369E+04   0.4525505E+00   0.7465348E+00   0.4717467E+00   0.6621943E+00   0.4708348E+00   0.6198896E+00   0.4662096E+00   0.5899531E+00   0.2976123E+00   0.3070137E+00   0.3425923E+02   0.1089082E+03   0.3430322E+02   0.8789767E+01   0.3958784E+03   0.2424885E+02   0.1151608E+05   0.7066420E+03   0.7865275E-02   0.1472759E+01   0.3881505E+01   0.7030171E+01   0.1194500E+05   0.5362130E+01
   0.3567916E+00   0.6331134E+04   0.2229308E-01   0.1159623E+00   0.1041160E+01   0.5039890E-01   0.2884367E+01   0.3018247E+01   0.9609214E+00   0.9980598E+00   0.1989903E+03   0.4197821E+02   0.1239438E+03   0.2861455E+02   0.3542892E+01   0.6625955E+00   0.5481063E+00   0.6485730E+00   0.6117648E+01   0.1207221E+01   0.1010346E+01   0.9371677E+00   0.8358621E+00   0.9968620E+00   0.9981704E+00   0.9929498E+00   0.9882843E+00   0.6690369E+02   0.6896842E+00   0.3103158E+00   0.1389005E+00   0.6451439E-03   0.9292958E-01   0.7913509E+00   0.8048416E+00   0.4408299E+00   0.5906362E+00   0.9674847E+00   0.9974936E+02   0.2410207E+01   0.7212830E+01   0.2045541E+01   0.1849406E+01   0.1223653E+04   0.5702253E+04   0.2514619E+04   0.8111063E+03   0.2294487E+03   0.9609214E+00   0.2431748E+00   0.2444932E+00   0.2543889E+01   0.1395182E+02   0.1089501E+04   0.1463756E+03   0.1041463E+01   0.1405481E+02   0.1059322E+04   0.1490940E+03   0.1393433E+00   0.1604127E+00   0.3377149E+04   0.1019499E-01   0.8176459E+00   0.4517118E+00   0.7211537E+02   0.6480470E+03   0.8209258E+02   0.1545842E+04   0.8872214E+02   0.2002693E+04   0.9426869E+02   0.2330564E+04   0.2332840E+03   0.5827585E+04   0.4454072E+00   0.7313731E+00   0.4635867E+00   0.6484386E+00   0.4623581E+00   0.6068858E+00   0.4575965E+00   0.5774990E+00   0.2912487E+00   0.3003033E+00   0.3064946E+02   0.1065425E+03   0.3222829E+02   0.1091496E+02   0.3956905E+03   0.2343497E+02   0.1151322E+05   0.7067152E+03   0.2222860E-01   0.1279349E+01   0.4193036E+01   0.6797531E+01   0.1194326E+05   0.5494614E+01
   0.1069369E+01   0.6330679E+04   0.2215688E-01   0.1148410E+00   0.1041355E+01   0.6380543E-01   0.2778449E+01   0.3039712E+01   0.9592867E+00   0.9971555E+00   0.2252009E+03   0.2200400E+02   0.7509429E+02   0.4565074E+02   0.1899873E+01   0.2653517E+00   0.9310884E+00   0.2776118E+00   0.8645944E+01   0.1079509E+01   0.1014427E+01   0.9049743E+00   0.7723458E+00   0.9966176E+00   0.1002362E+01   0.9930840E+00   0.9914972E+00   0.6601013E+02   0.6841122E+00   0.3158878E+00   0.1376430E+00   0.6451439E-03   0.9085832E-01   0.7994568E+00   0.8203531E+00   0.4493259E+00   0.5993469E+00   0.9839878E+00   0.9909177E+02   0.2447731E+01   0.8546448E+01   0.2089923E+01   0.1839541E+01   0.1223673E+04   0.5668967E+04   0.2509649E+04   0.8112726E+03   0.2303135E+03   0.9592867E+00   0.2416550E+00   0.2429678E+00   0.2532383E+01   0.1407051E+02   0.1089466E+04   0.1473409E+03   0.1041734E+01   0.1414382E+02   0.1058865E+04   0.1501160E+03   0.1386036E+00   0.1602539E+00   0.3395791E+04   0.1017649E-01   0.8139779E+00   0.4498997E+00   0.7123658E+02   0.6564579E+03   0.8123595E+02   0.1564520E+04   0.8787178E+02   0.2025988E+04   0.9341962E+02   0.2356935E+04   0.2320549E+03   0.5877780E+04   0.4535405E+00   0.7383181E+00   0.4706620E+00   0.6539982E+00   0.4687697E+00   0.6118421E+00   0.4635172E+00   0.5820627E+00   0.2933481E+00   0.3022188E+00   0.2585917E+02   0.1025987E+03   0.2820104E+02   0.8542947E+01   0.3992044E+03   0.2392516E+02   0.1150826E+05   0.7068919E+03   0.8081719E-01   0.9818667E+00   0.5406545E+01   0.8065264E+01   0.1193993E+05   0.6469229E+01
   0.8736412E+00   0.6335008E+04   0.2217084E-01   0.1208707E+00   0.1041044E+01   0.6788064E-01   0.3146128E+01   0.3062618E+01   0.9708307E+00   0.9981984E+00   0.2453833E+03   0.3526990E+02   0.9527769E+02   0.4395141E+02   0.3848796E+01   0.3746956E+00   0.8498611E+00   0.7316094E-01   0.6989601E+01   0.1040413E+01   0.1322296E+01   0.9718847E+00   0.1136059E+01   0.9959555E+00   0.1000672E+01   0.1003686E+01   0.9973715E+00   0.6808655E+02   0.6900484E+00   0.3099516E+00   0.1436867E+00   0.6451439E-03   0.9783131E-01   0.8213400E+00   0.8348516E+00   0.4572671E+00   0.6128391E+00   0.9953877E+00   0.9980363E+02   0.2448574E+01   0.9098816E+01   0.2138347E+01   0.1866886E+01   0.1210270E+04   0.5642441E+04   0.2511842E+04   0.8066850E+03   0.2271867E+03   0.9708307E+00   0.2466457E+00   0.2479768E+00   0.2658506E+01   0.1371404E+02   0.1090348E+04   0.1438626E+03   0.1041188E+01   0.1381716E+02   0.1059628E+04   0.1465835E+03   0.1408651E+00   0.1614089E+00   0.3372908E+04   0.1036344E-01   0.8181900E+00   0.4520912E+00   0.7338323E+02   0.6368252E+03   0.8352654E+02   0.1519158E+04   0.9026701E+02   0.1968178E+04   0.9590662E+02   0.2290444E+04   0.2372809E+03   0.5728233E+04   0.4620274E+00   0.7591201E+00   0.4809698E+00   0.6730718E+00   0.4797341E+00   0.6299534E+00   0.4748192E+00   0.5994573E+00   0.3023032E+00   0.3117357E+00   0.3353556E+02   0.1097781E+03   0.3348117E+02   0.9133699E+01   0.4011013E+03   0.2248259E+02   0.1151575E+05   0.7067055E+03   0.1910635E-01   0.1342563E+01   0.4107689E+01   0.9371703E+01   0.1194847E+05   0.5469359E+01
   0.8260248E+00   0.6328325E+04   0.2203574E-01   0.1144634E+00   0.1041183E+01   0.5329340E-01   0.2787955E+01   0.3023865E+01   0.9558186E+00   0.9985178E+00   0.2243998E+03   0.2588759E+02   0.1075369E+03   0.3658852E+02   0.4300616E+01   0.6981534E+00   0.4354956E+00   0.3443023E+00   0.7133870E+01   0.1101489E+01   0.9540820E+00   0.8983103E+00   0.9761782E+00   0.9976837E+00   0.1000174E+01   0.9986105E+00   0.9963901E+00   0.6610535E+02   0.6861626E+00   0.3138374E+00   0.1371443E+00   0.6451439E-03   0.9065973E-01   0.7910303E+00   0.8090676E+00   0.4431446E+00   0.5920648E+00   0.9729148E+00   0.9936349E+02   0.2431144E+01   0.7530212E+01   0.2057064E+01   0.1849089E+01   0.1236351E+04   0.5719038E+04   0.2521123E+04   0.8124791E+03   0.2298499E+03   0.9558186E+00   0.2417375E+00   0.2430506E+00   0.2558283E+01   0.1407579E+02   0.1089596E+04   0.1474895E+03   0.1041578E+01   0.1416020E+02   0.1058559E+04   0.1503108E+03   0.1382767E+00   0.1604469E+00   0.3378953E+04   0.1013274E-01   0.8165464E+00   0.4513289E+00   0.7130887E+02   0.6556389E+03   0.8126540E+02   0.1563078E+04   0.8787589E+02   0.2024452E+04   0.9340399E+02   0.2355419E+04   0.2316966E+03   0.5879767E+04   0.4474668E+00   0.7307359E+00   0.4648639E+00   0.6475005E+00   0.4632292E+00   0.6058537E+00   0.4581932E+00   0.5764216E+00   0.2905847E+00   0.2994590E+00   0.2655429E+02   0.1069375E+03   0.3078870E+02   0.9130160E+01   0.3959789E+03   0.2459891E+02   0.1150960E+05   0.7068211E+03   0.5183427E-01   0.1096772E+01   0.4785514E+01   0.4585548E+01   0.1193931E+05   0.5934120E+01
   0.6570865E+00   0.6330466E+04   0.2196535E-01   0.1109666E+00   0.1041875E+01   0.5773490E-01   0.2603758E+01   0.3025070E+01   0.9549993E+00   0.1000583E+01   0.2174994E+03   0.3109420E+02   0.1076080E+03   0.3604305E+02   0.7436042E+01   0.6889352E+00   0.6867360E+00   0.3493225E+00   0.3282296E+01   0.1066257E+01   0.8177935E+00   0.1008274E+01   0.9451818E+00   0.9983558E+00   0.9999993E+00   0.9887121E+00   0.9834297E+00   0.6534363E+02   0.6871577E+00   0.3128423E+00   0.1335771E+00   0.6451439E-03   0.8728412E-01   0.7856844E+00   0.8023249E+00   0.4394514E+00   0.5875969E+00   0.9719558E+00   0.9958264E+02   0.2430651E+01   0.7908630E+01   0.2059545E+01   0.1834946E+01   0.1233640E+04   0.5714048E+04   0.2525980E+04   0.8183184E+03   0.2327429E+03   0.9549993E+00   0.2391096E+00   0.2404130E+00   0.2505989E+01   0.1425263E+02   0.1089178E+04   0.1495182E+03   0.1042402E+01   0.1434361E+02   0.1057949E+04   0.1523984E+03   0.1368553E+00   0.1600405E+00   0.3377152E+04   0.9996805E-02   0.8170668E+00   0.4516656E+00   0.7047147E+02   0.6633552E+03   0.8028588E+02   0.1581722E+04   0.8680348E+02   0.2048761E+04   0.9225459E+02   0.2383834E+04   0.2286927E+03   0.5953520E+04   0.4438457E+00   0.7258966E+00   0.4613473E+00   0.6433219E+00   0.4598393E+00   0.6019896E+00   0.4549158E+00   0.5727739E+00   0.2888111E+00   0.2976577E+00   0.2696101E+02   0.1050968E+03   0.2995803E+02   0.9619740E+01   0.3968144E+03   0.2413561E+02   0.1151173E+05   0.7067891E+03   0.3279992E-01   0.1217317E+01   0.4261906E+01   0.6336410E+01   0.1194230E+05   0.5512024E+01
   0.1206850E+00   0.6336636E+04   0.2219673E-01   0.1123985E+00   0.1041503E+01   0.5603709E-01   0.2821799E+01   0.3026556E+01   0.9643901E+00   0.1000257E+01   0.2313668E+03   0.4249322E+02   0.8249581E+02   0.5068307E+02   0.3727397E+01   0.6989692E+00   0.7603713E+00   0.8480556E+00   0.1624103E+01   0.1120943E+01   0.1107975E+01   0.9078791E+00   0.1090009E+01   0.9982511E+00   0.1002935E+01   0.9943042E+00   0.9940576E+00   0.6749329E+02   0.7031171E+00   0.2968829E+00   0.1352403E+00   0.6451439E-03   0.9127816E-01   0.7857312E+00   0.7816385E+00   0.4281210E+00   0.5799897E+00   0.9564091E+00   0.1015964E+03   0.2388304E+01   0.7740784E+01   0.2062608E+01   0.1843926E+01   0.1220834E+04   0.5732041E+04   0.2525118E+04   0.8157598E+03   0.2308886E+03   0.9643901E+00   0.2422727E+00   0.2435878E+00   0.2540148E+01   0.1400270E+02   0.1089241E+04   0.1477505E+03   0.1041859E+01   0.1418143E+02   0.1058788E+04   0.1505282E+03   0.1380459E+00   0.1604746E+00   0.3316195E+04   0.9967985E-02   0.8288004E+00   0.4576112E+00   0.7252796E+02   0.6433808E+03   0.8220911E+02   0.1537989E+04   0.8866190E+02   0.1994675E+04   0.9406999E+02   0.2323006E+04   0.2306182E+03   0.5847142E+04   0.4337118E+00   0.7274918E+00   0.4546709E+00   0.6464507E+00   0.4550006E+00   0.6056325E+00   0.4513353E+00   0.5766838E+00   0.2913878E+00   0.3010424E+00   0.2700531E+02   0.1042131E+03   0.2990726E+02   0.1329861E+02   0.3962079E+03   0.2277265E+02   0.1152367E+05   0.7064995E+03   0.5269559E-01   0.2509944E+01   0.3685407E+01   0.4576947E+01   0.1195595E+05   0.6248046E+01
   0.5857279E+00   0.6330495E+04   0.2232005E-01   0.1132951E+00   0.1041747E+01   0.5575834E-01   0.2782953E+01   0.3031139E+01   0.9613086E+00   0.1001062E+01   0.2215912E+03   0.3120214E+02   0.9921642E+02   0.3347013E+02   0.5283657E+01   0.6570206E+00   0.6580058E+00   0.6918899E+00   0.5439628E+01   0.7195756E+00   0.1029951E+01   0.1106207E+01   0.1129913E+01   0.9975605E+00   0.1001908E+01   0.9886898E+00   0.9858471E+00   0.6687805E+02   0.6953493E+00   0.3046507E+00   0.1362603E+00   0.6451439E-03   0.9112826E-01   0.7907711E+00   0.7968770E+00   0.4364675E+00   0.5874912E+00   0.9669611E+00   0.1005435E+03   0.2414476E+01   0.7695007E+01   0.2072081E+01   0.1853428E+01   0.1231674E+04   0.5755294E+04   0.2535706E+04   0.8203324E+03   0.2328622E+03   0.9613086E+00   0.2417866E+00   0.2430999E+00   0.2503623E+01   0.1402986E+02   0.1089130E+04   0.1476116E+03   0.1042106E+01   0.1416474E+02   0.1059132E+04   0.1503385E+03   0.1384810E+00   0.1601589E+00   0.3359401E+04   0.1007063E-01   0.8213196E+00   0.4536200E+00   0.7199267E+02   0.6487374E+03   0.8180628E+02   0.1548871E+04   0.8833555E+02   0.2007523E+04   0.9380217E+02   0.2336927E+04   0.2312321E+03   0.5859503E+04   0.4415148E+00   0.7313892E+00   0.4609161E+00   0.6490615E+00   0.4603411E+00   0.6077223E+00   0.4560288E+00   0.5784523E+00   0.2919670E+00   0.3012830E+00   0.2612635E+02   0.1028889E+03   0.2845756E+02   0.1005133E+02   0.3961922E+03   0.2348278E+02   0.1151130E+05   0.7065875E+03   0.1812171E-03   0.1747772E+01   0.3389024E+01   0.8235840E+01   0.1194103E+05   0.5136977E+01
   0.9499594E+00   0.6333924E+04   0.2222033E-01   0.1127838E+00   0.1041908E+01   0.5936887E-01   0.2740426E+01   0.3037046E+01   0.9600297E+00   0.1000541E+01   0.2594389E+03   0.3982005E+02   0.1051484E+03   0.3472451E+02   0.4539390E+00   0.5182639E+00   0.2366717E+00   0.5535904E-01   0.4388624E+01   0.9327647E+00   0.7630986E+00   0.9524566E+00   0.1039482E+01   0.9997761E+00   0.9993131E+00   0.9942361E+00   0.9888622E+00   0.6653015E+02   0.6935354E+00   0.3064646E+00   0.1356493E+00   0.6451439E-03   0.9024765E-01   0.7928524E+00   0.8013494E+00   0.4389172E+00   0.5899123E+00   0.9720377E+00   0.1003452E+03   0.2426877E+01   0.8061218E+01   0.2084357E+01   0.1850994E+01   0.1233666E+04   0.5747693E+04   0.2535690E+04   0.8205601E+03   0.2330958E+03   0.9600297E+00   0.2411502E+00   0.2424611E+00   0.2507273E+01   0.1407966E+02   0.1089166E+04   0.1480591E+03   0.1042311E+01   0.1420488E+02   0.1058826E+04   0.1508267E+03   0.1380799E+00   0.1601702E+00   0.3364174E+04   0.1005505E-01   0.8202676E+00   0.4531494E+00   0.7164850E+02   0.6519870E+03   0.8146201E+02   0.1556183E+04   0.8798851E+02   0.2016708E+04   0.9345154E+02   0.2347380E+04   0.2306560E+03   0.5880527E+04   0.4438363E+00   0.7331379E+00   0.4628948E+00   0.6504190E+00   0.4621091E+00   0.6089126E+00   0.4576423E+00   0.5795352E+00   0.2924486E+00   0.3016956E+00   0.2775347E+02   0.1026629E+03   0.2779100E+02   0.9049057E+01   0.3972565E+03   0.2384375E+02   0.1152162E+05   0.7066226E+03   0.6787382E-03   0.1677296E+01   0.3462504E+01   0.4318651E+01   0.1195177E+05   0.5140479E+01
   0.4667996E+00   0.6329848E+04   0.2225458E-01   0.1163255E+00   0.1041241E+01   0.6085583E-01   0.3011290E+01   0.3046169E+01   0.9691972E+00   0.1000854E+01   0.2436814E+03   0.5099092E+02   0.9934296E+02   0.4656406E+02   0.4047170E+01   0.4360514E+00   0.9982638E+00   0.8773305E-01   0.6965596E+00   0.9423586E+00   0.1123187E+01   0.9014315E+00   0.7970992E+00   0.9963408E+00   0.1000413E+01   0.9950869E+00   0.9954288E+00   0.6826965E+02   0.7012811E+00   0.2987189E+00   0.1392253E+00   0.6451439E-03   0.9504860E-01   0.8025066E+00   0.8007912E+00   0.4386114E+00   0.5932863E+00   0.9712584E+00   0.1012996E+03   0.2409037E+01   0.8296204E+01   0.2103460E+01   0.1862411E+01   0.1217987E+04   0.5719166E+04   0.2527978E+04   0.8140988E+03   0.2297194E+03   0.9691972E+00   0.2448824E+00   0.2462070E+00   0.2595360E+01   0.1381964E+02   0.1089707E+04   0.1456557E+03   0.1041468E+01   0.1398562E+02   0.1059361E+04   0.1483815E+03   0.1395604E+00   0.1609555E+00   0.3327119E+04   0.1013110E-01   0.8268729E+00   0.4565599E+00   0.7339265E+02   0.6359337E+03   0.8323854E+02   0.1519740E+04   0.8979832E+02   0.1970712E+04   0.9529475E+02   0.2294854E+04   0.2339297E+03   0.5770953E+04   0.4441627E+00   0.7428345E+00   0.4651591E+00   0.6598727E+00   0.4652752E+00   0.6181178E+00   0.4613797E+00   0.5885166E+00   0.2972620E+00   0.3070390E+00   0.3433206E+02   0.1068291E+03   0.3212627E+02   0.1058163E+02   0.3976284E+03   0.2243201E+02   0.1151082E+05   0.7065111E+03   0.2816778E-01   0.2271281E+01   0.3462694E+01   0.5956102E+01   0.1194147E+05   0.5762143E+01
   0.6665473E+00   0.6341757E+04   0.2227469E-01   0.1246600E+00   0.1040638E+01   0.5871713E-01   0.3358478E+01   0.3054144E+01   0.9771472E+00   0.9970998E+00   0.2270614E+03   0.6146854E+02   0.9816419E+02   0.4742492E+02   0.3395187E+01   0.5011282E+00   0.9213222E+00   0.1580359E+00   0.1185442E+01   0.1395245E+01   0.7320169E+00   0.9059051E+00   0.7698105E+00   0.9956803E+00   0.9999327E+00   0.1008409E+01   0.1002014E+01   0.6915955E+02   0.6914520E+00   0.3085480E+00   0.1475798E+00   0.6451439E-03   0.1020655E+00   0.8252759E+00   0.8369508E+00   0.4584168E+00   0.6150775E+00   0.9923688E+00   0.9991665E+02   0.2426756E+01   0.8265686E+01   0.2120303E+01   0.1885372E+01   0.1201106E+04   0.5640695E+04   0.2518212E+04   0.8065439E+03   0.2261650E+03   0.9771472E+00   0.2494518E+00   0.2507930E+00   0.2712095E+01   0.1351879E+02   0.1090751E+04   0.1418141E+03   0.1040628E+01   0.1362775E+02   0.1060276E+04   0.1444727E+03   0.1424122E+00   0.1618745E+00   0.3369917E+04   0.1049886E-01   0.8188618E+00   0.4523589E+00   0.7451281E+02   0.6270739E+03   0.8477542E+02   0.1496220E+04   0.9159730E+02   0.1938673E+04   0.9730602E+02   0.2256281E+04   0.2405184E+03   0.5646527E+04   0.4633134E+00   0.7628933E+00   0.4826546E+00   0.6765652E+00   0.4815757E+00   0.6332837E+00   0.4767484E+00   0.6026638E+00   0.3039467E+00   0.3135092E+00   0.3727062E+02   0.1076590E+03   0.3455184E+02   0.9710543E+01   0.3971451E+03   0.2179631E+02   0.1152836E+05   0.7066698E+03   0.1378994E-01   0.1407057E+01   0.4040944E+01   0.1436874E+02   0.1195701E+05   0.5461791E+01
   0.8497625E+00   0.6333332E+04   0.2240513E-01   0.1207302E+00   0.1041357E+01   0.5665108E-01   0.3120209E+01   0.3050723E+01   0.9725200E+00   0.1001991E+01   0.2015399E+03   0.5012455E+02   0.1142675E+03   0.3839366E+02   0.4867724E+01   0.6306181E+00   0.6489224E+00   0.4368334E+00   0.1477517E+01   0.8884499E+00   0.9492975E+00   0.1145077E+01   0.1274763E+01   0.9959862E+00   0.1003264E+01   0.9929076E+00   0.9903719E+00   0.6813782E+02   0.6903126E+00   0.3096874E+00   0.1437805E+00   0.6451439E-03   0.9796889E-01   0.8166415E+00   0.8297219E+00   0.4544574E+00   0.6092034E+00   0.9893212E+00   0.9981567E+02   0.2431247E+01   0.7933044E+01   0.2113062E+01   0.1886713E+01   0.1216231E+04   0.5709365E+04   0.2543063E+04   0.8195225E+03   0.2314971E+03   0.9725200E+00   0.2463970E+00   0.2477271E+00   0.2604565E+01   0.1370725E+02   0.1090013E+04   0.1438488E+03   0.1041492E+01   0.1381180E+02   0.1060123E+04   0.1464909E+03   0.1412467E+00   0.1610353E+00   0.3386752E+04   0.1038808E-01   0.8165657E+00   0.4510745E+00   0.7343184E+02   0.6363861E+03   0.8357545E+02   0.1518169E+04   0.9031649E+02   0.1966935E+04   0.9595675E+02   0.2289028E+04   0.2373655E+03   0.5725362E+04   0.4592256E+00   0.7548017E+00   0.4781142E+00   0.6692694E+00   0.4769143E+00   0.6264055E+00   0.4720471E+00   0.5960879E+00   0.3006124E+00   0.3100035E+00   0.3204716E+02   0.1113485E+03   0.3375608E+02   0.9196118E+01   0.3964545E+03   0.2206359E+02   0.1151629E+05   0.7066985E+03   0.1874531E-01   0.1342563E+01   0.4123017E+01   0.1047850E+02   0.1194400E+05   0.5484325E+01
   0.4517457E+00   0.6338993E+04   0.2249070E-01   0.1183804E+00   0.1041030E+01   0.5094941E-01   0.3076489E+01   0.3035932E+01   0.9692827E+00   0.1002814E+01   0.2257542E+03   0.2470680E+02   0.1098125E+03   0.4080748E+02   0.6001382E+01   0.8425059E+00   0.3445616E+00   0.2369440E-01   0.5464102E+01   0.1231353E+01   0.8170204E+00   0.8233586E+00   0.8136341E+00   0.1000426E+01   0.1000099E+01   0.1010221E+01   0.9947194E+00   0.6841980E+02   0.6976969E+00   0.3023031E+00   0.1415162E+00   0.6451439E-03   0.9682511E-01   0.8023506E+00   0.8054246E+00   0.4411492E+00   0.5949423E+00   0.9700035E+00   0.1007361E+03   0.2404455E+01   0.7289124E+01   0.2082036E+01   0.1880331E+01   0.1224513E+04   0.5760184E+04   0.2542450E+04   0.8187543E+03   0.2310597E+03   0.9692827E+00   0.2458481E+00   0.2471763E+00   0.2574012E+01   0.1374332E+02   0.1089659E+04   0.1446053E+03   0.1041187E+01   0.1388850E+02   0.1060123E+04   0.1472324E+03   0.1406930E+00   0.1607763E+00   0.3352649E+04   0.1025359E-01   0.8227078E+00   0.4542047E+00   0.7361461E+02   0.6342740E+03   0.8358622E+02   0.1514908E+04   0.9022424E+02   0.1963877E+04   0.9578362E+02   0.2286426E+04   0.2357272E+03   0.5739541E+04   0.4464105E+00   0.7423292E+00   0.4666106E+00   0.6590231E+00   0.4663022E+00   0.6171542E+00   0.4621155E+00   0.5874946E+00   0.2965847E+00   0.3061799E+00   0.2756538E+02   0.1088905E+03   0.3353966E+02   0.1060812E+02   0.3957088E+03   0.2239082E+02   0.1152852E+05   0.7065502E+03   0.2622869E-02   0.1891919E+01   0.3402362E+01   0.8912124E+01   0.1195723E+05   0.5296904E+01
   0.8756691E+00   0.6333914E+04   0.2265401E-01   0.1229897E+00   0.1040684E+01   0.4664671E-01   0.3262265E+01   0.3051204E+01   0.9757091E+00   0.1007050E+01   0.2076580E+03   0.3222336E+02   0.1252152E+03   0.3369831E+02   0.8948225E+01   0.8100796E+00   0.5819812E+00   0.4738245E+00   0.1411083E+00   0.1013526E+01   0.1044821E+01   0.1052451E+01   0.1135055E+01   0.9979295E+00   0.9996946E+00   0.9964107E+00   0.9913237E+00   0.6897278E+02   0.6924924E+00   0.3075076E+00   0.1462889E+00   0.6451439E-03   0.1008995E+00   0.8194850E+00   0.8296755E+00   0.4544320E+00   0.6102460E+00   0.9867386E+00   0.9997090E+02   0.2423265E+01   0.6889343E+01   0.2114077E+01   0.1925768E+01   0.1230935E+04   0.5815488E+04   0.2582761E+04   0.8309551E+03   0.2342841E+03   0.9757091E+00   0.2483535E+00   0.2496907E+00   0.2608019E+01   0.1356818E+02   0.1090030E+04   0.1424027E+03   0.1040702E+01   0.1368334E+02   0.1060963E+04   0.1449425E+03   0.1425583E+00   0.1610517E+00   0.3382238E+04   0.1047172E-01   0.8176485E+00   0.4514406E+00   0.7429533E+02   0.6288346E+03   0.8449973E+02   0.1500672E+04   0.9128455E+02   0.1944604E+04   0.9696303E+02   0.2263318E+04   0.2394974E+03   0.5667029E+04   0.4593770E+00   0.7576473E+00   0.4788224E+00   0.6720312E+00   0.4778777E+00   0.6290891E+00   0.4731706E+00   0.5987026E+00   0.3019989E+00   0.3115436E+00   0.2539266E+02   0.1086944E+03   0.3019653E+02   0.9189220E+01   0.3960091E+03   0.2192872E+02   0.1151600E+05   0.7066453E+03   0.1154029E-01   0.1407057E+01   0.4059753E+01   0.1257879E+02   0.1194313E+05   0.5478350E+01
   0.7401089E+00   0.6337651E+04   0.2264038E-01   0.1235282E+00   0.1040718E+01   0.5288534E-01   0.3276074E+01   0.3063975E+01   0.9755953E+00   0.1007747E+01   0.2740850E+03   0.3893163E+02   0.9983230E+02   0.4418563E+02   0.1995047E+01   0.3565554E+00   0.9785145E+00   0.2264475E+00   0.2961103E+01   0.9722998E+00   0.1178757E+01   0.9070968E+00   0.8260827E+00   0.9980656E+00   0.1000141E+01   0.1004279E+01   0.9964364E+00   0.6894348E+02   0.6911267E+00   0.3088733E+00   0.1468138E+00   0.6451439E-03   0.1012185E+00   0.8261335E+00   0.8382620E+00   0.4591350E+00   0.6158789E+00   0.9949554E+00   0.9979758E+02   0.2441904E+01   0.7557678E+01   0.2141251E+01   0.1926336E+01   0.1232276E+04   0.5807531E+04   0.2580412E+04   0.8297483E+03   0.2339923E+03   0.9755953E+00   0.2485275E+00   0.2498653E+00   0.2615167E+01   0.1355708E+02   0.1090107E+04   0.1422134E+03   0.1040724E+01   0.1366485E+02   0.1061001E+04   0.1447527E+03   0.1427005E+00   0.1611089E+00   0.3388325E+04   0.1050000E-01   0.8165490E+00   0.4508786E+00   0.7428655E+02   0.6290062E+03   0.8452640E+02   0.1500756E+04   0.9133267E+02   0.1944502E+04   0.9702809E+02   0.2263025E+04   0.2398825E+03   0.5662547E+04   0.4640073E+00   0.7636547E+00   0.4832977E+00   0.6772061E+00   0.4821802E+00   0.6338695E+00   0.4773223E+00   0.6032126E+00   0.3042162E+00   0.3137692E+00   0.2884412E+02   0.1070062E+03   0.2890814E+02   0.9493200E+01   0.3958623E+03   0.2198924E+02   0.1152196E+05   0.7066777E+03   0.2040915E-01   0.1342563E+01   0.4301496E+01   0.1365497E+02   0.1194930E+05   0.5664468E+01
   0.7816662E+00   0.6336659E+04   0.2258141E-01   0.1236456E+00   0.1040665E+01   0.5170418E-01   0.3275279E+01   0.3058961E+01   0.9744982E+00   0.1007324E+01   0.2370664E+03   0.5084011E+02   0.9789770E+02   0.4269953E+02   0.4176940E+01   0.5884681E+00   0.8223265E+00   0.5205097E+00   0.2353914E+01   0.1425597E+01   0.8649220E+00   0.1111457E+01   0.1141540E+01   0.9984329E+00   0.1004000E+01   0.9999322E+00   0.9964038E+00   0.6882629E+02   0.6899508E+00   0.3100492E+00   0.1468721E+00   0.6451439E-03   0.1010866E+00   0.8243092E+00   0.8380015E+00   0.4589924E+00   0.6151029E+00   0.9936032E+00   0.9965566E+02   0.2439736E+01   0.7450867E+01   0.2130540E+01   0.1921233E+01   0.1230590E+04   0.5789803E+04   0.2572365E+04   0.8265500E+03   0.2328909E+03   0.9744982E+00   0.2484942E+00   0.2498319E+00   0.2625629E+01   0.1356567E+02   0.1090193E+04   0.1422318E+03   0.1040678E+01   0.1366722E+02   0.1060848E+04   0.1447930E+03   0.1426185E+00   0.1611735E+00   0.3390030E+04   0.1050474E-01   0.8160392E+00   0.4506554E+00   0.7417985E+02   0.6299948E+03   0.8443647E+02   0.1502836E+04   0.9125205E+02   0.1947013E+04   0.9695441E+02   0.2265798E+04   0.2398926E+03   0.5666269E+04   0.4637580E+00   0.7618492E+00   0.4827374E+00   0.6754741E+00   0.4814809E+00   0.6321940E+00   0.4765373E+00   0.6015845E+00   0.3033477E+00   0.3128202E+00   0.3224580E+02   0.1082720E+03   0.3323305E+02   0.9353588E+01   0.3957998E+03   0.2200493E+02   0.1151464E+05   0.7067081E+03   0.2949718E-01   0.1217317E+01   0.4519949E+01   0.1904958E+02   0.1194179E+05   0.5766764E+01
   0.8435474E+00   0.6332362E+04   0.2267411E-01   0.1244696E+00   0.1040391E+01   0.5017300E-01   0.3401528E+01   0.3052116E+01   0.9801034E+00   0.1001646E+01   0.2532897E+03   0.3900838E+02   0.1112604E+03   0.3806348E+02   0.3846043E+01   0.6805841E+00   0.4708277E+00   0.1040903E+00   0.1375640E+01   0.8597994E+00   0.7395862E+00   0.9207283E+00   0.9153614E+00   0.9981842E+00   0.9989189E+00   0.1004427E+01   0.9989395E+00   0.6997620E+02   0.6981849E+00   0.3018151E+00   0.1477888E+00   0.6451439E-03   0.1034170E+00   0.8217102E+00   0.8241922E+00   0.4514287E+00   0.6090514E+00   0.9822986E+00   0.1006846E+03   0.2407358E+01   0.7298279E+01   0.2116008E+01   0.1913981E+01   0.1214538E+04   0.5760333E+04   0.2557789E+04   0.8207969E+03   0.2305639E+03   0.9801034E+00   0.2501553E+00   0.2514990E+00   0.2651212E+01   0.1344359E+02   0.1090267E+04   0.1413635E+03   0.1040326E+01   0.1358839E+02   0.1061230E+04   0.1438841E+03   0.1432042E+00   0.1614456E+00   0.3356092E+04   0.1048475E-01   0.8223381E+00   0.4538656E+00   0.7528205E+02   0.6201902E+03   0.8546588E+02   0.1481388E+04   0.9224596E+02   0.1920499E+04   0.9792469E+02   0.2235989E+04   0.2409120E+03   0.5614311E+04   0.4568125E+00   0.7602857E+00   0.4776047E+00   0.6750130E+00   0.4773457E+00   0.6321476E+00   0.4730973E+00   0.6017792E+00   0.3037720E+00   0.3136482E+00   0.2736715E+02   0.1051151E+03   0.3133426E+02   0.9365710E+01   0.3957508E+03   0.2164561E+02   0.1152155E+05   0.7065436E+03   0.1516351E-02   0.1819430E+01   0.3491356E+01   0.4556341E+01   0.1194831E+05   0.5312302E+01
   0.6537897E+00   0.6334804E+04   0.2255613E-01   0.1233061E+00   0.1040498E+01   0.4592934E-01   0.3328167E+01   0.3040754E+01   0.9795547E+00   0.1002962E+01   0.2224061E+03   0.5566672E+02   0.1147210E+03   0.4028417E+02   0.3226421E+01   0.7761378E+00   0.4048310E+00   0.9464567E+00   0.2817933E+01   0.7947405E+00   0.7144045E+00   0.7535109E+00   0.7627212E+00   0.9968201E+00   0.9998277E+00   0.1000542E+01   0.9989967E+00   0.6947449E+02   0.6964650E+00   0.3035350E+00   0.1465074E+00   0.6451439E-03   0.1017852E+00   0.8157757E+00   0.8205679E+00   0.4494436E+00   0.6055123E+00   0.9787192E+00   0.1004962E+03   0.2396447E+01   0.6843567E+01   0.2092101E+01   0.1908486E+01   0.1210741E+04   0.5744581E+04   0.2558034E+04   0.8221819E+03   0.2311646E+03   0.9795547E+00   0.2491677E+00   0.2505078E+00   0.2648224E+01   0.1351926E+02   0.1090243E+04   0.1420822E+03   0.1040486E+01   0.1365537E+02   0.1060810E+04   0.1446520E+03   0.1425502E+00   0.1613907E+00   0.3358432E+04   0.1044264E-01   0.8216046E+00   0.4535733E+00   0.7477011E+02   0.6245593E+03   0.8493176E+02   0.1491412E+04   0.9169436E+02   0.1933225E+04   0.9735716E+02   0.2250582E+04   0.2398074E+03   0.5646126E+04   0.4546696E+00   0.7546202E+00   0.4749241E+00   0.6697900E+00   0.4744599E+00   0.6271760E+00   0.4701000E+00   0.5969966E+00   0.3012960E+00   0.3110053E+00   0.3162682E+02   0.1067364E+03   0.3227460E+02   0.9850330E+01   0.3961707E+03   0.2134082E+02   0.1152016E+05   0.7065686E+03   0.4498336E-06   0.1747772E+01   0.3554302E+01   0.1021749E+02   0.1194752E+05   0.5302074E+01
   0.8166661E+00   0.6329960E+04   0.2252651E-01   0.1196450E+00   0.1041148E+01   0.5397351E-01   0.3171000E+01   0.3045775E+01   0.9767674E+00   0.1000347E+01   0.2402384E+03   0.4024681E+02   0.1035952E+03   0.4178227E+02   0.4722536E+01   0.6678925E+00   0.8811072E+00   0.5165808E+00   0.1696204E+01   0.9252911E+00   0.7833247E+00   0.9222470E+00   0.7335392E+00   0.9985999E+00   0.1000729E+01   0.1003280E+01   0.9978029E+00   0.6914490E+02   0.7012840E+00   0.2987160E+00   0.1428166E+00   0.6451439E-03   0.9875041E-01   0.8100420E+00   0.8083066E+00   0.4427278E+00   0.5988557E+00   0.9741537E+00   0.1012208E+03   0.2397424E+01   0.7621765E+01   0.2102631E+01   0.1887480E+01   0.1211240E+04   0.5739236E+04   0.2548060E+04   0.8211862E+03   0.2316571E+03   0.9767674E+00   0.2471118E+00   0.2484446E+00   0.2599997E+01   0.1364486E+02   0.1089815E+04   0.1437834E+03   0.1041238E+01   0.1380889E+02   0.1060352E+04   0.1463895E+03   0.1412534E+00   0.1610617E+00   0.3341373E+04   0.1028348E-01   0.8250461E+00   0.4554012E+00   0.7433239E+02   0.6278945E+03   0.8430456E+02   0.1500526E+04   0.9094845E+02   0.1945795E+04   0.9651536E+02   0.2265839E+04   0.2369273E+03   0.5697964E+04   0.4483175E+00   0.7498053E+00   0.4695046E+00   0.6660593E+00   0.4696188E+00   0.6239101E+00   0.4656847E+00   0.5940295E+00   0.3000196E+00   0.3099015E+00   0.2691813E+02   0.1055447E+03   0.3103348E+02   0.9462994E+01   0.3959034E+03   0.2175315E+02   0.1151670E+05   0.7065111E+03   0.2247482E-01   0.2193517E+01   0.3443494E+01   0.3927220E+01   0.1194382E+05   0.5659486E+01
   0.8369438E+00   0.6332377E+04   0.2225657E-01   0.1161731E+00   0.1041370E+01   0.4910524E-01   0.2855295E+01   0.3025032E+01   0.9643849E+00   0.1000912E+01   0.2115373E+03   0.3290224E+02   0.1060762E+03   0.4129802E+02   0.6476969E+01   0.7673736E+00   0.5116934E+00   0.4763728E+00   0.1961782E+00   0.9540810E+00   0.6832331E+00   0.9156622E+00   0.1007939E+01   0.9976093E+00   0.1000652E+01   0.9823390E+00   0.9863983E+00   0.6652649E+02   0.6857617E+00   0.3142383E+00   0.1390748E+00   0.6451439E-03   0.9252157E-01   0.7970069E+00   0.8157010E+00   0.4467779E+00   0.5967286E+00   0.9771579E+00   0.9927613E+02   0.2418508E+01   0.7084656E+01   0.2059466E+01   0.1866820E+01   0.1223580E+04   0.5720538E+04   0.2541973E+04   0.8224255E+03   0.2332884E+03   0.9643849E+00   0.2427600E+00   0.2440769E+00   0.2540627E+01   0.1398179E+02   0.1089537E+04   0.1464986E+03   0.1041686E+01   0.1406360E+02   0.1059246E+04   0.1492280E+03   0.1392898E+00   0.1603740E+00   0.3394954E+04   0.1022826E-01   0.8144766E+00   0.4500882E+00   0.7176846E+02   0.6514707E+03   0.8179977E+02   0.1553040E+04   0.8845929E+02   0.2011386E+04   0.9402811E+02   0.2340162E+04   0.2333088E+03   0.5840540E+04   0.4510963E+00   0.7362150E+00   0.4685311E+00   0.6523091E+00   0.4668353E+00   0.6103335E+00   0.4617282E+00   0.5806716E+00   0.2926974E+00   0.3016261E+00   0.2319791E+02   0.1046731E+03   0.2746081E+02   0.9090587E+01   0.3957173E+03   0.2282651E+02   0.1151838E+05   0.7068344E+03   0.6081704E-01   0.1038582E+01   0.5025354E+01   0.5775760E+01   0.1194602E+05   0.6124753E+01
   0.7566319E+00   0.6331129E+04   0.2200811E-01   0.1157933E+00   0.1041158E+01   0.4423345E-01   0.2769164E+01   0.3010183E+01   0.9562085E+00   0.9992041E+00   0.2419571E+03   0.4422963E+02   0.1221066E+03   0.3410843E+02   0.6402210E+01   0.8363578E+00   0.3440099E+00   0.7481262E+00   0.1164585E+01   0.1175423E+01   0.7132570E+00   0.8653603E+00   0.9593577E+00   0.9997578E+00   0.9995910E+00   0.9990947E+00   0.9883425E+00   0.6538025E+02   0.6761163E+00   0.3238837E+00   0.1384466E+00   0.6451439E-03   0.9051671E-01   0.7909094E+00   0.8217896E+00   0.4501127E+00   0.5966560E+00   0.9781455E+00   0.9811762E+02   0.2430746E+01   0.6599426E+01   0.2029111E+01   0.1857313E+01   0.1232868E+04   0.5700752E+04   0.2529973E+04   0.8169810E+03   0.2314801E+03   0.9562085E+00   0.2414638E+00   0.2427759E+00   0.2556785E+01   0.1410616E+02   0.1089729E+04   0.1472477E+03   0.1041559E+01   0.1413724E+02   0.1058559E+04   0.1500723E+03   0.1385721E+00   0.1603649E+00   0.3420139E+04   0.1024280E-01   0.8090843E+00   0.4474464E+00   0.7068293E+02   0.6621954E+03   0.8080596E+02   0.1576223E+04   0.8751182E+02   0.2039865E+04   0.9311263E+02   0.2372037E+04   0.2324981E+03   0.5893473E+04   0.4536183E+00   0.7296622E+00   0.4687943E+00   0.6455021E+00   0.4660125E+00   0.6035527E+00   0.4602020E+00   0.5739665E+00   0.2889679E+00   0.2973852E+00   0.2714216E+02   0.1049003E+03   0.3023825E+02   0.8895152E+01   0.3961613E+03   0.2411247E+02   0.1151253E+05   0.7072316E+03   0.2335132E+00   0.5372448E+00   0.8335218E+01   0.4223552E+01   0.1194170E+05   0.9105976E+01
   0.1037411E+01   0.6331643E+04   0.2217727E-01   0.1183740E+00   0.1040932E+01   0.5240689E-01   0.2985508E+01   0.3040602E+01   0.9634769E+00   0.1002703E+01   0.2259452E+03   0.4026395E+02   0.1219198E+03   0.2198819E+02   0.2052640E+01   0.4763789E+00   0.4905933E+00   0.1590183E+00   0.7928170E+01   0.8447253E+00   0.9650013E+00   0.1270169E+01   0.1182442E+01   0.9965967E+00   0.1000653E+01   0.9993794E+00   0.9942905E+00   0.6706482E+02   0.6860690E+00   0.3139310E+00   0.1411964E+00   0.6451439E-03   0.9469314E-01   0.8064410E+00   0.8249528E+00   0.4518453E+00   0.6036444E+00   0.9847483E+00   0.9928716E+02   0.2439888E+01   0.7493591E+01   0.2091783E+01   0.1883635E+01   0.1235849E+04   0.5750614E+04   0.2547511E+04   0.8196756E+03   0.2314105E+03   0.9634769E+00   0.2445027E+00   0.2458260E+00   0.2601113E+01   0.1387302E+02   0.1089960E+04   0.1453066E+03   0.1041183E+01   0.1395592E+02   0.1059322E+04   0.1480466E+03   0.1399485E+00   0.1608508E+00   0.3386237E+04   0.1029311E-01   0.8155899E+00   0.4507219E+00   0.7234765E+02   0.6462303E+03   0.8245107E+02   0.1540630E+04   0.8915897E+02   0.1995367E+04   0.9476849E+02   0.2321570E+04   0.2350926E+03   0.5795073E+04   0.4562051E+00   0.7449610E+00   0.4739198E+00   0.6600921E+00   0.4722427E+00   0.6176293E+00   0.4671015E+00   0.5876212E+00   0.2961978E+00   0.3052570E+00   0.3182511E+02   0.1077229E+03   0.3205405E+02   0.8671343E+01   0.3958586E+03   0.2344721E+02   0.1151449E+05   0.7068242E+03   0.5940558E-01   0.1038582E+01   0.5031961E+01   0.7869782E+01   0.1194246E+05   0.6129949E+01
   0.8380603E+00   0.6326540E+04   0.2225372E-01   0.1219348E+00   0.1040478E+01   0.5337758E-01   0.3182665E+01   0.3050119E+01   0.9703667E+00   0.1002937E+01   0.2344753E+03   0.4656803E+02   0.1054840E+03   0.3736442E+02   0.2160857E+01   0.6194745E+00   0.5334715E+00   0.4871283E+00   0.6708005E+01   0.9564437E+00   0.9158805E+00   0.9468253E+00   0.8903509E+00   0.9967632E+00   0.1000814E+01   0.9935417E+00   0.9919339E+00   0.6801697E+02   0.6869347E+00   0.3130653E+00   0.1448337E+00   0.6451439E-03   0.9851146E-01   0.8176410E+00   0.8352558E+00   0.4574884E+00   0.6116055E+00   0.9914116E+00   0.9932837E+02   0.2439225E+01   0.7658386E+01   0.2111785E+01   0.1897957E+01   0.1225215E+04   0.5729640E+04   0.2548135E+04   0.8179301E+03   0.2301744E+03   0.9703667E+00   0.2471614E+00   0.2484943E+00   0.2655159E+01   0.1368987E+02   0.1090372E+04   0.1433509E+03   0.1040584E+01   0.1377601E+02   0.1059933E+04   0.1460347E+03   0.1413754E+00   0.1613068E+00   0.3383580E+04   0.1042134E-01   0.8160743E+00   0.4509115E+00   0.7335603E+02   0.6372880E+03   0.8357867E+02   0.1519507E+04   0.9036700E+02   0.1968138E+04   0.9604437E+02   0.2289994E+04   0.2381272E+03   0.5718481E+04   0.4619884E+00   0.7553853E+00   0.4801305E+00   0.6694136E+00   0.4785254E+00   0.6263857E+00   0.4733775E+00   0.5959733E+00   0.3004136E+00   0.3096523E+00   0.3338869E+02   0.1073349E+03   0.3389421E+02   0.9126121E+01   0.3959976E+03   0.2250295E+02   0.1150736E+05   0.7067962E+03   0.5667150E-01   0.1096772E+01   0.5068882E+01   0.5076428E+01   0.1193499E+05   0.6222326E+01
   0.1221416E+01   0.6330232E+04   0.2205891E-01   0.1160974E+00   0.1041103E+01   0.6482639E-01   0.2887198E+01   0.3055486E+01   0.9624062E+00   0.1001069E+01   0.2126419E+03   0.2651401E+02   0.1026153E+03   0.3452147E+02   0.4078818E+01   0.4544127E+00   0.9404718E+00   0.2607857E+00   0.6104438E+01   0.1153485E+01   0.9468131E+00   0.1030115E+01   0.8457780E+00   0.9968921E+00   0.1000058E+01   0.9976131E+00   0.9932708E+00   0.6668396E+02   0.6878587E+00   0.3121413E+00   0.1388014E+00   0.6451439E-03   0.9255830E-01   0.8080188E+00   0.8242072E+00   0.4514369E+00   0.6039615E+00   0.9894885E+00   0.9956503E+02   0.2455368E+01   0.8708191E+01   0.2123150E+01   0.1864976E+01   0.1232510E+04   0.5719500E+04   0.2534300E+04   0.8166171E+03   0.2310379E+03   0.9624062E+00   0.2431167E+00   0.2444349E+00   0.2588982E+01   0.1397516E+02   0.1089811E+04   0.1465077E+03   0.1041424E+01   0.1406801E+02   0.1058788E+04   0.1493088E+03   0.1389325E+00   0.1607360E+00   0.3373417E+04   0.1018571E-01   0.8176230E+00   0.4518743E+00   0.7190344E+02   0.6500946E+03   0.8189978E+02   0.1550268E+04   0.8853921E+02   0.2008128E+04   0.9409271E+02   0.2336644E+04   0.2331434E+03   0.5837549E+04   0.4559947E+00   0.7465928E+00   0.4741384E+00   0.6617296E+00   0.4726640E+00   0.6192411E+00   0.4676525E+00   0.5892042E+00   0.2970816E+00   0.3062335E+00   0.2599832E+02   0.1044842E+03   0.2880389E+02   0.8401353E+01   0.3996968E+03   0.2374354E+02   0.1151107E+05   0.7067676E+03   0.3513287E-01   0.1217317E+01   0.4439642E+01   0.5091782E+01   0.1194291E+05   0.5692092E+01
   0.9355222E+00   0.6331401E+04   0.2249135E-01   0.1221449E+00   0.1040427E+01   0.5922156E-01   0.3241952E+01   0.3060063E+01   0.9745420E+00   0.1000828E+01   0.2491141E+03   0.3581664E+02   0.1204459E+03   0.2644531E+02   0.7609630E+00   0.4244639E+00   0.9962075E+00   0.8006592E+00   0.8668129E+01   0.1126650E+01   0.8387524E+00   0.1038676E+01   0.5746666E+00   0.9978088E+00   0.1000673E+01   0.9969950E+00   0.9883790E+00   0.6880798E+02   0.6931455E+00   0.3068545E+00   0.1452814E+00   0.6451439E-03   0.9996522E-01   0.8209612E+00   0.8302870E+00   0.4547669E+00   0.6110204E+00   0.9896992E+00   0.1000701E+03   0.2433503E+01   0.8207703E+01   0.2132890E+01   0.1894651E+01   0.1217852E+04   0.5728657E+04   0.2542914E+04   0.8170791E+03   0.2301432E+03   0.9745420E+00   0.2480271E+00   0.2493631E+00   0.2630623E+01   0.1360888E+02   0.1090143E+04   0.1428322E+03   0.1040468E+01   0.1372768E+02   0.1060505E+04   0.1454338E+03   0.1419812E+00   0.1611839E+00   0.3367763E+04   0.1041309E-01   0.8195958E+00   0.4525709E+00   0.7410582E+02   0.6303968E+03   0.8426698E+02   0.1504553E+04   0.9102406E+02   0.1949734E+04   0.9667978E+02   0.2269371E+04   0.2386924E+03   0.5683957E+04   0.4597861E+00   0.7590782E+00   0.4794137E+00   0.6733734E+00   0.4785450E+00   0.6303761E+00   0.4738825E+00   0.5999464E+00   0.3026599E+00   0.3122509E+00   0.2828850E+02   0.1073265E+03   0.2919226E+02   0.9071387E+01   0.3971774E+03   0.2221963E+02   0.1151489E+05   0.7066309E+03   0.7607779E-02   0.1472759E+01   0.3924153E+01   0.7411182E+01   0.1194335E+05   0.5404520E+01
   0.3360320E+00   0.6332364E+04   0.2201984E-01   0.1184764E+00   0.1041136E+01   0.4747353E-01   0.3008219E+01   0.3021092E+01   0.9656885E+00   0.1000209E+01   0.2553505E+03   0.3700595E+02   0.1007973E+03   0.4551977E+02   0.3226724E+01   0.7146627E+00   0.5207964E+00   0.3037649E+00   0.6707495E+01   0.8522139E+00   0.1211889E+01   0.8490354E+00   0.9914651E+00   0.9958302E+00   0.1001784E+01   0.1001103E+01   0.9960768E+00   0.6723328E+02   0.6877620E+00   0.3122380E+00   0.1411414E+00   0.6451439E-03   0.9489396E-01   0.7997935E+00   0.8159436E+00   0.4469107E+00   0.5978598E+00   0.9754067E+00   0.9955955E+02   0.2409438E+01   0.7014465E+01   0.2051368E+01   0.1865557E+01   0.1216376E+04   0.5673717E+04   0.2523547E+04   0.8115846E+03   0.2285838E+03   0.9656885E+00   0.2447419E+00   0.2460660E+00   0.2639118E+01   0.1385954E+02   0.1090197E+04   0.1452856E+03   0.1041380E+01   0.1395126E+02   0.1058979E+04   0.1480808E+03   0.1397046E+00   0.1611855E+00   0.3374535E+04   0.1027330E-01   0.8174358E+00   0.4518097E+00   0.7249962E+02   0.6447542E+03   0.8258076E+02   0.1537515E+04   0.8927642E+02   0.1991597E+04   0.9487689E+02   0.2317399E+04   0.2350983E+03   0.5789264E+04   0.4513851E+00   0.7389833E+00   0.4693244E+00   0.6549740E+00   0.4678550E+00   0.6129144E+00   0.4628878E+00   0.5831811E+00   0.2940229E+00   0.3030885E+00   0.3210319E+02   0.1109940E+03   0.3621221E+02   0.1097954E+02   0.3958287E+03   0.2251948E+02   0.1151489E+05   0.7067706E+03   0.3522109E-01   0.1217317E+01   0.4432504E+01   0.8054891E+01   0.1194422E+05   0.5685042E+01
   0.3332745E+00   0.6332591E+04   0.2207658E-01   0.1185618E+00   0.1041008E+01   0.4852013E-01   0.3054905E+01   0.3020837E+01   0.9698443E+00   0.9972750E+00   0.2342606E+03   0.3359207E+02   0.1053610E+03   0.3351144E+02   0.4051607E+01   0.7280799E+00   0.1923804E+00   0.5609706E+00   0.8355674E+01   0.8706153E+00   0.8358708E+00   0.1032469E+01   0.1175816E+01   0.9970904E+00   0.1001647E+01   0.1008899E+01   0.9990911E+00   0.6775330E+02   0.6922270E+00   0.3077730E+00   0.1412835E+00   0.6451439E-03   0.9572422E-01   0.7994848E+00   0.8097759E+00   0.4435325E+00   0.5954809E+00   0.9712812E+00   0.1001092E+03   0.2393725E+01   0.7121277E+01   0.2050845E+01   0.1861182E+01   0.1205144E+04   0.5653442E+04   0.2517665E+04   0.8101198E+03   0.2280705E+03   0.9698443E+00   0.2453931E+00   0.2467196E+00   0.2644696E+01   0.1380914E+02   0.1090176E+04   0.1449841E+03   0.1041215E+01   0.1392451E+02   0.1059170E+04   0.1477554E+03   0.1399066E+00   0.1612618E+00   0.3356798E+04   0.1025145E-01   0.8207514E+00   0.4534968E+00   0.7298496E+02   0.6401447E+03   0.8301669E+02   0.1527595E+04   0.8968629E+02   0.1979449E+04   0.9526813E+02   0.2303838E+04   0.2353560E+03   0.5767707E+04   0.4483711E+00   0.7391338E+00   0.4672870E+00   0.6555862E+00   0.4663357E+00   0.6136859E+00   0.4617231E+00   0.5840381E+00   0.2946252E+00   0.3039065E+00   0.2927183E+02   0.1068782E+03   0.3178330E+02   0.1111519E+02   0.3957716E+03   0.2210163E+02   0.1151504E+05   0.7066514E+03   0.5828198E-02   0.1539698E+01   0.3718595E+01   0.9239927E+01   0.1194403E+05   0.5264122E+01
   0.7916453E+00   0.6333567E+04   0.2219090E-01   0.1144424E+00   0.1041108E+01   0.5866014E-01   0.2855401E+01   0.3039863E+01   0.9616830E+00   0.1001795E+01   0.2059884E+03   0.4730371E+02   0.1189950E+03   0.3439404E+02   0.5919625E+01   0.6365498E+00   0.9543334E+00   0.7742812E+00   0.9815848E+00   0.1054544E+01   0.1377829E+01   0.1071736E+01   0.1168148E+01   0.9968696E+00   0.1000240E+01   0.9852845E+00   0.9907263E+00   0.6700989E+02   0.6942796E+00   0.3057204E+00   0.1372784E+00   0.6451439E-03   0.9199010E-01   0.7961497E+00   0.8037043E+00   0.4402070E+00   0.5920056E+00   0.9725799E+00   0.1003676E+03   0.2425631E+01   0.8039856E+01   0.2090238E+01   0.1858850E+01   0.1233195E+04   0.5749308E+04   0.2533840E+04   0.8171769E+03   0.2312489E+03   0.9616830E+00   0.2427340E+00   0.2440508E+00   0.2553004E+01   0.1398848E+02   0.1089467E+04   0.1470173E+03   0.1041435E+01   0.1411680E+02   0.1058979E+04   0.1497802E+03   0.1386720E+00   0.1604815E+00   0.3350836E+04   0.1009546E-01   0.8220812E+00   0.4541018E+00   0.7215196E+02   0.6473837E+03   0.8201529E+02   0.1545376E+04   0.8857603E+02   0.2002821E+04   0.9406823E+02   0.2331312E+04   0.2320607E+03   0.5842360E+04   0.4452006E+00   0.7362573E+00   0.4644972E+00   0.6532639E+00   0.4637928E+00   0.6116078E+00   0.4593653E+00   0.5821201E+00   0.2937685E+00   0.3030982E+00   0.3021221E+02   0.1077479E+03   0.3141047E+02   0.9428731E+01   0.3970476E+03   0.2353181E+02   0.1151701E+05   0.7066076E+03   0.5388500E-03   0.1677296E+01   0.3509706E+01   0.8315839E+01   0.1194702E+05   0.5187541E+01
   0.1097824E+01   0.6328843E+04   0.2227313E-01   0.1204543E+00   0.1040600E+01   0.5910354E-01   0.3149929E+01   0.3058615E+01   0.9661612E+00   0.1003245E+01   0.2787479E+03   0.4994376E+02   0.9450509E+02   0.4504501E+02   0.4325026E+01   0.6531345E+00   0.7376240E+00   0.7622745E+00   0.4388274E+01   0.7901930E+00   0.1020460E+01   0.1022461E+01   0.1203446E+01   0.9988393E+00   0.1002184E+01   0.9939012E+00   0.9911835E+00   0.6821472E+02   0.6918871E+00   0.3081129E+00   0.1433726E+00   0.6451439E-03   0.9780121E-01   0.8159117E+00   0.8268705E+00   0.4528956E+00   0.6078839E+00   0.9878798E+00   0.9997669E+02   0.2448609E+01   0.8207703E+01   0.2129804E+01   0.1892356E+01   0.1237792E+04   0.5764039E+04   0.2543589E+04   0.8150099E+03   0.2292175E+03   0.9661612E+00   0.2467381E+00   0.2480694E+00   0.2640014E+01   0.1371127E+02   0.1090185E+04   0.1438726E+03   0.1040733E+01   0.1382415E+02   0.1059818E+04   0.1465617E+03   0.1409561E+00   0.1612231E+00   0.3363804E+04   0.1033808E-01   0.8197823E+00   0.4528349E+00   0.7348991E+02   0.6357692E+03   0.8359948E+02   0.1517078E+04   0.9032034E+02   0.1965770E+04   0.9594486E+02   0.2287876E+04   0.2370795E+03   0.5726865E+04   0.4577802E+00   0.7542867E+00   0.4770103E+00   0.6689882E+00   0.4760005E+00   0.6262153E+00   0.4712665E+00   0.5959521E+00   0.3006087E+00   0.3100711E+00   0.3302995E+02   0.1090763E+03   0.3389762E+02   0.8723030E+01   0.3973321E+03   0.2345738E+02   0.1151012E+05   0.7066593E+03   0.1088533E-01   0.1407057E+01   0.3954641E+01   0.6023486E+01   0.1193963E+05   0.5372584E+01
   0.1080375E+01   0.6332016E+04   0.2233097E-01   0.1165766E+00   0.1041038E+01   0.5440153E-01   0.2956291E+01   0.3038418E+01   0.9610195E+00   0.1000389E+01   0.2592786E+03   0.4660991E+02   0.1194960E+03   0.3485288E+02   0.2492625E+01   0.7109992E+00   0.4338944E+00   0.5750967E+00   0.2752876E+01   0.8476202E+00   0.9304354E+00   0.8343018E+00   0.7443714E+00   0.9991669E+00   0.9983977E+00   0.1003731E+01   0.9946852E+00   0.6752258E+02   0.6939163E+00   0.3060837E+00   0.1395527E+00   0.6451439E-03   0.9422961E-01   0.7990197E+00   0.8070807E+00   0.4420563E+00   0.5943162E+00   0.9723732E+00   0.1002778E+03   0.2428002E+01   0.7633972E+01   0.2087219E+01   0.1872042E+01   0.1240998E+04   0.5778592E+04   0.2537844E+04   0.8162954E+03   0.2304821E+03   0.9610195E+00   0.2441712E+00   0.2454933E+00   0.2561744E+01   0.1387765E+02   0.1089581E+04   0.1458110E+03   0.1041281E+01   0.1400304E+02   0.1059513E+04   0.1485100E+03   0.1396987E+00   0.1605962E+00   0.3359914E+04   0.1019291E-01   0.8208363E+00   0.4533467E+00   0.7270994E+02   0.6424422E+03   0.8265912E+02   0.1533491E+04   0.8927640E+02   0.1987360E+04   0.9481569E+02   0.2313268E+04   0.2339635E+03   0.5796113E+04   0.4470260E+00   0.7388732E+00   0.4663089E+00   0.6555421E+00   0.4655580E+00   0.6137225E+00   0.4610845E+00   0.5841215E+00   0.2947469E+00   0.3041006E+00   0.2945463E+02   0.1052880E+03   0.3152934E+02   0.8799583E+01   0.3960458E+03   0.2425516E+02   0.1151828E+05   0.7066148E+03   0.1795032E-02   0.1607985E+01   0.3611891E+01   0.4812233E+01   0.1194738E+05   0.5221671E+01
   0.4234210E+00   0.6329334E+04   0.2225370E-01   0.1173335E+00   0.1040988E+01   0.5034350E-01   0.3028687E+01   0.3029605E+01   0.9661832E+00   0.1000663E+01   0.2403164E+03   0.4223878E+02   0.1148940E+03   0.3431065E+02   0.1510059E+01   0.5631883E+00   0.4377933E+00   0.6238849E-01   0.7137831E+01   0.8827165E+00   0.7375221E+00   0.8879046E+00   0.7508799E+00   0.9975420E+00   0.9985086E+00   0.9914454E+00   0.9947674E+00   0.6802429E+02   0.6969459E+00   0.3030541E+00   0.1402324E+00   0.6451439E-03   0.9539208E-01   0.7977262E+00   0.8017765E+00   0.4391511E+00   0.5918803E+00   0.9672124E+00   0.1006885E+03   0.2402656E+01   0.7255554E+01   0.2068907E+01   0.1870739E+01   0.1225439E+04   0.5740337E+04   0.2533177E+04   0.8145430E+03   0.2294888E+03   0.9661832E+00   0.2451159E+00   0.2464414E+00   0.2601585E+01   0.1381361E+02   0.1089817E+04   0.1453017E+03   0.1041202E+01   0.1395520E+02   0.1059475E+04   0.1480185E+03   0.1398700E+00   0.1609494E+00   0.3343459E+04   0.1019277E-01   0.8236617E+00   0.4548801E+00   0.7320146E+02   0.6379083E+03   0.8313711E+02   0.1523406E+04   0.8975005E+02   0.1974773E+04   0.9528787E+02   0.2299014E+04   0.2346311E+03   0.5768996E+04   0.4443326E+00   0.7379773E+00   0.4642527E+00   0.6550788E+00   0.4638586E+00   0.6134269E+00   0.4596360E+00   0.5839258E+00   0.2947621E+00   0.3042591E+00   0.3207621E+02   0.1078534E+03   0.3284345E+02   0.1072668E+02   0.3956926E+03   0.2289666E+02   0.1151119E+05   0.7065611E+03   0.1797079E-02   0.1891919E+01   0.3382364E+01   0.6320468E+01   0.1194051E+05   0.5276079E+01
   0.1031331E+01   0.6332988E+04   0.2227762E-01   0.1191707E+00   0.1041250E+01   0.5738291E-01   0.3022882E+01   0.3050264E+01   0.9645918E+00   0.1002404E+01   0.2653345E+03   0.3692487E+02   0.6672803E+02   0.6127881E+02   0.2991256E+01   0.5747316E+00   0.5916858E+00   0.5129214E-02   0.2519370E+01   0.9828099E+00   0.9738756E+00   0.8138976E+00   0.1063699E+01   0.9976117E+00   0.1002343E+01   0.9874654E+00   0.9959078E+00   0.6740906E+02   0.6872929E+00   0.3127071E+00   0.1420935E+00   0.6451439E-03   0.9578389E-01   0.8121103E+00   0.8291312E+00   0.4541338E+00   0.6072946E+00   0.9891357E+00   0.9945020E+02   0.2449225E+01   0.7997131E+01   0.2112092E+01   0.1883089E+01   0.1234277E+04   0.5741866E+04   0.2542604E+04   0.8180096E+03   0.2310299E+03   0.9645918E+00   0.2450478E+00   0.2463731E+00   0.2594987E+01   0.1381758E+02   0.1089940E+04   0.1448326E+03   0.1041460E+01   0.1390669E+02   0.1059628E+04   0.1475324E+03   0.1404214E+00   0.1608765E+00   0.3390700E+04   0.1033270E-01   0.8153408E+00   0.4505252E+00   0.7269679E+02   0.6430395E+03   0.8281760E+02   0.1533313E+04   0.8953889E+02   0.1986080E+04   0.9516045E+02   0.2310918E+04   0.2358750E+03   0.5771785E+04   0.4586341E+00   0.7503161E+00   0.4767428E+00   0.6649661E+00   0.4751950E+00   0.6222430E+00   0.4701135E+00   0.5920436E+00   0.2984676E+00   0.3076516E+00   0.3011097E+02   0.1061529E+03   0.3221319E+02   0.8722355E+01   0.3967936E+03   0.2342174E+02   0.1151867E+05   0.7067850E+03   0.4451075E-01   0.1156417E+01   0.4700240E+01   0.5684948E+01   0.1194760E+05   0.5901167E+01
   0.7991092E+00   0.6335768E+04   0.2221154E-01   0.1152465E+00   0.1041416E+01   0.5010017E-01   0.2655153E+01   0.3016397E+01   0.9502436E+00   0.9984458E+00   0.2546806E+03   0.3648309E+02   0.1047350E+03   0.3588034E+02   0.1103143E+01   0.6802485E+00   0.4121803E+00   0.7584447E+00   0.3330236E+01   0.8140379E+00   0.8379939E+00   0.9726533E+00   0.9387123E+00   0.9984496E+00   0.1002001E+01   0.9914256E+00   0.9787225E+00   0.6447205E+02   0.6677532E+00   0.3322468E+00   0.1381032E+00   0.6451439E-03   0.8903795E-01   0.7926214E+00   0.8341335E+00   0.4568738E+00   0.6017707E+00   0.9871430E+00   0.9709565E+02   0.2463561E+01   0.7157898E+01   0.2041760E+01   0.1847090E+01   0.1242066E+04   0.5702153E+04   0.2521463E+04   0.8165227E+03   0.2325634E+03   0.9502436E+00   0.2399452E+00   0.2412517E+00   0.2479035E+01   0.1420146E+02   0.1089312E+04   0.1478425E+03   0.1041873E+01   0.1419007E+02   0.1058903E+04   0.1506012E+03   0.1386418E+00   0.1596876E+00   0.3466736E+04   0.1029946E-01   0.8016377E+00   0.4434051E+00   0.6983536E+02   0.6708566E+03   0.8004180E+02   0.1594785E+04   0.8679054E+02   0.2062564E+04   0.9242145E+02   0.2397357E+04   0.2319782E+03   0.5934012E+04   0.4596410E+00   0.7304610E+00   0.4730093E+00   0.6453669E+00   0.4692852E+00   0.6030823E+00   0.4628349E+00   0.5733080E+00   0.2883461E+00   0.2964203E+00   0.2428853E+02   0.1029970E+03   0.2871024E+02   0.8325151E+01   0.3956922E+03   0.2538232E+02   0.1151378E+05   0.7076924E+03   0.4773565E+00   0.1972903E+00   0.1289197E+02   0.7092848E+01   0.1194318E+05   0.1356661E+02
   0.7720089E+00   0.6336483E+04   0.2215233E-01   0.1140554E+00   0.1041110E+01   0.4942337E-01   0.2640203E+01   0.3010899E+01   0.9511139E+00   0.9984136E+00   0.1785052E+03   0.2508059E+02   0.1010241E+03   0.4149767E+02   0.9340108E+01   0.9708875E+00   0.8544549E+00   0.7064686E+00   0.2855544E+01   0.8077154E+00   0.1196102E+01   0.8370644E+00   0.8413154E+00   0.9959979E+00   0.9994785E+00   0.9938165E+00   0.9810740E+00   0.6456726E+02   0.6717316E+00   0.3282684E+00   0.1368528E+00   0.6451439E-03   0.8836213E-01   0.7871058E+00   0.8233548E+00   0.4509700E+00   0.5957861E+00   0.9795507E+00   0.9755263E+02   0.2447022E+01   0.7081604E+01   0.2030564E+01   0.1839450E+01   0.1236804E+04   0.5694861E+04   0.2516540E+04   0.8150029E+03   0.2319639E+03   0.9511139E+00   0.2397086E+00   0.2410142E+00   0.2484642E+01   0.1422929E+02   0.1089262E+04   0.1482995E+03   0.1041577E+01   0.1423798E+02   0.1058674E+04   0.1510868E+03   0.1381630E+00   0.1597017E+00   0.3442486E+04   0.1021660E-01   0.8054197E+00   0.4454193E+00   0.6987442E+02   0.6701851E+03   0.7998939E+02   0.1594162E+04   0.8668345E+02   0.2062385E+04   0.9227141E+02   0.2397657E+04   0.2310337E+03   0.5945306E+04   0.4540836E+00   0.7257465E+00   0.4682306E+00   0.6415989E+00   0.4649740E+00   0.5997236E+00   0.4588637E+00   0.5702149E+00   0.2869372E+00   0.2951179E+00   0.2386564E+02   0.1034988E+03   0.3034441E+02   0.8626582E+01   0.3956929E+03   0.2488972E+02   0.1150855E+05   0.7074599E+03   0.3583476E+00   0.3457454E+00   0.1074075E+02   0.1629879E+02   0.1193776E+05   0.1144484E+02
   0.6015020E+00   0.6329426E+04   0.2235852E-01   0.1200793E+00   0.1040751E+01   0.4426920E-01   0.3067885E+01   0.3018717E+01   0.9619259E+00   0.9981487E+00   0.2498354E+03   0.4198805E+02   0.7927145E+02   0.4899464E+02   0.2909221E+01   0.7943889E+00   0.3582494E+00   0.5865113E+00   0.5544669E+01   0.9963573E+00   0.8937479E+00   0.9432247E+00   0.1213263E+01   0.9973733E+00   0.1003278E+01   0.1000973E+01   0.9922530E+00   0.6751526E+02   0.6861053E+00   0.3138947E+00   0.1430829E+00   0.6451439E-03   0.9660280E-01   0.7994737E+00   0.8177782E+00   0.4479156E+00   0.5984118E+00   0.9729784E+00   0.9922962E+02   0.2417817E+01   0.6629944E+01   0.2046502E+01   0.1873097E+01   0.1230309E+04   0.5722489E+04   0.2522519E+04   0.8099483E+03   0.2280953E+03   0.9619259E+00   0.2456834E+00   0.2470110E+00   0.2595215E+01   0.1378146E+02   0.1089963E+04   0.1443104E+03   0.1040916E+01   0.1386380E+02   0.1059933E+04   0.1469736E+03   0.1408987E+00   0.1608276E+00   0.3393851E+04   0.1037359E-01   0.8146398E+00   0.4500880E+00   0.7282730E+02   0.6419757E+03   0.8299824E+02   0.1530482E+04   0.8975094E+02   0.1982221E+04   0.9539791E+02   0.2306271E+04   0.2366572E+03   0.5756829E+04   0.4522653E+00   0.7385209E+00   0.4698199E+00   0.6543810E+00   0.4681538E+00   0.6122833E+00   0.4630547E+00   0.5825335E+00   0.2936183E+00   0.3026055E+00   0.3077783E+02   0.1055143E+03   0.3343537E+02   0.9762653E+01   0.3962236E+03   0.2377404E+02   0.1150922E+05   0.7068230E+03   0.6683883E-01   0.1038582E+01   0.5280149E+01   0.6667190E+01   0.1193898E+05   0.6385569E+01
   0.7293566E+00   0.6334927E+04   0.2243523E-01   0.1198134E+00   0.1040452E+01   0.5126802E-01   0.3051659E+01   0.3026910E+01   0.9656951E+00   0.9963929E+00   0.2306635E+03   0.3544614E+02   0.1177796E+03   0.2951645E+02   0.1153882E+01   0.4578219E+00   0.8472669E+00   0.8841090E+00   0.7690209E+01   0.1095469E+01   0.1244946E+01   0.8749603E+00   0.6743971E+00   0.9964603E+00   0.9973650E+00   0.9997357E+00   0.9937188E+00   0.6738342E+02   0.6852923E+00   0.3147077E+00   0.1428938E+00   0.6451439E-03   0.9628675E-01   0.8029001E+00   0.8223460E+00   0.4504174E+00   0.6013653E+00   0.9781039E+00   0.9908008E+02   0.2420820E+01   0.7350159E+01   0.2063337E+01   0.1862256E+01   0.1215751E+04   0.5678115E+04   0.2512356E+04   0.8090345E+03   0.2284511E+03   0.9656951E+00   0.2454965E+00   0.2468234E+00   0.2575402E+01   0.1379838E+02   0.1089829E+04   0.1444013E+03   0.1040619E+01   0.1387647E+02   0.1060085E+04   0.1470393E+03   0.1409505E+00   0.1606216E+00   0.3396724E+04   0.1037109E-01   0.8140920E+00   0.4497375E+00   0.7269832E+02   0.6431737E+03   0.8287244E+02   0.1533142E+04   0.8962602E+02   0.1985538E+04   0.9527313E+02   0.2310027E+04   0.2364758E+03   0.5763980E+04   0.4547215E+00   0.7416069E+00   0.4721704E+00   0.6570288E+00   0.4704027E+00   0.6147251E+00   0.4652177E+00   0.5848345E+00   0.2947495E+00   0.3037348E+00   0.2855918E+02   0.1048607E+03   0.2820614E+02   0.9349835E+01   0.3957055E+03   0.2300869E+02   0.1151640E+05   0.7068504E+03   0.8410216E-01   0.9265765E+00   0.5715748E+01   0.1181791E+02   0.1194446E+05   0.6726427E+01
   0.5151182E+00   0.6338030E+04   0.2199363E-01   0.1151129E+00   0.1041044E+01   0.4715241E-01   0.2744185E+01   0.3009862E+01   0.9554359E+00   0.9993937E+00   0.1976682E+03   0.2860951E+02   0.9742235E+02   0.3596330E+02   0.8938318E+01   0.8396180E+00   0.8050851E+00   0.8508512E+00   0.4527629E+01   0.1061951E+01   0.1043427E+01   0.9641771E+00   0.9487633E+00   0.9978302E+00   0.9988443E+00   0.9925380E+00   0.9871784E+00   0.6527771E+02   0.6767288E+00   0.3232712E+00   0.1377516E+00   0.6451439E-03   0.8992112E-01   0.7888970E+00   0.8189232E+00   0.4485427E+00   0.5948563E+00   0.9764227E+00   0.9818635E+02   0.2430021E+01   0.6904602E+01   0.2028459E+01   0.1845909E+01   0.1228940E+04   0.5679054E+04   0.2517659E+04   0.8131679E+03   0.2304627E+03   0.9554359E+00   0.2411085E+00   0.2424193E+00   0.2550630E+01   0.1413589E+02   0.1089662E+04   0.1475772E+03   0.1041463E+01   0.1417018E+02   0.1058445E+04   0.1504133E+03   0.1383136E+00   0.1602911E+00   0.3414782E+04   0.1020894E-01   0.8098808E+00   0.4478706E+00   0.7056243E+02   0.6632805E+03   0.8065288E+02   0.1578956E+04   0.8733807E+02   0.2043500E+04   0.9292203E+02   0.2376343E+04   0.2319313E+03   0.5905833E+04   0.4520949E+00   0.7278641E+00   0.4673681E+00   0.6439750E+00   0.4646629E+00   0.6021510E+00   0.4589139E+00   0.5726497E+00   0.2883322E+00   0.2967525E+00   0.2504220E+02   0.1007601E+03   0.2773515E+02   0.9693661E+01   0.3958031E+03   0.2390062E+02   0.1151857E+05   0.7072021E+03   0.2202379E+00   0.5372448E+00   0.8097360E+01   0.1203058E+02   0.1194797E+05   0.8854843E+01
   0.6484457E+00   0.6330791E+04   0.2214262E-01   0.1165279E+00   0.1040801E+01   0.4444850E-01   0.2830994E+01   0.3015865E+01   0.9585716E+00   0.1002596E+01   0.2294976E+03   0.3414005E+02   0.9153897E+02   0.4656932E+02   0.4787932E+01   0.6184374E+00   0.6843827E+00   0.3161529E+00   0.4047632E+01   0.7509209E+00   0.1175797E+01   0.8929143E+00   0.9974062E+00   0.9961285E+00   0.1000234E+01   0.9875985E+00   0.9794142E+00   0.6583801E+02   0.6785994E+00   0.3214006E+00   0.1393157E+00   0.6451439E-03   0.9172269E-01   0.7935613E+00   0.8213782E+00   0.4498874E+00   0.5975058E+00   0.9780073E+00   0.9835419E+02   0.2429139E+01   0.6614685E+01   0.2040673E+01   0.1867093E+01   0.1234272E+04   0.5727553E+04   0.2538175E+04   0.8193363E+03   0.2320552E+03   0.9585716E+00   0.2423779E+00   0.2436934E+00   0.2553493E+01   0.1403848E+02   0.1089689E+04   0.1466187E+03   0.1041149E+01   0.1408240E+02   0.1058979E+04   0.1493882E+03   0.1391349E+00   0.1603382E+00   0.3412292E+04   0.1026326E-01   0.8106158E+00   0.4481414E+00   0.7113955E+02   0.6577605E+03   0.8126495E+02   0.1566275E+04   0.8797611E+02   0.2027386E+04   0.9358308E+02   0.2357846E+04   0.2332986E+03   0.5864957E+04   0.4536000E+00   0.7323450E+00   0.4693779E+00   0.6481314E+00   0.4668698E+00   0.6061162E+00   0.4612304E+00   0.5764690E+00   0.2903119E+00   0.2988724E+00   0.2927335E+02   0.1062892E+03   0.3140134E+02   0.9319941E+01   0.3961993E+03   0.2350256E+02   0.1150755E+05   0.7071154E+03   0.1898786E+00   0.6252075E+00   0.7639303E+01   0.9435045E+01   0.1193658E+05   0.8454390E+01
   0.5152113E+00   0.6335181E+04   0.2213060E-01   0.1172784E+00   0.1040525E+01   0.4251502E-01   0.2899070E+01   0.3011423E+01   0.9595041E+00   0.1000886E+01   0.1694154E+03   0.3369748E+02   0.9749615E+02   0.4831916E+02   0.7867222E+01   0.5511637E+00   0.9069845E+00   0.1948741E+00   0.1554350E+01   0.9518871E+00   0.8592168E+00   0.8142428E+00   0.7615431E+00   0.9967450E+00   0.9992303E+00   0.9956505E+00   0.9945045E+00   0.6627014E+02   0.6810958E+00   0.3189042E+00   0.1400542E+00   0.6451439E-03   0.9281410E-01   0.7923517E+00   0.8169349E+00   0.4474537E+00   0.5954332E+00   0.9733276E+00   0.9863747E+02   0.2418103E+01   0.6422424E+01   0.2031630E+01   0.1866021E+01   0.1230944E+04   0.5718036E+04   0.2530541E+04   0.8151420E+03   0.2302491E+03   0.9595041E+00   0.2433088E+00   0.2446277E+00   0.2579654E+01   0.1397788E+02   0.1089840E+04   0.1460742E+03   0.1040821E+01   0.1403452E+02   0.1059055E+04   0.1488415E+03   0.1394248E+00   0.1605508E+00   0.3398478E+04   0.1026970E-01   0.8128710E+00   0.4493241E+00   0.7156432E+02   0.6536745E+03   0.8168716E+02   0.1557147E+04   0.8840034E+02   0.2015960E+04   0.9401072E+02   0.2344877E+04   0.2339889E+03   0.5839402E+04   0.4513768E+00   0.7314637E+00   0.4676752E+00   0.6476069E+00   0.4654521E+00   0.6057306E+00   0.4600110E+00   0.5761670E+00   0.2902445E+00   0.2989076E+00   0.2894743E+02   0.1067125E+03   0.3037411E+02   0.9887060E+01   0.3965980E+03   0.2348014E+02   0.1151746E+05   0.7070083E+03   0.1436698E+00   0.7194209E+00   0.6788247E+01   0.8276961E+01   0.1194743E+05   0.7651338E+01
   0.6276198E+00   0.6337831E+04   0.2220112E-01   0.1201659E+00   0.1040760E+01   0.5139946E-01   0.3018813E+01   0.3048387E+01   0.9662658E+00   0.1005240E+01   0.1979095E+03   0.4171851E+02   0.8563581E+02   0.5123611E+02   0.6839261E+01   0.6552879E+00   0.8697155E+00   0.5304524E+00   0.1139919E+01   0.8287149E+00   0.6172208E+00   0.8515543E+00   0.7873269E+00   0.9963800E+00   0.1001776E+01   0.1001635E+01   0.1001508E+01   0.6678650E+02   0.6793762E+00   0.3206238E+00   0.1430122E+00   0.6451439E-03   0.9551285E-01   0.8151519E+00   0.8427054E+00   0.4615688E+00   0.6133911E+00   0.9974570E+00   0.9842412E+02   0.2456051E+01   0.7417297E+01   0.2108132E+01   0.1902185E+01   0.1236181E+04   0.5758362E+04   0.2566373E+04   0.8267823E+03   0.2337418E+03   0.9662658E+00   0.2449614E+00   0.2462864E+00   0.2608207E+01   0.1384822E+02   0.1090121E+04   0.1446535E+03   0.1040984E+01   0.1389584E+02   0.1059551E+04   0.1473713E+03   0.1405440E+00   0.1608617E+00   0.3414601E+04   0.1040266E-01   0.8104897E+00   0.4480359E+00   0.7215531E+02   0.6484418E+03   0.8240444E+02   0.1544281E+04   0.8919885E+02   0.1999043E+04   0.9487594E+02   0.2324987E+04   0.2363976E+03   0.5785398E+04   0.4654046E+00   0.7523459E+00   0.4817914E+00   0.6659138E+00   0.4793081E+00   0.6227788E+00   0.4735781E+00   0.5923366E+00   0.2983073E+00   0.3071516E+00   0.2805749E+02   0.1045569E+03   0.2949217E+02   0.9419594E+01   0.3957765E+03   0.2296808E+02   0.1151684E+05   0.7070811E+03   0.1770763E+00   0.6715329E+00   0.7438993E+01   0.1529053E+02   0.1194500E+05   0.8287602E+01
   0.3330480E+00   0.6338502E+04   0.2230892E-01   0.1206398E+00   0.1040134E+01   0.4264890E-01   0.3230116E+01   0.3032316E+01   0.9791095E+00   0.1006620E+01   0.2346821E+03   0.4282953E+02   0.1141239E+03   0.3466850E+02   0.4297132E+01   0.5317356E+00   0.9625208E+00   0.5886202E+00   0.6153525E+01   0.1388899E+01   0.7241387E+00   0.1052548E+01   0.8571658E+00   0.9996591E+00   0.1001327E+01   0.1004570E+01   0.1000437E+01   0.6895081E+02   0.6979651E+00   0.3020349E+00   0.1435939E+00   0.6451439E-03   0.9900913E-01   0.8069483E+00   0.8096805E+00   0.4434803E+00   0.5982187E+00   0.9717981E+00   0.1007226E+03   0.2380729E+01   0.6486511E+01   0.2074521E+01   0.1904906E+01   0.1210212E+04   0.5752224E+04   0.2566216E+04   0.8256082E+03   0.2321208E+03   0.9791095E+00   0.2478046E+00   0.2491398E+00   0.2660903E+01   0.1364071E+02   0.1090234E+04   0.1434051E+03   0.1040215E+01   0.1378610E+02   0.1059971E+04   0.1460790E+03   0.1411939E+00   0.1613959E+00   0.3333620E+04   0.1029958E-01   0.8251178E+00   0.4555815E+00   0.7418262E+02   0.6293975E+03   0.8422367E+02   0.1503328E+04   0.9090835E+02   0.1948908E+04   0.9650701E+02   0.2269035E+04   0.2374613E+03   0.5696665E+04   0.4487729E+00   0.7466091E+00   0.4691478E+00   0.6628512E+00   0.4688696E+00   0.6207507E+00   0.4646809E+00   0.5909254E+00   0.2983117E+00   0.3079860E+00   0.3100730E+02   0.1102349E+03   0.3234205E+02   0.1122144E+02   0.3968830E+03   0.2096461E+02   0.1152088E+05   0.7065465E+03   0.2298508E-02   0.1891919E+01   0.3435153E+01   0.1518062E+02   0.1194995E+05   0.5329370E+01
   0.7053257E+00   0.6335080E+04   0.2241317E-01   0.1200430E+00   0.1040379E+01   0.4312906E-01   0.3146076E+01   0.3037487E+01   0.9713303E+00   0.1008938E+01   0.2681971E+03   0.4143352E+02   0.9389611E+02   0.4085175E+02   0.3117610E+01   0.7937067E+00   0.2830168E+00   0.9342468E+00   0.7694365E+01   0.1239119E+01   0.9755688E+00   0.9930439E+00   0.1241042E+01   0.9976416E+00   0.1000813E+01   0.9982839E+00   0.9900417E+00   0.6835754E+02   0.6937537E+00   0.3062463E+00   0.1431014E+00   0.6451439E-03   0.9782058E-01   0.8068963E+00   0.8152532E+00   0.4465326E+00   0.6002545E+00   0.9759431E+00   0.1001657E+03   0.2408976E+01   0.6501770E+01   0.2085277E+01   0.1912944E+01   0.1234929E+04   0.5819526E+04   0.2577978E+04   0.8291102E+03   0.2335796E+03   0.9713303E+00   0.2467419E+00   0.2480733E+00   0.2611993E+01   0.1370608E+02   0.1089966E+04   0.1438906E+03   0.1040499E+01   0.1382900E+02   0.1060123E+04   0.1465321E+03   0.1411081E+00   0.1609931E+00   0.3359125E+04   0.1032107E-01   0.8208458E+00   0.4532784E+00   0.7361177E+02   0.6345833E+03   0.8368868E+02   0.1514693E+04   0.9039069E+02   0.1962973E+04   0.9600077E+02   0.2284860E+04   0.2369147E+03   0.5724477E+04   0.4515176E+00   0.7461372E+00   0.4709495E+00   0.6619643E+00   0.4701698E+00   0.6197253E+00   0.4656379E+00   0.5898283E+00   0.2975932E+00   0.3070453E+00   0.3075353E+02   0.1073114E+03   0.3304601E+02   0.9649062E+01   0.3966237E+03   0.2201441E+02   0.1151129E+05   0.7066181E+03   0.4483298E-02   0.1539698E+01   0.3800337E+01   0.1861775E+02   0.1193958E+05   0.5344518E+01
   0.9463687E+00   0.6333190E+04   0.2218623E-01   0.1198151E+00   0.1040950E+01   0.4929177E-01   0.3017993E+01   0.3042167E+01   0.9590459E+00   0.1004533E+01   0.2216225E+03   0.4506804E+02   0.1058472E+03   0.3720056E+02   0.4588674E+01   0.7324661E+00   0.6511605E+00   0.9083511E+00   0.9177844E+01   0.1141326E+01   0.7447153E+00   0.8660708E+00   0.7305910E+00   0.9991130E+00   0.9990733E+00   0.9961373E+00   0.9886462E+00   0.6695129E+02   0.6817685E+00   0.3182315E+00   0.1426465E+00   0.6451439E-03   0.9550369E-01   0.8095376E+00   0.8337733E+00   0.4566765E+00   0.6080270E+00   0.9893673E+00   0.9874413E+02   0.2459057E+01   0.7194519E+01   0.2095059E+01   0.1898375E+01   0.1253408E+04   0.5793224E+04   0.2557083E+04   0.8204192E+03   0.2312556E+03   0.9590459E+00   0.2449443E+00   0.2462691E+00   0.2610767E+01   0.1384370E+02   0.1090110E+04   0.1447597E+03   0.1041168E+01   0.1390359E+02   0.1059475E+04   0.1474865E+03   0.1404169E+00   0.1609176E+00   0.3406204E+04   0.1037651E-01   0.8120791E+00   0.4488819E+00   0.7229131E+02   0.6470502E+03   0.8249902E+02   0.1541535E+04   0.8926954E+02   0.1995857E+04   0.9492834E+02   0.2321583E+04   0.2361652E+03   0.5783276E+04   0.4607109E+00   0.7473944E+00   0.4775164E+00   0.6617818E+00   0.4753248E+00   0.6190176E+00   0.4698198E+00   0.5888230E+00   0.2966282E+00   0.3055206E+00   0.3335958E+02   0.1080070E+03   0.3440701E+02   0.8698147E+01   0.3957345E+03   0.2456865E+02   0.1150916E+05   0.7069811E+03   0.1267593E+00   0.7688989E+00   0.6413147E+01   0.1392592E+02   0.1193816E+05   0.7308806E+01
   0.9296431E+00   0.6335073E+04   0.2238307E-01   0.1191363E+00   0.1041060E+01   0.4942886E-01   0.2971661E+01   0.3044302E+01   0.9560573E+00   0.1004614E+01   0.2559790E+03   0.4452996E+02   0.1063217E+03   0.3534178E+02   0.3309688E+01   0.7473030E+00   0.3270435E+00   0.7444120E+00   0.5543082E+01   0.1122493E+01   0.6688498E+00   0.1150711E+01   0.1215460E+01   0.9989231E+00   0.1002948E+01   0.1002977E+01   0.9994919E+00   0.6684875E+02   0.6818700E+00   0.3181300E+00   0.1421645E+00   0.6451439E-03   0.9503521E-01   0.8079045E+00   0.8319585E+00   0.4556824E+00   0.6067519E+00   0.9881283E+00   0.9872299E+02   0.2467424E+01   0.7151794E+01   0.2099536E+01   0.1901910E+01   0.1265636E+04   0.5841866E+04   0.2565012E+04   0.8238800E+03   0.2327701E+03   0.9560573E+00   0.2444007E+00   0.2457236E+00   0.2557352E+01   0.1386620E+02   0.1089757E+04   0.1450189E+03   0.1041290E+01   0.1392684E+02   0.1059856E+04   0.1476811E+03   0.1405431E+00   0.1605047E+00   0.3415971E+04   0.1037372E-01   0.8109413E+00   0.4481437E+00   0.7217894E+02   0.6480501E+03   0.8236815E+02   0.1543942E+04   0.8912656E+02   0.1998990E+04   0.9477530E+02   0.2325239E+04   0.2357685E+03   0.5792662E+04   0.4597201E+00   0.7458969E+00   0.4765151E+00   0.6604672E+00   0.4743401E+00   0.6177927E+00   0.4688543E+00   0.5876608E+00   0.2960502E+00   0.3049271E+00   0.2983419E+02   0.1088020E+03   0.3347198E+02   0.8737876E+01   0.3957128E+03   0.2558274E+02   0.1151476E+05   0.7069770E+03   0.1303147E+00   0.7688989E+00   0.6541466E+01   0.1093587E+02   0.1194479E+05   0.7440680E+01
   0.8397388E+00   0.6336113E+04   0.2208795E-01   0.1161171E+00   0.1041731E+01   0.5037392E-01   0.2745215E+01   0.3035713E+01   0.9517758E+00   0.1005272E+01   0.2778087E+03   0.4383663E+02   0.1046535E+03   0.3578323E+02   0.9504637E+00   0.6442469E+00   0.2412411E+00   0.5855104E+00   0.7416883E+01   0.7934876E+00   0.5522474E+00   0.8829325E+00   0.8032804E+00   0.9978195E+00   0.9999245E+00   0.9980911E+00   0.9976193E+00   0.6523376E+02   0.6737117E+00   0.3262883E+00   0.1388502E+00   0.6451439E-03   0.9057719E-01   0.8017805E+00   0.8361720E+00   0.4579903E+00   0.6059766E+00   0.9927029E+00   0.9786213E+02   0.2476607E+01   0.7240295E+01   0.2081581E+01   0.1882084E+01   0.1262009E+04   0.5793021E+04   0.2560246E+04   0.8259837E+03   0.2344370E+03   0.9517758E+00   0.2411634E+00   0.2424744E+00   0.2533487E+01   0.1410829E+02   0.1089635E+04   0.1472230E+03   0.1042132E+01   0.1412709E+02   0.1058750E+04   0.1500176E+03   0.1387851E+00   0.1602338E+00   0.3441654E+04   0.1028999E-01   0.8059521E+00   0.4457616E+00   0.7056234E+02   0.6635060E+03   0.8072816E+02   0.1578753E+04   0.8745879E+02   0.2042758E+04   0.9307862E+02   0.2375091E+04   0.2327682E+03   0.5894579E+04   0.4613359E+00   0.7394612E+00   0.4761820E+00   0.6539216E+00   0.4730866E+00   0.6113228E+00   0.4670112E+00   0.5812929E+00   0.2925671E+00   0.3009935E+00   0.3079167E+02   0.1048486E+03   0.3148874E+02   0.8565154E+01   0.3957390E+03   0.2554658E+02   0.1151200E+05   0.7073532E+03   0.2859837E+00   0.4172458E+00   0.9237101E+01   0.1308314E+02   0.1194185E+05   0.9940331E+01
   0.6002562E+00   0.6337019E+04   0.2244873E-01   0.1252254E+00   0.1040768E+01   0.3854460E-01   0.3293838E+01   0.3032583E+01   0.9717205E+00   0.1002337E+01   0.2541594E+03   0.4624739E+02   0.1090286E+03   0.4022448E+02   0.3303531E+01   0.9233745E+00   0.6946576E-01   0.9533010E+00   0.4351197E+01   0.9025270E+00   0.9153189E+00   0.9153687E+00   0.1197036E+01   0.9977963E+00   0.1002446E+01   0.1001192E+01   0.9988545E+00   0.6841614E+02   0.6831305E+00   0.3168695E+00   0.1483193E+00   0.6451439E-03   0.1014743E+00   0.8177500E+00   0.8404274E+00   0.4603210E+00   0.6135369E+00   0.9886471E+00   0.9882591E+02   0.2425554E+01   0.6059265E+01   0.2075077E+01   0.1921121E+01   0.1229516E+04   0.5760547E+04   0.2565010E+04   0.8227774E+03   0.2312484E+03   0.9717205E+00   0.2486843E+00   0.2500227E+00   0.2656254E+01   0.1356368E+02   0.1090514E+04   0.1418535E+03   0.1040778E+01   0.1362956E+02   0.1060696E+04   0.1444482E+03   0.1428178E+00   0.1613933E+00   0.3415332E+04   0.1059590E-01   0.8112539E+00   0.4482592E+00   0.7385052E+02   0.6332918E+03   0.8424246E+02   0.1509079E+04   0.9113729E+02   0.1954045E+04   0.9690096E+02   0.2273118E+04   0.2408572E+03   0.5666162E+04   0.4644787E+00   0.7551058E+00   0.4817573E+00   0.6687494E+00   0.4797011E+00   0.6255918E+00   0.4742469E+00   0.5951111E+00   0.2998081E+00   0.3088761E+00   0.2951856E+02   0.1088048E+03   0.3397344E+02   0.9661564E+01   0.3978512E+03   0.2261655E+02   0.1152453E+05   0.7069282E+03   0.1162392E+00   0.8201760E+00   0.6350627E+01   0.5158764E+01   0.1195466E+05   0.7287042E+01
   0.7919153E+00   0.6331044E+04   0.2249334E-01   0.1219789E+00   0.1041053E+01   0.5246707E-01   0.3202606E+01   0.3043144E+01   0.9755737E+00   0.9993640E+00   0.2379369E+03   0.2679629E+02   0.1036746E+03   0.3362806E+02   0.1116659E+01   0.7157549E+00   0.1069974E+00   0.2263601E+00   0.9307515E+01   0.1353720E+01   0.8116582E+00   0.9486692E+00   0.8732169E+00   0.9973698E+00   0.1000422E+01   0.1002350E+01   0.9919632E+00   0.6862488E+02   0.6918541E+00   0.3081459E+00   0.1451174E+00   0.6451439E-03   0.9958665E-01   0.8155589E+00   0.8265572E+00   0.4527240E+00   0.6076373E+00   0.9844974E+00   0.9996310E+02   0.2414301E+01   0.7514954E+01   0.2097106E+01   0.1888201E+01   0.1208326E+04   0.5697366E+04   0.2539075E+04   0.8177768E+03   0.2306526E+03   0.9755737E+00   0.2475142E+00   0.2488484E+00   0.2616781E+01   0.1362893E+02   0.1090091E+04   0.1430627E+03   0.1041122E+01   0.1374120E+02   0.1060467E+04   0.1456660E+03   0.1418841E+00   0.1611356E+00   0.3381350E+04   0.1042815E-01   0.8176069E+00   0.4515464E+00   0.7393231E+02   0.6319672E+03   0.8410361E+02   0.1507997E+04   0.9086546E+02   0.1953999E+04   0.9652425E+02   0.2274173E+04   0.2385163E+03   0.5692474E+04   0.4575943E+00   0.7539556E+00   0.4768065E+00   0.6686888E+00   0.4757922E+00   0.6259322E+00   0.4710570E+00   0.5956810E+00   0.3004585E+00   0.3099209E+00   0.2666202E+02   0.1054405E+03   0.3099734E+02   0.9375527E+01   0.3958186E+03   0.2181747E+02   0.1151624E+05   0.7066601E+03   0.1151135E-01   0.1407057E+01   0.3982095E+01   0.6778713E+01   0.1194325E+05   0.5400664E+01
   0.1037361E+01   0.6327423E+04   0.2238004E-01   0.1170650E+00   0.1041504E+01   0.6028958E-01   0.2920206E+01   0.3042782E+01   0.9648615E+00   0.9982009E+00   0.2364286E+03   0.4134589E+02   0.1127658E+03   0.3499647E+02   0.5205002E+01   0.6801755E+00   0.7101969E+00   0.4760229E+00   0.2145602E+01   0.1350884E+01   0.8587120E+00   0.1016496E+01   0.9318191E+00   0.9980412E+00   0.1001060E+01   0.9939808E+00   0.9819928E+00   0.6711975E+02   0.6890382E+00   0.3109618E+00   0.1400902E+00   0.6451439E-03   0.9402817E-01   0.8049315E+00   0.8195054E+00   0.4488616E+00   0.6010847E+00   0.9825028E+00   0.9967639E+02   0.2435238E+01   0.8210754E+01   0.2096349E+01   0.1858218E+01   0.1221278E+04   0.5697692E+04   0.2523070E+04   0.8149853E+03   0.2310329E+03   0.9648615E+00   0.2437010E+00   0.2450214E+00   0.2540126E+01   0.1389891E+02   0.1089525E+04   0.1458286E+03   0.1041776E+01   0.1399808E+02   0.1059666E+04   0.1485053E+03   0.1398765E+00   0.1604488E+00   0.3389543E+04   0.1025752E-01   0.8159545E+00   0.4507730E+00   0.7235760E+02   0.6459256E+03   0.8238545E+02   0.1540621E+04   0.8904766E+02   0.1995825E+04   0.9462106E+02   0.2322486E+04   0.2342602E+03   0.5805555E+04   0.4534669E+00   0.7438584E+00   0.4718104E+00   0.6594353E+00   0.4704830E+00   0.6171475E+00   0.4655869E+00   0.5872450E+00   0.2961312E+00   0.3053117E+00   0.2825444E+02   0.1055165E+03   0.3129552E+02   0.8762493E+01   0.3975824E+03   0.2322351E+02   0.1150648E+05   0.7067332E+03   0.2697323E-01   0.1279349E+01   0.4296655E+01   0.6464512E+01   0.1193605E+05   0.5602977E+01
   0.1064052E+01   0.6334930E+04   0.2233429E-01   0.1135742E+00   0.1042011E+01   0.5699244E-01   0.2668246E+01   0.3029717E+01   0.9574296E+00   0.9995052E+00   0.2429527E+03   0.3526057E+02   0.1145522E+03   0.2984124E+02   0.1732934E+01   0.5527928E+00   0.5404894E+00   0.8502475E+00   0.4671088E+01   0.1067263E+01   0.5469076E+00   0.9624906E+00   0.8055853E+00   0.9990989E+00   0.1000178E+01   0.1003004E+01   0.9835283E+00   0.6550842E+02   0.6817935E+00   0.3182065E+00   0.1365537E+00   0.6451439E-03   0.8945416E-01   0.7938499E+00   0.8175839E+00   0.4478092E+00   0.5962326E+00   0.9808212E+00   0.9882617E+02   0.2443324E+01   0.7804871E+01   0.2069138E+01   0.1846233E+01   0.1231778E+04   0.5716871E+04   0.2530120E+04   0.8214171E+03   0.2343122E+03   0.9574296E+00   0.2401842E+00   0.2414916E+00   0.2461187E+01   0.1414876E+02   0.1089022E+04   0.1481367E+03   0.1042450E+01   0.1421044E+02   0.1059093E+04   0.1508603E+03   0.1384152E+00   0.1597197E+00   0.3421297E+04   0.1017393E-01   0.8103653E+00   0.4478938E+00   0.7073516E+02   0.6612814E+03   0.8072187E+02   0.1575452E+04   0.8734588E+02   0.2039778E+04   0.9288226E+02   0.2372678E+04   0.2310668E+03   0.5910700E+04   0.4517901E+00   0.7329217E+00   0.4682890E+00   0.6489803E+00   0.4661491E+00   0.6070497E+00   0.4607567E+00   0.5774432E+00   0.2909434E+00   0.2996409E+00   0.2343796E+02   0.1026951E+03   0.2548652E+02   0.8464796E+01   0.3966160E+03   0.2402731E+02   0.1151917E+05   0.7069800E+03   0.1135861E+00   0.8201760E+00   0.6021874E+01   0.7646263E+01   0.1194828E+05   0.6955636E+01
   0.7077068E+00   0.6331720E+04   0.2227181E-01   0.1157825E+00   0.1041878E+01   0.5184258E-01   0.2852817E+01   0.3027481E+01   0.9637562E+00   0.1000227E+01   0.1948348E+03   0.3093335E+02   0.8955213E+02   0.4743941E+02   0.7272878E+01   0.9501325E+00   0.4339130E+00   0.6241365E+00   0.2187591E+01   0.8462911E+00   0.1157297E+01   0.8944674E+00   0.1262630E+01   0.9976183E+00   0.1001262E+01   0.9945354E+00   0.9951213E+00   0.6681580E+02   0.6893177E+00   0.3106823E+00   0.1386995E+00   0.6451439E-03   0.9267314E-01   0.7969309E+00   0.8109952E+00   0.4442004E+00   0.5949765E+00   0.9749472E+00   0.9977712E+02   0.2417748E+01   0.7362366E+01   0.2064517E+01   0.1861180E+01   0.1223941E+04   0.5716905E+04   0.2535351E+04   0.8198980E+03   0.2325207E+03   0.9637562E+00   0.2427324E+00   0.2440492E+00   0.2536903E+01   0.1396556E+02   0.1089481E+04   0.1466046E+03   0.1042204E+01   0.1406679E+02   0.1059246E+04   0.1493316E+03   0.1392048E+00   0.1604356E+00   0.3386903E+04   0.1020227E-01   0.8163663E+00   0.4510760E+00   0.7202654E+02   0.6488731E+03   0.8200096E+02   0.1547723E+04   0.8862811E+02   0.2005071E+04   0.9417239E+02   0.2333284E+04   0.2331034E+03   0.5833361E+04   0.4487826E+00   0.7364946E+00   0.4670098E+00   0.6529404E+00   0.4657301E+00   0.6110830E+00   0.4609061E+00   0.5814830E+00   0.2932460E+00   0.3023450E+00   0.2541097E+02   0.1045400E+03   0.3020403E+02   0.9535141E+01   0.3957676E+03   0.2301098E+02   0.1151573E+05   0.7067253E+03   0.2017533E-01   0.1342563E+01   0.4061972E+01   0.7248460E+01   0.1194404E+05   0.5424710E+01
   0.1114711E+01   0.6326417E+04   0.2241147E-01   0.1180137E+00   0.1041188E+01   0.6170965E-01   0.3029956E+01   0.3056194E+01   0.9698921E+00   0.1002095E+01   0.2155855E+03   0.4088966E+02   0.1191541E+03   0.3298411E+02   0.5532196E+01   0.9091174E+00   0.6324632E-01   0.7897524E+00   0.2769224E+01   0.7930443E+00   0.9122901E+00   0.9712601E+00   0.1184520E+01   0.9964373E+00   0.9990598E+00   0.9980377E+00   0.9945866E+00   0.6799133E+02   0.6948394E+00   0.3051606E+00   0.1410703E+00   0.6451439E-03   0.9591557E-01   0.8113439E+00   0.8182925E+00   0.4481973E+00   0.6030275E+00   0.9839617E+00   0.1003907E+03   0.2432411E+01   0.8372498E+01   0.2124653E+01   0.1877966E+01   0.1223373E+04   0.5739644E+04   0.2542987E+04   0.8201311E+03   0.2319900E+03   0.9698921E+00   0.2451969E+00   0.2465227E+00   0.2572256E+01   0.1379365E+02   0.1089678E+04   0.1449957E+03   0.1041377E+01   0.1392346E+02   0.1059895E+04   0.1476523E+03   0.1403671E+00   0.1607450E+00   0.3362961E+04   0.1025308E-01   0.8206834E+00   0.4532117E+00   0.7319952E+02   0.6380786E+03   0.8319118E+02   0.1523299E+04   0.8983815E+02   0.1974297E+04   0.9540294E+02   0.2298184E+04   0.2352619E+03   0.5760917E+04   0.4533074E+00   0.7503610E+00   0.4730927E+00   0.6658346E+00   0.4724392E+00   0.6234000E+00   0.4679714E+00   0.5933579E+00   0.2994343E+00   0.3089845E+00   0.2711804E+02   0.1061277E+03   0.3151120E+02   0.8754995E+01   0.3979636E+03   0.2254838E+02   0.1150494E+05   0.7065968E+03   0.3751889E-03   0.1677296E+01   0.3535225E+01   0.6814101E+01   0.1193421E+05   0.5212896E+01
   0.2877082E+00   0.6331890E+04   0.2223495E-01   0.1173209E+00   0.1041221E+01   0.4600613E-01   0.2948815E+01   0.3014760E+01   0.9634622E+00   0.9991315E+00   0.2289875E+03   0.2118983E+02   0.9843463E+02   0.4259247E+02   0.2740360E+01   0.4247412E+00   0.8824732E+00   0.1677935E+00   0.9161841E+01   0.1092946E+01   0.1153771E+01   0.7517635E+00   0.5465291E+00   0.9963470E+00   0.9990496E+00   0.9906416E+00   0.9880665E+00   0.6715271E+02   0.6890975E+00   0.3109025E+00   0.1402010E+00   0.6451439E-03   0.9414880E-01   0.7936870E+00   0.8079802E+00   0.4425490E+00   0.5926596E+00   0.9685399E+00   0.9969018E+02   0.2403401E+01   0.6788635E+01   0.2038420E+01   0.1859231E+01   0.1220431E+04   0.5697296E+04   0.2521511E+04   0.8125782E+03   0.2294663E+03   0.9634622E+00   0.2440295E+00   0.2453510E+00   0.2577329E+01   0.1389314E+02   0.1089758E+04   0.1457267E+03   0.1041479E+01   0.1399228E+02   0.1059361E+04   0.1484529E+03   0.1397107E+00   0.1607059E+00   0.3379034E+04   0.1024569E-01   0.8172362E+00   0.4515442E+00   0.7238878E+02   0.6456455E+03   0.8242030E+02   0.1539959E+04   0.8908499E+02   0.1994972E+04   0.9466049E+02   0.2321496E+04   0.2343540E+03   0.5803149E+04   0.4471146E+00   0.7334694E+00   0.4652070E+00   0.6502280E+00   0.4639009E+00   0.6085316E+00   0.4590751E+00   0.5790472E+00   0.2919955E+00   0.3010513E+00   0.2724506E+02   0.1074997E+03   0.3018486E+02   0.1132913E+02   0.3959693E+03   0.2292271E+02   0.1150768E+05   0.7067315E+03   0.2638280E-01   0.1279349E+01   0.4276769E+01   0.1356542E+02   0.1193790E+05   0.5582500E+01
   0.4050087E+00   0.6331909E+04   0.2238405E-01   0.1169024E+00   0.1041423E+01   0.5057058E-01   0.2987864E+01   0.3026034E+01   0.9679035E+00   0.9987032E+00   0.1928673E+03   0.3882489E+02   0.1290215E+03   0.2855785E+02   0.7462135E+01   0.8304852E+00   0.7955079E+00   0.9504775E+00   0.2799309E+01   0.1029172E+01   0.9284339E+00   0.9616113E+00   0.7854304E+00   0.9977465E+00   0.1000354E+01   0.9925367E+00   0.9954051E+00   0.6795105E+02   0.6969435E+00   0.3030565E+00   0.1399316E+00   0.6451439E-03   0.9508501E-01   0.7964136E+00   0.8004603E+00   0.4384302E+00   0.5909076E+00   0.9661412E+00   0.1007019E+03   0.2395694E+01   0.7240295E+01   0.2061532E+01   0.1863224E+01   0.1217025E+04   0.5718857E+04   0.2528900E+04   0.8158026E+03   0.2305394E+03   0.9679035E+00   0.2446200E+00   0.2459437E+00   0.2562771E+01   0.1382849E+02   0.1089576E+04   0.1455221E+03   0.1041648E+01   0.1397038E+02   0.1059704E+04   0.1481977E+03   0.1399402E+00   0.1606939E+00   0.3354686E+04   0.1019886E-01   0.8222756E+00   0.4540676E+00   0.7312266E+02   0.6385958E+03   0.8304767E+02   0.1525047E+04   0.8965352E+02   0.1976900E+04   0.9518540E+02   0.2301490E+04   0.2343789E+03   0.5775207E+04   0.4436050E+00   0.7367631E+00   0.4634923E+00   0.6540011E+00   0.4630988E+00   0.6124178E+00   0.4588832E+00   0.5829653E+00   0.2942799E+00   0.3037593E+00   0.2622576E+02   0.1061705E+03   0.3067816E+02   0.1081557E+02   0.3956935E+03   0.2258065E+02   0.1151675E+05   0.7065611E+03   0.2059031E-02   0.1891919E+01   0.3370889E+01   0.6148623E+01   0.1194584E+05   0.5264867E+01
   0.3582810E+00   0.6332246E+04   0.2246289E-01   0.1173447E+00   0.1041376E+01   0.4739955E-01   0.3020961E+01   0.3025694E+01   0.9720507E+00   0.1001047E+01   0.2033006E+03   0.4631112E+02   0.1140997E+03   0.3698448E+02   0.5964918E+01   0.5261659E+00   0.9108824E+00   0.5306330E+00   0.6961675E+00   0.1137844E+01   0.1070903E+01   0.1032773E+01   0.1089434E+01   0.9973740E+00   0.1001254E+01   0.9934611E+00   0.9945330E+00   0.6822937E+02   0.6982915E+00   0.3017085E+00   0.1404527E+00   0.6451439E-03   0.9583002E-01   0.7976549E+00   0.7999229E+00   0.4381358E+00   0.5911693E+00   0.9656713E+00   0.1008580E+03   0.2385421E+01   0.6901550E+01   0.2060830E+01   0.1874439E+01   0.1213339E+04   0.5735480E+04   0.2543989E+04   0.8218877E+03   0.2324204E+03   0.9720507E+00   0.2450956E+00   0.2464210E+00   0.2559875E+01   0.1378928E+02   0.1089548E+04   0.1451766E+03   0.1041566E+01   0.1393830E+02   0.1059933E+04   0.1478220E+03   0.1402655E+00   0.1606901E+00   0.3352225E+04   0.1021417E-01   0.8229320E+00   0.4543496E+00   0.7339989E+02   0.6360865E+03   0.8332652E+02   0.1519381E+04   0.8993551E+02   0.1969770E+04   0.9547100E+02   0.2293366E+04   0.2348592E+03   0.5758657E+04   0.4434171E+00   0.7380449E+00   0.4636311E+00   0.6552865E+00   0.4633950E+00   0.6136831E+00   0.4592812E+00   0.5842079E+00   0.2949567E+00   0.3045227E+00   0.3007382E+02   0.1069737E+03   0.2886144E+02   0.1107971E+02   0.3958889E+03   0.2187294E+02   0.1152041E+05   0.7065422E+03   0.5921992E-02   0.1965459E+01   0.3362457E+01   0.3362682E+01   0.1194925E+05   0.5333838E+01
   0.6230684E+00   0.6332660E+04   0.2238091E-01   0.1202718E+00   0.1040647E+01   0.5007531E-01   0.3137281E+01   0.3037454E+01   0.9673535E+00   0.1002907E+01   0.2376336E+03   0.4270003E+02   0.1031579E+03   0.4008006E+02   0.2246880E+01   0.6595624E+00   0.5178629E+00   0.4995431E+00   0.9011233E+01   0.6710108E+00   0.8864013E+00   0.9814101E+00   0.1011897E+01   0.9959731E+00   0.1001552E+01   0.9872725E+00   0.9957584E+00   0.6823669E+02   0.6922460E+00   0.3077540E+00   0.1432979E+00   0.6451439E-03   0.9778173E-01   0.8070493E+00   0.8174126E+00   0.4477153E+00   0.6011059E+00   0.9769922E+00   0.1000027E+03   0.2419956E+01   0.7255554E+01   0.2085208E+01   0.1886490E+01   0.1228956E+04   0.5750069E+04   0.2539152E+04   0.8151777E+03   0.2294452E+03   0.9673535E+00   0.2466135E+00   0.2479444E+00   0.2614993E+01   0.1371156E+02   0.1090018E+04   0.1439000E+03   0.1040768E+01   0.1382633E+02   0.1060047E+04   0.1465527E+03   0.1410961E+00   0.1610379E+00   0.3367684E+04   0.1034133E-01   0.8193955E+00   0.4525524E+00   0.7350538E+02   0.6356111E+03   0.8360813E+02   0.1516781E+04   0.9032497E+02   0.1965439E+04   0.9594637E+02   0.2287535E+04   0.2370283E+03   0.5726946E+04   0.4525895E+00   0.7461272E+00   0.4716860E+00   0.6617884E+00   0.4707268E+00   0.6194911E+00   0.4660714E+00   0.5895624E+00   0.2973987E+00   0.3067754E+00   0.3385825E+02   0.1116848E+03   0.3693900E+02   0.9864257E+01   0.3956959E+03   0.2275992E+02   0.1151441E+05   0.7066509E+03   0.1002572E-01   0.1407057E+01   0.3950610E+01   0.1057132E+02   0.1194273E+05   0.5367693E+01
   0.2206356E+00   0.6338348E+04   0.2229853E-01   0.1217045E+00   0.1040074E+01   0.4194475E-01   0.3268831E+01   0.3016463E+01   0.9737337E+00   0.9971161E+00   0.2518350E+03   0.2929802E+02   0.8229089E+02   0.4952711E+02   0.9357900E+00   0.7475954E+00   0.1710023E+00   0.8975692E-01   0.9642517E+01   0.5429655E+00   0.9730734E+00   0.7945688E+00   0.1119981E+01   0.9970816E+00   0.1001448E+01   0.1009499E+01   0.9987170E+00   0.6899109E+02   0.6961027E+00   0.3038973E+00   0.1446481E+00   0.6451439E-03   0.9979432E-01   0.8012666E+00   0.8064544E+00   0.4417133E+00   0.5949203E+00   0.9646739E+00   0.1004675E+03   0.2376094E+01   0.6428528E+01   0.2041894E+01   0.1877588E+01   0.1204727E+04   0.5682446E+04   0.2520215E+04   0.8077791E+03   0.2263464E+03   0.9737337E+00   0.2483044E+00   0.2496415E+00   0.2676343E+01   0.1360942E+02   0.1090376E+04   0.1429569E+03   0.1040126E+01   0.1374420E+02   0.1060085E+04   0.1456239E+03   0.1415221E+00   0.1615126E+00   0.3341262E+04   0.1034933E-01   0.8236551E+00   0.4548260E+00   0.7425594E+02   0.6289098E+03   0.8435750E+02   0.1501715E+04   0.9107954E+02   0.1946522E+04   0.9670812E+02   0.2266015E+04   0.2382694E+03   0.5683827E+04   0.4468282E+00   0.7411644E+00   0.4666445E+00   0.6578093E+00   0.4661468E+00   0.6159421E+00   0.4618358E+00   0.5862939E+00   0.2958916E+00   0.3054045E+00   0.3021648E+02   0.1081700E+03   0.3436806E+02   0.1201696E+02   0.3969370E+03   0.2187176E+02   0.1152282E+05   0.7065745E+03   0.2374694E-04   0.1747772E+01   0.3556563E+01   0.1116771E+02   0.1195365E+05   0.5304358E+01
   0.7722779E+00   0.6334819E+04   0.2256673E-01   0.1237168E+00   0.1040665E+01   0.4729639E-01   0.3279364E+01   0.3039679E+01   0.9738852E+00   0.1000476E+01   0.2554015E+03   0.3660277E+02   0.1091776E+03   0.3230363E+02   0.4069984E+01   0.7576431E+00   0.1010271E+00   0.8566083E+00   0.8073460E+01   0.9553084E+00   0.8597836E+00   0.1109367E+01   0.1383206E+01   0.9982842E+00   0.1002962E+01   0.1000601E+01   0.9851120E+00   0.6883728E+02   0.6899305E+00   0.3100695E+00   0.1469287E+00   0.6451439E-03   0.1011417E+00   0.8163794E+00   0.8299672E+00   0.4545918E+00   0.6091957E+00   0.9839662E+00   0.9965506E+02   0.2417534E+01   0.6990051E+01   0.2089852E+01   0.1901229E+01   0.1217960E+04   0.5731017E+04   0.2545419E+04   0.8176426E+03   0.2300944E+03   0.9738852E+00   0.2485415E+00   0.2498794E+00   0.2629688E+01   0.1356336E+02   0.1090220E+04   0.1422057E+03   0.1040678E+01   0.1366472E+02   0.1060848E+04   0.1447690E+03   0.1426146E+00   0.1612074E+00   0.3389537E+04   0.1050601E-01   0.8160901E+00   0.4506930E+00   0.7419090E+02   0.6299032E+03   0.8444988E+02   0.1502610E+04   0.9126699E+02   0.1946715E+04   0.9697060E+02   0.2265447E+04   0.2399378E+03   0.5665308E+04   0.4593166E+00   0.7545171E+00   0.4781061E+00   0.6689697E+00   0.4768580E+00   0.6261049E+00   0.4719594E+00   0.5957892E+00   0.3004233E+00   0.3098037E+00   0.2894555E+02   0.1087133E+03   0.3167899E+02   0.9377209E+01   0.3959019E+03   0.2218432E+02   0.1151879E+05   0.7067086E+03   0.2965297E-01   0.1217317E+01   0.4521745E+01   0.1090515E+02   0.1194625E+05   0.5768715E+01
   0.6980264E+00   0.6330789E+04   0.2239413E-01   0.1154295E+00   0.1041862E+01   0.4952427E-01   0.2822218E+01   0.3025175E+01   0.9647588E+00   0.1001919E+01   0.2513171E+03   0.2465108E+02   0.1220025E+03   0.3160079E+02   0.5834824E+01   0.8021699E+00   0.3437406E+00   0.3515541E+00   0.1990690E+01   0.1233601E+01   0.1017147E+01   0.9858497E+00   0.1043149E+01   0.9994328E+00   0.9994573E+00   0.9945182E+00   0.9906458E+00   0.6667297E+02   0.6885043E+00   0.3114957E+00   0.1384687E+00   0.6451439E-03   0.9232122E-01   0.7954672E+00   0.8105647E+00   0.4439646E+00   0.5942721E+00   0.9741983E+00   0.9964350E+02   0.2414046E+01   0.7087708E+01   0.2059760E+01   0.1865522E+01   0.1224183E+04   0.5735770E+04   0.2545445E+04   0.8251502E+03   0.2345656E+03   0.9647588E+00   0.2423622E+00   0.2436777E+00   0.2503693E+01   0.1398554E+02   0.1089269E+04   0.1467636E+03   0.1042181E+01   0.1408236E+02   0.1059475E+04   0.1494511E+03   0.1392946E+00   0.1601549E+00   0.3395565E+04   0.1020677E-01   0.8151048E+00   0.4503248E+00   0.7188229E+02   0.6502375E+03   0.8185867E+02   0.1550770E+04   0.8848583E+02   0.2008883E+04   0.9402953E+02   0.2337609E+04   0.2328831E+03   0.5841800E+04   0.4484973E+00   0.7350596E+00   0.4665045E+00   0.6515778E+00   0.4651291E+00   0.6097704E+00   0.4602473E+00   0.5802109E+00   0.2925739E+00   0.3016140E+00   0.2218189E+02   0.1056609E+03   0.2786099E+02   0.9539546E+01   0.3956798E+03   0.2267534E+02   0.1151855E+05   0.7067485E+03   0.2926761E-01   0.1217317E+01   0.4310525E+01   0.2831082E+01   0.1194644E+05   0.5557110E+01
   0.7001208E+00   0.6331958E+04   0.2239875E-01   0.1148350E+00   0.1041941E+01   0.4966937E-01   0.2798232E+01   0.3027684E+01   0.9632123E+00   0.1004084E+01   0.2180944E+03   0.4041832E+02   0.1010972E+03   0.4357389E+02   0.5346575E+01   0.7439596E+00   0.8963074E+00   0.9642156E+00   0.2829813E+01   0.1063842E+01   0.7682269E+00   0.9662291E+00   0.8961758E+00   0.9984390E+00   0.1002320E+01   0.9990248E+00   0.9841551E+00   0.6663269E+02   0.6894559E+00   0.3105441E+00   0.1378789E+00   0.6451439E-03   0.9187245E-01   0.7946655E+00   0.8085099E+00   0.4428391E+00   0.5932191E+00   0.9735106E+00   0.9977322E+02   0.2418215E+01   0.7087708E+01   0.2064936E+01   0.1869667E+01   0.1232025E+04   0.5766199E+04   0.2553555E+04   0.8276510E+03   0.2353472E+03   0.9632123E+00   0.2420321E+00   0.2433463E+00   0.2494574E+01   0.1400592E+02   0.1089185E+04   0.1470473E+03   0.1042286E+01   0.1410815E+02   0.1059437E+04   0.1497361E+03   0.1390963E+00   0.1600900E+00   0.3392294E+04   0.1018000E-01   0.8157541E+00   0.4506618E+00   0.7182466E+02   0.6506884E+03   0.8176813E+02   0.1552081E+04   0.8837489E+02   0.2010736E+04   0.9390219E+02   0.2339891E+04   0.2324162E+03   0.5850206E+04   0.4474386E+00   0.7344130E+00   0.4656405E+00   0.6511084E+00   0.4643782E+00   0.6093741E+00   0.4595774E+00   0.5798604E+00   0.2924383E+00   0.3015137E+00   0.2553042E+02   0.1080533E+03   0.3056593E+02   0.9560533E+01   0.3956929E+03   0.2288544E+02   0.1151620E+05   0.7067215E+03   0.2073520E-01   0.1342563E+01   0.4099528E+01   0.7390672E+01   0.1194434E+05   0.5462826E+01
   0.1138305E+01   0.6327713E+04   0.2232969E-01   0.1178752E+00   0.1040986E+01   0.5269774E-01   0.2977875E+01   0.3043379E+01   0.9626142E+00   0.1004214E+01   0.2583857E+03   0.3130742E+02   0.1063571E+03   0.3821790E+02   0.3769436E+01   0.4706003E+00   0.8334056E+00   0.2439820E+00   0.6885471E+01   0.8058868E+00   0.8826897E+00   0.1006222E+01   0.8955595E+00   0.9979162E+00   0.1001082E+01   0.9964522E+00   0.9943756E+00   0.6729553E+02   0.6889827E+00   0.3110173E+00   0.1408501E+00   0.6451439E-03   0.9478581E-01   0.8052387E+00   0.8198914E+00   0.4490730E+00   0.6013410E+00   0.9815932E+00   0.9963028E+02   0.2440127E+01   0.7484436E+01   0.2097599E+01   0.1887773E+01   0.1243385E+04   0.5791143E+04   0.2554561E+04   0.8222511E+03   0.2323549E+03   0.9626142E+00   0.2444629E+00   0.2457860E+00   0.2569469E+01   0.1386189E+02   0.1089717E+04   0.1453588E+03   0.1041224E+01   0.1396037E+02   0.1059628E+04   0.1480489E+03   0.1400935E+00   0.1606330E+00   0.3381384E+04   0.1027305E-01   0.8169219E+00   0.4513045E+00   0.7254801E+02   0.6442343E+03   0.8260371E+02   0.1536574E+04   0.8928435E+02   0.1990573E+04   0.9487312E+02   0.2316367E+04   0.2348933E+03   0.5790102E+04   0.4536705E+00   0.7441360E+00   0.4720074E+00   0.6596744E+00   0.4706725E+00   0.6173682E+00   0.4657698E+00   0.5874530E+00   0.2962271E+00   0.3054125E+00   0.2875900E+02   0.1098818E+03   0.3131370E+02   0.8575183E+01   0.3958600E+03   0.2370169E+02   0.1150770E+05   0.7067347E+03   0.3041115E-01   0.1217317E+01   0.4423108E+01   0.7187202E+01   0.1193583E+05   0.5670837E+01
   0.9971136E+00   0.6328890E+04   0.2218709E-01   0.1137026E+00   0.1042019E+01   0.5374275E-01   0.2719836E+01   0.3031615E+01   0.9552158E+00   0.1003385E+01   0.2469959E+03   0.4902054E+02   0.9943159E+02   0.3870316E+02   0.2205194E+01   0.5888642E+00   0.6465731E+00   0.7034334E+00   0.3195165E+01   0.9064280E+00   0.8748237E+00   0.1101403E+01   0.1104333E+01   0.9960388E+00   0.1002358E+01   0.9918902E+00   0.9893845E+00   0.6596252E+02   0.6862028E+00   0.3137972E+00   0.1365349E+00   0.6451439E-03   0.9006186E-01   0.7934786E+00   0.8115199E+00   0.4444877E+00   0.5938784E+00   0.9769821E+00   0.9941647E+02   0.2443105E+01   0.7521057E+01   0.2073069E+01   0.1861801E+01   0.1247918E+04   0.5775675E+04   0.2545671E+04   0.8228802E+03   0.2337328E+03   0.9552158E+00   0.2408477E+00   0.2421575E+00   0.2506214E+01   0.1410670E+02   0.1089267E+04   0.1479416E+03   0.1042442E+01   0.1419182E+02   0.1058788E+04   0.1507166E+03   0.1382481E+00   0.1601225E+00   0.3396041E+04   0.1013562E-01   0.8144953E+00   0.4501620E+00   0.7115527E+02   0.6570503E+03   0.8108901E+02   0.1566455E+04   0.8768445E+02   0.2028836E+04   0.9320000E+02   0.2360526E+04   0.2311821E+03   0.5892664E+04   0.4488233E+00   0.7330032E+00   0.4662866E+00   0.6495159E+00   0.4646533E+00   0.6077421E+00   0.4596060E+00   0.5782200E+00   0.2914985E+00   0.3003993E+00   0.3035103E+02   0.1057564E+03   0.3098722E+02   0.8755030E+01   0.3960077E+03   0.2458604E+02   0.1150621E+05   0.7068198E+03   0.4646921E-01   0.1156417E+01   0.4609773E+01   0.9588780E+01   0.1193556E+05   0.5812660E+01
   0.8489955E+00   0.6332770E+04   0.2215498E-01   0.1121234E+00   0.1041743E+01   0.4963411E-01   0.2624537E+01   0.3015513E+01   0.9516350E+00   0.1000485E+01   0.2187505E+03   0.1653431E+02   0.8766217E+02   0.3688852E+02   0.1358340E+01   0.5461564E+00   0.4528922E+00   0.1882740E+00   0.8262051E+01   0.9669788E+00   0.9976949E+00   0.1017069E+01   0.9679546E+00   0.9976175E+00   0.1002145E+01   0.9872053E+00   0.9841950E+00   0.6527771E+02   0.6833658E+00   0.3166342E+00   0.1349235E+00   0.6451439E-03   0.8807498E-01   0.7834664E+00   0.8048939E+00   0.4408586E+00   0.5877056E+00   0.9697012E+00   0.9904137E+02   0.2433017E+01   0.7072449E+01   0.2039955E+01   0.1847179E+01   0.1246886E+04   0.5762154E+04   0.2535418E+04   0.8207608E+03   0.2334521E+03   0.9516350E+00   0.2394868E+00   0.2407915E+00   0.2478645E+01   0.1421894E+02   0.1089069E+04   0.1489231E+03   0.1042220E+01   0.1428902E+02   0.1058521E+04   0.1517231E+03   0.1375867E+00   0.1597979E+00   0.3401278E+04   0.1008311E-01   0.8131677E+00   0.4494830E+00   0.7045789E+02   0.6637688E+03   0.8036677E+02   0.1581759E+04   0.8694144E+02   0.2048191E+04   0.9243763E+02   0.2382666E+04   0.2297287E+03   0.5939862E+04   0.4449452E+00   0.7234824E+00   0.4615652E+00   0.6407831E+00   0.4596278E+00   0.5994488E+00   0.4544240E+00   0.5702542E+00   0.2873885E+00   0.2960377E+00   0.2229304E+02   0.1018023E+03   0.2693602E+02   0.8977063E+01   0.3956745E+03   0.2515110E+02   0.1151855E+05   0.7069193E+03   0.8631870E-01   0.9265765E+00   0.5453839E+01   0.3797923E+01   0.1194836E+05   0.6466734E+01
   0.3908764E+00   0.6334389E+04   0.2226514E-01   0.1164707E+00   0.1041553E+01   0.3847327E-01   0.2798310E+01   0.2998985E+01   0.9549464E+00   0.9994244E+00   0.2125440E+03   0.2180157E+02   0.1095882E+03   0.3774772E+02   0.5546720E+01   0.7134191E+00   0.7914382E+00   0.3566744E+00   0.3957535E+01   0.1061073E+01   0.1394777E+01   0.9821701E+00   0.9786845E+00   0.9970975E+00   0.1001617E+01   0.9919792E+00   0.9858620E+00   0.6581970E+02   0.6782698E+00   0.3217302E+00   0.1393810E+00   0.6451439E-03   0.9174017E-01   0.7867935E+00   0.8147907E+00   0.4462792E+00   0.5925619E+00   0.9698014E+00   0.9835762E+02   0.2418205E+01   0.5928040E+01   0.2006516E+01   0.1857912E+01   0.1236726E+04   0.5722216E+04   0.2526684E+04   0.8159384E+03   0.2312538E+03   0.9549464E+00   0.2419761E+00   0.2432901E+00   0.2519157E+01   0.1403845E+02   0.1089498E+04   0.1467089E+03   0.1041905E+01   0.1408083E+02   0.1059246E+04   0.1494349E+03   0.1393076E+00   0.1601574E+00   0.3429398E+04   0.1029136E-01   0.8084924E+00   0.4469579E+00   0.7112384E+02   0.6579310E+03   0.8125563E+02   0.1566598E+04   0.8797051E+02   0.2027750E+04   0.9358035E+02   0.2358225E+04   0.2333429E+03   0.5864976E+04   0.4499397E+00   0.7260669E+00   0.4655080E+00   0.6425401E+00   0.4629827E+00   0.6008727E+00   0.4573654E+00   0.5714731E+00   0.2877829E+00   0.2962550E+00   0.2414844E+02   0.1076883E+03   0.3044955E+02   0.1031747E+02   0.3977014E+03   0.2428820E+02   0.1151227E+05   0.7071303E+03   0.1888852E+00   0.6252075E+00   0.7536825E+01   0.8715917E+01   0.1194458E+05   0.8350918E+01
   0.4782332E+00   0.6334729E+04   0.2213727E-01   0.1153855E+00   0.1041492E+01   0.3738494E-01   0.2727575E+01   0.2995362E+01   0.9523535E+00   0.9994025E+00   0.2535044E+03   0.4002795E+02   0.1085605E+03   0.3332792E+02   0.4012600E+01   0.6767554E+00   0.7202874E+00   0.5823059E+00   0.2971719E+01   0.7208911E+00   0.9719539E+00   0.1053717E+01   0.9546569E+00   0.9988739E+00   0.1000699E+01   0.9870679E+00   0.9883076E+00   0.6524475E+02   0.6754242E+00   0.3245758E+00   0.1381679E+00   0.6451439E-03   0.9014733E-01   0.7836526E+00   0.8151190E+00   0.4464591E+00   0.5914971E+00   0.9701766E+00   0.9803678E+02   0.2422019E+01   0.5802917E+01   0.1999259E+01   0.1855227E+01   0.1240955E+04   0.5725560E+04   0.2529506E+04   0.8172256E+03   0.2317660E+03   0.9523535E+00   0.2409361E+00   0.2422463E+00   0.2518143E+01   0.1412660E+02   0.1089488E+04   0.1474772E+03   0.1041914E+01   0.1415445E+02   0.1058788E+04   0.1502600E+03   0.1386449E+00   0.1600859E+00   0.3433134E+04   0.1025185E-01   0.8073870E+00   0.4464706E+00   0.7055069E+02   0.6634854E+03   0.8067117E+02   0.1579133E+04   0.8737436E+02   0.2043527E+04   0.9297249E+02   0.2376210E+04   0.2322450E+03   0.5902068E+04   0.4498541E+00   0.7229063E+00   0.4647479E+00   0.6394592E+00   0.4619183E+00   0.5978754E+00   0.4561118E+00   0.5685509E+00   0.2862195E+00   0.2945299E+00   0.2748997E+02   0.1035792E+03   0.3092927E+02   0.9778647E+01   0.3980439E+03   0.2473791E+02   0.1151693E+05   0.7072657E+03   0.2485562E+00   0.4956671E+00   0.8608335E+01   0.3348037E+01   0.1194949E+05   0.9352558E+01
   0.7005502E+00   0.6338182E+04   0.2224625E-01   0.1203962E+00   0.1041067E+01   0.3787941E-01   0.3045959E+01   0.3018737E+01   0.9613734E+00   0.1003852E+01   0.2157082E+03   0.2512961E+02   0.9788217E+02   0.4157112E+02   0.5481874E+01   0.5165761E+00   0.6975569E+00   0.2600957E+00   0.8778554E+01   0.1200340E+01   0.7323155E+00   0.9304290E+00   0.9422950E+00   0.9995296E+00   0.1000631E+01   0.1009065E+01   0.1001868E+01   0.6716003E+02   0.6823223E+00   0.3176777E+00   0.1432876E+00   0.6451439E-03   0.9623198E-01   0.8017494E+00   0.8250331E+00   0.4518893E+00   0.6019152E+00   0.9783251E+00   0.9880992E+02   0.2425789E+01   0.5937195E+01   0.2046543E+01   0.1897226E+01   0.1243538E+04   0.5775516E+04   0.2554929E+04   0.8205519E+03   0.2311531E+03   0.9613734E+00   0.2453445E+00   0.2466708E+00   0.2609029E+01   0.1380735E+02   0.1090111E+04   0.1444238E+03   0.1041260E+01   0.1387010E+02   0.1059666E+04   0.1471261E+03   0.1407359E+00   0.1609405E+00   0.3408736E+04   0.1040377E-01   0.8119070E+00   0.4487509E+00   0.7250885E+02   0.6450678E+03   0.8273264E+02   0.1536948E+04   0.8951468E+02   0.1990007E+04   0.9518351E+02   0.2314850E+04   0.2367122E+03   0.5768032E+04   0.4559193E+00   0.7402582E+00   0.4726883E+00   0.6555219E+00   0.4705827E+00   0.6131864E+00   0.4651745E+00   0.5832910E+00   0.2938570E+00   0.3026932E+00   0.2862754E+02   0.1095115E+03   0.3115946E+02   0.9321539E+01   0.3979840E+03   0.2369541E+02   0.1151830E+05   0.7069592E+03   0.1171414E+00   0.8201760E+00   0.6226820E+01   0.1294220E+02   0.1194930E+05   0.7164138E+01
   0.1178863E+01   0.6331084E+04   0.2222466E-01   0.1165569E+00   0.1041868E+01   0.6160102E-01   0.2908318E+01   0.3051770E+01   0.9633897E+00   0.1001674E+01   0.2241279E+03   0.3422949E+02   0.1199410E+03   0.3661389E+02   0.3455778E+01   0.8105279E+00   0.1107125E+00   0.1062468E+00   0.3768508E+01   0.1232965E+01   0.1070543E+01   0.9154610E+00   0.1091696E+01   0.9969434E+00   0.9998741E+00   0.9904792E+00   0.9916042E+00   0.6715637E+02   0.6908485E+00   0.3091515E+00   0.1394267E+00   0.6451439E-03   0.9363389E-01   0.8077258E+00   0.8199530E+00   0.4491068E+00   0.6022916E+00   0.9856445E+00   0.9998389E+02   0.2446362E+01   0.8366394E+01   0.2115276E+01   0.1870084E+01   0.1233577E+04   0.5738188E+04   0.2540046E+04   0.8191479E+03   0.2319392E+03   0.9633897E+00   0.2434736E+00   0.2447931E+00   0.2565145E+01   0.1391435E+02   0.1089663E+04   0.1461460E+03   0.1042162E+01   0.1402334E+02   0.1059246E+04   0.1488822E+03   0.1394152E+00   0.1606897E+00   0.3378896E+04   0.1021701E-01   0.8177141E+00   0.4518162E+00   0.7236542E+02   0.6457251E+03   0.8234772E+02   0.1540579E+04   0.8898237E+02   0.1996054E+04   0.9453399E+02   0.2322986E+04   0.2337605E+03   0.5811802E+04   0.4538909E+00   0.7466185E+00   0.4726989E+00   0.6620777E+00   0.4715777E+00   0.6197017E+00   0.4668082E+00   0.5897257E+00   0.2974565E+00   0.3067554E+00   0.2813765E+02   0.1097114E+03   0.3384978E+02   0.8555226E+01   0.3981660E+03   0.2358610E+02   0.1151483E+05   0.7066847E+03   0.1013293E-01   0.1472759E+01   0.3796343E+01   0.5065292E+01   0.1194514E+05   0.5279235E+01
   0.1130377E+01   0.6334057E+04   0.2217526E-01   0.1180869E+00   0.1041453E+01   0.6548119E-01   0.3020694E+01   0.3064296E+01   0.9684402E+00   0.1002782E+01   0.2594484E+03   0.3755888E+02   0.9081021E+02   0.4630612E+02   0.1917123E+01   0.6211406E+00   0.4919477E+00   0.1661287E+00   0.3225494E+01   0.1022783E+01   0.9678483E+00   0.9579492E+00   0.1027682E+01   0.9959090E+00   0.1002107E+01   0.1003737E+01   0.9983768E+00   0.6774963E+02   0.6930132E+00   0.3069868E+00   0.1409073E+00   0.6451439E-03   0.9546420E-01   0.8159984E+00   0.8254457E+00   0.4521152E+00   0.6073922E+00   0.9913701E+00   0.1002334E+03   0.2448546E+01   0.8796692E+01   0.2141938E+01   0.1879017E+01   0.1226942E+04   0.5726286E+04   0.2543040E+04   0.8186914E+03   0.2312472E+03   0.9684402E+00   0.2449761E+00   0.2463011E+00   0.2613805E+01   0.1381949E+02   0.1089974E+04   0.1452050E+03   0.1041675E+01   0.1393957E+02   0.1059322E+04   0.1479467E+03   0.1399164E+00   0.1610764E+00   0.3363249E+04   0.1024757E-01   0.8201759E+00   0.4531315E+00   0.7297152E+02   0.6402032E+03   0.8297976E+02   0.1527934E+04   0.8963499E+02   0.1980017E+04   0.9520540E+02   0.2304606E+04   0.2350682E+03   0.5771930E+04   0.4570975E+00   0.7544837E+00   0.4765897E+00   0.6692924E+00   0.4757169E+00   0.6265541E+00   0.4710760E+00   0.5963082E+00   0.3008525E+00   0.3103638E+00   0.2811591E+02   0.1062588E+03   0.3114422E+02   0.8690131E+01   0.3998050E+03   0.2283110E+02   0.1151714E+05   0.7066338E+03   0.2438597E-02   0.1607985E+01   0.3579143E+01   0.7819242E+01   0.1194847E+05   0.5189567E+01
   0.1034584E+01   0.6331326E+04   0.2223967E-01   0.1193376E+00   0.1040467E+01   0.6409976E-01   0.3098554E+01   0.3065676E+01   0.9708391E+00   0.1002156E+01   0.2339412E+03   0.2897731E+02   0.1219065E+03   0.2478517E+02   0.4477489E+01   0.6913234E+00   0.2707745E+00   0.6269660E+00   0.6507132E+01   0.9247883E+00   0.8105283E+00   0.1210320E+01   0.1242455E+01   0.9987314E+00   0.1001716E+01   0.9968867E+00   0.9963832E+00   0.6794006E+02   0.6918827E+00   0.3081173E+00   0.1422224E+00   0.6451439E-03   0.9662598E-01   0.8180319E+00   0.8290250E+00   0.4540757E+00   0.6094657E+00   0.9924468E+00   0.9997233E+02   0.2446551E+01   0.8680725E+01   0.2144896E+01   0.1886818E+01   0.1224412E+04   0.5732574E+04   0.2546002E+04   0.8188667E+03   0.2310028E+03   0.9708391E+00   0.2460437E+00   0.2473726E+00   0.2628612E+01   0.1376697E+02   0.1090078E+04   0.1444394E+03   0.1040627E+01   0.1388003E+02   0.1059628E+04   0.1471478E+03   0.1405047E+00   0.1610899E+00   0.3359547E+04   0.1028982E-01   0.8203108E+00   0.4531313E+00   0.7319068E+02   0.6383711E+03   0.8326009E+02   0.1523277E+04   0.8995419E+02   0.1973797E+04   0.9555629E+02   0.2297214E+04   0.2361255E+03   0.5750134E+04   0.4590015E+00   0.7562441E+00   0.4782748E+00   0.6707218E+00   0.4772585E+00   0.6278371E+00   0.4725096E+00   0.5974950E+00   0.3013945E+00   0.3108749E+00   0.2499666E+02   0.1078475E+03   0.2953799E+02   0.8841587E+01   0.3991363E+03   0.2262380E+02   0.1151251E+05   0.7066594E+03   0.1132448E-01   0.1407057E+01   0.3972174E+01   0.7486495E+01   0.1194312E+05   0.5390555E+01
   0.1064426E+01   0.6334238E+04   0.2221656E-01   0.1155326E+00   0.1040756E+01   0.5836933E-01   0.2905893E+01   0.3045438E+01   0.9671076E+00   0.1003021E+01   0.2265300E+03   0.3775203E+02   0.1036020E+03   0.4403299E+02   0.4334057E+01   0.7362638E+00   0.4867309E+00   0.7800856E-01   0.3059135E+00   0.7543097E+00   0.7582537E+00   0.8413269E+00   0.7413352E+00   0.9967322E+00   0.9998959E+00   0.1003495E+01   0.9892374E+00   0.6711609E+02   0.6927692E+00   0.3072308E+00   0.1383943E+00   0.6451439E-03   0.9288482E-01   0.8018256E+00   0.8114312E+00   0.4444392E+00   0.5969612E+00   0.9787384E+00   0.1001283E+03   0.2424373E+01   0.8030701E+01   0.2101923E+01   0.1870328E+01   0.1224958E+04   0.5742962E+04   0.2546195E+04   0.8223607E+03   0.2328694E+03   0.9671076E+00   0.2434371E+00   0.2447564E+00   0.2565830E+01   0.1394694E+02   0.1089582E+04   0.1464390E+03   0.1041045E+01   0.1406653E+02   0.1059132E+04   0.1491867E+03   0.1391073E+00   0.1605509E+00   0.3354866E+04   0.1014269E-01   0.8211771E+00   0.4536032E+00   0.7229199E+02   0.6462397E+03   0.8221370E+02   0.1542278E+04   0.8881101E+02   0.1998565E+04   0.9433275E+02   0.2326161E+04   0.2329545E+03   0.5825192E+04   0.4493375E+00   0.7413566E+00   0.4684379E+00   0.6576231E+00   0.4675518E+00   0.6156202E+00   0.4629719E+00   0.5858963E+00   0.2956071E+00   0.3049318E+00   0.2692022E+02   0.1047691E+03   0.3092142E+02   0.8805005E+01   0.3968747E+03   0.2257783E+02   0.1151800E+05   0.7066391E+03   0.5272564E-02   0.1539698E+01   0.3745785E+01   0.1029255E+02   0.1194625E+05   0.5290756E+01
   0.7808420E+00   0.6332690E+04   0.2207262E-01   0.1187817E+00   0.1041018E+01   0.4919778E-01   0.2917876E+01   0.3038078E+01   0.9565476E+00   0.1004095E+01   0.1908189E+03   0.3603952E+02   0.1160540E+03   0.2983992E+02   0.5403545E+01   0.6646833E+00   0.4683625E+00   0.5399817E+00   0.6094145E+01   0.8357340E+00   0.8715220E+00   0.1086692E+01   0.1145466E+01   0.9975970E+00   0.9987053E+00   0.9913297E+00   0.9913394E+00   0.6607605E+02   0.6759092E+00   0.3240908E+00   0.1414995E+00   0.6451439E-03   0.9349726E-01   0.8072199E+00   0.8390051E+00   0.4595420E+00   0.6090578E+00   0.9930471E+00   0.9805770E+02   0.2467305E+01   0.7179260E+01   0.2086510E+01   0.1890984E+01   0.1253186E+04   0.5772982E+04   0.2555046E+04   0.8213151E+03   0.2320118E+03   0.9565476E+00   0.2435417E+00   0.2448614E+00   0.2597209E+01   0.1395486E+02   0.1090063E+04   0.1456247E+03   0.1041313E+01   0.1398472E+02   0.1059055E+04   0.1484013E+03   0.1397593E+00   0.1607368E+00   0.3424899E+04   0.1036283E-01   0.8084338E+00   0.4470590E+00   0.7144075E+02   0.6551845E+03   0.8167695E+02   0.1559491E+04   0.8845751E+02   0.2018183E+04   0.9412058E+02   0.2346800E+04   0.2350425E+03   0.5830278E+04   0.4630686E+00   0.7446889E+00   0.4785124E+00   0.6587722E+00   0.4756504E+00   0.6159504E+00   0.4697048E+00   0.5857502E+00   0.2948717E+00   0.3034655E+00   0.2911978E+02   0.1071622E+03   0.3131353E+02   0.8822023E+01   0.3957326E+03   0.2480537E+02   0.1150963E+05   0.7072417E+03   0.2453995E+00   0.4956671E+00   0.8629327E+01   0.9776481E+01   0.1193899E+05   0.9370394E+01
   0.8815898E+00   0.6332952E+04   0.2238197E-01   0.1193411E+00   0.1041239E+01   0.5976160E-01   0.3011300E+01   0.3060224E+01   0.9598730E+00   0.1003030E+01   0.3204443E+03   0.3923053E+02   0.8167425E+02   0.4760388E+02   0.5017968E+00   0.4472947E+00   0.5919686E+00   0.3010072E+00   0.6714876E+01   0.9022203E+00   0.9035583E+00   0.1000975E+01   0.1147130E+01   0.9983710E+00   0.1002983E+01   0.9967668E+00   0.9946056E+00   0.6729553E+02   0.6856305E+00   0.3143695E+00   0.1423682E+00   0.6451439E-03   0.9580742E-01   0.8151842E+00   0.8344788E+00   0.4570629E+00   0.6104019E+00   0.9937168E+00   0.9921191E+02   0.2473939E+01   0.8210754E+01   0.2133233E+01   0.1892910E+01   0.1253900E+04   0.5799174E+04   0.2552103E+04   0.8198857E+03   0.2316598E+03   0.9598730E+00   0.2449348E+00   0.2462597E+00   0.2571256E+01   0.1382016E+02   0.1089814E+04   0.1447666E+03   0.1041445E+01   0.1390055E+02   0.1059895E+04   0.1474272E+03   0.1406557E+00   0.1606795E+00   0.3402595E+04   0.1036085E-01   0.8134852E+00   0.4494782E+00   0.7260251E+02   0.6439945E+03   0.8275323E+02   0.1535191E+04   0.8949185E+02   0.1988252E+04   0.9512673E+02   0.2313234E+04   0.2360519E+03   0.5773035E+04   0.4614347E+00   0.7529917E+00   0.4792382E+00   0.6671574E+00   0.4774892E+00   0.6242190E+00   0.4722557E+00   0.5938777E+00   0.2993266E+00   0.3084651E+00   0.3077373E+02   0.1075064E+03   0.3188237E+02   0.8982226E+01   0.3977231E+03   0.2496401E+02   0.1151515E+05   0.7068388E+03   0.6753781E-01   0.1038582E+01   0.5232663E+01   0.5904843E+01   0.1194682E+05   0.6338783E+01
   0.1030586E+01   0.6335919E+04   0.2228236E-01   0.1173539E+00   0.1041135E+01   0.6891123E-01   0.2912220E+01   0.3063838E+01   0.9614143E+00   0.1000639E+01   0.2599611E+03   0.3645797E+02   0.1045020E+03   0.4179919E+02   0.8325149E+00   0.5927156E+00   0.8448879E+00   0.9221961E+00   0.4384433E+01   0.7978095E+00   0.1450253E+01   0.9200601E+00   0.8482458E+00   0.9940622E+00   0.1000911E+01   0.9943403E+00   0.9902397E+00   0.6672058E+02   0.6848768E+00   0.3151232E+00   0.1402814E+00   0.6451439E-03   0.9359654E-01   0.8137230E+00   0.8339810E+00   0.4567902E+00   0.6096726E+00   0.9962004E+00   0.9913339E+02   0.2474141E+01   0.9065247E+01   0.2140957E+01   0.1865316E+01   0.1235886E+04   0.5720634E+04   0.2528419E+04   0.8150188E+03   0.2309708E+03   0.9614143E+00   0.2435512E+00   0.2448710E+00   0.2555596E+01   0.1392996E+02   0.1089666E+04   0.1458687E+03   0.1041414E+01   0.1400680E+02   0.1059437E+04   0.1485799E+03   0.1397585E+00   0.1604844E+00   0.3397897E+04   0.1027719E-01   0.8138864E+00   0.4497567E+00   0.7199324E+02   0.6495006E+03   0.8207852E+02   0.1548130E+04   0.8877254E+02   0.2004889E+04   0.9436959E+02   0.2332491E+04   0.2342923E+03   0.5818986E+04   0.4611123E+00   0.7515684E+00   0.4787139E+00   0.6658166E+00   0.4768791E+00   0.6229318E+00   0.4715947E+00   0.5926330E+00   0.2986861E+00   0.3077627E+00   0.2734445E+02   0.1084036E+03   0.3215994E+02   0.8644022E+01   0.4018857E+03   0.2416774E+02   0.1150601E+05   0.7068647E+03   0.7618540E-01   0.9818667E+00   0.5390284E+01   0.1782163E+02   0.1194070E+05   0.6448336E+01
   0.2890031E+00   0.6334828E+04   0.2208937E-01   0.1183197E+00   0.1041226E+01   0.6498323E-01   0.2891202E+01   0.3065474E+01   0.9632966E+00   0.1002892E+01   0.2353262E+03   0.2521739E+02   0.9956803E+02   0.3792852E+02   0.6464298E+00   0.5722549E+00   0.1965672E+00   0.2492512E+00   0.8189193E+01   0.1078928E+01   0.6530937E+00   0.8538017E+00   0.8633835E+00   0.9975743E+00   0.1000133E+01   0.9944177E+00   0.9879111E+00   0.6601013E+02   0.6762835E+00   0.3237165E+00   0.1410542E+00   0.6451439E-03   0.9311005E-01   0.8197909E+00   0.8515788E+00   0.4664289E+00   0.6183641E+00   0.1009015E+01   0.9811971E+02   0.2487162E+01   0.8757019E+01   0.2144462E+01   0.1883106E+01   0.1235696E+04   0.5718152E+04   0.2551789E+04   0.8237835E+03   0.2337150E+03   0.9632966E+00   0.2431843E+00   0.2445027E+00   0.2584656E+01   0.1397360E+02   0.1089977E+04   0.1458702E+03   0.1041532E+01   0.1400535E+02   0.1059055E+04   0.1486434E+03   0.1396253E+00   0.1606541E+00   0.3426557E+04   0.1034894E-01   0.8083266E+00   0.4469948E+00   0.7136126E+02   0.6558885E+03   0.8157720E+02   0.1561251E+04   0.8834487E+02   0.2020516E+04   0.9399742E+02   0.2349558E+04   0.2346823E+03   0.5838072E+04   0.4700621E+00   0.7563210E+00   0.4858274E+00   0.6691002E+00   0.4829623E+00   0.6256226E+00   0.4769519E+00   0.5949578E+00   0.2995254E+00   0.3082656E+00   0.2441872E+02   0.1047434E+03   0.2709975E+02   0.1082815E+02   0.3999761E+03   0.2366751E+02   0.1151139E+05   0.7072235E+03   0.2334303E+00   0.5372448E+00   0.8371162E+01   0.7431080E+01   0.1194586E+05   0.9141837E+01
   0.9289464E+00   0.6332031E+04   0.2236320E-01   0.1219022E+00   0.1040184E+01   0.6511410E-01   0.3269687E+01   0.3074370E+01   0.9751876E+00   0.1002504E+01   0.2458039E+03   0.5253975E+02   0.1022823E+03   0.4793519E+02   0.3666175E+01   0.6542298E+00   0.5520251E+00   0.2646009E-01   0.2936040E+00   0.1060922E+01   0.9714548E+00   0.8116375E+00   0.9167309E+00   0.9975472E+00   0.1000224E+01   0.9903523E+00   0.9925743E+00   0.6902405E+02   0.6958420E+00   0.3041580E+00   0.1449106E+00   0.6451439E-03   0.1000231E+00   0.8257352E+00   0.8314378E+00   0.4553972E+00   0.6132190E+00   0.9938951E+00   0.1004294E+03   0.2444217E+01   0.8815002E+01   0.2163626E+01   0.1899436E+01   0.1222050E+04   0.5742178E+04   0.2547973E+04   0.8171399E+03   0.2297705E+03   0.9751876E+00   0.2483400E+00   0.2496772E+00   0.2664113E+01   0.1359955E+02   0.1090311E+04   0.1428548E+03   0.1040235E+01   0.1373293E+02   0.1060238E+04   0.1454991E+03   0.1417044E+00   0.1614371E+00   0.3346979E+04   0.1036761E-01   0.8228768E+00   0.4543738E+00   0.7429690E+02   0.6285810E+03   0.8441077E+02   0.1500870E+04   0.9114062E+02   0.1945388E+04   0.9677555E+02   0.2264663E+04   0.2384771E+03   0.5679737E+04   0.4606403E+00   0.7637717E+00   0.4810049E+00   0.6778455E+00   0.4804617E+00   0.6346911E+00   0.4759982E+00   0.6041329E+00   0.3048853E+00   0.3146741E+00   0.3427969E+02   0.1072613E+03   0.3483362E+02   0.9137496E+01   0.3995317E+03   0.2227408E+02   0.1151598E+05   0.7065789E+03   0.1531798E-03   0.1677296E+01   0.3582795E+01   0.5303829E+01   0.1194692E+05   0.5260244E+01
   0.9061661E+00   0.6333134E+04   0.2242778E-01   0.1233387E+00   0.1040102E+01   0.6490436E-01   0.3352545E+01   0.3075389E+01   0.9764503E+00   0.1002349E+01   0.2608785E+03   0.5286845E+02   0.1056587E+03   0.4426791E+02   0.7136072E+00   0.6882324E+00   0.4005413E+00   0.9483308E+00   0.5358909E+01   0.1200291E+01   0.1199967E+01   0.8662471E+00   0.1095361E+01   0.9956619E+00   0.1001649E+01   0.9976279E+00   0.9989368E+00   0.6950012E+02   0.6968871E+00   0.3031129E+00   0.1464116E+00   0.6451439E-03   0.1017563E+00   0.8285429E+00   0.8328305E+00   0.4561600E+00   0.6147749E+00   0.9938531E+00   0.1005428E+03   0.2442639E+01   0.8818054E+01   0.2165831E+01   0.1902171E+01   0.1220119E+04   0.5736825E+04   0.2543374E+04   0.8143467E+03   0.2285905E+03   0.9764503E+00   0.2494323E+00   0.2507734E+00   0.2680367E+01   0.1351963E+02   0.1090434E+04   0.1420533E+03   0.1040087E+01   0.1365783E+02   0.1060543E+04   0.1446657E+03   0.1423444E+00   0.1615950E+00   0.3345675E+04   0.1041937E-01   0.8232914E+00   0.4545407E+00   0.7478948E+02   0.6243684E+03   0.8494259E+02   0.1491054E+04   0.9170015E+02   0.1932825E+04   0.9735903E+02   0.2250169E+04   0.2397431E+03   0.5646232E+04   0.4615093E+00   0.7664728E+00   0.4821750E+00   0.6803572E+00   0.4817538E+00   0.6370905E+00   0.4773601E+00   0.6064463E+00   0.3060841E+00   0.3159662E+00   0.3484888E+02   0.1110722E+03   0.3621858E+02   0.9204051E+01   0.3994189E+03   0.2214536E+02   0.1151369E+05   0.7065620E+03   0.9387561E-04   0.1747772E+01   0.3536155E+01   0.9961144E+01   0.1194446E+05   0.5284021E+01
   0.7029042E+00   0.6329525E+04   0.2240585E-01   0.1203913E+00   0.1040293E+01   0.6071296E-01   0.3062072E+01   0.3059684E+01   0.9644912E+00   0.1001628E+01   0.2600148E+03   0.4674258E+02   0.1178482E+03   0.2873580E+02   0.1504407E+01   0.6250150E+00   0.4161818E+00   0.9947053E+00   0.6859096E+01   0.9862360E+00   0.8210524E+00   0.1034881E+01   0.9556056E+00   0.9981118E+00   0.1000307E+01   0.9986720E+00   0.9869965E+00   0.6722229E+02   0.6825681E+00   0.3174319E+00   0.1434423E+00   0.6451439E-03   0.9642519E-01   0.8173853E+00   0.8407977E+00   0.4605239E+00   0.6135352E+00   0.9969427E+00   0.9872893E+02   0.2467868E+01   0.8320618E+01   0.2132081E+01   0.1888292E+01   0.1237255E+04   0.5750149E+04   0.2542533E+04   0.8177035E+03   0.2310822E+03   0.9644912E+00   0.2456244E+00   0.2469517E+00   0.2584371E+01   0.1379746E+02   0.1089923E+04   0.1442233E+03   0.1040465E+01   0.1386143E+02   0.1060047E+04   0.1468693E+03   0.1410681E+00   0.1606619E+00   0.3405067E+04   0.1040381E-01   0.8124121E+00   0.4488790E+00   0.7257322E+02   0.6444770E+03   0.8279940E+02   0.1535603E+04   0.8958344E+02   0.1988305E+04   0.9525411E+02   0.2312903E+04   0.2368478E+03   0.5763875E+04   0.4646460E+00   0.7547203E+00   0.4818006E+00   0.6683561E+00   0.4796844E+00   0.6252030E+00   0.4741913E+00   0.5947289E+00   0.2996305E+00   0.3086500E+00   0.3102066E+02   0.1065871E+03   0.3196309E+02   0.9324366E+01   0.3979775E+03   0.2377327E+02   0.1151080E+05   0.7069497E+03   0.1299869E+00   0.7688989E+00   0.6673719E+01   0.2657305E+01   0.1194187E+05   0.7572604E+01
   0.6522598E+00   0.6335880E+04   0.2240080E-01   0.1167085E+00   0.1041484E+01   0.7107263E-01   0.2891430E+01   0.3080276E+01   0.9598360E+00   0.1005177E+01   0.2233802E+03   0.3403104E+02   0.1239698E+03   0.3059904E+02   0.5696906E+01   0.7396993E+00   0.1721875E+00   0.1563431E-01   0.2147255E+01   0.6208961E+00   0.8195796E+00   0.1002206E+01   0.9494689E+00   0.9962041E+00   0.1000527E+01   0.9945104E+00   0.9894073E+00   0.6691833E+02   0.6879133E+00   0.3120867E+00   0.1397544E+00   0.6451439E-03   0.9352133E-01   0.8181522E+00   0.8344707E+00   0.4570585E+00   0.6115091E+00   0.1000142E+01   0.9952621E+02   0.2493228E+01   0.9220886E+01   0.2176441E+01   0.1888052E+01   0.1258469E+04   0.5819810E+04   0.2561126E+04   0.8256334E+03   0.2343302E+03   0.9598360E+00   0.2433166E+00   0.2446355E+00   0.2526392E+01   0.1392693E+02   0.1089441E+04   0.1460554E+03   0.1041762E+01   0.1402004E+02   0.1059666E+04   0.1487279E+03   0.1397735E+00   0.1603156E+00   0.3394722E+04   0.1025299E-01   0.8150371E+00   0.4502772E+00   0.7215526E+02   0.6478217E+03   0.8218517E+02   0.1544862E+04   0.8884698E+02   0.2001134E+04   0.9441923E+02   0.2328513E+04   0.2339434E+03   0.5817390E+04   0.4616724E+00   0.7559602E+00   0.4800548E+00   0.6700368E+00   0.4785680E+00   0.6270167E+00   0.4734978E+00   0.5966035E+00   0.3008086E+00   0.3100799E+00   0.2755205E+02   0.1060617E+03   0.3075650E+02   0.9657670E+01   0.4031353E+03   0.2507756E+02   0.1150823E+05   0.7067660E+03   0.3850715E-01   0.1156417E+01   0.4571333E+01   0.1313163E+02   0.1194610E+05   0.5766257E+01
   0.1227064E+01   0.6329768E+04   0.2250946E-01   0.1161123E+00   0.1041524E+01   0.7675417E-01   0.2947883E+01   0.3086881E+01   0.9697739E+00   0.1004267E+01   0.2447724E+03   0.3775388E+02   0.1179097E+03   0.3330826E+02   0.3665437E+01   0.6578852E+00   0.2870337E+00   0.5565318E-02   0.1520251E+01   0.1190102E+01   0.9923521E+00   0.1061778E+01   0.1113182E+01   0.9981218E+00   0.1001303E+01   0.9975984E+00   0.9916555E+00   0.6789978E+02   0.6979276E+00   0.3020724E+00   0.1392669E+00   0.6451439E-03   0.9456189E-01   0.8195397E+00   0.8223655E+00   0.4504282E+00   0.6075720E+00   0.9945711E+00   0.1008159E+03   0.2463996E+01   0.9706116E+01   0.2190864E+01   0.1879090E+01   0.1233680E+04   0.5777546E+04   0.2554667E+04   0.8259359E+03   0.2346210E+03   0.9697739E+00   0.2441261E+00   0.2454480E+00   0.2526608E+01   0.1385177E+02   0.1089312E+04   0.1458388E+03   0.1041754E+01   0.1399935E+02   0.1059895E+04   0.1484775E+03   0.1398979E+00   0.1604098E+00   0.3356834E+04   0.1017775E-01   0.8222760E+00   0.4539742E+00   0.7304903E+02   0.6391696E+03   0.8293846E+02   0.1526652E+04   0.8952209E+02   0.1979134E+04   0.9503607E+02   0.2304218E+04   0.2338527E+03   0.5784803E+04   0.4558494E+00   0.7582560E+00   0.4765328E+00   0.6731894E+00   0.4762446E+00   0.6304320E+00   0.4719866E+00   0.6001416E+00   0.3029979E+00   0.3127982E+00   0.2773328E+02   0.1065383E+03   0.3071329E+02   0.8612777E+01   0.4057705E+03   0.2302673E+02   0.1150402E+05   0.7065470E+03   0.4580517E-02   0.1965459E+01   0.3362702E+01   0.6226554E+01   0.1194143E+05   0.5332742E+01
   0.7360146E+00   0.6338908E+04   0.2251283E-01   0.1195560E+00   0.1041359E+01   0.7084330E-01   0.3084712E+01   0.3083958E+01   0.9720991E+00   0.1004424E+01   0.2403523E+03   0.4619153E+02   0.1273758E+03   0.2914279E+02   0.2185327E+01   0.4988275E+00   0.7149208E+00   0.2788967E+00   0.1057196E+01   0.1361717E+01   0.1210230E+01   0.1267841E+01   0.1252464E+01   0.9968040E+00   0.1004039E+01   0.9946282E+00   0.9874827E+00   0.6822571E+02   0.6934012E+00   0.3065988E+00   0.1427140E+00   0.6451439E-03   0.9736762E-01   0.8267694E+00   0.8358127E+00   0.4577935E+00   0.6152151E+00   0.1000945E+01   0.1001928E+03   0.2466679E+01   0.9254456E+01   0.2184469E+01   0.1895886E+01   0.1231250E+04   0.5767843E+04   0.2559685E+04   0.8255035E+03   0.2338209E+03   0.9720991E+00   0.2459655E+00   0.2472941E+00   0.2572911E+01   0.1372816E+02   0.1089741E+04   0.1442438E+03   0.1041500E+01   0.1384962E+02   0.1060276E+04   0.1468549E+03   0.1410762E+00   0.1607897E+00   0.3377449E+04   0.1033509E-01   0.8185114E+00   0.4520081E+00   0.7347559E+02   0.6357848E+03   0.8354322E+02   0.1517477E+04   0.9023851E+02   0.1966524E+04   0.9584271E+02   0.2288948E+04   0.2365818E+03   0.5733738E+04   0.4628771E+00   0.7644783E+00   0.4827080E+00   0.6781972E+00   0.4818669E+00   0.6349060E+00   0.4771945E+00   0.6042667E+00   0.3048703E+00   0.3145317E+00   0.2921076E+02   0.1105109E+03   0.3043096E+02   0.9556568E+01   0.4024180E+03   0.2270645E+02   0.1151056E+05   0.7066254E+03   0.3611504E-02   0.1539698E+01   0.3702522E+01   0.2070817E+02   0.1194524E+05   0.5245832E+01
   0.9745071E+00   0.6330902E+04   0.2247206E-01   0.1195944E+00   0.1040953E+01   0.5545504E-01   0.3059287E+01   0.3054546E+01   0.9713386E+00   0.1006634E+01   0.2543866E+03   0.3270998E+02   0.1027758E+03   0.3683011E+02   0.4398067E+01   0.7288515E+00   0.5169744E+00   0.8540102E+00   0.5203861E+01   0.9686378E+00   0.1189116E+01   0.1021536E+01   0.1176612E+01   0.9972934E+00   0.1001185E+01   0.9959733E+00   0.9921061E+00   0.6774597E+02   0.6890486E+00   0.3109514E+00   0.1427116E+00   0.6451439E-03   0.9668139E-01   0.8151710E+00   0.8299164E+00   0.4545639E+00   0.6087260E+00   0.9903917E+00   0.9959861E+02   0.2438294E+01   0.7771301E+01   0.2121156E+01   0.1898475E+01   0.1227488E+04   0.5767998E+04   0.2564958E+04   0.8279561E+03   0.2344073E+03   0.9713386E+00   0.2456119E+00   0.2469393E+00   0.2571420E+01   0.1377066E+02   0.1089768E+04   0.1443918E+03   0.1041121E+01   0.1386888E+02   0.1060162E+04   0.1470178E+03   0.1409700E+00   0.1606873E+00   0.3388904E+04   0.1035251E-01   0.8159990E+00   0.4507177E+00   0.7303138E+02   0.6399664E+03   0.8315264E+02   0.1526408E+04   0.8987691E+02   0.1977412E+04   0.9550223E+02   0.2301059E+04   0.2364421E+03   0.5751988E+04   0.4592204E+00   0.7533184E+00   0.4777935E+00   0.6678180E+00   0.4764476E+00   0.6249908E+00   0.4714882E+00   0.5947069E+00   0.2998743E+00   0.3091820E+00   0.2593339E+02   0.1057319E+03   0.2905345E+02   0.8887781E+01   0.3961866E+03   0.2206549E+02   0.1151018E+05   0.7067329E+03   0.3311904E-01   0.1217317E+01   0.4535457E+01   0.1196524E+02   0.1193732E+05   0.5785893E+01
   0.8227203E+00   0.6333840E+04   0.2258483E-01   0.1221978E+00   0.1040356E+01   0.5963408E-01   0.3220683E+01   0.3063240E+01   0.9780494E+00   0.1003766E+01   0.1860862E+03   0.3535654E+02   0.1042665E+03   0.3813077E+02   0.6245388E+01   0.4469190E+00   0.6983649E+00   0.2239953E-01   0.1449152E+01   0.8703078E+00   0.7843336E+00   0.1116753E+01   0.1211888E+01   0.9968235E+00   0.1001975E+01   0.9940808E+00   0.9884864E+00   0.6859924E+02   0.6909642E+00   0.3090358E+00   0.1454278E+00   0.6451439E-03   0.9976237E-01   0.8237488E+00   0.8360622E+00   0.4579301E+00   0.6141819E+00   0.9945695E+00   0.9975657E+02   0.2434179E+01   0.8222961E+01   0.2139676E+01   0.1899112E+01   0.1211451E+04   0.5724659E+04   0.2552954E+04   0.8230415E+03   0.2325262E+03   0.9780494E+00   0.2477848E+00   0.2491200E+00   0.2606465E+01   0.1362288E+02   0.1090009E+04   0.1428519E+03   0.1040415E+01   0.1373029E+02   0.1060734E+04   0.1454193E+03   0.1421462E+00   0.1609663E+00   0.3380580E+04   0.1043816E-01   0.8174722E+00   0.4513916E+00   0.7392059E+02   0.6321303E+03   0.8411376E+02   0.1508177E+04   0.9088877E+02   0.1954094E+04   0.9655795E+02   0.2274170E+04   0.2387432E+03   0.5690047E+04   0.4627688E+00   0.7614375E+00   0.4819734E+00   0.6752261E+00   0.4808430E+00   0.6320107E+00   0.4759881E+00   0.6014404E+00   0.3033270E+00   0.3128401E+00   0.2846804E+02   0.1060600E+03   0.2856681E+02   0.9277498E+01   0.3972049E+03   0.2143325E+02   0.1151774E+05   0.7066818E+03   0.2276606E-01   0.1279349E+01   0.4384909E+01   0.9651054E+01   0.1194566E+05   0.5687024E+01
   0.6716554E+00   0.6337292E+04   0.2264418E-01   0.1256490E+00   0.1039644E+01   0.4776977E-01   0.3373628E+01   0.3040913E+01   0.9758275E+00   0.1000151E+01   0.2336012E+03   0.1969948E+02   0.8339554E+02   0.4580832E+02   0.4100799E+01   0.6261596E+00   0.5614507E+00   0.1043566E+00   0.9255470E+01   0.9397396E+00   0.9749503E+00   0.9092354E+00   0.1015072E+01   0.9982943E+00   0.1002014E+01   0.9909350E+00   0.9951064E+00   0.6896545E+02   0.6868565E+00   0.3131435E+00   0.1489384E+00   0.6451439E-03   0.1027160E+00   0.8197255E+00   0.8374898E+00   0.4587121E+00   0.6132031E+00   0.9870807E+00   0.9914118E+02   0.2419974E+01   0.7060242E+01   0.2092435E+01   0.1901777E+01   0.1211591E+04   0.5709031E+04   0.2536102E+04   0.8135387E+03   0.2286046E+03   0.9758275E+00   0.2497864E+00   0.2511288E+00   0.2647389E+01   0.1350032E+02   0.1090376E+04   0.1412306E+03   0.1039597E+01   0.1358513E+02   0.1061230E+04   0.1437548E+03   0.1434272E+00   0.1612332E+00   0.3394456E+04   0.1058560E-01   0.8146993E+00   0.4498879E+00   0.7438369E+02   0.6284866E+03   0.8475075E+02   0.1498511E+04   0.9163490E+02   0.1940936E+04   0.9739237E+02   0.2258338E+04   0.2414766E+03   0.5639311E+04   0.4631724E+00   0.7573029E+00   0.4813455E+00   0.6711028E+00   0.4797287E+00   0.6279616E+00   0.4745628E+00   0.5974694E+00   0.3011378E+00   0.3104122E+00   0.2770284E+02   0.1070872E+03   0.3273395E+02   0.9566328E+01   0.3958566E+03   0.2185231E+02   0.1152691E+05   0.7067987E+03   0.7758128E-01   0.9818667E+00   0.5783462E+01   0.6761545E+01   0.1195418E+05   0.6842910E+01
   0.6324334E+00   0.6333436E+04   0.2266026E-01   0.1240779E+00   0.1040642E+01   0.5740992E-01   0.3255356E+01   0.3056458E+01   0.9755249E+00   0.1000037E+01   0.2124895E+03   0.2927656E+02   0.9306884E+02   0.4756669E+02   0.8966512E+01   0.6861807E+00   0.7106399E+00   0.2531076E+00   0.1303666E+01   0.1295880E+01   0.9642476E+00   0.8850075E+00   0.1102206E+01   0.9983119E+00   0.9993351E+00   0.9985775E+00   0.9865409E+00   0.6850769E+02   0.6859711E+00   0.3140289E+00   0.1473833E+00   0.6451439E-03   0.1009689E+00   0.8252444E+00   0.8443193E+00   0.4624528E+00   0.6177674E+00   0.9970408E+00   0.9912716E+02   0.2441681E+01   0.8021545E+01   0.2125215E+01   0.1894686E+01   0.1211157E+04   0.5695973E+04   0.2537824E+04   0.8172120E+03   0.2307534E+03   0.9755249E+00   0.2482660E+00   0.2496029E+00   0.2604549E+01   0.1357987E+02   0.1090110E+04   0.1421621E+03   0.1040666E+01   0.1366068E+02   0.1061039E+04   0.1446949E+03   0.1428605E+00   0.1609775E+00   0.3410736E+04   0.1055516E-01   0.8125296E+00   0.4487656E+00   0.7390347E+02   0.6326345E+03   0.8422736E+02   0.1508188E+04   0.9108145E+02   0.1953332E+04   0.9681313E+02   0.2272647E+04   0.2401840E+03   0.5672628E+04   0.4668861E+00   0.7623127E+00   0.4849783E+00   0.6754457E+00   0.4832444E+00   0.6319855E+00   0.4779713E+00   0.6012735E+00   0.3030321E+00   0.3123174E+00   0.2740235E+02   0.1052181E+03   0.3029404E+02   0.9657925E+01   0.3966509E+03   0.2193713E+02   0.1151679E+05   0.7068274E+03   0.7838083E-01   0.9818667E+00   0.5651556E+01   0.8296010E+01   0.1194504E+05   0.6711804E+01
   0.4866300E+00   0.6334001E+04   0.2256829E-01   0.1240219E+00   0.1040575E+01   0.6180566E-01   0.3230713E+01   0.3061361E+01   0.9727794E+00   0.9981743E+00   0.2307399E+03   0.3586843E+02   0.9914619E+02   0.3993166E+02   0.4029504E+01   0.6552317E+00   0.5154411E+00   0.3084356E+00   0.5358360E+01   0.9588144E+00   0.7506562E+00   0.9654488E+00   0.9451540E+00   0.9971392E+00   0.1001031E+01   0.1005099E+01   0.9948968E+00   0.6814148E+02   0.6829054E+00   0.3170946E+00   0.1472353E+00   0.6451439E-03   0.1003283E+00   0.8272354E+00   0.8504777E+00   0.4658258E+00   0.6207638E+00   0.1002128E+01   0.9875529E+02   0.2457610E+01   0.8476257E+01   0.2135660E+01   0.1887333E+01   0.1213285E+04   0.5675397E+04   0.2526910E+04   0.8128866E+03   0.2294823E+03   0.9727794E+00   0.2479095E+00   0.2492451E+00   0.2612855E+01   0.1361553E+02   0.1090199E+04   0.1423621E+03   0.1040616E+01   0.1368055E+02   0.1060810E+04   0.1449268E+03   0.1426326E+00   0.1610006E+00   0.3418298E+04   0.1056152E-01   0.8108608E+00   0.4479601E+00   0.7355887E+02   0.6358180E+03   0.8391538E+02   0.1515048E+04   0.9078638E+02   0.1961741E+04   0.9652997E+02   0.2282043E+04   0.2399687E+03   0.5687842E+04   0.4700125E+00   0.7638442E+00   0.4874440E+00   0.6764666E+00   0.4853392E+00   0.6328020E+00   0.4798049E+00   0.6019646E+00   0.3032625E+00   0.3124194E+00   0.2888879E+02   0.1060668E+03   0.3157381E+02   0.1007274E+02   0.3982622E+03   0.2247355E+02   0.1151746E+05   0.7069368E+03   0.1266031E+00   0.7688989E+00   0.6633095E+01   0.5267480E+01   0.1194827E+05   0.7528597E+01
   0.7619445E+00   0.6331482E+04   0.2238338E-01   0.1244486E+00   0.1039878E+01   0.5763070E-01   0.3367219E+01   0.3056691E+01   0.9767975E+00   0.9997351E+00   0.2343016E+03   0.4187361E+02   0.9452395E+02   0.4211711E+02   0.2193581E+01   0.7105301E+00   0.4567796E+00   0.5932119E+00   0.7980466E+01   0.1121301E+01   0.8197960E+00   0.8681974E+00   0.8194490E+00   0.9975645E+00   0.1001973E+01   0.1000502E+01   0.9968130E+00   0.6916687E+02   0.6917320E+00   0.3082680E+00   0.1474771E+00   0.6451439E-03   0.1020053E+00   0.8241233E+00   0.8354025E+00   0.4575688E+00   0.6140791E+00   0.9909303E+00   0.9985218E+02   0.2428266E+01   0.8125305E+01   0.2125710E+01   0.1894290E+01   0.1208571E+04   0.5685617E+04   0.2529711E+04   0.8101681E+03   0.2272551E+03   0.9767975E+00   0.2496040E+00   0.2509458E+00   0.2693901E+01   0.1352059E+02   0.1090602E+04   0.1417442E+03   0.1039862E+01   0.1363105E+02   0.1060543E+04   0.1443642E+03   0.1425825E+00   0.1616420E+00   0.3363771E+04   0.1048561E-01   0.8196969E+00   0.4526950E+00   0.7451829E+02   0.6270064E+03   0.8477353E+02   0.1496131E+04   0.9159099E+02   0.1938604E+04   0.9729623E+02   0.2256239E+04   0.2404446E+03   0.5647245E+04   0.4624670E+00   0.7618585E+00   0.4818502E+00   0.6756813E+00   0.4808092E+00   0.6324705E+00   0.4760134E+00   0.6018986E+00   0.3035732E+00   0.3131379E+00   0.3203701E+02   0.1065509E+03   0.3407258E+02   0.9449756E+01   0.3967954E+03   0.2182284E+02   0.1151727E+05   0.7066630E+03   0.1735309E-01   0.1342563E+01   0.4245523E+01   0.5362402E+01   0.1194533E+05   0.5605439E+01
   0.7259972E+00   0.6334036E+04   0.2211892E-01   0.1220499E+00   0.1040369E+01   0.5608049E-01   0.3167385E+01   0.3048481E+01   0.9682063E+00   0.9981206E+00   0.2838288E+03   0.5469781E+02   0.1070234E+03   0.4226661E+02   0.4661203E+00   0.6584744E+00   0.5214379E+00   0.3613898E+00   0.3965869E+00   0.1024217E+01   0.1080039E+01   0.1008189E+01   0.1047366E+01   0.9984321E+00   0.1002923E+01   0.9967751E+00   0.9992508E+00   0.6765076E+02   0.6835791E+00   0.3164209E+00   0.1448140E+00   0.6451439E-03   0.9796775E-01   0.8175557E+00   0.8396326E+00   0.4598857E+00   0.6131738E+00   0.9939877E+00   0.9892650E+02   0.2446536E+01   0.7966614E+01   0.2108329E+01   0.1884636E+01   0.1220887E+04   0.5682779E+04   0.2528811E+04   0.8107758E+03   0.2279418E+03   0.9682063E+00   0.2469036E+00   0.2482356E+00   0.2676011E+01   0.1372271E+02   0.1090538E+04   0.1434982E+03   0.1040497E+01   0.1379131E+02   0.1059589E+04   0.1462312E+03   0.1411182E+00   0.1614214E+00   0.3389948E+04   0.1043043E-01   0.8144583E+00   0.4501651E+00   0.7301590E+02   0.6404992E+03   0.8327899E+02   0.1526358E+04   0.9008900E+02   0.1976487E+04   0.9578209E+02   0.2299280E+04   0.2380078E+03   0.5732553E+04   0.4641074E+00   0.7549730E+00   0.4814857E+00   0.6686836E+00   0.4794835E+00   0.6255520E+00   0.4740667E+00   0.5950871E+00   0.2998377E+00   0.3089121E+00   0.3185539E+02   0.1080460E+03   0.3468651E+02   0.9297936E+01   0.3965894E+03   0.2310045E+02   0.1151387E+05   0.7069115E+03   0.1023365E+00   0.8727971E+00   0.5995518E+01   0.1133694E+02   0.1194285E+05   0.6970651E+01
   0.3529725E+00   0.6329579E+04   0.2235992E-01   0.1136168E+00   0.1041408E+01   0.4940930E-01   0.2777355E+01   0.3018203E+01   0.9564404E+00   0.1001183E+01   0.2339632E+03   0.4701163E+02   0.9182393E+02   0.4735145E+02   0.6339756E+01   0.8868922E+00   0.5419554E+00   0.8604267E+00   0.1516680E+01   0.8631975E+00   0.1045331E+01   0.9430081E+00   0.1273226E+01   0.9975452E+00   0.1002795E+01   0.9973966E+00   0.9898483E+00   0.6661438E+02   0.6921180E+00   0.3078820E+00   0.1366219E+00   0.6451439E-03   0.9100981E-01   0.7851207E+00   0.7953676E+00   0.4356408E+00   0.5848338E+00   0.9619498E+00   0.1000760E+03   0.2413491E+01   0.7048035E+01   0.2045449E+01   0.1852987E+01   0.1241172E+04   0.5774301E+04   0.2531152E+04   0.8174345E+03   0.2317675E+03   0.9564404E+00   0.2417259E+00   0.2430389E+00   0.2494376E+01   0.1404378E+02   0.1089104E+04   0.1475213E+03   0.1041764E+01   0.1416072E+02   0.1059246E+04   0.1502318E+03   0.1386411E+00   0.1600194E+00   0.3370987E+04   0.1010141E-01   0.8190491E+00   0.4523969E+00   0.7176092E+02   0.6510710E+03   0.8162692E+02   0.1553645E+04   0.8818618E+02   0.2013188E+04   0.9367561E+02   0.2343094E+04   0.2314367E+03   0.5865713E+04   0.4404044E+00   0.7258489E+00   0.4589655E+00   0.6437986E+00   0.4580227E+00   0.6026505E+00   0.4534870E+00   0.5735354E+00   0.2893577E+00   0.2984488E+00   0.2932274E+02   0.1058189E+03   0.3250091E+02   0.1099786E+02   0.3956468E+03   0.2426403E+02   0.1150940E+05   0.7066539E+03   0.6908655E-02   0.1472759E+01   0.3769839E+01   0.6943647E+01   0.1194031E+05   0.5249506E+01
   0.5190334E+00   0.6334529E+04   0.2239493E-01   0.1145447E+00   0.1041445E+01   0.5153760E-01   0.2836117E+01   0.3028877E+01   0.9608121E+00   0.1003312E+01   0.2033422E+03   0.2442717E+02   0.1269245E+03   0.2318031E+02   0.4730846E+01   0.6242508E+00   0.5449856E+00   0.2281287E+00   0.5620160E+01   0.9617629E+00   0.9588880E+00   0.1107613E+01   0.9413783E+00   0.9974113E+00   0.9988026E+00   0.9860960E+00   0.9823908E+00   0.6702087E+02   0.6936978E+00   0.3063022E+00   0.1375848E+00   0.6451439E-03   0.9221051E-01   0.7918871E+00   0.8001616E+00   0.4382666E+00   0.5891160E+00   0.9672934E+00   0.1002773E+03   0.2416143E+01   0.7279968E+01   0.2067400E+01   0.1864917E+01   0.1238014E+04   0.5782381E+04   0.2543337E+04   0.8216686E+03   0.2329630E+03   0.9608121E+00   0.2425545E+00   0.2438706E+00   0.2508351E+01   0.1397887E+02   0.1089203E+04   0.1469299E+03   0.1041761E+01   0.1410399E+02   0.1059437E+04   0.1496210E+03   0.1390638E+00   0.1601746E+00   0.3367300E+04   0.1013157E-01   0.8198955E+00   0.4528146E+00   0.7217208E+02   0.6472468E+03   0.8205364E+02   0.1544904E+04   0.8862562E+02   0.2002113E+04   0.9412680E+02   0.2330410E+04   0.2323003E+03   0.5838413E+04   0.4431941E+00   0.7322569E+00   0.4622573E+00   0.6496499E+00   0.4614876E+00   0.6081973E+00   0.4570366E+00   0.5788573E+00   0.2920963E+00   0.3013473E+00   0.2453055E+02   0.1056883E+03   0.2862636E+02   0.1026132E+02   0.3956773E+03   0.2349939E+02   0.1152079E+05   0.7066193E+03   0.1793377E-02   0.1607985E+01   0.3589339E+01   0.7013853E+01   0.1195022E+05   0.5199118E+01
   0.9533587E+00   0.6332794E+04   0.2248823E-01   0.1215303E+00   0.1040716E+01   0.5997715E-01   0.3251543E+01   0.3060976E+01   0.9764216E+00   0.1001734E+01   0.2279584E+03   0.4712408E+02   0.1060555E+03   0.4256321E+02   0.3257434E+01   0.6226035E+00   0.5357745E+00   0.4617690E+00   0.3569435E+01   0.8221636E+00   0.1016733E+01   0.7554381E+00   0.8408992E+00   0.9953847E+00   0.9983611E+00   0.9918478E+00   0.9957391E+00   0.6923279E+02   0.6981884E+00   0.3018116E+00   0.1446637E+00   0.6451439E-03   0.1001547E+00   0.8198728E+00   0.8223445E+00   0.4504166E+00   0.6076877E+00   0.9853500E+00   0.1007666E+03   0.2422600E+01   0.8274841E+01   0.2134837E+01   0.1893517E+01   0.1215000E+04   0.5732173E+04   0.2544305E+04   0.8176507E+03   0.2302081E+03   0.9764216E+00   0.2481507E+00   0.2494872E+00   0.2634478E+01   0.1358831E+02   0.1090103E+04   0.1429421E+03   0.1040758E+01   0.1373443E+02   0.1060467E+04   0.1455475E+03   0.1418191E+00   0.1612890E+00   0.3349172E+04   0.1036213E-01   0.8232229E+00   0.4544716E+00   0.7447882E+02   0.6268807E+03   0.8455477E+02   0.1497362E+04   0.9126297E+02   0.1941204E+04   0.9688147E+02   0.2260091E+04   0.2383502E+03   0.5674750E+04   0.4558275E+00   0.7585856E+00   0.4765709E+00   0.6735044E+00   0.4763108E+00   0.6307355E+00   0.4720706E+00   0.6004356E+00   0.3031151E+00   0.3129560E+00   0.3205648E+02   0.1057680E+03   0.3104398E+02   0.9121008E+01   0.3973327E+03   0.2187932E+02   0.1151573E+05   0.7065435E+03   0.3146740E-02   0.1891919E+01   0.3417654E+01   0.9672471E+01   0.1194406E+05   0.5312720E+01
   0.1045830E+01   0.6330941E+04   0.2229374E-01   0.1189836E+00   0.1041248E+01   0.5662243E-01   0.3092646E+01   0.3047491E+01   0.9683003E+00   0.9998816E+00   0.2210653E+03   0.4451677E+02   0.1004022E+03   0.4293026E+02   0.4993336E+01   0.5365396E+00   0.9290205E+00   0.2752001E+00   0.4952249E+00   0.1087214E+01   0.1090689E+01   0.1095010E+01   0.1089804E+01   0.9973893E+00   0.1003102E+01   0.1006503E+01   0.1008397E+01   0.6830261E+02   0.6957879E+00   0.3042121E+00   0.1419224E+00   0.6451439E-03   0.9693674E-01   0.8093097E+00   0.8149713E+00   0.4463782E+00   0.6010476E+00   0.9792556E+00   0.1005477E+03   0.2424357E+01   0.7923889E+01   0.2106244E+01   0.1880732E+01   0.1226500E+04   0.5739357E+04   0.2538622E+04   0.8158048E+03   0.2298568E+03   0.9683003E+00   0.2459873E+00   0.2473159E+00   0.2616141E+01   0.1374265E+02   0.1089973E+04   0.1445191E+03   0.1041412E+01   0.1387722E+02   0.1059742E+04   0.1472091E+03   0.1405029E+00   0.1611247E+00   0.3355070E+04   0.1027207E-01   0.8218955E+00   0.4539360E+00   0.7352011E+02   0.6352270E+03   0.8352994E+02   0.1516723E+04   0.9019047E+02   0.1965926E+04   0.9576731E+02   0.2288564E+04   0.2360028E+03   0.5739501E+04   0.4515364E+00   0.7485751E+00   0.4714851E+00   0.6643551E+00   0.4709467E+00   0.6220585E+00   0.4665678E+00   0.5921081E+00   0.2988347E+00   0.3084147E+00   0.3046658E+02   0.1075573E+03   0.3208148E+02   0.8899560E+01   0.3965190E+03   0.2308603E+02   0.1151629E+05   0.7065798E+03   0.1887616E-03   0.1747772E+01   0.3423141E+01   0.5331649E+01   0.1194480E+05   0.5171101E+01
   0.6822376E+00   0.6330964E+04   0.2215936E-01   0.1177491E+00   0.1041798E+01   0.4501598E-01   0.2908670E+01   0.3018178E+01   0.9588437E+00   0.9997910E+00   0.2344418E+03   0.3532841E+02   0.8764175E+02   0.4864836E+02   0.6817999E+01   0.4850182E+00   0.9194990E+00   0.6988455E-01   0.2349601E+01   0.9582751E+00   0.1222540E+01   0.1020950E+01   0.1140127E+01   0.9975513E+00   0.1001920E+01   0.9922393E+00   0.9966267E+00   0.6665833E+02   0.6836752E+00   0.3163248E+00   0.1405536E+00   0.6451439E-03   0.9369070E-01   0.7971652E+00   0.8185672E+00   0.4483477E+00   0.5978354E+00   0.9763850E+00   0.9907470E+02   0.2426915E+01   0.6700134E+01   0.2045400E+01   0.1869295E+01   0.1235722E+04   0.5724975E+04   0.2532865E+04   0.8155283E+03   0.2304023E+03   0.9588437E+00   0.2434516E+00   0.2447711E+00   0.2577600E+01   0.1392815E+02   0.1089852E+04   0.1458776E+03   0.1042086E+01   0.1399861E+02   0.1059170E+04   0.1486306E+03   0.1396259E+00   0.1607307E+00   0.3406179E+04   0.1029973E-01   0.8125804E+00   0.4491810E+00   0.7194428E+02   0.6500316E+03   0.8205394E+02   0.1549101E+04   0.8876231E+02   0.2005954E+04   0.9437050E+02   0.2333573E+04   0.2344829E+03   0.5818353E+04   0.4524888E+00   0.7361576E+00   0.4694629E+00   0.6520355E+00   0.4675253E+00   0.6099852E+00   0.4622534E+00   0.5802833E+00   0.2924119E+00   0.3012496E+00   0.3182652E+02   0.1075134E+03   0.3347681E+02   0.9425874E+01   0.3960323E+03   0.2407125E+02   0.1151314E+05   0.7069079E+03   0.8219087E-01   0.9265765E+00   0.5378320E+01   0.5959330E+01   0.1194267E+05   0.6387088E+01
   0.8182657E+00   0.6332047E+04   0.2212998E-01   0.1185860E+00   0.1041358E+01   0.4876932E-01   0.2954607E+01   0.3031462E+01   0.9613746E+00   0.1002972E+01   0.1914117E+03   0.4273777E+02   0.1008119E+03   0.4427746E+02   0.5565386E+01   0.8907611E+00   0.6597000E+00   0.9316225E+00   0.2799356E+01   0.1087683E+01   0.1220925E+01   0.9547424E+00   0.1062423E+01   0.9967860E+00   0.1002320E+01   0.9961342E+00   0.9891049E+00   0.6673157E+02   0.6825558E+00   0.3174442E+00   0.1413612E+00   0.6451439E-03   0.9433252E-01   0.8043419E+00   0.8273967E+00   0.4531839E+00   0.6037506E+00   0.9846345E+00   0.9889645E+02   0.2439645E+01   0.7124329E+01   0.2072752E+01   0.1880125E+01   0.1235976E+04   0.5733471E+04   0.2542946E+04   0.8183909E+03   0.2311144E+03   0.9613746E+00   0.2440650E+00   0.2453867E+00   0.2599268E+01   0.1389900E+02   0.1090010E+04   0.1454444E+03   0.1041619E+01   0.1396331E+02   0.1059208E+04   0.1482004E+03   0.1398710E+00   0.1608548E+00   0.3404449E+04   0.1032679E-01   0.8125002E+00   0.4491517E+00   0.7204137E+02   0.6492375E+03   0.8219352E+02   0.1546937E+04   0.8892839E+02   0.2002975E+04   0.9455794E+02   0.2329963E+04   0.2351221E+03   0.5806295E+04   0.4572653E+00   0.7426754E+00   0.4741408E+00   0.6576885E+00   0.4720554E+00   0.6152241E+00   0.4666478E+00   0.5852364E+00   0.2948602E+00   0.3037276E+00   0.2837300E+02   0.1083327E+03   0.3365914E+02   0.9019968E+01   0.3957503E+03   0.2351264E+02   0.1151422E+05   0.7069502E+03   0.1048869E+00   0.8727971E+00   0.5890426E+01   0.7776234E+01   0.1194250E+05   0.6868110E+01
   0.8987254E+00   0.6330364E+04   0.2217059E-01   0.1178958E+00   0.1041482E+01   0.4971658E-01   0.2874324E+01   0.3030139E+01   0.9569921E+00   0.1001991E+01   0.2223355E+03   0.4145348E+02   0.1065104E+03   0.4106793E+02   0.6347108E+01   0.5918172E+00   0.9813784E+00   0.4854041E+00   0.7603546E+00   0.6083701E+00   0.1184375E+01   0.1025452E+01   0.1038083E+01   0.9956066E+00   0.1000754E+01   0.9864186E+00   0.9837678E+00   0.6610901E+02   0.6780351E+00   0.3219649E+00   0.1407116E+00   0.6451439E-03   0.9302302E-01   0.8025769E+00   0.8314388E+00   0.4553978E+00   0.6045591E+00   0.9870891E+00   0.9834160E+02   0.2453599E+01   0.7194519E+01   0.2070012E+01   0.1874086E+01   0.1242994E+04   0.5737798E+04   0.2539125E+04   0.8180458E+03   0.2315348E+03   0.9569921E+00   0.2429859E+00   0.2443036E+00   0.2563447E+01   0.1397379E+02   0.1089817E+04   0.1460067E+03   0.1041797E+01   0.1401489E+02   0.1059170E+04   0.1487567E+03   0.1396384E+00   0.1605296E+00   0.3426123E+04   0.1033566E-01   0.8088149E+00   0.4471961E+00   0.7144362E+02   0.6550009E+03   0.8162601E+02   0.1559573E+04   0.8837414E+02   0.2018625E+04   0.9401161E+02   0.2347588E+04   0.2344485E+03   0.5837981E+04   0.4590821E+00   0.7406116E+00   0.4749166E+00   0.6553890E+00   0.4723171E+00   0.6128791E+00   0.4665712E+00   0.5828861E+00   0.2935143E+00   0.3021516E+00   0.2907787E+02   0.1073676E+03   0.3101943E+02   0.8641590E+01   0.3956942E+03   0.2440248E+02   0.1150481E+05   0.7071410E+03   0.1905346E+00   0.6252075E+00   0.7541640E+01   0.1168115E+02   0.1193355E+05   0.8357382E+01
   0.9758679E+00   0.6329264E+04   0.2219867E-01   0.1188311E+00   0.1041187E+01   0.5547430E-01   0.3049793E+01   0.3043219E+01   0.9653624E+00   0.1000351E+01   0.2426506E+03   0.4631388E+02   0.1125447E+03   0.3679644E+02   0.5308665E+01   0.5397700E+00   0.8388243E+00   0.3005956E+00   0.4725955E+01   0.8478349E+00   0.8315574E+00   0.1017626E+01   0.9579263E+00   0.9995913E+00   0.1000176E+01   0.1000966E+01   0.1001416E+01   0.6775696E+02   0.6914077E+00   0.3085923E+00   0.1416749E+00   0.6451439E-03   0.9599460E-01   0.8078123E+00   0.8192989E+00   0.4487485E+00   0.6020835E+00   0.9813716E+00   0.9999026E+02   0.2431759E+01   0.7820129E+01   0.2097265E+01   0.1877020E+01   0.1229233E+04   0.5728131E+04   0.2534512E+04   0.8142783E+03   0.2294513E+03   0.9653624E+00   0.2453761E+00   0.2467026E+00   0.2619495E+01   0.1379800E+02   0.1090038E+04   0.1448460E+03   0.1041384E+01   0.1390899E+02   0.1059475E+04   0.1475719E+03   0.1402127E+00   0.1610893E+00   0.3368452E+04   0.1028351E-01   0.8191058E+00   0.4525493E+00   0.7300346E+02   0.6400411E+03   0.8305904E+02   0.1527153E+04   0.8974326E+02   0.1978747E+04   0.9533676E+02   0.2302916E+04   0.2356559E+03   0.5763145E+04   0.4535636E+00   0.7467518E+00   0.4724955E+00   0.6622540E+00   0.4714387E+00   0.6198905E+00   0.4667128E+00   0.5899200E+00   0.2975587E+00   0.3068964E+00   0.3394953E+02   0.1095242E+03   0.3380136E+02   0.8947054E+01   0.3963195E+03   0.2334164E+02   0.1151495E+05   0.7066708E+03   0.1011114E-01   0.1472759E+01   0.3858626E+01   0.2954217E+01   0.1194356E+05   0.5341496E+01
   0.1281133E+01   0.6331151E+04   0.2222623E-01   0.1161305E+00   0.1041731E+01   0.5962373E-01   0.2903412E+01   0.3047550E+01   0.9595399E+00   0.1000716E+01   0.2626351E+03   0.3320230E+02   0.9942293E+02   0.4243145E+02   0.2101121E+01   0.7844476E+00   0.2463478E+00   0.7696084E+00   0.7624160E+01   0.9297774E+00   0.9289279E+00   0.8475194E+00   0.1094954E+01   0.9993091E+00   0.1001166E+01   0.9937592E+00   0.9913642E+00   0.6720398E+02   0.6922269E+00   0.3077731E+00   0.1390019E+00   0.6451439E-03   0.9341480E-01   0.8034046E+00   0.8137463E+00   0.4457072E+00   0.5984006E+00   0.9800243E+00   0.1001496E+03   0.2445894E+01   0.8164978E+01   0.2106367E+01   0.1869587E+01   0.1243845E+04   0.5767170E+04   0.2538217E+04   0.8168687E+03   0.2309404E+03   0.9595399E+00   0.2434072E+00   0.2447264E+00   0.2563136E+01   0.1392183E+02   0.1089618E+04   0.1462841E+03   0.1042024E+01   0.1403846E+02   0.1059208E+04   0.1490233E+03   0.1392903E+00   0.1606607E+00   0.3370814E+04   0.1018916E-01   0.8190666E+00   0.4525177E+00   0.7239545E+02   0.6453557E+03   0.8234556E+02   0.1540036E+04   0.8896091E+02   0.1995573E+04   0.9449738E+02   0.2322607E+04   0.2334479E+03   0.5814765E+04   0.4505691E+00   0.7427621E+00   0.4695859E+00   0.6588097E+00   0.4686339E+00   0.6167059E+00   0.4640013E+00   0.5869139E+00   0.2960950E+00   0.3054124E+00   0.2750667E+02   0.1082831E+03   0.3202910E+02   0.8422150E+01   0.3975112E+03   0.2463129E+02   0.1151778E+05   0.7066514E+03   0.4433957E-02   0.1539698E+01   0.3636893E+01   0.2126717E+01   0.1194834E+05   0.5181025E+01
   0.5602396E+00   0.6333000E+04   0.2216882E-01   0.1192392E+00   0.1041631E+01   0.4558411E-01   0.2953265E+01   0.3015942E+01   0.9603745E+00   0.9977129E+00   0.2558599E+03   0.4819120E+02   0.7951539E+02   0.4862919E+02   0.4090962E+01   0.4654828E+00   0.9552303E+00   0.6356692E+00   0.5657601E+01   0.1135127E+01   0.8326491E+00   0.1005558E+01   0.1042988E+01   0.9981035E+00   0.1001846E+01   0.9956197E+00   0.9864001E+00   0.6661072E+02   0.6798433E+00   0.3201567E+00   0.1420531E+00   0.6451439E-03   0.9462262E-01   0.8001013E+00   0.8265434E+00   0.4527165E+00   0.6018464E+00   0.9803315E+00   0.9857733E+02   0.2428304E+01   0.6785583E+01   0.2040831E+01   0.1863001E+01   0.1224917E+04   0.5673633E+04   0.2517869E+04   0.8106161E+03   0.2289219E+03   0.9603745E+00   0.2440627E+00   0.2453843E+00   0.2591433E+01   0.1389095E+02   0.1090017E+04   0.1452500E+03   0.1041887E+01   0.1394105E+02   0.1059322E+04   0.1479902E+03   0.1401280E+00   0.1608160E+00   0.3421820E+04   0.1037851E-01   0.8097410E+00   0.4476868E+00   0.7195336E+02   0.6502310E+03   0.8216303E+02   0.1548644E+04   0.8893192E+02   0.2004757E+04   0.9458798E+02   0.2331686E+04   0.2356156E+03   0.5803202E+04   0.4565550E+00   0.7384963E+00   0.4727340E+00   0.6537004E+00   0.4703453E+00   0.6113751E+00   0.4647540E+00   0.5815020E+00   0.2928726E+00   0.3015694E+00   0.3360518E+02   0.1066296E+03   0.3189972E+02   0.9666978E+01   0.3959930E+03   0.2365950E+02   0.1151686E+05   0.7070608E+03   0.1514620E+00   0.7194209E+00   0.6771555E+01   0.5113950E+01   0.1194618E+05   0.7642438E+01
   0.6578787E+00   0.6336232E+04   0.2231750E-01   0.1251382E+00   0.1040578E+01   0.4814302E-01   0.3313849E+01   0.3038202E+01   0.9689780E+00   0.9957642E+00   0.2243888E+03   0.4947097E+02   0.8574797E+02   0.5253810E+02   0.8519268E+01   0.8189206E+00   0.9688714E+00   0.6590073E+00   0.1847212E+00   0.1400060E+01   0.1013012E+01   0.9191190E+00   0.1001350E+01   0.9986202E+00   0.1002397E+01   0.9935208E+00   0.9994579E+00   0.6850037E+02   0.6843748E+00   0.3156252E+00   0.1481008E+00   0.6451439E-03   0.1014496E+00   0.8186694E+00   0.8397186E+00   0.4599328E+00   0.6136228E+00   0.9891499E+00   0.9899512E+02   0.2434993E+01   0.7154846E+01   0.2086768E+01   0.1895212E+01   0.1222262E+04   0.5693561E+04   0.2526567E+04   0.8078503E+03   0.2264428E+03   0.9689780E+00   0.2488941E+00   0.2502333E+00   0.2688237E+01   0.1356213E+02   0.1090692E+04   0.1418770E+03   0.1040592E+01   0.1363425E+02   0.1060390E+04   0.1445176E+03   0.1425627E+00   0.1616265E+00   0.3401433E+04   0.1056650E-01   0.8132312E+00   0.4493847E+00   0.7391974E+02   0.6326108E+03   0.8428881E+02   0.1507748E+04   0.9117038E+02   0.1952511E+04   0.9692387E+02   0.2271488E+04   0.2407181E+03   0.5665390E+04   0.4642079E+00   0.7560773E+00   0.4817868E+00   0.6697438E+00   0.4798742E+00   0.6265772E+00   0.4745128E+00   0.5960827E+00   0.3003469E+00   0.3094838E+00   0.3186280E+02   0.1063061E+03   0.3532688E+02   0.9523954E+01   0.3957879E+03   0.2340437E+02   0.1151885E+05   0.7068825E+03   0.9390296E-01   0.9265765E+00   0.5872093E+01   0.1112725E+02   0.1194756E+05   0.6892573E+01
   0.5128647E+00   0.6334740E+04   0.2235276E-01   0.1260971E+00   0.1039974E+01   0.4899624E-01   0.3431382E+01   0.3041066E+01   0.9770219E+00   0.9995919E+00   0.2138483E+03   0.3579894E+02   0.8913500E+02   0.5112927E+02   0.6501535E+01   0.7265855E+00   0.7398727E+00   0.4507077E+00   0.6448737E+01   0.9243437E+00   0.1358390E+01   0.7930883E+00   0.1002459E+01   0.9962319E+00   0.1000734E+01   0.1004106E+01   0.9960393E+00   0.6933167E+02   0.6898299E+00   0.3101701E+00   0.1490950E+00   0.6451439E-03   0.1033701E+00   0.8214248E+00   0.8352320E+00   0.4574754E+00   0.6130103E+00   0.9865111E+00   0.9962050E+02   0.2413782E+01   0.7267761E+01   0.2092753E+01   0.1897406E+01   0.1205159E+04   0.5669621E+04   0.2526087E+04   0.8077324E+03   0.2260203E+03   0.9770219E+00   0.2504105E+00   0.2517551E+00   0.2721982E+01   0.1346507E+02   0.1090845E+04   0.1410658E+03   0.1039915E+01   0.1356512E+02   0.1060619E+04   0.1436869E+03   0.1430598E+00   0.1618857E+00   0.3372986E+04   0.1055765E-01   0.8180607E+00   0.4518681E+00   0.7472886E+02   0.6253735E+03   0.8506409E+02   0.1491788E+04   0.9193174E+02   0.1932685E+04   0.9767761E+02   0.2249111E+04   0.2416988E+03   0.5624266E+04   0.4621877E+00   0.7591714E+00   0.4810752E+00   0.6730862E+00   0.4798101E+00   0.6299532E+00   0.4748749E+00   0.5994483E+00   0.3022506E+00   0.3116941E+00   0.3327968E+02   0.1097462E+03   0.3583297E+02   0.1019314E+02   0.3958258E+03   0.2162298E+02   0.1151505E+05   0.7067114E+03   0.3188514E-01   0.1217317E+01   0.4600994E+01   0.1422120E+02   0.1194270E+05   0.5850196E+01
   0.5162359E+00   0.6329784E+04   0.2219750E-01   0.1192257E+00   0.1040759E+01   0.4430037E-01   0.2987867E+01   0.3010026E+01   0.9613921E+00   0.9953287E+00   0.2282052E+03   0.3739222E+02   0.1006393E+03   0.3970855E+02   0.2062361E+01   0.7045215E+00   0.4040907E+00   0.6391669E+00   0.6912361E+01   0.7528834E+00   0.9105718E+00   0.9058671E+00   0.9966917E+00   0.9955762E+00   0.1001841E+01   0.9976162E+00   0.9913639E+00   0.6675354E+02   0.6811777E+00   0.3188223E+00   0.1420683E+00   0.6451439E-03   0.9483565E-01   0.7960621E+00   0.8206551E+00   0.4494913E+00   0.5981831E+00   0.9743383E+00   0.9865062E+02   0.2415081E+01   0.6642151E+01   0.2028793E+01   0.1856774E+01   0.1218890E+04   0.5661380E+04   0.2507921E+04   0.8068091E+03   0.2275302E+03   0.9613921E+00   0.2445429E+00   0.2458663E+00   0.2598087E+01   0.1387767E+02   0.1090014E+04   0.1450562E+03   0.1040990E+01   0.1393445E+02   0.1059437E+04   0.1477834E+03   0.1402308E+00   0.1607744E+00   0.3406162E+04   0.1035530E-01   0.8119406E+00   0.4487958E+00   0.7208504E+02   0.6489466E+03   0.8227942E+02   0.1545904E+04   0.8904017E+02   0.2001418E+04   0.9469036E+02   0.2327972E+04   0.2356678E+03   0.5797528E+04   0.4534277E+00   0.7348949E+00   0.4698181E+00   0.6506506E+00   0.4675929E+00   0.6085796E+00   0.4621320E+00   0.5788781E+00   0.2915992E+00   0.3003136E+00   0.2900325E+02   0.1067631E+03   0.3257006E+02   0.9886438E+01   0.3961971E+03   0.2353722E+02   0.1150390E+05   0.7070050E+03   0.1415918E+00   0.7194209E+00   0.6742046E+01   0.1143649E+02   0.1193352E+05   0.7603059E+01
   0.5311184E+00   0.6331627E+04   0.2263559E-01   0.1201179E+00   0.1040843E+01   0.5140045E-01   0.3129949E+01   0.3031144E+01   0.9733528E+00   0.9975091E+00   0.2285475E+03   0.3299371E+02   0.1105768E+03   0.3155175E+02   0.5067307E+01   0.6255259E+00   0.7295797E+00   0.1105541E+00   0.2725683E+01   0.1094056E+01   0.1046682E+01   0.1201333E+01   0.1079340E+01   0.9974745E+00   0.1003427E+01   0.1000220E+01   0.9932394E+00   0.6848572E+02   0.6942650E+00   0.3057350E+00   0.1433987E+00   0.6451439E-03   0.9820762E-01   0.8051825E+00   0.8128422E+00   0.4452120E+00   0.5987294E+00   0.9729585E+00   0.1002275E+03   0.2398023E+01   0.7337952E+01   0.2072093E+01   0.1869663E+01   0.1205155E+04   0.5690142E+04   0.2522911E+04   0.8139619E+03   0.2299728E+03   0.9733528E+00   0.2466105E+00   0.2479414E+00   0.2566610E+01   0.1368697E+02   0.1089679E+04   0.1437825E+03   0.1040947E+01   0.1381266E+02   0.1060619E+04   0.1463480E+03   0.1415349E+00   0.1606974E+00   0.3373346E+04   0.1035367E-01   0.8192285E+00   0.4522787E+00   0.7374016E+02   0.6334424E+03   0.8382127E+02   0.1512090E+04   0.9052683E+02   0.1959678E+04   0.9614025E+02   0.2281090E+04   0.2371764E+03   0.5716432E+04   0.4502322E+00   0.7446020E+00   0.4697340E+00   0.6606569E+00   0.4690150E+00   0.6185239E+00   0.4645330E+00   0.5886989E+00   0.2970426E+00   0.3064994E+00   0.2742523E+02   0.1055258E+03   0.3186572E+02   0.1022670E+02   0.3957231E+03   0.2189784E+02   0.1151623E+05   0.7066078E+03   0.3000238E-02   0.1539698E+01   0.3746820E+01   0.7282248E+01   0.1194407E+05   0.5289518E+01
   0.4979043E+00   0.6333944E+04   0.2239221E-01   0.1246402E+00   0.1040460E+01   0.6258767E-01   0.3338504E+01   0.3073841E+01   0.9738940E+00   0.1001682E+01   0.2234692E+03   0.4658672E+02   0.8627720E+02   0.5088863E+02   0.3076731E+01   0.8751479E+00   0.3424579E+00   0.5102369E+00   0.5527384E+01   0.9841944E+00   0.7477607E+00   0.8665912E+00   0.1074685E+01   0.9976579E+00   0.1002785E+01   0.9886303E+00   0.9983039E+00   0.6897644E+02   0.6896063E+00   0.3103937E+00   0.1476775E+00   0.6451439E-03   0.1018627E+00   0.8322485E+00   0.8465426E+00   0.4636705E+00   0.6211997E+00   0.1002081E+01   0.9963253E+02   0.2459986E+01   0.8619690E+01   0.2162481E+01   0.1908049E+01   0.1225315E+04   0.5730915E+04   0.2546401E+04   0.8152108E+03   0.2289783E+03   0.9738940E+00   0.2492391E+00   0.2505795E+00   0.2682302E+01   0.1353179E+02   0.1090576E+04   0.1418269E+03   0.1040457E+01   0.1363120E+02   0.1060543E+04   0.1444443E+03   0.1426091E+00   0.1616100E+00   0.3380861E+04   0.1051938E-01   0.8170568E+00   0.4513241E+00   0.7434857E+02   0.6285889E+03   0.8463747E+02   0.1499403E+04   0.9147398E+02   0.1942513E+04   0.9719361E+02   0.2260519E+04   0.2405392E+03   0.5652160E+04   0.4684421E+00   0.7691521E+00   0.4875265E+00   0.6819107E+00   0.4862171E+00   0.6382022E+00   0.4811981E+00   0.6072917E+00   0.3062073E+00   0.3157566E+00   0.3288619E+02   0.1088682E+03   0.3722356E+02   0.1024629E+02   0.3986474E+03   0.2264456E+02   0.1151748E+05   0.7067174E+03   0.3087906E-01   0.1217317E+01   0.4527494E+01   0.6375064E+01   0.1194902E+05   0.5775691E+01
   0.8633233E+00   0.6334901E+04   0.2233053E-01   0.1212276E+00   0.1041030E+01   0.6490728E-01   0.3182083E+01   0.3071219E+01   0.9731830E+00   0.1002467E+01   0.2108467E+03   0.2011166E+02   0.8784753E+02   0.4901849E+02   0.6164832E+01   0.6286718E+00   0.6975446E+00   0.5378195E-01   0.6016253E+01   0.7725398E+00   0.8204327E+00   0.7492409E+00   0.7387425E+00   0.9975070E+00   0.1000025E+01   0.1002430E+01   0.9886226E+00   0.6850769E+02   0.6927468E+00   0.3072532E+00   0.1442032E+00   0.6451439E-03   0.9879031E-01   0.8250678E+00   0.8349821E+00   0.4573386E+00   0.6142763E+00   0.9968274E+00   0.1001150E+03   0.2450649E+01   0.8781433E+01   0.2156817E+01   0.1894243E+01   0.1222520E+04   0.5727091E+04   0.2547259E+04   0.8186527E+03   0.2307751E+03   0.9731830E+00   0.2471842E+00   0.2485172E+00   0.2640085E+01   0.1366335E+02   0.1090211E+04   0.1434747E+03   0.1041134E+01   0.1378062E+02   0.1060047E+04   0.1461369E+03   0.1413290E+00   0.1613058E+00   0.3369041E+04   0.1037618E-01   0.8193523E+00   0.4525782E+00   0.7379127E+02   0.6331110E+03   0.8391936E+02   0.1510941E+04   0.9065386E+02   0.1957953E+04   0.9629041E+02   0.2278889E+04   0.2377928E+03   0.5706749E+04   0.4623429E+00   0.7628379E+00   0.4819842E+00   0.6766678E+00   0.4810663E+00   0.6334432E+00   0.4763497E+00   0.6028552E+00   0.3041204E+00   0.3137354E+00   0.2667687E+02   0.1059034E+03   0.3124860E+02   0.9223309E+01   0.3994824E+03   0.2240559E+02   0.1151397E+05   0.7066396E+03   0.5702022E-02   0.1539698E+01   0.3769553E+01   0.1276638E+02   0.1194508E+05   0.5314954E+01
   0.9222518E+00   0.6333925E+04   0.2232708E-01   0.1218574E+00   0.1040762E+01   0.6108753E-01   0.3302823E+01   0.3062588E+01   0.9723809E+00   0.1001128E+01   0.2102130E+03   0.3406958E+02   0.8653063E+02   0.4365583E+02   0.2585647E+01   0.5609214E+00   0.6790390E+00   0.4285494E+00   0.9845808E+01   0.8694899E+00   0.1128949E+01   0.1007478E+01   0.1080063E+01   0.9955514E+00   0.1001676E+01   0.1007973E+01   0.1006746E+01   0.6958801E+02   0.7009193E+00   0.2990807E+00   0.1448296E+00   0.6451439E-03   0.1007840E+00   0.8195072E+00   0.8182507E+00   0.4481744E+00   0.6060381E+00   0.9823937E+00   0.1011746E+03   0.2427973E+01   0.8436584E+01   0.2138282E+01   0.1892366E+01   0.1225080E+04   0.5742276E+04   0.2535035E+04   0.8104991E+03   0.2271395E+03   0.9723809E+00   0.2487554E+00   0.2500941E+00   0.2682555E+01   0.1355322E+02   0.1090386E+04   0.1427332E+03   0.1040783E+01   0.1371402E+02   0.1060162E+04   0.1453909E+03   0.1416695E+00   0.1616995E+00   0.3330712E+04   0.1033949E-01   0.8262527E+00   0.4561761E+00   0.7481608E+02   0.6238603E+03   0.8486283E+02   0.1490801E+04   0.9155587E+02   0.1933128E+04   0.9716370E+02   0.2251042E+04   0.2385797E+03   0.5659748E+04   0.4537831E+00   0.7585283E+00   0.4751353E+00   0.6737650E+00   0.4752067E+00   0.6311098E+00   0.4711964E+00   0.6008729E+00   0.3034468E+00   0.3134326E+00   0.3231428E+02   0.1089604E+03   0.3492319E+02   0.9216829E+01   0.3978682E+03   0.2271492E+02   0.1151653E+05   0.7065141E+03   0.1984632E-01   0.2193517E+01   0.3425719E+01   0.9362307E+01   0.1194633E+05   0.5639083E+01
   0.6194695E+00   0.6327216E+04   0.2263635E-01   0.1214879E+00   0.1040520E+01   0.5034856E-01   0.3247565E+01   0.3039861E+01   0.9719055E+00   0.1000744E+01   0.2403762E+03   0.3732385E+02   0.9552616E+02   0.4809202E+02   0.5183611E+01   0.6136894E+00   0.7469254E+00   0.1215038E+00   0.2608150E+01   0.1143543E+01   0.1208585E+01   0.9399688E+00   0.9933936E+00   0.9968766E+00   0.1002081E+01   0.9928141E+00   0.9925094E+00   0.6925842E+02   0.6981914E+00   0.3018086E+00   0.1447694E+00   0.6451439E-03   0.1002650E+00   0.8090329E+00   0.8114680E+00   0.4444593E+00   0.5996518E+00   0.9721424E+00   0.1007123E+03   0.2405486E+01   0.7261658E+01   0.2090234E+01   0.1890004E+01   0.1222464E+04   0.5758296E+04   0.2537394E+04   0.8144506E+03   0.2290705E+03   0.9719055E+00   0.2481553E+00   0.2494918E+00   0.2606268E+01   0.1358301E+02   0.1089913E+04   0.1428606E+03   0.1040553E+01   0.1372930E+02   0.1060810E+04   0.1454152E+03   0.1420905E+00   0.1610410E+00   0.3353374E+04   0.1037243E-01   0.8227126E+00   0.4540887E+00   0.7450975E+02   0.6266180E+03   0.8458892E+02   0.1496743E+04   0.9129933E+02   0.1940407E+04   0.9691971E+02   0.2259168E+04   0.2384384E+03   0.5672531E+04   0.4497766E+00   0.7485595E+00   0.4702533E+00   0.6646064E+00   0.4700006E+00   0.6224041E+00   0.4658193E+00   0.5925053E+00   0.2991113E+00   0.3088249E+00   0.3114413E+02   0.1091120E+03   0.3408003E+02   0.9983306E+01   0.3957061E+03   0.2244406E+02   0.1150861E+05   0.7065435E+03   0.2032582E-02   0.1891919E+01   0.3464146E+01   0.5792161E+01   0.1193674E+05   0.5358097E+01
   0.1024244E+01   0.6332908E+04   0.2245070E-01   0.1174225E+00   0.1041103E+01   0.6517116E-01   0.3005873E+01   0.3058150E+01   0.9684567E+00   0.1001973E+01   0.2241613E+03   0.4729998E+02   0.1032394E+03   0.3396496E+02   0.5937248E+01   0.7234856E+00   0.5739344E+00   0.9242551E+00   0.5104443E+01   0.9188868E+00   0.8594944E+00   0.1016150E+01   0.1111155E+01   0.9972808E+00   0.9983616E+00   0.9916485E+00   0.9892160E+00   0.6792542E+02   0.6954431E+00   0.3045569E+00   0.1405183E+00   0.6451439E-03   0.9544767E-01   0.8101321E+00   0.8162618E+00   0.4470850E+00   0.6018288E+00   0.9829688E+00   0.1004563E+03   0.2435924E+01   0.8683777E+01   0.2128814E+01   0.1868662E+01   0.1223269E+04   0.5730356E+04   0.2532487E+04   0.8168311E+03   0.2311867E+03   0.9684567E+00   0.2448883E+00   0.2462130E+00   0.2556854E+01   0.1381492E+02   0.1089554E+04   0.1452422E+03   0.1041302E+01   0.1394813E+02   0.1059895E+04   0.1478920E+03   0.1402407E+00   0.1606053E+00   0.3360630E+04   0.1022936E-01   0.8211309E+00   0.4534127E+00   0.7311635E+02   0.6387621E+03   0.8308123E+02   0.1525072E+04   0.8971126E+02   0.1976688E+04   0.9526230E+02   0.2301042E+04   0.2348199E+03   0.5769728E+04   0.4522521E+00   0.7492992E+00   0.4721387E+00   0.6649577E+00   0.4715556E+00   0.6226063E+00   0.4671421E+00   0.5926194E+00   0.2990892E+00   0.3086528E+00   0.3134585E+02   0.1030329E+03   0.3080521E+02   0.8935273E+01   0.3994159E+03   0.2266100E+02   0.1151549E+05   0.7065858E+03   0.4829757E-04   0.1747772E+01   0.3507855E+01   0.7475433E+01   0.1194650E+05   0.5255675E+01
   0.4549373E+00   0.6330872E+04   0.2242645E-01   0.1151464E+00   0.1041378E+01   0.5423362E-01   0.2885361E+01   0.3033808E+01   0.9666938E+00   0.1003011E+01   0.2361063E+03   0.4399534E+02   0.1129457E+03   0.3542316E+02   0.4846602E+01   0.6670241E+00   0.8426321E+00   0.4483013E+00   0.1600123E+01   0.1018436E+01   0.1251193E+01   0.1028365E+01   0.9349216E+00   0.9957038E+00   0.9996603E+00   0.9973287E+00   0.9900737E+00   0.6739075E+02   0.6956564E+00   0.3043436E+00   0.1382180E+00   0.6451439E-03   0.9314615E-01   0.7959644E+00   0.8017059E+00   0.4391124E+00   0.5912003E+00   0.9696020E+00   0.1005202E+03   0.2407692E+01   0.7563782E+01   0.2077620E+01   0.1864058E+01   0.1223103E+04   0.5747949E+04   0.2541059E+04   0.8221224E+03   0.2331861E+03   0.9666938E+00   0.2432437E+00   0.2445623E+00   0.2519677E+01   0.1392705E+02   0.1089265E+04   0.1464854E+03   0.1041662E+01   0.1406266E+02   0.1059589E+04   0.1491602E+03   0.1393688E+00   0.1602938E+00   0.3360014E+04   0.1014397E-01   0.8212993E+00   0.4535227E+00   0.7253958E+02   0.6438238E+03   0.8241965E+02   0.1537215E+04   0.8899361E+02   0.1992464E+04   0.9449787E+02   0.2319438E+04   0.2328973E+03   0.5816528E+04   0.4442043E+00   0.7362209E+00   0.4637978E+00   0.6533802E+00   0.4632538E+00   0.6117784E+00   0.4589370E+00   0.5823208E+00   0.2939167E+00   0.3033172E+00   0.3022465E+02   0.1057331E+03   0.3289463E+02   0.1056212E+02   0.3959280E+03   0.2240788E+02   0.1151300E+05   0.7065821E+03   0.5687908E-04   0.1747772E+01   0.3444116E+01   0.8071738E+01   0.1194190E+05   0.5191945E+01
   0.1074255E+01   0.6327282E+04   0.2226197E-01   0.1152964E+00   0.1041558E+01   0.5745719E-01   0.2798534E+01   0.3037908E+01   0.9640385E+00   0.1000591E+01   0.2292321E+03   0.2959245E+02   0.1057926E+03   0.3463741E+02   0.4616028E+01   0.6151896E+00   0.5366794E+00   0.7031857E-01   0.1983265E+01   0.1010758E+01   0.8940861E+00   0.1099634E+01   0.1063140E+01   0.9977319E+00   0.1003647E+01   0.9969819E+00   0.9886291E+00   0.6623352E+02   0.6849617E+00   0.3150383E+00   0.1382035E+00   0.6451439E-03   0.9153704E-01   0.8008969E+00   0.8207250E+00   0.4495296E+00   0.6000224E+00   0.9840965E+00   0.9919432E+02   0.2435647E+01   0.7914734E+01   0.2086155E+01   0.1859687E+01   0.1222701E+04   0.5707466E+04   0.2538059E+04   0.8225465E+03   0.2339011E+03   0.9640385E+00   0.2419778E+00   0.2432918E+00   0.2519826E+01   0.1403359E+02   0.1089395E+04   0.1470281E+03   0.1041908E+01   0.1411143E+02   0.1059132E+04   0.1497645E+03   0.1389660E+00   0.1602028E+00   0.3400177E+04   0.1020386E-01   0.8136570E+00   0.4496591E+00   0.7146519E+02   0.6542943E+03   0.8147461E+02   0.1559575E+04   0.8811839E+02   0.2019722E+04   0.9367348E+02   0.2349757E+04   0.2325526E+03   0.5862264E+04   0.4538101E+00   0.7397313E+00   0.4711533E+00   0.6553407E+00   0.4693571E+00   0.6131354E+00   0.4641625E+00   0.5833161E+00   0.2940078E+00   0.3029376E+00   0.2479913E+02   0.1035908E+03   0.2865198E+02   0.8563999E+01   0.3967001E+03   0.2294944E+02   0.1150762E+05   0.7068618E+03   0.6916946E-01   0.9818667E+00   0.5173272E+01   0.5645794E+01   0.1193583E+05   0.6224308E+01
   0.9578429E+00   0.6330931E+04   0.2221390E-01   0.1164217E+00   0.1041457E+01   0.5816012E-01   0.2815781E+01   0.3041838E+01   0.9627561E+00   0.1001005E+01   0.2615543E+03   0.3087420E+02   0.9267558E+02   0.4081162E+02   0.1725986E+01   0.4267977E+00   0.7470754E+00   0.2333127E+00   0.4930510E+01   0.9842876E+00   0.1118429E+01   0.1002439E+01   0.9026336E+00   0.9961485E+00   0.1002427E+01   0.9993821E+00   0.9867467E+00   0.6596985E+02   0.6799630E+00   0.3200370E+00   0.1392808E+00   0.6451439E-03   0.9188331E-01   0.8055617E+00   0.8320287E+00   0.4557209E+00   0.6058971E+00   0.9918045E+00   0.9856914E+02   0.2451912E+01   0.8015442E+01   0.2094370E+01   0.1864388E+01   0.1226197E+04   0.5701316E+04   0.2538474E+04   0.8218401E+03   0.2335956E+03   0.9627561E+00   0.2421965E+00   0.2435113E+00   0.2534831E+01   0.1402727E+02   0.1089573E+04   0.1466711E+03   0.1041809E+01   0.1407850E+02   0.1059132E+04   0.1494154E+03   0.1392195E+00   0.1602853E+00   0.3418623E+04   0.1027148E-01   0.8101919E+00   0.4478822E+00   0.7126029E+02   0.6565453E+03   0.8136828E+02   0.1563715E+04   0.8806994E+02   0.2024287E+04   0.9366992E+02   0.2354419E+04   0.2333088E+03   0.5860139E+04   0.4596058E+00   0.7435518E+00   0.4759285E+00   0.6581932E+00   0.4735404E+00   0.6155847E+00   0.4679222E+00   0.5855108E+00   0.2949183E+00   0.3036690E+00   0.2640989E+02   0.1043655E+03   0.2790663E+02   0.8599480E+01   0.3969849E+03   0.2321454E+02   0.1151156E+05   0.7070557E+03   0.1528155E+00   0.7194209E+00   0.6837944E+01   0.6740252E+01   0.1194036E+05   0.7710180E+01
   0.8803106E+00   0.6329588E+04   0.2241208E-01   0.1227178E+00   0.1040861E+01   0.6133574E-01   0.3289964E+01   0.3058202E+01   0.9734193E+00   0.9981268E+00   0.2480762E+03   0.4058797E+02   0.7706971E+02   0.5210517E+02   0.7780644E+00   0.4063914E+00   0.7903250E+00   0.4764310E+00   0.9134338E+01   0.8971715E+00   0.9946839E+00   0.8493011E+00   0.8255544E+00   0.9956895E+00   0.1003308E+01   0.9995063E+00   0.9996897E+00   0.6924377E+02   0.6959663E+00   0.3040337E+00   0.1457750E+00   0.6451439E-03   0.1009401E+00   0.8209598E+00   0.8264604E+00   0.4526710E+00   0.6096103E+00   0.9865782E+00   0.1004998E+03   0.2430195E+01   0.8451843E+01   0.2128925E+01   0.1883150E+01   0.1214181E+04   0.5692573E+04   0.2522266E+04   0.8082120E+03   0.2269931E+03   0.9734193E+00   0.2486208E+00   0.2499589E+00   0.2661792E+01   0.1355839E+02   0.1090340E+04   0.1425173E+03   0.1040880E+01   0.1369199E+02   0.1060429E+04   0.1451391E+03   0.1420542E+00   0.1615210E+00   0.3358163E+04   0.1041598E-01   0.8215047E+00   0.4536378E+00   0.7452677E+02   0.6266363E+03   0.8466972E+02   0.1496246E+04   0.9141905E+02   0.1939407E+04   0.9707035E+02   0.2257711E+04   0.2391897E+03   0.5662531E+04   0.4579172E+00   0.7593621E+00   0.4781813E+00   0.6739399E+00   0.4776505E+00   0.6310374E+00   0.4732193E+00   0.6006571E+00   0.3031282E+00   0.3128675E+00   0.3390267E+02   0.1089087E+03   0.3360668E+02   0.9247164E+01   0.3979728E+03   0.2247510E+02   0.1150803E+05   0.7065768E+03   0.2378020E-05   0.1747772E+01   0.3502308E+01   0.9621995E+01   0.1193773E+05   0.5250082E+01
   0.8959131E+00   0.6331052E+04   0.2261409E-01   0.1241888E+00   0.1040837E+01   0.6179209E-01   0.3383677E+01   0.3067487E+01   0.9766166E+00   0.1000022E+01   0.2781371E+03   0.4584932E+02   0.8738876E+02   0.5186203E+02   0.2870342E+01   0.4472460E+00   0.9758122E+00   0.7400732E-01   0.6128165E+01   0.1014451E+01   0.8657089E+00   0.8626575E+00   0.6466975E+00   0.9983866E+00   0.1002474E+01   0.9905752E+00   0.9896844E+00   0.6997253E+02   0.6988494E+00   0.3011506E+00   0.1474480E+00   0.6451439E-03   0.1031731E+00   0.8271570E+00   0.8287417E+00   0.4539206E+00   0.6127508E+00   0.9888357E+00   0.1008313E+03   0.2432238E+01   0.8485413E+01   0.2148784E+01   0.1898982E+01   0.1217534E+04   0.5730760E+04   0.2536259E+04   0.8124091E+03   0.2281261E+03   0.9766166E+00   0.2499028E+00   0.2512456E+00   0.2656362E+01   0.1345269E+02   0.1090299E+04   0.1415602E+03   0.1040790E+01   0.1360122E+02   0.1061077E+04   0.1441013E+03   0.1429841E+00   0.1615416E+00   0.3355994E+04   0.1047245E-01   0.8225275E+00   0.4540201E+00   0.7526571E+02   0.6202788E+03   0.8542940E+02   0.1481754E+04   0.9219709E+02   0.1921076E+04   0.9786593E+02   0.2236744E+04   0.2406561E+03   0.5618029E+04   0.4594011E+00   0.7653932E+00   0.4804807E+00   0.6796228E+00   0.4802999E+00   0.6364962E+00   0.4760782E+00   0.6059384E+00   0.3059020E+00   0.3158767E+00   0.3574798E+02   0.1107579E+03   0.3638046E+02   0.9253599E+01   0.3980367E+03   0.2225664E+02   0.1151375E+05   0.7065352E+03   0.4854884E-02   0.1965459E+01   0.3418637E+01   0.6882909E+01   0.1194330E+05   0.5388951E+01
   0.8163205E+00   0.6328899E+04   0.2261636E-01   0.1231017E+00   0.1040829E+01   0.6032266E-01   0.3357685E+01   0.3061482E+01   0.9778285E+00   0.1000001E+01   0.2582554E+03   0.3819182E+02   0.8880723E+02   0.4649805E+02   0.4291864E+01   0.4495882E+00   0.8918500E+00   0.1967985E+00   0.5718966E+01   0.1164305E+01   0.1100929E+01   0.1031068E+01   0.1037699E+01   0.9985736E+00   0.1003612E+01   0.9897032E+00   0.9951575E+00   0.7005310E+02   0.7017522E+00   0.2982478E+00   0.1463632E+00   0.6451439E-03   0.1025320E+00   0.8222026E+00   0.8197980E+00   0.4490219E+00   0.6076076E+00   0.9823476E+00   0.1012244E+03   0.2416559E+01   0.8317566E+01   0.2135919E+01   0.1893168E+01   0.1212298E+04   0.5725654E+04   0.2534449E+04   0.8127621E+03   0.2283234E+03   0.9778285E+00   0.2495709E+00   0.2509124E+00   0.2647154E+01   0.1347385E+02   0.1090181E+04   0.1419474E+03   0.1040788E+01   0.1363845E+02   0.1060963E+04   0.1444967E+03   0.1426550E+00   0.1614721E+00   0.3342348E+04   0.1041246E-01   0.8250079E+00   0.4553095E+00   0.7530082E+02   0.6197862E+03   0.8539001E+02   0.1481260E+04   0.9211262E+02   0.1920886E+04   0.9774582E+02   0.2236892E+04   0.2398675E+03   0.5626492E+04   0.4547111E+00   0.7611067E+00   0.4763175E+00   0.6761476E+00   0.4764884E+00   0.6333800E+00   0.4725333E+00   0.6030582E+00   0.3045744E+00   0.3146428E+00   0.3274486E+02   0.1093163E+03   0.3359311E+02   0.9467325E+01   0.3973873E+03   0.2190065E+02   0.1151072E+05   0.7065076E+03   0.2237950E-01   0.2193517E+01   0.3462676E+01   0.6140481E+01   0.1193947E+05   0.5678573E+01
   0.8728804E+00   0.6331681E+04   0.2245525E-01   0.1231437E+00   0.1040617E+01   0.6086399E-01   0.3341243E+01   0.3062787E+01   0.9782513E+00   0.9998014E+00   0.2655809E+03   0.5886046E+02   0.9368989E+02   0.4210425E+02   0.6853101E+00   0.5855156E+00   0.7567157E+00   0.8418034E+00   0.4751236E+01   0.9792370E+00   0.9005885E+00   0.1094441E+01   0.1032814E+01   0.9974924E+00   0.1004327E+01   0.9987164E+00   0.9970642E+00   0.6963928E+02   0.6984427E+00   0.3015573E+00   0.1462441E+00   0.6451439E-03   0.1018434E+00   0.8239763E+00   0.8261121E+00   0.4524803E+00   0.6106005E+00   0.9873874E+00   0.1007954E+03   0.2422235E+01   0.8409119E+01   0.2138708E+01   0.1893589E+01   0.1209350E+04   0.5705538E+04   0.2535623E+04   0.8131790E+03   0.2283927E+03   0.9782513E+00   0.2492974E+00   0.2506380E+00   0.2671322E+01   0.1351227E+02   0.1090370E+04   0.1421348E+03   0.1040603E+01   0.1365889E+02   0.1060581E+04   0.1447393E+03   0.1423280E+00   0.1616009E+00   0.3346707E+04   0.1041499E-01   0.8235735E+00   0.4546790E+00   0.7491071E+02   0.6232492E+03   0.8503844E+02   0.1488746E+04   0.9178150E+02   0.1930072E+04   0.9742938E+02   0.2247162E+04   0.2396571E+03   0.5642967E+04   0.4579362E+00   0.7624060E+00   0.4788366E+00   0.6769220E+00   0.4786040E+00   0.6339467E+00   0.4743623E+00   0.6034990E+00   0.3046604E+00   0.3145696E+00   0.3605638E+02   0.1077129E+03   0.3637206E+02   0.9300667E+01   0.3976761E+03   0.2179436E+02   0.1151446E+05   0.7065403E+03   0.3788066E-02   0.1891919E+01   0.3415413E+01   0.8275164E+01   0.1194324E+05   0.5311119E+01
   0.7717219E+00   0.6327557E+04   0.2232931E-01   0.1211322E+00   0.1040925E+01   0.5552346E-01   0.3199624E+01   0.3045084E+01   0.9717044E+00   0.9989215E+00   0.2095860E+03   0.3367240E+02   0.8738183E+02   0.4306302E+02   0.2989944E+01   0.5214650E+00   0.6129425E+00   0.2762209E+00   0.8904438E+01   0.9043288E+00   0.8497714E+00   0.9941495E+00   0.1086150E+01   0.9961557E+00   0.1002182E+01   0.1001994E+01   0.9940089E+00   0.6870911E+02   0.6947502E+00   0.3052498E+00   0.1441066E+00   0.6451439E-03   0.9901438E-01   0.8129680E+00   0.8200503E+00   0.4491600E+00   0.6042787E+00   0.9807680E+00   0.1003683E+03   0.2417997E+01   0.7850647E+01   0.2101181E+01   0.1880340E+01   0.1215176E+04   0.5699730E+04   0.2527686E+04   0.8112979E+03   0.2281333E+03   0.9717044E+00   0.2474138E+00   0.2487476E+00   0.2646396E+01   0.1364841E+02   0.1090220E+04   0.1434142E+03   0.1041019E+01   0.1377633E+02   0.1060047E+04   0.1460771E+03   0.1413249E+00   0.1613607E+00   0.3359003E+04   0.1035723E-01   0.8211071E+00   0.4534926E+00   0.7397378E+02   0.6314064E+03   0.8407354E+02   0.1507349E+04   0.9079228E+02   0.1953611E+04   0.9641709E+02   0.2274092E+04   0.2377778E+03   0.5700274E+04   0.4542555E+00   0.7518510E+00   0.4740562E+00   0.6671429E+00   0.4733890E+00   0.6246188E+00   0.4689038E+00   0.5945138E+00   0.2999912E+00   0.3095682E+00   0.3122051E+02   0.1076427E+03   0.3316914E+02   0.9488757E+01   0.3962710E+03   0.2241816E+02   0.1150700E+05   0.7065985E+03   0.5837343E-03   0.1677296E+01   0.3559423E+01   0.8098920E+01   0.1193518E+05   0.5237303E+01
   0.3235451E+00   0.6330648E+04   0.2252455E-01   0.1165738E+00   0.1041051E+01   0.5576355E-01   0.3006832E+01   0.3034080E+01   0.9704496E+00   0.9991857E+00   0.2353650E+03   0.3595546E+02   0.1098301E+03   0.3607532E+02   0.5912959E+01   0.8234721E+00   0.3102069E+00   0.6032521E+00   0.4540377E+01   0.8773926E+00   0.9439397E+00   0.1061117E+01   0.1315466E+01   0.9975011E+00   0.1001047E+01   0.9917550E+00   0.9855258E+00   0.6828430E+02   0.7002980E+00   0.2997020E+00   0.1397434E+00   0.6451439E-03   0.9542284E-01   0.7977134E+00   0.7973171E+00   0.4367086E+00   0.5902273E+00   0.9653536E+00   0.1010829E+03   0.2393845E+01   0.7734680E+01   0.2078185E+01   0.1858868E+01   0.1211732E+04   0.5716899E+04   0.2524340E+04   0.8151313E+03   0.2305704E+03   0.9704496E+00   0.2449277E+00   0.2462526E+00   0.2544183E+01   0.1380402E+02   0.1089390E+04   0.1454037E+03   0.1041248E+01   0.1396436E+02   0.1060009E+04   0.1480324E+03   0.1401444E+00   0.1605289E+00   0.3341574E+04   0.1017204E-01   0.8247988E+00   0.4552675E+00   0.7342465E+02   0.6357276E+03   0.8330120E+02   0.1519008E+04   0.8987990E+02   0.1969606E+04   0.9539146E+02   0.2293437E+04   0.2343315E+03   0.5764555E+04   0.4421511E+00   0.7382988E+00   0.4628057E+00   0.6557336E+00   0.4628049E+00   0.6141945E+00   0.4588526E+00   0.5847525E+00   0.2953173E+00   0.3049855E+00   0.2806612E+02   0.1083353E+03   0.3269376E+02   0.1130621E+02   0.3961392E+03   0.2215021E+02   0.1151173E+05   0.7065196E+03   0.1486259E-01   0.2116489E+01   0.3402308E+01   0.7922133E+01   0.1194132E+05   0.5533659E+01
   0.2444893E+00   0.6328505E+04   0.2233870E-01   0.1157510E+00   0.1041092E+01   0.4308527E-01   0.2886834E+01   0.3010252E+01   0.9639721E+00   0.1000790E+01   0.2243440E+03   0.5493555E+02   0.1051355E+03   0.4122107E+02   0.6033427E+01   0.7558669E+00   0.8048742E+00   0.9688232E+00   0.1543603E+01   0.8120367E+00   0.8039529E+00   0.9194458E+00   0.9682857E+00   0.9980970E+00   0.1000063E+01   0.9960979E+00   0.9950851E+00   0.6702454E+02   0.6911712E+00   0.3088288E+00   0.1387348E+00   0.6451439E-03   0.9298637E-01   0.7880296E+00   0.7995412E+00   0.4379267E+00   0.5874515E+00   0.9625552E+00   0.9992374E+02   0.2391899E+01   0.6425476E+01   0.2029251E+01   0.1861711E+01   0.1222862E+04   0.5733252E+04   0.2534472E+04   0.8189250E+03   0.2318227E+03   0.9639721E+00   0.2432280E+00   0.2445466E+00   0.2536218E+01   0.1394580E+02   0.1089428E+04   0.1463838E+03   0.1041383E+01   0.1405668E+02   0.1059437E+04   0.1490853E+03   0.1393751E+00   0.1603548E+00   0.3371958E+04   0.1018105E-01   0.8186565E+00   0.4522032E+00   0.7221813E+02   0.6470185E+03   0.8217170E+02   0.1543743E+04   0.8878775E+02   0.2000206E+04   0.9432403E+02   0.2327860E+04   0.2331900E+03   0.5824903E+04   0.4426223E+00   0.7284444E+00   0.4610427E+00   0.6459968E+00   0.4599862E+00   0.6046647E+00   0.4553585E+00   0.5754253E+00   0.2902587E+00   0.2993458E+00   0.3107632E+02   0.1055027E+03   0.3214182E+02   0.1170957E+02   0.3965706E+03   0.2270520E+02   0.1151049E+05   0.7066766E+03   0.1318780E-01   0.1407057E+01   0.3979816E+01   0.3456280E+01   0.1194148E+05   0.5400061E+01
   0.6467755E+00   0.6330032E+04   0.2229518E-01   0.1133554E+00   0.1041265E+01   0.4945508E-01   0.2736927E+01   0.3018461E+01   0.9568220E+00   0.1000777E+01   0.2121217E+03   0.3653014E+02   0.1164752E+03   0.3393402E+02   0.8710347E+01   0.8308372E+00   0.3290017E+00   0.4850740E+00   0.5806904E+00   0.9445286E+00   0.6030512E+00   0.1013757E+01   0.1153413E+01   0.9999393E+00   0.1000662E+01   0.9891125E+00   0.9838313E+00   0.6613098E+02   0.6883462E+00   0.3116538E+00   0.1362957E+00   0.6451439E-03   0.9013371E-01   0.7858458E+00   0.8009637E+00   0.4387059E+00   0.5871586E+00   0.9663508E+00   0.9959269E+02   0.2418467E+01   0.7057190E+01   0.2045978E+01   0.1853296E+01   0.1238723E+04   0.5763171E+04   0.2535284E+04   0.8200307E+03   0.2328392E+03   0.9568220E+00   0.2411335E+00   0.2424444E+00   0.2492204E+01   0.1409814E+02   0.1089119E+04   0.1478601E+03   0.1041661E+01   0.1419465E+02   0.1059017E+04   0.1505991E+03   0.1383811E+00   0.1599369E+00   0.3381946E+04   0.1010567E-01   0.8167469E+00   0.4512397E+00   0.7130048E+02   0.6555552E+03   0.8120017E+02   0.1563413E+04   0.8777616E+02   0.2025236E+04   0.9327694E+02   0.2356616E+04   0.2310440E+03   0.5888854E+04   0.4431841E+00   0.7261557E+00   0.4609419E+00   0.6436715E+00   0.4595663E+00   0.6023660E+00   0.4547320E+00   0.5731622E+00   0.2890292E+00   0.2979448E+00   0.2597039E+02   0.1046622E+03   0.2941384E+02   0.9687430E+01   0.3956664E+03   0.2415002E+02   0.1150956E+05   0.7067531E+03   0.3313893E-01   0.1217317E+01   0.4435411E+01   0.8563049E+01   0.1193906E+05   0.5685867E+01
   0.1064502E+01   0.6331157E+04   0.2199184E-01   0.1140910E+00   0.1041241E+01   0.5722859E-01   0.2729927E+01   0.3032774E+01   0.9556272E+00   0.1000648E+01   0.2707360E+03   0.4391850E+02   0.8405142E+02   0.4933182E+02   0.4054453E+01   0.6252341E+00   0.8504804E+00   0.5645537E+00   0.2842287E+01   0.1273466E+01   0.6891177E+00   0.9343422E+00   0.8494382E+00   0.9987581E+00   0.1003996E+01   0.9880164E+00   0.9891795E+00   0.6553406E+02   0.6816365E+00   0.3183635E+00   0.1367280E+00   0.6451439E-03   0.8960340E-01   0.7952746E+00   0.8192532E+00   0.4487235E+00   0.5973763E+00   0.9823892E+00   0.9881119E+02   0.2449346E+01   0.7923889E+01   0.2075472E+01   0.1851010E+01   0.1237655E+04   0.5715835E+04   0.2528316E+04   0.8164101E+03   0.2315509E+03   0.9556272E+00   0.2409080E+00   0.2422180E+00   0.2545906E+01   0.1414133E+02   0.1089557E+04   0.1479357E+03   0.1041674E+01   0.1420172E+02   0.1058369E+04   0.1507784E+03   0.1379972E+00   0.1603018E+00   0.3396056E+04   0.1014284E-01   0.8133482E+00   0.4496897E+00   0.7076423E+02   0.6610224E+03   0.8075934E+02   0.1574793E+04   0.8738867E+02   0.2038898E+04   0.9292937E+02   0.2371632E+04   0.2312101E+03   0.5907622E+04   0.4527045E+00   0.7342207E+00   0.4691953E+00   0.6501126E+00   0.4670320E+00   0.6081015E+00   0.4616167E+00   0.5784392E+00   0.2914367E+00   0.3001443E+00   0.2906157E+02   0.1052839E+03   0.3152717E+02   0.8457626E+01   0.3968210E+03   0.2442385E+02   0.1150857E+05   0.7069864E+03   0.1158582E+00   0.8201760E+00   0.6059403E+01   0.1006078E+02   0.1193827E+05   0.6995437E+01
   0.1093839E+01   0.6329043E+04   0.2208128E-01   0.1167461E+00   0.1041054E+01   0.5147583E-01   0.2853671E+01   0.3035856E+01   0.9550220E+00   0.1002780E+01   0.2512428E+03   0.4378452E+02   0.9396578E+02   0.4269413E+02   0.2398588E+01   0.5791521E+00   0.5582775E+00   0.4603393E+00   0.4777346E+01   0.1223502E+01   0.8552179E+00   0.1053159E+01   0.1210061E+01   0.9985751E+00   0.1002351E+01   0.9983788E+00   0.9995359E+00   0.6606140E+02   0.6804101E+00   0.3195899E+00   0.1394725E+00   0.6451439E-03   0.9213750E-01   0.8010496E+00   0.8267901E+00   0.4528516E+00   0.6022928E+00   0.9855655E+00   0.9861632E+02   0.2458664E+01   0.7377625E+01   0.2081879E+01   0.1878210E+01   0.1253207E+04   0.5776696E+04   0.2547647E+04   0.8195979E+03   0.2317222E+03   0.9550220E+00   0.2426657E+00   0.2439823E+00   0.2572958E+01   0.1401323E+02   0.1089807E+04   0.1464902E+03   0.1041400E+01   0.1406666E+02   0.1058865E+04   0.1492798E+03   0.1391098E+00   0.1605466E+00   0.3405473E+04   0.1025880E-01   0.8118759E+00   0.4488522E+00   0.7135321E+02   0.6556565E+03   0.8146272E+02   0.1561710E+04   0.8816609E+02   0.2021764E+04   0.9376781E+02   0.2351543E+04   0.2334831E+03   0.5854230E+04   0.4567425E+00   0.7394309E+00   0.4730757E+00   0.6545932E+00   0.4707536E+00   0.6122374E+00   0.4652025E+00   0.5823391E+00   0.2933348E+00   0.3020597E+00   0.3072306E+02   0.1075905E+03   0.3228723E+02   0.8352875E+01   0.3958071E+03   0.2513203E+02   0.1150802E+05   0.7070367E+03   0.1451875E+00   0.7194209E+00   0.6703647E+01   0.6167178E+01   0.1193731E+05   0.7568255E+01
   0.1107281E+01   0.6330589E+04   0.2205238E-01   0.1162568E+00   0.1041004E+01   0.5473376E-01   0.2859901E+01   0.3036522E+01   0.9535462E+00   0.1001975E+01   0.2674271E+03   0.4848260E+02   0.7071580E+02   0.5581454E+02   0.4288929E+01   0.6302470E+00   0.9112026E+00   0.9407794E+00   0.5115601E+01   0.1214101E+01   0.1086642E+01   0.9337096E+00   0.1177867E+01   0.9988112E+00   0.1002975E+01   0.9926235E+00   0.9914716E+00   0.6626648E+02   0.6835651E+00   0.3164349E+00   0.1389544E+00   0.6451439E-03   0.9208017E-01   0.7991111E+00   0.8207081E+00   0.4495203E+00   0.5993469E+00   0.9816580E+00   0.9901061E+02   0.2456808E+01   0.7710266E+01   0.2083266E+01   0.1867255E+01   0.1252476E+04   0.5763005E+04   0.2532846E+04   0.8135369E+03   0.2296801E+03   0.9535462E+00   0.2427393E+00   0.2440561E+00   0.2580581E+01   0.1400900E+02   0.1089806E+04   0.1466118E+03   0.1041345E+01   0.1407908E+02   0.1058788E+04   0.1494128E+03   0.1389245E+00   0.1606189E+00   0.3389848E+04   0.1021612E-01   0.8145475E+00   0.4502691E+00   0.7152426E+02   0.6538561E+03   0.8157744E+02   0.1558191E+04   0.8824818E+02   0.2017709E+04   0.9382484E+02   0.2347235E+04   0.2331424E+03   0.5852144E+04   0.4536649E+00   0.7379467E+00   0.4706606E+00   0.6536119E+00   0.4687078E+00   0.6114568E+00   0.4634160E+00   0.5816814E+00   0.2931249E+00   0.3019735E+00   0.3253956E+02   0.1075629E+03   0.3325704E+02   0.8453217E+01   0.3963006E+03   0.2538477E+02   0.1151107E+05   0.7069120E+03   0.9021261E-01   0.9265765E+00   0.5614589E+01   0.6423547E+01   0.1194121E+05   0.6631378E+01
   0.1105847E+01   0.6333876E+04   0.2229300E-01   0.1187538E+00   0.1040483E+01   0.5856755E-01   0.3033692E+01   0.3047514E+01   0.9648126E+00   0.9999996E+00   0.2310034E+03   0.2656129E+02   0.9472006E+02   0.3620403E+02   0.3240736E+01   0.6278736E+00   0.6230479E+00   0.8072459E+00   0.8436546E+01   0.7698921E+00   0.9569649E+00   0.1088087E+01   0.1141260E+01   0.9978698E+00   0.1002155E+01   0.9942963E+00   0.1004085E+01   0.6743835E+02   0.6884475E+00   0.3115525E+00   0.1416919E+00   0.6451439E-03   0.9555471E-01   0.8085566E+00   0.8239775E+00   0.4513111E+00   0.6040783E+00   0.9845934E+00   0.9951831E+02   0.2441356E+01   0.8103943E+01   0.2106292E+01   0.1873473E+01   0.1229040E+04   0.5726012E+04   0.2530137E+04   0.8135991E+03   0.2296042E+03   0.9648126E+00   0.2451993E+00   0.2465252E+00   0.2595805E+01   0.1382594E+02   0.1089897E+04   0.1448747E+03   0.1040683E+01   0.1392112E+02   0.1059666E+04   0.1475693E+03   0.1403516E+00   0.1607898E+00   0.3376155E+04   0.1029588E-01   0.8174091E+00   0.4515755E+00   0.7270958E+02   0.6428425E+03   0.8280199E+02   0.1533122E+04   0.8950618E+02   0.1986015E+04   0.9511427E+02   0.2310992E+04   0.2355776E+03   0.5775152E+04   0.4558871E+00   0.7471472E+00   0.4741760E+00   0.6622834E+00   0.4727708E+00   0.6197847E+00   0.4678039E+00   0.5897369E+00   0.2973519E+00   0.3065513E+00   0.2522219E+02   0.1058770E+03   0.2951762E+02   0.8617627E+01   0.3971211E+03   0.2343261E+02   0.1151958E+05   0.7067502E+03   0.3939597E-01   0.1156417E+01   0.4685495E+01   0.6369448E+01   0.1194875E+05   0.5881308E+01
   0.4730161E+00   0.6336585E+04   0.2234544E-01   0.1176556E+00   0.1040672E+01   0.4491371E-01   0.2898645E+01   0.3009014E+01   0.9549408E+00   0.9971420E+00   0.2357287E+03   0.3577763E+02   0.1280728E+03   0.2540638E+02   0.3288668E+01   0.7231568E+00   0.4340014E-01   0.1432443E+00   0.6013434E+01   0.8987245E+00   0.1084294E+01   0.1035064E+01   0.1022257E+01   0.9973078E+00   0.9987011E+00   0.9929904E+00   0.9810561E+00   0.6635437E+02   0.6805602E+00   0.3194398E+00   0.1406462E+00   0.6451439E-03   0.9332491E-01   0.7905652E+00   0.8157772E+00   0.4468196E+00   0.5943400E+00   0.9705165E+00   0.9853455E+02   0.2426062E+01   0.6648254E+01   0.2026740E+01   0.1852621E+01   0.1235369E+04   0.5710612E+04   0.2508283E+04   0.8072231E+03   0.2281138E+03   0.9549408E+00   0.2433925E+00   0.2447117E+00   0.2539059E+01   0.1395321E+02   0.1089599E+04   0.1458096E+03   0.1040956E+01   0.1400728E+02   0.1059589E+04   0.1484975E+03   0.1399450E+00   0.1602651E+00   0.3413114E+04   0.1031361E-01   0.8109840E+00   0.4481828E+00   0.7166723E+02   0.6527726E+03   0.8181740E+02   0.1554877E+04   0.8854795E+02   0.2012943E+04   0.9417249E+02   0.2341302E+04   0.2344678E+03   0.5829143E+04   0.4506647E+00   0.7297662E+00   0.4668155E+00   0.6460512E+00   0.4645402E+00   0.6042536E+00   0.4590728E+00   0.5747486E+00   0.2895078E+00   0.2981299E+00   0.2975661E+02   0.1072122E+03   0.3322332E+02   0.1003582E+02   0.3960399E+03   0.2469356E+02   0.1152198E+05   0.7070304E+03   0.1597154E+00   0.6715329E+00   0.7168210E+01   0.5387946E+01   0.1195275E+05   0.7999458E+01
   0.9918395E+00   0.6336666E+04   0.2244782E-01   0.1210258E+00   0.1040257E+01   0.5093357E-01   0.3133496E+01   0.3035510E+01   0.9607042E+00   0.9983797E+00   0.2298533E+03   0.4990630E+02   0.7976608E+02   0.5574715E+02   0.5741828E+01   0.8419023E+00   0.5910602E+00   0.5576873E+00   0.3862110E+01   0.1092212E+01   0.8618151E+00   0.7493811E+00   0.9215711E+00   0.9987055E+00   0.1000297E+01   0.9992503E+00   0.9956741E+00   0.6785217E+02   0.6869649E+00   0.3130351E+00   0.1441188E+00   0.6451439E-03   0.9778773E-01   0.8060914E+00   0.8234177E+00   0.4510045E+00   0.6029517E+00   0.9785937E+00   0.9926697E+02   0.2439177E+01   0.7341003E+01   0.2081159E+01   0.1879598E+01   0.1239926E+04   0.5751338E+04   0.2522526E+04   0.8078225E+03   0.2271909E+03   0.9607042E+00   0.2465887E+00   0.2479196E+00   0.2601290E+01   0.1372318E+02   0.1089998E+04   0.1436757E+03   0.1040382E+01   0.1380990E+02   0.1060276E+04   0.1462989E+03   0.1414316E+00   0.1608470E+00   0.3388771E+04   0.1040345E-01   0.8154716E+00   0.4504457E+00   0.7318118E+02   0.6388060E+03   0.8337777E+02   0.1523142E+04   0.9014890E+02   0.1972856E+04   0.9581192E+02   0.2295491E+04   0.2375405E+03   0.5732386E+04   0.4554253E+00   0.7447219E+00   0.4733262E+00   0.6599715E+00   0.4717516E+00   0.6175537E+00   0.4666817E+00   0.5875721E+00   0.2961858E+00   0.3052945E+00   0.3446284E+02   0.1066763E+03   0.3566818E+02   0.8790145E+01   0.3957452E+03   0.2456142E+02   0.1152632E+05   0.7067952E+03   0.6285796E-01   0.1038582E+01   0.5294260E+01   0.4722732E+01   0.1195542E+05   0.6395700E+01
   0.8765104E+00   0.6333459E+04   0.2236047E-01   0.1194484E+00   0.1040738E+01   0.5199960E-01   0.3120336E+01   0.3038254E+01   0.9688479E+00   0.9994521E+00   0.2392791E+03   0.3886263E+02   0.1070436E+03   0.3586735E+02   0.7049690E+01   0.7768819E+00   0.5875510E+00   0.4644515E+00   0.2925014E+01   0.5214104E+00   0.6761608E+00   0.9960247E+00   0.9043167E+00   0.9988384E+00   0.9998287E+00   0.1004142E+01   0.9968080E+00   0.6834290E+02   0.6950083E+00   0.3049917E+00   0.1424540E+00   0.6451439E-03   0.9735722E-01   0.8057410E+00   0.8124167E+00   0.4449790E+00   0.5987803E+00   0.9746502E+00   0.1003787E+03   0.2412768E+01   0.7447815E+01   0.2086877E+01   0.1880747E+01   0.1223530E+04   0.5738122E+04   0.2536080E+04   0.8149012E+03   0.2294660E+03   0.9688479E+00   0.2463814E+00   0.2477115E+00   0.2612994E+01   0.1372480E+02   0.1089956E+04   0.1442104E+03   0.1040870E+01   0.1385479E+02   0.1059933E+04   0.1468752E+03   0.1408029E+00   0.1610418E+00   0.3355300E+04   0.1029173E-01   0.8216534E+00   0.4537473E+00   0.7357524E+02   0.6348080E+03   0.8361369E+02   0.1515532E+04   0.9029204E+02   0.1964257E+04   0.9588323E+02   0.2286518E+04   0.2364188E+03   0.5732146E+04   0.4500581E+00   0.7451947E+00   0.4697423E+00   0.6612670E+00   0.4691124E+00   0.6191304E+00   0.4646886E+00   0.5892981E+00   0.2973808E+00   0.3068803E+00   0.2853898E+02   0.1041047E+03   0.3171046E+02   0.9238924E+01   0.3957768E+03   0.2286504E+02   0.1151570E+05   0.7065937E+03   0.5035842E-03   0.1677296E+01   0.3571686E+01   0.1149755E+02   0.1194358E+05   0.5249486E+01
   0.8164539E+00   0.6328208E+04   0.2212655E-01   0.1142381E+00   0.1041400E+01   0.5242093E-01   0.2778311E+01   0.3030743E+01   0.9614905E+00   0.1004079E+01   0.2277707E+03   0.4421846E+02   0.1020688E+03   0.3927639E+02   0.3535338E+01   0.6570344E+00   0.5807451E+00   0.8517882E+00   0.5500401E+01   0.1064402E+01   0.6329122E+00   0.9313948E+00   0.8840309E+00   0.9976082E+00   0.1001167E+01   0.9914616E+00   0.9886654E+00   0.6621521E+02   0.6875100E+00   0.3124900E+00   0.1370098E+00   0.6451439E-03   0.9072132E-01   0.7947220E+00   0.8110967E+00   0.4442560E+00   0.5941885E+00   0.9766441E+00   0.9953506E+02   0.2426362E+01   0.7417297E+01   0.2071263E+01   0.1865103E+01   0.1232780E+04   0.5747899E+04   0.2548470E+04   0.8243914E+03   0.2339366E+03   0.9614905E+00   0.2416409E+00   0.2429536E+00   0.2537973E+01   0.1406970E+02   0.1089449E+04   0.1475307E+03   0.1041785E+01   0.1416135E+02   0.1058750E+04   0.1503205E+03   0.1383723E+00   0.1603231E+00   0.3380156E+04   0.1012955E-01   0.8167375E+00   0.4513653E+00   0.7140355E+02   0.6546716E+03   0.8133933E+02   0.1561097E+04   0.8793802E+02   0.2022100E+04   0.9345719E+02   0.2352855E+04   0.2316228E+03   0.5877073E+04   0.4487216E+00   0.7342748E+00   0.4664922E+00   0.6507771E+00   0.4650028E+00   0.6089778E+00   0.4600470E+00   0.5794300E+00   0.2921526E+00   0.3011309E+00   0.2923803E+02   0.1061972E+03   0.2997403E+02   0.9196346E+01   0.3958151E+03   0.2309106E+02   0.1150664E+05   0.7067782E+03   0.3737068E-01   0.1217317E+01   0.4472287E+01   0.9167415E+01   0.1193474E+05   0.5726975E+01
   0.7981805E+00   0.6337847E+04   0.2212131E-01   0.1138753E+00   0.1041389E+01   0.4889305E-01   0.2731121E+01   0.3023825E+01   0.9543390E+00   0.1004683E+01   0.2030535E+03   0.3394236E+02   0.1011590E+03   0.4503732E+02   0.7298898E+01   0.7982554E+00   0.5061340E+00   0.3973423E+00   0.2233054E+01   0.1652777E+01   0.1019817E+01   0.8536284E+00   0.1112791E+01   0.9998838E+00   0.9997782E+00   0.9874899E+00   0.9840530E+00   0.6577576E+02   0.6841711E+00   0.3158289E+00   0.1366418E+00   0.6451439E-03   0.8987717E-01   0.7901331E+00   0.8107100E+00   0.4440442E+00   0.5923293E+00   0.9742431E+00   0.9911188E+02   0.2437229E+01   0.7041931E+01   0.2056982E+01   0.1865359E+01   0.1250125E+04   0.5784267E+04   0.2548289E+04   0.8228113E+03   0.2333626E+03   0.9543390E+00   0.2409795E+00   0.2422898E+00   0.2522343E+01   0.1412093E+02   0.1089378E+04   0.1478857E+03   0.1041812E+01   0.1419505E+02   0.1058674E+04   0.1506815E+03   0.1381888E+00   0.1601549E+00   0.3393336E+04   0.1013557E-01   0.8143146E+00   0.4501020E+00   0.7098723E+02   0.6587559E+03   0.8094891E+02   0.1570023E+04   0.8755988E+02   0.2033132E+04   0.9308701E+02   0.2365259E+04   0.2312125E+03   0.5898833E+04   0.4481904E+00   0.7297186E+00   0.4651366E+00   0.6463932E+00   0.4632790E+00   0.6047325E+00   0.4580962E+00   0.5753024E+00   0.2899507E+00   0.2987204E+00   0.2799485E+02   0.1066576E+03   0.3153647E+02   0.9130059E+01   0.3956627E+03   0.2448399E+02   0.1151492E+05   0.7068898E+03   0.7750805E-01   0.9818667E+00   0.5318483E+01   0.1823087E+02   0.1194420E+05   0.6377858E+01
   0.7552319E+00   0.6337664E+04   0.2223584E-01   0.1167185E+00   0.1041232E+01   0.5832108E-01   0.2816277E+01   0.3048848E+01   0.9515603E+00   0.1001762E+01   0.2589615E+03   0.3199308E+02   0.7754806E+02   0.4753954E+02   0.2033863E+01   0.6208010E+00   0.5458713E+00   0.9116112E+00   0.9889683E+01   0.7161952E+00   0.5538531E+00   0.7472548E+00   0.7646341E+00   0.1000121E+01   0.1000950E+01   0.9925356E+00   0.9903184E+00   0.6581238E+02   0.6776938E+00   0.3223062E+00   0.1395995E+00   0.6451439E-03   0.9187375E-01   0.8057744E+00   0.8351936E+00   0.4574544E+00   0.6071285E+00   0.9932525E+00   0.9826171E+02   0.2486711E+01   0.8030701E+01   0.2109104E+01   0.1876899E+01   0.1263690E+04   0.5795736E+04   0.2545670E+04   0.8194137E+03   0.2322440E+03   0.9515603E+00   0.2422126E+00   0.2435275E+00   0.2530900E+01   0.1403268E+02   0.1089572E+04   0.1465715E+03   0.1041577E+01   0.1407208E+02   0.1059208E+04   0.1493058E+03   0.1393463E+00   0.1602124E+00   0.3426249E+04   0.1029474E-01   0.8087300E+00   0.4470966E+00   0.7112734E+02   0.6579395E+03   0.8127358E+02   0.1566483E+04   0.8799722E+02   0.2027514E+04   0.9361399E+02   0.2357880E+04   0.2335099E+03   0.5862620E+04   0.4611387E+00   0.7435292E+00   0.4769585E+00   0.6579353E+00   0.4743085E+00   0.6152457E+00   0.4685127E+00   0.5851281E+00   0.2946391E+00   0.3032899E+00   0.2745545E+02   0.1034656E+03   0.2904567E+02   0.8973796E+01   0.3973714E+03   0.2652673E+02   0.1151406E+05   0.7071567E+03   0.2060562E+00   0.5804309E+00   0.7912063E+01   0.1254666E+02   0.1194693E+05   0.8698550E+01
   0.1167479E+01   0.6335101E+04   0.2260968E-01   0.1215643E+00   0.1040437E+01   0.5491159E-01   0.3234035E+01   0.3054185E+01   0.9673357E+00   0.1001850E+01   0.2230158E+03   0.3328810E+02   0.9948732E+02   0.4285483E+02   0.6213070E+01   0.8199623E+00   0.2725239E+00   0.3910285E+00   0.5618740E+01   0.1059860E+01   0.1165992E+01   0.9160649E+00   0.1341088E+01   0.9992157E+00   0.1000487E+01   0.9914770E+00   0.9969917E+00   0.6902405E+02   0.6960341E+00   0.3039659E+00   0.1448191E+00   0.6451439E-03   0.9995999E-01   0.8140961E+00   0.8194595E+00   0.4488365E+00   0.6044800E+00   0.9798858E+00   0.1004241E+03   0.2435218E+01   0.7737732E+01   0.2120390E+01   0.1899854E+01   0.1241057E+04   0.5805006E+04   0.2546723E+04   0.8157057E+03   0.2293434E+03   0.9673357E+00   0.2479686E+00   0.2493044E+00   0.2606517E+01   0.1360198E+02   0.1089938E+04   0.1429271E+03   0.1040483E+01   0.1373662E+02   0.1060734E+04   0.1454915E+03   0.1420396E+00   0.1610129E+00   0.3360475E+04   0.1038519E-01   0.8212637E+00   0.4533516E+00   0.7429367E+02   0.6285946E+03   0.8440190E+02   0.1500948E+04   0.9112830E+02   0.1945520E+04   0.9676048E+02   0.2264841E+04   0.2384076E+03   0.5680723E+04   0.4540205E+00   0.7530255E+00   0.4741411E+00   0.6683296E+00   0.4736285E+00   0.6257899E+00   0.4692437E+00   0.5956658E+00   0.3006197E+00   0.3102803E+00   0.3053149E+02   0.1082308E+03   0.3364837E+02   0.8683651E+01   0.3961652E+03   0.2368795E+02   0.1152089E+05   0.7065757E+03   0.1964409E-03   0.1677296E+01   0.3612019E+01   0.8907860E+01   0.1194943E+05   0.5289512E+01
   0.1013054E+01   0.6333960E+04   0.2250905E-01   0.1222579E+00   0.1040578E+01   0.4985153E-01   0.3228662E+01   0.3046619E+01   0.9652016E+00   0.1003363E+01   0.3070182E+03   0.5368960E+02   0.9035056E+02   0.5398463E+02   0.5367729E+01   0.8078817E+00   0.4898831E+00   0.2534867E+00   0.1664522E+01   0.1009446E+01   0.9357014E+00   0.7707155E+00   0.1000847E+01   0.9980929E+00   0.1000105E+01   0.9954471E+00   0.9930616E+00   0.6867981E+02   0.6917222E+00   0.3082778E+00   0.1454121E+00   0.6451439E-03   0.9986873E-01   0.8133514E+00   0.8244963E+00   0.4515952E+00   0.6060575E+00   0.9814399E+00   0.9989495E+02   0.2438191E+01   0.7246399E+01   0.2104408E+01   0.1904713E+01   0.1245304E+04   0.5804378E+04   0.2549952E+04   0.8159881E+03   0.2292211E+03   0.9652016E+00   0.2478605E+00   0.2491959E+00   0.2622858E+01   0.1361649E+02   0.1090117E+04   0.1428550E+03   0.1040626E+01   0.1372780E+02   0.1060543E+04   0.1454502E+03   0.1420272E+00   0.1611304E+00   0.3376677E+04   0.1043157E-01   0.8181371E+00   0.4518003E+00   0.7399255E+02   0.6314629E+03   0.8417597E+02   0.1506760E+04   0.9094565E+02   0.1952373E+04   0.9661090E+02   0.2272262E+04   0.2387539E+03   0.5687296E+04   0.4564466E+00   0.7519001E+00   0.4755742E+00   0.6668495E+00   0.4745454E+00   0.6242037E+00   0.4698113E+00   0.5940318E+00   0.2996181E+00   0.3090494E+00   0.3628580E+02   0.1081154E+03   0.3757910E+02   0.8879844E+01   0.3957559E+03   0.2380529E+02   0.1152288E+05   0.7066632E+03   0.1501745E-01   0.1407057E+01   0.4134066E+01   0.4376256E+01   0.1195132E+05   0.5556141E+01
   0.5147499E+00   0.6337577E+04   0.2245032E-01   0.1178485E+00   0.1041576E+01   0.5609887E-01   0.3051402E+01   0.3040530E+01   0.9688478E+00   0.1000200E+01   0.2582980E+03   0.4354989E+02   0.1065425E+03   0.3475584E+02   0.4087981E+01   0.8476232E+00   0.3364256E+00   0.9327384E+00   0.8888968E+01   0.9967638E+00   0.7465456E+00   0.1098675E+01   0.1190972E+01   0.9982575E+00   0.1002032E+01   0.1005580E+01   0.9990244E+00   0.6846375E+02   0.6993057E+00   0.3006943E+00   0.1409440E+00   0.6451439E-03   0.9649553E-01   0.8036469E+00   0.8045763E+00   0.4406846E+00   0.5951091E+00   0.9712587E+00   0.1010154E+03   0.2408808E+01   0.7810974E+01   0.2091633E+01   0.1869643E+01   0.1220919E+04   0.5732889E+04   0.2530983E+04   0.8152383E+03   0.2301781E+03   0.9688478E+00   0.2454987E+00   0.2468256E+00   0.2572590E+01   0.1375502E+02   0.1089636E+04   0.1449009E+03   0.1041749E+01   0.1390939E+02   0.1059971E+04   0.1475459E+03   0.1404270E+00   0.1608390E+00   0.3350266E+04   0.1022911E-01   0.8234385E+00   0.4546288E+00   0.7363520E+02   0.6339806E+03   0.8356644E+02   0.1514596E+04   0.9018006E+02   0.1963728E+04   0.9572016E+02   0.2286465E+04   0.2353031E+03   0.5744219E+04   0.4460793E+00   0.7436904E+00   0.4666689E+00   0.6604111E+00   0.4665510E+00   0.6185291E+00   0.4624887E+00   0.5888502E+00   0.2973384E+00   0.3070308E+00   0.3208488E+02   0.1103964E+03   0.3713199E+02   0.1036723E+02   0.3962931E+03   0.2263649E+02   0.1152537E+05   0.7065299E+03   0.1201676E-01   0.2040338E+01   0.3363636E+01   0.8545969E+01   0.1195466E+05   0.5415990E+01
   0.6667965E+00   0.6330154E+04   0.2241186E-01   0.1190897E+00   0.1041465E+01   0.5711532E-01   0.3101530E+01   0.3044838E+01   0.9709627E+00   0.9999890E+00   0.2850170E+03   0.5750265E+02   0.9040884E+02   0.4990423E+02   0.4858454E+01   0.6637266E+00   0.9297155E+00   0.5328549E+00   0.5977350E+00   0.1117662E+01   0.1131237E+01   0.9358590E+00   0.9245976E+00   0.9983927E+00   0.1001718E+01   0.1002169E+01   0.9926631E+00   0.6854065E+02   0.6974198E+00   0.3025802E+00   0.1421467E+00   0.6451439E-03   0.9742830E-01   0.8088466E+00   0.8123174E+00   0.4449246E+00   0.5998965E+00   0.9769944E+00   0.1007595E+03   0.2413978E+01   0.7948303E+01   0.2100663E+01   0.1873901E+01   0.1216469E+04   0.5714235E+04   0.2531115E+04   0.8148565E+03   0.2298923E+03   0.9709627E+00   0.2461519E+00   0.2474812E+00   0.2596874E+01   0.1371546E+02   0.1089842E+04   0.1443572E+03   0.1041618E+01   0.1385894E+02   0.1060009E+04   0.1470069E+03   0.1407746E+00   0.1610258E+00   0.3356419E+04   0.1028229E-01   0.8221615E+00   0.4539909E+00   0.7375037E+02   0.6331256E+03   0.8374751E+02   0.1512101E+04   0.9040212E+02   0.1960195E+04   0.9597520E+02   0.2282106E+04   0.2362429E+03   0.5727941E+04   0.4501970E+00   0.7483118E+00   0.4705005E+00   0.6643038E+00   0.4701576E+00   0.6220866E+00   0.4659151E+00   0.5921820E+00   0.2989366E+00   0.3085971E+00   0.3516249E+02   0.1066082E+03   0.3538813E+02   0.9825461E+01   0.3965456E+03   0.2235902E+02   0.1151707E+05   0.7065541E+03   0.3299624E-02   0.1891919E+01   0.3362466E+01   0.2693348E+01   0.1194580E+05   0.5257684E+01
   0.5321989E+00   0.6333646E+04   0.2257821E-01   0.1190969E+00   0.1041116E+01   0.5909971E-01   0.3183435E+01   0.3049620E+01   0.9798639E+00   0.9992607E+00   0.1766917E+03   0.3872824E+02   0.1044943E+03   0.3917909E+02   0.7625802E+01   0.7953603E+00   0.9085076E+00   0.7813469E+00   0.2683692E+01   0.1405763E+01   0.1081119E+01   0.1007689E+01   0.9330522E+00   0.9971795E+00   0.1002177E+01   0.9989113E+00   0.9971735E+00   0.6951843E+02   0.7055127E+00   0.2944873E+00   0.1423202E+00   0.6451439E-03   0.9893878E-01   0.8100460E+00   0.8025689E+00   0.4395851E+00   0.5967279E+00   0.9715377E+00   0.1017832E+03   0.2388324E+01   0.8116150E+01   0.2110732E+01   0.1875426E+01   0.1199732E+04   0.5707083E+04   0.2535041E+04   0.8177975E+03   0.2308027E+03   0.9798639E+00   0.2472944E+00   0.2486278E+00   0.2594990E+01   0.1362542E+02   0.1089714E+04   0.1438231E+03   0.1041199E+01   0.1381322E+02   0.1060467E+04   0.1464118E+03   0.1412176E+00   0.1610521E+00   0.3324244E+04   0.1023917E-01   0.8283565E+00   0.4570855E+00   0.7466494E+02   0.6247951E+03   0.8456543E+02   0.1494138E+04   0.9116815E+02   0.1938185E+04   0.9670367E+02   0.2257532E+04   0.2366610E+03   0.5689268E+04   0.4454756E+00   0.7502435E+00   0.4676080E+00   0.6669326E+00   0.4682331E+00   0.6249312E+00   0.4646517E+00   0.5951283E+00   0.3007542E+00   0.3108671E+00   0.2784066E+02   0.1061088E+03   0.3185393E+02   0.1033727E+02   0.3968239E+03   0.2127555E+02   0.1151492E+05   0.7064932E+03   0.7063536E-01   0.2591366E+01   0.3879255E+01   0.1090015E+02   0.1194336E+05   0.6541256E+01
   0.1241679E+00   0.6331300E+04   0.2254372E-01   0.1147367E+00   0.1041617E+01   0.4828780E-01   0.2855478E+01   0.3013198E+01   0.9667203E+00   0.9990131E+00   0.2552137E+03   0.2726758E+02   0.1000273E+03   0.3452723E+02   0.1628983E+00   0.6189829E+00   0.2347171E+00   0.8171588E+00   0.8546800E+01   0.1178944E+01   0.9677992E+00   0.9331035E+00   0.8680155E+00   0.9972464E+00   0.1000680E+01   0.1001468E+01   0.9838038E+00   0.6735779E+02   0.6960031E+00   0.3039969E+00   0.1379256E+00   0.6451439E-03   0.9290362E-01   0.7869952E+00   0.7922204E+00   0.4339170E+00   0.5843720E+00   0.9589107E+00   0.1005623E+03   0.2382582E+01   0.6922913E+01   0.2035238E+01   0.1847877E+01   0.1211759E+04   0.5710061E+04   0.2523345E+04   0.8179963E+03   0.2322971E+03   0.9667203E+00   0.2428756E+00   0.2441929E+00   0.2489039E+01   0.1393844E+02   0.1089056E+04   0.1466596E+03   0.1041902E+01   0.1407615E+02   0.1059818E+04   0.1492957E+03   0.1394313E+00   0.1600685E+00   0.3366677E+04   0.1014323E-01   0.8205730E+00   0.4530605E+00   0.7249730E+02   0.6441747E+03   0.8236277E+02   0.1538135E+04   0.8892752E+02   0.1993711E+04   0.9442431E+02   0.2320934E+04   0.2326613E+03   0.5821240E+04   0.4389862E+00   0.7279579E+00   0.4584321E+00   0.6460836E+00   0.4579332E+00   0.6049617E+00   0.4536918E+00   0.5758418E+00   0.2906614E+00   0.2999718E+00   0.2570887E+02   0.1036534E+03   0.2878391E+02   0.1316510E+02   0.3957732E+03   0.2222611E+02   0.1151543E+05   0.7065762E+03   0.2473149E-03   0.1747772E+01   0.3428614E+01   0.4255360E+01   0.1194659E+05   0.5176633E+01
   0.9350542E+00   0.6334436E+04   0.2252746E-01   0.1212923E+00   0.1040276E+01   0.5180190E-01   0.3178761E+01   0.3038146E+01   0.9688769E+00   0.9979413E+00   0.2232017E+03   0.3285789E+02   0.1103487E+03   0.3029350E+02   0.5304842E+01   0.7638664E+00   0.7042753E-01   0.4127770E+00   0.7249849E+01   0.7711561E+00   0.6396535E+00   0.1026831E+01   0.1046677E+01   0.9979793E+00   0.1001820E+01   0.1003369E+01   0.9922528E+00   0.6835754E+02   0.6908357E+00   0.3091643E+00   0.1444649E+00   0.6451439E-03   0.9875265E-01   0.8090002E+00   0.8212638E+00   0.4498247E+00   0.6032481E+00   0.9784878E+00   0.9974725E+02   0.2420500E+01   0.7423401E+01   0.2086653E+01   0.1881290E+01   0.1221648E+04   0.5725150E+04   0.2527758E+04   0.8119144E+03   0.2286523E+03   0.9688769E+00   0.2472142E+00   0.2485473E+00   0.2602480E+01   0.1366966E+02   0.1089965E+04   0.1433262E+03   0.1040362E+01   0.1377657E+02   0.1060505E+04   0.1459199E+03   0.1417253E+00   0.1609019E+00   0.3376662E+04   0.1039737E-01   0.8179228E+00   0.4516665E+00   0.7366001E+02   0.6343773E+03   0.8382125E+02   0.1513502E+04   0.9057481E+02   0.1960970E+04   0.9622592E+02   0.2282153E+04   0.2379468E+03   0.5709605E+04   0.4545854E+00   0.7477903E+00   0.4734134E+00   0.6631088E+00   0.4722860E+00   0.6206626E+00   0.4675061E+00   0.5906373E+00   0.2978782E+00   0.3072110E+00   0.2862424E+02   0.1049231E+03   0.3078831E+02   0.9018279E+01   0.3957608E+03   0.2296880E+02   0.1151708E+05   0.7066850E+03   0.2353143E-01   0.1279349E+01   0.4397031E+01   0.1165602E+02   0.1194483E+05   0.5699912E+01
   0.8042423E+00   0.6337059E+04   0.2288146E-01   0.1269549E+00   0.1039542E+01   0.5378619E-01   0.3557806E+01   0.3065575E+01   0.9821467E+00   0.1004239E+01   0.2289762E+03   0.4179949E+02   0.9276855E+02   0.4522324E+02   0.3410746E+01   0.6783632E+00   0.5999849E+00   0.5992737E+00   0.9383637E+01   0.9431370E+00   0.6645141E+00   0.8535295E+00   0.8854867E+00   0.9979474E+00   0.1000648E+01   0.1003738E+01   0.9985678E+00   0.7078552E+02   0.6996730E+00   0.3003270E+00   0.1504815E+00   0.6451439E-03   0.1065191E+00   0.8298667E+00   0.8303188E+00   0.4547844E+00   0.6143374E+00   0.9863616E+00   0.1007484E+03   0.2418256E+01   0.7682800E+01   0.2144680E+01   0.1925947E+01   0.1218318E+04   0.5787055E+04   0.2558831E+04   0.8186814E+03   0.2294365E+03   0.9821467E+00   0.2522151E+00   0.2535661E+00   0.2664043E+01   0.1330856E+02   0.1090362E+04   0.1398949E+03   0.1039358E+01   0.1345975E+02   0.1061993E+04   0.1423291E+03   0.1445020E+00   0.1615247E+00   0.3350419E+04   0.1057131E-01   0.8234000E+00   0.4542446E+00   0.7612381E+02   0.6132307E+03   0.8638110E+02   0.1465105E+04   0.9321240E+02   0.1899614E+04   0.9893512E+02   0.2211857E+04   0.2431470E+03   0.5557739E+04   0.4603442E+00   0.7679812E+00   0.4816724E+00   0.6820094E+00   0.4815876E+00   0.6387680E+00   0.4774186E+00   0.6081238E+00   0.3070172E+00   0.3170799E+00   0.3337742E+02   0.1097060E+03   0.3577475E+02   0.9478777E+01   0.3959375E+03   0.2148379E+02   0.1152423E+05   0.7065259E+03   0.2354200E-02   0.1891919E+01   0.3562507E+01   0.1100161E+02   0.1195113E+05   0.5456780E+01
   0.1084166E+01   0.6336360E+04   0.2288402E-01   0.1185742E+00   0.1040881E+01   0.5681092E-01   0.3048490E+01   0.3046637E+01   0.9716755E+00   0.1000461E+01   0.1791184E+03   0.2241398E+02   0.1156552E+03   0.3701014E+02   0.9085791E+01   0.7619911E+00   0.5899047E+00   0.1233000E+00   0.7059913E-01   0.9079329E+00   0.9187388E+00   0.8623427E+00   0.8571457E+00   0.9976912E+00   0.9999373E+00   0.9912411E+00   0.9887479E+00   0.6829895E+02   0.6953675E+00   0.3046325E+00   0.1421034E+00   0.6451439E-03   0.9705510E-01   0.8070965E+00   0.8133041E+00   0.4454650E+00   0.5996109E+00   0.9766039E+00   0.1003229E+03   0.2416990E+01   0.7795715E+01   0.2104445E+01   0.1878418E+01   0.1219918E+04   0.5762802E+04   0.2542843E+04   0.8226749E+03   0.2334705E+03   0.9716755E+00   0.2456269E+00   0.2469543E+00   0.2494443E+01   0.1373821E+02   0.1089166E+04   0.1443945E+03   0.1041011E+01   0.1387060E+02   0.1061001E+04   0.1468879E+03   0.1414566E+00   0.1601148E+00   0.3379280E+04   0.1031565E-01   0.8188136E+00   0.4518759E+00   0.7352195E+02   0.6352421E+03   0.8354353E+02   0.1516655E+04   0.9021120E+02   0.1965770E+04   0.9579371E+02   0.2288326E+04   0.2361384E+03   0.5737694E+04   0.4505833E+00   0.7464846E+00   0.4703813E+00   0.6624518E+00   0.4697932E+00   0.6202563E+00   0.4653912E+00   0.5903802E+00   0.2979452E+00   0.3074758E+00   0.2348355E+02   0.1037005E+03   0.2751218E+02   0.8820229E+01   0.3963406E+03   0.2235648E+02   0.1152716E+05   0.7065872E+03   0.1278540E-02   0.1607985E+01   0.3705755E+01   0.6135674E+01   0.1195468E+05   0.5315019E+01
   0.1199960E+01   0.6332594E+04   0.2269070E-01   0.1172382E+00   0.1041011E+01   0.5805981E-01   0.2922729E+01   0.3045456E+01   0.9655360E+00   0.1000762E+01   0.2544140E+03   0.3407626E+02   0.1037888E+03   0.3728904E+02   0.3950736E+01   0.6658127E+00   0.5998065E+00   0.6352202E+00   0.2208835E+01   0.1133738E+01   0.1020874E+01   0.9650736E+00   0.9914012E+00   0.9976675E+00   0.1001434E+01   0.9869298E+00   0.9751105E+00   0.6717834E+02   0.6885083E+00   0.3114917E+00   0.1405740E+00   0.6451439E-03   0.9443531E-01   0.8049276E+00   0.8201994E+00   0.4492417E+00   0.6013377E+00   0.9820694E+00   0.9948912E+02   0.2437538E+01   0.7923889E+01   0.2101961E+01   0.1871520E+01   0.1229060E+04   0.5757506E+04   0.2540798E+04   0.8223816E+03   0.2337536E+03   0.9655360E+00   0.2438467E+00   0.2451676E+00   0.2486748E+01   0.1388059E+02   0.1089164E+04   0.1455288E+03   0.1041232E+01   0.1397659E+02   0.1060390E+04   0.1480970E+03   0.1405260E+00   0.1599528E+00   0.3400136E+04   0.1029134E-01   0.8145236E+00   0.4497837E+00   0.7242483E+02   0.6453679E+03   0.8247699E+02   0.1539152E+04   0.8915447E+02   0.1993830E+04   0.9474024E+02   0.2320090E+04   0.2346464E+03   0.5797967E+04   0.4538308E+00   0.7437976E+00   0.4720452E+00   0.6593185E+00   0.4706502E+00   0.6170120E+00   0.4657081E+00   0.5870998E+00   0.2960323E+00   0.3051861E+00   0.2418844E+02   0.1027188E+03   0.2707701E+02   0.8456086E+01   0.3967795E+03   0.2318088E+02   0.1151948E+05   0.7067483E+03   0.4255020E-01   0.1156417E+01   0.4806830E+01   0.4537994E+01   0.1194790E+05   0.6005797E+01
   0.1373803E+01   0.6336283E+04   0.2249241E-01   0.1157807E+00   0.1040831E+01   0.6787952E-01   0.2861705E+01   0.3056794E+01   0.9591327E+00   0.9992807E+00   0.2150389E+03   0.2932479E+02   0.9813025E+02   0.3953479E+02   0.2421924E+01   0.8398138E+00   0.2649454E+00   0.4227493E+00   0.5768453E+01   0.1348589E+01   0.8771435E+00   0.8994539E+00   0.9053632E+00   0.9971647E+00   0.9997219E+00   0.9941345E+00   0.9879191E+00   0.6675354E+02   0.6882469E+00   0.3117531E+00   0.1389183E+00   0.6451439E-03   0.9273287E-01   0.8050946E+00   0.8207137E+00   0.4495234E+00   0.6015886E+00   0.9853937E+00   0.9948521E+02   0.2462522E+01   0.8876038E+01   0.2125929E+01   0.1856049E+01   0.1239529E+04   0.5748306E+04   0.2522840E+04   0.8142331E+03   0.2311290E+03   0.9591327E+00   0.2429436E+00   0.2442612E+00   0.2499979E+01   0.1396517E+02   0.1089218E+04   0.1463860E+03   0.1041121E+01   0.1406041E+02   0.1059780E+04   0.1490336E+03   0.1396418E+00   0.1600060E+00   0.3388121E+04   0.1021219E-01   0.8159434E+00   0.4506658E+00   0.7197558E+02   0.6494119E+03   0.8197099E+02   0.1548744E+04   0.8861045E+02   0.2006221E+04   0.9416426E+02   0.2334480E+04   0.2332539E+03   0.5833324E+04   0.4540734E+00   0.7439323E+00   0.4722456E+00   0.6594168E+00   0.4708260E+00   0.6170956E+00   0.4658663E+00   0.5871742E+00   0.2960742E+00   0.3052129E+00   0.2524533E+02   0.1042982E+03   0.3127616E+02   0.8177821E+01   0.4011433E+03   0.2469069E+02   0.1151939E+05   0.7067560E+03   0.4203452E-01   0.1156417E+01   0.4755090E+01   0.6456886E+01   0.1195340E+05   0.5953541E+01
   0.1071999E+01   0.6340545E+04   0.2244623E-01   0.1151694E+00   0.1040794E+01   0.7012629E-01   0.2806737E+01   0.3062496E+01   0.9570557E+00   0.9993075E+00   0.1863423E+03   0.2603337E+02   0.1010986E+03   0.4026373E+02   0.3196017E+01   0.7207650E+00   0.1937188E+00   0.1781040E+00   0.3837040E+01   0.8363643E+00   0.8426433E+00   0.9444331E+00   0.1124226E+01   0.9960746E+00   0.1001755E+01   0.9967953E+00   0.9937029E+00   0.6627380E+02   0.6852141E+00   0.3147859E+00   0.1382608E+00   0.6451439E-03   0.9163069E-01   0.8065045E+00   0.8261402E+00   0.4524956E+00   0.6041024E+00   0.9906856E+00   0.9910792E+02   0.2478039E+01   0.9077454E+01   0.2138085E+01   0.1858292E+01   0.1246585E+04   0.5763248E+04   0.2529595E+04   0.8169537E+03   0.2322333E+03   0.9570557E+00   0.2421687E+00   0.2434834E+00   0.2489085E+01   0.1402834E+02   0.1089165E+04   0.1468744E+03   0.1041118E+01   0.1410737E+02   0.1059589E+04   0.1495431E+03   0.1392954E+00   0.1598700E+00   0.3397722E+04   0.1020230E-01   0.8140156E+00   0.4496917E+00   0.7150349E+02   0.6539261E+03   0.8151210E+02   0.1558756E+04   0.8815571E+02   0.2018700E+04   0.9371082E+02   0.2348599E+04   0.2326081E+03   0.5860044E+04   0.4568340E+00   0.7449341E+00   0.4743525E+00   0.6599755E+00   0.4725719E+00   0.6174823E+00   0.4673600E+00   0.5874582E+00   0.2961052E+00   0.3051083E+00   0.2352374E+02   0.1054224E+03   0.2798182E+02   0.8576941E+01   0.4025895E+03   0.2539552E+02   0.1152443E+05   0.7068530E+03   0.8023116E-01   0.9818667E+00   0.5576719E+01   0.6608254E+01   0.1196099E+05   0.6638817E+01
   0.2294276E+00   0.6334535E+04   0.2225572E-01   0.1102959E+00   0.1041675E+01   0.5774519E-01   0.2596161E+01   0.3018806E+01   0.9608897E+00   0.9995775E+00   0.2084553E+03   0.1948068E+02   0.1032232E+03   0.3523783E+02   0.3835092E+01   0.7458403E+00   0.2351985E-01   0.1666652E+00   0.5941465E+01   0.8288614E+00   0.8597683E+00   0.1029450E+01   0.1282202E+01   0.9968749E+00   0.1001398E+01   0.9923331E+00   0.9825200E+00   0.6565857E+02   0.6910340E+00   0.3089660E+00   0.1331967E+00   0.6451439E-03   0.8745506E-01   0.7811808E+00   0.7927683E+00   0.4342171E+00   0.5824106E+00   0.9640640E+00   0.9999313E+02   0.2404037E+01   0.7829285E+01   0.2046683E+01   0.1823450E+01   0.1214225E+04   0.5685795E+04   0.2517425E+04   0.8194397E+03   0.2339095E+03   0.9608897E+00   0.2391243E+00   0.2404277E+00   0.2450318E+01   0.1423430E+02   0.1088752E+04   0.1495156E+03   0.1042165E+01   0.1434663E+02   0.1058598E+04   0.1522926E+03   0.1372044E+00   0.1595996E+00   0.3371141E+04   0.9973609E-02   0.8187948E+00   0.4523446E+00   0.7074733E+02   0.6604808E+03   0.8050196E+02   0.1575826E+04   0.8698556E+02   0.2041751E+04   0.9241090E+02   0.2376191E+04   0.2284832E+03   0.5945417E+04   0.4389034E+00   0.7221048E+00   0.4571395E+00   0.6403668E+00   0.4560786E+00   0.5993925E+00   0.4514817E+00   0.5704069E+00   0.2877656E+00   0.2967434E+00   0.2276366E+02   0.1052671E+03   0.2739745E+02   0.1183335E+02   0.3965726E+03   0.2265619E+02   0.1151820E+05   0.7066800E+03   0.9887822E-02   0.1472759E+01   0.3803957E+01   0.7844124E+01   0.1194926E+05   0.5286604E+01
   0.3726311E+00   0.6331268E+04   0.2228822E-01   0.1114315E+00   0.1041491E+01   0.5335578E-01   0.2679335E+01   0.3020669E+01   0.9611963E+00   0.1001145E+01   0.2324717E+03   0.3072547E+02   0.1079154E+03   0.3283950E+02   0.3902882E+01   0.6170141E+00   0.6730839E+00   0.7956158E+00   0.5596199E+01   0.9243266E+00   0.9499411E+00   0.1025833E+01   0.9617456E+00   0.9984102E+00   0.1002732E+01   0.9917509E+00   0.9866956E+00   0.6620789E+02   0.6934748E+00   0.3065252E+00   0.1343649E+00   0.6451439E-03   0.8896013E-01   0.7831562E+00   0.7916275E+00   0.4335922E+00   0.5827267E+00   0.9624840E+00   0.1002831E+03   0.2402536E+01   0.7417297E+01   0.2050501E+01   0.1842959E+01   0.1225189E+04   0.5740639E+04   0.2534753E+04   0.8228043E+03   0.2342220E+03   0.9611963E+00   0.2403206E+00   0.2416285E+00   0.2473424E+01   0.1414741E+02   0.1088898E+04   0.1487122E+03   0.1041926E+01   0.1427281E+02   0.1058826E+04   0.1514670E+03   0.1377245E+00   0.1598193E+00   0.3360909E+04   0.1000225E-01   0.8206731E+00   0.4532981E+00   0.7130241E+02   0.6551561E+03   0.8107008E+02   0.1563733E+04   0.8756601E+02   0.2026482E+04   0.9300340E+02   0.2358748E+04   0.2295595E+03   0.5908830E+04   0.4384543E+00   0.7241674E+00   0.4572684E+00   0.6424561E+00   0.4564861E+00   0.6014560E+00   0.4520697E+00   0.5724374E+00   0.2888739E+00   0.2980003E+00   0.2459783E+02   0.1046975E+03   0.2723543E+02   0.1091945E+02   0.3958093E+03   0.2300107E+02   0.1151683E+05   0.7066239E+03   0.1581039E-02   0.1607985E+01   0.3550949E+01   0.4187354E+01   0.1194656E+05   0.5160515E+01
   0.1048279E+01   0.6334006E+04   0.2275849E-01   0.1210721E+00   0.1040842E+01   0.6201333E-01   0.3260347E+01   0.3066922E+01   0.9743648E+00   0.1003066E+01   0.2897997E+03   0.3890632E+02   0.1011724E+03   0.3858232E+02   0.6864037E+00   0.6054937E+00   0.3635656E+00   0.1885347E+00   0.6599804E+01   0.1489594E+01   0.1109690E+01   0.1007334E+01   0.1116732E+01   0.9991898E+00   0.1002017E+01   0.9978276E+00   0.9899390E+00   0.6976746E+02   0.7031827E+00   0.2968173E+00   0.1444758E+00   0.6451439E-03   0.1007971E+00   0.8187938E+00   0.8144390E+00   0.4460866E+00   0.6043616E+00   0.9802754E+00   0.1013901E+03   0.2425591E+01   0.8403015E+01   0.2147570E+01   0.1897069E+01   0.1227354E+04   0.5790585E+04   0.2548588E+04   0.8187074E+03   0.2306832E+03   0.9743648E+00   0.2483701E+00   0.2497074E+00   0.2588150E+01   0.1354699E+02   0.1089735E+04   0.1428117E+03   0.1040853E+01   0.1372064E+02   0.1061077E+04   0.1453258E+03   0.1422269E+00   0.1609881E+00   0.3340957E+04   0.1034266E-01   0.8256009E+00   0.4555082E+00   0.7497183E+02   0.6224030E+03   0.8497711E+02   0.1487860E+04   0.9164605E+02   0.1929673E+04   0.9723537E+02   0.2247314E+04   0.2383654E+03   0.5656837E+04   0.4518559E+00   0.7581024E+00   0.4737015E+00   0.6736473E+00   0.4740488E+00   0.6311089E+00   0.4702321E+00   0.6009400E+00   0.3035784E+00   0.3136778E+00   0.3080105E+02   0.1076788E+03   0.3346624E+02   0.8975468E+01   0.3979487E+03   0.2240694E+02   0.1151630E+05   0.7064992E+03   0.3379233E-01   0.2349936E+01   0.3549897E+01   0.9946415E+01   0.1194563E+05   0.5933626E+01
   0.9086325E+00   0.6327189E+04   0.2246162E-01   0.1182086E+00   0.1040813E+01   0.5504753E-01   0.3040607E+01   0.3038795E+01   0.9666962E+00   0.9988873E+00   0.2449416E+03   0.3889661E+02   0.1049137E+03   0.3548986E+02   0.2265634E+01   0.5834204E+00   0.4421694E+00   0.7942926E+00   0.5944343E+01   0.1004110E+01   0.9765822E+00   0.1006346E+01   0.1145998E+01   0.9982653E+00   0.1000355E+01   0.9936088E+00   0.9973377E+00   0.6796204E+02   0.6940457E+00   0.3059543E+00   0.1413153E+00   0.6451439E-03   0.9604079E-01   0.8031365E+00   0.8110675E+00   0.4442400E+00   0.5973151E+00   0.9742180E+00   0.1002388E+03   0.2418294E+01   0.7707214E+01   0.2088008E+01   0.1870331E+01   0.1224480E+04   0.5735644E+04   0.2529356E+04   0.8144651E+03   0.2300023E+03   0.9666962E+00   0.2453584E+00   0.2466848E+00   0.2566857E+01   0.1378955E+02   0.1089645E+04   0.1448524E+03   0.1040988E+01   0.1391490E+02   0.1060009E+04   0.1474924E+03   0.1405357E+00   0.1606509E+00   0.3364009E+04   0.1026362E-01   0.8203444E+00   0.4529882E+00   0.7318103E+02   0.6382972E+03   0.8319124E+02   0.1523629E+04   0.8984931E+02   0.1974599E+04   0.9542283E+02   0.2298431E+04   0.2354406E+03   0.5759301E+04   0.4492352E+00   0.7426912E+00   0.4686438E+00   0.6589414E+00   0.4679033E+00   0.6169097E+00   0.4634166E+00   0.5871577E+00   0.2962714E+00   0.3056863E+00   0.2823937E+02   0.1057970E+03   0.2894929E+02   0.9148434E+01   0.3961685E+03   0.2311557E+02   0.1151238E+05   0.7066122E+03   0.2637810E-02   0.1607985E+01   0.3696323E+01   0.1650310E+01   0.1194081E+05   0.5306946E+01
   0.6908331E+00   0.6332039E+04   0.2239825E-01   0.1226701E+00   0.1040652E+01   0.5996734E-01   0.3226126E+01   0.3060312E+01   0.9766405E+00   0.1000062E+01   0.2391320E+03   0.3102207E+02   0.1180496E+03   0.3309413E+02   0.5496647E+01   0.6744600E+00   0.7145809E+00   0.4824890E+00   0.1485836E+01   0.9373650E+00   0.1047762E+01   0.1086282E+01   0.1099572E+01   0.9994869E+00   0.1001894E+01   0.9971965E+00   0.9930050E+00   0.6844177E+02   0.6889306E+00   0.3110694E+00   0.1457135E+00   0.6451439E-03   0.9972891E-01   0.8245375E+00   0.8396117E+00   0.4598743E+00   0.6157788E+00   0.9966664E+00   0.9956559E+02   0.2437583E+01   0.8311462E+01   0.2133421E+01   0.1892298E+01   0.1208396E+04   0.5685868E+04   0.2540742E+04   0.8177132E+03   0.2305938E+03   0.9766405E+00   0.2477864E+00   0.2491216E+00   0.2642396E+01   0.1362940E+02   0.1090293E+04   0.1428469E+03   0.1040716E+01   0.1372583E+02   0.1060352E+04   0.1454749E+03   0.1419230E+00   0.1612718E+00   0.3384835E+04   0.1045503E-01   0.8164189E+00   0.4509886E+00   0.7378117E+02   0.6334729E+03   0.8401009E+02   0.1510886E+04   0.9080566E+02   0.1957282E+04   0.9649054E+02   0.2277616E+04   0.2389120E+03   0.5693003E+04   0.4645721E+00   0.7619572E+00   0.4833227E+00   0.6754569E+00   0.4819428E+00   0.6321313E+00   0.4769139E+00   0.6014960E+00   0.3032710E+00   0.3126896E+00   0.2375201E+02   0.1068570E+03   0.2884161E+02   0.9572482E+01   0.3974097E+03   0.2179116E+02   0.1152093E+05   0.7067362E+03   0.3602850E-01   0.1217317E+01   0.4626504E+01   0.1761582E+01   0.1194970E+05   0.5879850E+01
   0.6977264E+00   0.6334815E+04   0.2262306E-01   0.1251626E+00   0.1040265E+01   0.5834437E-01   0.3403523E+01   0.3063791E+01   0.9821134E+00   0.1001271E+01   0.2412256E+03   0.5239959E+02   0.1177028E+03   0.2947052E+02   0.4005341E+01   0.6058207E+00   0.8530960E+00   0.9171956E+00   0.2449420E+01   0.8519089E+00   0.1309243E+01   0.1185982E+01   0.1243077E+01   0.9954235E+00   0.9989486E+00   0.9990248E+00   0.9934875E+00   0.6967224E+02   0.6942232E+00   0.3057768E+00   0.1484308E+00   0.6451439E-03   0.1034151E+00   0.8294705E+00   0.8374185E+00   0.4586730E+00   0.6168109E+00   0.9937360E+00   0.1001598E+03   0.2424653E+01   0.8158875E+01   0.2140857E+01   0.1905068E+01   0.1203776E+04   0.5703324E+04   0.2544807E+04   0.8174625E+03   0.2299194E+03   0.9821134E+00   0.2501598E+00   0.2515035E+00   0.2661402E+01   0.1345333E+02   0.1090389E+04   0.1412239E+03   0.1040199E+01   0.1357662E+02   0.1061153E+04   0.1437585E+03   0.1432954E+00   0.1614827E+00   0.3369876E+04   0.1052915E-01   0.8195806E+00   0.4524641E+00   0.7501848E+02   0.6226514E+03   0.8527550E+02   0.1486321E+04   0.9209801E+02   0.1926275E+04   0.9780930E+02   0.2242203E+04   0.2413013E+03   0.5618862E+04   0.4638132E+00   0.7670537E+00   0.4838873E+00   0.6805663E+00   0.4831389E+00   0.6371584E+00   0.4785165E+00   0.6064313E+00   0.3059534E+00   0.3157113E+00   0.3193935E+02   0.1061668E+03   0.3168775E+02   0.9680175E+01   0.3968302E+03   0.2124509E+02   0.1151864E+05   0.7066087E+03   0.4866793E-02   0.1539698E+01   0.3877291E+01   0.1120590E+02   0.1194639E+05   0.5421856E+01
   0.4335138E+00   0.6334227E+04   0.2236266E-01   0.1121181E+00   0.1041862E+01   0.6101726E-01   0.2730870E+01   0.3036411E+01   0.9697902E+00   0.1001678E+01   0.2094252E+03   0.2658627E+02   0.1175953E+03   0.2685969E+02   0.5921190E+01   0.8510326E+00   0.5107299E+00   0.9166724E+00   0.2058968E+01   0.1182817E+01   0.9973114E+00   0.1141362E+01   0.1069996E+01   0.9967069E+00   0.1001817E+01   0.1001147E+01   0.9834345E+00   0.6675720E+02   0.6967907E+00   0.3032093E+00   0.1351259E+00   0.6451439E-03   0.9020630E-01   0.7926427E+00   0.7968711E+00   0.4364643E+00   0.5881838E+00   0.9701266E+00   0.1007391E+03   0.2400562E+01   0.8174133E+01   0.2083034E+01   0.1843730E+01   0.1206467E+04   0.5698018E+04   0.2535752E+04   0.8255304E+03   0.2354543E+03   0.9697902E+00   0.2410780E+00   0.2423887E+00   0.2477779E+01   0.1407406E+02   0.1088920E+04   0.1481819E+03   0.1042252E+01   0.1421747E+02   0.1059093E+04   0.1509037E+03   0.1381436E+00   0.1599546E+00   0.3355620E+04   0.1002278E-01   0.8221800E+00   0.4540381E+00   0.7183814E+02   0.6500273E+03   0.8159335E+02   0.1552304E+04   0.8808592E+02   0.2012205E+04   0.9352282E+02   0.2342568E+04   0.2303130E+03   0.5877781E+04   0.4416472E+00   0.7332623E+00   0.4614089E+00   0.6508812E+00   0.4609999E+00   0.6094919E+00   0.4567921E+00   0.5801776E+00   0.2929037E+00   0.3023093E+00   0.1981160E+02   0.1023999E+03   0.2582017E+02   0.1067721E+02   0.3973909E+03   0.2165173E+02   0.1152035E+05   0.7065635E+03   0.2836072E-02   0.1891919E+01   0.3332032E+01   0.6593205E+01   0.1195007E+05   0.5226787E+01
   0.3235060E+00   0.6340012E+04   0.2256995E-01   0.1173707E+00   0.1041448E+01   0.4777144E-01   0.3009224E+01   0.3031086E+01   0.9776090E+00   0.1005106E+01   0.2401305E+03   0.3523633E+02   0.1270903E+03   0.3021083E+02   0.7045539E+01   0.8949094E+00   0.7304459E-01   0.4959281E+00   0.1593308E+00   0.6441660E+00   0.7940277E+00   0.1096462E+01   0.1167964E+01   0.9982894E+00   0.1002358E+01   0.9887318E+00   0.9890502E+00   0.6819641E+02   0.6977137E+00   0.3022863E+00   0.1405858E+00   0.6451439E-03   0.9587449E-01   0.8015614E+00   0.8046099E+00   0.4407030E+00   0.5943488E+00   0.9706352E+00   0.1007643E+03   0.2382424E+01   0.6919861E+01   0.2071972E+01   0.1883173E+01   0.1204955E+04   0.5737072E+04   0.2560724E+04   0.8306524E+03   0.2356977E+03   0.9776090E+00   0.2449758E+00   0.2463008E+00   0.2537098E+01   0.1378868E+02   0.1089405E+04   0.1451469E+03   0.1041638E+01   0.1393449E+02   0.1060162E+04   0.1477560E+03   0.1404600E+00   0.1605116E+00   0.3360731E+04   0.1023199E-01   0.8217242E+00   0.4536406E+00   0.7337283E+02   0.6363636E+03   0.8331152E+02   0.1519900E+04   0.8992764E+02   0.1970349E+04   0.9546867E+02   0.2293963E+04   0.2349508E+03   0.5758480E+04   0.4459733E+00   0.7416005E+00   0.4661561E+00   0.6583782E+00   0.4658493E+00   0.6165512E+00   0.4616677E+00   0.5869213E+00   0.2963027E+00   0.3058848E+00   0.2433180E+02   0.1071328E+03   0.2981918E+02   0.1127616E+02   0.3959136E+03   0.2092567E+02   0.1152759E+05   0.7065499E+03   0.3256433E-02   0.1891919E+01   0.3382095E+01   0.1248869E+02   0.1195571E+05   0.5277270E+01
   0.1096110E+01   0.6333375E+04   0.2233422E-01   0.1130621E+00   0.1041969E+01   0.5769526E-01   0.2708116E+01   0.3041476E+01   0.9634045E+00   0.1005447E+01   0.2122893E+03   0.2729543E+02   0.1052602E+03   0.3723404E+02   0.2512274E+01   0.8918340E+00   0.2896921E-01   0.5595413E+00   0.5135569E+01   0.1241134E+01   0.5257222E+00   0.8693364E+00   0.8860606E+00   0.9978034E+00   0.1001010E+01   0.9911345E+00   0.9809216E+00   0.6615295E+02   0.6891342E+00   0.3108658E+00   0.1360415E+00   0.6451439E-03   0.8999547E-01   0.7971568E+00   0.8114646E+00   0.4444575E+00   0.5952330E+00   0.9800972E+00   0.9975178E+02   0.2433213E+01   0.7872009E+01   0.2093613E+01   0.1865447E+01   0.1232255E+04   0.5767153E+04   0.2559178E+04   0.8315561E+03   0.2371702E+03   0.9634045E+00   0.2407464E+00   0.2420558E+00   0.2475042E+01   0.1410328E+02   0.1089017E+04   0.1480645E+03   0.1042381E+01   0.1420445E+02   0.1059093E+04   0.1507896E+03   0.1383277E+00   0.1598882E+00   0.3389286E+04   0.1010714E-01   0.8160647E+00   0.4508705E+00   0.7131382E+02   0.6553724E+03   0.8119453E+02   0.1563177E+04   0.8775913E+02   0.2025061E+04   0.9325094E+02   0.2356520E+04   0.2308528E+03   0.5890905E+04   0.4490504E+00   0.7366871E+00   0.4672436E+00   0.6530939E+00   0.4659425E+00   0.6112199E+00   0.4611029E+00   0.5816093E+00   0.2933233E+00   0.3024042E+00   0.2189279E+02   0.1041087E+03   0.2819012E+02   0.8655042E+01   0.3966384E+03   0.2279093E+02   0.1151131E+05   0.7067304E+03   0.2179710E-01   0.1342563E+01   0.4103422E+01   0.1515668E+02   0.1193939E+05   0.5467782E+01
   0.1040807E+01   0.6330527E+04   0.2221927E-01   0.1163073E+00   0.1041677E+01   0.5853281E-01   0.2854296E+01   0.3053057E+01   0.9665193E+00   0.1005663E+01   0.2149205E+03   0.3261630E+02   0.1101897E+03   0.3301537E+02   0.3780187E+01   0.7631207E+00   0.6022901E+00   0.9864689E+00   0.5624233E+01   0.1200119E+01   0.8355458E+00   0.9411658E+00   0.7490255E+00   0.9973198E+00   0.1000407E+01   0.9982018E+00   0.9897939E+00   0.6653748E+02   0.6856465E+00   0.3143535E+00   0.1391717E+00   0.6451439E-03   0.9260133E-01   0.8098380E+00   0.8289850E+00   0.4540538E+00   0.6063910E+00   0.9928074E+00   0.9929959E+02   0.2449397E+01   0.8055115E+01   0.2117999E+01   0.1884017E+01   0.1231545E+04   0.5754447E+04   0.2565512E+04   0.8306296E+03   0.2360110E+03   0.9665193E+00   0.2427305E+00   0.2440473E+00   0.2547291E+01   0.1397770E+02   0.1089595E+04   0.1464969E+03   0.1042006E+01   0.1405912E+02   0.1059170E+04   0.1492386E+03   0.1392545E+00   0.1604659E+00   0.3397799E+04   0.1023613E-01   0.8141105E+00   0.4499322E+00   0.7178556E+02   0.6513214E+03   0.8182133E+02   0.1552664E+04   0.8848369E+02   0.2010887E+04   0.9405482E+02   0.2339572E+04   0.2333876E+03   0.5838843E+04   0.4584103E+00   0.7480595E+00   0.4761076E+00   0.6627949E+00   0.4743751E+00   0.6201409E+00   0.4691794E+00   0.5900002E+00   0.2973970E+00   0.3064649E+00   0.2412710E+02   0.1042062E+03   0.2841931E+02   0.8650728E+01   0.3969895E+03   0.2265792E+02   0.1150882E+05   0.7068383E+03   0.5758478E-01   0.1038582E+01   0.4904326E+01   0.1109971E+02   0.1193711E+05   0.6000492E+01
   0.9549602E+00   0.6334836E+04   0.2211541E-01   0.1185108E+00   0.1040746E+01   0.5333773E-01   0.3016280E+01   0.3049630E+01   0.9711570E+00   0.1004935E+01   0.2348373E+03   0.3668035E+02   0.1183202E+03   0.3387607E+02   0.2857183E+01   0.7289999E+00   0.3641774E+00   0.7676260E+00   0.3479178E+01   0.9711711E+00   0.8002590E+00   0.8774013E+00   0.8087185E+00   0.9976356E+00   0.1000238E+01   0.1002479E+01   0.9932706E+00   0.6726257E+02   0.6877466E+00   0.3122534E+00   0.1412713E+00   0.6451439E-03   0.9502274E-01   0.8120533E+00   0.8284713E+00   0.4537724E+00   0.6070316E+00   0.9901427E+00   0.9949687E+02   0.2432619E+01   0.7609558E+01   0.2110753E+01   0.1897181E+01   0.1224957E+04   0.5749562E+04   0.2568732E+04   0.8284646E+03   0.2341150E+03   0.9711570E+00   0.2448919E+00   0.2462166E+00   0.2623688E+01   0.1385331E+02   0.1090085E+04   0.1451623E+03   0.1040973E+01   0.1394487E+02   0.1059208E+04   0.1479231E+03   0.1399128E+00   0.1610193E+00   0.3373987E+04   0.1027722E-01   0.8174986E+00   0.4517615E+00   0.7253146E+02   0.6444722E+03   0.8261744E+02   0.1536839E+04   0.8931628E+02   0.1990719E+04   0.9491940E+02   0.2316375E+04   0.2352061E+03   0.5786663E+04   0.4583140E+00   0.7503093E+00   0.4765247E+00   0.6650107E+00   0.4750309E+00   0.6223058E+00   0.4699864E+00   0.5921165E+00   0.2985272E+00   0.3077309E+00   0.2456935E+02   0.1053764E+03   0.2804520E+02   0.8890143E+01   0.3958965E+03   0.2215533E+02   0.1152215E+05   0.7067710E+03   0.4065125E-01   0.1156417E+01   0.4628420E+01   0.7979761E+01   0.1194910E+05   0.5825488E+01
   0.9915148E+00   0.6339013E+04   0.2212551E-01   0.1151615E+00   0.1041166E+01   0.4854492E-01   0.2778657E+01   0.3025544E+01   0.9626519E+00   0.1002651E+01   0.2202035E+03   0.2677291E+02   0.1054872E+03   0.3167168E+02   0.9073393E+00   0.5439249E+00   0.3860361E+00   0.6847446E+00   0.4679006E+01   0.1445219E+01   0.7278723E+00   0.1111576E+01   0.1039928E+01   0.9982617E+00   0.1004210E+01   0.1003699E+01   0.1000908E+01   0.6580872E+02   0.6815080E+00   0.3184920E+00   0.1379321E+00   0.6451439E-03   0.9077135E-01   0.7959344E+00   0.8200983E+00   0.4491863E+00   0.5979321E+00   0.9811503E+00   0.9875509E+02   0.2427620E+01   0.7029724E+01   0.2060521E+01   0.1869870E+01   0.1228546E+04   0.5732443E+04   0.2552796E+04   0.8268898E+03   0.2348801E+03   0.9626519E+00   0.2416453E+00   0.2429580E+00   0.2538290E+01   0.1408082E+02   0.1089537E+04   0.1472769E+03   0.1041541E+01   0.1414029E+02   0.1058788E+04   0.1500638E+03   0.1386362E+00   0.1602563E+00   0.3402861E+04   0.1019781E-01   0.8124783E+00   0.4491348E+00   0.7106171E+02   0.6582655E+03   0.8110239E+02   0.1568191E+04   0.8776174E+02   0.2030328E+04   0.9332744E+02   0.2361644E+04   0.2322218E+03   0.5882359E+04   0.4531600E+00   0.7348151E+00   0.4696317E+00   0.6506226E+00   0.4674497E+00   0.6085717E+00   0.4620186E+00   0.5788820E+00   0.2916451E+00   0.3003584E+00   0.2076254E+02   0.1033839E+03   0.2477455E+02   0.8594520E+01   0.3957052E+03   0.2295856E+02   0.1152177E+05   0.7069915E+03   0.1245997E+00   0.8201760E+00   0.6297678E+01   0.1476633E+02   0.1194903E+05   0.7242454E+01
   0.9801984E+00   0.6334137E+04   0.2214608E-01   0.1159566E+00   0.1041111E+01   0.4941495E-01   0.2835047E+01   0.3029981E+01   0.9642685E+00   0.1003366E+01   0.2170389E+03   0.1896269E+02   0.1206302E+03   0.2597884E+02   0.2191927E+01   0.7358310E+00   0.2895998E+00   0.8385228E+00   0.6485734E+01   0.1063374E+01   0.8294457E+00   0.1068621E+01   0.8977226E+00   0.9986465E+00   0.1002118E+01   0.1000042E+01   0.9960161E+00   0.6618958E+02   0.6833009E+00   0.3166991E+00   0.1387478E+00   0.6451439E-03   0.9183656E-01   0.7990562E+00   0.8209942E+00   0.4496770E+00   0.5994307E+00   0.9821606E+00   0.9896751E+02   0.2427695E+01   0.7133484E+01   0.2069684E+01   0.1874920E+01   0.1227981E+04   0.5736364E+04   0.2554410E+04   0.8264899E+03   0.2344720E+03   0.9642685E+00   0.2424353E+00   0.2437510E+00   0.2554269E+01   0.1402210E+02   0.1089636E+04   0.1467490E+03   0.1041449E+01   0.1409085E+02   0.1058941E+04   0.1495213E+03   0.1389844E+00   0.1604156E+00   0.3396409E+04   0.1021836E-01   0.8136893E+00   0.4497524E+00   0.7144434E+02   0.6546079E+03   0.8149332E+02   0.1559915E+04   0.8816087E+02   0.2019898E+04   0.9373466E+02   0.2349746E+04   0.2329606E+03   0.5857644E+04   0.4538086E+00   0.7378696E+00   0.4707423E+00   0.6535149E+00   0.4687580E+00   0.6113542E+00   0.4634450E+00   0.5815765E+00   0.2930634E+00   0.3018976E+00   0.1880181E+02   0.1055513E+03   0.2513559E+02   0.8687200E+01   0.3956876E+03   0.2276080E+02   0.1152284E+05   0.7069218E+03   0.9593878E-01   0.8727971E+00   0.5746072E+01   0.4666032E+01   0.1194997E+05   0.6714808E+01
   0.8558868E+00   0.6333004E+04   0.2230114E-01   0.1194243E+00   0.1040732E+01   0.4683985E-01   0.3004081E+01   0.3033920E+01   0.9677178E+00   0.1004078E+01   0.1891095E+03   0.2962990E+02   0.1076190E+03   0.3682314E+02   0.7306548E+01   0.9793041E+00   0.1724076E+00   0.7397872E+00   0.1149598E+01   0.1142608E+01   0.8359908E+00   0.9856733E+00   0.1284944E+01   0.9981887E+00   0.1001097E+01   0.9984092E+00   0.9893489E+00   0.6694763E+02   0.6823492E+00   0.3176508E+00   0.1423706E+00   0.6451439E-03   0.9531376E-01   0.8072600E+00   0.8306686E+00   0.4549759E+00   0.6060395E+00   0.9866108E+00   0.9876930E+02   0.2430102E+01   0.6901550E+01   0.2077852E+01   0.1892039E+01   0.1226880E+04   0.5742606E+04   0.2557929E+04   0.8254535E+03   0.2335285E+03   0.9677178E+00   0.2448047E+00   0.2461290E+00   0.2583968E+01   0.1385171E+02   0.1089915E+04   0.1448433E+03   0.1040943E+01   0.1391462E+02   0.1059704E+04   0.1475322E+03   0.1405110E+00   0.1606823E+00   0.3405971E+04   0.1036607E-01   0.8122528E+00   0.4488820E+00   0.7227684E+02   0.6471382E+03   0.8246781E+02   0.1541882E+04   0.8922810E+02   0.1996396E+04   0.9487874E+02   0.2322282E+04   0.2359537E+03   0.5786562E+04   0.4590566E+00   0.7453476E+00   0.4759431E+00   0.6600304E+00   0.4738241E+00   0.6174045E+00   0.4683794E+00   0.5873041E+00   0.2958866E+00   0.3047797E+00   0.2163330E+02   0.1034157E+03   0.2724399E+02   0.8922043E+01   0.3959003E+03   0.2244891E+02   0.1151587E+05   0.7069582E+03   0.1240026E+00   0.8201760E+00   0.6438846E+01   0.8527339E+01   0.1194314E+05   0.7383025E+01
   0.8432024E+00   0.6329651E+04   0.2222251E-01   0.1198582E+00   0.1040965E+01   0.5564935E-01   0.3023743E+01   0.3049963E+01   0.9657489E+00   0.1003672E+01   0.2283313E+03   0.4604933E+02   0.9564789E+02   0.4276863E+02   0.4923543E+01   0.7060864E+00   0.6818509E+00   0.4624181E+00   0.2204708E+01   0.1207741E+01   0.9453452E+00   0.1075833E+01   0.1172753E+01   0.9963465E+00   0.1003028E+01   0.9965225E+00   0.9917389E+00   0.6703918E+02   0.6824259E+00   0.3175741E+00   0.1427258E+00   0.6451439E-03   0.9568223E-01   0.8145781E+00   0.8380977E+00   0.4590450E+00   0.6114965E+00   0.9948746E+00   0.9882040E+02   0.2454371E+01   0.7844543E+01   0.2111455E+01   0.1889059E+01   0.1231831E+04   0.5732466E+04   0.2549132E+04   0.8207230E+03   0.2319184E+03   0.9657489E+00   0.2450365E+00   0.2463617E+00   0.2605838E+01   0.1383362E+02   0.1090074E+04   0.1446919E+03   0.1041179E+01   0.1389693E+02   0.1059551E+04   0.1474069E+03   0.1405085E+00   0.1608897E+00   0.3405468E+04   0.1037829E-01   0.8123294E+00   0.4489864E+00   0.7237558E+02   0.6462490E+03   0.8257819E+02   0.1539785E+04   0.8934633E+02   0.1993694E+04   0.9500360E+02   0.2319151E+04   0.2362505E+03   0.5778997E+04   0.4631599E+00   0.7521126E+00   0.4802191E+00   0.6660301E+00   0.4780911E+00   0.6230204E+00   0.4726039E+00   0.5926485E+00   0.2985807E+00   0.3075592E+00   0.3101728E+02   0.1064860E+03   0.3411406E+02   0.8954887E+01   0.3964013E+03   0.2302102E+02   0.1150676E+05   0.7069552E+03   0.1159639E+00   0.8201760E+00   0.6207926E+01   0.1006830E+02   0.1193513E+05   0.7144066E+01
   0.7770424E+00   0.6332674E+04   0.2205711E-01   0.1197906E+00   0.1041034E+01   0.5915205E-01   0.3034372E+01   0.3054453E+01   0.9654815E+00   0.1001351E+01   0.2160358E+03   0.4897717E+02   0.1290425E+03   0.2536284E+02   0.4720468E+01   0.6143466E+00   0.8516216E+00   0.5108067E+00   0.2708819E+01   0.1334016E+01   0.1009269E+01   0.1244613E+01   0.1072711E+01   0.9980631E+00   0.1001629E+01   0.9974577E+00   0.9932736E+00   0.6707214E+02   0.6832557E+00   0.3167443E+00   0.1424929E+00   0.6451439E-03   0.9557304E-01   0.8165498E+00   0.8390280E+00   0.4595546E+00   0.6125759E+00   0.9970377E+00   0.9896915E+02   0.2458952E+01   0.8238220E+01   0.2120958E+01   0.1884314E+01   0.1229963E+04   0.5709841E+04   0.2541504E+04   0.8168850E+03   0.2304203E+03   0.9654815E+00   0.2451097E+00   0.2464352E+00   0.2641204E+01   0.1383690E+02   0.1090288E+04   0.1447827E+03   0.1041260E+01   0.1390457E+02   0.1059170E+04   0.1475563E+03   0.1401801E+00   0.1611780E+00   0.3395023E+04   0.1035387E-01   0.8137979E+00   0.4498787E+00   0.7239886E+02   0.6459799E+03   0.8258299E+02   0.1539347E+04   0.8934016E+02   0.1993259E+04   0.9498885E+02   0.2318752E+04   0.2360832E+03   0.5780285E+04   0.4637430E+00   0.7540166E+00   0.4810348E+00   0.6678071E+00   0.4790009E+00   0.6247203E+00   0.4735677E+00   0.5942887E+00   0.2994410E+00   0.3084807E+00   0.3175546E+02   0.1087436E+03   0.3341190E+02   0.9149998E+01   0.3975246E+03   0.2334485E+02   0.1151521E+05   0.7069235E+03   0.9541060E-01   0.8727971E+00   0.5723443E+01   0.6506760E+01   0.1194523E+05   0.6691650E+01
   0.6040815E+00   0.6329122E+04   0.2202843E-01   0.1170179E+00   0.1041123E+01   0.5450763E-01   0.2956167E+01   0.3035795E+01   0.9631130E+00   0.1002210E+01   0.2451185E+03   0.3877060E+02   0.9294462E+02   0.4296275E+02   0.3906401E+01   0.6826561E+00   0.7611573E+00   0.8228054E+00   0.7859586E+01   0.9892371E+00   0.1132675E+01   0.9507800E+00   0.9631688E+00   0.9968074E+00   0.9999817E+00   0.9927166E+00   0.9954707E+00   0.6714539E+02   0.6901599E+00   0.3098401E+00   0.1396915E+00   0.6451439E-03   0.9379640E-01   0.8015207E+00   0.8145597E+00   0.4461527E+00   0.5979972E+00   0.9781527E+00   0.9986608E+02   0.2426993E+01   0.7719421E+01   0.2081752E+01   0.1866742E+01   0.1228254E+04   0.5713960E+04   0.2530547E+04   0.8137182E+03   0.2294340E+03   0.9631130E+00   0.2440430E+00   0.2453646E+00   0.2619095E+01   0.1390779E+02   0.1090003E+04   0.1459293E+03   0.1041402E+01   0.1401278E+02   0.1058865E+04   0.1487311E+03   0.1392354E+00   0.1610186E+00   0.3363329E+04   0.1020318E-01   0.8194403E+00   0.4528489E+00   0.7236592E+02   0.6457702E+03   0.8236599E+02   0.1540521E+04   0.8901143E+02   0.1995871E+04   0.9457159E+02   0.2322685E+04   0.2339618E+03   0.5809147E+04   0.4508364E+00   0.7408160E+00   0.4693490E+00   0.6568586E+00   0.4681570E+00   0.6147860E+00   0.4633700E+00   0.5850289E+00   0.2950579E+00   0.3042546E+00   0.3109009E+02   0.1081884E+03   0.3368313E+02   0.9874584E+01   0.3961487E+03   0.2310872E+02   0.1151067E+05   0.7067025E+03   0.1560753E-01   0.1342563E+01   0.3969096E+01   0.6411864E+01   0.1193980E+05   0.5327267E+01
   0.7341272E+00   0.6330778E+04   0.2231457E-01   0.1155144E+00   0.1041145E+01   0.6178085E-01   0.2940124E+01   0.3048020E+01   0.9666513E+00   0.1001764E+01   0.2102980E+03   0.3721656E+02   0.1089624E+03   0.3259410E+02   0.3967208E+01   0.8362194E+00   0.1172154E+00   0.7390637E+00   0.6457507E+01   0.1095700E+01   0.8347579E+00   0.1091670E+01   0.1238258E+01   0.9980621E+00   0.1001798E+01   0.1002242E+01   0.1001959E+01   0.6773865E+02   0.6982164E+00   0.3017836E+00   0.1384741E+00   0.6451439E-03   0.9380051E-01   0.8014960E+00   0.8038751E+00   0.4403005E+00   0.5940531E+00   0.9738299E+00   0.1008634E+03   0.2420465E+01   0.8348083E+01   0.2107357E+01   0.1862413E+01   0.1224763E+04   0.5739183E+04   0.2533116E+04   0.8170657E+03   0.2311320E+03   0.9666513E+00   0.2439449E+00   0.2452661E+00   0.2559220E+01   0.1388841E+02   0.1089490E+04   0.1461903E+03   0.1041405E+01   0.1403780E+02   0.1059399E+04   0.1489008E+03   0.1393406E+00   0.1606102E+00   0.3341160E+04   0.1012490E-01   0.8243043E+00   0.4551703E+00   0.7287095E+02   0.6407106E+03   0.8272863E+02   0.1530403E+04   0.8929155E+02   0.1984043E+04   0.9478840E+02   0.2309971E+04   0.2331960E+03   0.5800074E+04   0.4456278E+00   0.7415912E+00   0.4659205E+00   0.6584272E+00   0.4656730E+00   0.6166213E+00   0.4615324E+00   0.5870032E+00   0.2963799E+00   0.3059787E+00   0.2817763E+02   0.1070448E+03   0.3279083E+02   0.9644002E+01   0.3979452E+03   0.2280198E+02   0.1151327E+05   0.7065431E+03   0.6019505E-02   0.1965459E+01   0.3355026E+01   0.6021270E+01   0.1194367E+05   0.5326504E+01
   0.7279729E+00   0.6335466E+04   0.2234910E-01   0.1181870E+00   0.1041022E+01   0.5027879E-01   0.2934490E+01   0.3026820E+01   0.9545806E+00   0.1000672E+01   0.3198930E+03   0.4785272E+02   0.9401867E+02   0.4374361E+02   0.1779243E+01   0.5448717E+00   0.7266803E+00   0.3695493E+00   0.8339612E+01   0.1037691E+01   0.9674598E+00   0.9967451E+00   0.9647118E+00   0.9985866E+00   0.1001847E+01   0.9909574E+00   0.9847867E+00   0.6670593E+02   0.6827161E+00   0.3172839E+00   0.1411812E+00   0.6451439E-03   0.9417626E-01   0.7985307E+00   0.8212115E+00   0.4497961E+00   0.5993129E+00   0.9777085E+00   0.9883484E+02   0.2446445E+01   0.7228088E+01   0.2063152E+01   0.1865776E+01   0.1246837E+04   0.5749868E+04   0.2521288E+04   0.8100584E+03   0.2287589E+03   0.9545806E+00   0.2438827E+00   0.2452037E+00   0.2550796E+01   0.1390622E+02   0.1089677E+04   0.1454829E+03   0.1041283E+01   0.1397150E+02   0.1059666E+04   0.1481650E+03   0.1401545E+00   0.1604352E+00   0.3409420E+04   0.1032771E-01   0.8119508E+00   0.4486942E+00   0.7201224E+02   0.6494875E+03   0.8215585E+02   0.1547574E+04   0.8888532E+02   0.2003828E+04   0.9451047E+02   0.2330977E+04   0.2349774E+03   0.5809292E+04   0.4538548E+00   0.7373264E+00   0.4706468E+00   0.6529698E+00   0.4685963E+00   0.6108176E+00   0.4632413E+00   0.5810493E+00   0.2927584E+00   0.3015687E+00   0.3634806E+02   0.1107667E+03   0.3702402E+02   0.9260001E+01   0.3957181E+03   0.2503023E+02   0.1152422E+05   0.7069440E+03   0.1139839E+00   0.8201760E+00   0.6203715E+01   0.2617237E+01   0.1195423E+05   0.7137874E+01
   0.8128433E+00   0.6327942E+04   0.2225424E-01   0.1179187E+00   0.1040955E+01   0.5138358E-01   0.2984504E+01   0.3032535E+01   0.9654728E+00   0.1000686E+01   0.2454332E+03   0.3196500E+02   0.1085062E+03   0.3332660E+02   0.3657618E+01   0.6331279E+00   0.6568400E+00   0.4363213E+00   0.8343225E+01   0.1048935E+01   0.1016499E+01   0.9582540E+00   0.8061677E+00   0.9974381E+00   0.1000672E+01   0.9993593E+00   0.9921646E+00   0.6728455E+02   0.6889519E+00   0.3110481E+00   0.1408180E+00   0.6451439E-03   0.9474877E-01   0.8019867E+00   0.8166206E+00   0.4472815E+00   0.5989272E+00   0.9777087E+00   0.9963956E+02   0.2421124E+01   0.7365417E+01   0.2074977E+01   0.1872328E+01   0.1224848E+04   0.5722756E+04   0.2535679E+04   0.8169672E+03   0.2307705E+03   0.9654728E+00   0.2445210E+00   0.2458443E+00   0.2586096E+01   0.1386365E+02   0.1089824E+04   0.1453717E+03   0.1041196E+01   0.1396199E+02   0.1059475E+04   0.1480868E+03   0.1399706E+00   0.1607554E+00   0.3377577E+04   0.1026609E-01   0.8173805E+00   0.4515999E+00   0.7253781E+02   0.6443264E+03   0.8259261E+02   0.1536789E+04   0.8927261E+02   0.1990848E+04   0.9486085E+02   0.2316685E+04   0.2348661E+03   0.5790841E+04   0.4518510E+00   0.7411289E+00   0.4701095E+00   0.6570066E+00   0.4687777E+00   0.6148706E+00   0.4638932E+00   0.5850760E+00   0.2950278E+00   0.3041754E+00   0.2952035E+02   0.1066054E+03   0.3240655E+02   0.9247819E+01   0.3957470E+03   0.2293204E+02   0.1151011E+05   0.7067356E+03   0.2953860E-01   0.1217317E+01   0.4386536E+01   0.5482784E+01   0.1193803E+05   0.5633392E+01
   0.1057491E+01   0.6331268E+04   0.2226949E-01   0.1190786E+00   0.1040832E+01   0.5768623E-01   0.3039964E+01   0.3050681E+01   0.9651233E+00   0.1002735E+01   0.2598825E+03   0.4472259E+02   0.9898981E+02   0.4584690E+02   0.1046611E+01   0.5568569E+00   0.4378951E+00   0.1664370E+00   0.7074640E+01   0.7395991E+00   0.1014307E+01   0.7693331E+00   0.9028930E+00   0.9951789E+00   0.9987429E+00   0.9960024E+00   0.9895396E+00   0.6749329E+02   0.6882930E+00   0.3117070E+00   0.1419932E+00   0.6451439E-03   0.9583591E-01   0.8112591E+00   0.8269365E+00   0.4529318E+00   0.6061724E+00   0.9874822E+00   0.9953809E+02   0.2445975E+01   0.8030701E+01   0.2112973E+01   0.1882731E+01   0.1233324E+04   0.5743947E+04   0.2541386E+04   0.8171516E+03   0.2306087E+03   0.9651233E+00   0.2452737E+00   0.2465998E+00   0.2602485E+01   0.1381288E+02   0.1089961E+04   0.1447768E+03   0.1041024E+01   0.1390714E+02   0.1059628E+04   0.1474785E+03   0.1404058E+00   0.1608892E+00   0.3380518E+04   0.1031352E-01   0.8168304E+00   0.4512994E+00   0.7277019E+02   0.6423191E+03   0.8287535E+02   0.1531834E+04   0.8958775E+02   0.1984320E+04   0.9520260E+02   0.2308998E+04   0.2358227E+03   0.5769712E+04   0.4575162E+00   0.7496277E+00   0.4758285E+00   0.6644637E+00   0.4743989E+00   0.6218174E+00   0.4694020E+00   0.5916663E+00   0.2983161E+00   0.3075391E+00   0.3438452E+02   0.1092431E+03   0.3375565E+02   0.8702522E+01   0.3968649E+03   0.2327113E+02   0.1151011E+05   0.7067547E+03   0.3766911E-01   0.1156417E+01   0.4596973E+01   0.1104543E+02   0.1193895E+05   0.5791059E+01
   0.6286309E+00   0.6331536E+04   0.2232066E-01   0.1203897E+00   0.1040879E+01   0.4845252E-01   0.3151403E+01   0.3034290E+01   0.9729388E+00   0.1001201E+01   0.2780832E+03   0.3499027E+02   0.1055441E+03   0.4185926E+02   0.1412569E+01   0.5713524E+00   0.6805841E+00   0.2286393E+00   0.5997602E+01   0.1144689E+01   0.1018628E+01   0.8065356E+00   0.6600952E+00   0.9977892E+00   0.9990005E+00   0.9887829E+00   0.9885614E+00   0.6838684E+02   0.6934727E+00   0.3065273E+00   0.1433555E+00   0.6451439E-03   0.9803628E-01   0.8079427E+00   0.8166849E+00   0.4473168E+00   0.6011708E+00   0.9769994E+00   0.1001990E+03   0.2403786E+01   0.7099915E+01   0.2078622E+01   0.1886645E+01   0.1214041E+04   0.5716379E+04   0.2542770E+04   0.8180832E+03   0.2304019E+03   0.9729388E+00   0.2467765E+00   0.2481080E+00   0.2631351E+01   0.1369668E+02   0.1090119E+04   0.1438459E+03   0.1040999E+01   0.1381806E+02   0.1059933E+04   0.1465180E+03   0.1410325E+00   0.1612069E+00   0.3362745E+04   0.1033583E-01   0.8203221E+00   0.4530872E+00   0.7364796E+02   0.6342916E+03   0.8373733E+02   0.1513930E+04   0.9044718E+02   0.1961938E+04   0.9606362E+02   0.2283620E+04   0.2371158E+03   0.5720588E+04   0.4522852E+00   0.7470766E+00   0.4716793E+00   0.6627665E+00   0.4708654E+00   0.6204632E+00   0.4663047E+00   0.5905226E+00   0.2979313E+00   0.3073816E+00   0.2878761E+02   0.1081418E+03   0.3220003E+02   0.9873463E+01   0.3958143E+03   0.2193420E+02   0.1151671E+05   0.7066240E+03   0.3466224E-02   0.1539698E+01   0.3699570E+01   0.6871541E+01   0.1194433E+05   0.5242735E+01
   0.7417867E+00   0.6332282E+04   0.2228822E-01   0.1200701E+00   0.1040912E+01   0.4759449E-01   0.3132711E+01   0.3037738E+01   0.9700183E+00   0.1004079E+01   0.2405795E+03   0.4171365E+02   0.1076681E+03   0.3832135E+02   0.7066870E+01   0.7087229E+00   0.2292411E+00   0.1468910E+00   0.2581569E+01   0.8815863E+00   0.6492139E+00   0.1114492E+01   0.1338935E+01   0.9987116E+00   0.1001708E+01   0.9999213E+00   0.9968775E+00   0.6826599E+02   0.6931418E+00   0.3068582E+00   0.1430035E+00   0.6451439E-03   0.9762272E-01   0.8080931E+00   0.8172777E+00   0.4476414E+00   0.6014449E+00   0.9780459E+00   0.1001671E+03   0.2413846E+01   0.7011414E+01   0.2085801E+01   0.1896413E+01   0.1227600E+04   0.5761284E+04   0.2555427E+04   0.8211809E+03   0.2311762E+03   0.9700183E+00   0.2465166E+00   0.2478472E+00   0.2631116E+01   0.1371646E+02   0.1090114E+04   0.1440445E+03   0.1041057E+01   0.1383637E+02   0.1059818E+04   0.1467305E+03   0.1408529E+00   0.1611988E+00   0.3362771E+04   0.1032312E-01   0.8202455E+00   0.4530723E+00   0.7352668E+02   0.6353593E+03   0.8360736E+02   0.1516406E+04   0.9031098E+02   0.1965101E+04   0.9592199E+02   0.2287263E+04   0.2368149E+03   0.5728881E+04   0.4525653E+00   0.7471863E+00   0.4718969E+00   0.6628314E+00   0.4710477E+00   0.6205106E+00   0.4664623E+00   0.5905594E+00   0.2979404E+00   0.3073762E+00   0.3173968E+02   0.1087535E+03   0.3287267E+02   0.9535395E+01   0.3958451E+03   0.2238437E+02   0.1151231E+05   0.7066310E+03   0.4108656E-02   0.1539698E+01   0.3712923E+01   0.1259738E+02   0.1194008E+05   0.5256730E+01
   0.8149326E+00   0.6332604E+04   0.2205835E-01   0.1163069E+00   0.1041103E+01   0.5238945E-01   0.2900428E+01   0.3029701E+01   0.9603076E+00   0.1000250E+01   0.2650503E+03   0.5523498E+02   0.1027241E+03   0.4361909E+02   0.2454030E+01   0.7621409E+00   0.5153532E+00   0.8708290E+00   0.3027493E+01   0.1164638E+01   0.1194288E+01   0.8152916E+00   0.9640034E+00   0.9965948E+00   0.1000166E+01   0.9935139E+00   0.9922537E+00   0.6676086E+02   0.6881086E+00   0.3118914E+00   0.1390104E+00   0.6451439E-03   0.9280454E-01   0.7973676E+00   0.8130170E+00   0.4453078E+00   0.5958809E+00   0.9758827E+00   0.9959491E+02   0.2427801E+01   0.7475281E+01   0.2069104E+01   0.1863277E+01   0.1232779E+04   0.5724011E+04   0.2530023E+04   0.8141953E+03   0.2298508E+03   0.9603076E+00   0.2432974E+00   0.2446163E+00   0.2593755E+01   0.1396210E+02   0.1089843E+04   0.1463833E+03   0.1041409E+01   0.1405628E+02   0.1058826E+04   0.1491816E+03   0.1390099E+00   0.1607807E+00   0.3372398E+04   0.1019187E-01   0.8178111E+00   0.4519732E+00   0.7198347E+02   0.6493526E+03   0.8198416E+02   0.1548563E+04   0.8862689E+02   0.2005961E+04   0.9418332E+02   0.2334156E+04   0.2333268E+03   0.5832062E+04   0.4498161E+00   0.7367765E+00   0.4677780E+00   0.6530568E+00   0.4663531E+00   0.6111365E+00   0.4614282E+00   0.5814997E+00   0.2932039E+00   0.3022498E+00   0.3363889E+02   0.1059810E+03   0.3471290E+02   0.9218162E+01   0.3958763E+03   0.2379969E+02   0.1151752E+05   0.7067601E+03   0.3275300E-01   0.1217317E+01   0.4387841E+01   0.6397863E+01   0.1194641E+05   0.5637911E+01
   0.2900273E+00   0.6343525E+04   0.2206859E-01   0.1177919E+00   0.1041077E+01   0.5094637E-01   0.3068998E+01   0.3033325E+01   0.9685095E+00   0.1002784E+01   0.1835623E+03   0.4587046E+02   0.1089884E+03   0.4059685E+02   0.4452313E+01   0.6025256E+00   0.6312151E+00   0.1788475E+00   0.4794006E+01   0.1078572E+01   0.1174808E+01   0.9558445E+00   0.9948048E+00   0.9973385E+00   0.1000068E+01   0.9935102E+00   0.9962380E+00   0.6821106E+02   0.6980159E+00   0.3019841E+00   0.1405056E+00   0.6451439E-03   0.9584037E-01   0.8011374E+00   0.8037822E+00   0.4402497E+00   0.5938859E+00   0.9700175E+00   0.1008843E+03   0.2401236E+01   0.7368469E+01   0.2076617E+01   0.1875447E+01   0.1221582E+04   0.5726032E+04   0.2536984E+04   0.8146465E+03   0.2290289E+03   0.9685095E+00   0.2455777E+00   0.2469049E+00   0.2651191E+01   0.1378953E+02   0.1090133E+04   0.1451202E+03   0.1041282E+01   0.1393669E+02   0.1059093E+04   0.1479002E+03   0.1396977E+00   0.1613620E+00   0.3331928E+04   0.1018514E-01   0.8253736E+00   0.4559181E+00   0.7338364E+02   0.6362481E+03   0.8331575E+02   0.1519698E+04   0.8992795E+02   0.1970134E+04   0.9546593E+02   0.2293752E+04   0.2348946E+03   0.5758806E+04   0.4455397E+00   0.7412385E+00   0.4657785E+00   0.6580903E+00   0.4655075E+00   0.6162956E+00   0.4613524E+00   0.5866867E+00   0.2961958E+00   0.3057900E+00   0.3533375E+02   0.1103578E+03   0.3544047E+02   0.1149875E+02   0.3957682E+03   0.2232613E+02   0.1154084E+05   0.7065458E+03   0.6906509E-02   0.1965459E+01   0.3331992E+01   0.4769738E+01   0.1197043E+05   0.5304358E+01
   0.1781955E+00   0.6337653E+04   0.2228715E-01   0.1179630E+00   0.1041451E+01   0.4183041E-01   0.3068172E+01   0.3017400E+01   0.9705990E+00   0.1001663E+01   0.2466315E+03   0.5127128E+02   0.1254157E+03   0.2502328E+02   0.4270076E+01   0.5575665E+00   0.4846869E+00   0.2167937E+00   0.4195791E+01   0.9363806E+00   0.6064741E+00   0.1195923E+01   0.1046392E+01   0.9990694E+00   0.1000571E+01   0.9896533E+00   0.9941573E+00   0.6844543E+02   0.6992487E+00   0.3007513E+00   0.1408953E+00   0.6451439E-03   0.9643639E-01   0.7954207E+00   0.7964160E+00   0.4362150E+00   0.5890454E+00   0.9614454E+00   0.1010335E+03   0.2377364E+01   0.6349182E+01   0.2043808E+01   0.1879779E+01   0.1217988E+04   0.5741950E+04   0.2545219E+04   0.8195195E+03   0.2308533E+03   0.9705990E+00   0.2456584E+00   0.2469859E+00   0.2608905E+01   0.1375806E+02   0.1089869E+04   0.1449117E+03   0.1041633E+01   0.1391197E+02   0.1059628E+04   0.1476118E+03   0.1401696E+00   0.1611044E+00   0.3341583E+04   0.1021408E-01   0.8244971E+00   0.4553025E+00   0.7361533E+02   0.6341567E+03   0.8354572E+02   0.1515000E+04   0.9015866E+02   0.1964242E+04   0.9569815E+02   0.2287053E+04   0.2352605E+03   0.5745503E+04   0.4415568E+00   0.7360713E+00   0.4619207E+00   0.6536378E+00   0.4617959E+00   0.6121823E+00   0.4577698E+00   0.5828060E+00   0.2942823E+00   0.3038735E+00   0.3376977E+02   0.1072094E+03   0.3235852E+02   0.1248818E+02   0.3969774E+03   0.2206197E+02   0.1152542E+05   0.7065306E+03   0.1286285E-01   0.2116489E+01   0.3357146E+01   0.6339254E+01   0.1195695E+05   0.5486498E+01
   0.3385959E+00   0.6336998E+04   0.2221207E-01   0.1176613E+00   0.1041303E+01   0.4195398E-01   0.2996773E+01   0.3020658E+01   0.9659795E+00   0.1004853E+01   0.2394843E+03   0.4318616E+02   0.1245297E+03   0.3265287E+02   0.5750385E+01   0.5376538E+00   0.7914013E+00   0.2755138E+00   0.3052036E+01   0.8253750E+00   0.7380278E+00   0.1106180E+01   0.1067109E+01   0.9992277E+00   0.1001204E+01   0.9864915E+00   0.9967736E+00   0.6760315E+02   0.6925322E+00   0.3074678E+00   0.1405185E+00   0.6451439E-03   0.9499494E-01   0.7966539E+00   0.8065084E+00   0.4417429E+00   0.5932253E+00   0.9689163E+00   0.1001484E+03   0.2400483E+01   0.6364441E+01   0.2050479E+01   0.1885448E+01   0.1230875E+04   0.5766017E+04   0.2554462E+04   0.8225453E+03   0.2320033E+03   0.9659795E+00   0.2446691E+00   0.2459930E+00   0.2598421E+01   0.1384336E+02   0.1089866E+04   0.1454097E+03   0.1041543E+01   0.1396098E+02   0.1059361E+04   0.1481416E+03   0.1398340E+00   0.1609241E+00   0.3364768E+04   0.1023566E-01   0.8198700E+00   0.4529399E+00   0.7282161E+02   0.6415561E+03   0.8282196E+02   0.1531045E+04   0.8947121E+02   0.1983973E+04   0.9503627E+02   0.2309148E+04   0.2347283E+03   0.5781954E+04   0.4465708E+00   0.7365506E+00   0.4654952E+00   0.6533325E+00   0.4645871E+00   0.6115919E+00   0.4600180E+00   0.5820551E+00   0.2936430E+00   0.3029054E+00   0.3089467E+02   0.1111670E+03   0.3199240E+02   0.1109048E+02   0.3968743E+03   0.2254827E+02   0.1152314E+05   0.7066444E+03   0.4515641E-02   0.1539698E+01   0.3674601E+01   0.8477086E+01   0.1195366E+05   0.5218815E+01
   0.3795448E+00   0.6332625E+04   0.2220503E-01   0.1172961E+00   0.1041208E+01   0.4230207E-01   0.2963820E+01   0.3018769E+01   0.9685221E+00   0.1003972E+01   0.2264617E+03   0.4720079E+02   0.1065749E+03   0.3930544E+02   0.4638525E+01   0.6405122E+00   0.5035548E+00   0.5585028E+00   0.9129949E+00   0.1164357E+01   0.9767938E+00   0.1078652E+01   0.1353568E+01   0.9981676E+00   0.1002903E+01   0.9925373E+00   0.9964136E+00   0.6731018E+02   0.6906714E+00   0.3093286E+00   0.1401463E+00   0.6451439E-03   0.9433271E-01   0.7963707E+00   0.8086576E+00   0.4429200E+00   0.5939095E+00   0.9706773E+00   0.9990029E+02   0.2395697E+01   0.6394958E+01   0.2046608E+01   0.1880579E+01   0.1220643E+04   0.5736872E+04   0.2553129E+04   0.8242505E+03   0.2329447E+03   0.9685221E+00   0.2442206E+00   0.2455429E+00   0.2588253E+01   0.1388052E+02   0.1089809E+04   0.1456796E+03   0.1041460E+01   0.1398802E+02   0.1059284E+04   0.1484178E+03   0.1396680E+00   0.1608039E+00   0.3370826E+04   0.1023123E-01   0.8186398E+00   0.4522997E+00   0.7253179E+02   0.6442585E+03   0.8254227E+02   0.1537031E+04   0.8919535E+02   0.1991426E+04   0.9476225E+02   0.2317573E+04   0.2343571E+03   0.5797700E+04   0.4476322E+00   0.7361023E+00   0.4661306E+00   0.6527299E+00   0.4650014E+00   0.6109427E+00   0.4602828E+00   0.5813846E+00   0.2932341E+00   0.3023973E+00   0.2953246E+02   0.1069378E+03   0.3014379E+02   0.1081737E+02   0.3968187E+03   0.2202107E+02   0.1151375E+05   0.7066892E+03   0.1431427E-01   0.1407057E+01   0.3968995E+01   0.9761033E+01   0.1194341E+05   0.5390366E+01
   0.7033485E+00   0.6329176E+04   0.2244341E-01   0.1173249E+00   0.1040651E+01   0.5669674E-01   0.2988773E+01   0.3039993E+01   0.9713784E+00   0.1001215E+01   0.2441345E+03   0.5325964E+02   0.1113133E+03   0.3890515E+02   0.4415925E+01   0.6371418E+00   0.8289744E+00   0.9787230E+00   0.1417932E+01   0.9542188E+00   0.1133926E+01   0.9793631E+00   0.1064857E+01   0.9968428E+00   0.1000278E+01   0.9949725E+00   0.9839637E+00   0.6759949E+02   0.6927287E+00   0.3072713E+00   0.1404135E+00   0.6451439E-03   0.9491878E-01   0.8035300E+00   0.8132095E+00   0.4454132E+00   0.5982498E+00   0.9773056E+00   0.1000566E+03   0.2411364E+01   0.7853699E+01   0.2090509E+01   0.1866405E+01   0.1210436E+04   0.5704753E+04   0.2533555E+04   0.8191894E+03   0.2320670E+03   0.9713784E+00   0.2446553E+00   0.2459791E+00   0.2552272E+01   0.1384670E+02   0.1089537E+04   0.1453604E+03   0.1040865E+01   0.1396535E+02   0.1059856E+04   0.1480139E+03   0.1401735E+00   0.1604842E+00   0.3365880E+04   0.1023351E-01   0.8197864E+00   0.4527058E+00   0.7281331E+02   0.6416157E+03   0.8280764E+02   0.1531233E+04   0.8945317E+02   0.1984245E+04   0.9501524E+02   0.2309489E+04   0.2346464E+03   0.5783329E+04   0.4503069E+00   0.7429264E+00   0.4694363E+00   0.6590084E+00   0.4685423E+00   0.6169137E+00   0.4639487E+00   0.5871252E+00   0.2962108E+00   0.3055606E+00   0.3075335E+02   0.1071461E+03   0.3033780E+02   0.9632791E+01   0.3963869E+03   0.2184101E+02   0.1151429E+05   0.7066400E+03   0.7832043E-02   0.1472759E+01   0.3891299E+01   0.4185065E+01   0.1194216E+05   0.5371890E+01
   0.3667092E+00   0.6330343E+04   0.2237659E-01   0.1188603E+00   0.1040998E+01   0.5132451E-01   0.3102558E+01   0.3029326E+01   0.9706969E+00   0.9980680E+00   0.2340034E+03   0.4462261E+02   0.1201585E+03   0.3059171E+02   0.4583818E+01   0.5367524E+00   0.8216116E+00   0.1481568E+00   0.2773789E+01   0.5954782E+00   0.9539170E+00   0.1105778E+01   0.9224166E+00   0.9961338E+00   0.9998832E+00   0.9968892E+00   0.9947595E+00   0.6844910E+02   0.6971749E+00   0.3028251E+00   0.1418820E+00   0.6451439E-03   0.9711694E-01   0.8014432E+00   0.8052079E+00   0.4410305E+00   0.5945258E+00   0.9686990E+00   0.1006884E+03   0.2394881E+01   0.7362366E+01   0.2068329E+01   0.1866550E+01   0.1210723E+04   0.5696074E+04   0.2521917E+04   0.8116248E+03   0.2287003E+03   0.9706969E+00   0.2461520E+00   0.2474812E+00   0.2603806E+01   0.1373079E+02   0.1089867E+04   0.1444382E+03   0.1041155E+01   0.1387289E+02   0.1059933E+04   0.1470997E+03   0.1406436E+00   0.1610138E+00   0.3349679E+04   0.1026235E-01   0.8229307E+00   0.4544074E+00   0.7365479E+02   0.6339656E+03   0.8364584E+02   0.1514045E+04   0.9029600E+02   0.1962675E+04   0.9586516E+02   0.2284960E+04   0.2360146E+03   0.5734379E+04   0.4462443E+00   0.7414372E+00   0.4663057E+00   0.6581731E+00   0.4659359E+00   0.6163339E+00   0.4617116E+00   0.5866987E+00   0.2961594E+00   0.3057182E+00   0.3166225E+02   0.1070118E+03   0.3195577E+02   0.1101771E+02   0.3957521E+03   0.2223721E+02   0.1151078E+05   0.7065577E+03   0.1748411E-02   0.1891919E+01   0.3401230E+01   0.9045735E+01   0.1193979E+05   0.5294897E+01
   0.1012766E+01   0.6336511E+04   0.2173827E-01   0.1116884E+00   0.1041396E+01   0.5691362E-01   0.2586778E+01   0.3023627E+01   0.9474170E+00   0.9996655E+00   0.2176797E+03   0.3549039E+02   0.1139415E+03   0.3581131E+02   0.2430899E+01   0.7155617E+00   0.2265333E+00   0.5811630E+00   0.6026726E+01   0.7079804E+00   0.8493933E+00   0.8500600E+00   0.9328721E+00   0.9978117E+00   0.1000255E+01   0.1005840E+01   0.9956836E+00   0.6454895E+02   0.6782200E+00   0.3217800E+00   0.1340718E+00   0.6451439E-03   0.8654193E-01   0.7867214E+00   0.8147790E+00   0.4462729E+00   0.5925305E+00   0.9792112E+00   0.9846943E+02   0.2458071E+01   0.7890320E+01   0.2056575E+01   0.1835312E+01   0.1248723E+04   0.5714199E+04   0.2519332E+04   0.8128875E+03   0.2305758E+03   0.9474170E+00   0.2387514E+00   0.2400535E+00   0.2541877E+01   0.1431406E+02   0.1089513E+04   0.1495903E+03   0.1041958E+01   0.1435665E+02   0.1057453E+04   0.1525500E+03   0.1365988E+00   0.1601954E+00   0.3397959E+04   0.1004618E-01   0.8123124E+00   0.4493371E+00   0.6975258E+02   0.6708682E+03   0.7968997E+02   0.1597393E+04   0.8627597E+02   0.2067604E+04   0.9177810E+02   0.2404569E+04   0.2288549E+03   0.5980127E+04   0.4499550E+00   0.7260023E+00   0.4655209E+00   0.6424866E+00   0.4629947E+00   0.6008251E+00   0.4573770E+00   0.5714296E+00   0.2878005E+00   0.2962497E+00   0.2726239E+02   0.1070630E+03   0.3031658E+02   0.8411089E+01   0.3969238E+03   0.2601968E+02   0.1152203E+05   0.7071325E+03   0.1673969E+00   0.6715329E+00   0.6909807E+01   0.4756018E+01   0.1195338E+05   0.7748736E+01
   0.7792275E+00   0.6336181E+04   0.2192188E-01   0.1165959E+00   0.1040933E+01   0.4506425E-01   0.2859278E+01   0.3014016E+01   0.9540527E+00   0.9987175E+00   0.2462885E+03   0.2626810E+02   0.9815049E+02   0.4074843E+02   0.2913679E+01   0.3886158E+00   0.8531328E+00   0.1298270E+00   0.7263330E+01   0.1112589E+01   0.9469552E+00   0.1036481E+01   0.9190523E+00   0.9979862E+00   0.1004936E+01   0.9945692E+00   0.1002483E+01   0.6601013E+02   0.6806239E+00   0.3193761E+00   0.1391629E+00   0.6451439E-03   0.9186164E-01   0.7919785E+00   0.8171541E+00   0.4475737E+00   0.5953728E+00   0.9747833E+00   0.9866805E+02   0.2432812E+01   0.6727600E+01   0.2036904E+01   0.1861351E+01   0.1242154E+04   0.5722062E+04   0.2524833E+04   0.8109959E+03   0.2286337E+03   0.9540527E+00   0.2426690E+00   0.2439856E+00   0.2604976E+01   0.1402652E+02   0.1090004E+04   0.1466259E+03   0.1041293E+01   0.1408114E+02   0.1058483E+04   0.1494741E+03   0.1387652E+00   0.1607798E+00   0.3395253E+04   0.1023197E-01   0.8131675E+00   0.4496435E+00   0.7129670E+02   0.6561587E+03   0.8139218E+02   0.1562964E+04   0.8808660E+02   0.2023426E+04   0.9368101E+02   0.2353506E+04   0.2332311E+03   0.5859763E+04   0.4514249E+00   0.7310806E+00   0.4676258E+00   0.6472260E+00   0.4653572E+00   0.6053573E+00   0.4598872E+00   0.5758014E+00   0.2900516E+00   0.2986885E+00   0.2720127E+02   0.1095768E+03   0.3040244E+02   0.9040103E+01   0.3960108E+03   0.2503200E+02   0.1151916E+05   0.7070278E+03   0.1363224E+00   0.7688989E+00   0.6486281E+01   0.8695025E+01   0.1194925E+05   0.7391502E+01
   0.1076861E+01   0.6326159E+04   0.2220546E-01   0.1162645E+00   0.1040964E+01   0.5726603E-01   0.2898152E+01   0.3039010E+01   0.9606408E+00   0.1000011E+01   0.2356605E+03   0.3188350E+02   0.1021482E+03   0.3962138E+02   0.1137613E+01   0.6276015E+00   0.3226574E+00   0.2735008E+00   0.7833192E+01   0.1078272E+01   0.9298572E+00   0.9093614E+00   0.9799430E+00   0.9970390E+00   0.1000740E+01   0.9978800E+00   0.9975815E+00   0.6682312E+02   0.6884551E+00   0.3115449E+00   0.1391151E+00   0.6451439E-03   0.9296104E-01   0.8003445E+00   0.8155990E+00   0.4467220E+00   0.5979393E+00   0.9790696E+00   0.9959125E+02   0.2437733E+01   0.7936096E+01   0.2088456E+01   0.1862451E+01   0.1233917E+04   0.5732614E+04   0.2529152E+04   0.8147292E+03   0.2303953E+03   0.9606408E+00   0.2433266E+00   0.2446456E+00   0.2565221E+01   0.1395334E+02   0.1089654E+04   0.1462914E+03   0.1041261E+01   0.1404945E+02   0.1059170E+04   0.1490371E+03   0.1392818E+00   0.1605448E+00   0.3376003E+04   0.1020117E-01   0.8174623E+00   0.4516772E+00   0.7204613E+02   0.6487617E+03   0.8204625E+02   0.1547241E+04   0.8868913E+02   0.2004305E+04   0.9424595E+02   0.2332277E+04   0.2334255E+03   0.5828365E+04   0.4512672E+00   0.7395621E+00   0.4693754E+00   0.6555641E+00   0.4679868E+00   0.6134987E+00   0.4630719E+00   0.5837571E+00   0.2943558E+00   0.3034525E+00   0.2832529E+02   0.1082724E+03   0.3181220E+02   0.8670982E+01   0.3967754E+03   0.2394337E+02   0.1150762E+05   0.7067499E+03   0.3320833E-01   0.1217317E+01   0.4454775E+01   0.2848835E+01   0.1193701E+05   0.5705301E+01
   0.4972923E+00   0.6328531E+04   0.2218339E-01   0.1168039E+00   0.1041068E+01   0.5140707E-01   0.2930810E+01   0.3021923E+01   0.9634908E+00   0.9972484E+00   0.2294865E+03   0.4870914E+02   0.1208275E+03   0.3131975E+02   0.5520781E+01   0.7441860E+00   0.7244394E+00   0.8657932E+00   0.3368788E+01   0.1032268E+01   0.9792967E+00   0.9968841E+00   0.9608690E+00   0.9973889E+00   0.1000033E+01   0.1001860E+01   0.9924146E+00   0.6703186E+02   0.6892410E+00   0.3107590E+00   0.1396324E+00   0.6451439E-03   0.9359822E-01   0.7954216E+00   0.8095592E+00   0.4434139E+00   0.5938863E+00   0.9715312E+00   0.9970753E+02   0.2410787E+01   0.7359314E+01   0.2053073E+01   0.1852477E+01   0.1217687E+04   0.5679972E+04   0.2514644E+04   0.8104502E+03   0.2289373E+03   0.9634908E+00   0.2437633E+00   0.2450839E+00   0.2580813E+01   0.1391966E+02   0.1089759E+04   0.1459963E+03   0.1041353E+01   0.1401987E+02   0.1059170E+04   0.1487465E+03   0.1394383E+00   0.1607029E+00   0.3373527E+04   0.1021646E-01   0.8179609E+00   0.4519575E+00   0.7225958E+02   0.6467869E+03   0.8226859E+02   0.1542725E+04   0.8891859E+02   0.1998583E+04   0.9448192E+02   0.2325721E+04   0.2338839E+03   0.5814205E+04   0.4479828E+00   0.7350902E+00   0.4661546E+00   0.6516846E+00   0.4648665E+00   0.6099032E+00   0.4600444E+00   0.5803574E+00   0.2926675E+00   0.3017495E+00   0.3091571E+02   0.1063669E+03   0.3328347E+02   0.1023868E+02   0.3957681E+03   0.2310195E+02   0.1151173E+05   0.7067275E+03   0.2488766E-01   0.1279349E+01   0.4241044E+01   0.3955083E+01   0.1194083E+05   0.5545281E+01
   0.8258443E+00   0.6332717E+04   0.2230338E-01   0.1171890E+00   0.1041036E+01   0.6306200E-01   0.3012459E+01   0.3050740E+01   0.9686343E+00   0.1000145E+01   0.1863548E+03   0.4686784E+02   0.1108736E+03   0.3575395E+02   0.8201313E+01   0.6647050E+00   0.8117062E+00   0.6666198E+00   0.1270178E+01   0.1371084E+01   0.1140872E+01   0.1172609E+01   0.1395757E+01   0.9970450E+00   0.1000573E+01   0.9997857E+00   0.9970381E+00   0.6794006E+02   0.6963995E+00   0.3036005E+00   0.1401375E+00   0.6451439E-03   0.9520951E-01   0.8067635E+00   0.8115902E+00   0.4445263E+00   0.5988552E+00   0.9787758E+00   0.1006096E+03   0.2424282E+01   0.8512878E+01   0.2113098E+01   0.1862707E+01   0.1217989E+04   0.5706335E+04   0.2525008E+04   0.8135247E+03   0.2298138E+03   0.9686343E+00   0.2449184E+00   0.2462432E+00   0.2586452E+01   0.1382366E+02   0.1089724E+04   0.1453839E+03   0.1041253E+01   0.1396240E+02   0.1059551E+04   0.1480858E+03   0.1399004E+00   0.1608313E+00   0.3348500E+04   0.1019698E-01   0.8228965E+00   0.4544438E+00   0.7312094E+02   0.6386496E+03   0.8305989E+02   0.1525046E+04   0.8967420E+02   0.1976814E+04   0.9521279E+02   0.2301319E+04   0.2345342E+03   0.5773259E+04   0.4497188E+00   0.7462841E+00   0.4697458E+00   0.6623932E+00   0.4692839E+00   0.6202516E+00   0.4649701E+00   0.5904069E+00   0.2980147E+00   0.3075896E+00   0.3144784E+02   0.1077063E+03   0.3183729E+02   0.9382047E+01   0.3985439E+03   0.2259222E+02   0.1150957E+05   0.7065697E+03   0.7006594E-03   0.1819430E+01   0.3410284E+01   0.1354899E+02   0.1194009E+05   0.5230415E+01
   0.3323014E+00   0.6329892E+04   0.2209510E-01   0.1112861E+00   0.1041980E+01   0.5568470E-01   0.2617109E+01   0.3020332E+01   0.9553110E+00   0.1001358E+01   0.2452859E+03   0.3567160E+02   0.1060406E+03   0.3612509E+02   0.3036888E+01   0.6941184E+00   0.2633028E+00   0.4104125E+00   0.4070592E+01   0.1057785E+01   0.1239454E+01   0.9774827E+00   0.1178740E+01   0.9960669E+00   0.9989169E+00   0.9983437E+00   0.9890062E+00   0.6552307E+02   0.6878224E+00   0.3121776E+00   0.1340264E+00   0.6451439E-03   0.8781819E-01   0.7841205E+00   0.7998767E+00   0.4381105E+00   0.5861156E+00   0.9686919E+00   0.9964648E+02   0.2423889E+01   0.7682800E+01   0.2049810E+01   0.1833777E+01   0.1232002E+04   0.5715061E+04   0.2522967E+04   0.8178062E+03   0.2327241E+03   0.9553110E+00   0.2393566E+00   0.2406609E+00   0.2486977E+01   0.1422246E+02   0.1089062E+04   0.1492486E+03   0.1042470E+01   0.1431682E+02   0.1058292E+04   0.1520785E+03   0.1372192E+00   0.1599148E+00   0.3382122E+04   0.1002105E-01   0.8166158E+00   0.4513349E+00   0.7065107E+02   0.6616218E+03   0.8047449E+02   0.1577745E+04   0.8699901E+02   0.2043713E+04   0.9245634E+02   0.2378044E+04   0.2290957E+03   0.5940845E+04   0.4425670E+00   0.7245115E+00   0.4601701E+00   0.6421598E+00   0.4587366E+00   0.6009291E+00   0.4538714E+00   0.5717815E+00   0.2883307E+00   0.2971911E+00   0.2790502E+02   0.1045893E+03   0.3000235E+02   0.1100374E+02   0.3962913E+03   0.2382379E+02   0.1150926E+05   0.7067687E+03   0.2876030E-01   0.1279349E+01   0.4197426E+01   0.7129239E+01   0.1194038E+05   0.5505536E+01
   0.1269524E+00   0.6338905E+04   0.2233626E-01   0.1142640E+00   0.1041587E+01   0.4956552E-01   0.2818557E+01   0.3014968E+01   0.9619989E+00   0.1000426E+01   0.2645103E+03   0.4091294E+02   0.7299807E+02   0.5672702E+02   0.3005569E+01   0.4477116E+00   0.9487461E+00   0.6220848E+00   0.3646012E+01   0.1027447E+01   0.1100149E+01   0.8005030E+00   0.8077776E+00   0.9969308E+00   0.1002857E+01   0.1005393E+01   0.9974745E+00   0.6691101E+02   0.6934492E+00   0.3065508E+00   0.1372454E+00   0.6451439E-03   0.9183226E-01   0.7866908E+00   0.7952336E+00   0.4355674E+00   0.5853690E+00   0.9617347E+00   0.1002735E+03   0.2397323E+01   0.7084656E+01   0.2038844E+01   0.1846426E+01   0.1221786E+04   0.5715878E+04   0.2521602E+04   0.8155302E+03   0.2312273E+03   0.9619989E+00   0.2422873E+00   0.2436025E+00   0.2512993E+01   0.1399841E+02   0.1089234E+04   0.1471448E+03   0.1041921E+01   0.1412245E+02   0.1059246E+04   0.1498609E+03   0.1388455E+00   0.1602168E+00   0.3367122E+04   0.1011874E-01   0.8198623E+00   0.4528445E+00   0.7206006E+02   0.6482696E+03   0.8193219E+02   0.1547290E+04   0.8849755E+02   0.2005169E+04   0.9399304E+02   0.2333937E+04   0.2320064E+03   0.5846603E+04   0.4404316E+00   0.7274303E+00   0.4593209E+00   0.6453440E+00   0.4585304E+00   0.6041563E+00   0.4540909E+00   0.5750052E+00   0.2901462E+00   0.2993241E+00   0.2954553E+02   0.1054156E+03   0.2933199E+02   0.1307246E+02   0.3956901E+03   0.2286029E+02   0.1152757E+05   0.7066244E+03   0.1751690E-02   0.1607985E+01   0.3563793E+01   0.6822513E+01   0.1195919E+05   0.5173530E+01
   0.3845941E+00   0.6330193E+04   0.2205011E-01   0.1128829E+00   0.1041506E+01   0.4950942E-01   0.2696652E+01   0.3012259E+01   0.9547953E+00   0.9998651E+00   0.2526729E+03   0.4572015E+02   0.9588322E+02   0.4552972E+02   0.4648903E+01   0.6407947E+00   0.5855706E+00   0.3716455E+00   0.9771476E+00   0.7262035E+00   0.7357586E+00   0.9630989E+00   0.1119948E+01   0.9979361E+00   0.1001448E+01   0.9905702E+00   0.9828806E+00   0.6570618E+02   0.6859656E+00   0.3140344E+00   0.1355781E+00   0.6451439E-03   0.8908321E-01   0.7837373E+00   0.8018599E+00   0.4391968E+00   0.5866983E+00   0.9668685E+00   0.9937126E+02   0.2418611E+01   0.7099915E+01   0.2033327E+01   0.1841637E+01   0.1234417E+04   0.5718695E+04   0.2522457E+04   0.8151813E+03   0.2311906E+03   0.9547953E+00   0.2404658E+00   0.2417742E+00   0.2523338E+01   0.1415893E+02   0.1089341E+04   0.1484032E+03   0.1041956E+01   0.1424275E+02   0.1058369E+04   0.1512358E+03   0.1377133E+00   0.1601696E+00   0.3383139E+04   0.1008068E-01   0.8160063E+00   0.4510411E+00   0.7088027E+02   0.6596190E+03   0.8078225E+02   0.1572515E+04   0.8735621E+02   0.2036641E+04   0.9285363E+02   0.2369573E+04   0.2303632E+03   0.5914516E+04   0.4434803E+00   0.7239805E+00   0.4606738E+00   0.6414950E+00   0.4590314E+00   0.6002265E+00   0.4540263E+00   0.5710631E+00   0.2878872E+00   0.2966639E+00   0.2957841E+02   0.1058075E+03   0.3085182E+02   0.1065253E+02   0.3956422E+03   0.2419722E+02   0.1151050E+05   0.7068276E+03   0.5101393E-01   0.1096772E+01   0.4726195E+01   0.6690941E+01   0.1194099E+05   0.5873981E+01
   0.2559163E+00   0.6331507E+04   0.2236629E-01   0.1143522E+00   0.1041720E+01   0.4528917E-01   0.2815017E+01   0.3011117E+01   0.9602625E+00   0.9999620E+00   0.1820561E+03   0.3042235E+02   0.9290267E+02   0.3963078E+02   0.4330474E+01   0.4880370E+00   0.8363525E+00   0.3261108E+00   0.5221199E+01   0.1012757E+01   0.9862303E+00   0.9933611E+00   0.9159345E+00   0.9967821E+00   0.1000962E+01   0.9964174E+00   0.9942675E+00   0.6690735E+02   0.6931515E+00   0.3068485E+00   0.1373636E+00   0.6451439E-03   0.9190635E-01   0.7850794E+00   0.7939899E+00   0.4348862E+00   0.5843117E+00   0.9597910E+00   0.1002409E+03   0.2397086E+01   0.6629944E+01   0.2031006E+01   0.1855127E+01   0.1230909E+04   0.5751748E+04   0.2532470E+04   0.8186319E+03   0.2320584E+03   0.9602625E+00   0.2422511E+00   0.2435661E+00   0.2506256E+01   0.1399549E+02   0.1089200E+04   0.1471158E+03   0.1042057E+01   0.1411783E+02   0.1059322E+04   0.1498204E+03   0.1389218E+00   0.1601812E+00   0.3371690E+04   0.1012998E-01   0.8192204E+00   0.4524901E+00   0.7205980E+02   0.6482947E+03   0.8193995E+02   0.1547274E+04   0.8851017E+02   0.2005098E+04   0.9400951E+02   0.2333814E+04   0.2320965E+03   0.5845417E+04   0.4397239E+00   0.7259102E+00   0.4585073E+00   0.6439622E+00   0.4576828E+00   0.6028489E+00   0.4532281E+00   0.5737522E+00   0.2895008E+00   0.2986453E+00   0.2722967E+02   0.1034383E+03   0.2881180E+02   0.1166406E+02   0.3961258E+03   0.2351059E+02   0.1151598E+05   0.7066308E+03   0.2381004E-02   0.1607985E+01   0.3586088E+01   0.3901491E+01   0.1194728E+05   0.5196454E+01
   0.4768348E+00   0.6333855E+04   0.2268428E-01   0.1172610E+00   0.1041266E+01   0.5693781E-01   0.2983488E+01   0.3037957E+01   0.9712020E+00   0.1000479E+01   0.2373109E+03   0.2997572E+02   0.8577675E+02   0.4377412E+02   0.3954952E+01   0.5740278E+00   0.8326856E+00   0.6956275E+00   0.5895512E+01   0.1286944E+01   0.1129144E+01   0.9996015E+00   0.1016791E+01   0.9962046E+00   0.1002440E+01   0.9908810E+00   0.9739956E+00   0.6796570E+02   0.6956480E+00   0.3043520E+00   0.1405904E+00   0.6451439E-03   0.9555326E-01   0.8021139E+00   0.8079109E+00   0.4425110E+00   0.5957720E+00   0.9729514E+00   0.1004439E+03   0.2406159E+01   0.7823181E+01   0.2086257E+01   0.1861711E+01   0.1210284E+04   0.5712001E+04   0.2528376E+04   0.8186657E+03   0.2323461E+03   0.9712020E+00   0.2446691E+00   0.2459930E+00   0.2508444E+01   0.1380903E+02   0.1089231E+04   0.1452180E+03   0.1041463E+01   0.1394366E+02   0.1060429E+04   0.1477862E+03   0.1406095E+00   0.1602354E+00   0.3372555E+04   0.1025013E-01   0.8197301E+00   0.4525105E+00   0.7315973E+02   0.6383662E+03   0.8312419E+02   0.1524184E+04   0.8975431E+02   0.1975575E+04   0.9530559E+02   0.2299778E+04   0.2348875E+03   0.5767234E+04   0.4476208E+00   0.7419066E+00   0.4673631E+00   0.6584232E+00   0.4668138E+00   0.6164988E+00   0.4624631E+00   0.5868127E+00   0.2961672E+00   0.3056486E+00   0.2610714E+02   0.1049299E+03   0.2905829E+02   0.1046796E+02   0.3963382E+03   0.2190006E+02   0.1151687E+05   0.7065822E+03   0.8220361E-04   0.1677296E+01   0.3542458E+01   0.1033182E+02   0.1194558E+05   0.5219836E+01
   0.7824617E+00   0.6333216E+04   0.2251098E-01   0.1212258E+00   0.1040386E+01   0.7269695E-01   0.3167357E+01   0.3078547E+01   0.9704115E+00   0.9992831E+00   0.1955414E+03   0.3452334E+02   0.8554388E+02   0.5049721E+02   0.9436155E+01   0.7212731E+00   0.8894062E+00   0.4839201E+00   0.1495077E+01   0.7215804E+00   0.1251160E+01   0.9646911E+00   0.1246064E+01   0.9965631E+00   0.1001204E+01   0.9953347E+00   0.9920301E+00   0.6826965E+02   0.6902170E+00   0.3097830E+00   0.1443820E+00   0.6451439E-03   0.9856907E-01   0.8262637E+00   0.8396278E+00   0.4598831E+00   0.6164290E+00   0.1000011E+01   0.9968288E+02   0.2468138E+01   0.9471130E+01   0.2172681E+01   0.1878677E+01   0.1222892E+04   0.5706359E+04   0.2524575E+04   0.8114610E+03   0.2291065E+03   0.9704115E+00   0.2470582E+00   0.2483908E+00   0.2601533E+01   0.1367958E+02   0.1089969E+04   0.1434112E+03   0.1040474E+01   0.1378326E+02   0.1060429E+04   0.1460135E+03   0.1416586E+00   0.1608996E+00   0.3379800E+04   0.1039920E-01   0.8173819E+00   0.4513989E+00   0.7357551E+02   0.6351503E+03   0.8374151E+02   0.1515198E+04   0.9049729E+02   0.1963070E+04   0.9614980E+02   0.2284518E+04   0.2378587E+03   0.5713818E+04   0.4646966E+00   0.7636850E+00   0.4837853E+00   0.6771346E+00   0.4825594E+00   0.6337621E+00   0.4776268E+00   0.6030855E+00   0.3041345E+00   0.3136326E+00   0.2929909E+02   0.1064109E+03   0.3240805E+02   0.9358621E+01   0.4037739E+03   0.2309296E+02   0.1150345E+05   0.7067010E+03   0.2765671E-01   0.1279349E+01   0.4483018E+01   0.1426044E+02   0.1193968E+05   0.5790024E+01
   0.7641223E+00   0.6337895E+04   0.2232112E-01   0.1217446E+00   0.1040049E+01   0.5351094E-01   0.3151803E+01   0.3042530E+01   0.9657719E+00   0.1002049E+01   0.2383573E+03   0.3035802E+02   0.7656978E+02   0.5070926E+02   0.5506961E+01   0.5276322E+00   0.7820403E+00   0.2229478E+00   0.8646298E+01   0.6740777E+00   0.1330983E+01   0.8901898E+00   0.1033457E+01   0.9946189E+00   0.9992763E+00   0.9980395E+00   0.9882340E+00   0.6763611E+02   0.6836674E+00   0.3163326E+00   0.1447109E+00   0.6451439E-03   0.9787681E-01   0.8127096E+00   0.8345392E+00   0.4570960E+00   0.6094968E+00   0.9882028E+00   0.9885812E+02   0.2443081E+01   0.7649231E+01   0.2095819E+01   0.1883106E+01   0.1227050E+04   0.5711462E+04   0.2527215E+04   0.8106162E+03   0.2281409E+03   0.9657719E+00   0.2467819E+00   0.2481135E+00   0.2631403E+01   0.1372633E+02   0.1090238E+04   0.1434993E+03   0.1040174E+01   0.1379569E+02   0.1060047E+04   0.1461618E+03   0.1414097E+00   0.1610376E+00   0.3394513E+04   0.1043372E-01   0.8139434E+00   0.4497378E+00   0.7300316E+02   0.6406013E+03   0.8326096E+02   0.1526634E+04   0.9006766E+02   0.1976865E+04   0.9575808E+02   0.2299736E+04   0.2379270E+03   0.5734053E+04   0.4612712E+00   0.7505111E+00   0.4785768E+00   0.6647462E+00   0.4766022E+00   0.6218746E+00   0.4712283E+00   0.5915924E+00   0.2980825E+00   0.3071091E+00   0.3379192E+02   0.1077359E+03   0.3476000E+02   0.9198843E+01   0.3960266E+03   0.2294411E+02   0.1151231E+05   0.7069082E+03   0.1114785E+00   0.8201760E+00   0.6310020E+01   0.2115703E+02   0.1194048E+05   0.7241675E+01
   0.3901913E+00   0.6340772E+04   0.2200944E-01   0.1188146E+00   0.1040583E+01   0.4474639E-01   0.3031565E+01   0.3021261E+01   0.9646487E+00   0.1002546E+01   0.2398712E+03   0.4596795E+02   0.9366481E+02   0.5401164E+02   0.8495771E+01   0.7814114E+00   0.6699334E+00   0.1946332E+00   0.2979726E+00   0.6177104E+00   0.1115975E+01   0.7363586E+00   0.8556555E+00   0.9964638E+00   0.1000213E+01   0.1007981E+01   0.9948027E+00   0.6719299E+02   0.6866614E+00   0.3133386E+00   0.1414692E+00   0.6451439E-03   0.9505738E-01   0.7995237E+00   0.8171045E+00   0.4475466E+00   0.5981840E+00   0.9753698E+00   0.9936589E+02   0.2412514E+01   0.6727600E+01   0.2051715E+01   0.1876078E+01   0.1224684E+04   0.5708351E+04   0.2534062E+04   0.8138083E+03   0.2289309E+03   0.9646487E+00   0.2450505E+00   0.2463758E+00   0.2649363E+01   0.1385401E+02   0.1090261E+04   0.1450873E+03   0.1040818E+01   0.1393974E+02   0.1059017E+04   0.1478813E+03   0.1398110E+00   0.1611959E+00   0.3371787E+04   0.1028109E-01   0.8174915E+00   0.4518342E+00   0.7247519E+02   0.6450508E+03   0.8258131E+02   0.1537958E+04   0.8929190E+02   0.1991999E+04   0.9490408E+02   0.2317726E+04   0.2353378E+03   0.5787073E+04   0.4519219E+00   0.7386273E+00   0.4696130E+00   0.6545417E+00   0.4680174E+00   0.6124614E+00   0.4629659E+00   0.5827201E+00   0.2937461E+00   0.3027579E+00   0.3502042E+02   0.1076646E+03   0.3609472E+02   0.1064631E+02   0.3961536E+03   0.2267986E+02   0.1152645E+05   0.7068049E+03   0.5194868E-01   0.1096772E+01   0.4867307E+01   0.1279222E+02   0.1195593E+05   0.6016027E+01
   0.5704384E+00   0.6329722E+04   0.2206628E-01   0.1167903E+00   0.1041028E+01   0.4419710E-01   0.2912058E+01   0.3012287E+01   0.9608510E+00   0.9979810E+00   0.2441175E+03   0.3577860E+02   0.1000591E+03   0.3933133E+02   0.4177099E+01   0.6815235E+00   0.3850601E+00   0.2902817E+00   0.2949456E+01   0.9374036E+00   0.1041669E+01   0.9852494E+00   0.1187068E+01   0.9975200E+00   0.1000440E+01   0.9990220E+00   0.9906947E+00   0.6670959E+02   0.6865250E+00   0.3134750E+00   0.1395017E+00   0.6451439E-03   0.9306102E-01   0.7918011E+00   0.8093883E+00   0.4433203E+00   0.5924706E+00   0.9694423E+00   0.9938288E+02   0.2408508E+01   0.6614685E+01   0.2033384E+01   0.1861360E+01   0.1226778E+04   0.5706791E+04   0.2526171E+04   0.8132408E+03   0.2294457E+03   0.9608510E+00   0.2434596E+00   0.2447791E+00   0.2596358E+01   0.1395316E+02   0.1089889E+04   0.1461876E+03   0.1041326E+01   0.1403861E+02   0.1058903E+04   0.1489784E+03   0.1391793E+00   0.1607871E+00   0.3378995E+04   0.1021992E-01   0.8165923E+00   0.4513290E+00   0.7195145E+02   0.6497595E+03   0.8198924E+02   0.1549141E+04   0.8865418E+02   0.2006454E+04   0.9422805E+02   0.2334520E+04   0.2336896E+03   0.5828505E+04   0.4476827E+00   0.7314773E+00   0.4651655E+00   0.6481889E+00   0.4635655E+00   0.6065104E+00   0.4585492E+00   0.5770541E+00   0.2908974E+00   0.2998058E+00   0.2777463E+02   0.1040768E+03   0.3019988E+02   0.9882404E+01   0.3962672E+03   0.2361737E+02   0.1151344E+05   0.7068093E+03   0.5077314E-01   0.1096772E+01   0.4798856E+01   0.3480762E+01   0.1194321E+05   0.5946401E+01
   0.4160251E+00   0.6332003E+04   0.2226463E-01   0.1163275E+00   0.1041172E+01   0.4879218E-01   0.2894646E+01   0.3014970E+01   0.9600117E+00   0.9966730E+00   0.2682191E+03   0.2381718E+02   0.8085315E+02   0.4736884E+02   0.5293163E+00   0.8468837E+00   0.7625390E-01   0.5568536E+00   0.9152966E+01   0.1020892E+01   0.1068265E+01   0.8084009E+00   0.1180441E+01   0.9984742E+00   0.1001649E+01   0.1005557E+01   0.9955958E+00   0.6687805E+02   0.6886933E+00   0.3113067E+00   0.1392373E+00   0.6451439E-03   0.9311920E-01   0.7908549E+00   0.8056202E+00   0.4412564E+00   0.5907366E+00   0.9670635E+00   0.9962801E+02   0.2410048E+01   0.7057190E+01   0.2038849E+01   0.1849289E+01   0.1224620E+04   0.5698137E+04   0.2512089E+04   0.8096206E+03   0.2288419E+03   0.9600117E+00   0.2433035E+00   0.2446224E+00   0.2552824E+01   0.1394500E+02   0.1089580E+04   0.1462467E+03   0.1041468E+01   0.1404236E+02   0.1059322E+04   0.1489697E+03   0.1394077E+00   0.1604807E+00   0.3380608E+04   0.1021263E-01   0.8169575E+00   0.4513741E+00   0.7210036E+02   0.6482570E+03   0.8210211E+02   0.1546093E+04   0.8874643E+02   0.2002854E+04   0.9430460E+02   0.2330618E+04   0.2335349E+03   0.5824853E+04   0.4457725E+00   0.7308150E+00   0.4637156E+00   0.6478343E+00   0.4623694E+00   0.6062748E+00   0.4575304E+00   0.5768895E+00   0.2908998E+00   0.2999005E+00   0.2617853E+02   0.1053173E+03   0.3158839E+02   0.1058002E+02   0.3957386E+03   0.2375616E+02   0.1151651E+05   0.7067430E+03   0.3061492E-01   0.1217317E+01   0.4387785E+01   0.5045336E+01   0.1194658E+05   0.5635717E+01
   0.6411943E+00   0.6327376E+04   0.2234922E-01   0.1141715E+00   0.1041484E+01   0.5110267E-01   0.2793847E+01   0.3021624E+01   0.9628652E+00   0.9992258E+00   0.2050451E+03   0.3579527E+02   0.1095463E+03   0.3642269E+02   0.6466509E+01   0.7746117E+00   0.5859121E+00   0.4901721E+00   0.2220447E+00   0.1091210E+01   0.7803137E+00   0.9803764E+00   0.1008684E+01   0.9987452E+00   0.1000451E+01   0.9989117E+00   0.9858779E+00   0.6662903E+02   0.6910280E+00   0.3089720E+00   0.1371659E+00   0.6451439E-03   0.9139229E-01   0.7898802E+00   0.8016046E+00   0.4390569E+00   0.5888993E+00   0.9676750E+00   0.9994579E+02   0.2407254E+01   0.7234192E+01   0.2052460E+01   0.1853052E+01   0.1223549E+04   0.5728422E+04   0.2532978E+04   0.8204682E+03   0.2330426E+03   0.9628652E+00   0.2419505E+00   0.2432644E+00   0.2502043E+01   0.1402677E+02   0.1089184E+04   0.1472903E+03   0.1041836E+01   0.1413758E+02   0.1059246E+04   0.1500034E+03   0.1388057E+00   0.1600913E+00   0.3376719E+04   0.1013019E-01   0.8180588E+00   0.4518906E+00   0.7179427E+02   0.6508489E+03   0.8169312E+02   0.1552847E+04   0.8827258E+02   0.2011979E+04   0.9377815E+02   0.2341542E+04   0.2318630E+03   0.5858737E+04   0.4437624E+00   0.7301427E+00   0.4621970E+00   0.6474898E+00   0.4611225E+00   0.6060569E+00   0.4564733E+00   0.5767471E+00   0.2909327E+00   0.3000272E+00   0.2451161E+02   0.1029317E+03   0.2914597E+02   0.9777695E+01   0.3957075E+03   0.2310935E+02   0.1151156E+05   0.7066802E+03   0.1200924E-01   0.1407057E+01   0.3907083E+01   0.2594928E+01   0.1194015E+05   0.5326149E+01
   0.7334709E+00   0.6330252E+04   0.2241419E-01   0.1187039E+00   0.1041029E+01   0.5052215E-01   0.2943583E+01   0.3020497E+01   0.9620215E+00   0.9951801E+00   0.2098757E+03   0.4096846E+02   0.9707449E+02   0.3967057E+02   0.3924258E+01   0.6083518E+00   0.6378686E+00   0.6213684E+00   0.3833611E+01   0.9895926E+00   0.8957602E+00   0.1011133E+01   0.1123193E+01   0.9959469E+00   0.1002131E+01   0.9992904E+00   0.9844143E+00   0.6668762E+02   0.6812332E+00   0.3187668E+00   0.1417632E+00   0.6451439E-03   0.9453851E-01   0.7993598E+00   0.8239829E+00   0.4513140E+00   0.6006349E+00   0.9788580E+00   0.9863559E+02   0.2426858E+01   0.7249451E+01   0.2050149E+01   0.1853115E+01   0.1218105E+04   0.5666003E+04   0.2507941E+04   0.8093010E+03   0.2291455E+03   0.9620215E+00   0.2440326E+00   0.2453542E+00   0.2541962E+01   0.1389187E+02   0.1089650E+04   0.1452506E+03   0.1041276E+01   0.1394929E+02   0.1059856E+04   0.1479069E+03   0.1404390E+00   0.1603652E+00   0.3419303E+04   0.1036406E-01   0.8103919E+00   0.4478324E+00   0.7201520E+02   0.6495701E+03   0.8219766E+02   0.1547409E+04   0.8895063E+02   0.2003378E+04   0.9459437E+02   0.2330262E+04   0.2354165E+03   0.5803449E+04   0.4552591E+00   0.7379471E+00   0.4717355E+00   0.6533616E+00   0.4695104E+00   0.6111189E+00   0.4640332E+00   0.5812957E+00   0.2928233E+00   0.3015749E+00   0.2849704E+02   0.1044048E+03   0.2968790E+02   0.9186282E+01   0.3957001E+03   0.2352628E+02   0.1150714E+05   0.7070027E+03   0.1436606E+00   0.7194209E+00   0.6820517E+01   0.1026608E+02   0.1193555E+05   0.7683598E+01
   0.7329126E+00   0.6334985E+04   0.2224854E-01   0.1209895E+00   0.1041199E+01   0.5032740E-01   0.3094361E+01   0.3025418E+01   0.9631596E+00   0.9940683E+00   0.2481269E+03   0.3544382E+02   0.9558988E+02   0.4147710E+02   0.1670856E+01   0.7274930E+00   0.1773332E+00   0.2490664E+00   0.6761462E+01   0.9207762E+00   0.1276469E+01   0.9625954E+00   0.1218388E+01   0.9964281E+00   0.1002563E+01   0.1000733E+01   0.9994885E+00   0.6756287E+02   0.6847944E+00   0.3152056E+00   0.1438832E+00   0.6451439E-03   0.9721161E-01   0.8056012E+00   0.8257649E+00   0.4522901E+00   0.6036269E+00   0.9800902E+00   0.9913031E+02   0.2427368E+01   0.7316589E+01   0.2060261E+01   0.1862981E+01   0.1219979E+04   0.5661031E+04   0.2505245E+04   0.8038852E+03   0.2262322E+03   0.9631596E+00   0.2459916E+00   0.2473203E+00   0.2625442E+01   0.1375549E+02   0.1090207E+04   0.1440292E+03   0.1041360E+01   0.1383087E+02   0.1059780E+04   0.1467231E+03   0.1409751E+00   0.1611232E+00   0.3400870E+04   0.1041344E-01   0.8134544E+00   0.4495619E+00   0.7290118E+02   0.6414191E+03   0.8311641E+02   0.1528842E+04   0.8989652E+02   0.1979894E+04   0.9556548E+02   0.2303398E+04   0.2372781E+03   0.5746118E+04   0.4565549E+00   0.7440531E+00   0.4739523E+00   0.6591427E+00   0.4721214E+00   0.6166806E+00   0.4668801E+00   0.5866812E+00   0.2956546E+00   0.3046505E+00   0.3063434E+02   0.1071838E+03   0.3350276E+02   0.9322831E+01   0.3957624E+03   0.2383478E+02   0.1151397E+05   0.7068676E+03   0.7687139E-01   0.9818667E+00   0.5394770E+01   0.1375950E+02   0.1194289E+05   0.6453509E+01
   0.4368337E+00   0.6332004E+04   0.2214738E-01   0.1213625E+00   0.1040804E+01   0.4771419E-01   0.3197856E+01   0.3028022E+01   0.9656978E+00   0.9985996E+00   0.2388644E+03   0.4749887E+02   0.1041923E+03   0.4089589E+02   0.6476445E+01   0.5892788E+00   0.7017256E+00   0.2273794E-04   0.4350145E+01   0.9661115E+00   0.1171781E+01   0.1108652E+01   0.1221941E+01   0.9971772E+00   0.1002264E+01   0.9999478E+00   0.9970676E+00   0.6841248E+02   0.6919940E+00   0.3080060E+00   0.1441550E+00   0.6451439E-03   0.9862003E-01   0.8056448E+00   0.8163240E+00   0.4471191E+00   0.6001826E+00   0.9740381E+00   0.1000383E+03   0.2413256E+01   0.7078552E+01   0.2065634E+01   0.1877627E+01   0.1224395E+04   0.5701785E+04   0.2518827E+04   0.8053499E+03   0.2256136E+03   0.9656978E+00   0.2473164E+00   0.2486499E+00   0.2681143E+01   0.1367317E+02   0.1090474E+04   0.1435013E+03   0.1040906E+01   0.1378619E+02   0.1059628E+04   0.1462281E+03   0.1410309E+00   0.1615814E+00   0.3360918E+04   0.1036193E-01   0.8201473E+00   0.4531262E+00   0.7369892E+02   0.6339600E+03   0.8383500E+02   0.1512781E+04   0.9057361E+02   0.1960216E+04   0.9621304E+02   0.2281423E+04   0.2377285E+03   0.5710945E+04   0.4519598E+00   0.7448029E+00   0.4709657E+00   0.6605852E+00   0.4699780E+00   0.6183528E+00   0.4653101E+00   0.5884716E+00   0.2968318E+00   0.3061835E+00   0.3846490E+02   0.1111559E+03   0.3851609E+02   0.1056860E+02   0.3957811E+03   0.2322592E+02   0.1151354E+05   0.7066568E+03   0.8389503E-02   0.1472759E+01   0.3835386E+01   0.8920151E+01   0.1194311E+05   0.5316535E+01
   0.1733514E+00   0.6328992E+04   0.2220641E-01   0.1200020E+00   0.1040930E+01   0.4288819E-01   0.3137119E+01   0.3014796E+01   0.9691925E+00   0.9986450E+00   0.2730500E+03   0.4430726E+02   0.1001376E+03   0.4395169E+02   0.2828167E+01   0.7490756E+00   0.3555262E+00   0.3164822E+00   0.4925198E+01   0.1107923E+01   0.1003802E+01   0.9300303E+00   0.1090818E+01   0.9974440E+00   0.1001416E+01   0.9953489E+00   0.9942162E+00   0.6828064E+02   0.6935949E+00   0.3064051E+00   0.1428536E+00   0.6451439E-03   0.9754133E-01   0.7986173E+00   0.8070975E+00   0.4420655E+00   0.5941727E+00   0.9664734E+00   0.1002478E+03   0.2386997E+01   0.6513977E+01   0.2038493E+01   0.1870928E+01   0.1211820E+04   0.5684528E+04   0.2521250E+04   0.8094813E+03   0.2274044E+03   0.9691925E+00   0.2465415E+00   0.2478722E+00   0.2648478E+01   0.1371962E+02   0.1090218E+04   0.1441021E+03   0.1041068E+01   0.1384175E+02   0.1059628E+04   0.1468173E+03   0.1406818E+00   0.1613322E+00   0.3357264E+04   0.1030923E-01   0.8210310E+00   0.4535444E+00   0.7353044E+02   0.6352974E+03   0.8360075E+02   0.1516357E+04   0.9029809E+02   0.1965102E+04   0.9590415E+02   0.2287316E+04   0.2367041E+03   0.5730157E+04   0.4469955E+00   0.7384651E+00   0.4661908E+00   0.6551396E+00   0.4653995E+00   0.6133285E+00   0.4609005E+00   0.5837355E+00   0.2945140E+00   0.3038599E+00   0.3256836E+02   0.1091945E+03   0.3574103E+02   0.1245246E+02   0.3966163E+03   0.2224364E+02   0.1151163E+05   0.7066214E+03   0.2368279E-02   0.1607985E+01   0.3627702E+01   0.3186149E+01   0.1194294E+05   0.5238055E+01
   0.3391235E+00   0.6332942E+04   0.2213304E-01   0.1180727E+00   0.1041230E+01   0.4250396E-01   0.2981084E+01   0.3019682E+01   0.9661039E+00   0.1004741E+01   0.2563270E+03   0.3840054E+02   0.8916364E+02   0.4672123E+02   0.2278132E+01   0.6691142E+00   0.3441813E+00   0.2760623E+00   0.6360860E+01   0.9434376E+00   0.8224393E+00   0.9152765E+00   0.1133072E+01   0.9974943E+00   0.1001990E+01   0.9843904E+00   0.9882396E+00   0.6718201E+02   0.6879288E+00   0.3120712E+00   0.1408509E+00   0.6451439E-03   0.9462645E-01   0.7984252E+00   0.8143299E+00   0.4460269E+00   0.5967571E+00   0.9741094E+00   0.9956292E+02   0.2406616E+01   0.6443787E+01   0.2048478E+01   0.1881537E+01   0.1225435E+04   0.5732087E+04   0.2548792E+04   0.8212236E+03   0.2317519E+03   0.9661039E+00   0.2444248E+00   0.2457478E+00   0.2607977E+01   0.1387199E+02   0.1089986E+04   0.1454423E+03   0.1041486E+01   0.1396489E+02   0.1059208E+04   0.1481988E+03   0.1397717E+00   0.1609508E+00   0.3379934E+04   0.1027088E-01   0.8168306E+00   0.4514101E+00   0.7244388E+02   0.6452364E+03   0.8251233E+02   0.1538711E+04   0.8919984E+02   0.1993176E+04   0.9479363E+02   0.2319261E+04   0.2348618E+03   0.5794442E+04   0.4504941E+00   0.7377377E+00   0.4684450E+00   0.6538907E+00   0.4670003E+00   0.6119092E+00   0.4620566E+00   0.5822299E+00   0.2935524E+00   0.3026106E+00   0.3070008E+02   0.1079609E+03   0.3316126E+02   0.1096627E+02   0.3967104E+03   0.2231169E+02   0.1151480E+05   0.7067655E+03   0.3480498E-01   0.1217317E+01   0.4443751E+01   0.8629288E+01   0.1194479E+05   0.5695873E+01
   0.9578181E+00   0.6333919E+04   0.2193409E-01   0.1156729E+00   0.1041612E+01   0.4999225E-01   0.2757656E+01   0.3028533E+01   0.9555425E+00   0.1002115E+01   0.1744854E+03   0.3279436E+02   0.1142090E+03   0.3519343E+02   0.5884683E+01   0.7115547E+00   0.4424620E+00   0.1556016E+00   0.1767306E+01   0.1037049E+01   0.9482102E+00   0.8979049E+00   0.8920596E+00   0.9973394E+00   0.9983923E+00   0.9959074E+00   0.9866288E+00   0.6537659E+02   0.6765349E+00   0.3234651E+00   0.1382522E+00   0.6451439E-03   0.9038455E-01   0.7986844E+00   0.8293317E+00   0.4542437E+00   0.6023266E+00   0.9877887E+00   0.9822977E+02   0.2454772E+01   0.7228088E+01   0.2066689E+01   0.1870046E+01   0.1244327E+04   0.5736793E+04   0.2547307E+04   0.8220918E+03   0.2330189E+03   0.9555425E+00   0.2412678E+00   0.2425791E+00   0.2566517E+01   0.1411223E+02   0.1089801E+04   0.1473997E+03   0.1042026E+01   0.1414550E+02   0.1058369E+04   0.1502522E+03   0.1383768E+00   0.1604976E+00   0.3420802E+04   0.1023656E-01   0.8091044E+00   0.4475217E+00   0.7067124E+02   0.6622747E+03   0.8078241E+02   0.1576511E+04   0.8748102E+02   0.2040303E+04   0.9307605E+02   0.2372598E+04   0.2323463E+03   0.5895969E+04   0.4578282E+00   0.7368741E+00   0.4732443E+00   0.6519245E+00   0.4704817E+00   0.6095751E+00   0.4646454E+00   0.5797044E+00   0.2918735E+00   0.3003905E+00   0.2680004E+02   0.1036212E+03   0.2961616E+02   0.8443851E+01   0.3957283E+03   0.2456816E+02   0.1151871E+05   0.7072113E+03   0.2111699E+00   0.5804309E+00   0.7794597E+01   0.4588252E+01   0.1194745E+05   0.8586198E+01
   0.8864337E+00   0.6331174E+04   0.2199875E-01   0.1173043E+00   0.1041414E+01   0.5164979E-01   0.2860124E+01   0.3035861E+01   0.9590879E+00   0.1004578E+01   0.2220249E+03   0.3390673E+02   0.8311378E+02   0.4485827E+02   0.5218185E+00   0.6005271E+00   0.3290851E+00   0.2908709E+00   0.9027313E+01   0.1055180E+01   0.1097921E+01   0.1007388E+01   0.1235657E+01   0.9956016E+00   0.1003086E+01   0.9988317E+00   0.9959835E+00   0.6599182E+02   0.6786435E+00   0.3213565E+00   0.1399482E+00   0.6451439E-03   0.9235438E-01   0.8046078E+00   0.8327549E+00   0.4561186E+00   0.6058025E+00   0.9904651E+00   0.9845156E+02   0.2454554E+01   0.7423401E+01   0.2081890E+01   0.1877567E+01   0.1240051E+04   0.5733006E+04   0.2547651E+04   0.8210487E+03   0.2323198E+03   0.9590879E+00   0.2427186E+00   0.2440354E+00   0.2590750E+01   0.1400652E+02   0.1089968E+04   0.1463716E+03   0.1041752E+01   0.1405053E+02   0.1058712E+04   0.1491875E+03   0.1391154E+00   0.1607245E+00   0.3414109E+04   0.1028937E-01   0.8103926E+00   0.4481458E+00   0.7130279E+02   0.6562532E+03   0.8145090E+02   0.1562691E+04   0.8817715E+02   0.2022750E+04   0.9379674E+02   0.2352457E+04   0.2338282E+03   0.5851606E+04   0.4598981E+00   0.7425407E+00   0.4758994E+00   0.6571560E+00   0.4733584E+00   0.6145562E+00   0.4676419E+00   0.5844964E+00   0.2943514E+00   0.3030338E+00   0.3100705E+02   0.1078186E+03   0.3365739E+02   0.8696659E+01   0.3958277E+03   0.2369957E+02   0.1150670E+05   0.7071134E+03   0.1721147E+00   0.6715329E+00   0.7127603E+01   0.1233470E+02   0.1193493E+05   0.7971250E+01
   0.7561405E+00   0.6332328E+04   0.2230609E-01   0.1176445E+00   0.1041472E+01   0.5489125E-01   0.3012354E+01   0.3044252E+01   0.9708136E+00   0.1003758E+01   0.2489600E+03   0.5039571E+02   0.9042012E+02   0.4791196E+02   0.5169378E+01   0.6632960E+00   0.8551144E+00   0.7244572E+00   0.3980807E+01   0.1226482E+01   0.6691294E+00   0.9740897E+00   0.9551050E+00   0.9998830E+00   0.1002996E+01   0.1005510E+01   0.9952485E+00   0.6792542E+02   0.6952754E+00   0.3047246E+00   0.1405957E+00   0.6451439E-03   0.9550022E-01   0.8067856E+00   0.8131136E+00   0.4453607E+00   0.5994252E+00   0.9789083E+00   0.1005030E+03   0.2415465E+01   0.7713318E+01   0.2099432E+01   0.1881152E+01   0.1220589E+04   0.5739489E+04   0.2550756E+04   0.8231032E+03   0.2327225E+03   0.9708136E+00   0.2449181E+00   0.2462429E+00   0.2585900E+01   0.1381235E+02   0.1089760E+04   0.1452626E+03   0.1041693E+01   0.1394486E+02   0.1059589E+04   0.1479608E+03   0.1400333E+00   0.1608808E+00   0.3359550E+04   0.1023055E-01   0.8212283E+00   0.4535822E+00   0.7312365E+02   0.6387074E+03   0.8309281E+02   0.1524911E+04   0.8972550E+02   0.1976460E+04   0.9527868E+02   0.2300761E+04   0.2348806E+03   0.5768671E+04   0.4504640E+00   0.7461916E+00   0.4702407E+00   0.6621861E+00   0.4696453E+00   0.6200055E+00   0.4652399E+00   0.5901402E+00   0.2978314E+00   0.3073505E+00   0.3232913E+02   0.1086225E+03   0.3361672E+02   0.9539244E+01   0.3960610E+03   0.2207056E+02   0.1151566E+05   0.7065888E+03   0.2884924E-04   0.1747772E+01   0.3426282E+01   0.9566615E+01   0.1194333E+05   0.5174082E+01
   0.5045926E+00   0.6335847E+04   0.2250031E-01   0.1172377E+00   0.1041359E+01   0.5516766E-01   0.3038584E+01   0.3044640E+01   0.9696771E+00   0.1004362E+01   0.3123097E+03   0.4216157E+02   0.7692912E+02   0.5308314E+02   0.1154616E+01   0.3524850E+00   0.8470632E+00   0.1554194E+00   0.6503020E+01   0.1355033E+01   0.9681736E+00   0.8121877E+00   0.7388950E+00   0.9989991E+00   0.1000443E+01   0.9871258E+00   0.9917657E+00   0.6850037E+02   0.7008222E+00   0.2991778E+00   0.1403832E+00   0.6451439E-03   0.9616300E-01   0.8034196E+00   0.8023179E+00   0.4394476E+00   0.5941892E+00   0.9707245E+00   0.1011868E+03   0.2408506E+01   0.7695007E+01   0.2100246E+01   0.1880841E+01   0.1227321E+04   0.5778548E+04   0.2549249E+04   0.8218131E+03   0.2322378E+03   0.9696771E+00   0.2453453E+00   0.2466717E+00   0.2559312E+01   0.1376689E+02   0.1089510E+04   0.1450866E+03   0.1041540E+01   0.1393000E+02   0.1060047E+04   0.1477171E+03   0.1403337E+00   0.1607077E+00   0.3342620E+04   0.1019700E-01   0.8248094E+00   0.4552999E+00   0.7365169E+02   0.6337278E+03   0.8354381E+02   0.1514365E+04   0.9013373E+02   0.1963674E+04   0.9565511E+02   0.2286603E+04   0.2348858E+03   0.5748975E+04   0.4449431E+00   0.7436354E+00   0.4658675E+00   0.6605347E+00   0.4659324E+00   0.6187171E+00   0.4619971E+00   0.5890741E+00   0.2975175E+00   0.3072869E+00   0.3327038E+02   0.1065960E+03   0.3179895E+02   0.1042215E+02   0.3960576E+03   0.2235395E+02   0.1152087E+05   0.7065149E+03   0.2100269E-01   0.2193517E+01   0.3424227E+01   0.9837897E+01   0.1194970E+05   0.5638747E+01
   0.7429174E+00   0.6329874E+04   0.2265040E-01   0.1199672E+00   0.1041077E+01   0.5330626E-01   0.3194050E+01   0.3048113E+01   0.9731029E+00   0.1002754E+01   0.2483807E+03   0.3854149E+02   0.8723443E+02   0.4571840E+02   0.5931832E-02   0.3628372E+00   0.6358288E+00   0.3221839E+00   0.7907366E+01   0.1174745E+01   0.1055156E+01   0.9594193E+00   0.1048372E+01   0.9968430E+00   0.1002898E+01   0.9941864E+00   0.9931123E+00   0.6937927E+02   0.7023719E+00   0.2976281E+00   0.1432628E+00   0.6451439E-03   0.9939468E-01   0.8096424E+00   0.8064354E+00   0.4417029E+00   0.5980145E+00   0.9720271E+00   0.1013310E+03   0.2405887E+01   0.7536316E+01   0.2107553E+01   0.1894424E+01   0.1225940E+04   0.5788884E+04   0.2552078E+04   0.8207493E+03   0.2313098E+03   0.9731029E+00   0.2474610E+00   0.2487950E+00   0.2585641E+01   0.1361263E+02   0.1089710E+04   0.1434944E+03   0.1041141E+01   0.1378242E+02   0.1060696E+04   0.1460537E+03   0.1416153E+00   0.1609585E+00   0.3341690E+04   0.1030009E-01   0.8252973E+00   0.4554366E+00   0.7456605E+02   0.6258493E+03   0.8453989E+02   0.1495899E+04   0.9118658E+02   0.1939968E+04   0.9675664E+02   0.2259194E+04   0.2373341E+03   0.5684360E+04   0.4473681E+00   0.7495456E+00   0.4687860E+00   0.6659511E+00   0.4690303E+00   0.6238599E+00   0.4651879E+00   0.5940135E+00   0.3000528E+00   0.3099903E+00   0.3203627E+02   0.1084683E+03   0.3161369E+02   0.9659817E+01   0.3958213E+03   0.2231769E+02   0.1151242E+05   0.7065035E+03   0.2953560E-01   0.2271281E+01   0.3504303E+01   0.7224672E+01   0.1194022E+05   0.5805119E+01
   0.6239413E+00   0.6331447E+04   0.2244326E-01   0.1162990E+00   0.1041406E+01   0.4797263E-01   0.2939647E+01   0.3026852E+01   0.9610871E+00   0.1001664E+01   0.2068188E+03   0.3014031E+02   0.9554030E+02   0.4215734E+02   0.3132144E+01   0.5380941E+00   0.6193558E+00   0.1602946E+00   0.5103080E+01   0.1155878E+01   0.8079804E+00   0.9637231E+00   0.9670530E+00   0.9973733E+00   0.1002500E+01   0.9905735E+00   0.9899968E+00   0.6763977E+02   0.6953372E+00   0.3046628E+00   0.1393875E+00   0.6451439E-03   0.9428135E-01   0.7938210E+00   0.7999662E+00   0.4381596E+00   0.5897629E+00   0.9652094E+00   0.1004751E+03   0.2412227E+01   0.6941223E+01   0.2063218E+01   0.1874462E+01   0.1241911E+04   0.5797926E+04   0.2544070E+04   0.8193988E+03   0.2315869E+03   0.9610871E+00   0.2439904E+00   0.2453117E+00   0.2535382E+01   0.1387170E+02   0.1089400E+04   0.1458831E+03   0.1041647E+01   0.1400504E+02   0.1059742E+04   0.1485445E+03   0.1398104E+00   0.1604450E+00   0.3363525E+04   0.1019231E-01   0.8207674E+00   0.4532345E+00   0.7281286E+02   0.6414307E+03   0.8273859E+02   0.1531423E+04   0.8934245E+02   0.1984906E+04   0.9487150E+02   0.2310598E+04   0.2338702E+03   0.5793451E+04   0.4432060E+00   0.7342056E+00   0.4626751E+00   0.6515553E+00   0.4620946E+00   0.6100544E+00   0.4577635E+00   0.5806701E+00   0.2930615E+00   0.3024255E+00   0.2658890E+02   0.1062946E+03   0.2997584E+02   0.9924702E+01   0.3957674E+03   0.2395733E+02   0.1151560E+05   0.7065877E+03   0.3022731E-05   0.1747772E+01   0.3469355E+01   0.5834053E+01   0.1194525E+05   0.5217129E+01
   0.7910721E+00   0.6338230E+04   0.2233197E-01   0.1156264E+00   0.1041646E+01   0.5821952E-01   0.2932721E+01   0.3043752E+01   0.9608327E+00   0.1001673E+01   0.3028906E+03   0.4540665E+02   0.1006500E+03   0.4791282E+02   0.3372331E+01   0.8693687E+00   0.3912789E+00   0.3408007E+00   0.2259174E+01   0.1242960E+01   0.8888439E+00   0.7884814E+00   0.8973517E+00   0.9982517E+00   0.1000882E+01   0.9908122E+00   0.9918552E+00   0.6778992E+02   0.6983911E+00   0.3016089E+00   0.1386036E+00   0.6451439E-03   0.9395924E-01   0.7990306E+00   0.8011704E+00   0.4388191E+00   0.5921401E+00   0.9704673E+00   0.1009319E+03   0.2427857E+01   0.7997131E+01   0.2098383E+01   0.1867738E+01   0.1242403E+04   0.5784196E+04   0.2536628E+04   0.8160849E+03   0.2305248E+03   0.9608327E+00   0.2438515E+00   0.2451724E+00   0.2553384E+01   0.1387995E+02   0.1089472E+04   0.1461848E+03   0.1041909E+01   0.1403048E+02   0.1059437E+04   0.1488893E+03   0.1393959E+00   0.1606303E+00   0.3347674E+04   0.1013951E-01   0.8235456E+00   0.4547734E+00   0.7292550E+02   0.6402170E+03   0.8278533E+02   0.1529272E+04   0.8934999E+02   0.1982609E+04   0.9484843E+02   0.2308327E+04   0.2333112E+03   0.5796511E+04   0.4441279E+00   0.7393295E+00   0.4644011E+00   0.6564405E+00   0.4641774E+00   0.6147696E+00   0.4600653E+00   0.5852460E+00   0.2954991E+00   0.3050792E+00   0.3069100E+02   0.1078668E+03   0.3634456E+02   0.9496850E+01   0.3968944E+03   0.2420510E+02   0.1152861E+05   0.7065409E+03   0.8684427E-02   0.2040338E+01   0.3336149E+01   0.5328190E+01   0.1195921E+05   0.5385171E+01
   0.2114454E+00   0.6337823E+04   0.2253425E-01   0.1187069E+00   0.1040832E+01   0.5395301E-01   0.3155109E+01   0.3036961E+01   0.9710140E+00   0.1000269E+01   0.2463260E+03   0.3993230E+02   0.1035856E+03   0.3602647E+02   0.3467641E+01   0.6998470E+00   0.1432364E+00   0.3344295E+00   0.7881203E+01   0.9700360E+00   0.1020451E+01   0.1026614E+01   0.1238065E+01   0.9963739E+00   0.1001307E+01   0.9964781E+00   0.9785262E+00   0.6919250E+02   0.7036381E+00   0.2963619E+00   0.1418863E+00   0.6451439E-03   0.9817469E-01   0.8016345E+00   0.7967590E+00   0.4364029E+00   0.5914690E+00   0.9637112E+00   0.1015078E+03   0.2392370E+01   0.7603455E+01   0.2084182E+01   0.1870995E+01   0.1217449E+04   0.5739276E+04   0.2525280E+04   0.8115154E+03   0.2284244E+03   0.9710140E+00   0.2469055E+00   0.2482375E+00   0.2593184E+01   0.1366551E+02   0.1089707E+04   0.1440964E+03   0.1040931E+01   0.1384303E+02   0.1060314E+04   0.1467035E+03   0.1409823E+00   0.1609734E+00   0.3326484E+04   0.1022692E-01   0.8275626E+00   0.4566979E+00   0.7434522E+02   0.6276170E+03   0.8425475E+02   0.1500432E+04   0.9086057E+02   0.1946048E+04   0.9639731E+02   0.2266443E+04   0.2362350E+03   0.5706268E+04   0.4421052E+00   0.7422624E+00   0.4635940E+00   0.6596254E+00   0.4639883E+00   0.6179951E+00   0.4602891E+00   0.5884674E+00   0.2973129E+00   0.3072167E+00   0.3318060E+02   0.1079081E+03   0.3405933E+02   0.1217926E+02   0.3958829E+03   0.2228909E+02   0.1152461E+05   0.7064973E+03   0.4350659E-01   0.2429501E+01   0.3618083E+01   0.8092427E+01   0.1195496E+05   0.6091091E+01
   0.5537817E+00   0.6331930E+04   0.2250604E-01   0.1182398E+00   0.1040732E+01   0.5531903E-01   0.3092181E+01   0.3041661E+01   0.9666812E+00   0.1001249E+01   0.2395859E+03   0.3499924E+02   0.1074569E+03   0.4515922E+02   0.7977306E+01   0.6497776E+00   0.6079270E+00   0.5798120E-01   0.1923792E+01   0.7374110E+00   0.9914812E+00   0.8978136E+00   0.1105902E+01   0.9977922E+00   0.9988721E+00   0.9973199E+00   0.9957900E+00   0.6856628E+02   0.6992535E+00   0.3007465E+00   0.1413910E+00   0.6451439E-03   0.9694656E-01   0.8025533E+00   0.8035512E+00   0.4401231E+00   0.5943250E+00   0.9692115E+00   0.1009115E+03   0.2413095E+01   0.7731628E+01   0.2093999E+01   0.1874680E+01   0.1229929E+04   0.5765970E+04   0.2531784E+04   0.8135544E+03   0.2292772E+03   0.9666812E+00   0.2460624E+00   0.2473914E+00   0.2576671E+01   0.1373376E+02   0.1089642E+04   0.1445516E+03   0.1040879E+01   0.1388746E+02   0.1060162E+04   0.1471736E+03   0.1407052E+00   0.1607745E+00   0.3342653E+04   0.1023375E-01   0.8243650E+00   0.4550499E+00   0.7374637E+02   0.6330288E+03   0.8369401E+02   0.1512310E+04   0.9031847E+02   0.1960755E+04   0.9586762E+02   0.2282996E+04   0.2356745E+03   0.5735354E+04   0.4455037E+00   0.7426727E+00   0.4660531E+00   0.6595010E+00   0.4659288E+00   0.6176739E+00   0.4618676E+00   0.5880343E+00   0.2969206E+00   0.3065993E+00   0.3128121E+02   0.1101719E+03   0.3370167E+02   0.1022046E+02   0.3961824E+03   0.2308953E+02   0.1151536E+05   0.7065305E+03   0.7496775E-02   0.1965459E+01   0.3398420E+01   0.7105564E+01   0.1194485E+05   0.5371376E+01
   0.8202836E+00   0.6338506E+04   0.2214233E-01   0.1179413E+00   0.1040792E+01   0.6380695E-01   0.3079390E+01   0.3053644E+01   0.9694371E+00   0.9997049E+00   0.2589137E+03   0.3497122E+02   0.1048048E+03   0.4127820E+02   0.6418410E+01   0.9902194E+00   0.2052987E+00   0.8022326E+00   0.5338110E+01   0.1153865E+01   0.1148797E+01   0.9354636E+00   0.1342545E+01   0.9980394E+00   0.1001423E+01   0.1004690E+01   0.1001129E+01   0.6824402E+02   0.6978283E+00   0.3021717E+00   0.1407288E+00   0.6451439E-03   0.9603899E-01   0.8092187E+00   0.8121423E+00   0.4448287E+00   0.5999697E+00   0.9795657E+00   0.1008132E+03   0.2423870E+01   0.8647156E+01   0.2119242E+01   0.1865343E+01   0.1217021E+04   0.5695896E+04   0.2522091E+04   0.8101435E+03   0.2280670E+03   0.9694371E+00   0.2457481E+00   0.2470759E+00   0.2640660E+01   0.1378036E+02   0.1090062E+04   0.1449722E+03   0.1040987E+01   0.1392642E+02   0.1059284E+04   0.1477246E+03   0.1398984E+00   0.1612493E+00   0.3332610E+04   0.1019430E-01   0.8252395E+00   0.4557849E+00   0.7342334E+02   0.6359169E+03   0.8336555E+02   0.1518864E+04   0.8998420E+02   0.1969025E+04   0.9552745E+02   0.2292438E+04   0.2350753E+03   0.5755002E+04   0.4501500E+00   0.7486975E+00   0.4705534E+00   0.6646926E+00   0.4702585E+00   0.6224702E+00   0.4660471E+00   0.5925595E+00   0.2991534E+00   0.3088347E+00   0.2816770E+02   0.1092356E+03   0.3352193E+02   0.9416857E+01   0.3989347E+03   0.2260365E+02   0.1152431E+05   0.7065484E+03   0.4634736E-02   0.1965459E+01   0.3356559E+01   0.9867065E+01   0.1195527E+05   0.5326653E+01
   0.1051683E+01   0.6334385E+04   0.2232528E-01   0.1167886E+00   0.1041036E+01   0.4906164E-01   0.2932449E+01   0.3036506E+01   0.9602190E+00   0.1005581E+01   0.2250962E+03   0.4096154E+02   0.1088867E+03   0.3283008E+02   0.4357130E+01   0.5882982E+00   0.9165671E+00   0.8072632E+00   0.6679300E+01   0.1296505E+01   0.9902473E+00   0.1142765E+01   0.9886677E+00   0.9973168E+00   0.1000443E+01   0.9886602E+00   0.9943327E+00   0.6716003E+02   0.6901454E+00   0.3098546E+00   0.1397590E+00   0.6451439E-03   0.9386218E-01   0.7995130E+00   0.8125383E+00   0.4450456E+00   0.5965063E+00   0.9755962E+00   0.9978663E+02   0.2433631E+01   0.7084656E+01   0.2083233E+01   0.1888528E+01   0.1250713E+04   0.5821459E+04   0.2560606E+04   0.8242626E+03   0.2329656E+03   0.9602190E+00   0.2438450E+00   0.2451659E+00   0.2554544E+01   0.1390459E+02   0.1089584E+04   0.1458814E+03   0.1041295E+01   0.1400962E+02   0.1059513E+04   0.1485804E+03   0.1397126E+00   0.1605048E+00   0.3375844E+04   0.1022462E-01   0.8179064E+00   0.4518216E+00   0.7238193E+02   0.6456284E+03   0.8238457E+02   0.1540179E+04   0.8903170E+02   0.1995427E+04   0.9459326E+02   0.2322165E+04   0.2340175E+03   0.5807810E+04   0.4497157E+00   0.7389587E+00   0.4681786E+00   0.6552101E+00   0.4669879E+00   0.6132424E+00   0.4622117E+00   0.5835595E+00   0.2943155E+00   0.3034884E+00   0.3041131E+02   0.1084615E+03   0.3194271E+02   0.8765342E+01   0.3957073E+03   0.2400562E+02   0.1151619E+05   0.7067029E+03   0.2034124E-01   0.1342563E+01   0.4171148E+01   0.1186110E+02   0.1194467E+05   0.5534053E+01
   0.1562178E+00   0.6335293E+04   0.2225733E-01   0.1115780E+00   0.1041811E+01   0.4808426E-01   0.2697430E+01   0.3012872E+01   0.9580795E+00   0.1002416E+01   0.1918819E+03   0.1817928E+02   0.1092523E+03   0.3434099E+02   0.5150118E+01   0.8325617E+00   0.9333886E-01   0.8871059E-01   0.4296612E+01   0.1182450E+01   0.1071331E+01   0.9980586E+00   0.1225737E+01   0.9953033E+00   0.1000624E+01   0.9935217E+00   0.9900905E+00   0.6645325E+02   0.6954724E+00   0.3045276E+00   0.1344804E+00   0.6451439E-03   0.8936661E-01   0.7795861E+00   0.7854468E+00   0.4302070E+00   0.5791229E+00   0.9563260E+00   0.1005845E+03   0.2397038E+01   0.6892395E+01   0.2034575E+01   0.1848027E+01   0.1235707E+04   0.5772105E+04   0.2538173E+04   0.8218490E+03   0.2334145E+03   0.9580795E+00   0.2405623E+00   0.2418711E+00   0.2485406E+01   0.1412115E+02   0.1088967E+04   0.1485978E+03   0.1042239E+01   0.1425755E+02   0.1058788E+04   0.1513613E+03   0.1377356E+00   0.1599775E+00   0.3355240E+04   0.9998130E-02   0.8218900E+00   0.4539647E+00   0.7153339E+02   0.6528935E+03   0.8128119E+02   0.1558824E+04   0.8776687E+02   0.2020443E+04   0.9319707E+02   0.2351984E+04   0.2297207E+03   0.5897613E+04   0.4352024E+00   0.7210578E+00   0.4543582E+00   0.6399087E+00   0.4538064E+00   0.5991591E+00   0.4495654E+00   0.5703059E+00   0.2878726E+00   0.2970568E+00   0.2278614E+02   0.1049533E+03   0.2835903E+02   0.1269672E+02   0.3957816E+03   0.2355878E+02   0.1151663E+05   0.7065853E+03   0.4980898E-03   0.1819430E+01   0.3357265E+01   0.1015476E+02   0.1194867E+05   0.5177193E+01
   0.5393137E+00   0.6330892E+04   0.2254327E-01   0.1172961E+00   0.1041537E+01   0.5908545E-01   0.3081196E+01   0.3047598E+01   0.9711462E+00   0.1000038E+01   0.2669395E+03   0.3966504E+02   0.1148819E+03   0.3481335E+02   0.4744737E+01   0.6303573E+00   0.5392845E+00   0.1124866E+00   0.7995331E+00   0.9704920E+00   0.9898034E+00   0.1093081E+01   0.1151752E+01   0.9988815E+00   0.1001514E+01   0.9936665E+00   0.9916539E+00   0.6907898E+02   0.7056009E+00   0.2943991E+00   0.1404845E+00   0.6451439E-03   0.9704523E-01   0.8038881E+00   0.7963485E+00   0.4361781E+00   0.5921472E+00   0.9672141E+00   0.1018497E+03   0.2401676E+01   0.8079529E+01   0.2106468E+01   0.1871690E+01   0.1220981E+04   0.5756445E+04   0.2535223E+04   0.8165769E+03   0.2305021E+03   0.9711462E+00   0.2459297E+00   0.2472581E+00   0.2566336E+01   0.1371326E+02   0.1089504E+04   0.1448235E+03   0.1041685E+01   0.1390281E+02   0.1060162E+04   0.1474395E+03   0.1404957E+00   0.1608364E+00   0.3325992E+04   0.1017530E-01   0.8281849E+00   0.4570308E+00   0.7419147E+02   0.6287761E+03   0.8402676E+02   0.1503680E+04   0.9058613E+02   0.1950577E+04   0.9608538E+02   0.2271977E+04   0.2351325E+03   0.5725929E+04   0.4420403E+00   0.7445509E+00   0.4640263E+00   0.6618845E+00   0.4646583E+00   0.6202064E+00   0.4611120E+00   0.5906323E+00   0.2984990E+00   0.3085329E+00   0.2840374E+02   0.1065739E+03   0.3140441E+02   0.1031075E+02   0.3968976E+03   0.2255511E+02   0.1151670E+05   0.7064932E+03   0.7860572E-01   0.2673575E+01   0.3963325E+01   0.2113663E+01   0.1194646E+05   0.6715506E+01
   0.6978962E+00   0.6335267E+04   0.2244952E-01   0.1175099E+00   0.1041559E+01   0.5374470E-01   0.3042154E+01   0.3039588E+01   0.9693350E+00   0.1000605E+01   0.2512060E+03   0.4212217E+02   0.9225372E+02   0.4660061E+02   0.4774540E+01   0.5989615E+00   0.9091767E+00   0.4626457E+00   0.1992685E+01   0.1417062E+01   0.7458057E+00   0.9251841E+00   0.8463790E+00   0.9981291E+00   0.1003449E+01   0.9970304E+00   0.9984268E+00   0.6847107E+02   0.7000941E+00   0.2999059E+00   0.1406045E+00   0.6451439E-03   0.9627342E-01   0.8025142E+00   0.8023883E+00   0.4394862E+00   0.5938804E+00   0.9698379E+00   0.1011213E+03   0.2405041E+01   0.7566833E+01   0.2089664E+01   0.1876698E+01   0.1224164E+04   0.5757645E+04   0.2542583E+04   0.8193467E+03   0.2313984E+03   0.9693350E+00   0.2453747E+00   0.2467011E+00   0.2569552E+01   0.1376386E+02   0.1089599E+04   0.1450365E+03   0.1041733E+01   0.1392262E+02   0.1059933E+04   0.1476847E+03   0.1403171E+00   0.1608119E+00   0.3346310E+04   0.1021070E-01   0.8241395E+00   0.4549941E+00   0.7362773E+02   0.6339897E+03   0.8353736E+02   0.1514804E+04   0.9013776E+02   0.1964119E+04   0.9566736E+02   0.2287020E+04   0.2350451E+03   0.5747812E+04   0.4449482E+00   0.7427195E+00   0.4656786E+00   0.6596349E+00   0.4656518E+00   0.6178380E+00   0.4616579E+00   0.5882147E+00   0.2970506E+00   0.3067689E+00   0.2852221E+02   0.1053840E+03   0.3130341E+02   0.9766769E+01   0.3958559E+03   0.2269075E+02   0.1151954E+05   0.7065216E+03   0.1704752E-01   0.2116489E+01   0.3389091E+01   0.1063227E+02   0.1194786E+05   0.5522627E+01
   0.4914424E+00   0.6333894E+04   0.2221663E-01   0.1171509E+00   0.1041390E+01   0.5787548E-01   0.2998289E+01   0.3043467E+01   0.9727818E+00   0.1002786E+01   0.2156065E+03   0.2008535E+02   0.9469639E+02   0.4683341E+02   0.7073622E+01   0.8961907E+00   0.3968881E+00   0.1895199E+00   0.2835113E+01   0.1261318E+01   0.1166692E+01   0.9067589E+00   0.1202554E+01   0.9970932E+00   0.1001647E+01   0.9990317E+00   0.9911624E+00   0.6783752E+02   0.6957523E+00   0.3042477E+00   0.1400127E+00   0.6451439E-03   0.9498112E-01   0.8060973E+00   0.8117840E+00   0.4446324E+00   0.5986793E+00   0.9787064E+00   0.1005810E+03   0.2409076E+01   0.8024597E+01   0.2097785E+01   0.1868491E+01   0.1208297E+04   0.5691012E+04   0.2537316E+04   0.8194642E+03   0.2317271E+03   0.9727818E+00   0.2446914E+00   0.2460154E+00   0.2598080E+01   0.1383674E+02   0.1089815E+04   0.1455331E+03   0.1041620E+01   0.1397181E+02   0.1059322E+04   0.1482676E+03   0.1397004E+00   0.1609531E+00   0.3351909E+04   0.1019760E-01   0.8222924E+00   0.4542027E+00   0.7301667E+02   0.6396117E+03   0.8295978E+02   0.1527176E+04   0.8957580E+02   0.1979464E+04   0.9511532E+02   0.2304314E+04   0.2344072E+03   0.5778808E+04   0.4498003E+00   0.7455988E+00   0.4696573E+00   0.6617088E+00   0.4691140E+00   0.6195789E+00   0.4647477E+00   0.5897469E+00   0.2976546E+00   0.3071858E+00   0.2444592E+02   0.1070995E+03   0.3062428E+02   0.1040939E+02   0.3966409E+03   0.2155349E+02   0.1151712E+05   0.7065804E+03   0.4054378E-03   0.1819430E+01   0.3386603E+01   0.1028033E+02   0.1194572E+05   0.5206439E+01
   0.5771660E-01   0.6332977E+04   0.2245071E-01   0.1174585E+00   0.1040897E+01   0.4272038E-01   0.3042989E+01   0.3010550E+01   0.9690245E+00   0.1000134E+01   0.2646926E+03   0.3996225E+02   0.8537631E+02   0.4134677E+02   0.2338362E+01   0.5610791E+00   0.3470289E+00   0.2224652E+00   0.6724938E+01   0.1039648E+01   0.8907311E+00   0.1102626E+01   0.1381644E+01   0.9976173E+00   0.1002786E+01   0.9975713E+00   0.9900371E+00   0.6827698E+02   0.6984943E+00   0.3015057E+00   0.1405543E+00   0.6451439E-03   0.9596623E-01   0.7900874E+00   0.7920676E+00   0.4338333E+00   0.5854624E+00   0.9561763E+00   0.1008402E+03   0.2371943E+01   0.6407166E+01   0.2029856E+01   0.1863626E+01   0.1213055E+04   0.5720634E+04   0.2525426E+04   0.8139275E+03   0.2295653E+03   0.9690245E+00   0.2453863E+00   0.2467128E+00   0.2569625E+01   0.1378213E+02   0.1089593E+04   0.1450449E+03   0.1041080E+01   0.1393216E+02   0.1059933E+04   0.1476928E+03   0.1403056E+00   0.1607150E+00   0.3344734E+04   0.1020646E-01   0.8239165E+00   0.4548610E+00   0.7344890E+02   0.6356467E+03   0.8337645E+02   0.1518382E+04   0.8998638E+02   0.1968509E+04   0.9552282E+02   0.2291926E+04   0.2349513E+03   0.5755649E+04   0.4390715E+00   0.7310638E+00   0.4591399E+00   0.6491114E+00   0.4589307E+00   0.6079097E+00   0.4548730E+00   0.5787178E+00   0.2921916E+00   0.3016791E+00   0.3182035E+02   0.1052881E+03   0.3219443E+02   0.1473384E+02   0.3967582E+03   0.2203523E+02   0.1151256E+05   0.7065396E+03   0.5311770E-02   0.1965459E+01   0.3386494E+01   0.7971678E+01   0.1194608E+05   0.5357265E+01
   0.5358775E+00   0.6334078E+04   0.2221854E-01   0.1144922E+00   0.1041293E+01   0.4766331E-01   0.2785638E+01   0.3018513E+01   0.9599583E+00   0.1002316E+01   0.1714308E+03   0.2520481E+02   0.9806437E+02   0.4378680E+02   0.6711206E+01   0.7060863E+00   0.9069127E+00   0.5937572E+00   0.3715962E+01   0.7841950E+00   0.1226817E+01   0.8574861E+00   0.8150454E+00   0.9972478E+00   0.1000968E+01   0.9948513E+00   0.9884926E+00   0.6624817E+02   0.6870323E+00   0.3129677E+00   0.1373559E+00   0.6451439E-03   0.9099576E-01   0.7894891E+00   0.8063717E+00   0.4416680E+00   0.5905015E+00   0.9699720E+00   0.9944206E+02   0.2415465E+01   0.6907654E+01   0.2046085E+01   0.1860046E+01   0.1232320E+04   0.5744325E+04   0.2539738E+04   0.8213129E+03   0.2329717E+03   0.9599583E+00   0.2417802E+00   0.2430935E+00   0.2523422E+01   0.1405655E+02   0.1089364E+04   0.1473495E+03   0.1041663E+01   0.1414561E+02   0.1058979E+04   0.1501054E+03   0.1386334E+00   0.1601992E+00   0.3385283E+04   0.1015008E-01   0.8159922E+00   0.4509047E+00   0.7144787E+02   0.6543000E+03   0.8140178E+02   0.1560096E+04   0.8801182E+02   0.2020728E+04   0.9354015E+02   0.2351199E+04   0.2319009E+03   0.5871630E+04   0.4460568E+00   0.7293946E+00   0.4636077E+00   0.6464021E+00   0.4620744E+00   0.6048632E+00   0.4571149E+00   0.5755023E+00   0.2901516E+00   0.2990501E+00   0.2429532E+02   0.1055479E+03   0.2866469E+02   0.1002361E+02   0.3957766E+03   0.2332639E+02   0.1151643E+05   0.7067931E+03   0.4518281E-01   0.1156417E+01   0.4683684E+01   0.9923552E+01   0.1194555E+05   0.5885284E+01
   0.5030146E+00   0.6335883E+04   0.2239629E-01   0.1171391E+00   0.1040839E+01   0.4887901E-01   0.2927848E+01   0.3017872E+01   0.9581812E+00   0.9973939E+00   0.2044534E+03   0.3042643E+02   0.8071817E+02   0.4776803E+02   0.5819825E+01   0.5704682E+00   0.9780010E+00   0.4101090E+00   0.6188868E+01   0.8648796E+00   0.1113300E+01   0.1067766E+01   0.1133403E+01   0.9959343E+00   0.1003519E+01   0.1001316E+01   0.9908954E+00   0.6697693E+02   0.6875092E+00   0.3124908E+00   0.1401805E+00   0.6451439E-03   0.9388860E-01   0.7923491E+00   0.8086760E+00   0.4429301E+00   0.5924148E+00   0.9681752E+00   0.9941279E+02   0.2419327E+01   0.7057190E+01   0.2044773E+01   0.1854340E+01   0.1232430E+04   0.5723269E+04   0.2512559E+04   0.8087806E+03   0.2285193E+03   0.9581812E+00   0.2438117E+00   0.2451324E+00   0.2539787E+01   0.1390967E+02   0.1089522E+04   0.1457569E+03   0.1041095E+01   0.1400035E+02   0.1059704E+04   0.1484284E+03   0.1399416E+00   0.1603483E+00   0.3388203E+04   0.1025882E-01   0.8157196E+00   0.4506224E+00   0.7222499E+02   0.6472258E+03   0.8227510E+02   0.1543342E+04   0.8894971E+02   0.1999101E+04   0.9453239E+02   0.2326095E+04   0.2342877E+03   0.5810228E+04   0.4473627E+00   0.7320790E+00   0.4650757E+00   0.6488265E+00   0.4635888E+00   0.6071501E+00   0.4586467E+00   0.5776894E+00   0.2912510E+00   0.3002146E+00   0.2950195E+02   0.1080872E+03   0.3427280E+02   0.1016502E+02   0.3956679E+03   0.2426291E+02   0.1151500E+05   0.7067783E+03   0.4865719E-01   0.1096772E+01   0.4877274E+01   0.1386437E+02   0.1194510E+05   0.6022703E+01
   0.4849140E+00   0.6339344E+04   0.2249332E-01   0.1251356E+00   0.1040217E+01   0.4284145E-01   0.3374455E+01   0.3027051E+01   0.9775747E+00   0.9977821E+00   0.2016141E+03   0.4442636E+02   0.1394479E+03   0.2263376E+02   0.1688451E+01   0.5107530E+00   0.2887184E+00   0.1343834E+00   0.6037331E+01   0.1016200E+01   0.8183209E+00   0.1051217E+01   0.9651145E+00   0.9961809E+00   0.9989568E+00   0.1005765E+01   0.1002129E+01   0.6921814E+02   0.6905252E+00   0.3094748E+00   0.1482741E+00   0.6451439E-03   0.1026325E+00   0.8141226E+00   0.8268788E+00   0.4529002E+00   0.6072201E+00   0.9785428E+00   0.9970192E+02   0.2394537E+01   0.6547546E+01   0.2063629E+01   0.1894174E+01   0.1201801E+04   0.5676171E+04   0.2529391E+04   0.8112979E+03   0.2275893E+03   0.9775747E+00   0.2497372E+00   0.2510794E+00   0.2675616E+01   0.1349557E+02   0.1090524E+04   0.1414620E+03   0.1040186E+01   0.1359969E+02   0.1060848E+04   0.1440402E+03   0.1429936E+00   0.1615490E+00   0.3378886E+04   0.1053762E-01   0.8175328E+00   0.4514919E+00   0.7459598E+02   0.6264374E+03   0.8489382E+02   0.1494493E+04   0.9173774E+02   0.1936298E+04   0.9746425E+02   0.2253405E+04   0.2410548E+03   0.5636924E+04   0.4576235E+00   0.7524939E+00   0.4765034E+00   0.6672445E+00   0.4753337E+00   0.6245185E+00   0.4704998E+00   0.5942970E+00   0.2996862E+00   0.3090783E+00   0.3126646E+02   0.1099976E+03   0.3089567E+02   0.1032359E+02   0.3967396E+03   0.2157236E+02   0.1153179E+05   0.7066930E+03   0.2613859E-01   0.1279349E+01   0.4468222E+01   0.5792084E+01   0.1196043E+05   0.5773710E+01
   0.3490977E+00   0.6337214E+04   0.2248851E-01   0.1228587E+00   0.1040932E+01   0.4412580E-01   0.3265476E+01   0.3022924E+01   0.9788266E+00   0.9971795E+00   0.2156078E+03   0.3437436E+02   0.1122160E+03   0.3529314E+02   0.4362854E+01   0.7842518E+00   0.2353778E+00   0.3699702E+00   0.6060662E+01   0.1629749E+01   0.7813305E+00   0.8636184E+00   0.8814666E+00   0.9987502E+00   0.9996870E+00   0.9931713E+00   0.9974901E+00   0.6899841E+02   0.6933437E+00   0.3066563E+00   0.1459924E+00   0.6451439E-03   0.1007324E+00   0.8093510E+00   0.8182805E+00   0.4481907E+00   0.6022820E+00   0.9743553E+00   0.1001440E+03   0.2381956E+01   0.6648254E+01   0.2055129E+01   0.1881533E+01   0.1193492E+04   0.5655651E+04   0.2527155E+04   0.8137663E+03   0.2290526E+03   0.9788266E+00   0.2483318E+00   0.2496689E+00   0.2639200E+01   0.1357337E+02   0.1090231E+04   0.1425430E+03   0.1040970E+01   0.1369328E+02   0.1060581E+04   0.1451396E+03   0.1422062E+00   0.1613332E+00   0.3373936E+04   0.1044821E-01   0.8188929E+00   0.4522195E+00   0.7431214E+02   0.6286294E+03   0.8449508E+02   0.1500392E+04   0.9126702E+02   0.1944380E+04   0.9693536E+02   0.2263170E+04   0.2392834E+03   0.5669094E+04   0.4531218E+00   0.7483667E+00   0.4725249E+00   0.6638970E+00   0.4716966E+00   0.6215154E+00   0.4671193E+00   0.5915200E+00   0.2984124E+00   0.3078834E+00   0.2857133E+02   0.1061091E+03   0.3207875E+02   0.1104713E+02   0.3964875E+03   0.2122939E+02   0.1151857E+05   0.7066267E+03   0.4860961E-02   0.1539698E+01   0.3784233E+01   0.1513978E+02   0.1194733E+05   0.5328792E+01
   0.3435061E+00   0.6341783E+04   0.2271974E-01   0.1275569E+00   0.1040309E+01   0.4347781E-01   0.3559004E+01   0.3034912E+01   0.9829276E+00   0.9988830E+00   0.2264650E+03   0.3836075E+02   0.1058977E+03   0.3808613E+02   0.2100118E+01   0.4514600E+00   0.4061327E+00   0.9598338E-02   0.6473157E+01   0.1262466E+01   0.1157039E+01   0.1065353E+01   0.1336365E+01   0.9977066E+00   0.1001904E+01   0.1007325E+01   0.9976897E+00   0.7071594E+02   0.6982014E+00   0.3017986E+00   0.1509218E+00   0.6451439E-03   0.1067257E+00   0.8207294E+00   0.8231860E+00   0.4508775E+00   0.6083161E+00   0.9759810E+00   0.1006622E+03   0.2384387E+01   0.6626892E+01   0.2079914E+01   0.1906694E+01   0.1199032E+04   0.5697923E+04   0.2533516E+04   0.8107740E+03   0.2268054E+03   0.9829276E+00   0.2521628E+00   0.2535137E+00   0.2695371E+01   0.1330336E+02   0.1090618E+04   0.1398643E+03   0.1040139E+01   0.1344669E+02   0.1061687E+04   0.1423473E+03   0.1443525E+00   0.1618491E+00   0.3359759E+04   0.1060156E-01   0.8218474E+00   0.4535773E+00   0.7607532E+02   0.6137235E+03   0.8636660E+02   0.1465940E+04   0.9321820E+02   0.1900472E+04   0.9895683E+02   0.2212671E+04   0.2434522E+03   0.5555749E+04   0.4562535E+00   0.7593751E+00   0.4770160E+00   0.6742001E+00   0.4767550E+00   0.6313842E+00   0.4725102E+00   0.6010508E+00   0.3033827E+00   0.3132580E+00   0.3217783E+02   0.1103557E+03   0.3167555E+02   0.1116274E+02   0.3966905E+03   0.2117361E+02   0.1153480E+05   0.7065434E+03   0.1101225E-02   0.1819430E+01   0.3519040E+01   0.7854948E+01   0.1196383E+05   0.5339571E+01
   0.3383710E+00   0.6335291E+04   0.2226674E-01   0.1176000E+00   0.1041422E+01   0.4128811E-01   0.2968970E+01   0.3008369E+01   0.9619350E+00   0.9978230E+00   0.2175335E+03   0.3018656E+02   0.1015210E+03   0.4641116E+02   0.7476467E+01   0.9528372E+00   0.6835529E-01   0.5156757E-01   0.2214084E+01   0.6663118E+00   0.7235553E+00   0.7729025E+00   0.1158946E+01   0.9973244E+00   0.1000105E+01   0.9944720E+00   0.9977925E+00   0.6738342E+02   0.6905384E+00   0.3094616E+00   0.1405119E+00   0.6451439E-03   0.9468170E-01   0.7910591E+00   0.8034368E+00   0.4400604E+00   0.5900117E+00   0.9636790E+00   0.9988759E+02   0.2397195E+01   0.6275940E+01   0.2025433E+01   0.1864900E+01   0.1227396E+04   0.5723980E+04   0.2526215E+04   0.8130399E+03   0.2293145E+03   0.9619350E+00   0.2443161E+00   0.2456387E+00   0.2578305E+01   0.1386377E+02   0.1089762E+04   0.1455253E+03   0.1041661E+01   0.1397050E+02   0.1059475E+04   0.1482376E+03   0.1398806E+00   0.1607609E+00   0.3377301E+04   0.1025446E-01   0.8178098E+00   0.4518251E+00   0.7261288E+02   0.6435488E+03   0.8263803E+02   0.1535305E+04   0.8930066E+02   0.1989169E+04   0.9487546E+02   0.2314930E+04   0.2346582E+03   0.5790716E+04   0.4447284E+00   0.7311793E+00   0.4630738E+00   0.6483497E+00   0.4619365E+00   0.6068367E+00   0.4572388E+00   0.5774733E+00   0.2912535E+00   0.3003503E+00   0.2822495E+02   0.1064826E+03   0.3310972E+02   0.1104362E+02   0.3969724E+03   0.2355367E+02   0.1151523E+05   0.7066926E+03   0.1492355E-01   0.1407057E+01   0.3980466E+01   0.1168441E+02   0.1194680E+05   0.5402447E+01
   0.4536472E+00   0.6334872E+04   0.2254379E-01   0.1234022E+00   0.1041019E+01   0.5376223E-01   0.3409317E+01   0.3050035E+01   0.9755142E+00   0.1000100E+01   0.2688395E+03   0.5587443E+02   0.9694373E+02   0.4893643E+02   0.3410715E+01   0.5128720E+00   0.9543784E+00   0.3744587E+00   0.5687731E+01   0.5652548E+00   0.1185185E+01   0.8850241E+00   0.8859593E+00   0.9970947E+00   0.1001157E+01   0.1002435E+01   0.1000660E+01   0.7054749E+02   0.7054597E+00   0.2945403E+00   0.1465912E+00   0.6451439E-03   0.1034164E+00   0.8166866E+00   0.8092210E+00   0.4432286E+00   0.6016468E+00   0.9723322E+00   0.1017681E+03   0.2401543E+01   0.7685852E+01   0.2111608E+01   0.1896340E+01   0.1219096E+04   0.5747538E+04   0.2533224E+04   0.8094970E+03   0.2265138E+03   0.9755142E+00   0.2502016E+00   0.2515454E+00   0.2678116E+01   0.1342629E+02   0.1090345E+04   0.1416833E+03   0.1040954E+01   0.1361091E+02   0.1060848E+04   0.1442548E+03   0.1426690E+00   0.1617831E+00   0.3325447E+04   0.1039423E-01   0.8281274E+00   0.4569955E+00   0.7576768E+02   0.6157076E+03   0.8581674E+02   0.1472386E+04   0.9251840E+02   0.1909956E+04   0.9813682E+02   0.2224640E+04   0.2401832E+03   0.5606136E+04   0.4491599E+00   0.7563812E+00   0.4714494E+00   0.6723735E+00   0.4720669E+00   0.6300225E+00   0.4684476E+00   0.5999721E+00   0.3031672E+00   0.3133747E+00   0.3943433E+02   0.1122849E+03   0.3783368E+02   0.1065662E+02   0.3959549E+03   0.2226464E+02   0.1151886E+05   0.7064933E+03   0.6835520E-01   0.2591366E+01   0.3856149E+01   0.9000967E+01   0.1194773E+05   0.6515869E+01
   0.7490273E+00   0.6338473E+04   0.2266436E-01   0.1271397E+00   0.1040946E+01   0.5837267E-01   0.3583115E+01   0.3073027E+01   0.9818610E+00   0.1001522E+01   0.2487885E+03   0.4063655E+02   0.1034240E+03   0.4505847E+02   0.7646536E+01   0.5439928E+00   0.9772375E+00   0.1122257E+00   0.3762743E+01   0.1217743E+01   0.1158278E+01   0.9682697E+00   0.9991952E+00   0.9975408E+00   0.1001526E+01   0.1000897E+01   0.1004666E+01   0.7130920E+02   0.7041316E+00   0.2958684E+00   0.1504492E+00   0.6451439E-03   0.1072841E+00   0.8349083E+00   0.8291392E+00   0.4541382E+00   0.6157628E+00   0.9887033E+00   0.1015424E+03   0.2423298E+01   0.8207703E+01   0.2160721E+01   0.1922635E+01   0.1218378E+04   0.5762435E+04   0.2552243E+04   0.8146127E+03   0.2277269E+03   0.9818610E+00   0.2524399E+00   0.2537917E+00   0.2714071E+01   0.1326622E+02   0.1090674E+04   0.1398929E+03   0.1040761E+01   0.1344141E+02   0.1061535E+04   0.1423973E+03   0.1441652E+00   0.1621230E+00   0.3339076E+04   0.1055226E-01   0.8260117E+00   0.4558039E+00   0.7660878E+02   0.6090400E+03   0.8680674E+02   0.1456131E+04   0.9360558E+02   0.1888663E+04   0.9930446E+02   0.2199670E+04   0.2432761E+03   0.5539477E+04   0.4600814E+00   0.7731137E+00   0.4825596E+00   0.6870866E+00   0.4830242E+00   0.6437408E+00   0.4792088E+00   0.6129934E+00   0.3096645E+00   0.3200366E+00   0.3533902E+02   0.1113924E+03   0.3680530E+02   0.9651306E+01   0.3968549E+03   0.2188368E+02   0.1152689E+05   0.7064957E+03   0.4595894E-01   0.2429501E+01   0.3645841E+01   0.9048225E+01   0.1195528E+05   0.6121301E+01
   0.1038006E+01   0.6330161E+04   0.2251557E-01   0.1211012E+00   0.1041160E+01   0.6092003E-01   0.3167210E+01   0.3065547E+01   0.9685531E+00   0.1003013E+01   0.2578201E+03   0.4993100E+02   0.9653038E+02   0.4401818E+02   0.3106369E+01   0.6001430E+00   0.6536066E+00   0.3266640E+00   0.2317551E+01   0.7797748E+00   0.9569971E+00   0.9443110E+00   0.1046714E+01   0.9967550E+00   0.9993287E+00   0.9972543E+00   0.9919718E+00   0.6857727E+02   0.6932452E+00   0.3067548E+00   0.1442619E+00   0.6451439E-03   0.9893090E-01   0.8206240E+00   0.8298111E+00   0.4545063E+00   0.6107199E+00   0.9909554E+00   0.1001513E+03   0.2452468E+01   0.8345032E+01   0.2144619E+01   0.1898610E+01   0.1237337E+04   0.5779800E+04   0.2551267E+04   0.8192836E+03   0.2310235E+03   0.9685531E+00   0.2470580E+00   0.2483905E+00   0.2600660E+01   0.1365583E+02   0.1089950E+04   0.1434402E+03   0.1041249E+01   0.1377579E+02   0.1060429E+04   0.1460415E+03   0.1416313E+00   0.1610180E+00   0.3377042E+04   0.1039061E-01   0.8185009E+00   0.4519977E+00   0.7385680E+02   0.6325143E+03   0.8398085E+02   0.1509633E+04   0.9071341E+02   0.1956335E+04   0.9634870E+02   0.2277069E+04   0.2378566E+03   0.5703546E+04   0.4595300E+00   0.7587785E+00   0.4791759E+00   0.6731211E+00   0.4783214E+00   0.6301457E+00   0.4736703E+00   0.5997308E+00   0.3025630E+00   0.3121514E+00   0.3262722E+02   0.1055302E+03   0.3299604E+02   0.8865634E+01   0.3979011E+03   0.2333530E+02   0.1151197E+05   0.7066288E+03   0.4758384E-02   0.1539698E+01   0.3763392E+01   0.6312732E+01   0.1194207E+05   0.5307849E+01
   0.8181579E+00   0.6332357E+04   0.2242848E-01   0.1164279E+00   0.1041512E+01   0.5423479E-01   0.2968407E+01   0.3037843E+01   0.9677945E+00   0.1000420E+01   0.2578733E+03   0.3201415E+02   0.1225778E+03   0.3198248E+02   0.4496362E+01   0.6168674E+00   0.6505412E+00   0.2696785E+00   0.1191422E+01   0.7432419E+00   0.8812005E+00   0.1013058E+01   0.9748521E+00   0.9988092E+00   0.9996144E+00   0.9940476E+00   0.9970905E+00   0.6795837E+02   0.6979402E+00   0.3020598E+00   0.1395015E+00   0.6451439E-03   0.9480296E-01   0.7999199E+00   0.8026613E+00   0.4396357E+00   0.5930205E+00   0.9703424E+00   0.1008350E+03   0.2408285E+01   0.7594299E+01   0.2086020E+01   0.1871590E+01   0.1224936E+04   0.5755625E+04   0.2542604E+04   0.8207095E+03   0.2322258E+03   0.9677945E+00   0.2443746E+00   0.2456973E+00   0.2547939E+01   0.1383998E+02   0.1089457E+04   0.1457129E+03   0.1041739E+01   0.1398746E+02   0.1059742E+04   0.1483776E+03   0.1398609E+00   0.1605886E+00   0.3353153E+04   0.1018078E-01   0.8227301E+00   0.4542724E+00   0.7311187E+02   0.6386194E+03   0.8300947E+02   0.1525341E+04   0.8959857E+02   0.1977436E+04   0.9511713E+02   0.2302243E+04   0.2340502E+03   0.5779879E+04   0.4449255E+00   0.7401043E+00   0.4651160E+00   0.6570751E+00   0.4648358E+00   0.6153415E+00   0.4606805E+00   0.5857765E+00   0.2957414E+00   0.3053110E+00   0.2376409E+02   0.1060833E+03   0.2825555E+02   0.9423592E+01   0.3959402E+03   0.2283356E+02   0.1152196E+05   0.7065468E+03   0.5170304E-02   0.1965459E+01   0.3352103E+01   0.2688707E+01   0.1195016E+05   0.5322733E+01
   0.5389169E+00   0.6331568E+04   0.2234922E-01   0.1176611E+00   0.1040957E+01   0.4561450E-01   0.2991346E+01   0.3025061E+01   0.9716324E+00   0.1002895E+01   0.2458174E+03   0.3488305E+02   0.1199039E+03   0.3224113E+02   0.3328011E+01   0.7012189E+00   0.5179507E+00   0.6223046E+00   0.1197425E+01   0.9417212E+00   0.1124008E+01   0.1012388E+01   0.9656033E+00   0.9983937E+00   0.1002075E+01   0.9961302E+00   0.9910480E+00   0.6753723E+02   0.6916314E+00   0.3083686E+00   0.1406555E+00   0.6451439E-03   0.9499483E-01   0.7993721E+00   0.8104448E+00   0.4438989E+00   0.5956848E+00   0.9726965E+00   0.9996582E+02   0.2395621E+01   0.6733704E+01   0.2059527E+01   0.1879954E+01   0.1213989E+04   0.5728992E+04   0.2551645E+04   0.8249521E+03   0.2334530E+03   0.9716324E+00   0.2446528E+00   0.2459766E+00   0.2570466E+01   0.1384572E+02   0.1089687E+04   0.1453316E+03   0.1041182E+01   0.1395832E+02   0.1059666E+04   0.1480159E+03   0.1400907E+00   0.1606598E+00   0.3370537E+04   0.1024945E-01   0.8189236E+00   0.4523341E+00   0.7276305E+02   0.6421395E+03   0.8277964E+02   0.1532214E+04   0.8943827E+02   0.1985340E+04   0.9501052E+02   0.2310619E+04   0.2348134E+03   0.5783049E+04   0.4486871E+00   0.7389727E+00   0.4674719E+00   0.6553808E+00   0.4664528E+00   0.6134677E+00   0.4617945E+00   0.5838144E+00   0.2944945E+00   0.3037424E+00   0.2350568E+02   0.1051307E+03   0.2777191E+02   0.1014001E+02   0.3961348E+03   0.2172276E+02   0.1151832E+05   0.7066654E+03   0.1134925E-01   0.1407057E+01   0.3946188E+01   0.4788053E+01   0.1194632E+05   0.5364595E+01
   0.2340177E+00   0.6335421E+04   0.2243858E-01   0.1161036E+00   0.1041353E+01   0.5765960E-01   0.3016163E+01   0.3043249E+01   0.9750981E+00   0.1003535E+01   0.2598854E+03   0.2050671E+02   0.9661832E+02   0.4366807E+02   0.4287000E+01   0.6514047E+00   0.6658240E+00   0.1519562E+00   0.7270177E+01   0.8461843E+00   0.1013140E+01   0.8724145E+00   0.7839557E+00   0.9965527E+00   0.1001162E+01   0.9962924E+00   0.9864757E+00   0.6859558E+02   0.7041936E+00   0.2958064E+00   0.1391874E+00   0.6451439E-03   0.9547638E-01   0.8014816E+00   0.7958600E+00   0.4359105E+00   0.5910789E+00   0.9677106E+00   0.1016646E+03   0.2389285E+01   0.7936096E+01   0.2097328E+01   0.1868890E+01   0.1208259E+04   0.5729334E+04   0.2542107E+04   0.8218185E+03   0.2325347E+03   0.9750981E+00   0.2450221E+00   0.2463473E+00   0.2562571E+01   0.1379154E+02   0.1089463E+04   0.1455470E+03   0.1041558E+01   0.1397397E+02   0.1059780E+04   0.1482087E+03   0.1398598E+00   0.1607449E+00   0.3324024E+04   0.1012500E-01   0.8280611E+00   0.4570407E+00   0.7369572E+02   0.6331075E+03   0.8350338E+02   0.1513695E+04   0.9004215E+02   0.1963342E+04   0.9552310E+02   0.2286659E+04   0.2339964E+03   0.5758817E+04   0.4416613E+00   0.7421808E+00   0.4632741E+00   0.6596203E+00   0.4637373E+00   0.6180190E+00   0.4600863E+00   0.5885083E+00   0.2973773E+00   0.3072994E+00   0.2605643E+02   0.1083749E+03   0.3156326E+02   0.1197825E+02   0.3964801E+03   0.2133306E+02   0.1151788E+05   0.7064955E+03   0.5882283E-01   0.2509944E+01   0.3754495E+01   0.1035030E+02   0.1194767E+05   0.6323261E+01
   0.1137507E+01   0.6329373E+04   0.2250221E-01   0.1190959E+00   0.1041157E+01   0.5757942E-01   0.3075961E+01   0.3055293E+01   0.9698236E+00   0.1003549E+01   0.2501323E+03   0.4146546E+02   0.1137993E+03   0.3790352E+02   0.4561186E+01   0.6408357E+00   0.4899550E+00   0.1672155E+00   0.4786722E+00   0.1013690E+01   0.8305591E+00   0.9361920E+00   0.9252269E+00   0.9969132E+00   0.1001477E+01   0.9966907E+00   0.9906318E+00   0.6821106E+02   0.6942812E+00   0.3057188E+00   0.1422433E+00   0.6451439E-03   0.9702565E-01   0.8128629E+00   0.8205740E+00   0.4494469E+00   0.6044326E+00   0.9842148E+00   0.1002927E+03   0.2433564E+01   0.7969666E+01   0.2122740E+01   0.1891838E+01   0.1230571E+04   0.5775719E+04   0.2555554E+04   0.8234877E+03   0.2327920E+03   0.9698236E+00   0.2458452E+00   0.2471734E+00   0.2571791E+01   0.1374218E+02   0.1089706E+04   0.1444140E+03   0.1041309E+01   0.1386851E+02   0.1060200E+04   0.1470330E+03   0.1409144E+00   0.1607551E+00   0.3370195E+04   0.1030687E-01   0.8196345E+00   0.4525968E+00   0.7344529E+02   0.6359836E+03   0.8348537E+02   0.1518163E+04   0.9016368E+02   0.1967553E+04   0.9575430E+02   0.2290260E+04   0.2362198E+03   0.5739487E+04   0.4545159E+00   0.7517084E+00   0.4742114E+00   0.6669666E+00   0.4734894E+00   0.6244333E+00   0.4689673E+00   0.5943247E+00   0.2998910E+00   0.3094348E+00   0.2815760E+02   0.1055739E+03   0.2974343E+02   0.8703802E+01   0.3966678E+03   0.2270125E+02   0.1151234E+05   0.7066075E+03   0.1591832E-02   0.1607985E+01   0.3628990E+01   0.6484144E+01   0.1194042E+05   0.5238566E+01
   0.4695766E+00   0.6336185E+04   0.2236427E-01   0.1158557E+00   0.1041377E+01   0.6162364E-01   0.2971905E+01   0.3051004E+01   0.9742183E+00   0.1004432E+01   0.2578285E+03   0.4193364E+02   0.1093968E+03   0.3062461E+02   0.2668249E+01   0.5872078E+00   0.6158251E+00   0.9925679E+00   0.8476433E+01   0.7574212E+00   0.1241836E+01   0.1039552E+01   0.1047275E+01   0.9973599E+00   0.9995316E+00   0.1000862E+01   0.9884290E+00   0.6810852E+02   0.7006424E+00   0.2993576E+00   0.1388651E+00   0.6451439E-03   0.9457898E-01   0.8051861E+00   0.8043236E+00   0.4405462E+00   0.5955851E+00   0.9756534E+00   0.1012010E+03   0.2405977E+01   0.8329773E+01   0.2113656E+01   0.1868567E+01   0.1209914E+04   0.5721285E+04   0.2544283E+04   0.8232125E+03   0.2332558E+03   0.9742183E+00   0.2443964E+00   0.2457193E+00   0.2560923E+01   0.1384409E+02   0.1089489E+04   0.1458969E+03   0.1041613E+01   0.1400682E+02   0.1059551E+04   0.1485879E+03   0.1395805E+00   0.1606888E+00   0.3336197E+04   0.1013172E-01   0.8255713E+00   0.4557995E+00   0.7322996E+02   0.6373929E+03   0.8307110E+02   0.1523071E+04   0.8962675E+02   0.1974929E+04   0.9511925E+02   0.2299681E+04   0.2336054E+03   0.5781243E+04   0.4460710E+00   0.7452506E+00   0.4669967E+00   0.6619479E+00   0.4670375E+00   0.6200320E+00   0.4630767E+00   0.5903207E+00   0.2981506E+00   0.3079240E+00   0.3197114E+02   0.1062002E+03   0.3141050E+02   0.1056441E+02   0.3976428E+03   0.2139120E+02   0.1152115E+05   0.7065164E+03   0.2172735E-01   0.2193517E+01   0.3417224E+01   0.9475810E+01   0.1195075E+05   0.5632468E+01
   0.4747487E-01   0.6341331E+04   0.2210174E-01   0.1165821E+00   0.1041197E+01   0.4620861E-01   0.2944813E+01   0.3005102E+01   0.9690000E+00   0.9968655E+00   0.2258938E+03   0.4148221E+02   0.6112858E+02   0.6337110E+02   0.8063768E+01   0.8605438E+00   0.8268219E+00   0.5534503E+00   0.1604038E+01   0.1072123E+01   0.1300772E+01   0.8393827E+00   0.1240608E+01   0.9969953E+00   0.1002310E+01   0.9976205E+00   0.9818064E+00   0.6725159E+02   0.6919393E+00   0.3080607E+00   0.1393289E+00   0.6451439E-03   0.9370092E-01   0.7896794E+00   0.8002180E+00   0.4382974E+00   0.5883149E+00   0.9629407E+00   0.1000884E+03   0.2375420E+01   0.6828308E+01   0.2018829E+01   0.1840616E+01   0.1194991E+04   0.5616431E+04   0.2503039E+04   0.8082343E+03   0.2282115E+03   0.9690000E+00   0.2439204E+00   0.2452416E+00   0.2601181E+01   0.1390820E+02   0.1089857E+04   0.1460469E+03   0.1041480E+01   0.1402302E+02   0.1058979E+04   0.1488268E+03   0.1392377E+00   0.1608983E+00   0.3359741E+04   0.1018443E-01   0.8203492E+00   0.4532697E+00   0.7245257E+02   0.6448672E+03   0.8241777E+02   0.1538803E+04   0.8904275E+02   0.1993931E+04   0.9458707E+02   0.2320660E+04   0.2337140E+03   0.5809107E+04   0.4430447E+00   0.7300458E+00   0.4616756E+00   0.6475008E+00   0.4607078E+00   0.6061073E+00   0.4561324E+00   0.5768196E+00   0.2909880E+00   0.3001356E+00   0.3177229E+02   0.1053032E+03   0.3513184E+02   0.1500604E+02   0.3960248E+03   0.2163731E+02   0.1152487E+05   0.7066581E+03   0.6268457E-02   0.1472759E+01   0.3716791E+01   0.1327383E+02   0.1195753E+05   0.5195818E+01
   0.6529903E+00   0.6336146E+04   0.2197395E-01   0.1172254E+00   0.1041083E+01   0.5612323E-01   0.2933818E+01   0.3029486E+01   0.9634563E+00   0.9967334E+00   0.2599770E+03   0.6318808E+02   0.9571840E+02   0.4146576E+02   0.2013985E+01   0.5482563E+00   0.6538153E+00   0.8949599E+00   0.2689592E+01   0.6259546E+00   0.7582376E+00   0.1065753E+01   0.1251567E+01   0.9972792E+00   0.1001892E+01   0.9939624E+00   0.9955081E+00   0.6675354E+02   0.6861684E+00   0.3138316E+00   0.1398445E+00   0.6451439E-03   0.9335113E-01   0.8006710E+00   0.8189206E+00   0.4485413E+00   0.5992779E+00   0.9799794E+00   0.9936538E+02   0.2425187E+01   0.7896423E+01   0.2068659E+01   0.1849017E+01   0.1214091E+04   0.5642314E+04   0.2507697E+04   0.8072576E+03   0.2277770E+03   0.9634563E+00   0.2437144E+00   0.2450347E+00   0.2621556E+01   0.1393950E+02   0.1090067E+04   0.1460314E+03   0.1041376E+01   0.1402293E+02   0.1058712E+04   0.1488541E+03   0.1391537E+00   0.1609965E+00   0.3377289E+04   0.1022995E-01   0.8167044E+00   0.4514588E+00   0.7200461E+02   0.6493060E+03   0.8205904E+02   0.1547972E+04   0.8873448E+02   0.2004884E+04   0.9431688E+02   0.2332648E+04   0.2339658E+03   0.5822842E+04   0.4529224E+00   0.7396363E+00   0.4705215E+00   0.6553804E+00   0.4688621E+00   0.6132236E+00   0.4637614E+00   0.5834314E+00   0.2940975E+00   0.3030890E+00   0.3514971E+02   0.1055333E+03   0.3157431E+02   0.9600457E+01   0.3965246E+03   0.2308627E+02   0.1151765E+05   0.7068209E+03   0.5216531E-01   0.1096772E+01   0.4792374E+01   0.1267368E+02   0.1194686E+05   0.5941311E+01
   0.1050242E+01   0.6335066E+04   0.2196927E-01   0.1139756E+00   0.1041599E+01   0.6420198E-01   0.2709719E+01   0.3037644E+01   0.9571719E+00   0.9971521E+00   0.2460664E+03   0.2717692E+02   0.1013447E+03   0.4254447E+02   0.3059961E+01   0.9826269E+00   0.9996807E-02   0.5409525E+00   0.6819541E+01   0.1156165E+01   0.7750679E+00   0.7378906E+00   0.1000397E+01   0.9972510E+00   0.1000093E+01   0.9944363E+00   0.9920632E+00   0.6543518E+02   0.6809957E+00   0.3190043E+00   0.1365901E+00   0.6451439E-03   0.8937795E-01   0.7982977E+00   0.8231945E+00   0.4508822E+00   0.5999485E+00   0.9868683E+00   0.9877174E+02   0.2453886E+01   0.8607483E+01   0.2085605E+01   0.1834285E+01   0.1224341E+04   0.5651532E+04   0.2508334E+04   0.8111572E+03   0.2303849E+03   0.9571719E+00   0.2406136E+00   0.2419226E+00   0.2542923E+01   0.1415456E+02   0.1089555E+04   0.1480937E+03   0.1042053E+01   0.1421172E+02   0.1058292E+04   0.1509459E+03   0.1378902E+00   0.1603134E+00   0.3402254E+04   0.1014694E-01   0.8124473E+00   0.4492434E+00   0.7066870E+02   0.6619628E+03   0.8066617E+02   0.1576878E+04   0.8729612E+02   0.2041497E+04   0.9283692E+02   0.2374572E+04   0.2310750E+03   0.5913211E+04   0.4548194E+00   0.7369512E+00   0.4712335E+00   0.6524647E+00   0.4689898E+00   0.6102745E+00   0.4635052E+00   0.5804895E+00   0.2924485E+00   0.3011586E+00   0.2487697E+02   0.1063068E+03   0.3143016E+02   0.8458587E+01   0.3995371E+03   0.2414731E+02   0.1151639E+05   0.7070124E+03   0.1206260E+00   0.8201760E+00   0.6086312E+01   0.7561481E+01   0.1194853E+05   0.7027114E+01
   0.8495782E+00   0.6331782E+04   0.2260826E-01   0.1194736E+00   0.1040578E+01   0.5587405E-01   0.3131169E+01   0.3044854E+01   0.9714053E+00   0.1000094E+01   0.2657837E+03   0.4605346E+02   0.1143288E+03   0.3177886E+02   0.2968330E+01   0.4950346E+00   0.7620649E+00   0.7032411E+00   0.4375933E+01   0.7759891E+00   0.9664871E+00   0.1111074E+01   0.1058540E+01   0.9982431E+00   0.1001014E+01   0.9873407E+00   0.9908482E+00   0.6861389E+02   0.6968329E+00   0.3031671E+00   0.1427270E+00   0.6451439E-03   0.9793055E-01   0.8077657E+00   0.8120183E+00   0.4447607E+00   0.5993851E+00   0.9751679E+00   0.1005476E+03   0.2412764E+01   0.7786560E+01   0.2100696E+01   0.1878588E+01   0.1218917E+04   0.5741592E+04   0.2534619E+04   0.8162329E+03   0.2304070E+03   0.9714053E+00   0.2466165E+00   0.2479475E+00   0.2571878E+01   0.1369339E+02   0.1089659E+04   0.1439619E+03   0.1040690E+01   0.1383331E+02   0.1060505E+04   0.1465411E+03   0.1413043E+00   0.1607194E+00   0.3356926E+04   0.1030412E-01   0.8219390E+00   0.4537055E+00   0.7383893E+02   0.6324084E+03   0.8386385E+02   0.1510247E+04   0.9053604E+02   0.1957699E+04   0.9612341E+02   0.2279123E+04   0.2367054E+03   0.5718796E+04   0.4499778E+00   0.7472522E+00   0.4701227E+00   0.6632971E+00   0.4697102E+00   0.6211162E+00   0.4654253E+00   0.5912411E+00   0.2984337E+00   0.3080529E+00   0.3035112E+02   0.1071267E+03   0.2901592E+02   0.9332206E+01   0.3962219E+03   0.2240139E+02   0.1152044E+05   0.7065628E+03   0.1347533E-03   0.1747772E+01   0.3522305E+01   0.3332316E+01   0.1194840E+05   0.5270212E+01
   0.6119454E+00   0.6331315E+04   0.2249566E-01   0.1182020E+00   0.1041370E+01   0.5110048E-01   0.3052351E+01   0.3035319E+01   0.9692121E+00   0.1001260E+01   0.2239895E+03   0.4367500E+02   0.9953848E+02   0.3639155E+02   0.6309835E+01   0.7732267E+00   0.7853449E+00   0.9963211E+00   0.2513709E+01   0.1030382E+01   0.1002635E+01   0.1126109E+01   0.1209020E+01   0.9986878E+00   0.1001299E+01   0.9943995E+00   0.1000169E+01   0.6831726E+02   0.6971602E+00   0.3028398E+00   0.1413428E+00   0.6451439E-03   0.9656155E-01   0.8024849E+00   0.8062740E+00   0.4416145E+00   0.5953058E+00   0.9708936E+00   0.1006981E+03   0.2405334E+01   0.7298279E+01   0.2080761E+01   0.1878611E+01   0.1223439E+04   0.5753661E+04   0.2542389E+04   0.8195055E+03   0.2315048E+03   0.9692121E+00   0.2455278E+00   0.2468548E+00   0.2564853E+01   0.1375712E+02   0.1089611E+04   0.1447692E+03   0.1041539E+01   0.1389955E+02   0.1060085E+04   0.1473977E+03   0.1406150E+00   0.1607376E+00   0.3359365E+04   0.1025754E-01   0.8217379E+00   0.4537030E+00   0.7351316E+02   0.6351881E+03   0.8348537E+02   0.1516961E+04   0.9012297E+02   0.1966453E+04   0.9568161E+02   0.2289356E+04   0.2355649E+03   0.5745372E+04   0.4468371E+00   0.7423999E+00   0.4669221E+00   0.6590267E+00   0.4665504E+00   0.6171329E+00   0.4623196E+00   0.5874591E+00   0.2965469E+00   0.3061147E+00   0.2753472E+02   0.1034861E+03   0.3048675E+02   0.9993354E+01   0.3957443E+03   0.2254123E+02   0.1151873E+05   0.7065579E+03   0.1936765E-02   0.1891919E+01   0.3391494E+01   0.3772163E+01   0.1194701E+05   0.5285350E+01
   0.3079211E+00   0.6331170E+04   0.2208887E-01   0.1185790E+00   0.1041185E+01   0.4565171E-01   0.2992036E+01   0.3015135E+01   0.9625979E+00   0.9988154E+00   0.2400915E+03   0.4364636E+02   0.1031035E+03   0.4254497E+02   0.5715313E+01   0.7393150E+00   0.4651588E+00   0.2456616E+00   0.4791868E+01   0.1009906E+01   0.1026162E+01   0.8607507E+00   0.1006683E+01   0.9986683E+00   0.9992761E+00   0.9993885E+00   0.9908764E+00   0.6708313E+02   0.6859813E+00   0.3140187E+00   0.1413130E+00   0.6451439E-03   0.9479720E-01   0.7970664E+00   0.8154769E+00   0.4466551E+00   0.5966689E+00   0.9731681E+00   0.9932206E+02   0.2411493E+01   0.6803894E+01   0.2039184E+01   0.1861246E+01   0.1220700E+04   0.5676165E+04   0.2516465E+04   0.8089979E+03   0.2279045E+03   0.9625979E+00   0.2445542E+00   0.2458777E+00   0.2620232E+01   0.1386847E+02   0.1090098E+04   0.1452878E+03   0.1041437E+01   0.1395071E+02   0.1059132E+04   0.1480582E+03   0.1398430E+00   0.1610322E+00   0.3386055E+04   0.1029710E-01   0.8155785E+00   0.4507882E+00   0.7236543E+02   0.6460804E+03   0.8247450E+02   0.1540243E+04   0.8918597E+02   0.1994847E+04   0.9479839E+02   0.2320949E+04   0.2351859E+03   0.5793187E+04   0.4509778E+00   0.7362891E+00   0.4684593E+00   0.6523950E+00   0.4667875E+00   0.6104219E+00   0.4616964E+00   0.5807606E+00   0.2927334E+00   0.3016826E+00   0.3451364E+02   0.1076752E+03   0.3594663E+02   0.1109772E+02   0.3959965E+03   0.2308301E+02   0.1151558E+05   0.7068271E+03   0.5610609E-01   0.1096772E+01   0.4901019E+01   0.3700188E+01   0.1194576E+05   0.6053897E+01
   0.7982625E+00   0.6330024E+04   0.2242103E-01   0.1175973E+00   0.1041345E+01   0.4683955E-01   0.2918636E+01   0.3025472E+01   0.9633626E+00   0.1002040E+01   0.2498363E+03   0.4234185E+02   0.8306615E+02   0.5012803E+02   0.6084392E+01   0.4694664E+00   0.9452226E+00   0.1519722E+00   0.1664080E+01   0.9631410E+00   0.7676390E+00   0.9481311E+00   0.9068981E+00   0.9979460E+00   0.1002299E+01   0.9896008E+00   0.9914997E+00   0.6689270E+02   0.6856425E+00   0.3143575E+00   0.1406634E+00   0.6451439E-03   0.9409358E-01   0.7990814E+00   0.8179792E+00   0.4480257E+00   0.5983385E+00   0.9770159E+00   0.9921832E+02   0.2422870E+01   0.6843567E+01   0.2060373E+01   0.1876124E+01   0.1231314E+04   0.5750023E+04   0.2545178E+04   0.8221925E+03   0.2330093E+03   0.9633626E+00   0.2436960E+00   0.2450163E+00   0.2532123E+01   0.1390376E+02   0.1089521E+04   0.1456638E+03   0.1041602E+01   0.1398460E+02   0.1059780E+04   0.1483246E+03   0.1401041E+00   0.1603427E+00   0.3404211E+04   0.1030079E-01   0.8133104E+00   0.4493581E+00   0.7216545E+02   0.6478956E+03   0.8225533E+02   0.1544488E+04   0.8895355E+02   0.2000291E+04   0.9455465E+02   0.2327239E+04   0.2346338E+03   0.5807959E+04   0.4523362E+00   0.7381180E+00   0.4697877E+00   0.6539804E+00   0.4680729E+00   0.6118908E+00   0.4629425E+00   0.5821492E+00   0.2934260E+00   0.3023780E+00   0.3165898E+02   0.1047852E+03   0.3155366E+02   0.9181223E+01   0.3958803E+03   0.2314665E+02   0.1151312E+05   0.7068384E+03   0.6720117E-01   0.1038582E+01   0.5219703E+01   0.5560747E+01   0.1194132E+05   0.6325486E+01
   0.9777296E+00   0.6336855E+04   0.2238611E-01   0.1181378E+00   0.1041567E+01   0.5426997E-01   0.2974342E+01   0.3048597E+01   0.9698877E+00   0.1006205E+01   0.2788674E+03   0.3239166E+02   0.1130968E+03   0.3818458E+02   0.3642064E+01   0.8015907E+00   0.1864966E+00   0.1095180E+00   0.1303830E+01   0.9750093E+00   0.1056133E+01   0.8140245E+00   0.9052982E+00   0.9973043E+00   0.9989026E+00   0.9935944E+00   0.9963863E+00   0.6740173E+02   0.6892598E+00   0.3107402E+00   0.1411691E+00   0.6451439E-03   0.9515039E-01   0.8108422E+00   0.8252289E+00   0.4519965E+00   0.6053906E+00   0.9876449E+00   0.9970908E+02   0.2433329E+01   0.7637024E+01   0.2108574E+01   0.1891692E+01   0.1227120E+04   0.5760698E+04   0.2565121E+04   0.8293444E+03   0.2351481E+03   0.9698877E+00   0.2444382E+00   0.2457612E+00   0.2557717E+01   0.1384386E+02   0.1089666E+04   0.1452643E+03   0.1041792E+01   0.1394369E+02   0.1059780E+04   0.1479325E+03   0.1402714E+00   0.1606212E+00   0.3390703E+04   0.1029889E-01   0.8158473E+00   0.4507151E+00   0.7265457E+02   0.6432717E+03   0.8271867E+02   0.1534337E+04   0.8940524E+02   0.1987714E+04   0.9499917E+02   0.2313071E+04   0.2351665E+03   0.5782542E+04   0.4566688E+00   0.7493383E+00   0.4751877E+00   0.6643123E+00   0.4738721E+00   0.6217195E+00   0.4689547E+00   0.5916001E+00   0.2983262E+00   0.3075881E+00   0.2525668E+02   0.1038440E+03   0.2969178E+02   0.8887116E+01   0.3959739E+03   0.2214494E+02   0.1152420E+05   0.7067269E+03   0.2515171E-01   0.1279349E+01   0.4249655E+01   0.1021935E+02   0.1195121E+05   0.5554156E+01
   0.7652644E+00   0.6337160E+04   0.2243131E-01   0.1208929E+00   0.1041009E+01   0.5861835E-01   0.3133964E+01   0.3063404E+01   0.9789688E+00   0.1006292E+01   0.2305022E+03   0.2883528E+02   0.1186584E+03   0.2772631E+02   0.4390593E+01   0.6883291E+00   0.2923118E+00   0.5575505E+00   0.4301505E+01   0.9985336E+00   0.8254007E+00   0.1085175E+01   0.1074849E+01   0.9983849E+00   0.1001662E+01   0.9891714E+00   0.9853013E+00   0.6814514E+02   0.6899725E+00   0.3100275E+00   0.1439693E+00   0.6451439E-03   0.9810811E-01   0.8235646E+00   0.8372153E+00   0.4585617E+00   0.6145365E+00   0.9976546E+00   0.9973175E+02   0.2434149E+01   0.8128357E+01   0.2140028E+01   0.1903287E+01   0.1210811E+04   0.5726722E+04   0.2568498E+04   0.8301822E+03   0.2350421E+03   0.9789688E+00   0.2465888E+00   0.2479196E+00   0.2604469E+01   0.1370176E+02   0.1090005E+04   0.1437199E+03   0.1041127E+01   0.1380427E+02   0.1060200E+04   0.1463520E+03   0.1413615E+00   0.1609924E+00   0.3385030E+04   0.1039229E-01   0.8166804E+00   0.4511066E+00   0.7344308E+02   0.6363148E+03   0.8359784E+02   0.1517912E+04   0.9034573E+02   0.1966545E+04   0.9599146E+02   0.2288527E+04   0.2375100E+03   0.5723111E+04   0.4633565E+00   0.7611638E+00   0.4823225E+00   0.6748702E+00   0.4810688E+00   0.6316308E+00   0.4761306E+00   0.6010500E+00   0.3030994E+00   0.3125523E+00   0.2332369E+02   0.1046381E+03   0.2678661E+02   0.9396587E+01   0.3968672E+03   0.2113461E+02   0.1152464E+05   0.7067075E+03   0.2420317E-01   0.1279349E+01   0.4304881E+01   0.9964890E+01   0.1195204E+05   0.5608433E+01
   0.3745794E+00   0.6336825E+04   0.2212460E-01   0.1199341E+00   0.1041254E+01   0.4579885E-01   0.3075710E+01   0.3024607E+01   0.9773639E+00   0.1001470E+01   0.2372375E+03   0.3419909E+02   0.9821811E+02   0.4636852E+02   0.4277017E+01   0.8546329E+00   0.3740016E+00   0.4865822E+00   0.3353641E+01   0.1359997E+01   0.9707101E+00   0.7561817E+00   0.9506055E+00   0.9979240E+00   0.9996197E+00   0.1002860E+01   0.9983426E+00   0.6763245E+02   0.6880209E+00   0.3119791E+00   0.1427039E+00   0.6451439E-03   0.9651412E-01   0.8072791E+00   0.8232388E+00   0.4509065E+00   0.6033302E+00   0.9816262E+00   0.9957660E+02   0.2392560E+01   0.6840515E+01   0.2058590E+01   0.1878406E+01   0.1193542E+04   0.5641958E+04   0.2541377E+04   0.8212404E+03   0.2319290E+03   0.9773639E+00   0.2456915E+00   0.2470191E+00   0.2642778E+01   0.1378129E+02   0.1090255E+04   0.1444872E+03   0.1041439E+01   0.1387380E+02   0.1059399E+04   0.1472320E+03   0.1404124E+00   0.1612683E+00   0.3381275E+04   0.1034057E-01   0.8166520E+00   0.4513257E+00   0.7292242E+02   0.6409996E+03   0.8305645E+02   0.1528616E+04   0.8978758E+02   0.1980105E+04   0.9541788E+02   0.2304056E+04   0.2364029E+03   0.5756550E+04   0.4554568E+00   0.7459205E+00   0.4736124E+00   0.6611449E+00   0.4721548E+00   0.6186981E+00   0.4671585E+00   0.5886897E+00   0.2967981E+00   0.3059649E+00   0.2658643E+02   0.1056917E+03   0.3143288E+02   0.1077014E+02   0.3961613E+03   0.2092021E+02   0.1152700E+05   0.7067628E+03   0.3444825E-01   0.1217317E+01   0.4435502E+01   0.6349162E+01   0.1195485E+05   0.5687268E+01
   0.2558467E+00   0.6343382E+04   0.2210434E-01   0.1167188E+00   0.1041048E+01   0.4896820E-01   0.2965603E+01   0.3020300E+01   0.9735697E+00   0.9995488E+00   0.2135872E+03   0.4084105E+02   0.1192391E+03   0.3197071E+02   0.5814192E+01   0.5637781E+00   0.9542702E+00   0.1231289E+00   0.1770772E+00   0.1082285E+01   0.8080605E+00   0.1068073E+01   0.8063832E+00   0.9945805E+00   0.1001638E+01   0.9908421E+00   0.9941771E+00   0.6740173E+02   0.6930035E+00   0.3069965E+00   0.1394683E+00   0.6451439E-03   0.9400405E-01   0.7967587E+00   0.8059959E+00   0.4414622E+00   0.5930757E+00   0.9704905E+00   0.1002120E+03   0.2382809E+01   0.7124329E+01   0.2049744E+01   0.1858516E+01   0.1195972E+04   0.5648895E+04   0.2528401E+04   0.8176049E+03   0.2311281E+03   0.9735697E+00   0.2442035E+00   0.2455256E+00   0.2607995E+01   0.1389102E+02   0.1089888E+04   0.1459015E+03   0.1041311E+01   0.1401133E+02   0.1059017E+04   0.1486786E+03   0.1393132E+00   0.1609454E+00   0.3353627E+04   0.1018028E-01   0.8213689E+00   0.4537970E+00   0.7259357E+02   0.6435394E+03   0.8255112E+02   0.1535885E+04   0.8917257E+02   0.1990315E+04   0.9471467E+02   0.2316586E+04   0.2338636E+03   0.5801812E+04   0.4463553E+00   0.7366916E+00   0.4653803E+00   0.6535066E+00   0.4645238E+00   0.6117755E+00   0.4599893E+00   0.5822426E+00   0.2937631E+00   0.3030445E+00   0.2832067E+02   0.1047516E+03   0.3044633E+02   0.1166137E+02   0.3957709E+03   0.2126412E+02   0.1153579E+05   0.7066340E+03   0.3053864E-02   0.1539698E+01   0.3620818E+01   0.1048382E+02   0.1196448E+05   0.5163570E+01
   0.4769476E+00   0.6337805E+04   0.2202627E-01   0.1139080E+00   0.1041896E+01   0.5348183E-01   0.2791414E+01   0.3027098E+01   0.9691529E+00   0.1001516E+01   0.2225078E+03   0.4641285E+02   0.9815748E+02   0.4370628E+02   0.4059222E+01   0.7313899E+00   0.8199979E+00   0.8533271E+00   0.1031102E+01   0.1214963E+01   0.9383072E+00   0.1063654E+01   0.1020070E+01   0.9981382E+00   0.1005899E+01   0.9996723E+00   0.9932195E+00   0.6657043E+02   0.6918073E+00   0.3081927E+00   0.1365794E+00   0.6451439E-03   0.9092149E-01   0.7948294E+00   0.8056093E+00   0.4412504E+00   0.5922152E+00   0.9741666E+00   0.1001625E+03   0.2400365E+01   0.7545471E+01   0.2063725E+01   0.1854377E+01   0.1207142E+04   0.5676426E+04   0.2539928E+04   0.8238561E+03   0.2339108E+03   0.9691529E+00   0.2417815E+00   0.2430948E+00   0.2561272E+01   0.1404906E+02   0.1089559E+04   0.1476313E+03   0.1042281E+01   0.1416425E+02   0.1058483E+04   0.1504609E+03   0.1381036E+00   0.1606021E+00   0.3363346E+04   0.1008838E-01   0.8199022E+00   0.4531061E+00   0.7171860E+02   0.6514782E+03   0.8158684E+02   0.1554540E+04   0.8814712E+02   0.2014298E+04   0.9363719E+02   0.2344344E+04   0.2313912E+03   0.5867957E+04   0.4460499E+00   0.7347946E+00   0.4647723E+00   0.6516999E+00   0.4637819E+00   0.6100330E+00   0.4591655E+00   0.5805528E+00   0.2928871E+00   0.3020751E+00   0.2741712E+02   0.1071594E+03   0.3188449E+02   0.1038853E+02   0.3958723E+03   0.2172474E+02   0.1152401E+05   0.7066612E+03   0.3980758E-02   0.1539698E+01   0.3565280E+01   0.1184509E+02   0.1195199E+05   0.5108959E+01
   0.8873363E+00   0.6329448E+04   0.2209757E-01   0.1154588E+00   0.1041293E+01   0.5077039E-01   0.2774977E+01   0.3024349E+01   0.9620171E+00   0.1000583E+01   0.2117622E+03   0.2663095E+02   0.1123676E+03   0.3414783E+02   0.6450034E+01   0.8725685E+00   0.2312077E+00   0.5296142E+00   0.7557130E+00   0.1126302E+01   0.1059799E+01   0.9035423E+00   0.1155426E+01   0.9984476E+00   0.9980463E+00   0.9946994E+00   0.9887014E+00   0.6568054E+02   0.6796392E+00   0.3203608E+00   0.1382015E+00   0.6451439E-03   0.9077151E-01   0.7966429E+00   0.8232330E+00   0.4509033E+00   0.5993404E+00   0.9829815E+00   0.9854166E+02   0.2430926E+01   0.7270813E+01   0.2058060E+01   0.1859343E+01   0.1222741E+04   0.5692977E+04   0.2537393E+04   0.8218039E+03   0.2334317E+03   0.9620171E+00   0.2415827E+00   0.2428953E+00   0.2542189E+01   0.1408491E+02   0.1089594E+04   0.1472374E+03   0.1041682E+01   0.1413458E+02   0.1058750E+04   0.1500317E+03   0.1386607E+00   0.1602926E+00   0.3411290E+04   0.1022044E-01   0.8110063E+00   0.4483890E+00   0.7095405E+02   0.6594022E+03   0.8102648E+02   0.1570442E+04   0.8770411E+02   0.2032947E+04   0.9328379E+02   0.2364450E+04   0.2323941E+03   0.5884253E+04   0.4547170E+00   0.7352907E+00   0.4707912E+00   0.6508495E+00   0.4683943E+00   0.6087038E+00   0.4628146E+00   0.5789584E+00   0.2916133E+00   0.3002499E+00   0.2152380E+02   0.1009934E+03   0.2610027E+02   0.8738470E+01   0.3957318E+03   0.2299296E+02   0.1151300E+05   0.7070696E+03   0.1567518E+00   0.7194209E+00   0.6890837E+01   0.3601237E+01   0.1194046E+05   0.7767009E+01
   0.8852376E+00   0.6333562E+04   0.2211393E-01   0.1165378E+00   0.1041176E+01   0.5448669E-01   0.2793517E+01   0.3031784E+01   0.9583009E+00   0.9999894E+00   0.2382353E+03   0.4260531E+02   0.1024185E+03   0.4254484E+02   0.5677237E+01   0.9809564E+00   0.2246790E+00   0.5437347E+00   0.1870246E+01   0.9011804E+00   0.7726789E+00   0.8075986E+00   0.9228502E+00   0.9981534E+00   0.9986593E+00   0.1002090E+01   0.9947617E+00   0.6549377E+02   0.6752559E+00   0.3247441E+00   0.1392968E+00   0.6451439E-03   0.9123075E-01   0.8014430E+00   0.8338398E+00   0.4567129E+00   0.6050036E+00   0.9903133E+00   0.9798748E+02   0.2455211E+01   0.7667542E+01   0.2073419E+01   0.1859347E+01   0.1231142E+04   0.5692662E+04   0.2529511E+04   0.8175349E+03   0.2320567E+03   0.9583009E+00   0.2418472E+00   0.2431608E+00   0.2545672E+01   0.1407081E+02   0.1089686E+04   0.1468347E+03   0.1041557E+01   0.1409762E+02   0.1058903E+04   0.1496134E+03   0.1390253E+00   0.1602914E+00   0.3429600E+04   0.1028854E-01   0.8077508E+00   0.4466722E+00   0.7082263E+02   0.6609503E+03   0.8098634E+02   0.1573058E+04   0.8771793E+02   0.2035639E+04   0.9333965E+02   0.2367016E+04   0.2331873E+03   0.5878778E+04   0.4601647E+00   0.7393004E+00   0.4753577E+00   0.6539421E+00   0.4724440E+00   0.6114085E+00   0.4664924E+00   0.5814154E+00   0.2926832E+00   0.3011777E+00   0.2849173E+02   0.1036077E+03   0.3331568E+02   0.8538715E+01   0.3962058E+03   0.2391266E+02   0.1151734E+05   0.7072741E+03   0.2592630E+00   0.4956671E+00   0.8869996E+01   0.4226496E+01   0.1194600E+05   0.9624926E+01
   0.3101633E+00   0.6328704E+04   0.2232867E-01   0.1179157E+00   0.1040914E+01   0.5053938E-01   0.2985531E+01   0.3021274E+01   0.9651720E+00   0.9981741E+00   0.2556526E+03   0.3605607E+02   0.6711362E+02   0.5526458E+02   0.3094642E+01   0.4407930E+00   0.8222154E+00   0.1848760E+00   0.5849317E+01   0.8284748E+00   0.1241418E+01   0.9218297E+00   0.1054096E+01   0.9957238E+00   0.1002691E+01   0.9976574E+00   0.9882310E+00   0.6734680E+02   0.6893689E+00   0.3106311E+00   0.1408896E+00   0.6451439E-03   0.9488461E-01   0.7969963E+00   0.8109949E+00   0.4442002E+00   0.5950008E+00   0.9711757E+00   0.9967366E+02   0.2407469E+01   0.7261658E+01   0.2051742E+01   0.1854491E+01   0.1214317E+04   0.5676674E+04   0.2511817E+04   0.8095613E+03   0.2286717E+03   0.9651720E+00   0.2445659E+00   0.2458894E+00   0.2572316E+01   0.1385639E+02   0.1089731E+04   0.1453100E+03   0.1041142E+01   0.1395678E+02   0.1059628E+04   0.1480006E+03   0.1401148E+00   0.1606499E+00   0.3378831E+04   0.1027062E-01   0.8173254E+00   0.4515142E+00   0.7259473E+02   0.6437932E+03   0.8264740E+02   0.1535610E+04   0.8932657E+02   0.1989382E+04   0.9491438E+02   0.2315028E+04   0.2349376E+03   0.5787766E+04   0.4487953E+00   0.7365546E+00   0.4670247E+00   0.6529924E+00   0.4657456E+00   0.6111309E+00   0.4609218E+00   0.5815279E+00   0.2932528E+00   0.3023623E+00   0.3227412E+02   0.1058818E+03   0.3321696E+02   0.1118640E+02   0.3957181E+03   0.2267012E+02   0.1150555E+05   0.7067239E+03   0.2767914E-01   0.1279349E+01   0.4366240E+01   0.9881594E+01   0.1193513E+05   0.5673268E+01
   0.4436146E+00   0.6329894E+04   0.2184362E-01   0.1149100E+00   0.1041009E+01   0.4712247E-01   0.2759016E+01   0.3008700E+01   0.9568487E+00   0.9987915E+00   0.2288815E+03   0.3925357E+02   0.9322804E+02   0.4080824E+02   0.2608211E+01   0.5403725E+00   0.9467427E+00   0.9243791E+00   0.7144873E+01   0.8465595E+00   0.1030290E+01   0.1006688E+01   0.8879243E+00   0.9973291E+00   0.1001498E+01   0.9990131E+00   0.9938266E+00   0.6539490E+02   0.6787115E+00   0.3212885E+00   0.1373988E+00   0.6451439E-03   0.8985179E-01   0.7883364E+00   0.8158278E+00   0.4468473E+00   0.5935200E+00   0.9748541E+00   0.9846079E+02   0.2422225E+01   0.6929016E+01   0.2026103E+01   0.1843875E+01   0.1223996E+04   0.5661815E+04   0.2515481E+04   0.8116996E+03   0.2296501E+03   0.9568487E+00   0.2412386E+00   0.2425498E+00   0.2583983E+01   0.1413510E+02   0.1089850E+04   0.1476728E+03   0.1041438E+01   0.1417971E+02   0.1058102E+04   0.1505634E+03   0.1379862E+00   0.1605635E+00   0.3398936E+04   0.1017212E-01   0.8122664E+00   0.4492296E+00   0.7065786E+02   0.6622372E+03   0.8071219E+02   0.1576960E+04   0.8737640E+02   0.2041232E+04   0.9294420E+02   0.2373962E+04   0.2316911E+03   0.5905316E+04   0.4505637E+00   0.7275346E+00   0.4662622E+00   0.6438871E+00   0.4637831E+00   0.6021526E+00   0.4581891E+00   0.5727030E+00   0.2884329E+00   0.2969348E+00   0.2943884E+02   0.1067387E+03   0.3135413E+02   0.1008419E+02   0.3957997E+03   0.2361094E+02   0.1151128E+05   0.7071104E+03   0.1702276E+00   0.6715329E+00   0.7089382E+01   0.3969801E+01   0.1194078E+05   0.7931143E+01
   0.6553000E+00   0.6336573E+04   0.2249648E-01   0.1225514E+00   0.1040354E+01   0.5286648E-01   0.3185901E+01   0.3048543E+01   0.9737838E+00   0.9998899E+00   0.2008916E+03   0.3979062E+02   0.1132054E+03   0.3497157E+02   0.2932564E+01   0.7051663E+00   0.3804458E+00   0.4933924E+00   0.2550972E+01   0.1061278E+01   0.3758623E+00   0.9383750E+00   0.7543941E+00   0.9977078E+00   0.1001842E+01   0.9930711E+00   0.9886949E+00   0.6799866E+02   0.6849074E+00   0.3150926E+00   0.1456931E+00   0.6451439E-03   0.9906932E-01   0.8188804E+00   0.8392260E+00   0.4596630E+00   0.6135218E+00   0.9930482E+00   0.9900400E+02   0.2434589E+01   0.7560730E+01   0.2108460E+01   0.1896908E+01   0.1215657E+04   0.5715296E+04   0.2547971E+04   0.8207406E+03   0.2317267E+03   0.9737838E+00   0.2472965E+00   0.2486299E+00   0.2610491E+01   0.1366839E+02   0.1090117E+04   0.1429982E+03   0.1040438E+01   0.1374404E+02   0.1060505E+04   0.1455970E+03   0.1420222E+00   0.1609457E+00   0.3402302E+04   0.1048122E-01   0.8132996E+00   0.4492797E+00   0.7337296E+02   0.6372843E+03   0.8365043E+02   0.1519022E+04   0.9047208E+02   0.1967199E+04   0.9617588E+02   0.2288648E+04   0.2387705E+03   0.5709717E+04   0.4639757E+00   0.7563308E+00   0.4816911E+00   0.6700330E+00   0.4798465E+00   0.6268748E+00   0.4745301E+00   0.5963827E+00   0.3005373E+00   0.3096947E+00   0.2489491E+02   0.1044994E+03   0.2858211E+02   0.9550647E+01   0.3958850E+03   0.2219919E+02   0.1151708E+05   0.7068637E+03   0.9277719E-01   0.9265765E+00   0.5938810E+01   0.1460513E+02   0.1194472E+05   0.6958163E+01
   0.3468470E+00   0.6335717E+04   0.2245225E-01   0.1151282E+00   0.1041874E+01   0.5081663E-01   0.2857338E+01   0.3024706E+01   0.9667067E+00   0.1001514E+01   0.2182035E+03   0.3185589E+02   0.1126831E+03   0.3274555E+02   0.5337076E+01   0.8804491E+00   0.9073161E-01   0.2095164E+00   0.4272511E+01   0.1281134E+01   0.7918063E+00   0.8613474E+00   0.8010673E+00   0.9983351E+00   0.9978932E+00   0.9994193E+00   0.9840223E+00   0.6725159E+02   0.6943789E+00   0.3056211E+00   0.1382256E+00   0.6451439E-03   0.9295890E-01   0.7934799E+00   0.8008792E+00   0.4386596E+00   0.5899725E+00   0.9675751E+00   0.1003949E+03   0.2399935E+01   0.7206726E+01   0.2058795E+01   0.1859835E+01   0.1218744E+04   0.5730069E+04   0.2538005E+04   0.8223653E+03   0.2335443E+03   0.9667067E+00   0.2428691E+00   0.2441864E+00   0.2505456E+01   0.1393973E+02   0.1089207E+04   0.1466157E+03   0.1042167E+01   0.1406836E+02   0.1059628E+04   0.1492826E+03   0.1393729E+00   0.1602242E+00   0.3373172E+04   0.1016409E-01   0.8193420E+00   0.4524936E+00   0.7240830E+02   0.6450862E+03   0.8230462E+02   0.1539911E+04   0.8888743E+02   0.1995750E+04   0.9439815E+02   0.2323092E+04   0.2328618E+03   0.5821983E+04   0.4436527E+00   0.7337950E+00   0.4629003E+00   0.6510861E+00   0.4622066E+00   0.6095717E+00   0.4577998E+00   0.5801838E+00   0.2927873E+00   0.3020926E+00   0.2723914E+02   0.1022139E+03   0.3143027E+02   0.1108115E+02   0.3956777E+03   0.2233303E+02   0.1152202E+05   0.7066056E+03   0.3284621E-03   0.1677296E+01   0.3483681E+01   0.8556489E+01   0.1195111E+05   0.5161306E+01
   0.6314608E+00   0.6333633E+04   0.2214358E-01   0.1162784E+00   0.1041614E+01   0.4686902E-01   0.2832484E+01   0.3016027E+01   0.9612201E+00   0.9992568E+00   0.2520500E+03   0.4585123E+02   0.9609823E+02   0.4587206E+02   0.3968512E+01   0.7826069E+00   0.6769868E+00   0.6751655E+00   0.2254132E+01   0.1131202E+01   0.9558848E+00   0.1024216E+01   0.1139614E+01   0.9974555E+00   0.1004207E+01   0.9921564E+00   0.9888892E+00   0.6621155E+02   0.6827827E+00   0.3172173E+00   0.1390671E+00   0.6451439E-03   0.9207848E-01   0.7942495E+00   0.8167229E+00   0.4473376E+00   0.5960685E+00   0.9760905E+00   0.9895096E+02   0.2419146E+01   0.6871033E+01   0.2041005E+01   0.1858378E+01   0.1223719E+04   0.5693442E+04   0.2529604E+04   0.8175066E+03   0.2316603E+03   0.9612201E+00   0.2423989E+00   0.2437144E+00   0.2553836E+01   0.1401122E+02   0.1089665E+04   0.1466776E+03   0.1041955E+01   0.1407715E+02   0.1058979E+04   0.1494467E+03   0.1390669E+00   0.1604764E+00   0.3405470E+04   0.1024380E-01   0.8124581E+00   0.4491226E+00   0.7147407E+02   0.6543756E+03   0.8154107E+02   0.1559229E+04   0.8821975E+02   0.2018924E+04   0.9380248E+02   0.2348542E+04   0.2332122E+03   0.5853154E+04   0.4514146E+00   0.7333785E+00   0.4681264E+00   0.6494799E+00   0.4660917E+00   0.6075559E+00   0.4607686E+00   0.5779485E+00   0.2912125E+00   0.2999695E+00   0.2942769E+02   0.1086293E+03   0.3509879E+02   0.9547017E+01   0.3958656E+03   0.2325042E+02   0.1151731E+05   0.7069414E+03   0.9796266E-01   0.8727971E+00   0.5713027E+01   0.7664679E+01   0.1194598E+05   0.6683787E+01
   0.6381323E+00   0.6328080E+04   0.2239010E-01   0.1169110E+00   0.1041680E+01   0.5061472E-01   0.2939324E+01   0.3027882E+01   0.9682449E+00   0.9996271E+00   0.2485892E+03   0.4129963E+02   0.1056974E+03   0.3946816E+02   0.3768237E+01   0.7139823E+00   0.5358632E+00   0.4066260E+00   0.1444856E+00   0.8702565E+00   0.9510089E+00   0.1046677E+01   0.1112737E+01   0.9974199E+00   0.1002904E+01   0.9882990E+00   0.9869981E+00   0.6746765E+02   0.6925531E+00   0.3074469E+00   0.1399462E+00   0.6451439E-03   0.9441844E-01   0.7989805E+00   0.8088362E+00   0.4430178E+00   0.5949476E+00   0.9727212E+00   0.1001487E+03   0.2405042E+01   0.7237244E+01   0.2065345E+01   0.1866505E+01   0.1216392E+04   0.5714301E+04   0.2536836E+04   0.8203113E+03   0.2324247E+03   0.9682449E+00   0.2439652E+00   0.2452865E+00   0.2544885E+01   0.1387156E+02   0.1089518E+04   0.1457636E+03   0.1041939E+01   0.1398965E+02   0.1059666E+04   0.1484396E+03   0.1398807E+00   0.1605408E+00   0.3377224E+04   0.1023359E-01   0.8183563E+00   0.4520236E+00   0.7267416E+02   0.6428570E+03   0.8265399E+02   0.1534153E+04   0.8928961E+02   0.1988001E+04   0.9484326E+02   0.2313838E+04   0.2342497E+03   0.5793727E+04   0.4478727E+00   0.7387032E+00   0.4668556E+00   0.6552437E+00   0.4659464E+00   0.6133819E+00   0.4613650E+00   0.5837592E+00   0.2945088E+00   0.3037950E+00   0.2645583E+02   0.1053514E+03   0.3086173E+02   0.9823494E+01   0.3956998E+03   0.2241981E+02   0.1150971E+05   0.7066439E+03   0.4564098E-02   0.1539698E+01   0.3678760E+01   0.6641670E+01   0.1193765E+05   0.5223023E+01
   0.2364202E+00   0.6331030E+04   0.2233563E-01   0.1165059E+00   0.1041594E+01   0.4519063E-01   0.2951486E+01   0.3015810E+01   0.9692529E+00   0.9998181E+00   0.2058606E+03   0.2818254E+02   0.1142990E+03   0.3847488E+02   0.4869352E+01   0.8354680E+00   0.2259673E+00   0.6603023E-01   0.6816440E+00   0.1114610E+01   0.1179552E+01   0.8342676E+00   0.1039185E+01   0.9970378E+00   0.9982444E+00   0.9964273E+00   0.9943470E+00   0.6768005E+02   0.6954830E+00   0.3045170E+00   0.1394867E+00   0.6451439E-03   0.9440469E-01   0.7928714E+00   0.7988180E+00   0.4375306E+00   0.5889869E+00   0.9637677E+00   0.1005380E+03   0.2383086E+01   0.6672668E+01   0.2040561E+01   0.1864222E+01   0.1212112E+04   0.5710534E+04   0.2535348E+04   0.8194660E+03   0.2318310E+03   0.9692529E+00   0.2441080E+00   0.2454298E+00   0.2559203E+01   0.1386497E+02   0.1089562E+04   0.1458510E+03   0.1041851E+01   0.1399922E+02   0.1059513E+04   0.1485489E+03   0.1396792E+00   0.1606624E+00   0.3360512E+04   0.1019139E-01   0.8211824E+00   0.4535373E+00   0.7285724E+02   0.6410270E+03   0.8278430E+02   0.1530503E+04   0.8938931E+02   0.1983742E+04   0.9491946E+02   0.2309266E+04   0.2339593E+03   0.5790619E+04   0.4425606E+00   0.7333449E+00   0.4620454E+00   0.6508109E+00   0.4614863E+00   0.6093655E+00   0.4571746E+00   0.5800194E+00   0.2927393E+00   0.3021018E+00   0.2450123E+02   0.1044831E+03   0.3020175E+02   0.1186818E+02   0.3962197E+03   0.2206027E+02   0.1151512E+05   0.7065851E+03   0.1705608E-03   0.1747772E+01   0.3404093E+01   0.5057988E+01   0.1194526E+05   0.5152036E+01
   0.3441012E+00   0.6327718E+04   0.2220654E-01   0.1172184E+00   0.1040756E+01   0.5239329E-01   0.2998708E+01   0.3025473E+01   0.9649468E+00   0.9981115E+00   0.2588807E+03   0.4272289E+02   0.1007535E+03   0.4234817E+02   0.4448791E+01   0.5376234E+00   0.8751945E+00   0.3121817E+00   0.4595152E+01   0.1019445E+01   0.9252993E+00   0.9558609E+00   0.8564503E+00   0.9979355E+00   0.1001540E+01   0.1006123E+01   0.9996528E+00   0.6759583E+02   0.6934469E+00   0.3065531E+00   0.1400701E+00   0.6451439E-03   0.9468154E-01   0.7962168E+00   0.8048659E+00   0.4408432E+00   0.5924583E+00   0.9684371E+00   0.1002155E+03   0.2405130E+01   0.7469177E+01   0.2060374E+01   0.1855401E+01   0.1217726E+04   0.5691196E+04   0.2513814E+04   0.8086368E+03   0.2279269E+03   0.9649468E+00   0.2446929E+00   0.2460169E+00   0.2600152E+01   0.1385664E+02   0.1089836E+04   0.1455209E+03   0.1040986E+01   0.1397914E+02   0.1059322E+04   0.1482569E+03   0.1397012E+00   0.1608678E+00   0.3353101E+04   0.1020152E-01   0.8215458E+00   0.4538055E+00   0.7279650E+02   0.6417124E+03   0.8276991E+02   0.1531635E+04   0.8940259E+02   0.1984880E+04   0.9495443E+02   0.2310319E+04   0.2343821E+03   0.5787398E+04   0.4457563E+00   0.7362346E+00   0.4648675E+00   0.6531495E+00   0.4640641E+00   0.6114611E+00   0.4595688E+00   0.5819558E+00   0.2936316E+00   0.3029315E+00   0.3225284E+02   0.1081663E+03   0.3312868E+02   0.1107814E+02   0.3958053E+03   0.2291054E+02   0.1151023E+05   0.7066245E+03   0.3041207E-02   0.1539698E+01   0.3665909E+01   0.3579969E+01   0.1194002E+05   0.5208649E+01
   0.3071936E+00   0.6328922E+04   0.2228637E-01   0.1187421E+00   0.1040497E+01   0.4874960E-01   0.3076709E+01   0.3022860E+01   0.9663227E+00   0.9985639E+00   0.2705546E+03   0.3945986E+02   0.9581685E+02   0.3990021E+02   0.3040192E+01   0.6034566E+00   0.7204352E+00   0.6117298E+00   0.8393716E+01   0.8192913E+00   0.9698600E+00   0.9469867E+00   0.8852176E+00   0.9974748E+00   0.9999688E+00   0.1000172E+01   0.9889274E+00   0.6794373E+02   0.6931047E+00   0.3068953E+00   0.1416736E+00   0.6451439E-03   0.9625834E-01   0.7978406E+00   0.8069575E+00   0.4419888E+00   0.5938321E+00   0.9679244E+00   0.1001247E+03   0.2400873E+01   0.7106018E+01   0.2054998E+01   0.1864095E+01   0.1217863E+04   0.5700371E+04   0.2516980E+04   0.8086605E+03   0.2275962E+03   0.9663227E+00   0.2457720E+00   0.2470999E+00   0.2612020E+01   0.1378104E+02   0.1089946E+04   0.1446668E+03   0.1040678E+01   0.1390120E+02   0.1059666E+04   0.1473642E+03   0.1403986E+00   0.1609663E+00   0.3356297E+04   0.1026490E-01   0.8210506E+00   0.4534825E+00   0.7318021E+02   0.6383701E+03   0.8321437E+02   0.1523583E+04   0.8988699E+02   0.1974396E+04   0.9547203E+02   0.2298076E+04   0.2357101E+03   0.5755862E+04   0.4468547E+00   0.7377041E+00   0.4659345E+00   0.6544174E+00   0.4650925E+00   0.6126330E+00   0.4605627E+00   0.5830617E+00   0.2941656E+00   0.3034752E+00   0.3196575E+02   0.1069912E+03   0.3352964E+02   0.1129776E+02   0.3957406E+03   0.2274528E+02   0.1151105E+05   0.7066318E+03   0.5394906E-02   0.1539698E+01   0.3792165E+01   0.5038947E+01   0.1194084E+05   0.5337259E+01
   0.6767222E+00   0.6329879E+04   0.2208633E-01   0.1162137E+00   0.1041386E+01   0.5110437E-01   0.2865979E+01   0.3027308E+01   0.9583736E+00   0.1001828E+01   0.2206319E+03   0.3957968E+02   0.1025650E+03   0.3664121E+02   0.2901940E+01   0.4885750E+00   0.6404630E+00   0.3895662E+00   0.6156490E+01   0.1165368E+01   0.1169450E+01   0.9838711E+00   0.1081589E+01   0.9970432E+00   0.9984776E+00   0.9975667E+00   0.9916209E+00   0.6650818E+02   0.6858817E+00   0.3141183E+00   0.1389451E+00   0.6451439E-03   0.9240988E-01   0.7967152E+00   0.8152468E+00   0.4465291E+00   0.5964533E+00   0.9769348E+00   0.9933298E+02   0.2432944E+01   0.7331848E+01   0.2064158E+01   0.1863607E+01   0.1236964E+04   0.5730819E+04   0.2531876E+04   0.8153206E+03   0.2304296E+03   0.9583736E+00   0.2428371E+00   0.2441542E+00   0.2576345E+01   0.1398724E+02   0.1089767E+04   0.1465651E+03   0.1041716E+01   0.1406958E+02   0.1058865E+04   0.1493545E+03   0.1389883E+00   0.1606535E+00   0.3386787E+04   0.1021117E-01   0.8154930E+00   0.4507470E+00   0.7174566E+02   0.6516698E+03   0.8177100E+02   0.1553541E+04   0.8842672E+02   0.2012052E+04   0.9399243E+02   0.2340952E+04   0.2332036E+03   0.5842809E+04   0.4508634E+00   0.7359562E+00   0.4683158E+00   0.6520915E+00   0.4666333E+00   0.6101347E+00   0.4615366E+00   0.5804855E+00   0.2926083E+00   0.3015388E+00   0.3137757E+02   0.1055860E+03   0.3040698E+02   0.9519582E+01   0.3957595E+03   0.2391830E+02   0.1151248E+05   0.7068304E+03   0.5502870E-01   0.1096772E+01   0.4847502E+01   0.5252283E+01   0.1194168E+05   0.5999303E+01
   0.5439097E+00   0.6335642E+04   0.2212935E-01   0.1188622E+00   0.1041312E+01   0.4884013E-01   0.2983905E+01   0.3022391E+01   0.9594960E+00   0.9986376E+00   0.2442627E+03   0.3318534E+02   0.7742322E+02   0.4934730E+02   0.4417371E+01   0.3999727E+00   0.8941658E+00   0.3417705E+00   0.9200544E+01   0.1099176E+01   0.1094766E+01   0.8755709E+00   0.9701260E+00   0.9969947E+00   0.9980022E+00   0.9899848E+00   0.9950083E+00   0.6696228E+02   0.6841249E+00   0.3158751E+00   0.1416367E+00   0.6451439E-03   0.9484316E-01   0.8001510E+00   0.8210489E+00   0.4497070E+00   0.5998612E+00   0.9778154E+00   0.9908915E+02   0.2430010E+01   0.7139587E+01   0.2054035E+01   0.1862884E+01   0.1229994E+04   0.5692233E+04   0.2515812E+04   0.8080091E+03   0.2276876E+03   0.9594960E+00   0.2444614E+00   0.2457845E+00   0.2609669E+01   0.1387058E+02   0.1090063E+04   0.1452237E+03   0.1041556E+01   0.1394296E+02   0.1059246E+04   0.1479776E+03   0.1399892E+00   0.1609535E+00   0.3397584E+04   0.1032647E-01   0.8137109E+00   0.4497845E+00   0.7226395E+02   0.6471241E+03   0.8240721E+02   0.1542278E+04   0.8913854E+02   0.1997188E+04   0.9476624E+02   0.2323432E+04   0.2353981E+03   0.5794262E+04   0.4539012E+00   0.7389565E+00   0.4710349E+00   0.6545595E+00   0.4691401E+00   0.6123649E+00   0.4638825E+00   0.5825584E+00   0.2935672E+00   0.3024628E+00   0.3311521E+02   0.1070487E+03   0.3295276E+02   0.9895471E+01   0.3957111E+03   0.2392554E+02   0.1151854E+05   0.7068915E+03   0.8115975E-01   0.9818667E+00   0.5419620E+01   0.9835640E+01   0.1194807E+05   0.6482647E+01
   0.4367584E+00   0.6330385E+04   0.2264509E-01   0.1202920E+00   0.1040954E+01   0.4833917E-01   0.3155408E+01   0.3029381E+01   0.9705773E+00   0.9991740E+00   0.2461404E+03   0.4257760E+02   0.9147749E+02   0.3803566E+02   0.2912650E+01   0.6722403E+00   0.4187187E+00   0.7956600E+00   0.7870006E+01   0.9768740E+00   0.7201099E+00   0.1086241E+01   0.1214073E+01   0.9971870E+00   0.1001563E+01   0.9979835E+00   0.9922383E+00   0.6876404E+02   0.6963467E+00   0.3036533E+00   0.1435822E+00   0.6451439E-03   0.9873294E-01   0.8035031E+00   0.8083807E+00   0.4427683E+00   0.5964610E+00   0.9689623E+00   0.1005108E+03   0.2398265E+01   0.7023621E+01   0.2068443E+01   0.1877832E+01   0.1217487E+04   0.5733141E+04   0.2529776E+04   0.8141947E+03   0.2295889E+03   0.9705773E+00   0.2469505E+00   0.2482827E+00   0.2573532E+01   0.1365726E+02   0.1089708E+04   0.1436056E+03   0.1041048E+01   0.1379433E+02   0.1060658E+04   0.1461676E+03   0.1416392E+00   0.1607926E+00   0.3366304E+04   0.1034951E-01   0.8206474E+00   0.4530145E+00   0.7400973E+02   0.6309830E+03   0.8407062E+02   0.1506729E+04   0.9076601E+02   0.1953064E+04   0.9637247E+02   0.2273665E+04   0.2373976E+03   0.5703766E+04   0.4479086E+00   0.7432606E+00   0.4678407E+00   0.6597003E+00   0.4673737E+00   0.6177256E+00   0.4630726E+00   0.5879995E+00   0.2967719E+00   0.3063192E+00   0.3104315E+02   0.1056044E+03   0.3244393E+02   0.1065525E+02   0.3957978E+03   0.2240683E+02   0.1151289E+05   0.7065705E+03   0.2428149E-04   0.1747772E+01   0.3520056E+01   0.7182896E+01   0.1194175E+05   0.5267852E+01
   0.4797995E+00   0.6328887E+04   0.2248001E-01   0.1162123E+00   0.1041708E+01   0.5461789E-01   0.2936804E+01   0.3031063E+01   0.9644329E+00   0.9986157E+00   0.2379161E+03   0.2975377E+02   0.1069773E+03   0.3743302E+02   0.2189371E+01   0.7336252E+00   0.1472496E+00   0.7241527E-01   0.7410116E+01   0.1062515E+01   0.8269224E+00   0.8725039E+00   0.9344213E+00   0.9967656E+00   0.1000527E+01   0.1001413E+01   0.9948450E+00   0.6776794E+02   0.6965974E+00   0.3034026E+00   0.1393375E+00   0.6451439E-03   0.9442613E-01   0.7963868E+00   0.8008903E+00   0.4386657E+00   0.5910563E+00   0.9674130E+00   0.1006634E+03   0.2409185E+01   0.7615662E+01   0.2071924E+01   0.1857519E+01   0.1224464E+04   0.5731850E+04   0.2524071E+04   0.8145875E+03   0.2305897E+03   0.9644329E+00   0.2439652E+00   0.2452865E+00   0.2527934E+01   0.1386122E+02   0.1089345E+04   0.1458921E+03   0.1041957E+01   0.1400174E+02   0.1059818E+04   0.1485413E+03   0.1398528E+00   0.1604341E+00   0.3363615E+04   0.1019061E-01   0.8210976E+00   0.4533865E+00   0.7293356E+02   0.6402752E+03   0.8284149E+02   0.1528979E+04   0.8943547E+02   0.1981945E+04   0.9495718E+02   0.2307321E+04   0.2338699E+03   0.5788914E+04   0.4438037E+00   0.7367067E+00   0.4636200E+00   0.6539163E+00   0.4631890E+00   0.6123240E+00   0.4589477E+00   0.5828670E+00   0.2942225E+00   0.3036818E+00   0.2786813E+02   0.1072248E+03   0.3232274E+02   0.1047130E+02   0.3960384E+03   0.2324785E+02   0.1151161E+05   0.7065665E+03   0.1472372E-02   0.1819430E+01   0.3374788E+01   0.4645119E+01   0.1194137E+05   0.5195690E+01
   0.7225913E+00   0.6328579E+04   0.2240047E-01   0.1225030E+00   0.1040780E+01   0.5321991E-01   0.3280389E+01   0.3050757E+01   0.9787476E+00   0.1002698E+01   0.2603042E+03   0.4595871E+02   0.9941485E+02   0.4418336E+02   0.3568548E+01   0.5825591E+00   0.8051546E+00   0.6800985E+00   0.4338326E+01   0.1005338E+01   0.7464825E+00   0.9992532E+00   0.9781498E+00   0.9983863E+00   0.1003421E+01   0.9957508E+00   0.9971309E+00   0.6917053E+02   0.6957953E+00   0.3042047E+00   0.1455486E+00   0.6451439E-03   0.1006768E+00   0.8192674E+00   0.8249886E+00   0.4518649E+00   0.6084391E+00   0.9850655E+00   0.1004737E+03   0.2410686E+01   0.7630920E+01   0.2113134E+01   0.1899769E+01   0.1208603E+04   0.5715609E+04   0.2550267E+04   0.8197707E+03   0.2306046E+03   0.9787476E+00   0.2484926E+00   0.2498303E+00   0.2660691E+01   0.1357018E+02   0.1090328E+04   0.1426253E+03   0.1040818E+01   0.1370319E+02   0.1060352E+04   0.1452551E+03   0.1419590E+00   0.1614973E+00   0.3357103E+04   0.1040621E-01   0.8216045E+00   0.4536967E+00   0.7445534E+02   0.6272467E+03   0.8459203E+02   0.1497673E+04   0.9133700E+02   0.1941236E+04   0.9698455E+02   0.2259824E+04   0.2389997E+03   0.5667474E+04   0.4570595E+00   0.7577840E+00   0.4772530E+00   0.6725253E+00   0.4767081E+00   0.6297070E+00   0.4722755E+00   0.5993871E+00   0.3024831E+00   0.3121954E+00   0.3042645E+02   0.1099352E+03   0.3211231E+02   0.9639121E+01   0.3959168E+03   0.2136897E+02   0.1151193E+05   0.7065797E+03   0.5694990E-05   0.1747772E+01   0.3514670E+01   0.6460621E+01   0.1193886E+05   0.5262447E+01
