1.04926700e+00 6.32821800e+03 2.23896800e-02 1.17372000e-01 1.04142500e+00 5.94942300e-02 2.99294600e+00 3.04992600e+00 9.68474200e-01 1.00153400e+00 2.09548900e+02 1.65518700e+01 9.73924500e+01 3.99853500e+01 3.56040300e+00 8.53026800e-01 1.48322400e-01 3.49215200e-02 6.68546700e+00 1.01911800e+00 1.03252000e+00 9.13402100e-01 1.07146800e+00 9.96686700e-01 1.00123000e+00 9.95603500e-01 9.97937200e-01 6.78485100e+01 6.94994500e-01 3.05005500e-01 1.40406900e-01 9.52639600e-02 8.07532500e-01 8.14241500e-01 4.45978400e-01 6.00118400e-01 9.80369600e-01 1.00442800e+02 2.42715300e+00 8.14666700e+00 2.11137800e+00 1.87452000e+00 1.22446200e+03 5.74063400e+03 2.54189700e+03 8.20111200e+02 2.32067800e+02 9.68474200e-01 2.44690700e-01 2.46014700e-01 2.56348600e+00 1.38245500e+01 1.08961400e+03 1.45368100e+02 1.04164700e+00 1.39556000e+01 1.05974200e+03 1.48039900e+02 1.40090500e-01 1.60691400e-01 3.36382100e+03 1.02301400e-02 8.20629400e-01 4.53204900e-01 7.30443300e+01 6.39422100e+02 8.30104200e+01 1.52654700e+03 8.96406100e+01 1.97853300e+03 9.51914800e+01 2.30313600e+03 2.34713300e+02 5.77380200e+03 4.51073200e-01 7.46853300e-01 4.70803400e-01 6.62741200e-01 4.70173000e-01 6.20511900e-01 4.65739900e-01 5.90614000e-01 2.98060800e-01 3.07572400e-01 2.35637200e+01 1.05521900e+02 2.96346300e+01 8.87888800e+00 3.97199300e+02 2.27181700e+01 1.15110600e+04 7.06593900e+02 6.00278000e-05 1.67729600e+00 3.47635700e+00 4.83169700e+00 1.19398600e+04 5.15371400e+00
1.13174300e+00 6.32937900e+03 2.23740100e-02 1.15524700e-01 1.04152800e+00 6.05896600e-02 2.86528400e+00 3.04329100e+00 9.63593400e-01 9.99274400e-01 2.01435000e+02 4.05904200e+01 9.89080000e+01 3.64081700e+01 4.11532200e+00 8.58935900e-01 3.24893800e-01 9.95719500e-01 4.30666500e+00 9.10858300e-01 8.07479900e-01 1.09622800e+00 1.17718800e+00 9.97240300e-01 1.00299000e+00 9.94363800e-01 9.94569000e-01 6.70245400e+01 6.91596200e-01 3.08403800e-01 1.38543900e-01 9.28583800e-02 8.01144700e-01 8.12288300e-01 4.44908600e-01 5.97022800e-01 9.78574900e-01 1.00014700e+02 2.43268700e+00 8.20770300e+00 2.09741600e+00 1.85804900e+00 1.22697600e+03 5.72709700e+03 2.53032800e+03 8.17917100e+02 2.32070400e+02 9.63593400e-01 2.42947300e-01 2.44264800e-01 2.52223900e+00 1.39512100e+01 1.08934300e+03 1.46529100e+02 1.04183100e+00 1.40645800e+01 1.05947500e+03 1.49221100e+02 1.39346300e-01 1.60297900e-01 3.37728000e+03 1.01820300e-02 8.18118000e-01 4.51905700e-01 7.22112300e+01 6.47049100e+02 8.21527600e+01 1.54392000e+03 8.87614400e+01 2.00050300e+03 9.42918600e+01 2.32826200e+03 2.33042600e+02 5.82710800e+03 4.49717800e-01 7.40609900e-01 4.68539500e-01 6.56831700e-01 4.67515400e-01 6.14825700e-01 4.62844800e-01 5.85106900e-01 2.95162400e-01 3.04419300e-01 2.64600700e+01 1.04279700e+02 3.06362600e+01 8.65527400e+00 3.97671000e+02 2.34547100e+01 1.15102700e+04 7.06666200e+02 9.13038100e-03 1.47275900e+00 3.83054300e+00 6.73267900e+00 1.19400500e+04 5.31243200e+00
1.09085000e+00 6.33457000e+03 2.24537300e-02 1.17754600e-01 1.04153700e+00 6.16133700e-02 2.98227800e+00 3.04924500e+00 9.67843500e-01 9.98661900e-01 2.35758500e+02 3.41859500e+01 1.09865600e+02 3.51488600e+01 5.56034500e+00 5.49925600e-01 9.01297800e-01 1.43338800e-01 5.60208300e+00 7.45837100e-01 7.68497400e-01 8.59740600e-01 5.20496200e-01 9.98900300e-01 9.98609900e-01 9.94591600e-01 9.89165700e-01 6.76763900e+01 6.92465900e-01 3.07534100e-01 1.40853500e-01 9.53245700e-02 8.08597500e-01 8.18687900e-01 4.48413900e-01 6.02151400e-01 9.82910100e-01 1.00105200e+02 2.43251500e+00 8.34503200e+00 2.10994100e+00 1.86532100e+00 1.21971700e+03 5.70899900e+03 2.52855600e+03 8.16426900e+02 2.31286200e+02 9.67843500e-01 2.44571500e-01 2.45895000e-01 2.54819500e+00 1.38280000e+01 1.08955800e+03 1.45272200e+02 1.04174600e+00 1.39450700e+01 1.05993300e+03 1.47917500e+02 1.40306600e-01 1.60565100e-01 3.37945100e+03 1.02702400e-02 8.18042000e-01 4.51809200e-01 7.28970400e+01 6.40900200e+02 8.29106500e+01 1.52945400e+03 8.95685500e+01 1.98189300e+03 9.51407700e+01 2.30671300e+03 2.35004000e+02 5.77554800e+03 4.53337100e-01 7.47581700e-01 4.72520400e-01 6.63104700e-01 4.71585500e-01 6.20734400e-01 4.66939000e-01 5.90752800e-01 2.98026800e-01 3.07421100e-01 3.01588200e+01 1.04426500e+02 3.12491300e+01 8.74919000e+00 3.97964800e+02 2.29212000e+01 1.15142100e+04 7.06645900e+02 6.11100600e-03 1.47275900e+00 3.75978100e+00 1.34095200e+01 1.19438500e+04 5.23865100e+00
1.21487500e+00 6.33527900e+03 2.24586000e-02 1.16908000e-01 1.04130800e+00 6.12780600e-02 2.95578100e+00 3.05036900e+00 9.64921300e-01 1.00019700e+00 2.15764900e+02 3.97191600e+01 7.97541600e+01 4.76719100e+01 3.62622900e+00 5.46500100e-01 6.89486600e-01 5.31448000e-01 8.32457000e+00 1.22894300e+00 5.43260800e-01 8.25677700e-01 8.55678300e-01 9.98446900e-01 1.00073000e+00 1.00382300e+00 9.91141500e-01 6.75921600e+01 6.93541300e-01 3.06458700e-01 1.40011800e-01 9.46369900e-02 8.05843400e-01 8.14471600e-01 4.46104500e-01 5.99575100e-01 9.80172400e-01 1.00223400e+02 2.43648700e+00 8.29010000e+00 2.11231500e+00 1.86867200e+00 1.23086300e+03 5.74965400e+03 2.53517000e+03 8.17803200e+02 2.31603400e+02 9.64921300e-01 2.44214900e-01 2.45537100e-01 2.53821700e+00 1.38582900e+01 1.08944900e+03 1.45626900e+02 1.04154900e+00 1.39817600e+01 1.05985600e+03 1.48276700e+02 1.40036100e-01 1.60453000e-01 3.37125500e+03 1.02269500e-02 8.19349200e-01 4.52481600e-01 7.27943900e+01 6.41721700e+02 8.27641200e+01 1.53168900e+03 8.93945600e+01 1.98496900e+03 9.49446000e+01 2.31044100e+03 2.34336800e+02 5.78806600e+03 4.51063800e-01 7.45148700e-01 4.70434700e-01 6.61071700e-01 4.69636900e-01 6.18883500e-01 4.65097600e-01 5.89023600e-01 2.97204800e-01 3.06621500e-01 3.16602900e+01 1.04695300e+02 3.14765200e+01 8.55721900e+00 3.97906300e+02 2.35021800e+01 1.15175400e+04 7.06622500e+02 2.75362000e-03 1.60798500e+00 3.65723500e+00 1.11594300e+01 1.19475100e+04 5.26797400e+00
5.82200900e-01 6.33539700e+03 2.25087700e-02 1.19535300e-01 1.04125000e+00 5.21167400e-02 3.13555400e+00 3.04217400e+00 9.74844600e-01 1.00292400e+00 2.52345300e+02 2.81058900e+01 9.63192800e+01 4.07001800e+01 3.75974000e+00 6.08580500e-01 3.45386400e-01 4.19238000e-02 6.21056900e+00 1.57642500e+00 7.64907700e-01 1.00601600e+00 1.11389000e+00 9.99100500e-01 1.00427700e+00 9.94964400e-01 9.93262600e-01 6.87896700e+01 6.98460100e-01 3.01539900e-01 1.42689200e-01 9.81554600e-02 8.08853400e-01 8.10926600e-01 4.44162800e-01 5.99385200e-01 9.75232500e-01 1.00855100e+02 2.40163800e+00 7.42950400e+00 2.09507400e+00 1.88769300e+00 1.21452700e+03 5.74184600e+03 2.54952100e+03 8.21983400e+02 2.32049000e+02 9.74844600e-01 2.46638200e-01 2.47969200e-01 2.59104100e+00 1.36794100e+01 1.08979200e+03 1.44000000e+02 1.04136200e+00 1.38280500e+01 1.06027600e+03 1.46613700e+02 1.41136000e-01 1.60972300e-01 3.35408000e+03 1.02983900e-02 8.22710000e-01 4.54198800e-01 7.39964400e+01 6.30948600e+02 8.40000800e+01 1.50714200e+03 9.06605400e+01 1.95392400e+03 9.62392600e+01 2.27493400e+03 2.36726400e+02 5.71276000e+03 4.49539600e-01 7.48418100e-01 4.70064800e-01 6.64508900e-01 4.69840400e-01 6.22324800e-01 4.65679300e-01 5.92437400e-01 2.99101300e-01 3.08816900e-01 2.75448100e+01 1.07134600e+02 3.05980300e+01 1.01108700e+01 3.95733800e+02 2.16801000e+01 1.15142200e+04 7.06540000e+02 5.59271000e-03 1.96545900e+00 3.37643500e+00 1.71596000e+01 1.19417500e+04 5.34748700e+00
1.09748200e+00 6.33289400e+03 2.22761900e-02 1.11332100e-01 1.04234600e+00 5.47217800e-02 2.58057600e+00 3.02578600e+00 9.57492900e-01 1.00114000e+00 1.90445800e+02 1.82152100e+01 1.15286600e+02 2.97512500e+01 7.03358500e+00 9.76584000e-01 4.15785000e-01 4.55675700e-01 9.63305100e-01 9.91693400e-01 1.03936100e+00 1.04261300e+00 1.00699200e+00 9.97203700e-01 9.99960500e-01 9.95507700e-01 9.86446700e-01 6.53253200e+01 6.85397400e-01 3.14602600e-01 1.34253400e-01 8.77014700e-02 7.87694300e-01 8.06637100e-01 4.41813400e-01 5.89927000e-01 9.74578700e-01 9.93289000e+01 2.43101300e+00 7.54547100e+00 2.06102000e+00 1.84736000e+00 1.23479300e+03 5.74895000e+03 2.54565800e+03 8.28343400e+02 2.36721700e+02 9.57492900e-01 2.38910200e-01 2.40212800e-01 2.44116600e+00 1.42342800e+01 1.08880700e+03 1.49289600e+02 1.04283600e+00 1.43157200e+01 1.05871200e+03 1.52052700e+02 1.37523100e-01 1.59573500e-01 3.40560900e+03 1.00643200e-02 8.13166200e-01 4.49405400e-01 7.04783400e+01 6.63423200e+02 8.03385100e+01 1.58144300e+03 8.68838700e+01 2.04811300e+03 9.23569700e+01 2.38284500e+03 2.29217400e+02 5.94604400e+03 4.46082500e-01 7.27582700e-01 4.63240600e-01 6.44629200e-01 4.61526100e-01 6.03135400e-01 4.56452200e-01 5.73816100e-01 2.89265700e-01 2.98052900e-01 1.85650600e+01 1.01115100e+02 2.61984600e+01 8.53627300e+00 3.96062200e+02 2.38609800e+01 1.15209800e+04 7.06846700e+02 5.47547000e-02 1.09677200e+00 4.76647500e+00 3.58013600e+00 1.19494400e+04 5.91800200e+00
7.80316600e-01 6.33149200e+03 2.23512200e-02 1.20968200e-01 1.04094400e+00 5.50920100e-02 3.20228800e+00 3.05048400e+00 9.76979100e-01 1.00233300e+00 2.52693000e+02 3.18130700e+01 8.37962800e+01 4.81690600e+01 3.49806500e-01 6.41486400e-01 3.92579800e-01 9.77857900e-01 7.94122600e+00 8.84655700e-01 8.07656400e-01 7.42836600e-01 7.95867800e-01 9.96938800e-01 1.00100100e+00 9.97077500e-01 9.97188100e-01 6.88226300e+01 6.96056300e-01 3.03943700e-01 1.43964600e-01 9.90802300e-02 8.16126800e-01 8.21473500e-01 4.49939600e-01 6.05976700e-01 9.83766400e-01 1.00537900e+02 2.41206200e+00 7.80181900e+00 2.11255600e+00 1.89215200e+00 1.20977100e+03 5.71349400e+03 2.54783500e+03 8.19948000e+02 2.30982100e+02 9.76979100e-01 2.47457100e-01 2.48791100e-01 2.64310800e+00 1.36423800e+01 1.09018100e+03 1.43426000e+02 1.04103000e+00 1.37773200e+01 1.06008500e+03 1.46082600e+02 1.41326800e-01 1.61346900e-01 3.35450100e+03 1.03451600e-02 8.22005300e-01 4.53945000e-01 7.40731100e+01 6.30467000e+02 8.41516100e+01 1.50541600e+03 9.08582100e+01 1.95131000e+03 9.64738000e+01 2.27158000e+03 2.37703000e+02 5.69759800e+03 4.55164900e-01 7.54903700e-01 4.75334600e-01 6.69996700e-01 4.74820000e-01 6.27351200e-01 4.70423800e-01 5.97152100e-01 3.01375700e-01 3.11057000e-01 2.71179600e+01 1.04950000e+02 2.98107900e+01 9.48982400e+00 3.96112500e+02 2.15222600e+01 1.15165100e+04 7.06575300e+02 1.03620000e-04 1.74777200e+00 3.46193100e+00 7.56914300e+00 1.19436300e+04 5.20980600e+00
5.60355600e-01 6.33381200e+03 2.22773600e-02 1.24538100e-01 1.04014600e+00 4.98430000e-02 3.29832300e+00 3.03732300e+00 9.74503000e-01 9.98682800e-01 2.56253900e+02 3.19875600e+01 7.92793500e+01 4.96541300e+01 8.17799600e-02 6.24665000e-01 4.38669800e-01 9.91848000e-01 8.56005800e+00 1.02573300e+00 1.04748600e+00 7.81981600e-01 8.96857200e-01 9.95593300e-01 1.00115400e+00 1.00669900e+00 9.96598700e-01 6.83465600e+01 6.84323200e-01 3.15676800e-01 1.47460600e-01 1.00784200e-01 8.18347200e-01 8.39456600e-01 4.59789300e-01 6.13406300e-01 9.89872500e-01 9.89566000e+01 2.42166100e+00 7.33490000e+00 2.08493400e+00 1.88711900e+00 1.20371800e+03 5.64672900e+03 2.52261800e+03 8.09049800e+02 2.27156200e+02 9.74503000e-01 2.48678400e-01 2.50016700e-01 2.69071000e+00 1.35918000e+01 1.09067800e+03 1.42127500e+02 1.04017500e+00 1.36638100e+01 1.06023800e+03 1.44786500e+02 1.42298800e-01 1.61576000e-01 3.39348800e+03 1.05312200e-02 8.14190600e-01 4.49905000e-01 7.37568800e+01 6.34009700e+02 8.41038800e+01 1.51107500e+03 9.09707600e+01 1.95681600e+03 9.67119400e+01 2.27649200e+03 2.40196500e+02 5.67779000e+03 4.64047700e-01 7.55777500e-01 4.81613900e-01 6.69476000e-01 4.79699000e-01 6.26325900e-01 4.74337600e-01 5.95843100e-01 3.00229600e-01 3.09359400e-01 2.93374600e+01 1.05698900e+02 3.25102400e+01 9.84299500e+00 3.95765600e+02 2.17610600e+01 1.15191700e+04 7.06884400e+02 9.87053400e-02 8.72797100e-01 6.02119400e+00 7.20621600e+00 1.19465400e+04 6.99269600e+00
5.89705700e-01 6.33751400e+03 2.20315800e-02 1.19801100e-01 1.04058200e+00 4.51495800e-02 2.93575100e+00 3.01814800e+00 9.63177500e-01 9.97581100e-01 2.69111500e+02 4.54509400e+01 9.02430900e+01 4.66492400e+01 4.35362100e+00 7.19848300e-01 6.20528200e-01 6.67368000e-01 1.11291900e+00 8.27398800e-01 7.48639300e-01 8.43331000e-01 9.89155000e-01 9.98822800e-01 9.99595000e-01 9.91228100e-01 9.93012500e-01 6.57537800e+01 6.70461900e-01 3.29538100e-01 1.42477800e-01 9.36845500e-02 8.03698900e-01 8.42336400e-01 4.61366700e-01 6.08933400e-01 9.91135400e-01 9.73689500e+01 2.43794500e+00 6.77032500e+00 2.04533800e+00 1.86873900e+00 1.21676200e+03 5.64574800e+03 2.52605000e+03 8.14806100e+02 2.30409500e+02 9.63177500e-01 2.43767300e-01 2.45087900e-01 2.61128600e+00 1.39572000e+01 1.09022300e+03 1.45297600e+02 1.04087100e+00 1.39592400e+01 1.05905500e+03 1.48081100e+02 1.39989700e-01 1.60765200e-01 3.44029200e+03 1.04220900e-02 8.05304500e-01 4.45442100e-01 7.11786000e+01 6.57999200e+02 8.15142400e+01 1.56486800e+03 8.83524300e+01 2.02428800e+03 9.40598300e+01 2.35320600e+03 2.35699100e+02 5.83173600e+03 4.64400300e-01 7.40919700e-01 4.78552800e-01 6.54875000e-01 4.75079400e-01 6.12076100e-01 4.68741400e-01 5.81924100e-01 2.92742200e-01 3.01062200e-01 2.77254700e+01 1.02084900e+02 2.96016900e+01 9.09366400e+00 3.96022100e+02 2.30461300e+01 1.15221500e+04 7.07531600e+02 4.05461900e-01 2.81231800e-01 1.16931900e+01 4.80345600e+00 1.19503100e+04 1.23798800e+01
1.00378700e+00 6.32992400e+03 2.24197700e-02 1.18274000e-01 1.04129300e+00 5.64383400e-02 2.98550200e+00 3.04103000e+00 9.66705500e-01 9.99139100e-01 2.14308400e+02 3.51218600e+01 1.20050700e+02 2.96282200e+01 4.37246200e+00 7.86538100e-01 2.84169400e-01 3.73224900e-01 3.87444900e+00 7.27270500e-01 1.12848200e+00 1.04843100e+00 1.00824200e+00 9.96927700e-01 1.00143200e+00 9.94005200e-01 9.86601600e-01 6.74200400e+01 6.89054900e-01 3.10945100e-01 1.41338900e-01 9.52907700e-02 8.06543100e-01 8.21124100e-01 4.49748200e-01 6.02280100e-01 9.82274900e-01 9.96466300e+01 2.43026600e+00 7.85064700e+00 2.09267800e+00 1.86930700e+00 1.22167500e+03 5.71250500e+03 2.53143800e+03 8.16964800e+02 2.31292900e+02 9.66705500e-01 2.44602100e-01 2.45925800e-01 2.55540700e+00 1.38374200e+01 1.08964600e+03 1.45146100e+02 1.04151000e+00 1.39361200e+01 1.05989500e+03 1.47799700e+02 1.40390500e-01 1.60572100e-01 3.38967400e+03 1.03035500e-02 8.15921200e-01 4.50722300e-01 7.26787800e+01 6.43071500e+02 8.27513100e+01 1.53381300e+03 8.94431900e+01 1.98700400e+03 9.50414100e+01 2.31222000e+03 2.35301900e+02 5.77987500e+03 4.54371100e-01 7.45345900e-01 4.72748300e-01 6.60751700e-01 4.71416700e-01 6.18378300e-01 4.66509900e-01 5.88415300e-01 2.96711500e-01 3.05915300e-01 2.77200900e+01 1.05923100e+02 3.21852400e+01 8.82875700e+00 3.96446100e+02 2.29651000e+01 1.15131600e+04 7.06732700e+02 2.94690200e-02 1.21731700e+00 4.39342800e+00 6.07119300e+00 1.19414000e+04 5.64021400e+00
8.72481400e-01 6.32934600e+03 2.24641500e-02 1.20151800e-01 1.04130400e+00 5.30930600e-02 3.08798800e+00 3.04290000e+00 9.70467300e-01 1.00153700e+00 2.00504800e+02 3.68522900e+01 1.21436500e+02 3.25821000e+01 6.45766100e+00 8.24944200e-01 3.48611800e-01 2.78608200e-01 1.15596800e+00 1.05585400e+00 9.64604300e-01 1.00173800e+00 1.02546800e+00 9.97688300e-01 9.99129200e-01 9.96296000e-01 9.83075600e-01 6.79950000e+01 6.90133700e-01 3.09866300e-01 1.43261100e-01 9.74103600e-02 8.11543000e-01 8.24779800e-01 4.51750500e-01 6.05487400e-01 9.84176600e-01 9.97736400e+01 2.42539000e+00 7.54547100e+00 2.09659600e+00 1.88537900e+00 1.22036600e+03 5.72655400e+03 2.54378500e+03 8.20062200e+02 2.31772600e+02 9.70467300e-01 2.45991500e-01 2.47320200e-01 2.58269400e+00 1.37337100e+01 1.08985500e+03 1.44111600e+02 1.04145200e+00 1.38375700e+01 1.06020000e+03 1.46736700e+02 1.41152200e-01 1.60843000e-01 3.38897600e+03 1.03726200e-02 8.16259900e-01 4.50868800e-01 7.32819900e+01 6.37699500e+02 8.34093300e+01 1.52126200e+03 9.01393000e+01 1.97091600e+03 9.57701700e+01 2.29363900e+03 2.36931000e+02 5.73643300e+03 4.56470200e-01 7.50073000e-01 4.75203800e-01 6.65058900e-01 4.73991800e-01 6.22457300e-01 4.69141600e-01 5.92326400e-01 2.98712100e-01 3.08034500e-01 2.76027300e+01 1.05882700e+02 3.26063100e+01 9.13864600e+00 3.95868900e+02 2.23578100e+01 1.15158400e+04 7.06703200e+02 2.11690000e-02 1.34256300e+00 4.20455700e+00 3.21878400e+00 1.19432000e+04 5.56829000e+00
1.01682800e+00 6.32710000e+03 2.22755900e-02 1.16908600e-01 1.04102200e+00 5.24524200e-02 2.88929900e+00 3.03780500e+00 9.61647900e-01 1.00438600e+00 2.41613500e+02 3.86212200e+01 1.04874300e+02 4.13862600e+01 5.22426100e+00 5.63567100e-01 6.49731600e-01 1.43207000e-01 1.54736500e+00 1.00603600e+00 1.04207300e+00 1.01059900e+00 1.09586800e+00 9.97268500e-01 1.00254000e+00 9.93484600e-01 9.94753000e-01 6.65667700e+01 6.84439000e-01 3.15561000e-01 1.39829300e-01 9.30798800e-02 8.02380800e-01 8.22927400e-01 4.50735900e-01 6.01383300e-01 9.83448800e-01 9.90703300e+01 2.44161600e+00 7.44171100e+00 2.08594000e+00 1.87820100e+00 1.23833300e+03 5.76283400e+03 2.55004300e+03 8.22935500e+02 2.33146000e+02 9.61647900e-01 2.43234900e-01 2.44553600e-01 2.54889600e+00 1.39569100e+01 1.08961500e+03 1.46110300e+02 1.04131000e+00 1.40314000e+01 1.05936100e+03 1.48828500e+02 1.39587100e-01 1.60399700e-01 3.39754300e+03 1.02600100e-02 8.13820000e-01 4.49723700e-01 7.18320600e+01 6.50991900e+02 8.19066200e+01 1.55157300e+03 8.85928300e+01 2.00927400e+03 9.41830200e+01 2.33753300e+03 2.33900600e+02 5.83029300e+03 4.54978600e-01 7.41048100e-01 4.72232500e-01 6.56448100e-01 4.70370000e-01 6.14146800e-01 4.65123100e-01 5.84263000e-01 2.94451800e-01 3.03379800e-01 2.95337700e+01 1.07370500e+02 3.06606000e+01 8.65544100e+00 3.95821400e+02 2.34030100e+01 1.15058400e+04 7.06880200e+02 8.39978600e-02 9.26576500e-01 5.56463900e+00 7.02647600e+00 1.19337200e+04 6.57521400e+00
1.02455800e+00 6.32648000e+03 2.22838600e-02 1.16624900e-01 1.04103000e+00 5.40536600e-02 2.90021600e+00 3.04099300e+00 9.63610600e-01 1.00466900e+00 2.34304800e+02 3.91038100e+01 1.05329200e+02 3.49185400e+01 5.09829000e+00 7.62087700e-01 6.32124100e-01 9.94720500e-01 3.55072500e+00 1.07416500e+00 1.19959300e+00 1.05960400e+00 1.18387000e+00 9.97329900e-01 1.00015600e+00 9.97706500e-01 9.87641000e-01 6.68048100e+01 6.87301100e-01 3.12698900e-01 1.39553900e-01 9.32286900e-02 8.02916600e-01 8.19734100e-01 4.48986900e-01 6.00415700e-01 9.82350800e-01 9.94326600e+01 2.43671600e+00 7.60040300e+00 2.09260100e+00 1.87817400e+00 1.23504400e+03 5.76283300e+03 2.55157300e+03 8.23734300e+02 2.33374800e+02 9.63610600e-01 2.43387900e-01 2.44707000e-01 2.55113600e+00 1.39427800e+01 1.08958900e+03 1.46123300e+02 1.04131400e+00 1.40325900e+01 1.05936100e+03 1.48840600e+02 1.39538400e-01 1.60442100e-01 3.38574700e+03 1.02320500e-02 8.15974900e-01 4.50843400e-01 7.20438800e+01 6.48867400e+02 8.20738700e+01 1.54720800e+03 8.87348400e+01 2.00407800e+03 9.43059600e+01 2.33186000e+03 2.33757400e+02 5.82408100e+03 4.53458900e-01 7.41824100e-01 4.71365300e-01 6.57443300e-01 4.69836000e-01 6.15205100e-01 4.64812600e-01 5.85348500e-01 2.95110300e-01 3.04181100e-01 2.67110300e+01 1.04297000e+02 2.97433200e+01 8.73579000e+00 3.96034400e+02 2.30648600e+01 1.15040900e+04 7.06784700e+02 4.63482200e-02 1.15641700e+00 4.76510000e+00 8.28129200e+00 1.19319300e+04 5.96786500e+00
6.82256700e-01 6.33305800e+03 2.25011500e-02 1.17731900e-01 1.04069900e+00 4.96757400e-02 2.98659600e+00 3.03582400e+00 9.71123700e-01 1.00568400e+00 2.34297700e+02 3.17708700e+01 1.01662600e+02 3.31855400e+01 2.32299900e+00 4.88581100e-01 3.69141800e-01 3.50848400e-01 7.75121800e+00 1.26102100e+00 9.85297700e-01 1.10124900e+00 1.25433600e+00 9.97164700e-01 1.00151100e+00 9.96673600e-01 9.87733000e-01 6.74932900e+01 6.90740900e-01 3.09259100e-01 1.40878200e-01 9.50832900e-02 8.03023100e-01 8.15321000e-01 4.46569700e-01 5.98837000e-01 9.77457200e-01 9.97875900e+01 2.41071000e+00 7.13348400e+00 2.08181200e+00 1.88492400e+00 1.22014400e+03 5.75669900e+03 2.55759800e+03 8.27462800e+02 2.34566600e+02 9.71123700e-01 2.44646900e-01 2.45970700e-01 2.54133300e+00 1.38435300e+01 1.08949900e+03 1.45220000e+02 1.04090700e+00 1.39513000e+01 1.06004700e+03 1.47848200e+02 1.40396200e-01 1.60391000e-01 3.37806900e+03 1.02690400e-02 8.17772400e-01 4.51613100e-01 7.27302300e+01 6.42494000e+02 8.27656900e+01 1.53284400e+03 8.94355000e+01 1.98601500e+03 9.50164700e+01 2.31128900e+03 2.34971000e+02 5.78223600e+03 4.51308600e-01 7.42259600e-01 4.69981100e-01 6.58198800e-01 4.68852900e-01 6.16065100e-01 4.64102000e-01 5.86261400e-01 2.95693200e-01 3.04939100e-01 2.83317000e+01 1.05744200e+02 2.88827200e+01 9.64628500e+00 3.95700200e+02 2.17318400e+01 1.15145500e+04 7.06687400e+02 2.07900100e-02 1.34256300e+00 4.26675700e+00 1.21658100e+01 1.19416300e+04 5.63011000e+00
2.70097900e-01 6.34282600e+03 2.26537000e-02 1.18908700e-01 1.04117100e+00 4.86084000e-02 3.09029500e+00 3.02759300e+00 9.82137300e-01 1.00066100e+00 1.90357000e+02 3.60943300e+01 9.92676000e+01 3.96228100e+01 9.90514000e+00 8.28662500e-01 5.61576800e-01 6.51501300e-01 6.77219500e-01 1.40395000e+00 1.03616700e+00 1.08432300e+00 1.42633100e+00 9.97656700e-01 1.00103300e+00 9.98582800e-01 9.89937300e-01 6.85772700e+01 6.97613700e-01 3.02386300e-01 1.42207500e-01 9.75220400e-02 8.03797400e-01 8.06987900e-01 4.42005500e-01 5.96056100e-01 9.70636200e-01 1.00700900e+02 2.37091900e+00 7.02056900e+00 2.06474800e+00 1.87346800e+00 1.18678600e+03 5.67497100e+03 2.54149500e+03 8.24716700e+02 2.33864500e+02 9.82137300e-01 2.46090700e-01 2.47419800e-01 2.54997200e+00 1.37108200e+01 1.08951400e+03 1.44275400e+02 1.04130300e+00 1.38552700e+01 1.06054300e+03 1.46842900e+02 1.41173200e-01 1.60613700e-01 3.36289700e+03 1.02944100e-02 8.21410700e-01 4.53409500e-01 7.37842700e+01 6.32822300e+02 8.37813800e+01 1.51141800e+03 9.04362300e+01 1.95933800e+03 9.60096400e+01 2.28113000e+03 2.36298900e+02 5.72598000e+03 4.47273700e-01 7.43657700e-01 4.67488600e-01 6.60191400e-01 4.67168200e-01 6.18243400e-01 4.62966100e-01 5.88528600e-01 2.97098600e-01 3.06708100e-01 2.69606800e+01 1.03883900e+02 2.92405000e+01 1.16356300e+01 3.95891800e+02 2.05884500e+01 1.15293800e+04 7.06551300e+02 1.86355200e-03 1.89191900e+00 3.42724700e+00 1.62855800e+01 1.19574900e+04 5.32102900e+00
1.87514500e-01 6.34458500e+03 2.28947600e-02 1.17959700e-01 1.04126100e+00 4.92786000e-02 3.14755900e+00 3.03152500e+00 9.79088600e-01 9.99952400e-01 2.36541800e+02 4.26184900e+01 1.23340300e+02 2.49548900e+01 2.26768100e+00 7.70925500e-01 8.90375400e-02 9.94964300e-01 4.39823900e+00 1.25836700e+00 9.89493900e-01 1.11632400e+00 1.11718400e+00 9.98676300e-01 1.00293400e+00 9.98156600e-01 9.91827900e-01 6.98223900e+01 7.09754400e-01 2.90245600e-01 1.41499600e-01 9.87983700e-02 7.98414900e-01 7.85327600e-01 4.30141600e-01 5.86030300e-01 9.55501300e-01 1.02317800e+02 2.36065700e+00 7.03582800e+00 2.07288100e+00 1.87832900e+00 1.20515800e+03 5.76494600e+03 2.54514800e+03 8.22938600e+02 2.32738600e+02 9.79088600e-01 2.46949500e-01 2.48281700e-01 2.52545000e+00 1.36211300e+01 1.08919600e+03 1.44051200e+02 1.04132900e+00 1.38334000e+01 1.06107700e+03 1.46540100e+02 1.41450400e-01 1.60552400e-01 3.32069000e+03 1.02040200e-02 8.29997800e-01 4.57699400e-01 7.49183500e+01 6.22380800e+02 8.47356400e+01 1.48938100e+03 9.12894100e+01 1.93268800e+03 9.67870300e+01 2.25168600e+03 2.36126100e+02 5.68686100e+03 4.36258000e-01 7.39901500e-01 4.58997400e-01 6.58220600e-01 4.60117700e-01 6.16970700e-01 4.56937300e-01 5.87674100e-01 2.97167700e-01 3.07368700e-01 2.74230100e+01 1.04815800e+02 3.14690200e+01 1.24102700e+01 3.95787800e+02 2.13174300e+01 1.15400000e+04 7.06506500e+02 1.40003700e-01 3.00817000e+00 4.64171400e+00 5.36086900e+00 1.19695100e+04 7.78988700e+00
6.70296000e-01 6.33914100e+03 2.28826700e-02 1.17851600e-01 1.04107800e+00 5.91285900e-02 3.05845700e+00 3.04535700e+00 9.72569600e-01 9.99303700e-01 1.93648000e+02 4.50628100e+01 1.15810800e+02 2.84857300e+01 3.91954600e+00 7.98166300e-01 1.42241400e-01 8.93542200e-01 2.47720700e+00 7.98330200e-01 8.92488700e-01 1.17190200e+00 1.32226500e+00 9.95009100e-01 1.00139900e+00 9.92004500e-01 9.88461400e-01 6.87384000e+01 7.00782400e-01 2.99217600e-01 1.41379400e-01 9.71819300e-02 8.04218200e-01 8.03168900e-01 4.39913700e-01 5.94799600e-01 9.70005500e-01 1.01065800e+02 2.40437800e+00 8.01239000e+00 2.10175400e+00 1.86734000e+00 1.21397400e+03 5.74442800e+03 2.53033100e+03 8.18261600e+02 2.32006200e+02 9.72569600e-01 2.45759700e-01 2.47087500e-01 2.49800400e+00 1.37190400e+01 1.08911400e+03 1.44532900e+02 1.04120200e+00 1.38813500e+01 1.06096300e+03 1.47029600e+02 1.41264000e-01 1.60209000e-01 3.35748800e+03 1.02560000e-02 8.22938200e-01 4.54029300e-01 7.39048600e+01 6.31562100e+02 8.38329100e+01 1.50917200e+03 9.04466600e+01 1.95692900e+03 9.59879400e+01 2.27873900e+03 2.35715000e+02 5.72900200e+03 4.45427600e-01 7.44366300e-01 4.66355700e-01 6.61174600e-01 4.66411600e-01 6.19312300e-01 4.62466100e-01 5.89638200e-01 2.97793200e-01 3.07571000e-01 2.73395400e+01 1.04139500e+02 3.09563700e+01 9.85387500e+00 3.96823500e+02 2.21633900e+01 1.15253700e+04 7.06515200e+02 1.36751400e-02 2.11648900e+00 3.43193100e+00 1.19901900e+01 1.19542100e+04 5.56209400e+00
1.39712300e-02 6.33810600e+03 2.24618300e-02 1.15019800e-01 1.04143100e+00 4.71317300e-02 2.95910100e+00 3.00935000e+00 9.74269700e-01 9.98379500e-01 1.79585700e+02 2.89216000e+01 9.14008200e+01 3.88469200e+01 4.96801800e+00 5.25178600e-01 8.52602500e-01 5.36236300e-01 7.33139700e+00 8.20123500e-01 9.62463700e-01 1.01915700e+00 1.00413500e+00 9.96072900e-01 1.00127900e+00 9.99332500e-01 9.96601800e-01 6.83575400e+01 7.04399700e-01 2.95600300e-01 1.38126700e-01 9.44200400e-02 7.85688600e-01 7.79906000e-01 4.27172100e-01 5.79330900e-01 9.50292400e-01 1.01697200e+02 2.34931800e+00 6.83441200e+00 2.02742300e+00 1.84504200e+00 1.19304500e+03 5.67432600e+03 2.51744800e+03 8.15390800e+02 2.30816000e+02 9.74269700e-01 2.44261100e-01 2.45583500e-01 2.53878900e+00 1.38423800e+01 1.08928400e+03 1.46109800e+02 1.04166200e+00 1.40266100e+01 1.05970400e+03 1.48772400e+02 1.39511800e-01 1.60541200e-01 3.32414200e+03 1.00863500e-02 8.28114800e-01 4.57051100e-01 7.34354300e+01 6.35337400e+02 8.32031700e+01 1.51907500e+03 8.97156300e+01 1.97035100e+03 9.51746700e+01 2.29484800e+03 2.33109600e+02 5.78001400e+03 4.32836700e-01 7.27576700e-01 4.54067100e-01 6.46663800e-01 4.54544600e-01 6.05889500e-01 4.50981700e-01 5.76964100e-01 2.91558500e-01 3.01292400e-01 2.75728200e+01 1.04496000e+02 2.95837700e+01 1.76156000e+01 3.95973100e+02 2.11407600e+01 1.15193500e+04 7.06494900e+02 6.19556400e-02 2.50994400e+00 3.78642200e+00 9.28104400e+00 1.19540800e+04 6.35832100e+00
1.53804500e-01 6.33581100e+03 2.22850200e-02 1.12400000e-01 1.04182700e+00 5.19808000e-02 2.71570700e+00 3.01233000e+00 9.63257200e-01 9.98239100e-01 2.50560400e+02 2.96614600e+01 9.82650200e+01 3.79475900e+01 2.77848400e+00 6.79653200e-01 5.03984400e-01 8.69297800e-01 8.15143600e+00 9.24646100e-01 5.74562300e-01 9.42659900e-01 9.00670400e-01 9.99364200e-01 1.00114200e+00 9.97366100e-01 9.88268400e-01 6.63983200e+01 6.93041000e-01 3.06959000e-01 1.35330100e-01 8.98569400e-02 7.83095300e-01 7.92125800e-01 4.33865200e-01 5.82887500e-01 9.61028100e-01 1.00259500e+02 2.39085800e+00 7.30133100e+00 2.03347200e+00 1.83268700e+00 1.21124800e+03 5.68185500e+03 2.51691800e+03 8.17156500e+02 2.32471100e+02 9.63257200e-01 2.40831500e-01 2.42141300e-01 2.48668400e+00 1.41012500e+01 1.08902500e+03 1.48247100e+02 1.04223900e+00 1.42239000e+01 1.05890300e+03 1.50997000e+02 1.38054100e-01 1.59985900e-01 3.36787700e+03 1.00486800e-02 8.19689600e-01 4.52796300e-01 7.15144600e+01 6.53245600e+02 8.13224100e+01 1.55906500e+03 8.78444700e+01 2.02036300e+03 9.33034300e+01 2.35156800e+03 2.30369000e+02 5.88960100e+03 4.38688100e-01 7.24068100e-01 4.57405500e-01 6.42320400e-01 4.56573000e-01 6.01309100e-01 4.52122600e-01 5.72285100e-01 2.88773000e-01 2.97881100e-01 2.47030500e+01 1.05925600e+02 2.89196200e+01 1.26800100e+01 3.95696700e+02 2.25109900e+01 1.15216100e+04 7.06633100e+02 1.93649300e-03 1.60798500e+00 3.54064100e+00 7.34626200e+00 1.19524900e+04 5.15056200e+00
4.09638200e-01 6.32973800e+03 2.23496100e-02 1.16651600e-01 1.04150000e+00 5.35860700e-02 2.93396100e+00 3.02452700e+00 9.62893700e-01 9.96669700e-01 2.44729900e+02 3.15521000e+01 8.94798500e+01 3.78711300e+01 4.36117000e-01 3.09091800e-01 7.39187200e-01 4.22361100e-01 9.44472600e+00 1.08456400e+00 1.17352800e+00 1.08065400e+00 1.09391400e+00 9.96349900e-01 1.00121200e+00 1.00204000e+00 9.90978800e-01 6.74017300e+01 6.92611700e-01 3.07388300e-01 1.39646300e-01 9.41240400e-02 7.95327500e-01 8.05061500e-01 4.40950300e-01 5.92199200e-01 9.68747200e-01 1.00147700e+02 2.41068300e+00 7.54547100e+00 2.05842700e+00 1.84923100e+00 1.22003100e+03 5.69200200e+03 2.51048000e+03 8.09368000e+02 2.28836500e+02 9.62893700e-01 2.43875800e-01 2.45196700e-01 2.55051800e+00 1.38856400e+01 1.08954100e+03 1.45891400e+02 1.04176700e+00 1.40042200e+01 1.05955100e+03 1.48583200e+02 1.39721400e-01 1.60556500e-01 3.37241400e+03 1.02152900e-02 8.18969100e-01 4.52369300e-01 7.26044700e+01 6.43468100e+02 8.25726200e+01 1.53563100e+03 8.92005900e+01 1.98992900e+03 9.47479000e+01 2.31609200e+03 2.34001200e+02 5.79960000e+03 4.45774900e-01 7.35333900e-01 4.64689100e-01 6.52264200e-01 4.63793600e-01 6.10596500e-01 4.59239700e-01 5.81110700e-01 2.93177900e-01 3.02424700e-01 2.97768500e+01 1.05903600e+02 2.98871300e+01 1.07113500e+01 3.95930000e+02 2.33722600e+01 1.15105400e+04 7.06642600e+02 4.51151400e-03 1.53969800e+00 3.68383100e+00 7.04681900e+00 1.19405600e+04 5.22804100e+00
9.87716200e-01 6.33378000e+03 2.26224600e-02 1.21189300e-01 1.04120200e+00 5.94494700e-02 3.22419200e+00 3.05965300e+00 9.76140300e-01 1.00116200e+00 2.79859000e+02 4.28149300e+01 9.33557600e+01 4.79307400e+01 6.37275000e+00 7.68373500e-01 8.09477900e-01 7.75031100e-01 1.65448000e+00 1.15303200e+00 1.14840100e+00 8.55757900e-01 1.01334300e+00 9.99499300e-01 9.98439100e-01 9.98615600e-01 9.96317800e-01 6.93133500e+01 6.99320000e-01 3.00680000e-01 1.44456900e-01 1.00127900e-01 8.18795200e-01 8.19722600e-01 4.48980500e-01 6.06319300e-01 9.83482900e-01 1.00935100e+02 2.42057500e+00 8.18328900e+00 2.13201600e+00 1.89301100e+00 1.21653200e+03 5.74438200e+03 2.54662600e+03 8.19671300e+02 2.31207100e+02 9.76140300e-01 2.47845000e-01 2.49180400e-01 2.60087400e+00 1.35865900e+01 1.08987900e+03 1.43059600e+02 1.04125000e+00 1.37392200e+01 1.06073400e+03 1.45621400e+02 1.41945100e-01 1.61089600e-01 3.35635800e+03 1.03657800e-02 8.22645400e-01 4.54080200e-01 7.45487500e+01 6.26210600e+02 8.46028200e+01 1.49603700e+03 9.12982500e+01 1.93966800e+03 9.69069000e+01 2.25845100e+03 2.38218100e+02 5.67388200e+03 4.54458300e-01 7.57706700e-01 4.75434600e-01 6.72854800e-01 4.75314200e-01 6.30181900e-01 4.71175300e-01 5.99942600e-01 3.02915200e-01 3.12803600e-01 2.85946100e+01 1.05428100e+02 3.14152200e+01 9.06395900e+00 3.97100400e+02 2.20099700e+01 1.15242100e+04 7.06529800e+02 8.40476700e-03 2.04033800e+00 3.39131200e+00 3.20101900e+00 1.19523900e+04 5.44005400e+00
9.54932800e-01 6.32844400e+03 2.24697600e-02 1.21415000e-01 1.04120000e+00 5.96438300e-02 3.18679500e+00 3.06381100e+00 9.72438100e-01 1.00328400e+00 2.22379800e+02 2.62697200e+01 9.28384400e+01 4.06232200e+01 1.51164800e+00 6.70738600e-01 3.36760500e-01 8.38718200e-02 9.61714400e+00 9.52970600e-01 8.13780400e-01 9.23287400e-01 8.88387400e-01 9.96580100e-01 1.00232400e+00 9.91809300e-01 9.91252600e-01 6.86688200e+01 6.93494300e-01 3.06505700e-01 1.44529900e-01 9.92469800e-02 8.21843900e-01 8.30707100e-01 4.54997000e-01 6.11503500e-01 9.91766700e-01 1.00195900e+02 2.44259000e+00 8.23516800e+00 2.14090000e+00 1.90016100e+00 1.22734300e+03 5.75760900e+03 2.55447500e+03 8.21294300e+02 2.31626200e+02 9.72438100e-01 2.47298400e-01 2.48631800e-01 2.61562900e+00 1.36406200e+01 1.09005300e+03 1.43299700e+02 1.04128300e+00 1.37618400e+01 1.06039000e+03 1.45911700e+02 1.41657700e-01 1.61151100e-01 3.37461200e+03 1.03965600e-02 8.18861600e-01 4.52221700e-01 7.39524000e+01 6.31678100e+02 8.40825900e+01 1.50770000e+03 9.08196400e+01 1.95387000e+03 9.64588800e+01 2.27423300e+03 2.38085900e+02 5.69716400e+03 4.60039400e-01 7.59932700e-01 4.79773200e-01 6.74173800e-01 4.78948600e-01 6.31143100e-01 4.74311800e-01 6.00687400e-01 3.03054100e-01 3.12671400e-01 2.79993100e+01 1.07005400e+02 3.27577000e+01 9.03773400e+00 3.97338600e+02 2.25073500e+01 1.15076800e+04 7.06623500e+02 3.51129600e-03 1.53969800e+00 3.70623500e+00 8.45350400e+00 1.19365600e+04 5.24944500e+00
1.04624400e+00 6.33578200e+03 2.26339200e-02 1.19478000e-01 1.04074800e+00 6.38623700e-02 3.19221300e+00 3.06724000e+00 9.75799500e-01 1.00337400e+00 2.09426500e+02 4.17862800e+01 9.52901000e+01 3.79627600e+01 1.50523800e+00 7.77233900e-01 2.17903500e-01 9.71588300e-01 9.88700000e+00 1.39196300e+00 8.63988400e-01 1.02912300e+00 1.13014800e+00 9.96084400e-01 1.00184700e+00 9.98628000e-01 9.99270700e-01 6.94049100e+01 7.03641600e-01 2.96358400e-01 1.42757100e-01 9.90804000e-02 8.16410500e-01 8.11440300e-01 4.44444100e-01 6.02369400e-01 9.79971600e-01 1.01475800e+02 2.42027300e+00 8.57391400e+00 2.14825300e+00 1.89066800e+00 1.22097000e+03 5.77317100e+03 2.54980500e+03 8.20747200e+02 2.31578600e+02 9.75799500e-01 2.47430600e-01 2.48764500e-01 2.58798500e+00 1.36235200e+01 1.08968700e+03 1.43640300e+02 1.04082000e+00 1.38006900e+01 1.06061900e+03 1.46208400e+02 1.41444900e-01 1.60939200e-01 3.33064300e+03 1.02648100e-02 8.27037900e-01 4.56347400e-01 7.45756500e+01 6.25676000e+02 8.45152300e+01 1.49579700e+03 9.11411200e+01 1.94004100e+03 9.66946900e+01 2.25945000e+03 2.36959500e+02 5.68873300e+03 4.50233500e-01 7.55945700e-01 4.72122800e-01 6.71787000e-01 4.72527000e-01 6.29389800e-01 4.68761300e-01 5.99318000e-01 3.02791000e-01 3.12880800e-01 3.22387400e+01 1.07951000e+02 3.54249900e+01 8.98128000e+00 3.98573000e+02 2.19923000e+01 1.15174000e+04 7.06497300e+02 4.08761000e-02 2.34993600e+00 3.60148500e+00 1.21290900e+01 1.19469500e+04 5.99229700e+00
8.08842000e-01 6.33733600e+03 2.22968400e-02 1.15516100e-01 1.04097100e+00 6.14616500e-02 2.89763800e+00 3.04240800e+00 9.73185300e-01 9.99388800e-01 2.25745700e+02 2.82909600e+01 1.00229700e+02 3.44073700e+01 2.96950700e+00 7.02868400e-01 2.09643600e-01 3.85639800e-01 3.61661600e+00 1.03280500e+00 9.15447300e-01 1.06591800e+00 1.11762100e+00 9.95722200e-01 1.00315300e+00 9.87572200e-01 9.94271100e-01 6.71637000e+01 6.93063100e-01 3.06936900e-01 1.38458100e-01 9.29935600e-02 8.02463200e-01 8.11687800e-01 4.44579800e-01 5.97293000e-01 9.79169400e-01 1.00169200e+02 2.40880600e+00 8.31451400e+00 2.09556300e+00 1.85317300e+00 1.19943500e+03 5.66241700e+03 2.52831300e+03 8.19950400e+02 2.32840000e+02 9.73185300e-01 2.43358100e-01 2.44677200e-01 2.54779700e+00 1.39411400e+01 1.08947000e+03 1.46423700e+02 1.04125600e+00 1.40622100e+01 1.05932200e+03 1.49141900e+02 1.39243500e-01 1.60443200e-01 3.36021700e+03 1.01531300e-02 8.20585300e-01 4.53238500e-01 7.23350800e+01 6.45835600e+02 8.22558900e+01 1.54137700e+03 8.88529800e+01 1.99744000e+03 9.43747400e+01 2.32488500e+03 2.33016300e+02 5.82273600e+03 4.49526600e-01 7.41971900e-01 4.68700100e-01 6.58197300e-01 4.67843800e-01 6.16169500e-01 4.63281300e-01 5.86426400e-01 2.95885100e-01 3.05229900e-01 2.30562500e+01 1.01734000e+02 2.64669200e+01 9.36062600e+00 3.97701500e+02 2.15038800e+01 1.15258300e+04 7.06632700e+02 4.26732600e-03 1.53969800e+00 3.70944000e+00 8.39135200e+00 1.19543900e+04 5.25340500e+00
6.52760700e-01 6.33765100e+03 2.23235300e-02 1.15063400e-01 1.04149100e+00 6.07801100e-02 2.90892000e+00 3.04743600e+00 9.72847600e-01 1.00326000e+00 2.32353300e+02 4.23957700e+01 8.84527600e+01 4.30225800e+01 7.39646100e-02 3.01369700e-01 8.35500400e-01 1.15837800e-01 6.89539500e+00 9.46284100e-01 7.60821600e-01 9.44758400e-01 7.53773200e-01 9.94763500e-01 1.00147000e+00 9.91012400e-01 9.88038700e-01 6.76544200e+01 6.98430400e-01 3.01569600e-01 1.38032000e-01 9.33847700e-02 8.02776500e-01 8.04873800e-01 4.40847500e-01 5.94896600e-01 9.75992600e-01 1.00925000e+02 2.40739600e+00 8.23516800e+00 2.10612700e+00 1.86505500e+00 1.21037900e+03 5.71730300e+03 2.54522000e+03 8.24650000e+02 2.34012300e+02 9.72847600e-01 2.43523600e-01 2.44843300e-01 2.54670800e+00 1.39083600e+01 1.08941000e+03 1.46465700e+02 1.04177100e+00 1.40593100e+01 1.05936100e+03 1.49177200e+02 1.39184500e-01 1.60544400e-01 3.34465600e+03 1.01139300e-02 8.23935600e-01 4.54978900e-01 7.27779600e+01 6.41512900e+02 8.26170900e+01 1.53237400e+03 8.91680100e+01 1.98663500e+03 9.46549600e+01 2.31301900e+03 2.32830600e+02 5.80837400e+03 4.46195400e-01 7.42799000e-01 4.66570900e-01 6.59525200e-01 4.66350000e-01 6.17660300e-01 4.62221100e-01 5.87999100e-01 2.96895400e-01 3.06519400e-01 3.16147600e+01 1.05236200e+02 2.96239800e+01 9.88170600e+00 3.97373600e+02 2.15735500e+01 1.15211100e+04 7.06540400e+02 8.31227800e-03 2.04033800e+00 3.34087900e+00 1.34364500e+01 1.19499300e+04 5.38952900e+00
8.29218000e-01 6.33405600e+03 2.19160600e-02 1.11104100e-01 1.04198200e+00 4.98574900e-02 2.53822300e+00 3.01834900e+00 9.52879300e-01 1.00506700e+00 2.42231600e+02 4.31005400e+01 1.15131000e+02 3.56474800e+01 7.58825600e+00 6.11378300e-01 9.94760900e-01 5.09574400e-01 7.88184700e-02 9.75027100e-01 9.00776600e-01 1.08942000e+00 1.00171800e+00 9.98375800e-01 1.00292800e+00 9.91100500e-01 9.84086500e-01 6.45013400e+01 6.78721900e-01 3.21278100e-01 1.33665300e-01 8.62159100e-02 7.85337400e-01 8.12711200e-01 4.45140300e-01 5.91257400e-01 9.77849300e-01 9.85454100e+01 2.44042300e+00 7.11822500e+00 2.04574900e+00 1.85159800e+00 1.24436000e+03 5.75130700e+03 2.55189300e+03 8.28265700e+02 2.36091300e+02 9.52879300e-01 2.38144400e-01 2.39444200e-01 2.49164700e+00 1.43306200e+01 1.08918800e+03 1.49881200e+02 1.04255400e+00 1.43763500e+01 1.05779600e+03 1.52780400e+02 1.36701900e-01 1.59855200e-01 3.41130800e+03 1.00505500e-02 8.10847100e-01 4.48450400e-01 6.96966900e+01 6.71365400e+02 7.96127700e+01 1.59871200e+03 8.61854200e+01 2.06939700e+03 9.16767800e+01 2.40672600e+03 2.28522500e+02 5.98698600e+03 4.48837800e-01 7.24776300e-01 4.64494800e-01 6.41457400e-01 4.62033900e-01 5.99885500e-01 4.56467100e-01 5.70550200e-01 2.87380200e-01 2.95836500e-01 2.85921900e+01 1.06733300e+02 3.00446500e+01 8.83365500e+00 3.95666900e+02 2.41277300e+01 1.15158500e+04 7.07109900e+02 1.53804200e-01 7.19420900e-01 6.62677100e+00 9.02546200e+00 1.19444800e+04 7.49999600e+00
5.45100400e-01 6.33018900e+03 2.20361900e-02 1.11925200e-01 1.04184200e+00 4.57762500e-02 2.60626000e+00 3.01297400e+00 9.55925900e-01 1.00538400e+00 2.17963900e+02 3.54834000e+01 1.03461100e+02 3.79977400e+01 6.85453400e+00 7.17772800e-01 8.74018900e-01 8.73073900e-01 1.58526500e+00 1.10277700e+00 8.61249900e-01 1.05867900e+00 1.08220900e+00 9.98179700e-01 1.00234900e+00 9.98340100e-01 9.84604700e-01 6.50689700e+01 6.82079700e-01 3.17920300e-01 1.34606500e-01 8.75870900e-02 7.84178500e-01 8.07260000e-01 4.42154500e-01 5.88836200e-01 9.72138000e-01 9.89176900e+01 2.42308200e+00 6.68792700e+00 2.03478100e+00 1.85676500e+00 1.23964700e+03 5.75771600e+03 2.55363800e+03 8.28629000e+02 2.35950300e+02 9.55925900e-01 2.39177200e-01 2.40480800e-01 2.49391300e+00 1.42479100e+01 1.08918000e+03 1.49174800e+02 1.04235500e+00 1.43113300e+01 1.05821600e+03 1.52019800e+02 1.37273200e-01 1.59913100e-01 3.40209700e+03 1.00724200e-02 8.12762200e-01 4.49361300e-01 7.02561800e+01 6.65768300e+02 8.01680900e+01 1.58621300e+03 8.67429100e+01 2.05375700e+03 9.22383700e+01 2.38897500e+03 2.29422200e+02 5.95209500e+03 4.46121500e-01 7.24021700e-01 4.62484300e-01 6.41131900e-01 4.60403800e-01 5.99722100e-01 4.55099600e-01 5.70481500e-01 2.87459300e-01 2.96058300e-01 2.36012400e+01 1.04539700e+02 2.75307100e+01 9.81385800e+00 3.95958800e+02 2.35063200e+01 1.15080000e+04 7.06968700e+02 1.00648800e-01 8.72797100e-01 5.67978600e+00 9.48170900e+00 1.19372700e+04 6.65323200e+00
2.51975300e-01 6.33637300e+03 2.24776000e-02 1.14423900e-01 1.04168300e+00 5.35547000e-02 2.84809900e+00 3.02864000e+00 9.67630100e-01 1.00256100e+00 2.03138100e+02 2.70249000e+01 1.02352000e+02 4.01293900e+01 8.51815000e+00 7.84000800e-01 5.33195000e-01 2.89640500e-01 1.06359300e+00 1.15417800e+00 7.59832400e-01 1.13730300e+00 1.33040200e+00 9.97276400e-01 1.00308800e+00 9.87506300e-01 9.84522900e-01 6.73504600e+01 6.96772300e-01 3.03227700e-01 1.37546700e-01 9.26383200e-02 7.92838200e-01 7.97091800e-01 4.36585200e-01 5.88337800e-01 9.66082600e-01 1.00687100e+02 2.39773900e+00 7.46917700e+00 2.06691000e+00 1.85696900e+00 1.21707100e+03 5.73345100e+03 2.53729300e+03 8.22568700e+02 2.33704800e+02 9.67630100e-01 2.42751300e-01 2.44068100e-01 2.49786400e+00 1.39496200e+01 1.08910200e+03 1.46834900e+02 1.04198500e+00 1.40918500e+01 1.05962800e+03 1.49497200e+02 1.39204400e-01 1.60150700e-01 3.36079900e+03 1.01203800e-02 8.21509300e-01 4.53600000e-01 7.24791500e+01 6.44278200e+02 8.23213100e+01 1.53857600e+03 8.88717500e+01 1.99441000e+03 9.43571200e+01 2.32185200e+03 2.32367000e+02 5.82581100e+03 4.41738300e-01 7.33440900e-01 4.61502300e-01 6.51036700e-01 4.61092000e-01 6.09635800e-01 4.56882500e-01 5.80313400e-01 2.92952900e-01 3.02371100e-01 2.43729100e+01 1.07151100e+02 3.02484400e+01 1.17621100e+01 3.95800400e+02 2.20831700e+01 1.15167600e+04 7.06563700e+02 1.80390000e-03 1.89191900e+00 3.36976800e+00 1.45098300e+01 1.19464100e+04 5.26349100e+00
8.39486800e-01 6.32833900e+03 2.24446400e-02 1.18038900e-01 1.04118400e+00 5.56863400e-02 3.03458600e+00 3.04075500e+00 9.67482500e-01 9.99741400e-01 2.39076400e+02 4.30311000e+01 1.11528300e+02 3.47809500e+01 1.54366000e+00 7.36036400e-01 1.47839900e-02 5.16558400e-01 4.64371800e+00 6.37809600e-01 1.10627600e+00 9.76620500e-01 1.20986200e+00 9.95283400e-01 1.00004400e+00 9.94489700e-01 9.96201800e-01 6.80645800e+01 6.95369700e-01 3.04630300e-01 1.41128700e-01 9.60586700e-02 8.04176300e-01 8.10358500e-01 4.43851600e-01 5.97440300e-01 9.74744300e-01 1.00453400e+02 2.41760800e+00 7.77130100e+00 2.09210300e+00 1.87160700e+00 1.22392700e+03 5.73654200e+03 2.53279000e+03 8.15934000e+02 2.30493800e+02 9.67482500e-01 2.45271500e-01 2.46597600e-01 2.56782300e+00 1.37855200e+01 1.08964300e+03 1.44940300e+02 1.04137300e+00 1.39182000e+01 1.05997100e+03 1.47585500e+02 1.40444800e-01 1.60716800e-01 3.36226600e+03 1.02541500e-02 8.20907700e-01 4.53303800e-01 7.32696300e+01 6.37429600e+02 8.32567700e+01 1.52187800e+03 8.99015400e+01 1.97254000e+03 9.54648700e+01 2.29620700e+03 2.35327700e+02 5.75745800e+03 4.48956700e-01 7.43784800e-01 4.68684800e-01 6.60057500e-01 4.68099500e-01 6.18015400e-01 4.63714000e-01 5.88247800e-01 2.96875300e-01 3.06369100e-01 3.00380000e+01 1.06272400e+02 3.21705700e+01 9.33180600e+00 3.96237600e+02 2.29382500e+01 1.15053400e+04 7.06587100e+02 4.42686600e-05 1.74777200e+00 3.50149300e+00 1.09940900e+01 1.19338500e+04 5.24930900e+00
2.15403500e-01 6.33195200e+03 2.23106600e-02 1.12527300e-01 1.04163900e+00 5.49320100e-02 2.71840000e+00 3.01725100e+00 9.58491200e-01 9.97961200e-01 2.26157800e+02 3.96045900e+01 1.11118800e+02 2.93470000e+01 3.26483700e+00 6.82315500e-01 1.41585400e-01 3.92051200e-01 4.89340400e+00 9.46868500e-01 1.06513900e+00 1.19535700e+00 1.33222500e+00 9.95622300e-01 1.00248700e+00 9.94357700e-01 9.88192800e-01 6.63433800e+01 6.92184800e-01 3.07815200e-01 1.35483100e-01 8.98841000e-02 7.83754700e-01 7.93897700e-01 4.34835700e-01 5.83784700e-01 9.62235500e-01 1.00122800e+02 2.40742500e+00 7.59429900e+00 2.04350500e+00 1.83089000e+00 1.22324600e+03 5.70219500e+03 2.51016400e+03 8.12925500e+02 2.30998200e+02 9.58491200e-01 2.40880600e-01 2.42190500e-01 2.48291600e+00 1.41017800e+01 1.08900900e+03 1.48176600e+02 1.04205000e+00 1.42197100e+01 1.05897900e+03 1.50916000e+02 1.38144300e-01 1.59928600e-01 3.37042900e+03 1.00581900e-02 8.19155800e-01 4.52494100e-01 7.14701700e+01 6.53712900e+02 8.12938900e+01 1.55997200e+03 8.78251600e+01 2.02140100e+03 9.32912400e+01 2.35266400e+03 2.30472800e+02 5.88992700e+03 4.39589300e-01 7.24596000e-01 4.58139100e-01 6.42698400e-01 4.57209000e-01 6.01625400e-01 4.52688600e-01 5.72563000e-01 2.88879900e-01 2.97954600e-01 2.96137100e+01 1.05567900e+02 3.16494300e+01 1.19871700e+01 3.96065200e+02 2.35728000e+01 1.15090400e+04 7.06652300e+02 5.19554400e-03 1.53969800e+00 3.68039500e+00 1.13632600e+01 1.19406600e+04 5.22528900e+00
7.79090500e-01 6.33044900e+03 2.22668000e-02 1.13404600e-01 1.04116200e+00 5.57588300e-02 2.70625000e+00 3.02364700e+00 9.57000500e-01 9.98659800e-01 2.25199800e+02 3.27123900e+01 1.24975900e+02 2.23777700e+01 3.88491900e+00 6.57523000e-01 4.82443900e-02 9.20606200e-01 5.54254700e+00 1.12573100e+00 9.53055700e-01 1.12546900e+00 1.24818500e+00 9.97450700e-01 9.99555800e-01 9.93529300e-01 9.84261300e-01 6.56915300e+01 6.84114400e-01 3.15885600e-01 1.36316600e-01 8.95484300e-02 7.89091800e-01 8.09714300e-01 4.43498800e-01 5.91575200e-01 9.73582700e-01 9.90511200e+01 2.43093500e+00 7.69805900e+00 2.05661600e+00 1.83959300e+00 1.22913100e+03 5.70777300e+03 2.51833300e+03 8.15650500e+02 2.31976200e+02 9.57000500e-01 2.40690600e-01 2.41999800e-01 2.48674000e+00 1.41386700e+01 1.08912800e+03 1.48033400e+02 1.04157900e+00 1.42124000e+01 1.05894100e+03 1.50782200e+02 1.38294600e-01 1.59836900e-01 3.39706500e+03 1.01290000e-02 8.13847400e-01 4.49743500e-01 7.08938300e+01 6.59630600e+02 8.08447400e+01 1.57208500e+03 8.74484100e+01 2.03578700e+03 9.29693900e+01 2.36833600e+03 2.30934300e+02 5.90625200e+03 4.47659400e-01 7.28748400e-01 4.64563700e-01 6.45524700e-01 4.62698300e-01 6.03916200e-01 4.57515400e-01 5.74523700e-01 2.89558300e-01 2.98310000e-01 2.46778700e+01 1.04349700e+02 2.61064300e+01 9.17643000e+00 3.96344800e+02 2.39779700e+01 1.15122900e+04 7.06891800e+02 8.58381500e-02 9.26576500e-01 5.56942900e+00 5.63591200e+00 1.19417900e+04 6.58184300e+00
1.18883700e+00 6.32791000e+03 2.22338100e-02 1.13787800e-01 1.04122100e+00 6.00079800e-02 2.71817400e+00 3.03872300e+00 9.55293000e-01 1.00137900e+00 2.50511100e+02 3.62871400e+01 1.21154900e+02 2.66133400e+01 4.17688900e+00 6.93829800e-01 1.33895600e-01 6.76377300e-01 5.61132200e+00 1.04926800e+00 1.01677800e+00 1.07750900e+00 1.21534200e+00 9.97511500e-01 9.99064900e-01 9.95047900e-01 9.85525700e-01 6.56878700e+01 6.83267400e-01 3.16732600e-01 1.36666800e-01 8.97735000e-02 7.95750800e-01 8.17641200e-01 4.47840600e-01 5.96966900e-01 9.81825900e-01 9.89570800e+01 2.45464900e+00 8.13140900e+00 2.08785700e+00 1.85173300e+00 1.24227100e+03 5.74517100e+03 2.53089200e+03 8.18432700e+02 2.32664500e+02 9.55293000e-01 2.40843900e-01 2.42153700e-01 2.49699400e+00 1.41284500e+01 1.08921600e+03 1.47889700e+02 1.04164000e+00 1.41977700e+01 1.05890300e+03 1.50647400e+02 1.38360100e-01 1.59925900e-01 3.40013200e+03 1.01466400e-02 8.13269900e-01 4.49468200e-01 7.09067000e+01 6.59571200e+02 8.08800100e+01 1.57174300e+03 8.74973400e+01 2.03521400e+03 9.30291700e+01 2.36756300e+03 2.31206700e+02 5.90206800e+03 4.51943300e-01 7.34819500e-01 4.68810300e-01 6.50816500e-01 4.66835600e-01 6.08831400e-01 4.61545600e-01 5.79177700e-01 2.91871300e-01 3.00659900e-01 2.77978500e+01 1.05753800e+02 2.94483300e+01 8.30001300e+00 3.97665700e+02 2.46379500e+01 1.15066600e+04 7.06923000e+02 9.66263900e-02 8.72797100e-01 5.76803300e+00 4.90081900e+00 1.19372600e+04 6.73745700e+00
8.46059000e-01 6.33752300e+03 2.20290400e-02 1.17163500e-01 1.04102400e+00 6.40277700e-02 2.89662200e+00 3.05889000e+00 9.68899200e-01 1.00404400e+00 2.16647800e+02 4.47967200e+01 1.44197700e+02 2.01773000e+01 4.20514300e+00 7.30927600e-01 1.68584500e-01 8.80881600e-01 5.64676700e-01 1.09472600e+00 1.39526500e+00 1.21668700e+00 1.29679900e+00 9.96096800e-01 9.99165600e-01 9.93721800e-01 9.91930600e-01 6.63653600e+01 6.82501800e-01 3.17498200e-01 1.39837600e-01 9.28037500e-02 8.14793700e-01 8.38219200e-01 4.59111600e-01 6.11621800e-01 1.00017700e+00 9.88839200e+01 2.45604200e+00 8.65936300e+00 2.13039000e+00 1.87432700e+00 1.21800500e+03 5.68607100e+03 2.54759600e+03 8.23842300e+02 2.33663900e+02 9.68899200e-01 2.43232700e-01 2.44551300e-01 2.59794600e+00 1.39750200e+01 1.08995500e+03 1.46196600e+02 1.04134300e+00 1.40392400e+01 1.05882600e+03 1.48999300e+02 1.39189800e-01 1.60767700e-01 3.39433700e+03 1.02554700e-02 8.13725200e-01 4.49858100e-01 7.16468900e+01 6.52816100e+02 8.17448400e+01 1.55545000e+03 8.84436700e+01 2.01399000e+03 9.40430500e+01 2.34276900e+03 2.33850200e+02 5.83805900e+03 4.63251900e-01 7.52322200e-01 4.80336700e-01 6.66227900e-01 4.78218800e-01 6.23210900e-01 4.72737300e-01 5.92833300e-01 2.98698700e-01 3.07672000e-01 2.72477100e+01 1.08046300e+02 3.02414800e+01 8.95106800e+00 3.99139800e+02 2.21472900e+01 1.15160300e+04 7.06952300e+02 1.06624100e-01 8.72797100e-01 5.93412800e+00 1.49082300e+01 1.19462700e+04 6.91354900e+00
9.51556800e-01 6.33008000e+03 2.20501100e-02 1.16156900e-01 1.04090400e+00 5.99426300e-02 2.81949100e+00 3.04791000e+00 9.62308400e-01 1.00360600e+00 2.19645000e+02 3.49452900e+01 1.12884200e+02 2.89161000e+01 3.36551600e-01 5.84457100e-01 9.39170200e-03 6.50564100e-01 7.21301100e+00 8.48384300e-01 8.89038500e-01 1.06863500e+00 1.08629000e+00 9.96707900e-01 1.00110200e+00 9.97276800e-01 9.89557500e-01 6.57940700e+01 6.79240700e-01 3.20759300e-01 1.38852200e-01 9.13564900e-02 8.07054100e-01 8.34510100e-01 4.57080000e-01 6.07361800e-01 9.94968400e-01 9.84661700e+01 2.45964500e+00 8.22601300e+00 2.10712700e+00 1.86906800e+00 1.23029700e+03 5.71164500e+03 2.54423000e+03 8.22408400e+02 2.33392000e+02 9.62308400e-01 2.42181000e-01 2.43495700e-01 2.56674100e+00 1.40557800e+01 1.08976200e+03 1.46851400e+02 1.04127100e+00 1.41030900e+01 1.05871200e+03 1.49658100e+02 1.38833000e-01 1.60451200e-01 3.40630000e+03 1.02370900e-02 8.11495600e-01 4.48672000e-01 7.10818900e+01 6.58246600e+02 8.11828700e+01 1.56759000e+03 8.78788000e+01 2.02918900e+03 9.34734900e+01 2.36002600e+03 2.32928900e+02 5.87212300e+03 4.60913800e-01 7.44859700e-01 4.77105000e-01 6.59275400e-01 4.74628900e-01 6.16565800e-01 4.68944000e-01 5.86424900e-01 2.95354700e-01 3.04087300e-01 2.72377300e+01 1.05552600e+02 2.85545200e+01 8.58134800e+00 3.97620400e+02 2.31417500e+01 1.15087900e+04 7.07087000e+02 1.69933100e-01 6.71532900e-01 7.19315200e+00 6.91031700e+00 1.19381300e+04 8.03461800e+00
9.73287400e-01 6.33239600e+03 2.18637600e-02 1.13812100e-01 1.04117600e+00 5.72823400e-02 2.65909500e+00 3.02941800e+00 9.54659900e-01 9.99028200e-01 1.96998800e+02 3.54057500e+01 1.32910000e+02 1.78464400e+01 3.47412100e+00 6.61990900e-01 7.43909800e-02 9.99681800e-01 4.52926900e+00 9.92945800e-01 7.46280300e-01 1.21629100e+00 1.10848800e+00 9.97312300e-01 1.00196700e+00 9.99340000e-01 9.91583700e-01 6.46734600e+01 6.74080500e-01 3.25919500e-01 1.36321000e-01 8.81634800e-02 7.95365900e-01 8.29013400e-01 4.54069300e-01 6.00958600e-01 9.89017400e-01 9.79090900e+01 2.45847600e+00 7.94220000e+00 2.06851900e+00 1.84461000e+00 1.23266900e+03 5.67847600e+03 2.52470100e+03 8.16797300e+02 2.32105300e+02 9.54659900e-01 2.39845200e-01 2.41151300e-01 2.54445800e+00 1.42347100e+01 1.08962200e+03 1.48496000e+02 1.04167400e+00 1.42555000e+01 1.05798700e+03 1.51389900e+02 1.37562400e-01 1.60201800e-01 3.41986400e+03 1.01630900e-02 8.08665300e-01 4.47331500e-01 6.99539100e+01 6.69246500e+02 8.00220600e+01 1.59251200e+03 8.66886100e+01 2.06062600e+03 9.22552200e+01 2.39591800e+03 2.30650200e+02 5.94736500e+03 4.57413300e-01 7.33586300e-01 4.72234200e-01 6.48771500e-01 4.69211000e-01 6.06527100e-01 4.63216000e-01 5.76744600e-01 2.90311800e-01 2.98679200e-01 2.37725600e+01 1.04480700e+02 2.63470900e+01 8.28917600e+00 3.96917900e+02 2.44428000e+01 1.15118400e+04 7.07334000e+02 2.74552100e-01 4.55610600e-01 9.01756900e+00 6.21540200e+00 1.19414900e+04 9.74773200e+00
9.41822600e-01 6.33303400e+03 2.18461900e-02 1.13330700e-01 1.04127700e+00 5.79020100e-02 2.62360200e+00 3.02967200e+00 9.52662900e-01 1.00114000e+00 2.61830600e+02 3.30874100e+01 1.20916500e+02 2.16049000e+01 7.06202100e-01 5.21182600e-01 1.15809500e-01 7.91702400e-01 7.75980000e+00 1.05246100e+00 8.41934100e-01 1.19499500e+00 1.08162000e+00 9.97601300e-01 1.00147800e+00 9.92193700e-01 9.87891400e-01 6.44427500e+01 6.72943900e-01 3.27056100e-01 1.35822100e-01 8.75274700e-02 7.94408800e-01 8.29458300e-01 4.54313000e-01 6.00758100e-01 9.89594000e-01 9.77872700e+01 2.46437800e+00 7.99713100e+00 2.06904500e+00 1.84279400e+00 1.23686800e+03 5.68474600e+03 2.52480200e+03 8.16955000e+02 2.32291000e+02 9.52662900e-01 2.39332000e-01 2.40636200e-01 2.53501100e+00 1.42719500e+01 1.08956500e+03 1.48837000e+02 1.04178800e+00 1.42866900e+01 1.05787300e+03 1.51742900e+02 1.37337800e-01 1.60113600e-01 3.42450100e+03 1.01512600e-02 8.07840600e-01 4.46913900e-01 6.97186200e+01 6.71593400e+02 7.97818200e+01 1.59780600e+03 8.64433700e+01 2.06728800e+03 9.20050000e+01 2.40351100e+03 2.30195000e+02 5.96303000e+03 4.57581600e-01 7.32593300e-01 4.72125000e-01 6.47774200e-01 4.68972900e-01 6.05546100e-01 4.62896200e-01 5.75781900e-01 2.89789200e-01 2.98093200e-01 2.59808200e+01 1.05254800e+02 2.72756500e+01 8.29499500e+00 3.97144300e+02 2.45229600e+01 1.15139300e+04 7.07393900e+02 3.02212500e-01 4.17245800e-01 9.49755200e+00 4.56311300e+00 1.19438900e+04 1.02170100e+01
1.00069400e+00 6.33398900e+03 2.21873700e-02 1.17021800e-01 1.04058000e+00 5.58564900e-02 2.84792000e+00 3.03966200e+00 9.54761100e-01 1.00132400e+00 2.31480600e+02 3.68903000e+01 1.10412800e+02 3.08693600e+01 2.07451000e+00 7.35715400e-01 2.36277600e-01 7.14857800e-01 7.09528100e+00 4.86597300e-01 9.40099900e-01 1.08870800e+00 1.09790400e+00 9.95708200e-01 1.00041800e+00 9.96500100e-01 9.91212900e-01 6.58233600e+01 6.77213300e-01 3.22786700e-01 1.39854300e-01 9.20567900e-02 8.02686200e-01 8.32612500e-01 4.56040700e-01 6.05026900e-01 9.89363200e-01 9.81512300e+01 2.46824600e+00 7.80487100e+00 2.08981800e+00 1.86892600e+00 1.24833600e+03 5.75022800e+03 2.53400000e+03 8.15938400e+02 2.31030000e+02 9.54761100e-01 2.42629500e-01 2.43945900e-01 2.55104800e+00 1.40245300e+01 1.08969100e+03 1.46363400e+02 1.04090500e+00 1.40611700e+01 1.05913200e+03 1.49113000e+02 1.39385200e-01 1.60292000e-01 3.41754900e+03 1.02910800e-02 8.09644500e-01 4.47595700e-01 7.11457200e+01 6.57805900e+02 8.13070400e+01 1.56604500e+03 8.80399300e+01 2.02686900e+03 9.36640800e+01 2.35706600e+03 2.33709100e+02 5.85926400e+03 4.59676000e-01 7.40632000e-01 4.75324500e-01 6.55320000e-01 4.72627900e-01 6.12778900e-01 4.66816100e-01 5.82768900e-01 2.93430800e-01 3.02027800e-01 2.83029100e+01 1.06591000e+02 3.25528900e+01 8.38851400e+00 3.96561300e+02 2.51257700e+01 1.15091500e+04 7.07179100e+02 2.28365000e-01 5.37244800e-01 8.44308500e+00 1.23611200e+01 1.19392300e+04 9.20869500e+00
9.09677800e-01 6.32582100e+03 2.21098400e-02 1.19400000e-01 1.04062500e+00 5.55201000e-02 3.02909900e+00 3.04230300e+00 9.63926200e-01 1.00102500e+00 2.28954100e+02 4.01034900e+01 9.45876500e+01 4.59338400e+01 4.41565700e+00 5.41335000e-01 6.97772500e-01 1.75727400e-01 5.04374600e+00 9.53416500e-01 1.03932400e+00 8.45530500e-01 9.04854300e-01 9.97090600e-01 9.99738300e-01 9.95004500e-01 9.94213100e-01 6.70538300e+01 6.83834200e-01 3.16165800e-01 1.42155000e-01 9.53203700e-02 8.09381900e-01 8.30903000e-01 4.55104300e-01 6.06921100e-01 9.88420400e-01 9.89885500e+01 2.44491900e+00 7.85064700e+00 2.09534400e+00 1.87512900e+00 1.22793100e+03 5.70301100e+03 2.52988400e+03 8.12841800e+02 2.29133700e+02 9.63926200e-01 2.45061700e-01 2.46387000e-01 2.62925400e+00 1.38479200e+01 1.09018000e+03 1.44870300e+02 1.04084200e+00 1.39185600e+01 1.05928400e+03 1.47625500e+02 1.40167200e-01 1.61030900e-01 3.38933600e+03 1.03328700e-02 8.14632400e-01 4.50265600e-01 7.23686100e+01 6.46208600e+02 8.25338000e+01 1.54002900e+03 8.92792700e+01 1.99423100e+03 9.49185800e+01 2.31995600e+03 2.35820300e+02 5.78483000e+03 4.59312900e-01 7.47453600e-01 4.76580800e-01 6.62055600e-01 4.74631200e-01 6.19365100e-01 4.69290700e-01 5.89210000e-01 2.96905400e-01 3.05892100e-01 3.29374700e+01 1.07016600e+02 3.27743600e+01 8.85625600e+00 3.96409100e+02 2.32732800e+01 1.15052900e+04 7.06902100e+02 9.38069500e-02 9.26576500e-01 5.77378600e+00 4.11949200e+00 1.19338300e+04 6.79416900e+00
7.98473700e-01 6.32646300e+03 2.21107100e-02 1.20743200e-01 1.04090800e+00 5.15643200e-02 3.07266800e+00 3.03733400e+00 9.65013300e-01 1.00009400e+00 2.51386300e+02 4.32924400e+01 1.14678600e+02 3.69701500e+01 3.56901000e+00 6.15094300e-01 7.96582100e-01 5.78817500e-01 5.01839200e+00 1.02924100e+00 1.03710900e+00 9.18113500e-01 7.91190400e-01 9.97700800e-01 1.00052100e+00 9.93899000e-01 9.89752200e-01 6.71856700e+01 6.82096200e-01 3.17903800e-01 1.43499000e-01 9.64107900e-02 8.11110400e-01 8.34962900e-01 4.57328000e-01 6.09051300e-01 9.89558900e-01 9.87976000e+01 2.44143800e+00 7.46917700e+00 2.08495900e+00 1.88065600e+00 1.22551800e+03 5.69302300e+03 2.53160900e+03 8.13051800e+02 2.29006800e+02 9.65013300e-01 2.45645000e-01 2.46972400e-01 2.64438200e+00 1.37994100e+01 1.09034300e+03 1.44304400e+02 1.04109800e+00 1.38607900e+01 1.05939900e+03 1.47051600e+02 1.40606600e-01 1.61196800e-01 3.40159100e+03 1.04005600e-02 8.12703200e-01 4.49264400e-01 7.25390800e+01 6.44816300e+02 8.27732900e+01 1.53629200e+03 8.95618900e+01 1.98912000e+03 9.52360300e+01 2.31378800e+03 2.36879900e+02 5.76474100e+03 4.61393100e-01 7.48877800e-01 4.78304100e-01 6.63129300e-01 4.76146200e-01 6.20291900e-01 4.70656000e-01 5.90043600e-01 2.97249700e-01 3.06178000e-01 3.10240100e+01 1.08915600e+02 3.28520300e+01 9.05098700e+00 3.95840300e+02 2.31801800e+01 1.15074800e+04 7.06968100e+02 1.18925000e-01 8.20176000e-01 6.23653600e+00 3.22776200e+00 1.19355600e+04 7.17563700e+00
8.04160700e-01 6.33210700e+03 2.21482600e-02 1.15824500e-01 1.04187000e+00 5.55657500e-02 2.85086400e+00 3.03478100e+00 9.64234800e-01 1.00101400e+00 2.41718600e+02 2.65678100e+01 7.68431500e+01 5.55763100e+01 5.16032400e+00 4.78308400e-01 8.06843400e-01 7.45936600e-02 3.50506300e+00 8.97113500e-01 1.06883300e+00 8.51149300e-01 9.40755500e-01 9.98277300e-01 1.00325500e+00 9.87923700e-01 9.88081000e-01 6.66766400e+01 6.88202900e-01 3.11797100e-01 1.38618000e-01 9.24257900e-02 8.00721900e-01 8.16313800e-01 4.47113500e-01 5.98342300e-01 9.80606700e-01 9.96611800e+01 2.42733000e+00 7.76825000e+00 2.07964200e+00 1.86090700e+00 1.22243000e+03 5.70141000e+03 2.53485300e+03 8.19395100e+02 2.32287200e+02 9.64234800e-01 2.42654300e-01 2.43970800e-01 2.55941100e+00 1.39808300e+01 1.08963800e+03 1.46700200e+02 1.04220600e+00 1.40759300e+01 1.05897900e+03 1.49469400e+02 1.38975600e-01 1.60595800e-01 3.38581400e+03 1.01976200e-02 8.16208500e-01 4.51085600e-01 7.18922400e+01 6.50168800e+02 8.18775100e+01 1.55053500e+03 8.85101600e+01 2.00853300e+03 9.40582300e+01 2.33716300e+03 2.33000000e+02 5.83987300e+03 4.51644000e-01 7.39886700e-01 4.69705600e-01 6.55825400e-01 4.68287300e-01 6.13732400e-01 4.63350200e-01 5.83972800e-01 2.94458900e-01 3.03545300e-01 2.76348800e+01 1.06922300e+02 3.09262400e+01 9.24759400e+00 3.96302500e+02 2.28700800e+01 1.15176600e+04 7.06757300e+02 2.75696500e-02 1.27934900e+00 4.20712500e+00 5.86744700e+00 1.19460800e+04 5.51404400e+00
1.32553700e+00 6.33402200e+03 2.23622500e-02 1.15185400e-01 1.04154800e+00 6.75705300e-02 2.85712100e+00 3.05424300e+00 9.65964300e-01 9.97709200e-01 2.19501400e+02 4.00479400e+01 1.26598600e+02 2.58568300e+01 5.64258100e+00 6.92286000e-01 7.75254000e-01 8.86601600e-01 4.50168300e+00 6.14471300e-01 7.81474600e-01 1.02922500e+00 8.35261800e-01 9.97842900e-01 9.98992000e-01 9.96327100e-01 9.90670300e-01 6.70465100e+01 6.92579400e-01 3.07420600e-01 1.38192800e-01 9.26534200e-02 8.05368200e-01 8.15267900e-01 4.46540600e-01 5.99691300e-01 9.83572500e-01 1.00146700e+02 2.43937900e+00 8.86993400e+00 2.12051200e+00 1.85246400e+00 1.22020100e+03 5.70248300e+03 2.52565900e+03 8.17398900e+02 2.32199900e+02 9.65964300e-01 2.42830200e-01 2.44147300e-01 2.52157000e+00 1.39593600e+01 1.08931900e+03 1.46672400e+02 1.04185000e+00 1.40780700e+01 1.05943700e+03 1.49369000e+02 1.39214600e-01 1.60295700e-01 3.37246700e+03 1.01618200e-02 8.18959600e-01 4.52353800e-01 7.22166900e+01 6.46929800e+02 8.21338900e+01 1.54387000e+03 8.87278500e+01 2.00059300e+03 9.42466400e+01 2.32849200e+03 2.32777300e+02 5.83040000e+03 4.51469400e-01 7.44610000e-01 4.70605000e-01 6.60484900e-01 4.69688800e-01 6.18289100e-01 4.65070900e-01 5.88430100e-01 2.96879900e-01 3.06231900e-01 2.73448300e+01 1.05468600e+02 2.97678600e+01 8.36203100e+00 4.00701600e+02 2.32458800e+01 1.15139300e+04 7.06643300e+02 4.78909400e-03 1.53969800e+00 3.69213700e+00 9.92210900e+00 1.19462400e+04 5.23662500e+00
9.92230400e-01 6.33257200e+03 2.23527700e-02 1.14568000e-01 1.04163100e+00 6.85442400e-02 2.84118400e+00 3.05404900e+00 9.66254200e-01 1.00027700e+00 1.99160700e+02 2.84131600e+01 1.03025500e+02 3.43417200e+01 5.07087500e+00 6.71253700e-01 6.10424200e-01 6.08374200e-01 7.67982900e+00 6.47694900e-01 9.85734800e-01 1.09890900e+00 1.10890900e+00 9.95864100e-01 1.00201000e+00 9.87833600e-01 9.88782100e-01 6.70977800e+01 6.94441300e-01 3.05558700e-01 1.37566000e-01 9.23037000e-02 8.03799600e-01 8.11212200e-01 4.44319200e-01 5.97614900e-01 9.81281700e-01 1.00403700e+02 2.43498200e+00 8.94928000e+00 2.12010100e+00 1.84850100e+00 1.21844700e+03 5.69918200e+03 2.52355000e+03 8.17043400e+02 2.32153400e+02 9.66254200e-01 2.42606800e-01 2.43923100e-01 2.51779500e+00 1.39722500e+01 1.08926200e+03 1.46930200e+02 1.04194500e+00 1.41015300e+01 1.05932200e+03 1.49638000e+02 1.38997200e-01 1.60279400e-01 3.36448200e+03 1.01266300e-02 8.20438400e-01 4.53134100e-01 7.22439500e+01 6.46547500e+02 8.21156100e+01 1.54342000e+03 8.86821300e+01 2.00031100e+03 9.41792900e+01 2.32841200e+03 2.32308400e+02 5.83555700e+03 4.49372500e-01 7.43347500e-01 4.68890300e-01 6.59572200e-01 4.68198000e-01 6.17521100e-01 4.63741000e-01 5.87752700e-01 2.96617000e-01 3.06043800e-01 2.71928800e+01 1.07329100e+02 3.07925600e+01 8.98021600e+00 4.01033300e+02 2.27588700e+01 1.15065800e+04 7.06604400e+02 2.41331600e-04 1.67729600e+00 3.47484400e+00 1.40327300e+01 1.19393500e+04 5.15238100e+00
6.25119000e-01 6.33548600e+03 2.24495400e-02 1.22895500e-01 1.04138600e+00 5.40664800e-02 3.27045700e+00 3.04961300e+00 9.75431700e-01 1.00199600e+00 2.83733600e+02 4.37018700e+01 9.49879600e+01 4.77024300e+01 1.69472600e-01 4.62203000e-01 7.95370500e-01 1.81454400e-01 6.41605800e+00 8.10083700e-01 1.06555800e+00 9.17324900e-01 8.05327000e-01 9.97424500e-01 1.00302100e+00 9.93576800e-01 9.89663800e-01 6.91668700e+01 6.94840200e-01 3.05159800e-01 1.45990200e-01 1.00976800e-01 8.19687700e-01 8.26706700e-01 4.52805900e-01 6.09228600e-01 9.85597000e-01 1.00394300e+02 2.41916400e+00 7.71331800e+00 2.11071700e+00 1.89438600e+00 1.21325300e+03 5.70931100e+03 2.54024500e+03 8.15868500e+02 2.29525100e+02 9.75431700e-01 2.48382000e-01 2.49719300e-01 2.64807000e+00 1.35591100e+01 1.09028800e+03 1.42539000e+02 1.04142400e+00 1.36869300e+01 1.06050500e+03 1.45148000e+02 1.42147100e-01 1.61475200e-01 3.37169500e+03 1.04446600e-02 8.19551300e-01 4.52603300e-01 7.44662400e+01 6.27223600e+02 8.46305100e+01 1.49738700e+03 9.13923100e+01 1.94071600e+03 9.70532500e+01 2.25909400e+03 2.39329800e+02 5.66296200e+03 4.57933000e-01 7.58074100e-01 4.77917900e-01 6.72673700e-01 4.77256200e-01 6.29800400e-01 4.72741700e-01 5.99447800e-01 3.02472000e-01 3.12139700e-01 3.31608700e+01 1.11569300e+02 3.49075700e+01 9.91181900e+00 3.96005800e+02 2.17875200e+01 1.15235100e+04 7.06596800e+02 3.31046700e-04 1.67729600e+00 3.52847700e+00 7.95342400e+00 1.19512200e+04 5.20610500e+00
1.35167400e+00 6.33410200e+03 2.25678500e-02 1.17019400e-01 1.04105500e+00 7.38134300e-02 3.00402900e+00 3.07195100e+00 9.68109900e-01 1.00002200e+00 2.46467500e+02 3.50796200e+01 8.33444400e+01 4.41174100e+01 7.85826000e-01 3.63589600e-01 6.55999700e-01 4.67647900e-02 7.35345400e+00 1.28504500e+00 8.14366400e-01 9.63484500e-01 8.62444800e-01 9.97834200e-01 1.00326300e+00 9.94646300e-01 9.87867200e-01 6.81268300e+01 6.97857400e-01 3.02142600e-01 1.40232400e-01 9.55358700e-02 8.13714600e-01 8.16615200e-01 4.47278600e-01 6.03288600e-01 9.85855000e-01 1.00743300e+02 2.44903500e+00 9.44976800e+00 2.15839700e+00 1.86216300e+00 1.22539200e+03 5.73217200e+03 2.52439600e+03 8.14299900e+02 2.30710900e+02 9.68109900e-01 2.44905100e-01 2.46229900e-01 2.53569000e+00 1.38044800e+01 1.08937300e+03 1.45267100e+02 1.04124900e+00 1.39512300e+01 1.06016200e+03 1.47876100e+02 1.40349400e-01 1.60445300e-01 3.35459300e+03 1.02097200e-02 8.22528100e-01 4.54051500e-01 7.32967400e+01 6.37013000e+02 8.32210000e+01 1.52148900e+03 8.98277500e+01 1.97243400e+03 9.53610500e+01 2.29641000e+03 2.34660500e+02 5.76506100e+03 4.52635300e-01 7.52860600e-01 4.73159500e-01 6.68392500e-01 4.72866900e-01 6.25936700e-01 4.68634800e-01 5.95860400e-01 3.00826600e-01 3.10559000e-01 2.96615000e+01 1.04796500e+02 2.91971300e+01 8.41837800e+00 4.04040300e+02 2.31984900e+01 1.15129300e+04 7.06547900e+02 2.74859200e-03 1.89191900e+00 3.40927100e+00 7.76159200e+00 1.19485900e+04 5.30393800e+00
1.24498900e+00 6.33156700e+03 2.22348300e-02 1.15656700e-01 1.04109900e+00 6.80240000e-02 2.83343500e+00 3.05682000e+00 9.58501000e-01 9.99861200e-01 2.03784700e+02 3.21646700e+01 8.22554300e+01 4.61166300e+01 3.80806600e-01 4.64192600e-01 6.79972900e-01 9.21092800e-01 8.87020900e+00 1.00119100e+00 9.95473400e-01 8.84889400e-01 8.87355900e-01 9.95098400e-01 1.00279200e+00 9.89815500e-01 9.88299900e-01 6.63470500e+01 6.85282000e-01 3.14718000e-01 1.38536700e-01 9.19150000e-02 8.06737000e-01 8.26289400e-01 4.52577300e-01 6.04244100e-01 9.90424100e-01 9.91959100e+01 2.46888300e+00 8.94928000e+00 2.12598400e+00 1.85556000e+00 1.23829300e+03 5.72374100e+03 2.52387100e+03 8.14115100e+02 2.30899700e+02 9.58501000e-01 2.42449400e-01 2.43765100e-01 2.53708100e+00 1.40136900e+01 1.08949600e+03 1.46768700e+02 1.04143200e+00 1.40929700e+01 1.05913200e+03 1.49510700e+02 1.39068800e-01 1.60294100e-01 3.39197200e+03 1.02038800e-02 8.14721500e-01 4.50225400e-01 7.15814400e+01 6.53209000e+02 8.15992200e+01 1.55706300e+03 8.82490200e+01 2.01651900e+03 9.38093600e+01 2.34607000e+03 2.32842300e+02 5.85392100e+03 4.56920600e-01 7.45155200e-01 4.74459000e-01 6.60178500e-01 4.72685600e-01 6.17675000e-01 4.67477500e-01 5.87643200e-01 2.96198600e-01 3.05209200e-01 2.86839900e+01 1.06028200e+02 3.08493200e+01 8.28005800e+00 4.01402200e+02 2.46102000e+01 1.15064900e+04 7.06850700e+02 6.95745600e-02 9.81866700e-01 5.23714800e+00 9.20920100e+00 1.19407900e+04 6.28858900e+00
9.19839400e-01 6.32879800e+03 2.21506500e-02 1.18127100e-01 1.04091900e+00 6.32655400e-02 2.93449700e+00 3.04695100e+00 9.64833600e-01 9.96902100e-01 2.34214700e+02 4.78344900e+01 9.27960300e+01 4.72190500e+01 5.16356800e+00 7.11302400e-01 8.39706200e-01 6.52516400e-01 4.46403400e-01 1.02855500e+00 9.67356300e-01 8.18022200e-01 8.08631700e-01 9.96962000e-01 9.99881700e-01 9.97902900e-01 9.84198400e-01 6.65301500e+01 6.81620800e-01 3.18379200e-01 1.40922900e-01 9.37562400e-02 8.10223100e-01 8.34672900e-01 4.57169200e-01 6.08612400e-01 9.93334100e-01 9.87333900e+01 2.45176800e+00 8.57696500e+00 2.10510700e+00 1.85490800e+00 1.21524700e+03 5.64602600e+03 2.51335600e+03 8.10827100e+02 2.29551200e+02 9.64833600e-01 2.43800200e-01 2.45120900e-01 2.58830000e+00 1.39294000e+01 1.08992300e+03 1.45651900e+02 1.04119700e+00 1.39888900e+01 1.05920800e+03 1.48404000e+02 1.39753300e-01 1.60695700e-01 3.40314800e+03 1.03087200e-02 8.12435000e-01 4.49091600e-01 7.18400700e+01 6.51124400e+02 8.19875500e+01 1.55120800e+03 8.87179200e+01 2.00836000e+03 9.43430600e+01 2.33610800e+03 2.34730000e+02 5.81909100e+03 4.61198500e-01 7.48015700e-01 4.77990100e-01 6.62319900e-01 4.75781800e-01 6.19516200e-01 4.70262000e-01 5.89294500e-01 2.96874800e-01 3.05760700e-01 2.93911100e+01 1.02635800e+02 3.10421200e+01 8.74911000e+00 3.98991500e+02 2.31608400e+01 1.15060500e+04 7.06987000e+02 1.27957400e-01 7.68898900e-01 6.42332200e+00 6.34174600e+00 1.19369500e+04 7.32017800e+00
9.24753300e-01 6.32865100e+03 2.20970100e-02 1.15498200e-01 1.04109300e+00 6.20311700e-02 2.74743400e+00 3.04009200e+00 9.58690500e-01 9.98681800e-01 2.27950800e+02 3.91402900e+01 9.68983400e+01 4.17465700e+01 4.37353500e+00 6.55102700e-01 6.11539200e-01 4.13717800e-01 4.99482400e-01 1.05942000e+00 1.00840500e+00 9.14811700e-01 9.65559400e-01 9.96238300e-01 9.99952700e-01 9.93599200e-01 9.82899200e-01 6.52777100e+01 6.75582000e-01 3.24418000e-01 1.38240300e-01 9.02401100e-02 8.02649100e-01 8.34675200e-01 4.57170500e-01 6.05761900e-01 9.93443700e-01 9.80249000e+01 2.46290500e+00 8.39691200e+00 2.09071600e+00 1.84678100e+00 1.22528700e+03 5.66429200e+03 2.51873100e+03 8.15220400e+02 2.31796500e+02 9.58690500e-01 2.41198100e-01 2.42509200e-01 2.53258800e+00 1.41217400e+01 1.08957000e+03 1.47372700e+02 1.04149600e+00 1.41501000e+01 1.05875000e+03 1.50166000e+02 1.38629800e-01 1.60152500e-01 3.42539900e+03 1.02429900e-02 8.08333400e-01 4.46986200e-01 7.05804700e+01 6.63196400e+02 8.07021900e+01 1.57847500e+03 8.74063900e+01 2.04269500e+03 9.30054400e+01 2.37525800e+03 2.32309500e+02 5.90003000e+03 4.60684800e-01 7.40441900e-01 4.75967100e-01 6.54983300e-01 4.73082900e-01 6.12395100e-01 4.67145100e-01 5.82361700e-01 2.93178700e-01 3.01694400e-01 2.64860300e+01 1.01278800e+02 2.80499400e+01 8.46761200e+00 3.98544500e+02 2.38210200e+01 1.15043100e+04 7.07257900e+02 2.52721200e-01 4.95667100e-01 8.75405600e+00 5.39655500e+00 1.19351400e+04 9.50244400e+00
8.60853800e-01 6.32800400e+03 2.22847600e-02 1.20297400e-01 1.04090000e+00 5.75067800e-02 3.07175700e+00 3.05117100e+00 9.68917200e-01 1.00091000e+00 2.20711600e+02 2.94888800e+01 1.09883600e+02 3.02196500e+01 4.19545100e+00 7.21415100e-01 2.01685200e-02 4.50231600e-01 8.25807600e+00 9.73655700e-01 7.66464500e-01 1.03335500e+00 1.20023100e+00 9.96910100e-01 9.99931300e-01 9.96346200e-01 9.92314900e-01 6.74713100e+01 6.85379200e-01 3.14620800e-01 1.43227300e-01 9.66373400e-02 8.15768400e-01 8.35410500e-01 4.57573200e-01 6.10961300e-01 9.93132700e-01 9.91685400e+01 2.44520600e+00 8.03375200e+00 2.11400800e+00 1.88433000e+00 1.22217600e+03 5.70848900e+03 2.54076400e+03 8.18183800e+02 2.31104500e+02 9.68917200e-01 2.45705300e-01 2.47032900e-01 2.61060900e+00 1.37810300e+01 1.09007800e+03 1.44291300e+02 1.04108100e+00 1.38597600e+01 1.05978000e+03 1.46978800e+02 1.40820700e-01 1.60963600e-01 3.39553200e+03 1.03814100e-02 8.14262700e-01 4.49949800e-01 7.27962600e+01 6.42298800e+02 8.29806400e+01 1.53108800e+03 8.97412200e+01 1.98289900e+03 9.53942900e+01 2.30697300e+03 2.36755700e+02 5.75672200e+03 4.61922600e-01 7.53505600e-01 4.79680800e-01 6.67584500e-01 4.77900300e-01 6.24606900e-01 4.72642700e-01 5.94239300e-01 2.99492900e-01 3.08629400e-01 2.75773900e+01 1.05708500e+02 3.01737700e+01 9.02128000e+00 3.96831700e+02 2.27040700e+01 1.15057600e+04 7.06847400e+02 7.23454600e-02 9.81866700e-01 5.35055800e+00 8.43815700e+00 1.19343200e+04 6.40477000e+00
6.46725000e-01 6.33361200e+03 2.21892600e-02 1.20239300e-01 1.04094200e+00 4.50234900e-02 3.04508600e+00 3.02818700e+00 9.66807700e-01 1.00362000e+00 2.14445900e+02 3.75742500e+01 1.12047900e+02 3.09703700e+01 2.90338400e+00 5.70517200e-01 5.18770800e-01 3.86675600e-01 7.33648400e+00 9.84982300e-01 7.87856400e-01 9.53242400e-01 8.57215800e-01 9.96669800e-01 9.98111100e-01 9.94425400e-01 9.91457500e-01 6.71160900e+01 6.82380900e-01 3.17619100e-01 1.43073700e-01 9.60254900e-02 8.06823800e-01 8.30178300e-01 4.54707400e-01 6.05696900e-01 9.84839300e-01 9.88168000e+01 2.42598600e+00 6.74285900e+00 2.06597400e+00 1.88806900e+00 1.22483200e+03 5.71730000e+03 2.54692400e+03 8.19961300e+02 2.31351300e+02 9.66807700e-01 2.45309200e-01 2.46635400e-01 2.61965500e+00 1.38171000e+01 1.09016800e+03 1.44512100e+02 1.04114200e+00 1.38801500e+01 1.05955100e+03 1.47232700e+02 1.40579400e-01 1.61003000e-01 3.40402300e+03 1.03887800e-02 8.12490000e-01 4.49094800e-01 7.24604700e+01 6.45494300e+02 8.26759100e+01 1.53797900e+03 8.94525200e+01 1.99135100e+03 9.51168400e+01 2.31642000e+03 2.36537400e+02 5.77210100e+03 4.58769500e-01 7.44949400e-01 4.75658200e-01 6.59682700e-01 4.73546300e-01 6.17081200e-01 4.68108600e-01 5.86997700e-01 2.95729000e-01 3.04622700e-01 2.99202200e+01 1.04925000e+02 3.07916900e+01 9.48370500e+00 3.96194000e+02 2.24535000e+01 1.15165900e+04 7.06957000e+02 1.16184500e-01 8.20176000e-01 6.20840200e+00 8.40116200e+00 1.19447200e+04 7.14476300e+00
9.28497700e-01 6.33075400e+03 2.22322100e-02 1.15188900e-01 1.04156000e+00 6.61412000e-02 2.89558000e+00 3.05746300e+00 9.69524800e-01 1.00371100e+00 2.50231500e+02 3.01420700e+01 1.01889600e+02 3.87810400e+01 1.02184100e+00 6.03592900e-01 4.79312000e-01 4.96490600e-01 8.73529000e+00 8.44862500e-01 8.60560500e-01 9.20653400e-01 8.95452900e-01 9.96720100e-01 1.00177100e+00 9.95632000e-01 9.87864400e-01 6.73980700e+01 6.96056700e-01 3.03943300e-01 1.38066300e-01 9.30540000e-02 8.07143900e-01 8.12431300e-01 4.44987000e-01 5.99306700e-01 9.83166900e-01 1.00637300e+02 2.43022300e+00 8.77533000e+00 2.12735200e+00 1.86376000e+00 1.21841000e+03 5.71676300e+03 2.54080700e+03 8.21798100e+02 2.33065000e+02 9.69524800e-01 2.43302600e-01 2.44621400e-01 2.55927300e+00 1.39304400e+01 1.08952100e+03 1.46572900e+02 1.04186100e+00 1.40683800e+01 1.05913200e+03 1.49317700e+02 1.39024000e-01 1.60626100e-01 3.35160600e+03 1.01256900e-02 8.22448300e-01 4.54273900e-01 7.25432100e+01 6.43760800e+02 8.24126600e+01 1.53716700e+03 8.89801900e+01 1.99247100e+03 9.44793700e+01 2.31950100e+03 2.32783200e+02 5.81789200e+03 4.50168300e-01 7.46603800e-01 4.70131400e-01 6.62641900e-01 4.69629900e-01 6.20470100e-01 4.65287000e-01 5.90606100e-01 2.98117800e-01 3.07670900e-01 2.74240300e+01 1.08423200e+02 3.18447000e+01 9.14211000e+00 3.99776600e+02 2.21330400e+01 1.15110100e+04 7.06575300e+02 1.11943800e-03 1.81943000e+00 3.35468700e+00 7.69505600e+00 1.19420600e+04 5.17523600e+00
3.84184900e-01 6.33174400e+03 2.23651100e-02 1.15309000e-01 1.04137700e+00 5.60725200e-02 2.93645200e+00 3.03618500e+00 9.65703800e-01 1.00135700e+00 2.30274800e+02 2.62072800e+01 9.21155000e+01 4.90387600e+01 3.66608900e+00 8.22175600e-01 2.81602900e-01 9.79306700e-02 3.54727100e+00 1.04370000e+00 1.12316500e+00 7.62680000e-01 1.08958800e+00 9.96391900e-01 9.98705100e-01 9.92644500e-01 9.90667000e-01 6.78851300e+01 6.99853500e-01 3.00146500e-01 1.38319300e-01 9.38982100e-02 7.95856700e-01 7.96051000e-01 4.36015100e-01 5.89071700e-01 9.65934200e-01 1.01092800e+02 2.40560900e+00 7.77130100e+00 2.08256400e+00 1.86163500e+00 1.22597500e+03 5.75046100e+03 2.53296800e+03 8.16958900e+02 2.31011300e+02 9.65703800e-01 2.43916000e-01 2.45237100e-01 2.54849900e+00 1.38791100e+01 1.08940700e+03 1.46224700e+02 1.04163800e+00 1.40379500e+01 1.05951300e+03 1.48917500e+02 1.39375000e-01 1.60568900e-01 3.33907400e+03 1.01160500e-02 8.25016400e-01 4.55508800e-01 7.30061500e+01 6.39401900e+02 8.28373800e+01 1.52768700e+03 8.93852700e+01 1.98079200e+03 9.48707200e+01 2.30640800e+03 2.33120600e+02 5.79596700e+03 4.41399200e-01 7.36540600e-01 4.61917400e-01 6.54128400e-01 4.61869000e-01 6.12672900e-01 4.57893100e-01 5.83292700e-01 2.94573900e-01 3.04192700e-01 2.57833900e+01 1.05808500e+02 3.12443100e+01 1.09582400e+01 3.96253500e+02 2.28817200e+01 1.15150000e+04 7.06524000e+02 1.59574600e-02 2.11648900e+00 3.38092700e+00 6.35802900e+00 1.19450900e+04 5.51337400e+00
4.38324100e-01 6.33138400e+03 2.23465100e-02 1.14826800e-01 1.04145600e+00 5.49860000e-02 2.88282100e+00 3.03303100e+00 9.62754900e-01 1.00161500e+00 2.25902800e+02 3.47184800e+01 9.47980700e+01 4.62858800e+01 3.17742600e+00 7.63939000e-01 3.02917200e-01 4.07754800e-01 6.58881700e+00 1.08633400e+00 1.04211800e+00 6.80412500e-01 9.17757600e-01 9.96787000e-01 9.98423200e-01 9.89071700e-01 9.88467700e-01 6.74383500e+01 6.96964400e-01 3.03035600e-01 1.37818500e-01 9.29425300e-02 7.93864700e-01 7.97870900e-01 4.37011900e-01 5.89006200e-01 9.66702800e-01 1.00722100e+02 2.41216900e+00 7.65228300e+00 2.07600600e+00 1.85980900e+00 1.23127900e+03 5.75703900e+03 2.53347200e+03 8.17491200e+02 2.31395300e+02 9.62754900e-01 2.43176300e-01 2.44494800e-01 2.53337700e+00 1.39339000e+01 1.08933200e+03 1.46647500e+02 1.04175800e+00 1.40769300e+01 1.05936100e+03 1.49354300e+02 1.39120700e-01 1.60416900e-01 3.35142200e+03 1.01162800e-02 8.22713100e-01 4.54322500e-01 7.25706000e+01 6.43452200e+02 8.24201300e+01 1.53665000e+03 8.89757600e+01 1.99194400e+03 9.44656100e+01 2.31900700e+03 2.32603000e+02 5.81922300e+03 4.42184200e-01 7.34409200e-01 4.62015300e-01 6.51916700e-01 4.61626800e-01 6.10468400e-01 4.57427100e-01 5.81111300e-01 2.93360800e-01 3.02802600e-01 2.98851800e+01 1.05565100e+02 3.20354400e+01 1.06577900e+01 3.96071900e+02 2.32962200e+01 1.15132000e+04 7.06560800e+02 2.48243400e-03 1.89191900e+00 3.35642500e+00 7.72828100e+00 1.19432300e+04 5.25082600e+00
2.16018000e-01 6.33917800e+03 2.28636800e-02 1.23133400e-01 1.04031400e+00 4.44609300e-02 3.43799100e+00 3.03633400e+00 9.81497800e-01 1.00191800e+00 2.60995000e+02 3.46691200e+01 1.12225000e+02 3.62694900e+01 4.81276400e+00 7.13025500e-01 3.23169000e-01 1.62060800e-01 4.09808800e+00 6.50808000e-01 1.09755600e+00 1.02490700e+00 1.24599000e+00 9.97222200e-01 9.99056700e-01 1.00894300e+00 9.97176300e-01 7.10052500e+01 7.09143900e-01 2.90856100e-01 1.46642300e-01 1.04123700e-01 8.09366100e-01 7.96936100e-01 4.36499900e-01 5.94380500e-01 9.60505300e-01 1.02133800e+02 2.36615400e+00 6.63604700e+00 2.08287400e+00 1.90565700e+00 1.21111000e+03 5.78518100e+03 2.55053900e+03 8.18087400e+02 2.29418900e+02 9.81497800e-01 2.50698200e-01 2.52043900e-01 2.62767200e+00 1.33864600e+01 1.08995100e+03 1.41377900e+02 1.04020100e+00 1.35914000e+01 1.06161100e+03 1.43839800e+02 1.43256200e-01 1.61351300e-01 3.31444200e+03 1.03788400e-02 8.30546000e-01 4.57991500e-01 7.61969800e+01 6.11980300e+02 8.61993000e+01 1.46434500e+03 9.28756100e+01 1.90010300e+03 9.84755600e+01 2.21364200e+03 2.40357000e+02 5.58898300e+03 4.42635000e-01 7.49981300e-01 4.65542400e-01 6.67109300e-01 4.66600000e-01 6.25268700e-01 4.63321900e-01 5.95556700e-01 3.01090000e-01 3.11415200e-01 2.94910400e+01 1.08450200e+02 3.33818200e+01 1.21311200e+01 3.96506300e+02 2.13135700e+01 1.15262800e+04 7.06502700e+02 1.11784900e-01 2.83966800e+00 4.31065000e+00 8.36185900e+00 1.19562300e+04 7.26210400e+00
1.72056200e-01 6.33997600e+03 2.27292900e-02 1.25161700e-01 1.03999700e+00 4.40259700e-02 3.56793400e+00 3.03888500e+00 9.83234200e-01 1.00202600e+00 2.78976500e+02 5.35637100e+01 1.10796100e+02 3.25622200e+01 1.91951100e+00 6.43746900e-01 2.27545300e-01 9.00436500e-01 9.75185800e+00 6.80420300e-01 7.23403900e-01 1.02840900e+00 1.14225700e+00 9.99647100e-01 9.99028300e-01 1.00682200e+00 1.00672400e+00 7.15545700e+01 7.09893500e-01 2.90106500e-01 1.48536100e-01 1.06284400e-01 8.14136600e-01 8.00599600e-01 4.38506400e-01 5.97498200e-01 9.62450900e-01 1.02235600e+02 2.36577600e+00 6.65435800e+00 2.08819400e+00 1.91218700e+00 1.20896600e+03 5.77086400e+03 2.54698800e+03 8.13675700e+02 2.27135800e+02 9.83234200e-01 2.52278400e-01 2.53629600e-01 2.69652400e+00 1.32930100e+01 1.09041200e+03 1.40384200e+02 1.03982400e+00 1.35007700e+01 1.06153500e+03 1.42877800e+02 1.43736300e-01 1.61891900e-01 3.30270300e+03 1.04274300e-02 8.32225500e-01 4.58963700e-01 7.67757400e+01 6.07313600e+02 8.68322300e+01 1.45335900e+03 9.35459300e+01 1.88596800e+03 9.91778200e+01 2.19727300e+03 2.41932800e+02 5.54985700e+03 4.44707200e-01 7.54480100e-01 4.67918200e-01 6.71198400e-01 4.69074700e-01 6.29137900e-01 4.65841600e-01 5.99264700e-01 3.02984100e-01 3.13421900e-01 3.68519400e+01 1.09607300e+02 3.55269100e+01 1.25813600e+01 3.96604300e+02 2.11952500e+01 1.15281700e+04 7.06507500e+02 1.26679600e-01 2.92364600e+00 4.47292300e+00 7.37222700e+00 1.19585500e+04 7.52324900e+00
7.45316800e-01 6.33373800e+03 2.25830700e-02 1.23150300e-01 1.04084500e+00 5.03794700e-02 3.27415900e+00 3.04801500e+00 9.78935000e-01 1.00302000e+00 1.71539500e+02 3.63820100e+01 1.16848900e+02 3.37754900e+01 7.50312300e+00 7.95530900e-01 7.10882700e-01 9.10197500e-01 2.27860100e+00 8.48538200e-01 1.01055100e+00 1.06330600e+00 1.19458100e+00 9.97618400e-01 1.00149000e+00 9.92455300e-01 9.94272700e-01 6.90496800e+01 6.92989100e-01 3.07010900e-01 1.46378500e-01 1.01073900e-01 8.19739300e-01 8.29262500e-01 4.54205800e-01 6.10188800e-01 9.86495000e-01 1.00066100e+02 2.41278300e+00 7.30438200e+00 2.10734800e+00 1.90536100e+00 1.21020100e+03 5.73008700e+03 2.55693100e+03 8.23439900e+02 2.32149400e+02 9.78935000e-01 2.48480300e-01 2.49818000e-01 2.62494700e+00 1.35591100e+01 1.09014500e+03 1.42358600e+02 1.04086800e+00 1.36769100e+01 1.06084800e+03 1.44919000e+02 1.42482500e-01 1.61213200e-01 3.37907500e+03 1.04700400e-02 8.18163700e-01 4.51766500e-01 7.43710100e+01 6.28158600e+02 8.45721500e+01 1.49917900e+03 9.13555900e+01 1.94274900e+03 9.70332900e+01 2.26122400e+03 2.39587300e+02 5.66318100e+03 4.59184500e-01 7.57933800e-01 4.78750900e-01 6.72341700e-01 4.77866700e-01 6.29403300e-01 4.73199700e-01 5.99016200e-01 3.02177200e-01 3.11750900e-01 2.51769900e+01 1.07239000e+02 2.96705400e+01 9.52259800e+00 3.95743600e+02 2.13700800e+01 1.15210000e+04 7.06634300e+02 7.56921600e-03 1.47275900e+00 3.90637200e+00 7.82165600e+00 1.19476300e+04 5.38670100e+00
5.09816700e-01 6.33502100e+03 2.23099000e-02 1.24624900e-01 1.04037100e+00 4.55423600e-02 3.32591600e+00 3.03058800e+00 9.75262400e-01 9.98385900e-01 2.07433900e+02 4.75172100e+01 1.08783500e+02 3.67277100e+01 2.72994700e+00 5.97358100e-01 9.25753200e-01 8.40011900e-01 6.64288900e+00 1.07830500e+00 1.08492400e+00 8.70906100e-01 6.81194400e-01 9.96539800e-01 9.99589500e-01 1.00394600e+00 9.90928700e-01 6.87384000e+01 6.87659300e-01 3.12340700e-01 1.47580000e-01 1.01444100e-01 8.15435900e-01 8.32038600e-01 4.55726300e-01 6.09602800e-01 9.83535700e-01 9.93932500e+01 2.40739400e+00 6.86798100e+00 2.07094100e+00 1.89064500e+00 1.20425100e+03 5.66134800e+03 2.52664000e+03 8.09953400e+02 2.27174700e+02 9.75262400e-01 2.49046800e-01 2.50386500e-01 2.69389900e+00 1.35549000e+01 1.09067000e+03 1.41951000e+02 1.04038300e+00 1.36441100e+01 1.06035200e+03 1.44596400e+02 1.42425400e-01 1.61665400e-01 3.38412100e+03 1.05209600e-02 8.16161700e-01 4.50916000e-01 7.41232200e+01 6.30639500e+02 8.44331800e+01 1.50382900e+03 9.12806300e+01 1.94794500e+03 9.70079800e+01 2.26659100e+03 2.40397600e+02 5.66202800e+03 4.60250600e-01 7.53418900e-01 4.78506700e-01 6.67747800e-01 4.76991500e-01 6.24858400e-01 4.71915800e-01 5.94539300e-01 2.99699800e-01 3.08960100e-01 3.30588100e+01 1.06621200e+02 3.35775100e+01 1.01427100e+01 3.96146300e+02 2.17502100e+01 1.15218700e+04 7.06773700e+02 5.05813000e-02 1.09677200e+00 4.97092800e+00 7.24164000e+00 1.19499100e+04 6.11828100e+00
4.23807400e-01 6.33807300e+03 2.23577800e-02 1.25467900e-01 1.04028500e+00 4.52040900e-02 3.44221100e+00 3.03411500e+00 9.82007200e-01 9.98665000e-01 2.29568000e+02 5.72107500e+01 1.09214600e+02 3.70550800e+01 6.84132200e-01 6.69914200e-01 2.63410500e-01 7.13997600e-01 4.30732200e+00 8.31112300e-01 9.33130800e-01 9.92770000e-01 1.08561800e+00 9.97831400e-01 1.00039100e+00 1.00458500e+00 1.00066000e+00 6.97857700e+01 6.95135100e-01 3.04864900e-01 1.48470800e-01 1.03611500e-01 8.18176600e-01 8.24783800e-01 4.51752700e-01 6.07958500e-01 9.79408000e-01 1.00340700e+02 2.38743200e+00 6.84661900e+00 2.07825700e+00 1.89860900e+00 1.19486900e+03 5.66503700e+03 2.53360200e+03 8.11683200e+02 2.27185800e+02 9.82007200e-01 2.50549600e-01 2.51894700e-01 2.72473800e+00 1.34423600e+01 1.09079200e+03 1.41163600e+02 1.04022500e+00 1.35704800e+01 1.06061900e+03 1.43783900e+02 1.42913100e-01 1.61987900e-01 3.35416200e+03 1.05060000e-02 8.21757800e-01 4.53800900e-01 7.51287400e+01 6.21671100e+02 8.53751300e+01 1.48420400e+03 9.21920500e+01 1.92367600e+03 9.78993600e+01 2.23929800e+03 2.41365500e+02 5.61417300e+03 4.56872400e-01 7.56705400e-01 4.76886200e-01 6.71490400e-01 4.76261000e-01 6.28705300e-01 4.71779000e-01 5.98413100e-01 3.01943900e-01 3.11620200e-01 3.49681200e+01 1.07403400e+02 3.47531500e+01 1.06945700e+01 3.96299400e+02 2.10955900e+01 1.15317800e+04 7.06591400e+02 9.29249600e-04 1.60798500e+00 3.64382900e+00 4.42813800e+00 1.19598700e+04 5.25274300e+00
4.86113900e-02 6.34079800e+03 2.30189600e-02 1.22520500e-01 1.04069800e+00 4.76336700e-02 3.41710700e+00 3.03409800e+00 9.88599800e-01 1.00090200e+00 2.26402400e+02 3.99926800e+01 9.35723300e+01 4.99931400e+01 4.49677700e+00 8.16282400e-01 5.68958700e-01 5.65058800e-01 3.08106500e+00 1.03941700e+00 1.01377400e+00 7.56650900e-01 9.05950100e-01 9.96795200e-01 1.00061100e+00 9.91258300e-01 9.84001300e-01 7.12506100e+01 7.12045100e-01 2.87954900e-01 1.46184600e-01 1.04157400e-01 8.09029900e-01 7.92622100e-01 4.34137000e-01 5.92646400e-01 9.58451800e-01 1.02549200e+02 2.34572300e+00 6.93512000e+00 2.07822300e+00 1.88937400e+00 1.18613800e+03 5.72047100e+03 2.53816800e+03 8.18315700e+02 2.30345300e+02 9.88599800e-01 2.50498700e-01 2.51843600e-01 2.59195400e+00 1.33777000e+01 1.08969100e+03 1.41511000e+02 1.04058200e+00 1.35992200e+01 1.06187800e+03 1.43927500e+02 1.43354900e-01 1.61147500e-01 3.31287600e+03 1.03601200e-02 8.31569200e-01 4.58413100e-01 7.64089200e+01 6.10080900e+02 8.63573500e+01 1.46048400e+03 9.30022700e+01 1.89554700e+03 9.85780600e+01 2.20871000e+03 2.40086800e+02 5.58489400e+03 4.40482600e-01 7.49969600e-01 4.64019300e-01 6.67435400e-01 4.65426800e-01 6.25716300e-01 4.62393800e-01 5.96071800e-01 3.01477500e-01 3.11963000e-01 2.88850600e+01 1.06806100e+02 3.31695100e+01 1.50898700e+01 3.96075600e+02 2.04097300e+01 1.15297500e+04 7.06526900e+02 1.75900900e-01 3.09335200e+00 5.03527000e+00 5.43428800e+00 1.19613300e+04 8.30452300e+00
3.67269900e-02 6.33732900e+03 2.26682300e-02 1.16924800e-01 1.04152600e+00 4.45250100e-02 3.03909800e+00 3.01585700e+00 9.75793200e-01 1.00157800e+00 2.52281200e+02 3.05582300e+01 8.84179900e+01 4.89254400e+01 7.82075400e+00 6.22507700e-01 8.56755800e-01 2.01741600e-01 1.19021500e+00 8.37526100e-01 7.71464500e-01 9.14263200e-01 9.22078100e-01 9.98483200e-01 1.00198600e+00 9.96696000e-01 9.86903200e-01 6.88153100e+01 7.03860500e-01 2.96139500e-01 1.40238200e-01 9.65053600e-02 7.92116700e-01 7.87003500e-01 4.31059600e-01 5.84336800e-01 9.54875300e-01 1.01580100e+02 2.35748800e+00 6.55365000e+00 2.04065700e+00 1.86679300e+00 1.20180900e+03 5.72449200e+03 2.53735800e+03 8.21503400e+02 2.32570500e+02 9.75793200e-01 2.45412000e-01 2.46738500e-01 2.53008300e+00 1.37432100e+01 1.08927500e+03 1.45036800e+02 1.04168600e+00 1.39232700e+01 1.06039000e+03 1.47612700e+02 1.40566100e-01 1.60519600e-01 3.33892000e+03 1.01860700e-02 8.26093600e-01 4.55845000e-01 7.39373300e+01 6.31062600e+02 8.37861600e+01 1.50872600e+03 9.03518700e+01 1.95684300e+03 9.58551600e+01 2.27904600e+03 2.34866300e+02 5.73867800e+03 4.36712800e-01 7.33474400e-01 4.57999200e-01 6.51843900e-01 4.58417200e-01 6.10716700e-01 4.54781400e-01 5.81544400e-01 2.93836200e-01 3.03628700e-01 2.68662400e+01 1.04913800e+02 3.07434000e+01 1.56809800e+01 3.96526400e+02 2.11274200e+01 1.15219900e+04 7.06496500e+02 5.04094100e-02 2.42950100e+00 3.67522900e+00 6.68033200e+00 1.19553300e+04 6.15514000e+00
5.66535800e-01 6.33851000e+03 2.25689500e-02 1.14385100e-01 1.04226300e+00 5.87094200e-02 2.81126200e+00 3.03227400e+00 9.63341800e-01 9.97665700e-01 2.11859800e+02 2.01331200e+01 8.85821000e+01 4.84655000e+01 5.05185700e+00 6.84207600e-01 6.66464000e-01 2.60131700e-01 2.88224400e+00 9.41460900e-01 1.33284300e+00 7.97524700e-01 8.88820800e-01 9.96328200e-01 1.00054100e+00 9.98248200e-01 9.91967000e-01 6.71929900e+01 6.95232900e-01 3.04767100e-01 1.37599200e-01 9.24570500e-02 7.94140400e-01 8.00425100e-01 4.38410900e-01 5.90050700e-01 9.68802600e-01 1.00519000e+02 2.41455200e+00 7.95440700e+00 2.07443600e+00 1.84461500e+00 1.22147500e+03 5.71769400e+03 2.52011900e+03 8.16809900e+02 2.32367500e+02 9.63341800e-01 2.42274000e-01 2.43589100e-01 2.46960400e+00 1.39624100e+01 1.08895100e+03 1.46966800e+02 1.04258500e+00 1.40963900e+01 1.05981800e+03 1.49597400e+02 1.39312100e-01 1.59975400e-01 3.37926200e+03 1.01500800e-02 8.18841800e-01 4.52153800e-01 7.23358400e+01 6.45666600e+02 8.21986800e+01 1.54151600e+03 8.87605700e+01 1.99797500e+03 9.42544300e+01 2.32580100e+03 2.32361900e+02 5.83133900e+03 4.43448900e-01 7.34494800e-01 4.62910500e-01 6.51805400e-01 4.62321300e-01 6.10286100e-01 4.57982700e-01 5.80889300e-01 2.93184200e-01 3.02538900e-01 2.31809300e+01 1.03779000e+02 2.76854300e+01 1.01158800e+01 3.96860200e+02 2.32931600e+01 1.15261000e+04 7.06589600e+02 8.15034200e-05 1.74777200e+00 3.40381300e+00 8.91234700e+00 1.19563700e+04 5.15166600e+00
1.08299100e+00 6.32865000e+03 2.25409100e-02 1.19391900e-01 1.04098500e+00 6.89382500e-02 3.13055400e+00 3.07642900e+00 9.74256400e-01 1.00170700e+00 2.18042500e+02 4.66767400e+01 9.52774300e+01 4.58254000e+01 5.92081800e+00 8.28869800e-01 8.38149600e-01 9.05801200e-01 9.51002900e-01 9.70265500e-01 9.15132900e-01 9.61502300e-01 9.45512600e-01 9.97698100e-01 1.00276300e+00 1.00265000e+00 1.00045800e+00 6.87164300e+01 6.98052600e-01 3.01947400e-01 1.42578000e-01 9.79744900e-02 8.21908000e-01 8.24571300e-01 4.51636300e-01 6.09264700e-01 9.91500500e-01 1.00765200e+02 2.44430000e+00 9.07135000e+00 2.16808500e+00 1.88884900e+00 1.22270100e+03 5.75353000e+03 2.54972400e+03 8.21705700e+02 2.32331500e+02 9.74256400e-01 2.46583800e-01 2.47914600e-01 2.58361200e+00 1.36883900e+01 1.08973400e+03 1.44037100e+02 1.04110200e+00 1.38350600e+01 1.06035200e+03 1.46639200e+02 1.41150600e-01 1.60874100e-01 3.35367700e+03 1.02937400e-02 8.22664800e-01 4.54144500e-01 7.39289700e+01 6.31550600e+02 8.39333100e+01 1.50849200e+03 9.05936800e+01 1.95561600e+03 9.61720400e+01 2.27685700e+03 2.36622000e+02 5.71655600e+03 4.57041100e-01 7.60460100e-01 4.77815300e-01 6.75159600e-01 4.77543300e-01 6.32282100e-01 4.73284800e-01 6.01905900e-01 3.03869300e-01 3.13720200e-01 2.76977300e+01 1.05761200e+02 3.22478900e+01 8.86424200e+00 4.01199100e+02 2.24495900e+01 1.15088100e+04 7.06545300e+02 3.27421400e-03 1.89191900e+00 3.40636900e+00 4.12614400e+00 1.19413300e+04 5.30156200e+00
1.13708200e+00 6.33190400e+03 2.25003000e-02 1.17629400e-01 1.04124200e+00 7.21544600e-02 2.98566700e+00 3.07366000e+00 9.71965600e-01 1.00228800e+00 2.32131000e+02 3.20480200e+01 9.38652600e+01 3.47298100e+01 4.45332500e+00 6.21299000e-01 7.83897200e-01 8.77746400e-01 7.86117100e+00 8.78137300e-01 9.35397200e-01 1.12160800e+00 1.03926200e+00 9.97183500e-01 1.00310200e+00 9.88788700e-01 9.86438300e-01 6.76983600e+01 6.92837200e-01 3.07162800e-01 1.40774800e-01 9.53022600e-02 8.18780300e-01 8.28497300e-01 4.53786600e-01 6.09550300e-01 9.95126500e-01 1.00115000e+02 2.45281700e+00 9.32769800e+00 2.16208800e+00 1.87154700e+00 1.21764400e+03 5.71392200e+03 2.53919800e+03 8.21462400e+02 2.33266300e+02 9.71965600e-01 2.44634000e-01 2.45957800e-01 2.54116400e+00 1.38279700e+01 1.08949400e+03 1.45251900e+02 1.04144500e+00 1.39471600e+01 1.06000900e+03 1.47883900e+02 1.40366200e-01 1.60472800e-01 3.37600400e+03 1.02621200e-02 8.18566800e-01 4.52041100e-01 7.29168900e+01 6.40697100e+02 8.29228600e+01 1.52906400e+03 8.95762800e+01 1.98145100e+03 9.51450200e+01 2.30624900e+03 2.34950900e+02 5.77549200e+03 4.58787900e-01 7.57036000e-01 4.78302100e-01 6.71534600e-01 4.77402800e-01 6.28644000e-01 4.72730000e-01 5.98291700e-01 3.01847600e-01 3.11379200e-01 2.70702400e+01 1.04244200e+02 2.93347900e+01 8.67446500e+00 4.02972700e+02 2.22393600e+01 1.15077300e+04 7.06637600e+02 5.79339700e-03 1.53969800e+00 3.78382100e+00 1.02286600e+01 1.19416100e+04 5.32931300e+00
9.55280600e-01 6.32678000e+03 2.23215000e-02 1.18235100e-01 1.04110000e+00 6.32735700e-02 3.00236400e+00 3.04910700e+00 9.71140200e-01 9.97660200e-01 2.23166600e+02 2.47114300e+01 8.83094500e+01 4.20642400e+01 1.75690400e+00 6.89225400e-01 2.94611300e-01 9.32073800e-02 6.94540100e+00 9.67161000e-01 9.88269600e-01 9.54787200e-01 1.06022200e+00 9.96261600e-01 1.00241000e+00 9.94775900e-01 9.89771700e-01 6.74859600e+01 6.89963300e-01 3.10036700e-01 1.41201700e-01 9.52913400e-02 8.10765800e-01 8.24216500e-01 4.51442000e-01 6.04990700e-01 9.86935300e-01 9.97681400e+01 2.42920100e+00 8.54644800e+00 2.10965000e+00 1.85888200e+00 1.20559300e+03 5.65441600e+03 2.51926100e+03 8.13815700e+02 2.30429800e+02 9.71140200e-01 2.44790000e-01 2.46114300e-01 2.57950800e+00 1.38350400e+01 1.08978500e+03 1.45146300e+02 1.04132200e+00 1.39386600e+01 1.05966600e+03 1.47835400e+02 1.40216100e-01 1.60742600e-01 3.37865500e+03 1.02817700e-02 8.17500300e-01 4.51615900e-01 7.27373000e+01 6.42486500e+02 8.27935400e+01 1.53264300e+03 8.94760300e+01 1.98563500e+03 9.50670500e+01 2.31074800e+03 2.35217000e+02 5.77877900e+03 4.56148600e-01 7.49340900e-01 4.74831400e-01 6.64395100e-01 4.73602900e-01 6.21830400e-01 4.68745300e-01 5.91726300e-01 2.98419100e-01 3.07716500e-01 2.57162000e+01 1.04514500e+02 3.04953100e+01 8.95277700e+00 3.98631800e+02 2.21563700e+01 1.15052300e+04 7.06707700e+02 2.12988500e-02 1.34256300e+00 4.18926000e+00 6.33157900e+00 1.19349700e+04 5.55312200e+00
7.64397200e-01 6.32963600e+03 2.22835600e-02 1.18579800e-01 1.04100400e+00 5.79080400e-02 3.05127900e+00 3.04497500e+00 9.73240500e-01 1.00064000e+00 2.17181800e+02 4.11290600e+01 1.19952300e+02 3.36927200e+01 6.70989300e+00 8.24668300e-01 4.06122500e-01 5.99787200e-01 1.16788700e+00 7.75296700e-01 8.06449900e-01 9.62379900e-01 9.51400700e-01 9.96584100e-01 1.00030300e+00 9.92039400e-01 9.91518600e-01 6.78741500e+01 6.92833600e-01 3.07166400e-01 1.41508500e-01 9.60476700e-02 8.09516500e-01 8.19128300e-01 4.48655000e-01 6.02655500e-01 9.82592600e-01 1.00140700e+02 2.41551100e+00 8.04290800e+00 2.10095100e+00 1.87118900e+00 1.20699200e+03 5.68163200e+03 2.53332700e+03 8.17545900e+02 2.31053500e+02 9.73240500e-01 2.45431100e-01 2.46757800e-01 2.60372400e+00 1.37920900e+01 1.08990900e+03 1.44839000e+02 1.04119800e+00 1.39108000e+01 1.05962800e+03 1.47538800e+02 1.40309200e-01 1.60957700e-01 3.36380500e+03 1.02703500e-02 8.20048900e-01 4.52973400e-01 7.31063100e+01 6.39037400e+02 8.31383800e+01 1.52510200e+03 8.98091400e+01 1.97631600e+03 9.53924100e+01 2.30027200e+03 2.35562700e+02 5.76051100e+03 4.53594300e-01 7.48469700e-01 4.72885700e-01 6.63934500e-01 4.71995500e-01 6.21528700e-01 4.67375000e-01 5.91519400e-01 2.98423400e-01 3.07851800e-01 2.71831000e+01 1.05494700e+02 3.05916600e+01 9.46863500e+00 3.96725000e+02 2.17289700e+01 1.15131600e+04 7.06637700e+02 4.95130300e-03 1.53969800e+00 3.73149400e+00 6.27912800e+00 1.19410800e+04 5.27614300e+00
8.90352800e-01 6.32809800e+03 2.22221500e-02 1.19421400e-01 1.04078100e+00 5.24288300e-02 3.06060900e+00 3.04048600e+00 9.68101300e-01 1.00209700e+00 2.35109600e+02 3.39817100e+01 1.02409100e+02 3.97729300e+01 3.24969900e+00 6.91503900e-01 5.09670400e-01 4.50911300e-01 4.90730100e+00 8.61678400e-01 8.49668000e-01 9.26686400e-01 9.01570500e-01 9.96966100e-01 1.00250000e+00 9.96989900e-01 9.88463700e-01 6.75592000e+01 6.88253700e-01 3.11746300e-01 1.42288700e-01 9.61290900e-02 8.08733400e-01 8.24414000e-01 4.51550100e-01 6.04304300e-01 9.83927500e-01 9.95396700e+01 2.42791000e+00 7.51190200e+00 2.09154100e+00 1.88333400e+00 1.22374300e+03 5.72302100e+03 2.54258700e+03 8.18158400e+02 2.30769600e+02 9.68101300e-01 2.45530500e-01 2.46857500e-01 2.61876500e+00 1.37991200e+01 1.09007000e+03 1.44620600e+02 1.04096500e+00 1.38929400e+01 1.05955100e+03 1.47336900e+02 1.40438800e-01 1.61015900e-01 3.37821200e+03 1.03207700e-02 8.17091300e-01 4.51470400e-01 7.28396400e+01 6.41711100e+02 8.29560800e+01 1.53036900e+03 8.96758700e+01 1.98241200e+03 9.52968500e+01 2.30677100e+03 2.36066000e+02 5.76397500e+03 4.56129700e-01 7.47287500e-01 4.74370700e-01 6.62382300e-01 4.72938100e-01 6.19866700e-01 4.67951600e-01 5.89808300e-01 2.97374300e-01 3.06567200e-01 2.67557800e+01 1.06175300e+02 3.07142700e+01 9.04543300e+00 3.95846500e+02 2.25930900e+01 1.15097800e+04 7.06755800e+02 3.77867900e-02 1.15641700e+00 4.59234800e+00 6.38356100e+00 1.19372700e+04 5.78655200e+00
8.67433200e-01 6.32591200e+03 2.24215500e-02 1.20859800e-01 1.04065700e+00 5.12476700e-02 3.17276400e+00 3.04528400e+00 9.73080800e-01 1.00337200e+00 2.44621800e+02 4.22276500e+01 1.08288400e+02 3.93036400e+01 3.10752200e+00 6.78201100e-01 4.95331300e-01 2.52287700e-01 4.19636500e+00 1.01875800e+00 8.17059400e-01 9.39342700e-01 8.42793500e-01 9.96621800e-01 1.00145100e+00 9.97765800e-01 9.93481000e-01 6.84783900e+01 6.93074000e-01 3.06926000e-01 1.43926500e-01 9.85585700e-02 8.12737900e-01 8.22066100e-01 4.50264200e-01 6.04935300e-01 9.82140800e-01 1.00101800e+02 2.41756700e+00 7.38372800e+00 2.10159900e+00 1.89686600e+00 1.22112000e+03 5.74931500e+03 2.55340200e+03 8.21418100e+02 2.31495400e+02 9.73080800e-01 2.47096400e-01 2.48429100e-01 2.61963700e+00 1.36732800e+01 1.09005500e+03 1.43544900e+02 1.04075600e+00 1.37923600e+01 1.06020000e+03 1.46180100e+02 1.41391100e-01 1.61097600e-01 3.36668200e+03 1.03625500e-02 8.19731500e-01 4.52698300e-01 7.37543000e+01 6.33405000e+02 8.38685800e+01 1.51172000e+03 9.05944100e+01 1.95901500e+03 9.62239400e+01 2.28016700e+03 2.37575100e+02 5.71085800e+03 4.55220400e-01 7.51471100e-01 4.74641900e-01 6.66621400e-01 4.73776600e-01 6.24053800e-01 4.69157200e-01 5.93928600e-01 2.99630700e-01 3.09118900e-01 3.04804100e+01 1.07943000e+02 3.33246600e+01 9.22097800e+00 3.95759400e+02 2.20372400e+01 1.15059700e+04 7.06632500e+02 6.27950500e-03 1.47275900e+00 3.84048500e+00 6.88471100e+00 1.19329900e+04 5.31952300e+00
9.69265700e-01 6.33088200e+03 2.24326900e-02 1.20422500e-01 1.04079700e+00 5.79702000e-02 3.17272000e+00 3.05688700e+00 9.72982200e-01 1.00359200e+00 1.86646100e+02 4.58222300e+01 1.01059700e+02 3.99776200e+01 6.76451700e+00 6.67980300e-01 9.93052300e-01 7.21486000e-01 2.94707700e+00 9.77701200e-01 8.51270400e-01 1.20200600e+00 1.14644800e+00 9.97643300e-01 1.00470300e+00 9.98311600e-01 9.88272300e-01 6.86908000e+01 6.95872400e-01 3.04127600e-01 1.43500300e-01 9.85715200e-02 8.16049900e-01 8.21644500e-01 4.50033300e-01 6.06011200e-01 9.84617200e-01 1.00481700e+02 2.42714300e+00 8.05816700e+00 2.12612600e+00 1.89337600e+00 1.22275100e+03 5.75110600e+03 2.54967000e+03 8.19870900e+02 2.31089200e+02 9.72982200e-01 2.47100000e-01 2.48432700e-01 2.61756200e+00 1.36662600e+01 1.09000000e+03 1.43647900e+02 1.04089500e+00 1.38004300e+01 1.06020000e+03 1.46281200e+02 1.41290000e-01 1.61118700e-01 3.35668400e+03 1.03317600e-02 8.21694300e-01 4.53716800e-01 7.39342700e+01 6.31664100e+02 8.39988100e+01 1.50823100e+03 9.06958300e+01 1.95492900e+03 9.63032800e+01 2.27577000e+03 2.37313300e+02 5.70759100e+03 4.55246400e-01 7.54814400e-01 4.75373400e-01 6.69897400e-01 4.74837200e-01 6.27249800e-01 4.70426400e-01 5.97050500e-01 3.01320600e-01 3.10989300e-01 3.04640400e+01 1.09468200e+02 3.34903500e+01 9.05305300e+00 3.96771400e+02 2.21574300e+01 1.15084600e+04 7.06578400e+02 3.64677300e-06 1.74777200e+00 3.51573100e+00 1.34824900e+01 1.19364400e+04 5.26350600e+00
8.87073500e-01 6.33210800e+03 2.23132300e-02 1.14177600e-01 1.04133900e+00 5.78460500e-02 2.79943200e+00 3.03951000e+00 9.60975000e-01 1.00346000e+00 2.46303500e+02 3.46335800e+01 8.18305500e+01 5.25972500e+01 3.93643800e+00 7.34399700e-01 3.31696800e-01 1.17387200e-02 3.25116800e+00 1.29166400e+00 9.58358700e-01 8.76372000e-01 1.25754500e+00 9.97475800e-01 1.00340400e+00 9.91836600e-01 9.82282100e-01 6.66143800e+01 6.90959600e-01 3.09040400e-01 1.37135900e-01 9.13522500e-02 7.96290300e-01 8.08199300e-01 4.42669000e-01 5.93711200e-01 9.75635200e-01 9.99302500e+01 2.43246200e+00 7.92083700e+00 2.08950000e+00 1.86122100e+00 1.23584400e+03 5.76231200e+03 2.54141700e+03 8.21823500e+02 2.33322500e+02 9.60975000e-01 2.42012500e-01 2.43326600e-01 2.51060700e+00 1.40289800e+01 1.08923500e+03 1.47287500e+02 1.04168400e+00 1.41393700e+01 1.05917000e+03 1.50013000e+02 1.38747300e-01 1.60138300e-01 3.37336000e+03 1.01240400e-02 8.18451800e-01 4.52119200e-01 7.17795900e+01 6.50987000e+02 8.16782000e+01 1.55316000e+03 8.82573900e+01 2.01237300e+03 9.37626800e+01 2.34199200e+03 2.31835600e+02 5.85966800e+03 4.47407700e-01 7.36061300e-01 4.65976900e-01 6.52731100e-01 4.64885800e-01 6.10959800e-01 4.60193400e-01 5.81411000e-01 2.93283500e-01 3.02447900e-01 2.97336500e+01 1.06597300e+02 3.33039400e+01 9.12678500e+00 3.96758600e+02 2.34489400e+01 1.15112800e+04 7.06681900e+02 1.27441900e-02 1.40705700e+00 3.93370800e+00 1.15673900e+01 1.19406100e+04 5.35351000e+00
3.64242900e-01 6.33529300e+03 2.23840800e-02 1.17805000e-01 1.04066500e+00 5.02937400e-02 3.02970800e+00 3.03169100e+00 9.67969800e-01 1.00349000e+00 2.64449300e+02 5.71409000e+01 1.11181300e+02 3.53679200e+01 3.24131400e+00 6.08317200e-01 8.69990800e-01 7.97630000e-01 3.38494600e+00 6.93735900e-01 8.12942300e-01 1.09291000e+00 9.39789400e-01 9.98543000e-01 1.00138800e+00 9.92518200e-01 9.90448600e-01 6.78668200e+01 6.94231200e-01 3.05768800e-01 1.40834200e-01 9.55797100e-02 7.99829600e-01 8.07483100e-01 4.42276700e-01 5.94765500e-01 9.70887100e-01 1.00268700e+02 2.40607700e+00 7.22808800e+00 2.07322700e+00 1.87483200e+00 1.22274900e+03 5.74299100e+03 2.53851400e+03 8.17864300e+02 2.30895500e+02 9.67969800e-01 2.45182900e-01 2.46508600e-01 2.57722700e+00 1.38114500e+01 1.08969600e+03 1.45072400e+02 1.04085400e+00 1.39378200e+01 1.05978000e+03 1.47743300e+02 1.40256200e-01 1.60706200e-01 3.35741800e+03 1.02360100e-02 8.21204300e-01 4.53491300e-01 7.30732000e+01 6.39227300e+02 8.30643300e+01 1.52588900e+03 8.97099700e+01 1.97755300e+03 9.52731900e+01 2.30189100e+03 2.35044900e+02 5.76843100e+03 4.47282400e-01 7.39649900e-01 4.66647800e-01 6.56261500e-01 4.65929700e-01 6.14408500e-01 4.61474700e-01 5.84782000e-01 2.95082000e-01 3.04465300e-01 3.36744400e+01 1.07837100e+02 3.36471800e+01 1.09803600e+01 3.95676400e+02 2.22664900e+01 1.15228200e+04 7.06608500e+02 2.10642500e-03 1.60798500e+00 3.66866300e+00 6.95100000e+00 1.19517500e+04 5.27875400e+00
1.16348600e+00 6.33807200e+03 2.27241800e-02 1.18444500e-01 1.04141100e+00 5.07378300e-02 3.00841200e+00 3.04255300e+00 9.66658500e-01 1.00360600e+00 2.53040600e+02 4.07010400e+01 9.51529400e+01 3.95840000e+01 1.96217200e+00 6.57701600e-01 7.68141000e-01 8.69589300e-01 2.94122900e+00 8.44757700e-01 9.43967700e-01 1.12891100e+00 9.69792600e-01 9.96630800e-01 1.00582700e+00 9.90550300e-01 9.83459700e-01 6.79180900e+01 6.92568900e-01 3.07431100e-01 1.41813900e-01 9.63172800e-02 8.05841300e-01 8.15760700e-01 4.46810600e-01 6.00048700e-01 9.77815200e-01 1.00042800e+02 2.42734800e+00 7.21283000e+00 2.09586700e+00 1.89362300e+00 1.23896200e+03 5.81510700e+03 2.56270400e+03 8.27618500e+02 2.34624700e+02 9.66658500e-01 2.45020300e-01 2.46345500e-01 2.50980000e+00 1.37798800e+01 1.08930900e+03 1.44751900e+02 1.04157800e+00 1.38973600e+01 1.06061900e+03 1.47299200e+02 1.41056600e-01 1.60259600e-01 3.39060400e+03 1.03223400e-02 8.16707600e-01 4.50909300e-01 7.31579500e+01 6.38605400e+02 8.32040900e+01 1.52400800e+03 8.98838000e+01 1.97485600e+03 9.54743600e+01 2.29853800e+03 2.35807500e+02 5.75543300e+03 4.51704600e-01 7.45044900e-01 4.70849100e-01 6.60866900e-01 4.69931600e-01 6.18644600e-01 4.65310500e-01 5.88766900e-01 2.97022000e-01 3.06394600e-01 2.60227900e+01 1.05001500e+02 3.05692000e+01 8.62259600e+00 3.95691500e+02 2.31955800e+01 1.15198700e+04 7.06643600e+02 8.38891600e-03 1.47275900e+00 3.90254200e+00 1.67337700e+01 1.19473800e+04 5.38369000e+00
1.07156200e+00 6.33636600e+03 2.24299400e-02 1.18780500e-01 1.04123200e+00 4.46124200e-02 2.99646300e+00 3.03823200e+00 9.63668600e-01 1.00790300e+00 2.63548300e+02 4.08543800e+01 1.19926000e+02 3.11780000e+01 2.26431300e+00 5.43547500e-01 4.89575300e-01 2.02171500e-01 2.62437000e+00 1.27240000e+00 1.18485100e+00 1.12303500e+00 1.12026700e+00 9.98474100e-01 9.99863600e-01 1.00138000e+00 9.89717100e-01 6.73577900e+01 6.87341100e-01 3.12658900e-01 1.41855600e-01 9.55507800e-02 8.05781100e-01 8.22605900e-01 4.50559800e-01 6.02538500e-01 9.81800300e-01 9.94200800e+01 2.43605600e+00 6.62689200e+00 2.08683300e+00 1.90870000e+00 1.25104500e+03 5.84055000e+03 2.58019400e+03 8.31291300e+02 2.35095900e+02 9.63668600e-01 2.44753800e-01 2.46078000e-01 2.55734400e+00 1.38289300e+01 1.08968900e+03 1.44950500e+02 1.04143700e+00 1.39183200e+01 1.05993300e+03 1.47600000e+02 1.40568900e-01 1.60573500e-01 3.39708400e+03 1.03337200e-02 8.14579500e-01 4.50013200e-01 7.26384400e+01 6.43554100e+02 8.27504500e+01 1.53454600e+03 8.94659400e+01 1.98768100e+03 9.50826700e+01 2.31278600e+03 2.35678000e+02 5.77652000e+03 4.55044200e-01 7.44471200e-01 4.73017700e-01 6.59789100e-01 4.71485000e-01 6.17399900e-01 4.66445100e-01 5.87436300e-01 2.96146400e-01 3.05259900e-01 2.86725300e+01 1.07669500e+02 2.96956200e+01 8.64732800e+00 3.96197100e+02 2.34293900e+01 1.15162400e+04 7.06783400e+02 4.77690900e-02 1.09677200e+00 4.81992600e+00 1.54741200e+01 1.19445100e+04 5.96446700e+00
5.67572700e-01 6.33164900e+03 2.20919300e-02 1.14426700e-01 1.04159600e+00 4.39966200e-02 2.74808000e+00 3.01050400e+00 9.60786100e-01 1.00120100e+00 2.32517400e+02 4.10249800e+01 1.12892100e+02 3.23251500e+01 5.80939200e+00 6.77154300e-01 8.58126800e-01 7.62681100e-01 1.54773500e+00 1.28903800e+00 7.96656800e-01 1.03385800e+00 8.66031200e-01 9.99872200e-01 9.99069800e-01 1.00161000e+00 9.90779800e-01 6.58233600e+01 6.83423000e-01 3.16577000e-01 1.37163800e-01 9.02858300e-02 7.88420200e-01 8.09910000e-01 4.43606000e-01 5.91394900e-01 9.71779400e-01 9.90451500e+01 2.41030400e+00 6.53839100e+00 2.02976300e+00 1.85879000e+00 1.22605700e+03 5.71618900e+03 2.54163300e+03 8.23166100e+02 2.33685900e+02 9.60786100e-01 2.41205100e-01 2.42516200e-01 2.53375800e+00 1.41016600e+01 1.08947900e+03 1.47666900e+02 1.04199900e+00 1.41715000e+01 1.05863600e+03 1.50471100e+02 1.38314200e-01 1.60275600e-01 3.39828500e+03 1.01624000e-02 8.13513800e-01 4.49710300e-01 7.10471000e+01 6.58258900e+02 8.10371000e+01 1.56864600e+03 8.76656900e+01 2.03122200e+03 9.32070100e+01 2.36293500e+03 2.31630400e+02 5.89086300e+03 4.47701800e-01 7.28061300e-01 4.64438900e-01 6.44842700e-01 4.62495800e-01 6.03247900e-01 4.57263500e-01 5.73869100e-01 2.89195200e-01 2.97911800e-01 2.59324500e+01 1.02845400e+02 2.82124900e+01 9.78454900e+00 3.96311700e+02 2.30482100e+01 1.15163100e+04 7.06917200e+02 8.56729400e-02 9.26576500e-01 5.44527800e+00 4.47017400e+00 1.19454500e+04 6.45752700e+00
7.41717800e-01 6.33123400e+03 2.22900700e-02 1.17232400e-01 1.04159500e+00 5.45921800e-02 2.94716500e+00 3.03486600e+00 9.66371700e-01 9.99881400e-01 2.46275200e+02 4.78894900e+01 1.01258300e+02 3.53210500e+01 7.10669800e-01 3.36696900e-01 9.73002800e-01 1.81252300e-01 6.02328700e+00 8.72734400e-01 8.60685100e-01 1.10298700e+00 8.16632600e-01 9.96439200e-01 1.00346100e+00 1.00154400e+00 9.95125800e-01 6.73321500e+01 6.90826200e-01 3.09173800e-01 1.40167600e-01 9.43778900e-02 8.02419500e-01 8.14595900e-01 4.46172600e-01 5.98345700e-01 9.77890500e-01 9.99369000e+01 2.41995900e+00 7.67059300e+00 2.07981800e+00 1.86469200e+00 1.21977600e+03 5.70471700e+03 2.53099000e+03 8.16963700e+02 2.31200100e+02 9.66371700e-01 2.44030200e-01 2.45351800e-01 2.56629200e+00 1.38777400e+01 1.08968300e+03 1.45715500e+02 1.04184400e+00 1.39863100e+01 1.05947500e+03 1.48423700e+02 1.39792100e-01 1.60680800e-01 3.37898400e+03 1.02443800e-02 8.17688800e-01 4.51748000e-01 7.25552000e+01 6.44037700e+02 8.25642700e+01 1.53654700e+03 8.92166800e+01 1.99082800e+03 9.47831400e+01 2.31690000e+03 2.34380200e+02 5.79651300e+03 4.50918900e-01 7.41710800e-01 4.69597300e-01 6.57722300e-01 4.68480300e-01 6.15623500e-01 4.63740100e-01 5.85843800e-01 2.95491500e-01 3.04731600e-01 3.31713700e+01 1.06019400e+02 3.04942100e+01 9.48133100e+00 3.96078600e+02 2.27431500e+01 1.15133200e+04 7.06685200e+02 1.23405600e-02 1.40705700e+00 3.89904200e+00 8.83650300e+00 1.19416300e+04 5.31843900e+00
8.71153100e-01 6.33140900e+03 2.22318400e-02 1.18515000e-01 1.04141100e+00 5.35507900e-02 2.99823200e+00 3.03746300e+00 9.64328800e-01 1.00051900e+00 2.46788800e+02 3.08183900e+01 9.23778000e+01 5.01280000e+01 4.27517500e+00 4.42099900e-01 9.93364300e-01 1.66223800e-01 6.56376400e+00 9.00089300e-01 1.02747500e+00 7.70767200e-01 5.98087000e-01 9.98014700e-01 1.00179900e+00 1.00083400e+00 9.97807600e-01 6.73687700e+01 6.88464600e-01 3.11535400e-01 1.41392000e-01 9.52540200e-02 8.05734100e-01 8.21078700e-01 4.49723300e-01 6.01961300e-01 9.81663000e-01 9.96263100e+01 2.43179900e+00 7.60650600e+00 2.08522700e+00 1.87343900e+00 1.22815400e+03 5.71932400e+03 2.53351600e+03 8.15420200e+02 2.30219900e+02 9.64328800e-01 2.44697000e-01 2.46020900e-01 2.59515700e+00 1.38403400e+01 1.08991800e+03 1.45163000e+02 1.04164500e+00 1.39359400e+01 1.05947500e+03 1.47882000e+02 1.40114200e-01 1.60890900e-01 3.38511800e+03 1.02985600e-02 8.16326900e-01 4.51077700e-01 7.26354000e+01 6.43496900e+02 8.27167700e+01 1.53469000e+03 8.94136500e+01 1.98805000e+03 9.50156600e+01 2.31336400e+03 2.35328600e+02 5.78116000e+03 4.54279200e-01 7.44542200e-01 4.72511000e-01 6.59977700e-01 4.71114200e-01 6.17628400e-01 4.66166900e-01 5.87686000e-01 2.96320900e-01 3.05488400e-01 3.04506100e+01 1.09902200e+02 3.30802500e+01 9.09523800e+00 3.95976700e+02 2.32735200e+01 1.15129600e+04 7.06749600e+02 3.02955900e-02 1.21731700e+00 4.34728800e+00 9.16517000e+00 1.19413100e+04 5.59490100e+00
1.28009900e+00 6.32911600e+03 2.22229400e-02 1.14216600e-01 1.04175000e+00 5.92912000e-02 2.73356000e+00 3.04521300e+00 9.55713900e-01 1.00385500e+00 2.42491000e+02 4.67657900e+01 1.08403100e+02 3.53826100e+01 4.32100800e+00 8.05700000e-01 1.05757600e-01 8.29902400e-01 2.90003400e+00 9.83484300e-01 8.44610400e-01 9.28307100e-01 1.14616000e+00 9.98329100e-01 9.98742600e-01 1.00162400e+00 9.87903200e-01 6.58819600e+01 6.84168200e-01 3.15831800e-01 1.37084700e-01 9.03140600e-02 8.00001400e-01 8.20839100e-01 4.49592100e-01 5.99728500e-01 9.85615400e-01 9.91223900e+01 2.46203000e+00 8.07647700e+00 2.10145100e+00 1.86646400e+00 1.25046800e+03 5.78074200e+03 2.54894100e+03 8.23973200e+02 2.34219300e+02 9.55713900e-01 2.41055100e-01 2.42365700e-01 2.50438700e+00 1.40984900e+01 1.08928300e+03 1.47698000e+02 1.04215100e+00 1.41724200e+01 1.05894100e+03 1.50454500e+02 1.38485100e-01 1.60067300e-01 3.40322600e+03 1.01668400e-02 8.13106100e-01 4.49403300e-01 7.10984800e+01 6.57727900e+02 8.10767400e+01 1.56756400e+03 8.76986500e+01 2.02994100e+03 9.32349000e+01 2.36154200e+03 2.31585500e+02 5.88945800e+03 4.53810000e-01 7.38828200e-01 4.70958900e-01 6.54457900e-01 4.69073600e-01 6.12275400e-01 4.63822900e-01 5.82477100e-01 2.93563400e-01 3.02441100e-01 2.89411300e+01 1.02873000e+02 2.94411400e+01 8.18525100e+00 3.97432200e+02 2.47624300e+01 1.15094900e+04 7.06889900e+02 7.68412100e-02 9.81866700e-01 5.29083200e+00 5.12718400e+00 1.19398700e+04 6.34954000e+00
1.05888400e+00 6.32962900e+03 2.21478300e-02 1.16928800e-01 1.04087900e+00 5.35745400e-02 2.94497300e+00 3.04236900e+00 9.63127600e-01 1.00468600e+00 2.44643200e+02 2.49055100e+01 1.03262100e+02 3.50685400e+01 3.80437900e+00 7.56392500e-01 2.53771400e-01 5.29671300e-01 8.96566400e+00 1.06989000e+00 8.97073600e-01 1.01002500e+00 1.09274600e+00 9.98199400e-01 1.00136800e+00 1.00536200e+00 9.94882300e-01 6.70611600e+01 6.89313800e-01 3.10686200e-01 1.39721800e-01 9.36990200e-02 8.03462300e-01 8.17646900e-01 4.47843700e-01 5.99854600e-01 9.81137700e-01 9.97047400e+01 2.43586000e+00 7.59429900e+00 2.09548300e+00 1.88256500e+00 1.23886500e+03 5.77157500e+03 2.55278100e+03 8.21760200e+02 2.32097500e+02 9.63127600e-01 2.43941500e-01 2.45262700e-01 2.59250600e+00 1.39144900e+01 1.08983100e+03 1.45917800e+02 1.04115500e+00 1.40150000e+01 1.05913200e+03 1.48677300e+02 1.39426200e-01 1.60772700e-01 3.36918700e+03 1.02131700e-02 8.18509000e-01 4.52266300e-01 7.22899900e+01 6.46509500e+02 8.23013100e+01 1.54208100e+03 8.89529600e+01 1.99776000e+03 9.45177300e+01 2.32477400e+03 2.33961100e+02 5.81203800e+03 4.52464100e-01 7.42528100e-01 4.70835700e-01 6.58286400e-01 4.69543100e-01 6.16084800e-01 4.64677900e-01 5.86241600e-01 2.95637100e-01 3.04814800e-01 2.62801100e+01 1.07529500e+02 3.06156100e+01 8.72912200e+00 3.95976400e+02 2.33408200e+01 1.15099600e+04 7.06725500e+02 2.51382900e-02 1.27934900e+00 4.26069300e+00 8.95938000e+00 1.19380100e+04 5.56518000e+00
2.56968300e-01 6.33044900e+03 2.23502200e-02 1.19420900e-01 1.04090700e+00 4.78875500e-02 3.11282200e+00 3.02543800e+00 9.73728800e-01 1.00024800e+00 2.46996600e+02 3.24327000e+01 1.00962400e+02 3.65912000e+01 3.15585800e+00 5.41353300e-01 8.23208700e-01 5.21319300e-01 5.85938200e+00 9.09408700e-01 9.29257000e-01 1.00719700e+00 8.81950500e-01 9.97422700e-01 1.00096400e+00 9.95427700e-01 9.90541600e-01 6.83136000e+01 6.94827600e-01 3.05172400e-01 1.42416300e-01 9.72896800e-02 8.02424400e-01 8.09312300e-01 4.43278600e-01 5.96403900e-01 9.70846400e-01 1.00374500e+02 2.38850400e+00 7.01751700e+00 2.06030200e+00 1.87213100e+00 1.20397900e+03 5.68358500e+03 2.52947700e+03 8.15241500e+02 2.29861000e+02 9.73728800e-01 2.46277800e-01 2.47607600e-01 2.61233900e+00 1.37284100e+01 1.08996100e+03 1.44262500e+02 1.04104500e+00 1.38574700e+01 1.05989500e+03 1.46931900e+02 1.40765100e-01 1.61053800e-01 3.35776100e+03 1.02941300e-02 8.21302600e-01 4.53576000e-01 7.35466800e+01 6.35067500e+02 8.35860600e+01 1.51610800e+03 9.02647500e+01 1.96497500e+03 9.58560900e+01 2.28733000e+03 2.36381500e+02 5.73367600e+03 4.48323300e-01 7.42109400e-01 4.67886500e-01 6.58509500e-01 4.67237900e-01 6.16540400e-01 4.62817700e-01 5.86827800e-01 2.96127200e-01 3.05578400e-01 2.66512400e+01 1.05018500e+02 2.96273600e+01 1.16895600e+01 3.95874900e+02 2.15216800e+01 1.15169000e+04 7.06597100e+02 5.27171100e-04 1.67729600e+00 3.55838400e+00 3.07931900e+00 1.19459900e+04 5.23620700e+00
2.80002000e-01 6.33520600e+03 2.23644900e-02 1.16173500e-01 1.04109300e+00 4.86698300e-02 2.98351600e+00 3.02115100e+00 9.68945100e-01 9.98497400e-01 2.28038800e+02 3.76114200e+01 1.21716500e+02 3.15616100e+01 6.25830600e+00 6.33799500e-01 8.32251200e-01 3.62983000e-01 7.81201000e-01 8.82454000e-01 9.13804200e-01 1.02273200e+00 9.10344300e-01 9.98245500e-01 1.00031500e+00 9.81498200e-01 9.90474500e-01 6.80352800e+01 6.99310400e-01 3.00689600e-01 1.39183200e-01 9.46936500e-02 7.92184100e-01 7.93094000e-01 4.34395500e-01 5.86618400e-01 9.60415200e-01 1.00992100e+02 2.38239600e+00 7.03277600e+00 2.05148900e+00 1.86120900e+00 1.21416400e+03 5.72252100e+03 2.52956200e+03 8.16186800e+02 2.30543200e+02 9.68945100e-01 2.44553400e-01 2.45876800e-01 2.56489900e+00 1.38418000e+01 1.08953100e+03 1.45752500e+02 1.04131800e+00 1.39969200e+01 1.05958900e+03 1.48440800e+02 1.39689900e-01 1.60676400e-01 3.33861800e+03 1.01470400e-02 8.24907100e-01 4.55446300e-01 7.31731700e+01 6.37984200e+02 8.30422600e+01 1.52415900e+03 8.96144800e+01 1.97612600e+03 9.51199000e+01 2.30089900e+03 2.33828700e+02 5.78046500e+03 4.39730300e-01 7.33083900e-01 4.60027100e-01 6.50994100e-01 4.59911100e-01 6.09710200e-01 4.55906900e-01 5.80455200e-01 2.93110900e-01 3.02659400e-01 2.67046900e+01 1.05117500e+02 2.96407300e+01 1.15850500e+01 3.95771200e+02 2.23572900e+01 1.15255800e+04 7.06529900e+02 1.08241700e-02 2.04033800e+00 3.36957700e+00 3.16940300e+00 1.19552900e+04 5.42073900e+00
4.01277100e-01 6.33124300e+03 2.23244100e-02 1.14997200e-01 1.04110700e+00 4.79145400e-02 2.87736400e+00 3.02155300e+00 9.63249100e-01 1.00190800e+00 2.54175100e+02 3.44061900e+01 8.58287100e+01 4.74959200e+01 3.88813100e+00 7.60297100e-01 6.54727500e-01 7.93070800e-01 4.52996500e+00 9.37259600e-01 8.83610300e-01 8.28147300e-01 9.02463000e-01 9.98549800e-01 1.00175800e+00 1.00688300e+00 9.97311200e-01 6.71783400e+01 6.94285700e-01 3.05714300e-01 1.37966700e-01 9.26837600e-02 7.90025600e-01 7.97514100e-01 4.36816500e-01 5.87448900e-01 9.63887900e-01 1.00338000e+02 2.40111500e+00 6.93206800e+00 2.05231300e+00 1.86477100e+00 1.22994000e+03 5.76197700e+03 2.54067800e+03 8.20358300e+02 2.32201000e+02 9.63249100e-01 2.43092200e-01 2.44410300e-01 2.53559300e+00 1.39537100e+01 1.08937300e+03 1.46647000e+02 1.04140100e+00 1.40817000e+01 1.05932200e+03 1.49360600e+02 1.39120600e-01 1.60362600e-01 3.35755900e+03 1.01310100e-02 8.21238700e-01 4.53561400e-01 7.23309800e+01 6.45782700e+02 8.22191900e+01 1.54155000e+03 8.87964600e+01 1.99786000e+03 9.43024900e+01 2.32553500e+03 2.32641100e+02 5.82783900e+03 4.41781800e-01 7.30591600e-01 4.60925500e-01 6.48234100e-01 4.60224100e-01 6.06897500e-01 4.55829100e-01 5.77636100e-01 2.91499000e-01 3.00759200e-01 2.55596100e+01 1.03774200e+02 2.98253800e+01 1.07877800e+01 3.95765400e+02 2.30405700e+01 1.15174400e+04 7.06607400e+02 9.35842600e-04 1.67729600e+00 3.55876300e+00 3.60435200e+00 1.19470400e+04 5.23699500e+00
1.75112700e+00 6.33151300e+03 2.23250200e-02 1.17791700e-01 1.04051800e+00 6.35419700e-02 3.04781200e+00 3.05243200e+00 9.68314100e-01 1.00019300e+00 2.71297700e+02 4.87295000e+01 1.01036900e+02 4.50879400e+01 3.32163900e+00 8.03662200e-01 2.52030900e-01 5.12167400e-01 4.63474700e+00 1.18508300e+00 8.80098300e-01 8.99006800e-01 1.17606400e+00 9.98136100e-01 1.00157800e+00 9.96272800e-01 9.87148400e-01 6.79840100e+01 6.95441000e-01 3.04559000e-01 1.40761900e-01 9.56955600e-02 8.07794800e-01 8.13909600e-01 4.45796600e-01 6.00093500e-01 9.79710300e-01 1.00426100e+02 2.42805600e+00 8.57086200e+00 2.11667600e+00 1.86407100e+00 1.21925400e+03 5.70845800e+03 2.52201600e+03 8.11564700e+02 2.29026700e+02 9.68314100e-01 2.45401700e-01 2.46728200e-01 2.59460300e+00 1.38025200e+01 1.08978400e+03 1.45030200e+02 1.04071300e+00 1.39356600e+01 1.05966600e+03 1.47720200e+02 1.40163600e-01 1.60837500e-01 3.34752800e+03 1.02182900e-02 8.22756200e-01 4.54342600e-01 7.31840200e+01 6.38168600e+02 8.31570300e+01 1.52366500e+03 8.97925300e+01 1.97487100e+03 9.53481800e+01 2.29893200e+03 2.35025100e+02 5.76455200e+03 4.50918200e-01 7.47141400e-01 4.70756300e-01 6.63047000e-01 4.70179700e-01 6.20819100e-01 4.65782200e-01 5.90919300e-01 2.98230400e-01 3.07770500e-01 3.32161000e+01 1.09778100e+02 3.57714000e+01 9.24890600e+00 3.98771100e+02 2.26843900e+01 1.15163000e+04 7.06585900e+02 1.47551500e-04 1.67729600e+00 3.54449700e+00 4.21312900e+00 1.19470000e+04 5.22194100e+00
1.03956000e+00 6.33024900e+03 2.24396200e-02 1.22046700e-01 1.04024100e+00 6.47597500e-02 3.31938300e+00 3.06976500e+00 9.75448700e-01 1.00089100e+00 2.43488100e+02 3.46556900e+01 7.58216900e+01 4.86347100e+01 1.75837800e+00 6.70905700e-01 3.72151900e-01 2.60544600e-01 9.95648700e+00 8.22133700e-01 9.64734300e-01 9.13298500e-01 1.15169500e+00 9.96482500e-01 1.00169100e+00 9.97169900e-01 9.91126600e-01 6.96319600e+01 7.00674100e-01 2.99325900e-01 1.45131400e-01 1.01057900e-01 8.22637000e-01 8.21712200e-01 4.50070300e-01 6.08477200e-01 9.85834300e-01 1.01062400e+02 2.43035700e+00 8.77227800e+00 2.15368300e+00 1.89204800e+00 1.21881800e+03 5.73458000e+03 2.53519900e+03 8.11878700e+02 2.27884200e+02 9.75448700e-01 2.49010500e-01 2.50350100e-01 2.66673500e+00 1.35415600e+01 1.09027400e+03 1.42522600e+02 1.04024900e+00 1.37008200e+01 1.06046700e+03 1.45137900e+02 1.41964900e-01 1.61518600e-01 3.33052700e+03 1.03500200e-02 8.26207600e-01 4.56054100e-01 7.48674700e+01 6.23449500e+02 8.49278300e+01 1.48976000e+03 9.16295600e+01 1.93174100e+03 9.72444700e+01 2.24939500e+03 2.38819900e+02 5.65491200e+03 4.55680400e-01 7.61399600e-01 4.77058300e-01 6.76287000e-01 4.77100100e-01 6.33460200e-01 4.73053800e-01 6.03103200e-01 3.04561400e-01 3.14572600e-01 3.27411700e+01 1.07117200e+02 3.53719800e+01 8.97523000e+00 3.99298900e+02 2.22803800e+01 1.15109400e+04 7.06516200e+02 1.35608800e-02 2.11648900e+00 3.42663700e+00 6.92510200e+00 1.19415000e+04 5.55668700e+00
3.32404700e-01 6.33046300e+03 2.23771400e-02 1.16921500e-01 1.04116600e+00 5.85086200e-02 3.03643700e+00 3.03826300e+00 9.74675000e-01 9.98337400e-01 2.24079900e+02 4.37324400e+01 1.01331900e+02 4.00243300e+01 4.90492400e+00 6.02567900e-01 8.05144000e-01 3.43066300e-01 1.60570300e+00 1.02508400e+00 1.03730100e+00 1.05501900e+00 1.01733700e+00 9.96693900e-01 1.00177200e+00 1.00909300e+00 9.99807900e-01 6.84234600e+01 7.01087900e-01 2.98912100e-01 1.39943800e-01 9.57543700e-02 8.01718500e-01 8.00263500e-01 4.38322400e-01 5.92799500e-01 9.69213400e-01 1.01235400e+02 2.38969400e+00 8.04901100e+00 2.08689600e+00 1.85643900e+00 1.19931000e+03 5.67379700e+03 2.52112400e+03 8.14344800e+02 2.30178300e+02 9.74675000e-01 2.45270300e-01 2.46596400e-01 2.58084500e+00 1.37858800e+01 1.08963100e+03 1.45275700e+02 1.04136300e+00 1.39505400e+01 1.05970400e+03 1.47954200e+02 1.40002500e-01 1.60850700e-01 3.33306700e+03 1.01664000e-02 8.26073900e-01 4.56048100e-01 7.35634700e+01 6.34469400e+02 8.34369000e+01 1.51619900e+03 9.00147600e+01 1.96609200e+03 9.55262100e+01 2.28945300e+03 2.34526700e+02 5.75687400e+03 4.43835800e-01 7.42087000e-01 4.64772800e-01 6.59188600e-01 4.64868000e-01 6.17468500e-01 4.60962000e-01 5.87893000e-01 2.96934800e-01 3.06695700e-01 3.02956600e+01 1.05452200e+02 3.17784900e+01 1.12591800e+01 3.96716000e+02 2.15345300e+01 1.15149400e+04 7.06512600e+02 2.39457500e-02 2.19351700e+00 3.44057300e+00 4.30080100e+00 1.19444500e+04 5.65803600e+00
5.75218800e-01 6.33085300e+03 2.21631600e-02 1.13163600e-01 1.04122200e+00 6.19534600e-02 2.80732300e+00 3.04066800e+00 9.66399600e-01 1.00136100e+00 2.41625700e+02 4.58363100e+01 1.09953800e+02 3.62789300e+01 4.57346900e+00 6.81944000e-01 5.66295400e-01 5.35125200e-01 2.31788900e+00 1.03020100e+00 8.50558900e-01 9.20586500e-01 8.23155700e-01 9.97363500e-01 9.99361700e-01 9.92348500e-01 9.87956500e-01 6.69183300e+01 6.96360000e-01 3.03640000e-01 1.35971900e-01 9.09901500e-02 7.95042500e-01 7.99851300e-01 4.38096600e-01 5.90174100e-01 9.71891500e-01 1.00664300e+02 2.41263100e+00 8.33892800e+00 2.09192200e+00 1.84813400e+00 1.21659700e+03 5.70757300e+03 2.53002400e+03 8.18946200e+02 2.32338700e+02 9.66399600e-01 2.42058600e-01 2.43372900e-01 2.54134700e+00 1.40345600e+01 1.08933700e+03 1.47643000e+02 1.04158100e+00 1.41749000e+01 1.05875000e+03 1.50428600e+02 1.38179100e-01 1.60393800e-01 3.34092200e+03 1.00322200e-02 8.23873500e-01 4.55059700e-01 7.20185500e+01 6.48430700e+02 8.18095500e+01 1.54838500e+03 8.83252900e+01 2.00705400e+03 9.37812900e+01 2.33651500e+03 2.31019600e+02 5.86134500e+03 4.43257000e-01 7.35438900e-01 4.62982800e-01 6.52765000e-01 4.62521600e-01 6.11235600e-01 4.58266200e-01 5.81824800e-01 2.93711100e-01 3.03127500e-01 2.97421100e+01 1.03716700e+02 3.00686100e+01 1.01047300e+01 3.97948300e+02 2.23982900e+01 1.15153400e+04 7.06570300e+02 1.41557200e-03 1.81943000e+00 3.35753300e+00 4.16747600e+00 1.19457900e+04 5.17837900e+00
8.79269700e-01 6.33186700e+03 2.22013000e-02 1.16953800e-01 1.04054700e+00 5.95546300e-02 2.96987700e+00 3.04484400e+00 9.69571400e-01 1.00120600e+00 2.45563500e+02 4.56952800e+01 1.12279800e+02 3.57233700e+01 3.67911900e+00 6.54944100e-01 9.70449400e-01 9.66440200e-01 2.68458300e+00 1.30348600e+00 1.00407500e+00 1.04793000e+00 8.28683800e-01 9.98916900e-01 1.00099400e+00 1.00022300e+00 9.92745900e-01 6.72772200e+01 6.91132700e-01 3.08867300e-01 1.39800300e-01 9.40537500e-02 8.05181200e-01 8.16994200e-01 4.47486200e-01 6.00256200e-01 9.81656600e-01 9.98962400e+01 2.42243200e+00 8.18328900e+00 2.10067500e+00 1.86479200e+00 1.21336700e+03 5.69330300e+03 2.53177900e+03 8.17153400e+02 2.31114800e+02 9.69571400e-01 2.44301100e-01 2.45623700e-01 2.59107900e+00 1.38928000e+01 1.08979100e+03 1.45741900e+02 1.04079600e+00 1.40029400e+01 1.05924600e+03 1.48484500e+02 1.39574600e-01 1.60740100e-01 3.35970000e+03 1.02016600e-02 8.20138100e-01 4.53069000e-01 7.24921800e+01 6.44574500e+02 8.24842600e+01 1.53790500e+03 8.91258500e+01 1.99263700e+03 9.46835000e+01 2.31904700e+03 2.34083400e+02 5.80277300e+03 4.52268100e-01 7.44295400e-01 4.71082100e-01 6.60049500e-01 4.69998800e-01 6.17816400e-01 4.65267900e-01 5.87939800e-01 2.96563800e-01 3.05850700e-01 2.79287600e+01 1.07113900e+02 3.09655200e+01 9.14875300e+00 3.97229900e+02 2.21229300e+01 1.15190000e+04 7.06677600e+02 1.45190600e-02 1.40705700e+00 4.03856400e+00 4.09463300e+00 1.19475000e+04 5.46014000e+00
1.05473200e+00 6.33504100e+03 2.24482000e-02 1.18522600e-01 1.04063500e+00 6.19079600e-02 3.02414100e+00 3.05160600e+00 9.70588500e-01 9.99651000e-01 2.58535000e+02 4.76360000e+01 9.81084800e+01 4.05144500e+01 2.58786500e+00 6.24838300e-01 5.11603400e-01 3.30314900e-01 5.43580700e-01 6.16351200e-01 9.16735000e-01 1.04037400e+00 1.11594900e+00 9.98294000e-01 1.00101900e+00 9.95382200e-01 9.81193100e-01 6.75885000e+01 6.89996700e-01 3.10003300e-01 1.41615900e-01 9.57160600e-02 8.10952400e-01 8.24361900e-01 4.51521600e-01 6.05113700e-01 9.86413400e-01 9.96965100e+01 2.43273800e+00 8.39080800e+00 2.11492800e+00 1.86862900e+00 1.21352800e+03 5.69644200e+03 2.52953300e+03 8.16819300e+02 2.31305100e+02 9.70588500e-01 2.45132800e-01 2.46458400e-01 2.56358900e+00 1.38149100e+01 1.08967200e+03 1.44864000e+02 1.04081800e+00 1.39182800e+01 1.06000900e+03 1.47505100e+02 1.40573100e-01 1.60569200e-01 3.37867500e+03 1.02969400e-02 8.17491500e-01 4.51505500e-01 7.28427400e+01 6.41557300e+02 8.29138700e+01 1.53042300e+03 8.96062200e+01 1.98275800e+03 9.52054900e+01 2.30739800e+03 2.35561400e+02 5.77037000e+03 4.56258500e-01 7.49511800e-01 4.74942400e-01 6.64544900e-01 4.73712000e-01 6.21969700e-01 4.68852300e-01 5.91858400e-01 2.98482000e-01 3.07782700e-01 2.92492600e+01 1.03207300e+02 3.02383100e+01 8.75559300e+00 3.98066600e+02 2.23059900e+01 1.15197800e+04 7.06706800e+02 2.67319200e-02 1.27934900e+00 4.41149500e+00 8.75099900e+00 1.19489100e+04 5.71757600e+00
7.96337500e-01 6.33017400e+03 2.20968300e-02 1.17724000e-01 1.04102200e+00 5.62298500e-02 2.85400200e+00 3.03946300e+00 9.59533700e-01 1.00129900e+00 2.37472100e+02 4.52417000e+01 1.11804200e+02 4.04999100e+01 4.70281200e+00 6.55144100e-01 7.28063700e-01 4.33583800e-01 1.48964600e+00 8.53724600e-01 9.01299500e-01 1.01109200e+00 9.62488000e-01 9.97269100e-01 1.00345600e+00 9.97282100e-01 9.83231200e-01 6.57208300e+01 6.74789100e-01 3.25210900e-01 1.40466000e-01 9.23153900e-02 8.06975100e-01 8.40198800e-01 4.60195800e-01 6.09398500e-01 9.95425200e-01 9.79187100e+01 2.46374800e+00 7.87506100e+00 2.08940100e+00 1.86715900e+00 1.23226100e+03 5.69526200e+03 2.53272100e+03 8.17347100e+02 2.31684500e+02 9.59533700e-01 2.42676700e-01 2.43993200e-01 2.57015700e+00 1.40167200e+01 1.08987400e+03 1.46214800e+02 1.04135200e+00 1.40408700e+01 1.05897900e+03 1.48991900e+02 1.39416200e-01 1.60488000e-01 3.42969300e+03 1.03319700e-02 8.07606600e-01 4.46607000e-01 7.10732900e+01 6.58655600e+02 8.12853400e+01 1.56747700e+03 8.80482000e+01 2.02833900e+03 9.36957000e+01 2.35846500e+03 2.34150000e+02 5.85622400e+03 4.63639300e-01 7.44355200e-01 4.78824900e-01 6.58360500e-01 4.75834000e-01 6.15517800e-01 4.69802900e-01 5.85309600e-01 2.94617100e-01 3.03152700e-01 2.97601400e+01 1.09571500e+02 3.25976000e+01 8.72683800e+00 3.96613200e+02 2.37616700e+01 1.15073400e+04 7.07297600e+02 2.74812400e-01 4.55610600e-01 9.18945200e+00 6.68495200e+00 1.19364500e+04 9.91987500e+00
5.81675800e-01 6.32658400e+03 2.25265500e-02 1.21007800e-01 1.04087100e+00 5.35498300e-02 3.17686600e+00 3.04160500e+00 9.73274900e-01 1.00098000e+00 2.58430100e+02 4.07623800e+01 9.48890600e+01 4.18501200e+01 2.95937700e+00 4.30781100e-01 9.18336500e-01 2.76580900e-01 6.99372100e+00 1.02372400e+00 9.24285500e-01 9.97970300e-01 8.47548800e-01 9.98145200e-01 1.00190900e+00 9.99374300e-01 9.87651900e-01 6.86358600e+01 6.93943600e-01 3.06056400e-01 1.44179500e-01 9.89588700e-02 8.11438900e-01 8.19588600e-01 4.48907200e-01 6.03540200e-01 9.79445500e-01 1.00211800e+02 2.41213300e+00 7.60040300e+00 2.09388200e+00 1.88121900e+00 1.21198600e+03 5.70766600e+03 2.53235300e+03 8.15178600e+02 2.29881800e+02 9.73274900e-01 2.47188900e-01 2.48522000e-01 2.60199600e+00 1.36528900e+01 1.08993700e+03 1.43408300e+02 1.04096000e+00 1.37765500e+01 1.06046700e+03 1.46005000e+02 1.41640400e-01 1.60998700e-01 3.37080300e+03 1.03780400e-02 8.19447600e-01 4.52476600e-01 7.39083100e+01 6.32023500e+02 8.40207300e+01 1.50862900e+03 9.07466400e+01 1.95514300e+03 9.63768700e+01 2.27577100e+03 2.37811400e+02 5.70223700e+03 4.53929700e-01 7.50355900e-01 4.73512400e-01 6.65726700e-01 4.72750500e-01 6.23255500e-01 4.68208100e-01 5.93193200e-01 2.99292400e-01 3.08809700e-01 3.27517200e+01 1.08147000e+02 3.27488100e+01 1.00384300e+01 3.95899800e+02 2.18826700e+01 1.15098600e+04 7.06614300e+02 3.26451400e-03 1.53969800e+00 3.73420400e+00 3.59750500e+00 1.19376800e+04 5.27716700e+00
9.08022200e-01 6.32915100e+03 2.20786500e-02 1.19242300e-01 1.04101900e+00 5.89699900e-02 2.97781400e+00 3.04476900e+00 9.59258500e-01 9.98877100e-01 2.44428800e+02 3.46092300e+01 1.01801800e+02 4.29776500e+01 2.99978100e+00 7.08133900e-01 4.25257700e-01 1.28692400e-01 5.46429100e+00 8.86362300e-01 1.08271900e+00 8.21372000e-01 8.93326100e-01 9.96871500e-01 1.00031300e+00 9.89357300e-01 9.89677600e-01 6.66180400e+01 6.80109800e-01 3.19890200e-01 1.41966100e-01 9.45750400e-02 8.10462000e-01 8.36897900e-01 4.58387900e-01 6.09512900e-01 9.92971400e-01 9.85717600e+01 2.46390600e+00 8.19854700e+00 2.10051700e+00 1.86683300e+00 1.23420700e+03 5.69022300e+03 2.51886300e+03 8.08871000e+02 2.28179300e+02 9.59258500e-01 2.44357900e-01 2.45680600e-01 2.61717300e+00 1.38924400e+01 1.09015900e+03 1.45193900e+02 1.04127300e+00 1.39438900e+01 1.05913200e+03 1.47965600e+02 1.39989400e-01 1.60942600e-01 3.40833600e+03 1.03548600e-02 8.11425600e-01 4.48620700e-01 7.19592700e+01 6.50156400e+02 8.21623600e+01 1.54853600e+03 8.89273200e+01 2.00466300e+03 9.45803000e+01 2.33161400e+03 2.35552400e+02 5.80380300e+03 4.62284700e-01 7.48087600e-01 4.78738800e-01 6.62221400e-01 4.76353100e-01 6.19357100e-01 4.70712200e-01 5.89101800e-01 2.96712700e-01 3.05534900e-01 2.99654800e+01 1.07338000e+02 3.36880000e+01 8.71253000e+00 3.97535200e+02 2.43946900e+01 1.15080200e+04 7.07049400e+02 1.52324800e-01 7.19420900e-01 6.85528800e+00 4.86354600e+00 1.19386600e+04 7.72703400e+00
8.37732900e-01 6.33057500e+03 2.24937200e-02 1.22241300e-01 1.04052600e+00 5.28854500e-02 3.18777400e+00 3.05187400e+00 9.71185900e-01 1.00323600e+00 2.37922400e+02 5.10270400e+01 9.02985900e+01 5.09996000e+01 6.70254100e+00 9.31325000e-01 6.60315900e-01 9.17775900e-01 3.27560500e-01 1.17426200e+00 9.64807500e-01 9.64503500e-01 1.26801100e+00 9.98727700e-01 1.00314800e+00 9.92468900e-01 9.98507300e-01 6.81854200e+01 6.87304300e-01 3.12695700e-01 1.45380100e-01 9.91280600e-02 8.18538200e-01 8.35678600e-01 4.57720000e-01 6.12095800e-01 9.91272700e-01 9.93243400e+01 2.43995600e+00 7.56073000e+00 2.11549500e+00 1.90316500e+00 1.22753900e+03 5.75550700e+03 2.55497300e+03 8.21565100e+02 2.31706800e+02 9.71185900e-01 2.47320000e-01 2.48653500e-01 2.61163100e+00 1.36603900e+01 1.09009500e+03 1.43069000e+02 1.04061100e+00 1.37485500e+01 1.06050500e+03 1.45668000e+02 1.41933900e-01 1.60992900e-01 3.39412100e+03 1.04573200e-02 8.14890800e-01 4.50116200e-01 7.35338700e+01 6.35718500e+02 8.37709300e+01 1.51585900e+03 9.05694400e+01 1.96347300e+03 9.62556000e+01 2.28461600e+03 2.38587900e+02 5.70612100e+03 4.62237800e-01 7.56252800e-01 4.80488200e-01 6.70224500e-01 4.78927600e-01 6.27161800e-01 4.73805600e-01 5.96722400e-01 3.00803000e-01 3.10072600e-01 2.95030000e+01 1.07917200e+02 3.44625400e+01 9.13850900e+00 3.95878700e+02 2.25087200e+01 1.15130100e+04 7.06784600e+02 5.71599100e-02 1.03858200e+00 5.14922500e+00 7.58888200e+00 1.19405300e+04 6.24496700e+00
8.83468500e-01 6.33014400e+03 2.26253300e-02 1.22144300e-01 1.04057700e+00 5.50752300e-02 3.19852400e+00 3.04993500e+00 9.73622200e-01 1.00075000e+00 2.31129600e+02 3.31549400e+01 1.12287500e+02 3.12976400e+01 2.52183600e+00 4.95560600e-01 8.66448800e-01 2.57206700e-01 5.76558600e+00 9.61382400e-01 9.23601800e-01 1.04103500e+00 7.51136300e-01 9.96395000e-01 1.00206500e+00 9.95413900e-01 9.91102000e-01 6.84710700e+01 6.89833900e-01 3.10166100e-01 1.45414800e-01 9.95670700e-02 8.17384200e-01 8.31118200e-01 4.55222200e-01 6.09992900e-01 9.87808300e-01 9.96230100e+01 2.42894300e+00 7.75604200e+00 2.11139800e+00 1.89117800e+00 1.21598000e+03 5.72280200e+03 2.54084400e+03 8.18264700e+02 2.31023200e+02 9.73622200e-01 2.47510100e-01 2.48844300e-01 2.59166500e+00 1.36347200e+01 1.08993500e+03 1.42942100e+02 1.04063300e+00 1.37360800e+01 1.06081000e+03 1.45496500e+02 1.42179500e-01 1.60860700e-01 3.39013200e+03 1.04524200e-02 8.16012600e-01 4.50604900e-01 7.37977900e+01 6.33265500e+02 8.40049800e+01 1.51060700e+03 9.07875200e+01 1.95706200e+03 9.64621400e+01 2.27747500e+03 2.38695300e+02 5.69512300e+03 4.59953900e-01 7.55437400e-01 4.78746700e-01 6.69777000e-01 4.77486400e-01 6.26857100e-01 4.72574400e-01 5.96503000e-01 3.00790700e-01 3.10171700e-01 2.72472500e+01 1.05646500e+02 2.98077600e+01 9.10559700e+00 3.96121700e+02 2.21111100e+01 1.15139400e+04 7.06711200e+02 3.20870300e-02 1.21731700e+00 4.60496900e+00 6.43953000e+00 1.19412800e+04 5.85437300e+00
9.78507300e-01 6.32641100e+03 2.22398300e-02 1.19326400e-01 1.04081700e+00 5.45276100e-02 3.07104700e+00 3.04647600e+00 9.66787100e-01 1.00314300e+00 2.33136500e+02 3.38683100e+01 9.51444000e+01 4.27922000e+01 1.85155500e+00 7.27493000e-01 4.12276900e-01 7.51997700e-01 9.63281500e+00 7.52236300e-01 8.70828700e-01 8.72707200e-01 9.09989000e-01 9.97391800e-01 1.00118800e+00 9.94738200e-01 9.96061400e-01 6.77386500e+01 6.90071600e-01 3.09928400e-01 1.42211400e-01 9.63320800e-02 8.10092200e-01 8.23388000e-01 4.50988200e-01 6.04435300e-01 9.84274400e-01 9.97724000e+01 2.43476100e+00 7.72552500e+00 2.10410600e+00 1.88671200e+00 1.23092100e+03 5.74686100e+03 2.54547700e+03 8.18099700e+02 2.30605400e+02 9.66787100e-01 2.45677300e-01 2.47004800e-01 2.61900200e+00 1.37846600e+01 1.09005000e+03 1.44579400e+02 1.04100400e+00 1.38884600e+01 1.05958900e+03 1.47290200e+02 1.40462300e-01 1.61040800e-01 3.37165200e+03 1.03079400e-02 8.18372500e-01 4.52127400e-01 7.30090200e+01 6.40086800e+02 8.30996900e+01 1.52694700e+03 8.98052400e+01 1.97827500e+03 9.54156500e+01 2.30219800e+03 2.36060600e+02 5.75772600e+03 4.55685600e-01 7.48729200e-01 4.74378100e-01 6.63864400e-01 4.73164100e-01 6.21338400e-01 4.68319700e-01 5.91261000e-01 2.98180200e-01 3.07481100e-01 2.95159600e+01 1.09081000e+02 3.35109000e+01 8.90760500e+00 3.96148500e+02 2.29418900e+01 1.15052000e+04 7.06704900e+02 2.09874300e-02 1.34256300e+00 4.19166700e+00 7.36619700e+00 1.19332000e+04 5.55521800e+00
4.99145200e-01 6.33257300e+03 2.24513200e-02 1.19150600e-01 1.04069400e+00 5.21333400e-02 3.11505300e+00 3.03468100e+00 9.71139700e-01 9.99863700e-01 2.43121700e+02 4.37603300e+01 9.92888100e+01 3.60494500e+01 2.38432600e+00 6.34726000e-01 2.28443800e-01 5.93731800e-01 8.93526800e+00 7.87723200e-01 9.67607200e-01 1.06106400e+00 1.26281400e+00 9.96344500e-01 1.00099400e+00 9.94453200e-01 1.00111600e+00 6.84491000e+01 6.96395800e-01 3.03604200e-01 1.42247100e-01 9.73668200e-02 8.03742500e-01 8.08556200e-01 4.42864500e-01 5.96614600e-01 9.71478200e-01 1.00537000e+02 2.40143200e+00 7.43560800e+00 2.07943500e+00 1.87353900e+00 1.21431500e+03 5.71756500e+03 2.52973500e+03 8.14340000e+02 2.29600100e+02 9.71139700e-01 2.46346000e-01 2.47676000e-01 2.59431000e+00 1.37209200e+01 1.08981200e+03 1.44244000e+02 1.04082800e+00 1.38585900e+01 1.06012300e+03 1.46878600e+02 1.40888500e-01 1.60899800e-01 3.35275600e+03 1.02803200e-02 8.22340000e-01 4.54035500e-01 7.36677100e+01 6.33910500e+02 8.36813800e+01 1.51372600e+03 9.03453900e+01 1.96213800e+03 9.59255900e+01 2.28423300e+03 2.36292500e+02 5.73035200e+03 4.48031700e-01 7.43486100e-01 4.67977600e-01 6.59905300e-01 4.67514400e-01 6.17919800e-01 4.63214700e-01 5.88185800e-01 2.96876600e-01 3.06423600e-01 3.39754500e+01 1.07682500e+02 3.34467200e+01 1.03890000e+01 3.95762800e+02 2.21744400e+01 1.15171900e+04 7.06569700e+02 9.86408600e-05 1.74777200e+00 3.49357300e+00 7.81721000e+00 1.19455200e+04 5.24144300e+00
7.01717900e-01 6.33339200e+03 2.24970700e-02 1.18533900e-01 1.04077000e+00 5.66878700e-02 3.09733700e+00 3.04500600e+00 9.68526800e-01 1.00111500e+00 2.29670800e+02 3.66463700e+01 1.00184500e+02 3.80897200e+01 6.26642000e+00 7.24257200e-01 9.44502900e-01 8.16131200e-01 6.99759600e+00 1.11480300e+00 1.07909300e+00 1.02421400e+00 8.46827900e-01 9.98619800e-01 1.00258000e+00 1.00090500e+00 1.00011600e+00 6.85260000e+01 6.98292700e-01 3.01707300e-01 1.41676100e-01 9.70849500e-02 8.05393900e-01 8.07682300e-01 4.42385800e-01 5.96904400e-01 9.72927900e-01 1.00788200e+02 2.41548400e+00 7.87506100e+00 2.10101600e+00 1.87581900e+00 1.22555700e+03 5.75297800e+03 2.53347900e+03 8.14810000e+02 2.29785000e+02 9.68526800e-01 2.46127700e-01 2.47456900e-01 2.58003200e+00 1.37294800e+01 1.08968200e+03 1.44456600e+02 1.04091600e+00 1.38778300e+01 1.06016200e+03 1.47080200e+02 1.40777400e-01 1.60803400e-01 3.34712200e+03 1.02509500e-02 8.23552100e-01 4.54634200e-01 7.37201200e+01 6.33322500e+02 8.36897500e+01 1.51278200e+03 9.03273900e+01 1.96121700e+03 9.58868800e+01 2.28340900e+03 2.35880400e+02 5.73368600e+03 4.47704400e-01 7.45205500e-01 4.68115500e-01 6.61643900e-01 4.67877900e-01 6.19636500e-01 4.63724700e-01 5.89875100e-01 2.97810100e-01 3.07473800e-01 2.99817300e+01 1.07479700e+02 3.30383200e+01 9.73529300e+00 3.96433800e+02 2.27853400e+01 1.15162700e+04 7.06542200e+02 3.81527300e-03 1.89191900e+00 3.40730200e+00 9.71875800e+00 1.19452200e+04 5.30303600e+00
2.53088900e-01 6.33254400e+03 2.24878600e-02 1.20117200e-01 1.04080400e+00 4.85275200e-02 3.15833400e+00 3.02602600e+00 9.71599700e-01 9.98782300e-01 2.21580100e+02 3.21903700e+01 6.28255400e+01 5.49184100e+01 3.48061400e+00 4.42240400e-01 8.45489000e-01 4.56192000e-01 8.58597300e+00 1.01160200e+00 9.53699700e-01 8.98478800e-01 9.39835800e-01 9.96245100e-01 1.00423500e+00 1.00582100e+00 9.94587800e-01 6.86798100e+01 6.96305400e-01 3.03694600e-01 1.43250200e-01 9.83839600e-02 8.02318100e-01 8.07243300e-01 4.42145400e-01 5.95601600e-01 9.68126300e-01 1.00526100e+02 2.39163300e+00 7.07244900e+00 2.06151500e+00 1.87083700e+00 1.20966500e+03 5.69806100e+03 2.52132200e+03 8.11054700e+02 2.28409900e+02 9.71599700e-01 2.46931000e-01 2.48263100e-01 2.60259400e+00 1.36737900e+01 1.08989100e+03 1.43754600e+02 1.04090800e+00 1.38105000e+01 1.06031400e+03 1.46369200e+02 1.41291500e-01 1.60999400e-01 3.35718200e+03 1.03234700e-02 8.21753800e-01 4.53706000e-01 7.39163700e+01 6.31785200e+02 8.39665600e+01 1.50862700e+03 9.06547200e+01 1.95551200e+03 9.62550600e+01 2.27650600e+03 2.37120800e+02 5.71068400e+03 4.47297800e-01 7.42157400e-01 4.67184600e-01 6.58713500e-01 4.66709700e-01 6.16798500e-01 4.62409100e-01 5.87115100e-01 2.96324700e-01 3.05853400e-01 3.07587700e+01 1.05709000e+02 3.18161500e+01 1.17458500e+01 3.95801200e+02 2.20297800e+01 1.15124800e+04 7.06571200e+02 5.36317400e-05 1.74777200e+00 3.49974900e+00 1.12163100e+01 1.19420500e+04 5.24757400e+00
1.06870600e+00 6.32705200e+03 2.21308600e-02 1.14529400e-01 1.04113900e+00 6.10126500e-02 2.82039900e+00 3.04176000e+00 9.63927900e-01 1.00012700e+00 2.60328300e+02 4.12530400e+01 1.02787100e+02 3.68766900e+01 3.12943100e+00 7.19125300e-01 4.09105500e-01 7.83373100e-01 2.34321500e+00 7.97045400e-01 1.05762900e+00 1.03229100e+00 1.19044300e+00 9.98265500e-01 1.00078900e+00 9.95292500e-01 9.89618800e-01 6.65264900e+01 6.89759500e-01 3.10240500e-01 1.37305400e-01 9.13444900e-02 7.99262800e-01 8.12789800e-01 4.45183300e-01 5.96505200e-01 9.79923800e-01 9.97981600e+01 2.43090200e+00 8.28399700e+00 2.09420700e+00 1.85363700e+00 1.22223700e+03 5.70379600e+03 2.53017500e+03 8.18045800e+02 2.31995600e+02 9.63927900e-01 2.42226700e-01 2.43541600e-01 2.55196900e+00 1.40322100e+01 1.08951500e+03 1.47224900e+02 1.04149700e+00 1.41359000e+01 1.05878800e+03 1.50012700e+02 1.38528600e-01 1.60430600e-01 3.36774400e+03 1.01219000e-02 8.18826700e-01 4.52448100e-01 7.17042000e+01 6.51760000e+02 8.16234600e+01 1.55470900e+03 8.82145800e+01 2.01418700e+03 9.37290000e+01 2.34394500e+03 2.31942000e+02 5.86116100e+03 4.49844400e-01 7.38691100e-01 4.68217100e-01 6.54933500e-01 4.66982000e-01 6.12967600e-01 4.62176700e-01 5.83288300e-01 2.94183100e-01 3.03323500e-01 2.65708700e+01 1.03353500e+02 2.90840600e+01 8.72289700e+00 3.97832400e+02 2.30402700e+01 1.15085500e+04 7.06713200e+02 1.94663800e-02 1.34256300e+00 4.08367900e+00 3.79402900e+00 1.19381500e+04 5.44570800e+00
1.07533700e+00 6.33021700e+03 2.22866000e-02 1.14823400e-01 1.04125200e+00 6.07513700e-02 2.86080000e+00 3.04613100e+00 9.66569500e-01 1.00173300e+00 2.59897400e+02 3.51050700e+01 1.05974200e+02 3.57872300e+01 3.22594400e+00 6.41902300e-01 4.13831600e-01 3.34919800e-01 3.22434100e+00 1.02851100e+00 1.00593000e+00 1.02671900e+00 1.11113600e+00 9.98435400e-01 9.99164200e-01 9.91208500e-01 9.96189000e-01 6.70611600e+01 6.93686800e-01 3.06313200e-01 1.37755100e-01 9.23801900e-02 8.00985100e-01 8.09369200e-01 4.43309800e-01 5.95889700e-01 9.78112700e-01 1.00282500e+02 2.42525400e+00 8.23211700e+00 2.10338100e+00 1.86273000e+00 1.22336200e+03 5.73406800e+03 2.54100400e+03 8.22034100e+02 2.33233200e+02 9.66569500e-01 2.42848600e-01 2.44165800e-01 2.53690800e+00 1.39699800e+01 1.08938600e+03 1.46810300e+02 1.04157300e+00 1.40950600e+01 1.05920800e+03 1.49538800e+02 1.38972500e-01 1.60381500e-01 3.36003100e+03 1.01269200e-02 8.20791600e-01 4.53360000e-01 7.22190500e+01 6.46824200e+02 8.21064600e+01 1.54390100e+03 8.86823600e+01 2.00081700e+03 9.41868500e+01 2.32890400e+03 2.32445000e+02 5.83470200e+03 4.48271000e-01 7.40672000e-01 4.67558100e-01 6.57117900e-01 4.66782100e-01 6.15189800e-01 4.62281800e-01 5.85513100e-01 2.95455500e-01 3.04814100e-01 2.65078400e+01 1.04444400e+02 2.92366200e+01 8.80424700e+00 3.97610000e+02 2.27070400e+01 1.15175300e+04 7.06619500e+02 1.60162500e-03 1.60798500e+00 3.57413000e+00 1.98232000e+00 1.19466500e+04 5.18371700e+00
9.54455300e-01 6.33510200e+03 2.24503300e-02 1.17219200e-01 1.04094300e+00 5.96423100e-02 3.00158800e+00 3.05057300e+00 9.71793500e-01 1.00277200e+00 2.65073400e+02 2.57106800e+01 1.13510200e+02 2.67494800e+01 1.29625000e+00 4.32943800e-01 3.03185600e-01 1.07489900e-01 8.72861900e+00 1.08932600e+00 9.73893900e-01 1.16354500e+00 1.04923900e+00 9.97214600e-01 1.00236900e+00 9.95045400e-01 9.94708900e-01 6.78924600e+01 6.95589300e-01 3.04410700e-01 1.40314600e-01 9.52630600e-02 8.07312000e-01 8.13225100e-01 4.45421700e-01 5.99661800e-01 9.79784700e-01 1.00458600e+02 2.41923700e+00 8.14361600e+00 2.11274400e+00 1.87517700e+00 1.21720300e+03 5.73601100e+03 2.54507000e+03 8.22484500e+02 2.32970500e+02 9.71793500e-01 2.44830500e-01 2.46155000e-01 2.55544500e+00 1.38231500e+01 1.08953200e+03 1.45317700e+02 1.04115200e+00 1.39574000e+01 1.05989500e+03 1.47967300e+02 1.40176300e-01 1.60572400e-01 3.35767700e+03 1.02174200e-02 8.21544900e-01 4.53625000e-01 7.30818800e+01 6.39050500e+02 8.30373100e+01 1.52580400e+03 8.96613300e+01 1.97766500e+03 9.52074600e+01 2.30220300e+03 2.34655500e+02 5.77314600e+03 4.50561700e-01 7.46709100e-01 4.70419200e-01 6.62679200e-01 4.69859500e-01 6.20481300e-01 4.65475900e-01 5.90602000e-01 2.98079100e-01 3.07618500e-01 2.60657900e+01 1.07084800e+02 2.70329600e+01 9.07898000e+00 3.97130000e+02 2.19982400e+01 1.15243100e+04 7.06583300e+02 3.18417400e-05 1.74777200e+00 3.51559300e+00 5.83815800e+00 1.19525200e+04 5.26339700e+00
1.07739100e+00 6.33067800e+03 2.26965900e-02 1.20590700e-01 1.04071400e+00 6.32712100e-02 3.18206700e+00 3.07031400e+00 9.76068000e-01 1.00387100e+00 2.17360700e+02 4.27162700e+01 1.19849100e+02 3.46944300e+01 4.15789400e+00 8.43945400e-01 4.99436500e-02 4.69691200e-01 1.00746700e-01 1.12058300e+00 1.08773200e+00 1.02972300e+00 1.29357900e+00 9.96566300e-01 9.99529900e-01 9.99825300e-01 9.88507200e-01 6.89325000e+01 6.97092000e-01 3.02908000e-01 1.43932400e-01 9.92162200e-02 8.21548100e-01 8.25520200e-01 4.52156100e-01 6.09481700e-01 9.89511900e-01 1.00572100e+02 2.43578400e+00 8.52203400e+00 2.15486700e+00 1.89873300e+00 1.22185300e+03 5.77164400e+03 2.55799600e+03 8.24730700e+02 2.33208300e+02 9.76068000e-01 2.47321300e-01 2.48654800e-01 2.57324600e+00 1.36334700e+01 1.08969800e+03 1.43359900e+02 1.04078200e+00 1.37742500e+01 1.06084800e+03 1.45899500e+02 1.41861900e-01 1.60774100e-01 3.36269100e+03 1.03566200e-02 8.21279400e-01 4.53299800e-01 7.41763200e+01 6.29514100e+02 8.42403500e+01 1.50339400e+03 9.09389500e+01 1.94885500e+03 9.65486200e+01 2.26886000e+03 2.37710900e+02 5.69374200e+03 4.57483200e-01 7.60026400e-01 4.78026600e-01 6.74662600e-01 4.77636400e-01 6.31769800e-01 4.73298600e-01 6.01389000e-01 3.03558500e-01 3.13358500e-01 2.71412500e+01 1.06756700e+02 3.17503000e+01 8.86102400e+00 3.98402600e+02 2.19747900e+01 1.15109900e+04 7.06558900e+02 2.59113500e-04 1.74777200e+00 3.51819600e+00 9.30138600e+00 1.19402300e+04 5.26622700e+00
9.21141200e-01 6.32863700e+03 2.21584800e-02 1.13431600e-01 1.04133200e+00 6.29693000e-02 2.76041300e+00 3.04301900e+00 9.61842700e-01 1.00180700e+00 2.49948400e+02 3.44939800e+01 1.11583800e+02 3.88501500e+01 3.12292800e+00 7.77768200e-01 1.70807500e-01 1.46098800e-01 2.72307900e+00 8.84370700e-01 1.04140800e+00 8.01992300e-01 8.96112500e-01 9.96657700e-01 9.98947500e-01 9.98622000e-01 9.88871500e-01 6.62957800e+01 6.90031300e-01 3.09968700e-01 1.36235300e-01 9.03182300e-02 7.97212700e-01 8.10349800e-01 4.43846900e-01 5.94844800e-01 9.79109600e-01 9.98459200e+01 2.43550400e+00 8.43658400e+00 2.09684500e+00 1.84872300e+00 1.22644800e+03 5.71436000e+03 2.52977500e+03 8.18744700e+02 2.32564900e+02 9.61842700e-01 2.41404200e-01 2.42716100e-01 2.52575300e+00 1.40844100e+01 1.08932200e+03 1.47822200e+02 1.04172900e+00 1.41900800e+01 1.05875000e+03 1.50606800e+02 1.38177700e-01 1.60223800e-01 3.36935100e+03 1.00845900e-02 8.18717500e-01 4.52373500e-01 7.14523000e+01 6.54036800e+02 8.13294100e+01 1.56021000e+03 8.78929400e+01 2.02135900e+03 9.33844900e+01 2.35232900e+03 2.31044900e+02 5.88292900e+03 4.48516800e-01 7.36825200e-01 4.66906500e-01 6.53311100e-01 4.65708100e-01 6.11462500e-01 4.60938000e-01 5.81864500e-01 2.93484400e-01 3.02610600e-01 2.69199800e+01 1.04870000e+02 3.04665700e+01 9.02738700e+00 3.98612200e+02 2.31720700e+01 1.15085100e+04 7.06705900e+02 1.66740300e-02 1.34256300e+00 4.00004800e+00 5.88550000e+00 1.19393200e+04 5.35928500e+00
1.02352400e+00 6.33491300e+03 2.19705100e-02 1.12574300e-01 1.04177500e+00 5.81341400e-02 2.56170300e+00 3.02128000e+00 9.47618300e-01 9.94843400e-01 2.22466400e+02 3.97972600e+01 1.08586600e+02 3.82895600e+01 6.01419100e+00 8.59440000e-01 4.04801300e-01 8.58069100e-01 1.28832800e-01 1.01129000e+00 7.73199300e-01 8.62014900e-01 1.04176000e+00 9.97305100e-01 9.99638000e-01 1.00333900e+00 9.90936300e-01 6.42340100e+01 6.72346800e-01 3.27653200e-01 1.35190000e-01 8.68379300e-02 7.89002700e-01 8.24565300e-01 4.51633000e-01 5.96941900e-01 9.84455200e-01 9.77356500e+01 2.46588500e+00 7.96966600e+00 2.05175400e+00 1.82654600e+00 1.24063800e+03 5.67554200e+03 2.50674900e+03 8.11505600e+02 2.31090900e+02 9.47618300e-01 2.38509100e-01 2.39810200e-01 2.49009100e+00 1.43106000e+01 1.08927600e+03 1.49288600e+02 1.04232600e+00 1.43226300e+01 1.05806400e+03 1.52155600e+02 1.37267300e-01 1.59793800e-01 3.43878400e+03 1.01485900e-02 8.06025200e-01 4.45882500e-01 6.95053900e+01 6.73696000e+02 7.95515300e+01 1.60266900e+03 8.62009700e+01 2.07349100e+03 9.17521000e+01 2.41065000e+03 2.29642900e+02 5.97922500e+03 4.54810000e-01 7.27556000e-01 4.69131900e-01 6.43264300e-01 4.65938900e-01 6.01307400e-01 4.59861700e-01 5.71737700e-01 2.87739100e-01 2.95959200e-01 2.36142000e+01 1.01812700e+02 2.73253400e+01 8.09638300e+00 3.97328000e+02 2.63307400e+01 1.15121700e+04 7.07426100e+02 3.12199100e-01 3.80658100e-01 9.63359300e+00 8.15187000e+00 1.19439200e+04 1.03264500e+01
7.78828300e-01 6.33224500e+03 2.18567300e-02 1.13209600e-01 1.04124000e+00 5.70875000e-02 2.63122700e+00 3.01947400e+00 9.52728100e-01 9.97055900e-01 2.33149200e+02 3.51024300e+01 1.03768900e+02 3.60174100e+01 5.26483000e+00 7.84219200e-01 5.23492000e-01 5.89700700e-01 4.97594800e+00 9.20315700e-01 8.37281800e-01 1.06304400e+00 1.08021200e+00 9.98467600e-01 1.00149600e+00 9.95273700e-01 9.90628700e-01 6.45709200e+01 6.74506300e-01 3.25493700e-01 1.35711500e-01 8.76301600e-02 7.89667000e-01 8.22535500e-01 4.50521300e-01 5.96457700e-01 9.82710300e-01 9.79683500e+01 2.44901700e+00 7.91168200e+00 2.04805200e+00 1.82707100e+00 1.22667400e+03 5.64216300e+03 2.50365600e+03 8.09930600e+02 2.30106200e+02 9.52728100e-01 2.39446100e-01 2.40750700e-01 2.53578800e+00 1.42626000e+01 1.08954900e+03 1.48821000e+02 1.04175200e+00 1.42856500e+01 1.05791100e+03 1.51722100e+02 1.37335100e-01 1.60128400e-01 3.41798900e+03 1.01374600e-02 8.08999100e-01 4.47512100e-01 6.98363800e+01 6.70340800e+02 7.98770900e+01 1.59522100e+03 8.65261000e+01 2.06420000e+03 9.20783500e+01 2.40012900e+03 2.30145800e+02 5.95897600e+03 4.53881100e-01 7.28370700e-01 4.68690400e-01 6.44203000e-01 4.65737200e-01 6.02274200e-01 4.59817600e-01 5.72711800e-01 2.88301600e-01 2.96625200e-01 2.74430200e+01 1.06026300e+02 3.23353400e+01 8.75689500e+00 3.96856000e+02 2.44784800e+01 1.15119800e+04 7.07312000e+02 2.61854400e-01 4.95667100e-01 8.76554900e+00 5.57909000e+00 1.19420800e+04 9.52307100e+00
9.65918300e-01 6.32792200e+03 2.21836900e-02 1.20842000e-01 1.04052000e+00 5.61502200e-02 3.13504400e+00 3.04413700e+00 9.63703200e-01 9.98353900e-01 2.32459300e+02 3.99124500e+01 9.56015400e+01 4.11005300e+01 5.52150200e+00 5.33419700e-01 6.85292400e-01 6.87970500e-02 5.49769200e+00 1.02319700e+00 8.51352000e-01 1.07237000e+00 1.12926600e+00 9.97706800e-01 1.00275000e+00 9.95937900e-01 1.00178400e+00 6.78045700e+01 6.87499400e-01 3.12500600e-01 1.43670900e-01 9.74154100e-02 8.11184900e-01 8.27912900e-01 4.53466600e-01 6.06502400e-01 9.85122800e-01 9.94241500e+01 2.44299700e+00 7.93609600e+00 2.09919000e+00 1.87620500e+00 1.23008900e+03 5.70707100e+03 2.52001900e+03 8.06863200e+02 2.26697900e+02 9.63703200e-01 2.46504600e-01 2.47835100e-01 2.65214900e+00 1.37395100e+01 1.09031700e+03 1.43914900e+02 1.04067200e+00 1.38290300e+01 1.05962800e+03 1.46633400e+02 1.40865900e-01 1.61269500e-01 3.37749500e+03 1.03699000e-02 8.16977700e-01 4.51435800e-01 7.31199600e+01 6.39303100e+02 8.32942800e+01 1.52445300e+03 9.00514200e+01 1.97463600e+03 9.57031200e+01 2.29762900e+03 2.37187600e+02 5.73915500e+03 4.57968900e-01 7.49480000e-01 4.76101300e-01 6.64245500e-01 4.74578600e-01 6.21576900e-01 4.69518800e-01 5.91414800e-01 2.98146500e-01 3.07336900e-01 3.37964200e+01 1.07863000e+02 3.43347000e+01 8.85976400e+00 3.96602300e+02 2.38551700e+01 1.15063800e+04 7.06778600e+02 4.72043600e-02 1.09677200e+00 4.82729100e+00 7.39637100e+00 1.19357000e+04 5.97126700e+00
8.38859000e-01 6.32921500e+03 2.24400500e-02 1.23123400e-01 1.04010800e+00 5.79289300e-02 3.27076100e+00 3.06060900e+00 9.72192900e-01 1.00190900e+00 2.36778200e+02 3.47162900e+01 9.19396900e+01 3.86849900e+01 2.71778600e+00 8.41017300e-01 1.10791600e-01 9.01404600e-01 9.90993600e+00 7.10472600e-01 9.35447300e-01 9.74675600e-01 1.20758100e+00 9.97038000e-01 1.00169100e+00 9.99193600e-01 9.93833400e-01 6.86468500e+01 6.89735800e-01 3.10264200e-01 1.46208600e-01 1.00367600e-01 8.22731700e-01 8.36687800e-01 4.58272800e-01 6.14032200e-01 9.92997000e-01 9.96055500e+01 2.44456700e+00 8.11004600e+00 2.13405600e+00 1.90059400e+00 1.22498900e+03 5.73909200e+03 2.54397100e+03 8.15649200e+02 2.29375000e+02 9.72192900e-01 2.48382400e-01 2.49719700e-01 2.64993600e+00 1.35985700e+01 1.09032000e+03 1.42488000e+02 1.04013800e+00 1.36989600e+01 1.06050500e+03 1.45098500e+02 1.42191700e-01 1.61282800e-01 3.37663000e+03 1.04601500e-02 8.17619100e-01 4.51571500e-01 7.39889000e+01 6.31636900e+02 8.42251600e+01 1.50669900e+03 9.10268600e+01 1.95198200e+03 9.67174400e+01 2.27155200e+03 2.39343300e+02 5.68004000e+03 4.63022800e-01 7.60369100e-01 4.81915100e-01 6.74137600e-01 4.80634400e-01 6.30933200e-01 4.75682000e-01 6.00378600e-01 3.02735300e-01 3.12176200e-01 2.96846600e+01 1.06074500e+02 3.27887500e+01 9.20654900e+00 3.96911200e+02 2.25739300e+01 1.15077300e+04 7.06713900e+02 3.34104000e-02 1.21731700e+00 4.64287700e+00 9.39729100e+00 1.19364300e+04 5.89360500e+00
8.29538100e-01 6.32624900e+03 2.21809100e-02 1.21480800e-01 1.04051500e+00 5.26202100e-02 3.15734300e+00 3.04019100e+00 9.68530800e-01 9.99044900e-01 2.52776600e+02 3.58117000e+01 1.04879300e+02 3.28054600e+01 7.16560200e-01 4.46489200e-01 7.66683300e-01 7.52441100e-01 9.22994200e+00 1.17376900e+00 1.00036000e+00 1.11464000e+00 9.92372800e-01 9.97351900e-01 1.00272600e+00 9.96773100e-01 9.98223200e-01 6.78338600e+01 6.86387200e-01 3.13612800e-01 1.44306800e-01 9.78888800e-02 8.12611900e-01 8.30843800e-01 4.55071900e-01 6.08109200e-01 9.86642700e-01 9.92802800e+01 2.43107200e+00 7.58514400e+00 2.09092400e+00 1.88205800e+00 1.21922600e+03 5.68946700e+03 2.52857400e+03 8.11269600e+02 2.28127900e+02 9.68530800e-01 2.46798000e-01 2.48129600e-01 2.66047300e+00 1.37198500e+01 1.09040100e+03 1.43644600e+02 1.04064900e+00 1.38033700e+01 1.05970400e+03 1.46358000e+02 1.41070400e-01 1.61335100e-01 3.38250800e+03 1.04006400e-02 8.16077800e-01 4.50968200e-01 7.31697800e+01 6.38948000e+02 8.33802700e+01 1.52333900e+03 9.01597100e+01 1.97301900e+03 9.58292700e+01 2.29560600e+03 2.37677400e+02 5.73106500e+03 4.59487800e-01 7.50687600e-01 4.77400600e-01 6.65194300e-01 4.75743700e-01 6.22414400e-01 4.70585700e-01 5.92180500e-01 2.98485000e-01 3.07639600e-01 2.98584200e+01 1.08449700e+02 3.17484600e+01 9.12898900e+00 3.95891100e+02 2.27814300e+01 1.15066900e+04 7.06813800e+02 6.08918900e-02 1.03858200e+00 5.12984900e+00 4.96064500e+00 1.19344900e+04 6.22932300e+00
6.55997400e-01 6.33083700e+03 2.22322200e-02 1.23161000e-01 1.04032300e+00 4.34942600e-02 3.20223400e+00 3.02384000e+00 9.67075300e-01 9.97747800e-01 2.28422200e+02 4.67000700e+01 1.03189200e+02 3.81684200e+01 1.26324200e+00 4.16089900e-01 9.81568100e-01 7.09203800e-01 8.31647300e+00 7.77046800e-01 8.42020800e-01 9.49884200e-01 6.84392200e-01 9.96045100e-01 1.00137800e+00 9.96534400e-01 9.96784900e-01 6.77459700e+01 6.81800000e-01 3.18200000e-01 1.46038400e-01 9.89351300e-02 8.09270600e-01 8.33457000e-01 4.56503200e-01 6.07811300e-01 9.83223000e-01 9.86711200e+01 2.42262700e+00 6.62384000e+00 2.05701300e+00 1.88563800e+00 1.21996900e+03 5.68425000e+03 2.52504100e+03 8.09196400e+02 2.27223500e+02 9.67075300e-01 2.47409500e-01 2.48743300e-01 2.66615000e+00 1.36815600e+01 1.09052300e+03 1.42964100e+02 1.04042500e+00 1.37409300e+01 1.05997100e+03 1.45648700e+02 1.41696700e-01 1.61351800e-01 3.40307800e+03 1.04948900e-02 8.12424000e-01 4.49017900e-01 7.31500200e+01 6.39451400e+02 8.34778600e+01 1.52344200e+03 9.03281400e+01 1.97243800e+03 9.60536200e+01 2.29434700e+03 2.38958300e+02 5.71554200e+03 4.60512100e-01 7.47148900e-01 4.77317400e-01 6.61564700e-01 4.75129700e-01 6.18814200e-01 4.69628700e-01 5.88629000e-01 2.96507900e-01 3.05412300e-01 3.37307400e+01 1.08620800e+02 3.23073000e+01 9.43233100e+00 3.96378800e+02 2.29933000e+01 1.15084600e+04 7.06979900e+02 1.38403400e-01 7.68898900e-01 6.77689300e+00 9.75031400e+00 1.19372600e+04 7.68419500e+00
8.73498200e-01 6.32967900e+03 2.22476700e-02 1.13869600e-01 1.04156100e+00 5.39330700e-02 2.71517000e+00 3.02378000e+00 9.54575200e-01 9.99333100e-01 2.08337400e+02 2.03305300e+01 1.01678300e+02 3.51462400e+01 3.53975800e+00 8.55811400e-01 1.66519000e-01 2.65039900e-01 8.95099900e+00 8.88278900e-01 8.05369400e-01 9.39660900e-01 9.68026000e-01 9.98845300e-01 1.00052100e+00 9.92812500e-01 9.84439100e-01 6.57464600e+01 6.83610500e-01 3.16389500e-01 1.36762400e-01 8.99164400e-02 7.90236100e-01 8.11535000e-01 4.44496000e-01 5.92669200e-01 9.74587200e-01 9.90301300e+01 2.43818700e+00 7.53021200e+00 2.05689000e+00 1.84656800e+00 1.23875500e+03 5.73143900e+03 2.52414900e+03 8.16296000e+02 2.31942000e+02 9.54575200e-01 2.40807700e-01 2.42117400e-01 2.49338300e+00 1.41206400e+01 1.08920200e+03 1.47872200e+02 1.04197100e+00 1.41915900e+01 1.05894100e+03 1.50624300e+02 1.38405100e-01 1.59943500e-01 3.40395900e+03 1.01559200e-02 8.12881000e-01 4.49262400e-01 7.09599700e+01 6.59054000e+02 8.09332500e+01 1.57058400e+03 8.75510100e+01 2.03376000e+03 9.30833900e+01 2.36591100e+03 2.31296200e+02 5.89877100e+03 4.48626500e-01 7.29755300e-01 4.65441400e-01 6.46362000e-01 4.63514100e-01 6.04677000e-01 4.58283600e-01 5.75233400e-01 2.89893300e-01 2.98635400e-01 2.50357500e+01 1.05476800e+02 3.13628000e+01 8.92925100e+00 3.96031700e+02 2.46740500e+01 1.15107600e+04 7.06910300e+02 8.81356500e-02 9.26576500e-01 5.55304500e+00 5.48922600e+00 1.19403900e+04 6.56775700e+00
8.35875700e-01 6.33430800e+03 2.22981200e-02 1.10418700e-01 1.04198600e+00 5.30857200e-02 2.55069700e+00 3.01792700e+00 9.50215400e-01 1.00026900e+00 2.39826900e+02 2.84372800e+01 1.10393600e+02 3.23597100e+01 1.86881600e+00 6.72892500e-01 1.16105500e-01 4.67905000e-01 7.22727000e+00 9.85677500e-01 7.98133900e-01 9.20596100e-01 1.01593300e+00 9.99254000e-01 9.99697400e-01 9.86937600e-01 9.86587600e-01 6.51971400e+01 6.86256300e-01 3.13743700e-01 1.33362000e-01 8.69482200e-02 7.79840000e-01 7.97503100e-01 4.36810500e-01 5.83645700e-01 9.65809000e-01 9.93990900e+01 2.43321800e+00 7.35626200e+00 2.04488600e+00 1.83890500e+00 1.24984100e+03 5.78144100e+03 2.53434300e+03 8.22257100e+02 2.34563300e+02 9.50215400e-01 2.38490700e-01 2.39791800e-01 2.42679700e+00 1.42731200e+01 1.08866500e+03 1.49697400e+02 1.04249900e+00 1.43594800e+01 1.05867400e+03 1.52459300e+02 1.37251000e-01 1.59402700e-01 3.39742000e+03 1.00186300e-02 8.14385700e-01 4.50017000e-01 7.03276600e+01 6.64779200e+02 8.01447900e+01 1.58489200e+03 8.66628600e+01 2.05272200e+03 9.21137500e+01 2.38832200e+03 2.28481000e+02 5.96217500e+03 4.41102600e-01 7.20411300e-01 4.58279200e-01 6.38367000e-01 4.56680600e-01 5.97314300e-01 4.51724500e-01 5.68301600e-01 2.86524200e-01 2.95261300e-01 2.50168200e+01 1.04747000e+02 2.84578500e+01 9.10957600e+00 3.95831800e+02 2.55055400e+01 1.15232300e+04 7.06818000e+02 4.83811500e-02 1.09677200e+00 4.68163900e+00 2.29489900e+00 1.19536800e+04 5.82679200e+00
9.94394600e-01 6.33739600e+03 2.24391600e-02 1.20331100e-01 1.04063100e+00 5.44437900e-02 3.10818500e+00 3.04890000e+00 9.69852900e-01 1.00253100e+00 1.89095500e+02 3.17913400e+01 1.17700500e+02 3.36398800e+01 8.06022800e+00 8.52332100e-01 2.58038600e-01 2.28132100e-01 3.86223300e+00 1.48106600e+00 6.04870700e-01 1.10303900e+00 1.21374000e+00 9.99776600e-01 1.00114100e+00 9.95389700e-01 9.87823000e-01 6.79217500e+01 6.89130500e-01 3.10869500e-01 1.43415400e-01 9.74102900e-02 8.13272300e-01 8.27874400e-01 4.53445500e-01 6.07268200e-01 9.86805500e-01 9.95851900e+01 2.43417100e+00 7.69195600e+00 2.10921400e+00 1.89160900e+00 1.22601400e+03 5.74782600e+03 2.54924400e+03 8.20762300e+02 2.31753100e+02 9.69852900e-01 2.46250500e-01 2.47580100e-01 2.59415500e+00 1.37360200e+01 1.08992200e+03 1.43984500e+02 1.04077400e+00 1.38343700e+01 1.06016200e+03 1.46617500e+02 1.41183400e-01 1.60844800e-01 3.38352100e+03 1.03698800e-02 8.16664900e-01 4.51083200e-01 7.32195400e+01 6.38315900e+02 8.33647300e+01 1.52249100e+03 9.01050200e+01 1.97235000e+03 9.57438100e+01 2.29517900e+03 2.37027300e+02 5.73751400e+03 4.58093500e-01 7.51571200e-01 4.76640700e-01 6.66277200e-01 4.75307200e-01 6.23552000e-01 4.70365700e-01 5.93339800e-01 2.99182700e-01 3.08475800e-01 2.82488200e+01 1.09747900e+02 3.43676000e+01 8.84967000e+00 3.96062200e+02 2.25779400e+01 1.15159900e+04 7.06730600e+02 3.42878300e-02 1.21731700e+00 4.59220700e+00 1.87373900e+01 1.19434800e+04 5.84381300e+00
9.52426400e-01 6.33052700e+03 2.23159000e-02 1.19039000e-01 1.04078200e+00 5.77827200e-02 2.99210600e+00 3.05013600e+00 9.65389900e-01 1.00287800e+00 2.16003000e+02 3.01748500e+01 1.06133500e+02 3.45548400e+01 4.83659200e+00 6.67074000e-01 5.54647000e-01 6.39453200e-01 7.67783200e+00 1.47737400e+00 9.36084400e-01 9.93531500e-01 1.05706600e+00 9.97766700e-01 9.99711600e-01 9.93933700e-01 9.94264300e-01 6.69732700e+01 6.83418500e-01 3.16581500e-01 1.42000100e-01 9.51020800e-02 8.12168400e-01 8.34311500e-01 4.56971200e-01 6.09210600e-01 9.92419600e-01 9.89053100e+01 2.45261700e+00 8.02154500e+00 2.11182300e+00 1.88134300e+00 1.23010100e+03 5.73035600e+03 2.54299600e+03 8.19746200e+02 2.31977400e+02 9.65389900e-01 2.44649400e-01 2.45973200e-01 2.57700900e+00 1.38596900e+01 1.08985000e+03 1.44992700e+02 1.04100000e+00 1.39282100e+01 1.05970400e+03 1.47678800e+02 1.40413900e-01 1.60636600e-01 3.40256500e+03 1.03473400e-02 8.12929700e-01 4.49225500e-01 7.22861000e+01 6.46978200e+02 8.24510400e+01 1.54175700e+03 8.91956600e+01 1.99640000e+03 9.48339700e+01 2.32242200e+03 2.35678200e+02 5.78978600e+03 4.61175800e-01 7.49983800e-01 4.78404400e-01 6.64249800e-01 4.76396800e-01 6.21398400e-01 4.71003100e-01 5.91132400e-01 2.97859200e-01 3.06854300e-01 2.75165900e+01 1.06801500e+02 3.04133700e+01 8.74907100e+00 3.96882200e+02 2.30397700e+01 1.15058900e+04 7.06917400e+02 1.05393800e-01 8.72797100e-01 6.06021300e+00 1.25381200e+01 1.19345600e+04 7.03840300e+00
8.15528100e-01 6.33201400e+03 2.22445200e-02 1.22143100e-01 1.04086600e+00 5.94886700e-02 3.18273500e+00 3.06009300e+00 9.68507300e-01 1.00252800e+00 2.33919900e+02 4.80342700e+01 9.66622500e+01 3.94429600e+01 2.68899100e+00 4.87671700e-01 7.89970200e-01 6.25567100e-01 9.75696400e+00 1.18531200e+00 1.15339200e+00 1.07548200e+00 1.08426500e+00 9.96880400e-01 1.00228300e+00 9.93183100e-01 9.96491900e-01 6.80682400e+01 6.86976400e-01 3.13023600e-01 1.45032700e-01 9.87212300e-02 8.22237100e-01 8.39895000e-01 4.60029400e-01 6.15023000e-01 9.96609100e-01 9.93752600e+01 2.45612600e+00 8.28704800e+00 2.13295300e+00 1.89369500e+00 1.22887600e+03 5.72100900e+03 2.54002900e+03 8.14465200e+02 2.29176000e+02 9.68507300e-01 2.47158600e-01 2.48491500e-01 2.65697300e+00 1.36798600e+01 1.09040100e+03 1.43305100e+02 1.04098000e+00 1.37663600e+01 1.05989500e+03 1.45993600e+02 1.41413800e-01 1.61376000e-01 3.38822200e+03 1.04356800e-02 8.15523700e-01 4.50640300e-01 7.34129000e+01 6.36789700e+02 8.36417700e+01 1.51833500e+03 9.04343300e+01 1.96662900e+03 9.61152800e+01 2.28824600e+03 2.38292700e+02 5.71429400e+03 4.64542600e-01 7.59637700e-01 4.82801200e-01 6.73188800e-01 4.81194600e-01 6.29921000e-01 4.76023000e-01 5.99338600e-01 3.02111800e-01 3.11405600e-01 3.74400600e+01 1.10766600e+02 3.52317700e+01 9.18195600e+00 3.97506600e+02 2.29532800e+01 1.15125600e+04 7.06794900e+02 5.15066200e-02 1.09677200e+00 4.89887000e+00 8.98236500e+00 1.19422000e+04 6.04714900e+00
6.28475800e-01 6.33682000e+03 2.26427000e-02 1.24082900e-01 1.03975900e+00 5.73975600e-02 3.29410100e+00 3.06366200e+00 9.70098100e-01 1.00174100e+00 2.42442800e+02 3.02246600e+01 1.05323500e+02 3.66485900e+01 4.66392200e+00 7.52750700e-01 5.08484100e-01 4.02851700e-01 6.78160300e+00 1.02454300e+00 1.06980700e+00 9.93756100e-01 9.30472300e-01 9.97610800e-01 1.00235400e+00 1.00029600e+00 9.89584400e-01 6.86358600e+01 6.87169600e-01 3.12830400e-01 1.47370700e-01 1.01149200e-01 8.24595000e-01 8.42043600e-01 4.61206300e-01 6.16691500e-01 9.95325600e-01 9.91965900e+01 2.45709900e+00 8.02764900e+00 2.14058000e+00 1.90843200e+00 1.23483000e+03 5.77483100e+03 2.54852400e+03 8.16763200e+02 2.29863000e+02 9.70098100e-01 2.48762000e-01 2.50100700e-01 2.62083100e+00 1.35691900e+01 1.09016900e+03 1.41989100e+02 1.03976000e+00 1.36559500e+01 1.06103900e+03 1.44525900e+02 1.42882900e-01 1.61008200e-01 3.39327200e+03 1.05276600e-02 8.14934800e-01 4.50012700e-01 7.40207600e+01 6.31547400e+02 8.43294800e+01 1.50587800e+03 9.11753600e+01 1.95052300e+03 9.69010300e+01 2.26952900e+03 2.40211400e+02 5.66804400e+03 4.65742500e-01 7.61832200e-01 4.84092000e-01 6.75150500e-01 4.82501400e-01 6.31763400e-01 4.77328900e-01 6.01095500e-01 3.02988300e-01 3.12326000e-01 2.84748000e+01 1.07594900e+02 3.28045400e+01 9.70910200e+00 3.96790600e+02 2.32418600e+01 1.15241000e+04 7.06788800e+02 7.16288400e-02 9.81866700e-01 5.62965700e+00 6.32844800e+00 1.19538400e+04 6.68315200e+00
1.55372500e-01 6.34782800e+03 2.25786700e-02 1.27462200e-01 1.03999000e+00 5.77510100e-02 3.41088000e+00 3.07361700e+00 9.71458700e-01 1.00288500e+00 2.67242900e+02 3.51099100e+01 1.09439300e+02 3.06145400e+01 3.35904800e+00 5.44472500e-01 8.20549400e-01 6.47685100e-01 8.59823800e+00 7.70978300e-01 1.12238400e+00 1.02102700e+00 8.46123900e-01 9.96434600e-01 9.97255100e-01 1.00475300e+00 9.88339100e-01 6.88336200e+01 6.81967200e-01 3.18032800e-01 1.50686100e-01 1.03722700e-01 8.37088800e-01 8.61880100e-01 4.72071200e-01 6.28621900e-01 1.00895400e+00 9.85733200e+01 2.47902400e+00 8.14666700e+00 2.16199600e+00 1.92616300e+00 1.23758600e+03 5.76754500e+03 2.55607900e+03 8.17033600e+02 2.29430400e+02 9.71458700e-01 2.50235500e-01 2.51579400e-01 2.67215200e+00 1.34676900e+01 1.09064700e+03 1.40669300e+02 1.03991600e+00 1.35269900e+01 1.06123000e+03 1.43205200e+02 1.43842300e-01 1.61458900e-01 3.41809500e+03 1.06847900e-02 8.10605000e-01 4.47809100e-01 7.43182400e+01 6.29390300e+02 8.48074900e+01 1.49950300e+03 9.17650300e+01 1.94146500e+03 9.75802600e+01 2.25833500e+03 2.42735000e+02 5.62618200e+03 4.76229500e-01 7.72840900e-01 4.93637900e-01 6.84322500e-01 4.91388800e-01 6.40104300e-01 4.85708100e-01 6.08882200e-01 3.06685400e-01 3.15916600e-01 3.02691300e+01 1.05951300e+02 3.10461700e+01 1.23196400e+01 3.97056500e+02 2.32601000e+01 1.15365200e+04 7.06973200e+02 1.56296000e-01 7.19420900e-01 7.35345900e+00 1.13013300e+01 1.19691500e+04 8.22917600e+00
5.09173000e-01 6.33343400e+03 2.25892100e-02 1.26212600e-01 1.04054200e+00 5.26718600e-02 3.34210200e+00 3.05536900e+00 9.70106100e-01 1.00120700e+00 2.28094500e+02 2.57066700e+01 9.30824800e+01 4.25912200e+01 5.52187400e+00 7.93694500e-01 2.99681600e-01 1.35663100e-01 8.55626800e+00 1.15722400e+00 1.00032200e+00 9.88692600e-01 1.28104500e+00 9.96957600e-01 1.00135600e+00 9.94209000e-01 9.89445100e-01 6.86724900e+01 6.83100500e-01 3.16899500e-01 1.49446900e-01 1.02628900e-01 8.27581000e-01 8.50571200e-01 4.65877000e-01 6.20927500e-01 9.98663400e-01 9.87671100e+01 2.45728900e+00 7.59735100e+00 2.12290100e+00 1.91064300e+00 1.23076000e+03 5.73952000e+03 2.54303100e+03 8.14252300e+02 2.28870300e+02 9.70106100e-01 2.49359900e-01 2.50700800e-01 2.64688000e+00 1.35124900e+01 1.09046200e+03 1.41282600e+02 1.04051700e+00 1.35781200e+01 1.06111500e+03 1.43823400e+02 1.43427800e-01 1.61315800e-01 3.41996900e+03 1.06434900e-02 8.10686100e-01 4.47855400e-01 7.41299900e+01 6.30904800e+02 8.45614400e+01 1.50338900e+03 9.14824800e+01 1.94667700e+03 9.72680600e+01 2.26454500e+03 2.41770800e+02 5.64477400e+03 4.70061900e-01 7.64181900e-01 4.87545300e-01 6.76785300e-01 4.85463000e-01 6.33108000e-01 4.79942300e-01 6.02260400e-01 3.03403500e-01 3.12582700e-01 3.05029200e+01 1.09301300e+02 3.55540200e+01 9.98957300e+00 3.95910200e+02 2.30855600e+01 1.15105600e+04 7.06929400e+02 1.24795300e-01 7.68898900e-01 6.61737400e+00 1.28842400e+01 1.19395400e+04 7.51106800e+00
5.90306500e-01 6.32858700e+03 2.26402900e-02 1.18405800e-01 1.04139700e+00 5.25458200e-02 3.04883100e+00 3.03544700e+00 9.67765700e-01 1.00024600e+00 2.44511800e+02 5.01078900e+01 9.53909600e+01 4.81515600e+01 4.17369100e+00 7.27086600e-01 6.82597300e-01 5.86972400e-01 6.01928600e-01 9.14503900e-01 1.22979300e+00 9.16630900e-01 1.08463100e+00 9.96754400e-01 1.00199700e+00 9.95988100e-01 9.90643300e-01 6.83319100e+01 6.96543900e-01 3.03456100e-01 1.41691300e-01 9.68203400e-02 8.02303600e-01 8.06911800e-01 4.41963800e-01 5.95473900e-01 9.70570200e-01 1.00585000e+02 2.40979800e+00 7.41729700e+00 2.08102700e+00 1.87342800e+00 1.22466100e+03 5.75223100e+03 2.53412900e+03 8.17092700e+02 2.31049100e+02 9.67765700e-01 2.45532200e-01 2.46859300e-01 2.53829500e+00 1.37463600e+01 1.08944900e+03 1.44622900e+02 1.04155000e+00 1.38853500e+01 1.06042900e+03 1.47200600e+02 1.40946300e-01 1.60523900e-01 3.36927800e+03 1.02853700e-02 8.20352500e-01 4.52872500e-01 7.35391100e+01 6.35008300e+02 8.35313200e+01 1.51638300e+03 9.01812800e+01 1.96560600e+03 9.57498100e+01 2.28829000e+03 2.35834600e+02 5.74095200e+03 4.47136400e-01 7.42170300e-01 4.67080100e-01 6.58754300e-01 4.66635600e-01 6.16849200e-01 4.62355800e-01 5.87171200e-01 2.96374900e-01 3.05909400e-01 3.14465300e+01 1.06787600e+02 3.35469600e+01 1.00559000e+01 3.95774600e+02 2.28238200e+01 1.15103800e+04 7.06567300e+02 4.10534100e-04 1.81943000e+00 3.45080700e+00 6.30283400e+00 1.19390300e+04 5.27064800e+00
3.54749500e-01 6.33525100e+03 2.20949700e-02 1.14946800e-01 1.04198800e+00 4.62911700e-02 2.73527700e+00 3.00670700e+00 9.53825600e-01 9.98685300e-01 2.21004300e+02 3.03075000e+01 9.17024900e+01 4.50866800e+01 4.95129800e+00 9.11772100e-01 6.53815300e-01 8.81189200e-01 6.22088600e+00 1.22272600e+00 1.11187200e+00 8.78466700e-01 9.99214600e-01 9.97272900e-01 1.00056900e+00 9.98574200e-01 9.94185900e-01 6.56182900e+01 6.80226200e-01 3.19773800e-01 1.37686900e-01 9.03477900e-02 7.87438600e-01 8.12975600e-01 4.45285100e-01 5.92144100e-01 9.72085100e-01 9.86830900e+01 2.42607100e+00 6.78863500e+00 2.02207000e+00 1.84326700e+00 1.23298300e+03 5.69037500e+03 2.51499100e+03 8.12304300e+02 2.30322200e+02 9.53825600e-01 2.41027100e-01 2.42337600e-01 2.52868200e+00 1.41057100e+01 1.08951000e+03 1.47589700e+02 1.04240100e+00 1.41586400e+01 1.05867400e+03 1.50389600e+02 1.38450100e-01 1.60263700e-01 3.41743000e+03 1.02104800e-02 8.10418400e-01 4.48098700e-01 7.08763600e+01 6.60082200e+02 8.09232400e+01 1.57220300e+03 8.75847800e+01 2.03531800e+03 9.31514100e+01 2.36728300e+03 2.31977500e+02 5.89288000e+03 4.49112900e-01 7.26850200e-01 4.65128100e-01 6.43438100e-01 4.62824300e-01 6.01797000e-01 4.57353100e-01 5.72404300e-01 2.88336300e-01 2.96897200e-01 2.57852700e+01 1.06680400e+02 3.28813200e+01 1.05972300e+01 3.95875900e+02 2.43683600e+01 1.15187500e+04 7.07044500e+02 1.34019800e-01 7.68898900e-01 6.33469700e+00 6.62377800e+00 1.19496000e+04 7.23761600e+00
5.52715500e-01 6.33665300e+03 2.21343100e-02 1.12816200e-01 1.04230000e+00 4.61371500e-02 2.62598300e+00 3.00928600e+00 9.53538800e-01 1.00142700e+00 1.86074300e+02 3.38997700e+01 1.03425900e+02 3.21113100e+01 7.21104700e+00 9.54127500e-01 2.44498700e-02 9.12206700e-01 3.80437000e+00 6.91021800e-01 8.17938900e-01 1.07004100e+00 1.42165800e+00 9.97457400e-01 1.00101400e+00 9.96266200e-01 9.91815000e-01 6.52117900e+01 6.81144800e-01 3.18855200e-01 1.35595700e-01 8.84243600e-02 7.84533600e-01 8.08812200e-01 4.43004700e-01 5.89535500e-01 9.71512700e-01 9.88221000e+01 2.42698300e+00 6.72149700e+00 2.02729200e+00 1.84859600e+00 1.23982300e+03 5.73647500e+03 2.53688000e+03 8.22359200e+02 2.34092900e+02 9.53538800e-01 2.39499000e-01 2.40803800e-01 2.48293400e+00 1.42050700e+01 1.08915800e+03 1.48737000e+02 1.04278900e+00 1.42633900e+01 1.05852100e+03 1.51540200e+02 1.37749600e-01 1.59895600e-01 3.41760500e+03 1.01325400e-02 8.10654800e-01 4.48198000e-01 7.04239500e+01 6.64253100e+02 8.03833200e+01 1.58236800e+03 8.69882300e+01 2.04862600e+03 9.25081700e+01 2.38288300e+03 2.30235700e+02 5.93429100e+03 4.46898900e-01 7.24258900e-01 4.63061100e-01 6.41242800e-01 4.60872100e-01 5.99784700e-01 4.55492800e-01 5.70515700e-01 2.87434700e-01 2.95997700e-01 2.46791600e+01 1.01243100e+02 2.82761400e+01 9.74859900e+00 3.95853200e+02 2.43251200e+01 1.15155700e+04 7.07006200e+02 1.13438300e-01 8.20176000e-01 5.89670600e+00 1.39762900e+01 1.19454900e+04 6.83032000e+00
8.28256300e-01 6.33075000e+03 2.22226200e-02 1.15686500e-01 1.04180300e+00 5.09258900e-02 2.80976300e+00 3.02404300e+00 9.60413100e-01 9.99527400e-01 2.06131900e+02 1.49354500e+01 1.00826700e+02 3.03132800e+01 3.87670200e+00 4.82658800e-01 4.89844600e-01 2.41881700e-02 9.08936500e+00 1.15437500e+00 8.89093600e-01 1.09724800e+00 9.98566800e-01 9.96836000e-01 1.00216400e+00 9.96079400e-01 9.93693700e-01 6.62774700e+01 6.84580700e-01 3.15419300e-01 1.38554300e-01 9.18302700e-02 7.95703300e-01 8.15895700e-01 4.46884500e-01 5.96311600e-01 9.77390800e-01 9.91778800e+01 2.42752100e+00 7.27081300e+00 2.05743100e+00 1.85819600e+00 1.22846800e+03 5.71253300e+03 2.53199800e+03 8.18726000e+02 2.32301300e+02 9.60413100e-01 2.42116800e-01 2.43431300e-01 2.53109600e+00 1.40195100e+01 1.08949000e+03 1.46894300e+02 1.04215300e+00 1.40952800e+01 1.05909300e+03 1.49640400e+02 1.39018200e-01 1.60326200e-01 3.40354200e+03 1.02219200e-02 8.13150800e-01 4.49430000e-01 7.15187100e+01 6.53832800e+02 8.15453800e+01 1.55838100e+03 8.82000400e+01 2.01811600e+03 9.37639600e+01 2.34783900e+03 2.32836000e+02 5.85642400e+03 4.51103900e-01 7.34897100e-01 4.68249800e-01 6.51017300e-01 4.66421100e-01 6.09073500e-01 4.61230300e-01 5.79441300e-01 2.92037000e-01 3.00892800e-01 2.40614300e+01 1.03816400e+02 2.71806300e+01 9.07073800e+00 3.95709400e+02 2.35791400e+01 1.15113400e+04 7.06875100e+02 7.06385400e-02 9.81866700e-01 5.15904200e+00 8.71396000e+00 1.19397000e+04 6.21154700e+00
6.64613600e-01 6.33534400e+03 2.22666200e-02 1.15460700e-01 1.04084300e+00 6.21809700e-02 2.85709800e+00 3.03359300e+00 9.64510800e-01 9.95642300e-01 2.17844200e+02 2.72048400e+01 8.37076800e+01 4.75414000e+01 3.15234300e+00 7.19266300e-01 5.73522700e-01 1.83952100e-01 2.97083900e+00 1.28077500e+00 1.21910000e+00 9.09462300e-01 9.87548800e-01 9.94917700e-01 1.00126800e+00 9.95958100e-01 9.88303400e-01 6.66363500e+01 6.88378600e-01 3.11621400e-01 1.38372500e-01 9.22063700e-02 7.97430400e-01 8.12729100e-01 4.45150100e-01 5.95798800e-01 9.76871000e-01 9.95576800e+01 2.42249100e+00 8.38470500e+00 2.07717400e+00 1.83426900e+00 1.20785400e+03 5.63937500e+03 2.49917100e+03 8.08147500e+02 2.29174100e+02 9.64510800e-01 2.42789100e-01 2.44106100e-01 2.53936800e+00 1.39913800e+01 1.08946200e+03 1.46673200e+02 1.04116700e+00 1.40873900e+01 1.05920800e+03 1.49404500e+02 1.39109200e-01 1.60311100e-01 3.37688600e+03 1.01751100e-02 8.17349000e-01 4.51568400e-01 7.18471200e+01 6.50563400e+02 8.18213000e+01 1.55152200e+03 8.84468500e+01 2.00984100e+03 9.39891200e+01 2.33870900e+03 2.32799600e+02 5.84425900e+03 4.49670300e-01 7.36863800e-01 4.67699400e-01 6.53166400e-01 4.66308800e-01 6.11252600e-01 4.61406900e-01 5.81618500e-01 2.93281200e-01 3.02338200e-01 2.50385500e+01 1.03061200e+02 3.06096400e+01 9.63394800e+00 3.98263200e+02 2.28171700e+01 1.15135200e+04 7.06752200e+02 3.57817400e-02 1.21731700e+00 4.54228300e+00 1.39058700e+01 1.19442400e+04 5.79538200e+00
4.18442600e-01 6.33146600e+03 2.21327800e-02 1.12831200e-01 1.04143100e+00 4.79159400e-02 2.66950400e+00 3.00615000e+00 9.55103300e-01 9.97957800e-01 2.28545800e+02 3.58492600e+01 9.76106200e+01 3.68696200e+01 2.23061200e+00 4.67530000e-01 9.39452200e-01 3.03682100e-01 3.72727300e+00 9.84856300e-01 1.02756600e+00 1.08638400e+00 9.12449000e-01 9.97613900e-01 1.00226700e+00 9.92491800e-01 9.88857500e-01 6.54425000e+01 6.83357700e-01 3.16642300e-01 1.35609100e-01 8.87459800e-02 7.81659400e-01 8.03047900e-01 4.39847400e-01 5.86353900e-01 9.66245800e-01 9.90143500e+01 2.41459900e+00 6.91375700e+00 2.02094500e+00 1.83626400e+00 1.22903500e+03 5.70108600e+03 2.51757000e+03 8.15193600e+02 2.31620500e+02 9.55103300e-01 2.40116200e-01 2.41423300e-01 2.49853900e+00 1.41829100e+01 1.08920600e+03 1.48498000e+02 1.04188900e+00 1.42527600e+01 1.05855900e+03 1.51299800e+02 1.37817100e-01 1.59936600e-01 3.39690700e+03 1.01023300e-02 8.13686100e-01 4.49764400e-01 7.06370400e+01 6.62085100e+02 8.05710300e+01 1.57774700e+03 8.71623500e+01 2.04299800e+03 9.26724800e+01 2.37662500e+03 2.30311900e+02 5.92481100e+03 4.43912400e-01 7.21813500e-01 4.60493900e-01 6.39304400e-01 4.58561000e-01 5.98065200e-01 4.53369200e-01 5.68937800e-01 2.86719700e-01 2.95352200e-01 2.69564900e+01 1.03406300e+02 2.96534700e+01 1.03917800e+01 3.95732700e+02 2.40880900e+01 1.15144500e+04 7.06919700e+02 8.96551900e-02 9.26576500e-01 5.55906200e+00 4.76989800e+00 1.19446700e+04 6.57529300e+00
6.68476700e-01 6.32917700e+03 2.22059600e-02 1.14695000e-01 1.04122100e+00 5.22301600e-02 2.77306600e+00 3.02044300e+00 9.58297700e-01 9.98795800e-01 2.17173600e+02 3.20362200e+01 1.00387600e+02 3.45988200e+01 1.31384800e+00 6.81812100e-01 2.04353200e-01 4.39286700e-01 8.61011800e+00 8.01697800e-01 9.83023900e-01 9.78978500e-01 9.88835300e-01 9.96535900e-01 1.00055000e+00 9.87547000e-01 9.82208900e-01 6.59918200e+01 6.84159300e-01 3.15840700e-01 1.37546100e-01 9.07691900e-02 7.90845200e-01 8.11455800e-01 4.44452700e-01 5.92868700e-01 9.73523400e-01 9.90743300e+01 2.42569100e+00 7.38678000e+00 2.05003800e+00 1.84669600e+00 1.22775800e+03 5.70248700e+03 2.52024500e+03 8.14804900e+02 2.31187600e+02 9.58297700e-01 2.41600000e-01 2.42912600e-01 2.52136700e+00 1.40746700e+01 1.08938600e+03 1.47370500e+02 1.04160300e+00 1.41484300e+01 1.05894100e+03 1.50131200e+02 1.38648300e-01 1.60150000e-01 3.39593500e+03 1.01731000e-02 8.13983100e-01 4.49862700e-01 7.12194600e+01 6.56609600e+02 8.12143400e+01 1.56490200e+03 8.78473000e+01 2.02649600e+03 9.33928000e+01 2.35753600e+03 2.31975700e+02 5.87950700e+03 4.48603800e-01 7.30373000e-01 4.65558900e-01 6.46969200e-01 4.63696400e-01 6.05269700e-01 4.58506800e-01 5.75812400e-01 2.90200600e-01 2.98980200e-01 2.85237100e+01 1.04857900e+02 3.14198400e+01 9.48429700e+00 3.95807600e+02 2.37648800e+01 1.15102700e+04 7.06890200e+02 8.24499800e-02 9.26576500e-01 5.47276900e+00 5.65430800e+00 1.19393300e+04 6.48179500e+00
1.06085500e+00 6.32823200e+03 2.23486700e-02 1.16098900e-01 1.04109100e+00 5.69095200e-02 2.88281800e+00 3.03835200e+00 9.58857300e-01 1.00048000e+00 2.51315800e+02 3.81150900e+01 9.93248900e+01 3.95736600e+01 6.01854500e+00 6.99531400e-01 6.93299800e-01 5.78309100e-01 3.57992600e+00 1.05651200e+00 1.01167400e+00 1.16869800e+00 1.29680900e+00 9.99200500e-01 1.00447300e+00 9.95567500e-01 9.90135500e-01 6.68597400e+01 6.88846300e-01 3.11153700e-01 1.39092700e-01 9.29970200e-02 7.98935000e-01 8.13651300e-01 4.45655200e-01 5.96698800e-01 9.77077700e-01 9.96210800e+01 2.44023300e+00 7.86285400e+00 2.08708100e+00 1.86255200e+00 1.23969600e+03 5.75499300e+03 2.52980100e+03 8.15291200e+02 2.30809900e+02 9.58857300e-01 2.43177200e-01 2.44495600e-01 2.53297500e+00 1.39508600e+01 1.08944200e+03 1.46303600e+02 1.04137700e+00 1.40490600e+01 1.05947500e+03 1.49000100e+02 1.39486900e-01 1.60313200e-01 3.38256400e+03 1.02102500e-02 8.16758500e-01 4.51204900e-01 7.20770100e+01 6.48456600e+02 8.20718500e+01 1.54660300e+03 8.87117800e+01 2.00353800e+03 9.42663900e+01 2.33143200e+03 2.33417900e+02 5.82728500e+03 4.50238000e-01 7.38295700e-01 4.68396100e-01 6.54481000e-01 4.67052800e-01 6.12501500e-01 4.62175600e-01 5.82818300e-01 2.93896800e-01 3.02995000e-01 2.87251500e+01 1.08233300e+02 3.24405700e+01 8.71224300e+00 3.96627400e+02 2.43294000e+01 1.15043500e+04 7.06738600e+02 3.14194900e-02 1.21731700e+00 4.43831400e+00 1.00182100e+01 1.19340200e+04 5.68705100e+00
7.77003500e-01 6.33199300e+03 2.24352200e-02 1.19392600e-01 1.04102500e+00 5.54564900e-02 3.13547400e+00 3.04666100e+00 9.71359400e-01 1.00157700e+00 2.67675300e+02 5.54891300e+01 1.14394600e+02 3.51957200e+01 3.16628800e+00 4.95877500e-01 9.40030500e-01 3.03633400e-01 5.41536100e+00 1.20540700e+00 7.93021600e-01 1.11297000e+00 8.81945800e-01 9.98344100e-01 1.00282500e+00 9.95049700e-01 9.94517700e-01 6.87017800e+01 6.98146300e-01 3.01853700e-01 1.42473000e-01 9.78814900e-02 8.09203600e-01 8.11699900e-01 4.44586300e-01 5.99800700e-01 9.76278700e-01 1.00806500e+02 2.41358300e+00 7.78350800e+00 2.10449500e+00 1.88355800e+00 1.22157400e+03 5.74529700e+03 2.54118100e+03 8.17315200e+02 2.30357700e+02 9.71359400e-01 2.46610200e-01 2.47941100e-01 2.60427200e+00 1.36929200e+01 1.08987300e+03 1.44092700e+02 1.04114200e+00 1.38398700e+01 1.06012300e+03 1.46730500e+02 1.40954900e-01 1.61041500e-01 3.34900800e+03 1.02827700e-02 8.23256400e-01 4.54533900e-01 7.39071200e+01 6.31733700e+02 8.39071400e+01 1.50894100e+03 9.05647200e+01 1.95620700e+03 9.61407800e+01 2.27755200e+03 2.36536700e+02 5.71844200e+03 4.49942800e-01 7.48710700e-01 4.70407200e-01 6.64733900e-01 4.70145300e-01 6.22520900e-01 4.65956800e-01 5.92615100e-01 2.99180000e-01 3.08882400e-01 3.69313900e+01 1.11380500e+02 3.55272800e+01 9.52955300e+00 3.96191300e+02 2.23773400e+01 1.15178700e+04 7.06544100e+02 4.18550400e-03 1.96545900e+00 3.38504600e+00 6.11567400e+00 1.19459700e+04 5.35469100e+00
8.92403400e-01 6.32746200e+03 2.23103900e-02 1.21914600e-01 1.04087200e+00 5.88490800e-02 3.16654000e+00 3.05583500e+00 9.66009900e-01 1.00077500e+00 2.51563000e+02 4.85501800e+01 9.19946700e+01 4.69828100e+01 1.31786800e+00 6.97266600e-01 3.14149200e-01 3.61368300e-01 6.30576600e+00 8.99265000e-01 9.08900200e-01 9.07952400e-01 1.14061500e+00 9.96211800e-01 1.00231100e+00 9.95056300e-01 9.95090900e-01 6.80169700e+01 6.86855800e-01 3.13144200e-01 1.44870200e-01 9.85362800e-02 8.19153400e-01 8.36906200e-01 4.58392400e-01 6.12775400e-01 9.93245500e-01 9.93435200e+01 2.45592200e+00 8.20159900e+00 2.12389100e+00 1.88806300e+00 1.23204800e+03 5.72407600e+03 2.53247900e+03 8.11766600e+02 2.28443600e+02 9.66009900e-01 2.46971900e-01 2.48304100e-01 2.63857700e+00 1.36889100e+01 1.09027900e+03 1.43392400e+02 1.04098100e+00 1.37747400e+01 1.06004700e+03 1.46057000e+02 1.41455700e-01 1.61230000e-01 3.39164900e+03 1.04350800e-02 8.15075100e-01 4.50356400e-01 7.33573100e+01 6.37282500e+02 8.35822100e+01 1.51947500e+03 9.03719100e+01 1.96808400e+03 9.60503600e+01 2.28992100e+03 2.38154500e+02 5.71808700e+03 4.62894200e-01 7.56774600e-01 4.81052000e-01 6.70636000e-01 4.79434500e-01 6.27525900e-01 4.74270800e-01 5.97055900e-01 3.00956600e-01 3.10207800e-01 3.46381100e+01 1.09269300e+02 3.60900100e+01 8.99797400e+00 3.97320900e+02 2.35166900e+01 1.15057000e+04 7.06798700e+02 5.49881800e-02 1.09677200e+00 4.99787300e+00 6.43801000e+00 1.19355400e+04 6.14963300e+00
8.67476400e-01 6.33203500e+03 2.20401800e-02 1.20463600e-01 1.04085300e+00 5.73112400e-02 3.06912200e+00 3.04762700e+00 9.62899900e-01 1.00069500e+00 2.83167200e+02 4.61528300e+01 8.49463600e+01 5.39801800e+01 3.95433900e+00 4.71670200e-01 9.32291800e-01 2.93419300e-01 5.13527300e+00 1.00006900e+00 8.48456400e-01 8.69060400e-01 8.70493400e-01 9.97435300e-01 1.00150400e+00 9.96697000e-01 1.00043600e+00 6.71673600e+01 6.82698900e-01 3.17301100e-01 1.43148900e-01 9.61493400e-02 8.14073100e-01 8.37218000e-01 4.58563200e-01 6.10986000e-01 9.93308800e-01 9.88851500e+01 2.45681400e+00 8.07342500e+00 2.10653000e+00 1.87839800e+00 1.23143100e+03 5.69725000e+03 2.52732400e+03 8.10296200e+02 2.28029400e+02 9.62899900e-01 2.45566600e-01 2.46893800e-01 2.65670500e+00 1.38106600e+01 1.09040500e+03 1.44447800e+02 1.04105500e+00 1.38751300e+01 1.05920800e+03 1.47222000e+02 1.40384500e-01 1.61284900e-01 3.39486200e+03 1.03775400e-02 8.13664800e-01 4.49818300e-01 7.25084100e+01 6.45046100e+02 8.27229800e+01 1.53698200e+03 8.94994600e+01 1.99010600e+03 9.51638900e+01 2.31500900e+03 2.36608700e+02 5.76938400e+03 4.62703000e-01 7.51671800e-01 4.79810200e-01 6.65667200e-01 4.77714000e-01 6.22692200e-01 4.72250900e-01 5.92343200e-01 2.98433500e-01 3.07421000e-01 3.46115000e+01 1.10882800e+02 3.50028200e+01 8.90865700e+00 3.96960400e+02 2.36736000e+01 1.15164600e+04 7.06944700e+02 1.06985300e-01 8.72797100e-01 5.97917000e+00 4.16512300e+00 1.19460000e+04 6.95895200e+00
1.03792700e+00 6.33417800e+03 2.22052000e-02 1.19191300e-01 1.04094500e+00 6.85057900e-02 3.10965000e+00 3.06332300e+00 9.74514800e-01 9.97220400e-01 2.19107700e+02 4.96031600e+01 1.14667800e+02 3.26222600e+01 6.79395000e+00 7.64903200e-01 5.93553500e-01 7.68455300e-01 3.92077800e-01 8.19152300e-01 8.77255600e-01 1.25746300e+00 1.40765300e+00 9.97611300e-01 1.00474600e+00 9.97441900e-01 1.00349500e+00 6.82513400e+01 6.95074900e-01 3.04925100e-01 1.42041600e-01 9.69453100e-02 8.17980400e-01 8.24667400e-01 4.51689000e-01 6.07842700e-01 9.90118700e-01 1.00444700e+02 2.43195300e+00 9.11102300e+00 2.13985400e+00 1.86586700e+00 1.20404100e+03 5.65333300e+03 2.52075800e+03 8.11714100e+02 2.29002500e+02 9.74514800e-01 2.46177000e-01 2.47506300e-01 2.63913300e+00 1.37437200e+01 1.09012000e+03 1.44448200e+02 1.04111400e+00 1.38743900e+01 1.05955100e+03 1.47168800e+02 1.40412800e-01 1.61260900e-01 3.35029800e+03 1.02690900e-02 8.22301000e-01 4.54208100e-01 7.34789800e+01 6.35632400e+02 8.35016600e+01 1.51752400e+03 9.01696700e+01 1.96685500e+03 9.57522700e+01 2.28955500e+03 2.36079600e+02 5.74003800e+03 4.56832200e-01 7.56524900e-01 4.76838700e-01 6.71333000e-01 4.76211500e-01 6.28559900e-01 4.71728800e-01 5.98276500e-01 3.01920400e-01 3.11566600e-01 2.94268300e+01 1.07323400e+02 3.26330200e+01 8.90208000e+00 4.01148000e+02 2.20723800e+01 1.15087200e+04 7.06592500e+02 4.58053900e-05 1.74777200e+00 3.47925300e+00 1.56912900e+01 1.19408500e+04 5.22707100e+00
7.59858500e-01 6.33287700e+03 2.22109300e-02 1.14786500e-01 1.04136300e+00 6.50041800e-02 2.90528400e+00 3.05303700e+00 9.66666300e-01 1.00260100e+00 2.70432600e+02 4.11224100e+01 9.06786900e+01 4.72189200e+01 1.53855300e+00 5.30408500e-01 6.53071900e-01 4.28214400e-01 3.77939400e+00 1.21142200e+00 9.78560300e-01 9.15144000e-01 9.66385100e-01 9.97008200e-01 1.00143300e+00 1.00222300e+00 9.98874700e-01 6.75775100e+01 6.98596400e-01 3.01403600e-01 1.37642600e-01 9.30154300e-02 8.02671700e-01 8.04547100e-01 4.40668600e-01 5.94737100e-01 9.76420300e-01 1.00960400e+02 2.42547600e+00 8.66546600e+00 2.11795600e+00 1.85975200e+00 1.22426200e+03 5.73112900e+03 2.53391300e+03 8.17671400e+02 2.31408300e+02 9.66666300e-01 2.43426400e-01 2.44745700e-01 2.56668100e+00 1.39264400e+01 1.08952000e+03 1.46647700e+02 1.04165400e+00 1.40783600e+01 1.05909300e+03 1.49399300e+02 1.38882300e-01 1.60676000e-01 3.33683100e+03 1.00877700e-02 8.24954700e-01 4.55593100e-01 7.26913900e+01 6.42265600e+02 8.25147000e+01 1.53421000e+03 8.90553400e+01 1.98904000e+03 9.45337900e+01 2.31584000e+03 2.32507200e+02 5.81590400e+03 4.46037600e-01 7.42717900e-01 4.66445200e-01 6.59470900e-01 4.66242900e-01 6.17616900e-01 4.62127300e-01 5.87962400e-01 2.96886000e-01 3.06515500e-01 2.91117900e+01 1.06717200e+02 3.04281100e+01 9.57994400e+00 3.99358200e+02 2.27147900e+01 1.15158100e+04 7.06538300e+02 9.65962700e-03 2.04033800e+00 3.33878100e+00 6.36608000e+00 1.19474600e+04 5.38877800e+00
7.15630400e-01 6.33625100e+03 2.21239600e-02 1.13868100e-01 1.04154100e+00 6.17233100e-02 2.84368500e+00 3.04437100e+00 9.65437600e-01 1.00180600e+00 2.65331400e+02 4.84172800e+01 1.03426400e+02 4.29273400e+01 4.98401200e+00 8.15924300e-01 7.98392100e-01 9.77081500e-01 1.04326100e+00 1.41379500e+00 1.09620200e+00 9.41860600e-01 9.65930700e-01 1.00034000e+00 1.00241400e+00 1.00458300e+00 1.00124200e+00 6.71673600e+01 6.97132800e-01 3.02867200e-01 1.36637200e-01 9.17755700e-02 7.98063200e-01 8.01867800e-01 4.39201100e-01 5.92039100e-01 9.73774000e-01 1.00805700e+02 2.41912500e+00 8.34503200e+00 2.09968200e+00 1.85584300e+00 1.22346000e+03 5.72513000e+03 2.53513000e+03 8.18975600e+02 2.31964900e+02 9.65437600e-01 2.42545600e-01 2.43861600e-01 2.56144300e+00 1.39920600e+01 1.08948500e+03 1.47288500e+02 1.04189200e+00 1.41366300e+01 1.05875000e+03 1.50081400e+02 1.38359800e-01 1.60617900e-01 3.34049900e+03 1.00562100e-02 8.24132600e-01 4.55233700e-01 7.22785300e+01 6.46038400e+02 8.20834100e+01 1.54287300e+03 8.86096200e+01 2.00004200e+03 9.40749700e+01 2.32846000e+03 2.31610300e+02 5.84349000e+03 4.44406700e-01 7.38313500e-01 4.64386400e-01 6.55405200e-01 4.64018900e-01 6.13744700e-01 4.59812800e-01 5.84236100e-01 2.94955400e-01 3.04452200e-01 2.83605800e+01 1.06340300e+02 3.27958200e+01 9.67990200e+00 3.97959000e+02 2.27910900e+01 1.15235100e+04 7.06558300e+02 4.73736700e-03 1.96545900e+00 3.31312200e+00 6.71497400e+00 1.19539400e+04 5.28331900e+00
9.35635000e-01 6.33097000e+03 2.21571700e-02 1.13082800e-01 1.04179500e+00 6.06166700e-02 2.71409900e+00 3.03547200e+00 9.57374400e-01 9.99882900e-01 2.39715900e+02 2.84267100e+01 1.27324000e+02 2.47717500e+01 5.43437800e+00 5.99813700e-01 5.57784400e-01 2.94528700e-01 4.33144800e+00 8.09477300e-01 1.04639400e+00 1.20368400e+00 1.12856700e+00 9.97386200e-01 1.00190000e+00 9.95835000e-01 9.92709500e-01 6.60211200e+01 6.88250100e-01 3.11749900e-01 1.35885200e-01 8.97129000e-02 7.93543900e-01 8.08934700e-01 4.43071800e-01 5.92956100e-01 9.76628800e-01 9.96638400e+01 2.43899300e+00 8.19854700e+00 2.08107900e+00 1.84347700e+00 1.23339200e+03 5.71882800e+03 2.52423300e+03 8.16593100e+02 2.32019500e+02 9.57374400e-01 2.40754900e-01 2.42064400e-01 2.50972800e+00 1.41206000e+01 1.08924300e+03 1.48168000e+02 1.04221400e+00 1.42166500e+01 1.05867400e+03 1.50957500e+02 1.38003700e-01 1.60126000e-01 3.38252400e+03 1.00912300e-02 8.16649900e-01 4.51304200e-01 7.11813000e+01 6.56661700e+02 8.10674900e+01 1.56602200e+03 8.76343400e+01 2.02859700e+03 9.31273800e+01 2.36051100e+03 2.30692000e+02 5.89825200e+03 4.47604000e-01 7.33258000e-01 4.65510200e-01 6.49955000e-01 4.64107800e-01 6.08241300e-01 4.59217000e-01 5.78749700e-01 2.91846700e-01 3.00841300e-01 2.57405600e+01 1.08101100e+02 2.88446900e+01 8.94614900e+00 3.97790400e+02 2.41538300e+01 1.15121900e+04 7.06755900e+02 2.77923500e-02 1.27934900e+00 4.21729400e+00 6.58273400e+00 1.19430800e+04 5.52443500e+00
1.00491500e+00 6.32725100e+03 2.21261100e-02 1.14387000e-01 1.04155000e+00 5.77589000e-02 2.76483700e+00 3.03346800e+00 9.55798200e-01 9.99851800e-01 2.22234900e+02 3.14108400e+01 8.36461300e+01 4.47779400e+01 4.58304400e+00 7.96295800e-01 6.52506700e-01 8.42811400e-01 7.17682400e+00 9.02734500e-01 1.02776200e+00 9.96972200e-01 1.16349100e+00 9.97676300e-01 1.00229300e+00 9.98016500e-01 9.92314100e-01 6.60504200e+01 6.85608500e-01 3.14391500e-01 1.37158200e-01 9.05935700e-02 7.95219900e-01 8.14070500e-01 4.45884800e-01 5.95463200e-01 9.78474400e-01 9.93075000e+01 2.44471800e+00 7.95440700e+00 2.07691400e+00 1.85033300e+00 1.23885900e+03 5.72642800e+03 2.52458500e+03 8.14730400e+02 2.30987600e+02 9.55798200e-01 2.41452900e-01 2.42765000e-01 2.53331800e+00 1.40808600e+01 1.08945000e+03 1.47561700e+02 1.04193800e+00 1.41622400e+01 1.05875000e+03 1.50351100e+02 1.38394000e-01 1.60287900e-01 3.39019900e+03 1.01501000e-02 8.15032400e-01 4.50477800e-01 7.12550500e+01 6.56177800e+02 8.12191100e+01 1.56421700e+03 8.78337100e+01 2.02583400e+03 9.33648500e+01 2.35695000e+03 2.31690300e+02 5.88194500e+03 4.50207600e-01 7.34549200e-01 4.67566900e-01 6.50817100e-01 4.65855800e-01 6.08931100e-01 4.60747100e-01 5.79333600e-01 2.92031200e-01 3.00923700e-01 2.69844000e+01 1.06061400e+02 3.22637300e+01 8.71963300e+00 3.96958500e+02 2.46264900e+01 1.15048300e+04 7.06839600e+02 5.76089600e-02 1.03858200e+00 4.89025900e+00 6.53812600e+00 1.19351400e+04 5.98645000e+00
4.24685100e-01 6.33516000e+03 2.19341400e-02 1.13070800e-01 1.04146900e+00 4.58254800e-02 2.72835800e+00 3.00975000e+00 9.54497900e-01 1.00034800e+00 2.28869900e+02 3.61959400e+01 1.07301300e+02 4.21503700e+01 7.74280900e+00 9.55302900e-01 3.48287900e-01 4.03290300e-01 1.83444000e+00 9.16616800e-01 5.21072800e-01 8.11225500e-01 8.65480000e-01 1.00042600e+00 9.99228600e-01 1.00275900e+00 9.98892800e-01 6.59112500e+01 6.87751200e-01 3.12248800e-01 1.35650000e-01 8.94086500e-02 7.82827700e-01 7.98649000e-01 4.37438100e-01 5.85182600e-01 9.64242800e-01 9.96216900e+01 2.41332100e+00 6.74285900e+00 2.02823400e+00 1.85060800e+00 1.24009300e+03 5.74198200e+03 2.53160400e+03 8.16374400e+02 2.30941000e+02 9.54497900e-01 2.40857900e-01 2.42167800e-01 2.55608000e+00 1.41375300e+01 1.08953600e+03 1.48272900e+02 1.04190900e+00 1.42308900e+01 1.05814000e+03 1.51145200e+02 1.37590900e-01 1.60445700e-01 3.36988900e+03 1.00636100e-02 8.18071900e-01 4.52207800e-01 7.10730700e+01 6.57697000e+02 8.09564100e+01 1.56837400e+03 8.75206600e+01 2.03156600e+03 9.30111900e+01 2.36390300e+03 2.30478300e+02 5.90538000e+03 4.41856200e-01 7.23310700e-01 4.59417300e-01 6.41088100e-01 4.57979700e-01 5.99923000e-01 4.53118100e-01 5.70822100e-01 2.87830900e-01 2.96682600e-01 2.70260300e+01 1.05445900e+02 3.28668500e+01 1.05109500e+01 3.95927500e+02 2.44794700e+01 1.15171700e+04 7.06770900e+02 3.03355300e-02 1.21731700e+00 4.24950700e+00 9.96549900e+00 1.19480900e+04 5.49716000e+00
5.08340500e-01 6.33119800e+03 2.21355500e-02 1.13330300e-01 1.04200700e+00 4.41136400e-02 2.68767000e+00 3.00909300e+00 9.57376600e-01 1.00183800e+00 2.59585600e+02 3.39974700e+01 1.18058400e+02 3.38628700e+01 5.40521900e+00 5.34232900e-01 8.16228900e-01 2.67315400e-01 2.07068200e-01 8.89306600e-01 1.01793200e+00 9.77742200e-01 8.83011100e-01 9.99098000e-01 1.00013700e+00 9.96654600e-01 9.85095900e-01 6.56695600e+01 6.84379600e-01 3.15620400e-01 1.36111000e-01 8.93835000e-02 7.85121700e-01 8.05302300e-01 4.41082200e-01 5.88475400e-01 9.68846500e-01 9.91986400e+01 2.41378200e+00 6.52008100e+00 2.02690000e+00 1.85573400e+00 1.23464400e+03 5.74099700e+03 2.54319400e+03 8.24043400e+02 2.34230400e+02 9.57376600e-01 2.40374000e-01 2.41682100e-01 2.50442300e+00 1.41469900e+01 1.08926700e+03 1.48258500e+02 1.04244500e+00 1.42221800e+01 1.05859800e+03 1.51057300e+02 1.37994100e-01 1.60074800e-01 3.40080700e+03 1.01269000e-02 8.13456700e-01 4.49656300e-01 7.08636400e+01 6.59893600e+02 8.08041700e+01 1.57277200e+03 8.74013200e+01 2.03671500e+03 9.29170100e+01 2.36944700e+03 2.30767100e+02 5.90969800e+03 4.45258500e-01 7.25105200e-01 4.62130600e-01 6.42322900e-01 4.60302100e-01 6.00931400e-01 4.55163900e-01 5.71690600e-01 2.88139800e-01 2.96858700e-01 2.50071100e+01 1.04233100e+02 2.63437000e+01 1.00399300e+01 3.96249400e+02 2.36422300e+01 1.15173800e+04 7.06882300e+02 6.83546400e-02 1.03858200e+00 5.04915100e+00 2.04690000e+00 1.19473100e+04 6.15608800e+00
2.57632000e-01 6.33206500e+03 2.23912000e-02 1.13114700e-01 1.04170500e+00 5.08227300e-02 2.79399600e+00 3.02435700e+00 9.65629000e-01 1.00341400e+00 2.68069100e+02 2.88276700e+01 8.41323000e+01 5.02653100e+01 2.08829800e+00 6.78428000e-01 4.86897100e-01 3.74187100e-01 2.91570800e+00 9.28638700e-01 1.19348600e+00 8.14384200e-01 1.03577400e+00 9.97648800e-01 1.00119500e+00 9.96273400e-01 9.91618200e-01 6.71197500e+01 6.97782100e-01 3.02217900e-01 1.36151000e-01 9.13842100e-02 7.88008400e-01 7.90915900e-01 4.33202500e-01 5.84266400e-01 9.61846300e-01 1.00847000e+02 2.39347300e+00 7.18231200e+00 2.05807600e+00 1.85916300e+00 1.22412600e+03 5.76265500e+03 2.54680700e+03 8.25703200e+02 2.34607100e+02 9.65629000e-01 2.41970200e-01 2.43284200e-01 2.49446800e+00 1.40105300e+01 1.08903900e+03 1.47546000e+02 1.04205900e+00 1.41590800e+01 1.05928400e+03 1.50249300e+02 1.38582500e-01 1.60105500e-01 3.35154000e+03 1.00547900e-02 8.22942100e-01 4.54411900e-01 7.22155900e+01 6.46554600e+02 8.19951400e+01 1.54426300e+03 8.85054600e+01 2.00194700e+03 9.39579500e+01 2.33076300e+03 2.31218000e+02 5.85111900e+03 4.38400500e-01 7.29074600e-01 4.58267700e-01 6.47273700e-01 4.57979100e-01 6.06159300e-01 4.53877000e-01 5.77033600e-01 2.91347200e-01 3.00755200e-01 2.42562300e+01 1.03868200e+02 2.85554200e+01 1.17324900e+01 3.95643700e+02 2.23837100e+01 1.15155800e+04 7.06549000e+02 5.78957700e-03 1.96545900e+00 3.33442600e+00 6.93965200e+00 1.19453400e+04 5.30567500e+00
6.65271400e-01 6.33185800e+03 2.25371400e-02 1.17181800e-01 1.04091200e+00 4.71465000e-02 2.99039300e+00 3.02615900e+00 9.69678800e-01 1.00079400e+00 2.27280400e+02 3.09498300e+01 1.17823700e+02 3.53677200e+01 3.28366100e+00 7.40924100e-01 3.21426400e-01 2.02611300e-01 1.17158700e+00 1.08473900e+00 9.44179200e-01 8.46889600e-01 8.23954800e-01 9.96728300e-01 9.98475800e-01 1.00436200e+00 9.91936500e-01 6.78338600e+01 6.94955800e-01 3.05044200e-01 1.40364000e-01 9.52143500e-02 7.96692900e-01 8.03362800e-01 4.40019900e-01 5.92081700e-01 9.67314500e-01 1.00351400e+02 2.39496800e+00 6.85272200e+00 2.06178900e+00 1.87626100e+00 1.21998100e+03 5.75608800e+03 2.54687700e+03 8.23158100e+02 2.33050100e+02 9.69678800e-01 2.44710700e-01 2.46034700e-01 2.53636400e+00 1.38270400e+01 1.08941300e+03 1.45317200e+02 1.04111300e+00 1.39578600e+01 1.06008500e+03 1.47937100e+02 1.40317400e-01 1.60405600e-01 3.36395200e+03 1.02287700e-02 8.20605900e-01 4.53068900e-01 7.30292000e+01 6.39557400e+02 8.29942400e+01 1.52686100e+03 8.96236900e+01 1.97893400e+03 9.51739000e+01 2.30359700e+03 2.34676200e+02 5.77484800e+03 4.45043000e-01 7.36824400e-01 4.64499800e-01 6.53837700e-01 4.63873300e-01 6.12173900e-01 4.59496600e-01 5.82676700e-01 2.94052700e-01 3.03435500e-01 2.31673600e+01 1.03821700e+02 2.79867800e+01 9.78947700e+00 3.95883400e+02 2.23186000e+01 1.15176100e+04 7.06594600e+02 7.85854800e-04 1.67729600e+00 3.60744300e+00 6.23632700e+00 1.19456000e+04 5.28552500e+00
3.43413300e-01 6.33253300e+03 2.22218000e-02 1.17021100e-01 1.04046400e+00 4.62255100e-02 2.98752600e+00 3.02419200e+00 9.68969000e-01 1.00405000e+00 2.12493500e+02 2.45623700e+01 1.10953600e+02 3.48841900e+01 6.28088700e+00 6.66104100e-01 5.63576800e-01 1.29041200e-01 5.48758800e+00 9.06866400e-01 8.59526400e-01 1.02903600e+00 9.89857100e-01 9.96989500e-01 1.00017800e+00 1.00307900e+00 9.97849200e-01 6.74493400e+01 6.92514200e-01 3.07485800e-01 1.39888000e-01 9.43535500e-02 7.96268500e-01 8.06141800e-01 4.41542100e-01 5.92946900e-01 9.69551100e-01 1.00062100e+02 2.39635900e+00 6.81610100e+00 2.05773700e+00 1.87602600e+00 1.21891500e+03 5.73526000e+03 2.54592000e+03 8.21128600e+02 2.31852400e+02 9.68969000e-01 2.44548300e-01 2.45871700e-01 2.59333900e+00 1.38749000e+01 1.08978700e+03 1.45618200e+02 1.04069700e+00 1.39923800e+01 1.05932200e+03 1.48351500e+02 1.39658600e-01 1.60764600e-01 3.35378900e+03 1.01959000e-02 8.21220900e-01 4.53616900e-01 7.26539700e+01 6.43039300e+02 8.26323700e+01 1.53457500e+03 8.92669600e+01 1.98854100e+03 9.48197200e+01 2.31445900e+03 2.34200100e+02 5.79513700e+03 4.46384400e-01 7.36191000e-01 4.65291700e-01 6.53010100e-01 4.64379700e-01 6.11288800e-01 4.59809800e-01 5.81765800e-01 2.93500400e-01 3.02754100e-01 2.67344700e+01 1.07943100e+02 3.11839000e+01 1.10618100e+01 3.96028300e+02 2.19279100e+01 1.15143500e+04 7.06644800e+02 7.59328500e-03 1.47275900e+00 3.85212200e+00 9.71699500e+00 1.19433700e+04 5.33247500e+00
8.95303200e-01 6.33517200e+03 2.22398700e-02 1.19659300e-01 1.04089100e+00 5.72639300e-02 3.03008800e+00 3.05457200e+00 9.66577300e-01 1.00520100e+00 2.00104300e+02 3.16130600e+01 9.85077500e+01 3.44404100e+01 2.65951200e+00 6.23127800e-01 8.65551400e-02 4.79146500e-01 9.58650500e+00 1.25447800e+00 9.44927100e-01 9.96300300e-01 1.22351900e+00 9.95390100e-01 9.98496200e-01 9.99427200e-01 9.92520600e-01 6.71710200e+01 6.84073600e-01 3.15926400e-01 1.42544300e-01 9.57484400e-02 8.15714500e-01 8.37086700e-01 4.58491300e-01 6.11553700e-01 9.95284400e-01 9.90151900e+01 2.45539300e+00 8.00323500e+00 2.12121000e+00 1.89166800e+00 1.23278500e+03 5.74376100e+03 2.55321200e+03 8.22098500e+02 2.32331100e+02 9.66577300e-01 2.45129000e-01 2.46454500e-01 2.60472400e+00 1.38267200e+01 1.09004100e+03 1.44698300e+02 1.04109600e+00 1.38986500e+01 1.05958900e+03 1.47407600e+02 1.40496400e-01 1.60883600e-01 3.39821000e+03 1.03606000e-02 8.13615400e-01 4.49643700e-01 7.24911900e+01 6.45098500e+02 8.26673800e+01 1.53744100e+03 8.94205100e+01 1.99091800e+03 9.50663900e+01 2.31613200e+03 2.36150000e+02 5.77594900e+03 4.62750800e-01 7.53324900e-01 4.80207600e-01 6.67281500e-01 4.78270900e-01 6.24264400e-01 4.72907500e-01 5.93877200e-01 2.99264100e-01 3.08333400e-01 2.95875000e+01 1.05121200e+02 2.97722900e+01 8.89685100e+00 3.96776700e+02 2.28279000e+01 1.15128400e+04 7.06893300e+02 9.05375500e-02 9.26576500e-01 5.71233000e+00 1.53851400e+01 1.19413400e+04 6.72944400e+00
8.90709100e-01 6.32971000e+03 2.23061100e-02 1.20110200e-01 1.04117300e+00 6.35136500e-02 3.06990500e+00 3.05821900e+00 9.66278500e-01 9.97924400e-01 2.35692500e+02 3.11377200e+01 9.73281800e+01 4.11923600e+01 3.43430500e+00 5.56003000e-01 7.88020400e-01 1.96790800e-01 4.19860200e+00 9.82461000e-01 9.44660200e-01 9.89098200e-01 8.54279600e-01 9.98103600e-01 1.00379100e+00 9.91822500e-01 9.94944600e-01 6.76251200e+01 6.87171400e-01 3.12828600e-01 1.43061400e-01 9.67454600e-02 8.17418300e-01 8.34712500e-01 4.57190900e-01 6.11323300e-01 9.94009000e-01 9.94179400e+01 2.45665400e+00 8.61663800e+00 2.12896000e+00 1.87499500e+00 1.22598700e+03 5.70066200e+03 2.52684900e+03 8.12533600e+02 2.29397200e+02 9.66278500e-01 2.45689300e-01 2.47016900e-01 2.60587500e+00 1.37720400e+01 1.09003600e+03 1.44332200e+02 1.04134600e+00 1.38601600e+01 1.05981800e+03 1.47013300e+02 1.40809100e-01 1.60972200e-01 3.39242200e+03 1.03706200e-02 8.15086600e-01 4.50370500e-01 7.29306600e+01 6.40987000e+02 8.30875100e+01 1.52838700e+03 8.98325300e+01 1.97967800e+03 9.54738500e+01 2.30345300e+03 2.36673000e+02 5.75277400e+03 4.61712600e-01 7.55206000e-01 4.79908400e-01 6.69284000e-01 4.78334200e-01 6.26276800e-01 4.73208400e-01 5.95877500e-01 3.00388900e-01 3.09629300e-01 2.66317000e+01 1.05850700e+02 3.06882500e+01 9.01173900e+00 3.99100200e+02 2.36098300e+01 1.15089400e+04 7.06788700e+02 4.76386200e-02 1.09677200e+00 4.79115900e+00 6.03447400e+00 1.19406600e+04 5.93557000e+00
6.48281400e-01 6.32993600e+03 2.24232500e-02 1.25298900e-01 1.04020900e+00 5.30241900e-02 3.36751800e+00 3.05400300e+00 9.76658500e-01 1.00283700e+00 2.67852600e+02 4.12128500e+01 9.77261500e+01 4.09939200e+01 1.76005000e+00 7.27676600e-01 3.89495800e-01 8.34206600e-01 8.93282400e+00 1.00011100e+00 9.49305400e-01 9.06794700e-01 9.87729900e-01 9.97437500e-01 9.99351700e-01 1.00115200e+00 9.94931100e-01 6.90203900e+01 6.88553400e-01 3.11446600e-01 1.48367300e-01 1.02403700e-01 8.25849800e-01 8.41457600e-01 4.60885300e-01 6.16945700e-01 9.94059500e-01 9.94636300e+01 2.43214300e+00 7.65838600e+00 2.12000500e+00 1.90669200e+00 1.21352700e+03 5.70694600e+03 2.54397300e+03 8.15314600e+02 2.28892700e+02 9.76658500e-01 2.49622400e-01 2.50964200e-01 2.68637500e+00 1.35103100e+01 1.09062400e+03 1.41506200e+02 1.04018100e+00 1.36040000e+01 1.06069600e+03 1.44107600e+02 1.42892000e-01 1.61612600e-01 3.38404100e+03 1.05489800e-02 8.16393400e-01 4.50949300e-01 7.44135100e+01 6.28115100e+02 8.47396200e+01 1.49802300e+03 9.15992000e+01 1.94056400e+03 9.73373700e+01 2.25811700e+03 2.41066800e+02 5.64330200e+03 4.65529800e-01 7.63131500e-01 4.84225500e-01 6.76455200e-01 4.82799300e-01 6.33047500e-01 4.77732400e-01 6.02356400e-01 3.03671600e-01 3.13097500e-01 3.19964100e+01 1.08566500e+02 3.47727700e+01 9.68877700e+00 3.95943800e+02 2.16850900e+01 1.15157700e+04 7.06747100e+02 4.44917100e-02 1.15641700e+00 4.89058900e+00 3.94949800e+00 1.19430800e+04 6.09149700e+00
4.91218200e-01 6.33129200e+03 2.25228800e-02 1.27156100e-01 1.04000800e+00 5.26208600e-02 3.45806800e+00 3.05851200e+00 9.77746800e-01 1.00067500e+00 2.49354300e+02 5.04409100e+01 1.09132300e+02 4.28958400e+01 4.08827500e+00 6.25917000e-01 9.39915000e-01 6.23812300e-01 3.73828600e+00 1.12580400e+00 1.04989800e+00 9.21475400e-01 7.94467400e-01 9.97873500e-01 1.00053700e+00 1.00044900e+00 9.94108300e-01 6.94305400e+01 6.88163000e-01 3.11837000e-01 1.50324100e-01 1.04370900e-01 8.30794600e-01 8.47026200e-01 4.63935400e-01 6.20834100e-01 9.97053400e-01 9.93689300e+01 2.43775500e+00 7.63397200e+00 2.12958400e+00 1.91685400e+00 1.21616600e+03 5.72111300e+03 2.54770500e+03 8.15204400e+02 2.28556300e+02 9.77746800e-01 2.50811800e-01 2.52157800e-01 2.69863000e+00 1.34257700e+01 1.09074000e+03 1.40564400e+02 1.03991700e+00 1.35168800e+01 1.06111500e+03 1.43119900e+02 1.43718100e-01 1.61719400e-01 3.38937300e+03 1.06269800e-02 8.15624700e-01 4.50471400e-01 7.48622700e+01 6.24377500e+02 8.52611600e+01 1.48901800e+03 9.21684900e+01 1.92883800e+03 9.79463000e+01 2.24442300e+03 2.42638800e+02 5.60803100e+03 4.68564800e-01 7.67659300e-01 4.87280100e-01 6.80422700e-01 4.85797100e-01 6.36741100e-01 4.80667200e-01 6.05858900e-01 3.05408700e-01 3.14878000e-01 3.33619400e+01 1.10929500e+02 3.50986700e+01 1.02321900e+01 3.95906300e+02 2.20189900e+01 1.15182600e+04 7.06758600e+02 5.34266300e-02 1.09677200e+00 5.15546100e+00 3.09855100e+00 1.19464200e+04 6.30565900e+00
8.03875500e-01 6.33259600e+03 2.26814200e-02 1.22919600e-01 1.04043200e+00 5.61409400e-02 3.26730700e+00 3.06392600e+00 9.78190400e-01 1.00496500e+00 2.43762800e+02 3.46068200e+01 1.20890300e+02 2.85368800e+01 3.23928700e+00 5.93816800e-01 1.36873800e-01 3.67390400e-02 6.82288400e+00 9.22646800e-01 6.49446300e-01 1.02706300e+00 9.80350200e-01 9.99134200e-01 1.00098800e+00 9.95564700e-01 9.86721500e-01 6.89910900e+01 6.92745200e-01 3.07254800e-01 1.46246200e-01 1.00896900e-01 8.24774800e-01 8.34687800e-01 4.57177400e-01 6.14058900e-01 9.92976300e-01 9.99715200e+01 2.43289800e+00 7.87200900e+00 2.14114500e+00 1.91373900e+00 1.21994300e+03 5.77117600e+03 2.56782400e+03 8.27033300e+02 2.33465700e+02 9.78190400e-01 2.48429800e-01 2.49767300e-01 2.60470600e+00 1.35676000e+01 1.08999500e+03 1.42375500e+02 1.04044300e+00 1.36841200e+01 1.06103900e+03 1.44905000e+02 1.42599300e-01 1.60996100e-01 3.37902400e+03 1.04652100e-02 8.18109900e-01 4.51654600e-01 7.43119700e+01 6.28675000e+02 8.45115700e+01 1.50035300e+03 9.12936100e+01 1.94423300e+03 9.69699600e+01 2.26292000e+03 2.39471100e+02 5.66675700e+03 4.62168100e-01 7.62564900e-01 4.81799400e-01 6.76422800e-01 4.80880400e-01 6.33212400e-01 4.76164700e-01 6.02634400e-01 3.03994100e-01 3.13613100e-01 2.91400100e+01 1.07562100e+02 3.04906100e+01 9.36596700e+00 3.96295100e+02 2.16379300e+01 1.15169300e+04 7.06639700e+02 1.15593300e-02 1.40705700e+00 4.09330600e+00 8.81245500e+00 1.19442300e+04 5.51192200e+00
1.64571800e-02 6.34087500e+03 2.23888900e-02 1.21334900e-01 1.04058000e+00 4.67310900e-02 3.35821100e+00 3.01987200e+00 9.85665200e-01 9.96452300e-01 2.76183200e+02 3.60293500e+01 8.34612500e+01 4.57139500e+01 1.32536000e+00 6.65258300e-01 4.28935700e-01 5.79649000e-01 9.60990200e+00 1.04605700e+00 1.10671600e+00 8.59215500e-01 1.03888500e+00 9.97881900e-01 1.00016300e+00 9.88525400e-01 9.94186500e-01 7.04083300e+01 7.08776900e-01 2.91223100e-01 1.44368900e-01 1.01647800e-01 8.02594400e-01 7.90766700e-01 4.33120800e-01 5.89593300e-01 9.56498100e-01 1.02225000e+02 2.33751000e+00 6.94122300e+00 2.04886600e+00 1.86605100e+00 1.17450100e+03 5.62484500e+03 2.51050900e+03 8.06879700e+02 2.26111100e+02 9.85665200e-01 2.49490700e-01 2.50832000e-01 2.68973300e+00 1.34950900e+01 1.09031500e+03 1.42551500e+02 1.04056700e+00 1.36994200e+01 1.06031400e+03 1.45188800e+02 1.41726400e-01 1.61806900e-01 3.29636700e+03 1.02696200e-02 8.32761500e-01 4.59516400e-01 7.55638200e+01 6.17133400e+02 8.54929900e+01 1.47659000e+03 9.21199300e+01 1.91593500e+03 9.76781800e+01 2.23204000e+03 2.38474300e+02 5.63439500e+03 4.39184300e-01 7.43672000e-01 4.61824600e-01 6.61459300e-01 4.62831900e-01 6.19957400e-01 4.59552300e-01 5.90488100e-01 2.98528100e-01 3.08739500e-01 3.19837000e+01 1.06353600e+02 3.42460300e+01 1.72823200e+01 3.96120500e+02 2.04597400e+01 1.15288600e+04 7.06500700e+02 1.26670200e-01 2.92364600e+00 4.49655900e+00 4.97951900e+00 1.19627200e+04 7.54687600e+00
1.08093200e-02 6.34100000e+03 2.24031800e-02 1.20914600e-01 1.04040400e+00 4.77885800e-02 3.35843000e+00 3.02169300e+00 9.85031100e-01 9.97227900e-01 2.53639500e+02 3.63930400e+01 1.02803100e+02 3.65889700e+01 1.70885400e+00 8.10682300e-01 5.62999500e-02 4.79380200e-01 9.60741200e+00 1.14158300e+00 1.12962100e+00 1.03132900e+00 1.28704500e+00 9.96568600e-01 1.00044800e+00 9.99152100e-01 1.00079800e+00 7.05145300e+01 7.10470000e-01 2.89530000e-01 1.43963000e-01 1.01514800e-01 8.01483200e-01 7.87373100e-01 4.31262000e-01 5.87919400e-01 9.54454300e-01 1.02443300e+02 2.33712900e+00 7.04498300e+00 2.05260000e+00 1.86550200e+00 1.17722800e+03 5.63763700e+03 2.51033100e+03 8.06362200e+02 2.25876500e+02 9.85031100e-01 2.49498700e-01 2.50840100e-01 2.68707100e+00 1.34965300e+01 1.09026100e+03 1.42644600e+02 1.04039500e+00 1.37106200e+01 1.06031400e+03 1.45279700e+02 1.41639100e-01 1.61774300e-01 3.28696000e+03 1.02404700e-02 8.34449500e-01 4.60379800e-01 7.56499500e+01 6.16310700e+02 8.55428600e+01 1.47502800e+03 9.21482600e+01 1.91417800e+03 9.76897300e+01 2.23021500e+03 2.38200100e+02 5.63474200e+03 4.37430900e-01 7.42817100e-01 4.60413000e-01 6.60894800e-01 4.61623100e-01 6.19510900e-01 4.58490000e-01 5.90114500e-01 2.98413400e-01 3.08706200e-01 3.20548500e+01 1.09780400e+02 3.70655800e+01 1.81117900e+01 3.95978000e+02 2.04866600e+01 1.15246400e+04 7.06511900e+02 1.60616500e-01 3.09335200e+00 4.88978000e+00 8.12947500e+00 1.19592100e+04 8.14374800e+00
5.62912700e-01 6.33514900e+03 2.25753000e-02 1.21510200e-01 1.04066100e+00 6.17153700e-02 3.39087600e+00 3.06598200e+00 9.84527100e-01 1.00172300e+00 2.33595900e+02 2.78414900e+01 9.78240200e+01 4.08732000e+01 4.05644900e+00 5.52600700e-01 6.71130700e-01 1.23821500e-01 6.31019900e+00 1.04349500e+00 9.21718700e-01 1.08070000e+00 1.07773400e+00 9.97199500e-01 1.00409200e+00 1.00955700e+00 1.00041400e+00 7.09137000e+01 7.12193800e-01 2.87806200e-01 1.44730600e-01 1.02633800e-01 8.19822800e-01 8.02988700e-01 4.39815000e-01 6.00475200e-01 9.73542600e-01 1.02672500e+02 2.38909100e+00 8.44268800e+00 2.14555100e+00 1.89641600e+00 1.20337100e+03 5.74260400e+03 2.54653200e+03 8.17330700e+02 2.29388000e+02 9.84527100e-01 2.49979100e-01 2.51322200e-01 2.66599400e+00 1.34431600e+01 1.09012700e+03 1.42212900e+02 1.04060700e+00 1.36663500e+01 1.06077200e+03 1.44785100e+02 1.42185500e-01 1.61674700e-01 3.29081000e+03 1.02738600e-02 8.34431500e-01 4.60243100e-01 7.60450600e+01 6.12989500e+02 8.59419600e+01 1.46748200e+03 9.25526800e+01 1.90465300e+03 9.80999000e+01 2.21934000e+03 2.38895900e+02 5.61220500e+03 4.46264000e-01 7.59991600e-01 4.70149700e-01 6.76374000e-01 4.71595100e-01 6.34104600e-01 4.68534900e-01 6.04068100e-01 3.05539000e-01 3.16168100e-01 2.78740700e+01 1.09554000e+02 3.23311900e+01 1.01897000e+01 3.97591400e+02 2.10722400e+01 1.15176100e+04 7.06528600e+02 1.99336100e-01 3.17908700e+00 5.34980800e+00 8.57572300e+00 1.19464700e+04 8.72823000e+00
8.26348400e-01 6.32939900e+03 2.25373100e-02 1.24855000e-01 1.04005400e+00 6.38753800e-02 3.43284900e+00 3.07329800e+00 9.79076600e-01 1.00057100e+00 2.27907100e+02 4.11231700e+01 1.02408800e+02 3.96366800e+01 2.49068400e+00 6.25429800e-01 6.88703100e-01 4.10560300e-01 5.49939500e+00 1.06530500e+00 1.16068800e+00 1.07477400e+00 1.08030800e+00 9.96973500e-01 1.00293000e+00 9.97958300e-01 9.95485100e-01 6.99652100e+01 6.97582200e-01 3.02417800e-01 1.48037500e-01 1.03574700e-01 8.30698900e-01 8.34039600e-01 4.56822300e-01 6.16020900e-01 9.93121900e-01 1.00601700e+02 2.43541700e+00 8.72650100e+00 2.16130700e+00 1.90210700e+00 1.21277800e+03 5.71797200e+03 2.53677600e+03 8.11895900e+02 2.27704500e+02 9.79076600e-01 2.50498100e-01 2.51843000e-01 2.68733500e+00 1.34380800e+01 1.09050200e+03 1.41223800e+02 1.03998100e+00 1.35794600e+01 1.06096300e+03 1.43788200e+02 1.43087500e-01 1.61683500e-01 3.34832300e+03 1.04814600e-02 8.23137400e-01 4.54378100e-01 7.52815900e+01 6.20235700e+02 8.54816100e+01 1.48135700e+03 9.22715200e+01 1.92036700e+03 9.79580500e+01 2.23575800e+03 2.41095000e+02 5.61208500e+03 4.62209800e-01 7.68541000e-01 4.83093700e-01 6.82274200e-01 4.82759300e-01 6.38919200e-01 4.78414600e-01 6.08207800e-01 3.06991900e-01 3.16944400e-01 3.13047400e+01 1.09557400e+02 3.50634600e+01 9.39869100e+00 3.98919800e+02 2.18748500e+01 1.15111000e+04 7.06551800e+02 4.95843700e-04 1.81943000e+00 3.52742900e+00 5.60299200e+00 1.19413000e+04 5.34735500e+00
1.02539700e+00 6.33214500e+03 2.25025200e-02 1.20068300e-01 1.04076800e+00 6.17478600e-02 3.15673200e+00 3.05397700e+00 9.71595700e-01 9.97961300e-01 2.36195500e+02 5.10731700e+01 8.61719000e+01 4.63912000e+01 3.39102800e+00 7.01689800e-01 6.29602700e-01 7.33929400e-01 3.53701000e+00 9.69310800e-01 6.03694800e-01 8.44015600e-01 8.10916900e-01 9.97618600e-01 1.00058400e+00 9.91905400e-01 9.93959000e-01 6.86761500e+01 6.96345700e-01 3.03654300e-01 1.43215900e-01 9.83551700e-02 8.13390100e-01 8.18329100e-01 4.48217300e-01 6.03800900e-01 9.81512700e-01 1.00523200e+02 2.42511900e+00 8.40911900e+00 2.11994800e+00 1.87366400e+00 1.21570300e+03 5.70874600e+03 2.52418700e+03 8.11802000e+02 2.28910100e+02 9.71595700e-01 2.46915300e-01 2.48247300e-01 2.59941300e+00 1.36747100e+01 1.08986700e+03 1.43763900e+02 1.04087500e+00 1.38118200e+01 1.06035200e+03 1.46372900e+02 1.41304100e-01 1.60969600e-01 3.35708700e+03 1.03220800e-02 8.21785400e-01 4.53710600e-01 7.39151700e+01 6.31790300e+02 8.39632400e+01 1.50865600e+03 9.06501000e+01 1.95556200e+03 9.62494100e+01 2.27657300e+03 2.37094800e+02 5.71105700e+03 4.53423400e-01 7.52406600e-01 4.73601100e-01 6.67818500e-01 4.73128500e-01 6.25327600e-01 4.68774500e-01 5.95235800e-01 3.00428000e-01 3.10090600e-01 3.12303700e+01 1.02284000e+02 3.11962500e+01 8.94831900e+00 3.98028600e+02 2.26101400e+01 1.15149700e+04 7.06570500e+02 5.95753800e-05 1.74777200e+00 3.50370300e+00 7.90710300e+00 1.19445600e+04 5.25153400e+00
1.05061500e+00 6.33164700e+03 2.25893200e-02 1.21048700e-01 1.04095800e+00 5.90465400e-02 3.17749800e+00 3.06114100e+00 9.72052200e-01 1.00253100e+00 1.76684200e+02 4.85793700e+01 1.19472100e+02 3.62033600e+01 7.28033400e+00 8.65797700e-01 5.11563000e-01 8.63776700e-01 9.70222300e-01 7.14543700e-01 6.88366500e-01 8.86743100e-01 9.26960300e-01 9.96679900e-01 9.98490700e-01 9.93767900e-01 9.94149200e-01 6.87091100e+01 6.94376400e-01 3.05623600e-01 1.44283100e-01 9.91356400e-02 8.18944500e-01 8.26584600e-01 4.52739000e-01 6.08907400e-01 9.87978200e-01 1.00261800e+02 2.43788400e+00 8.14056400e+00 2.13519100e+00 1.89736000e+00 1.22778300e+03 5.76774800e+03 2.55225500e+03 8.21130600e+02 2.31765000e+02 9.72052200e-01 2.47220500e-01 2.48553600e-01 2.59098700e+00 1.36437500e+01 1.08986300e+03 1.43347600e+02 1.04103400e+00 1.37697300e+01 1.06061900e+03 1.45922100e+02 1.41774400e-01 1.60926200e-01 3.37295600e+03 1.03850900e-02 8.19296300e-01 4.52352600e-01 7.39799800e+01 6.31380200e+02 8.40906000e+01 1.50719700e+03 9.08159800e+01 1.95335500e+03 9.64460800e+01 2.27374600e+03 2.37910800e+02 5.69836800e+03 4.57841900e-01 7.57340200e-01 4.77703500e-01 6.71971500e-01 4.76986400e-01 6.29122000e-01 4.72437600e-01 5.98789100e-01 3.02133100e-01 3.11760600e-01 2.85099700e+01 1.05955400e+02 3.17618800e+01 8.86458800e+00 3.97117400e+02 2.26137100e+01 1.15122600e+04 7.06605700e+02 2.21164200e-03 1.60798500e+00 3.69487300e+00 1.05325300e+01 1.19408500e+04 5.30506900e+00
5.78760000e-01 6.33252200e+03 2.24122300e-02 1.17474900e-01 1.04127000e+00 5.92301500e-02 3.06388900e+00 3.04606000e+00 9.69544000e-01 1.00006700e+00 2.40322600e+02 4.08563200e+01 9.86473300e+01 4.06263100e+01 1.04144200e+00 5.07320200e-01 7.31367500e-01 8.23889000e-01 9.00261900e+00 1.10563200e+00 6.43014300e-01 8.47096600e-01 6.43040100e-01 9.98162000e-01 1.00001100e+00 1.00781700e+00 9.92164600e-01 6.86102300e+01 7.01463000e-01 2.98537000e-01 1.40532200e-01 9.64194800e-02 8.04288600e-01 8.02325100e-01 4.39451600e-01 5.94513200e-01 9.70996100e-01 1.01286500e+02 2.40936000e+00 8.12530500e+00 2.10323200e+00 1.86827400e+00 1.22037500e+03 5.73435000e+03 2.52958500e+03 8.14217200e+02 2.29705300e+02 9.69544000e-01 2.45651100e-01 2.46978500e-01 2.58382200e+00 1.37532800e+01 1.08966300e+03 1.44964800e+02 1.04143900e+00 1.39196700e+01 1.05985600e+03 1.47625900e+02 1.40266800e-01 1.60903700e-01 3.33484300e+03 1.01905600e-02 8.25943200e-01 4.55956200e-01 7.37568900e+01 6.32779300e+02 8.36464500e+01 1.51224800e+03 9.02356200e+01 1.96102800e+03 9.57568200e+01 2.28360300e+03 2.35031500e+02 5.74321300e+03 4.45013900e-01 7.44502100e-01 4.66097700e-01 6.61373900e-01 4.66236200e-01 6.19532100e-01 4.62347400e-01 5.89868100e-01 2.97942700e-01 3.07756500e-01 3.09254900e+01 1.07498600e+02 3.16111500e+01 1.01530600e+01 3.97102900e+02 2.26244100e+01 1.15143500e+04 7.06509700e+02 2.71776000e-02 2.27128100e+00 3.46467200e+00 8.53823300e+00 1.19442300e+04 5.76313000e+00
2.63281000e-01 6.33576800e+03 2.24508500e-02 1.13867300e-01 1.04159300e+00 5.38070000e-02 2.82040100e+00 3.02785500e+00 9.59605900e-01 1.00241300e+00 2.38610000e+02 4.24922200e+01 1.19151500e+02 3.11391100e+01 3.92353900e+00 5.37889600e-01 6.72626400e-01 1.10754400e-02 4.31556300e+00 8.24097400e-01 1.06224300e+00 1.14869200e+00 1.08040400e+00 9.97181300e-01 1.00075600e+00 9.91940700e-01 9.78877100e-01 6.71710200e+01 6.96443100e-01 3.03556900e-01 1.36963200e-01 9.19996100e-02 7.89106900e-01 7.93771100e-01 4.34766300e-01 5.85727800e-01 9.62819500e-01 1.00641100e+02 2.41252800e+00 7.48748800e+00 2.06528800e+00 1.85457500e+00 1.23704300e+03 5.77471400e+03 2.53167200e+03 8.17822500e+02 2.31910000e+02 9.59605900e-01 2.42359400e-01 2.43674900e-01 2.49298300e+00 1.39827500e+01 1.08905700e+03 1.47153000e+02 1.04191300e+00 1.41233500e+01 1.05951300e+03 1.49828100e+02 1.38951500e-01 1.60084300e-01 3.35930800e+03 1.00965500e-02 8.21611200e-01 4.53670400e-01 7.22902600e+01 6.45986600e+02 8.21157100e+01 1.54257200e+03 8.86545200e+01 1.99953500e+03 9.41299000e+01 2.32777300e+03 2.31862800e+02 5.83969000e+03 4.39880800e-01 7.29956300e-01 4.59478400e-01 6.47907300e-01 4.59030900e-01 6.06690400e-01 4.54814300e-01 5.77500400e-01 2.91523600e-01 3.00878100e-01 3.26697300e+01 1.09364200e+02 3.38419700e+01 1.16691400e+01 3.95887200e+02 2.36643400e+01 1.15224800e+04 7.06568900e+02 1.06433600e-03 1.81943000e+00 3.38475800e+00 6.05623100e+00 1.19537100e+04 5.20525200e+00
3.25391900e-01 6.34157200e+03 2.23093500e-02 1.15257400e-01 1.04160700e+00 6.01587200e-02 2.94674200e+00 3.03998000e+00 9.66892300e-01 9.99745300e-01 2.20649500e+02 4.01908400e+01 1.14224600e+02 2.64927600e+01 1.79688500e+00 4.51235000e-01 5.94864300e-01 7.18809400e-01 8.74298800e+00 9.64306800e-01 1.02227700e+00 1.21120000e+00 1.30878300e+00 9.97104800e-01 1.00010600e+00 9.88790100e-01 9.81824800e-01 6.80609100e+01 7.01633600e-01 2.98366400e-01 1.38211900e-01 9.40682900e-02 7.97654800e-01 7.95480000e-01 4.35702400e-01 5.89525300e-01 9.66865500e-01 1.01372700e+02 2.40533100e+00 8.18634000e+00 2.09048300e+00 1.85350300e+00 1.21923900e+03 5.71854400e+03 2.52230200e+03 8.13329800e+02 2.29880500e+02 9.66892300e-01 2.44032600e-01 2.45354100e-01 2.56250100e+00 1.38667200e+01 1.08948100e+03 1.46229000e+02 1.04186500e+00 1.40353100e+01 1.05936100e+03 1.48944000e+02 1.39268200e-01 1.60722200e-01 3.33179700e+03 1.01010800e-02 8.26394200e-01 4.56275500e-01 7.31612800e+01 6.37920000e+02 8.29669800e+01 1.52457000e+03 8.95005000e+01 1.97703000e+03 9.49751800e+01 2.30225800e+03 2.33087900e+02 5.79056400e+03 4.41259000e-01 7.38378600e-01 4.62204800e-01 6.55953800e-01 4.62361100e-01 6.14463500e-01 4.58517300e-01 5.85047700e-01 2.95531300e-01 3.05263200e-01 3.12636800e+01 1.08127200e+02 3.11074200e+01 1.13060400e+01 3.97327100e+02 2.27280200e+01 1.15321000e+04 7.06508400e+02 3.34487700e-02 2.34993600e+00 3.50197800e+00 7.29023300e+00 1.19634600e+04 5.88536300e+00
3.39543300e-01 6.33417800e+03 2.22539200e-02 1.17900200e-01 1.04091600e+00 5.60690600e-02 3.09467000e+00 3.03603500e+00 9.70315800e-01 9.98031800e-01 2.80332600e+02 3.55426000e+01 7.17948400e+01 5.86189300e+01 2.70344500e+00 8.04967500e-01 5.95333100e-01 6.86097200e-01 6.06804000e+00 9.54400600e-01 1.15949300e+00 6.73455300e-01 9.36446500e-01 9.97670400e-01 1.00157500e+00 1.00156100e+00 1.00102100e+00 6.85699500e+01 7.00544300e-01 2.99455700e-01 1.40799200e-01 9.65459500e-02 8.01414000e-01 8.00686700e-01 4.38554200e-01 5.92843500e-01 9.67809800e-01 1.01163500e+02 2.39673200e+00 7.85675000e+00 2.08225100e+00 1.86136700e+00 1.21136100e+03 5.69346100e+03 2.51757700e+03 8.09187100e+02 2.27720800e+02 9.70315800e-01 2.45997900e-01 2.47326600e-01 2.62451100e+00 1.37494300e+01 1.08993000e+03 1.44820700e+02 1.04109000e+00 1.39104900e+01 1.05955100e+03 1.47533300e+02 1.40125400e-01 1.61172400e-01 3.32748900e+03 1.01890300e-02 8.26612000e-01 4.56418500e-01 7.37300100e+01 6.33075500e+02 8.36404400e+01 1.51273600e+03 9.02421200e+01 1.96151500e+03 9.57731300e+01 2.28405100e+03 2.35224500e+02 5.74172800e+03 4.44019800e-01 7.41749600e-01 4.64827700e-01 6.58827000e-01 4.64858000e-01 6.17103700e-01 4.60908700e-01 5.87529500e-01 2.96722200e-01 3.06454400e-01 2.92814800e+01 1.06361700e+02 3.37539000e+01 1.12119700e+01 3.96290600e+02 2.23475500e+01 1.15202200e+04 7.06517300e+02 1.96092400e-02 2.19351700e+00 3.41063400e+00 6.14908700e+00 1.19500700e+04 5.62376100e+00
5.60857100e-01 6.33443500e+03 2.23376600e-02 1.15169300e-01 1.04092700e+00 5.37159300e-02 2.83518000e+00 3.02105500e+00 9.60432700e-01 9.96644500e-01 2.27918200e+02 2.50638600e+01 8.24051400e+01 4.31631300e+01 6.85258300e+00 9.80019500e-01 4.39692400e-01 6.23732800e-01 5.21663200e+00 1.05806200e+00 8.09081000e-01 1.02241800e+00 1.23600100e+00 9.99094200e-01 1.00229600e+00 9.90001800e-01 9.82846300e-01 6.65667700e+01 6.88224000e-01 3.11776000e-01 1.38152100e-01 9.19634200e-02 7.90680700e-01 8.06049700e-01 4.41491600e-01 5.90829000e-01 9.69108500e-01 9.95285600e+01 2.41568500e+00 7.52410900e+00 2.05129200e+00 1.84234300e+00 1.22169800e+03 5.69352500e+03 2.51016000e+03 8.11011400e+02 2.29887300e+02 9.60432700e-01 2.42517600e-01 2.43833600e-01 2.51850000e+00 1.40044000e+01 1.08932900e+03 1.46810500e+02 1.04124500e+00 1.40995200e+01 1.05936100e+03 1.49516900e+02 1.39131400e-01 1.60147600e-01 3.38169400e+03 1.01742000e-02 8.16718700e-01 4.51187300e-01 7.17711900e+01 6.51265600e+02 8.17396900e+01 1.55315000e+03 8.83611900e+01 2.01192000e+03 9.38999400e+01 2.34110400e+03 2.32608200e+02 5.84971600e+03 4.45983800e-01 7.30608600e-01 4.63819100e-01 6.47601900e-01 4.62418600e-01 6.06037000e-01 4.57543500e-01 5.76650700e-01 2.90769800e-01 2.99740700e-01 2.40292900e+01 1.02683300e+02 3.05360700e+01 9.96888300e+00 3.95921400e+02 2.35848900e+01 1.15151500e+04 7.06756700e+02 3.85876400e-02 1.15641700e+00 4.61938400e+00 1.16693800e+01 1.19446300e+04 5.81438900e+00
5.86347300e-01 6.33411200e+03 2.22467000e-02 1.15149300e-01 1.04126800e+00 4.47536000e-02 2.78719500e+00 3.01601800e+00 9.59195300e-01 1.00340700e+00 2.68639000e+02 4.74123000e+01 1.10730900e+02 3.43815700e+01 1.50994600e+00 5.22583600e-01 4.81864200e-01 3.29057500e-01 6.23021000e+00 7.05121900e-01 6.22766300e-01 9.83093300e-01 9.11580300e-01 9.96517000e-01 1.00029100e+00 9.95846800e-01 9.84699400e-01 6.60467500e+01 6.83549600e-01 3.16450400e-01 1.38041200e-01 9.11717000e-02 7.90436100e-01 8.11818500e-01 4.44651300e-01 5.92847700e-01 9.72615100e-01 9.89917800e+01 2.42012800e+00 6.60247800e+00 2.04098600e+00 1.86624000e+00 1.23582200e+03 5.75358300e+03 2.54545200e+03 8.23303800e+02 2.33630300e+02 9.59195300e-01 2.41813800e-01 2.43127200e-01 2.51871600e+00 1.40554400e+01 1.08939000e+03 1.47139800e+02 1.04163800e+00 1.41258200e+01 1.05909300e+03 1.49881400e+02 1.38877800e-01 1.60141300e-01 3.40152000e+03 1.01998500e-02 8.13148100e-01 4.49397700e-01 7.12873300e+01 6.56030400e+02 8.13075800e+01 1.56336900e+03 8.79564500e+01 2.02441200e+03 9.35148200e+01 2.35503000e+03 2.32374100e+02 5.87153900e+03 4.48755100e-01 7.29935100e-01 4.65564200e-01 6.46515600e-01 4.63631300e-01 6.04818200e-01 4.58396100e-01 5.75366000e-01 2.89948200e-01 2.98696700e-01 3.23368300e+01 1.07135900e+02 3.15333200e+01 9.72417000e+00 3.96160900e+02 2.33933200e+01 1.15137700e+04 7.06912500e+02 9.27355100e-02 9.26576500e-01 5.69156100e+00 1.15547600e+01 1.19430500e+04 6.71087300e+00
4.81701500e-01 6.33041500e+03 2.23615500e-02 1.16232200e-01 1.04113400e+00 4.40303900e-02 2.90056500e+00 3.01732800e+00 9.62740000e-01 1.00208900e+00 2.33393200e+02 4.08285700e+01 1.01218800e+02 4.01387800e+01 3.78364500e+00 9.09256500e-01 5.54853900e-02 8.69795400e-01 2.49417900e+00 1.03687400e+00 8.61545000e-01 9.16470800e-01 1.26031200e+00 9.97426600e-01 1.00158800e+00 9.91807600e-01 9.88426400e-01 6.70465100e+01 6.90252200e-01 3.09747800e-01 1.39238900e-01 9.33548200e-02 7.91637700e-01 8.04396100e-01 4.40585900e-01 5.90579700e-01 9.66803900e-01 9.98041100e+01 2.40491200e+00 6.53228800e+00 2.04366200e+00 1.87139200e+00 1.23200800e+03 5.76323900e+03 2.54401200e+03 8.21257400e+02 2.32439700e+02 9.62740000e-01 2.43425400e-01 2.44744800e-01 2.53673900e+00 1.39293800e+01 1.08945600e+03 1.46166000e+02 1.04141900e+00 1.40352700e+01 1.05951300e+03 1.48858000e+02 1.39575900e-01 1.60368400e-01 3.37790600e+03 1.02086000e-02 8.17692400e-01 4.51684500e-01 7.22589700e+01 6.46718400e+02 8.22415400e+01 1.54280800e+03 8.88755100e+01 1.99885200e+03 9.44261500e+01 2.32616600e+03 2.33585200e+02 5.81814800e+03 4.45214200e-01 7.31691900e-01 4.63521900e-01 6.48780200e-01 4.62356700e-01 6.07229900e-01 4.57637100e-01 5.77841500e-01 2.91439600e-01 3.00526200e-01 2.57392800e+01 1.03557700e+02 2.95181400e+01 1.03298100e+01 3.96317000e+02 2.31373700e+01 1.15128800e+04 7.06700100e+02 1.92092500e-02 1.34256300e+00 4.13814000e+00 5.96937800e+00 1.19426600e+04 5.49991300e+00
5.11353200e-01 6.33558900e+03 2.20961700e-02 1.19798300e-01 1.04073200e+00 4.62669900e-02 3.07854900e+00 3.02348900e+00 9.68063400e-01 9.99740400e-01 2.16895800e+02 4.09831100e+01 8.19322100e+01 4.85208500e+01 5.43201200e+00 6.92026100e-01 4.94018400e-01 3.39143300e-01 4.57554000e+00 1.09302200e+00 6.50523700e-01 1.09770200e+00 1.42757700e+00 9.99278300e-01 1.00566200e+00 1.00497100e+00 9.97245200e-01 6.75152600e+01 6.87297300e-01 3.12702700e-01 1.42539600e-01 9.62359800e-02 8.03082400e-01 8.19908400e-01 4.49082300e-01 6.00541500e-01 9.77370300e-01 9.94402900e+01 2.40898700e+00 6.89544700e+00 2.05629100e+00 1.87455300e+00 1.21498600e+03 5.68139600e+03 2.52877900e+03 8.12819100e+02 2.28751900e+02 9.68063400e-01 2.45717100e-01 2.47044800e-01 2.64924300e+00 1.37962000e+01 1.09028500e+03 1.44529500e+02 1.04091800e+00 1.38848200e+01 1.05932200e+03 1.47285700e+02 1.40324600e-01 1.61241100e-01 3.37608200e+03 1.03266600e-02 8.17103500e-01 4.51570700e-01 7.28078800e+01 6.42060500e+02 8.29449400e+01 1.53097100e+03 8.96769800e+01 1.98304200e+03 9.53075200e+01 2.30738000e+03 2.36244600e+02 5.76286300e+03 4.53551300e-01 7.41971900e-01 4.71451400e-01 6.57567400e-01 4.69917000e-01 6.15318100e-01 4.64889400e-01 5.85453800e-01 2.95139500e-01 3.04223500e-01 3.14175500e+01 1.08446600e+02 3.42465900e+01 1.01255600e+01 3.95992100e+02 2.23850800e+01 1.15120500e+04 7.06784800e+02 4.59305300e-02 1.15641700e+00 4.74618300e+00 1.78906600e+01 1.19405500e+04 5.94853000e+00
8.31913000e-01 6.32697600e+03 2.23740500e-02 1.17941100e-01 1.04119400e+00 4.71913200e-02 2.90880500e+00 3.02298600e+00 9.62420500e-01 1.00001200e+00 2.34927900e+02 3.44854000e+01 9.94633100e+01 4.37243200e+01 5.03487400e+00 6.06848800e-01 6.84835200e-01 1.46374300e-01 2.89243200e-01 1.20431700e+00 1.30183900e+00 8.99516000e-01 1.00044000e+00 9.96872100e-01 9.99914600e-01 9.97304500e-01 9.87557200e-01 6.65667700e+01 6.81886700e-01 3.18113300e-01 1.40960300e-01 9.38327200e-02 7.99321300e-01 8.23098200e-01 4.50829400e-01 6.00297900e-01 9.79698900e-01 9.87409800e+01 2.42756500e+00 6.89239500e+00 2.05525700e+00 1.87014900e+00 1.22799400e+03 5.72177700e+03 2.53591200e+03 8.19158900e+02 2.32159600e+02 9.62420500e-01 2.43543100e-01 2.44862900e-01 2.53728400e+00 1.39248200e+01 1.08960100e+03 1.45659600e+02 1.04146800e+00 1.39859900e+01 1.05970400e+03 1.48333700e+02 1.40097100e-01 1.60334700e-01 3.41601900e+03 1.03295700e-02 8.10963800e-01 4.48163700e-01 7.18775900e+01 6.50763300e+02 8.20229300e+01 1.55041900e+03 8.87523100e+01 2.00738300e+03 9.43768300e+01 2.33500900e+03 2.34769300e+02 5.81714300e+03 4.54811000e-01 7.37978800e-01 4.71440700e-01 6.53463100e-01 4.69295400e-01 6.11244200e-01 4.63872400e-01 5.81433700e-01 2.92923800e-01 3.01704300e-01 2.74319400e+01 1.03786500e+02 2.95861700e+01 8.96069300e+00 3.95809200e+02 2.33235200e+01 1.15049700e+04 7.06976400e+02 1.26655000e-01 7.68898900e-01 6.43973800e+00 6.57496200e+00 1.19330700e+04 7.33529100e+00
8.48094000e-01 6.33496200e+03 2.24255100e-02 1.19630700e-01 1.04092300e+00 5.17048000e-02 3.02793300e+00 3.03723600e+00 9.66317200e-01 1.00187000e+00 2.03642800e+02 3.48849400e+01 1.23100700e+02 3.49610000e+01 7.79659500e+00 7.85095200e-01 4.06721200e-01 2.12153100e-01 1.14118000e+00 9.64183800e-01 8.62944200e-01 9.39662500e-01 9.30760400e-01 9.98033700e-01 1.00147100e+00 1.00343100e+00 9.93293200e-01 6.73175000e+01 6.85100400e-01 3.14899600e-01 1.42701400e-01 9.60629900e-02 8.07815600e-01 8.27632700e-01 4.53313100e-01 6.05139200e-01 9.84573700e-01 9.91046500e+01 2.43332500e+00 7.39288300e+00 2.08475300e+00 1.87994200e+00 1.22563400e+03 5.72574400e+03 2.53858300e+03 8.18363200e+02 2.31438300e+02 9.66317200e-01 2.45175100e-01 2.46500900e-01 2.56899300e+00 1.38093100e+01 1.08979900e+03 1.44574800e+02 1.04110500e+00 1.38866700e+01 1.06000900e+03 1.47219700e+02 1.40844300e-01 1.60624800e-01 3.40296000e+03 1.03735700e-02 8.13299200e-01 4.49341500e-01 7.26325700e+01 6.43768100e+02 8.28018900e+01 1.53451800e+03 8.95520200e+01 1.98729400e+03 9.51961300e+01 2.31204800e+03 2.36311100e+02 5.76856300e+03 4.57614600e-01 7.46130700e-01 4.75132600e-01 6.61018800e-01 4.73334500e-01 6.18450800e-01 4.68104400e-01 5.88374500e-01 2.96528800e-01 3.05560000e-01 2.79847100e+01 1.07612900e+02 3.15306000e+01 9.04157600e+00 3.95758900e+02 2.27846700e+01 1.15240600e+04 7.06857000e+02 8.02745400e-02 9.81866700e-01 5.56035300e+00 4.80337100e+00 1.19516400e+04 6.62249400e+00
7.49335700e-01 6.33155200e+03 2.20543100e-02 1.19844300e-01 1.04106900e+00 5.02016100e-02 3.04659300e+00 3.03649800e+00 9.66764100e-01 1.00279200e+00 2.56409500e+02 2.78507500e+01 8.42227500e+01 4.72724900e+01 4.54220400e+00 4.64014500e-01 8.40187200e-01 1.49679100e-01 7.36161300e+00 9.19817400e-01 8.97314700e-01 9.76303900e-01 9.35489900e-01 9.98892000e-01 1.00312600e+00 9.95899800e-01 1.00221200e+00 6.72039800e+01 6.84384600e-01 3.15615400e-01 1.42543800e-01 9.57950800e-02 8.09510500e-01 8.30311300e-01 4.54780300e-01 6.06753200e-01 9.87472500e-01 9.91128700e+01 2.43270900e+00 7.32269300e+00 2.08321700e+00 1.88421300e+00 1.22413300e+03 5.70420700e+03 2.54217800e+03 8.17408400e+02 2.30358700e+02 9.66764100e-01 2.45272100e-01 2.46598200e-01 2.64604600e+00 1.38236600e+01 1.09030900e+03 1.44709600e+02 1.04128500e+00 1.38972200e+01 1.05920800e+03 1.47480700e+02 1.40207400e-01 1.61231900e-01 3.39066700e+03 1.03490800e-02 8.14605300e-01 4.50303900e-01 7.25228500e+01 6.44793400e+02 8.26951300e+01 1.53679100e+03 8.94461400e+01 1.99012700e+03 9.50904900e+01 2.31525400e+03 2.36159600e+02 5.77463600e+03 4.59025200e-01 7.47627100e-01 4.76421700e-01 6.62269100e-01 4.74537400e-01 6.19589500e-01 4.69240400e-01 5.89438600e-01 2.97038700e-01 3.06055500e-01 2.95071400e+01 1.08430400e+02 3.27113400e+01 9.26398200e+00 3.95777300e+02 2.26067000e+01 1.15146300e+04 7.06882200e+02 7.80879000e-02 9.81866700e-01 5.36879300e+00 7.51703300e+00 1.19422800e+04 6.42874800e+00
9.04564000e-01 6.32612700e+03 2.22713700e-02 1.18430800e-01 1.04103700e+00 5.08965900e-02 2.99320900e+00 3.03801600e+00 9.67126700e-01 1.00357000e+00 2.44615600e+02 4.72987000e+01 8.92713200e+01 4.68756200e+01 3.66928900e+00 6.66404200e-01 9.20950400e-01 9.33105100e-01 1.62793800e+00 1.03196000e+00 1.15995900e+00 9.44198700e-01 9.71081600e-01 9.97286400e-01 1.00163600e+00 9.93989700e-01 9.87605100e-01 6.72479200e+01 6.87442600e-01 3.12557400e-01 1.41347300e-01 9.50531200e-02 8.06157900e-01 8.22857000e-01 4.50697300e-01 6.02771300e-01 9.83061500e-01 9.94504700e+01 2.42771700e+00 7.31964100e+00 2.08638100e+00 1.88445300e+00 1.22727800e+03 5.74189800e+03 2.55106100e+03 8.22639000e+02 2.32585100e+02 9.67126700e-01 2.44645700e-01 2.45969500e-01 2.58585900e+00 1.38525600e+01 1.08985500e+03 1.45180100e+02 1.04126800e+00 1.39426300e+01 1.05955100e+03 1.47886300e+02 1.40159500e-01 1.60761700e-01 3.38634200e+03 1.02987900e-02 8.15917300e-01 4.50825200e-01 7.25205900e+01 6.44590900e+02 8.26129700e+01 1.53704800e+03 8.93156000e+01 1.99094200e+03 9.49216700e+01 2.31659600e+03 2.35259500e+02 5.78637700e+03 4.55180800e-01 7.44832100e-01 4.73191300e-01 6.60123200e-01 4.71672700e-01 6.17718400e-01 4.66640500e-01 5.87743100e-01 2.96310000e-01 3.05431900e-01 2.86872500e+01 1.04361200e+02 3.09478000e+01 8.98929300e+00 3.95753100e+02 2.25964000e+01 1.15059700e+04 7.06780300e+02 4.46332000e-02 1.15641700e+00 4.72694400e+00 6.23259800e+00 1.19333100e+04 5.92799400e+00
1.04485300e+00 6.33226800e+03 2.23024400e-02 1.16031000e-01 1.04109500e+00 5.14531900e-02 2.87420900e+00 3.03387700e+00 9.66856100e-01 1.00243000e+00 2.18329700e+02 2.54273000e+01 1.28957400e+02 2.32743400e+01 6.69083300e+00 8.13478000e-01 3.29419300e-01 5.17129300e-01 2.29777700e+00 9.19683500e-01 1.12759900e+00 1.09375900e+00 1.03914100e+00 9.98851900e-01 9.98757700e-01 9.96025700e-01 9.92854900e-01 6.67462200e+01 6.88043100e-01 3.11956900e-01 1.38978600e-01 9.27629500e-02 7.99758000e-01 8.15540000e-01 4.46689700e-01 5.97698600e-01 9.78915700e-01 9.95290900e+01 2.41996100e+00 7.31964100e+00 2.07776200e+00 1.87458100e+00 1.22421600e+03 5.74327100e+03 2.55306000e+03 8.26447600e+02 2.34528000e+02 9.66856100e-01 2.43039600e-01 2.44357500e-01 2.53860300e+00 1.39643500e+01 1.08948500e+03 1.46402600e+02 1.04139500e+00 1.40583200e+01 1.05936100e+03 1.49115700e+02 1.39365800e-01 1.60346800e-01 3.38377400e+03 1.02078600e-02 8.16410700e-01 4.51057900e-01 7.19687200e+01 6.49490500e+02 8.19690500e+01 1.54887600e+03 8.86114300e+01 2.00635600e+03 9.41675300e+01 2.33460700e+03 2.33297800e+02 5.83300900e+03 4.51206900e-01 7.38979000e-01 4.69208300e-01 6.55002000e-01 4.67771600e-01 6.12954000e-01 4.62826800e-01 5.83227300e-01 2.94073300e-01 3.03142300e-01 2.24884300e+01 1.03334600e+02 2.71832200e+01 8.71917200e+00 3.95744100e+02 2.25482600e+01 1.15209700e+04 7.06762100e+02 3.82255400e-02 1.15641700e+00 4.58136900e+00 4.01744200e+00 1.19479800e+04 5.77601200e+00
5.53236000e-01 6.33099300e+03 2.20870400e-02 1.13422200e-01 1.04176200e+00 4.63533800e-02 2.67438200e+00 3.00662700e+00 9.54409300e-01 9.98492300e-01 2.27940200e+02 3.82115800e+01 8.84808200e+01 4.63559000e+01 3.18177000e+00 6.11927100e-01 6.28555300e-01 2.66286200e-01 3.61001100e+00 1.42171000e+00 7.30470400e-01 9.08170300e-01 8.97991800e-01 9.98168300e-01 1.00302300e+00 9.91193800e-01 9.91443100e-01 6.53582800e+01 6.81264500e-01 3.18735500e-01 1.36154400e-01 8.89881600e-02 7.84040900e-01 8.08152500e-01 4.42643400e-01 5.89109900e-01 9.69814000e-01 9.87950400e+01 2.42112400e+00 6.76727300e+00 2.02190800e+00 1.84289000e+00 1.23311900e+03 5.70765200e+03 2.52400800e+03 8.16898200e+02 2.32045000e+02 9.54409300e-01 2.40166700e-01 2.41474000e-01 2.50866800e+00 1.41747100e+01 1.08932100e+03 1.48343400e+02 1.04221900e+00 1.42334200e+01 1.05848300e+03 1.51159200e+02 1.37906100e-01 1.60050600e-01 3.40828500e+03 1.01396400e-02 8.11793000e-01 4.48816600e-01 7.05802700e+01 6.62773000e+02 8.05587500e+01 1.57887200e+03 8.71765000e+01 2.04411900e+03 9.27072600e+01 2.37765600e+03 2.30713400e+02 5.92160200e+03 4.46541200e-01 7.23814700e-01 4.62718600e-01 6.40861200e-01 4.60544100e-01 5.99432400e-01 4.55177100e-01 5.70183500e-01 2.87267200e-01 2.95832900e-01 2.83593900e+01 1.04628900e+02 3.10526400e+01 9.75157800e+00 3.95884100e+02 2.43267200e+01 1.15073700e+04 7.07001400e+02 1.17733200e-01 8.20176000e-01 6.04726000e+00 1.06674400e+01 1.19373300e+04 6.98517000e+00
4.65048000e-01 6.32881100e+03 2.20875500e-02 1.13480500e-01 1.04176300e+00 4.64060700e-02 2.68223800e+00 3.00683900e+00 9.54831300e-01 9.99057300e-01 2.57315900e+02 2.32607300e+01 9.93957300e+01 3.59235900e+01 3.98079300e+00 5.27100300e-01 5.20912700e-01 2.04917000e-01 5.40636200e+00 1.01129700e+00 1.09671000e+00 1.06254300e+00 1.16468800e+00 9.97347400e-01 1.00161100e+00 9.93643800e-01 9.90236600e-01 6.54315200e+01 6.81840300e-01 3.18159700e-01 1.36213200e-01 8.91263600e-02 7.84202000e-01 8.07588000e-01 4.42334200e-01 5.88964600e-01 9.69470100e-01 9.88650100e+01 2.41968700e+00 6.77642800e+00 2.02233700e+00 1.84308700e+00 1.23226800e+03 5.70643700e+03 2.52374400e+03 8.16732000e+02 2.31951300e+02 9.54831300e-01 2.40277900e-01 2.41585700e-01 2.51134500e+00 1.41660700e+01 1.08933300e+03 1.48284500e+02 1.04221500e+00 1.42278200e+01 1.05852100e+03 1.51096900e+02 1.37935600e-01 1.60079400e-01 3.40598200e+03 1.01384200e-02 8.12210600e-01 4.49034800e-01 7.06502700e+01 6.62073400e+02 8.06241300e+01 1.57734700e+03 8.72396700e+01 2.04223800e+03 9.27689800e+01 2.37554300e+03 2.30780000e+02 5.91793200e+03 4.46279100e-01 7.24017900e-01 4.62585400e-01 6.41100300e-01 4.60475500e-01 5.99680600e-01 4.55151300e-01 5.70434600e-01 2.87414200e-01 2.96008200e-01 2.47300800e+01 1.04380700e+02 2.73776100e+01 1.01220300e+01 3.95853500e+02 2.41509000e+01 1.15092000e+04 7.06978200e+02 1.08136400e-01 8.72797100e-01 5.86266200e+00 4.47762900e+00 1.19393200e+04 6.84359600e+00
6.09247500e-01 6.32930000e+03 2.24419900e-02 1.16799200e-01 1.04140800e+00 4.97519900e-02 2.88623200e+00 3.01920500e+00 9.63635000e-01 9.97107000e-01 2.44113900e+02 4.56311800e+01 1.20546900e+02 3.23665700e+01 5.26432500e+00 8.16953800e-01 1.71808500e-01 4.45141600e-01 4.80141500e-01 1.06959300e+00 8.52032000e-01 9.25709200e-01 9.42101600e-01 9.98347200e-01 9.98838400e-01 9.98761500e-01 9.88078500e-01 6.68304400e+01 6.86796600e-01 3.13203400e-01 1.39886300e-01 9.34866400e-02 7.94908900e-01 8.12213100e-01 4.44867400e-01 5.94667200e-01 9.72367000e-01 9.93672300e+01 2.41220200e+00 7.12738000e+00 2.04750000e+00 1.85357400e+00 1.21791700e+03 5.69264300e+03 2.51985500e+03 8.15040000e+02 2.31185200e+02 9.63635000e-01 2.43261600e-01 2.44580300e-01 2.51721300e+00 1.39308000e+01 1.08939400e+03 1.46025900e+02 1.04169000e+00 1.40181700e+01 1.05974200e+03 1.48685600e+02 1.39871000e-01 1.60225200e-01 3.40036500e+03 1.02663700e-02 8.14083200e-01 4.49746900e-01 7.20830500e+01 6.48549200e+02 8.21306600e+01 1.54633500e+03 8.88026200e+01 2.00287200e+03 9.43825900e+01 2.33039600e+03 2.34020900e+02 5.81912400e+03 4.49231000e-01 7.34379800e-01 4.66854700e-01 6.50795200e-01 4.65286200e-01 6.08963200e-01 4.60276000e-01 5.79396500e-01 2.92089300e-01 3.01048000e-01 2.86780600e+01 1.03137500e+02 3.09525600e+01 9.75951500e+00 3.95700400e+02 2.30724600e+01 1.15135900e+04 7.06800600e+02 5.17896000e-02 1.09677200e+00 4.88463900e+00 3.64833000e+00 1.19421200e+04 6.03320100e+00
9.82009300e-01 6.33121700e+03 2.25340100e-02 1.20529200e-01 1.04095100e+00 5.73569000e-02 3.11238400e+00 3.04807000e+00 9.68955900e-01 9.99403000e-01 2.54714000e+02 3.81295100e+01 1.09230900e+02 3.21249900e+01 5.23124800e-01 5.56781000e-01 8.10828800e-02 4.80682500e-02 7.83712800e+00 1.23272400e+00 1.08271100e+00 1.03836600e+00 1.10501800e+00 9.97316500e-01 1.00147800e+00 1.00064100e+00 9.85300900e-01 6.80865500e+01 6.90001600e-01 3.09998400e-01 1.43708400e-01 9.78460600e-02 8.13092100e-01 8.26530300e-01 4.52709300e-01 6.06707800e-01 9.85392100e-01 9.97064900e+01 2.43453100e+00 7.96966600e+00 2.10746300e+00 1.87905900e+00 1.22170400e+03 5.71900500e+03 2.53113000e+03 8.14920300e+02 2.30183400e+02 9.68955900e-01 2.46340700e-01 2.47670600e-01 2.57862700e+00 1.37134900e+01 1.08982600e+03 1.43841100e+02 1.04108100e+00 1.38165200e+01 1.06039000e+03 1.46440800e+02 1.41429300e-01 1.60772500e-01 3.38857000e+03 1.03882500e-02 8.16273700e-01 4.50816200e-01 7.33839700e+01 6.36822100e+02 8.35286100e+01 1.51913900e+03 9.02698900e+01 1.96814700e+03 9.59101300e+01 2.29040100e+03 2.37296800e+02 5.72800100e+03 4.57417700e-01 7.51492300e-01 4.76159200e-01 6.66303400e-01 4.74930300e-01 6.23616300e-01 4.70061000e-01 5.93425600e-01 2.99258900e-01 3.08594400e-01 3.11181100e+01 1.06928900e+02 3.08492300e+01 8.89861300e+00 3.96667600e+02 2.28437100e+01 1.15167900e+04 7.06706700e+02 2.55323500e-02 1.27934900e+00 4.36939600e+00 4.85793000e+00 1.19452000e+04 5.67427700e+00
9.35332500e-01 6.32905700e+03 2.24625400e-02 1.20677500e-01 1.04077100e+00 5.65411900e-02 3.15213200e+00 3.04988400e+00 9.70624800e-01 1.00129100e+00 2.78754300e+02 3.91321800e+01 1.02504800e+02 3.86130600e+01 3.85513400e+00 8.60881300e-01 2.96601600e-01 9.90508200e-01 8.73064200e+00 1.14242600e+00 8.78341900e-01 9.45640500e-01 1.13585100e+00 9.99290900e-01 1.00174900e+00 9.99481100e-01 9.94460400e-01 6.83758500e+01 6.92455100e-01 3.07544900e-01 1.43785100e-01 9.83143200e-02 8.13789700e-01 8.23959300e-01 4.51301100e-01 6.06023300e-01 9.84148900e-01 1.00022400e+02 2.42910700e+00 7.91168200e+00 2.11129000e+00 1.88554500e+00 1.22185900e+03 5.73064200e+03 2.53795400e+03 8.16160300e+02 2.30137900e+02 9.70624800e-01 2.46840000e-01 2.48171800e-01 2.60503000e+00 1.36860600e+01 1.08996500e+03 1.43661700e+02 1.04088100e+00 1.38019400e+01 1.06027600e+03 1.46283200e+02 1.41388700e-01 1.60988500e-01 3.37254700e+03 1.03664500e-02 8.18854300e-01 4.52212200e-01 7.36540900e+01 6.34311200e+02 8.37711200e+01 1.51373500e+03 9.04978100e+01 1.96152800e+03 9.61276200e+01 2.28301200e+03 2.37438300e+02 5.71626600e+03 4.56215900e-01 7.52381500e-01 4.75523500e-01 6.67360700e-01 4.74583600e-01 6.24717600e-01 4.69907900e-01 5.94542700e-01 2.99917600e-01 3.09385300e-01 3.01511100e+01 1.09034000e+02 3.44676800e+01 9.05654700e+00 3.96458000e+02 2.25042900e+01 1.15121500e+04 7.06646200e+02 9.11749500e-03 1.47275900e+00 3.92992500e+00 5.88596500e+00 1.19401700e+04 5.41180100e+00
9.54895900e-01 6.32488600e+03 2.22417900e-02 1.18325800e-01 1.04116400e+00 5.42298300e-02 2.96147900e+00 3.03785900e+00 9.65704600e-01 9.99851200e-01 2.30768400e+02 4.00879000e+01 9.25356300e+01 4.59051600e+01 5.61306500e+00 7.78387500e-01 5.00690100e-01 4.99966700e-01 2.69758500e+00 9.06559600e-01 8.33273700e-01 9.02256300e-01 1.12504300e+00 9.98024200e-01 1.00149400e+00 9.94592600e-01 9.88478500e-01 6.69329800e+01 6.84794800e-01 3.15205200e-01 1.41212700e-01 9.45178700e-02 8.06492700e-01 8.26678200e-01 4.52790300e-01 6.04294700e-01 9.85780800e-01 9.91350900e+01 2.43476400e+00 7.66449000e+00 2.08605300e+00 1.87163800e+00 1.22241800e+03 5.70207600e+03 2.53498300e+03 8.17802500e+02 2.31397200e+02 9.65704600e-01 2.44204200e-01 2.45526300e-01 2.58044500e+00 1.38849500e+01 1.08985300e+03 1.45391500e+02 1.04141300e+00 1.39609800e+01 1.05943700e+03 1.48111000e+02 1.40026900e-01 1.60702400e-01 3.39768200e+03 1.03110800e-02 8.13873400e-01 4.49781900e-01 7.22215000e+01 6.47455600e+02 8.23414700e+01 1.54323000e+03 8.90583600e+01 1.99852700e+03 9.46744600e+01 2.32507600e+03 2.35065700e+02 5.80019700e+03 4.57075900e-01 7.44879200e-01 4.74496100e-01 6.59878100e-01 4.72664800e-01 6.17370600e-01 4.67418600e-01 5.87338900e-01 2.96005700e-01 3.05001400e-01 2.87656700e+01 1.05045000e+02 3.18111400e+01 8.79370300e+00 3.96080600e+02 2.29632700e+01 1.15046200e+04 7.06867600e+02 7.62849800e-02 9.81866700e-01 5.37577300e+00 4.01263700e+00 1.19324600e+04 6.43392500e+00
7.63830000e-01 6.33830300e+03 2.21273400e-02 1.11254700e-01 1.04244800e+00 5.32158100e-02 2.60899000e+00 3.02171300e+00 9.52633600e-01 1.00101200e+00 2.34952300e+02 3.44256100e+01 1.03110400e+02 3.65905400e+01 5.49720300e+00 6.03197000e-01 8.51059400e-01 4.13399700e-01 1.03265500e+00 1.24211400e+00 7.80545300e-01 1.04135200e+00 9.54646700e-01 1.00034300e+00 1.00059800e+00 9.86038300e-01 9.94815000e-01 6.56146200e+01 6.88691000e-01 3.11309000e-01 1.34027200e-01 8.79414500e-02 7.84317100e-01 7.98963400e-01 4.37610300e-01 5.85854300e-01 9.68258600e-01 9.97956900e+01 2.43071500e+00 7.42950400e+00 2.05264300e+00 1.84540100e+00 1.24662500e+03 5.76730400e+03 2.53791500e+03 8.21868300e+02 2.33847000e+02 9.52633600e-01 2.39253800e-01 2.40557700e-01 2.47822300e+00 1.42136400e+01 1.08900800e+03 1.49276200e+02 1.04294700e+00 1.43129200e+01 1.05836900e+03 1.52093700e+02 1.37258000e-01 1.59913100e-01 3.38606100e+03 1.00269100e-02 8.16360500e-01 4.51188400e-01 7.07371400e+01 6.60751000e+02 8.05501100e+01 1.57588700e+03 8.70690000e+01 2.04144900e+03 9.25222400e+01 2.37552700e+03 2.29122800e+02 5.93705900e+03 4.42128300e-01 7.24777500e-01 4.59927200e-01 6.42488100e-01 4.58593800e-01 6.01274700e-01 4.53795600e-01 5.72134000e-01 2.88541300e-01 2.97445800e-01 2.45192000e+01 1.02197700e+02 2.79494400e+01 9.36478800e+00 3.95885500e+02 2.50273000e+01 1.15306800e+04 7.06743000e+02 1.90325800e-02 1.34256300e+00 3.93320200e+00 3.61298300e+00 1.19609600e+04 5.29479700e+00
1.12942200e+00 6.32873500e+03 2.23465500e-02 1.16629400e-01 1.04118800e+00 6.01923700e-02 2.86685500e+00 3.03976000e+00 9.57353700e-01 9.97722700e-01 2.41278300e+02 3.21024400e+01 1.16274900e+02 2.75472300e+01 2.54803900e+00 4.01632800e-01 9.11713900e-01 8.51168400e-02 8.73948700e+00 9.49163900e-01 9.80296800e-01 1.11661200e+00 8.72000700e-01 9.97348900e-01 1.00051600e+00 9.91768700e-01 9.86078100e-01 6.65155000e+01 6.84423000e-01 3.15577000e-01 1.39621100e-01 9.28696800e-02 8.01472400e-01 8.22016600e-01 4.50237000e-01 6.00710000e-01 9.82714000e-01 9.90674000e+01 2.45286900e+00 8.19549600e+00 2.09002200e+00 1.85297100e+00 1.23604600e+03 5.71575500e+03 2.51494800e+03 8.10714800e+02 2.29706900e+02 9.57353700e-01 2.42957400e-01 2.44275000e-01 2.52783700e+00 1.39672600e+01 1.08947600e+03 1.46246000e+02 1.04149600e+00 1.40419100e+01 1.05951300e+03 1.48938800e+02 1.39609600e-01 1.60253800e-01 3.40293500e+03 1.02604600e-02 8.13175100e-01 4.49337900e-01 7.17792400e+01 6.51470400e+02 8.18462000e+01 1.55271500e+03 8.85273800e+01 2.01075400e+03 9.41133700e+01 2.33925600e+03 2.33726400e+02 5.83461100e+03 4.54460600e-01 7.40210000e-01 4.71696900e-01 6.55706600e-01 4.69837400e-01 6.13453600e-01 4.64597100e-01 5.83603700e-01 2.94122200e-01 3.03038700e-01 3.00775900e+01 1.08138200e+02 3.12967800e+01 8.44484300e+00 3.97747900e+02 2.47443800e+01 1.15077300e+04 7.06880800e+02 8.39186600e-02 9.26576500e-01 5.56336800e+00 5.35320500e+00 1.19386600e+04 6.57386400e+00
1.40050100e+00 6.33472500e+03 2.25250400e-02 1.16473500e-01 1.04130200e+00 7.22461000e-02 3.00316500e+00 3.06818000e+00 9.65591500e-01 9.98502300e-01 2.51079300e+02 4.27705800e+01 9.08918800e+01 4.18641200e+01 3.24378400e+00 5.58621800e-01 7.82817400e-01 5.02372400e-01 3.91986800e+00 6.84888900e-01 1.07966100e+00 9.41079800e-01 8.71986400e-01 9.96562100e-01 1.00110600e+00 9.96585100e-01 9.93128800e-01 6.83612100e+01 7.01185300e-01 2.98814700e-01 1.39643700e-01 9.54621300e-02 8.09898600e-01 8.08297100e-01 4.42722500e-01 5.98799100e-01 9.79548200e-01 1.01227200e+02 2.44377300e+00 9.30633500e+00 2.15027300e+00 1.86097900e+00 1.23217000e+03 5.75197700e+03 2.52292700e+03 8.12290500e+02 2.29740900e+02 9.65591500e-01 2.44878600e-01 2.46203200e-01 2.54284200e+00 1.37998100e+01 1.08937600e+03 1.45448500e+02 1.04150400e+00 1.39652400e+01 1.06000900e+03 1.48076900e+02 1.40110800e-01 1.60557200e-01 3.34083100e+03 1.01672600e-02 8.25134700e-01 4.55448200e-01 7.34937800e+01 6.35064800e+02 8.33555100e+01 1.51764300e+03 8.99257100e+01 1.96797900e+03 9.54308100e+01 2.29166100e+03 2.34277700e+02 5.76267800e+03 4.48308700e-01 7.49667700e-01 4.69479100e-01 6.65932500e-01 4.69586000e-01 6.23789700e-01 4.65647500e-01 5.93914200e-01 2.99983200e-01 3.09845500e-01 3.04080300e+01 1.02404500e+02 3.00777800e+01 8.38350600e+00 4.03268500e+02 2.39875700e+01 1.15147200e+04 7.06511800e+02 2.31963400e-02 2.19351700e+00 3.44192500e+00 6.92127900e+00 1.19503600e+04 5.65863900e+00
9.34063900e-01 6.32863000e+03 2.26538100e-02 1.18347000e-01 1.04075800e+00 5.79044500e-02 3.11489400e+00 3.05013600e+00 9.71638600e-01 1.00076600e+00 2.39693200e+02 4.66303400e+01 1.15082700e+02 3.28445900e+01 3.74215300e+00 5.31491600e-01 7.71906000e-01 3.34380200e-01 1.18177500e+00 9.74271000e-01 8.40187800e-01 1.15652400e+00 1.07628100e+00 9.97679400e-01 1.00211200e+00 1.00302700e+00 9.96173400e-01 6.89251700e+01 7.01840700e-01 2.98159300e-01 1.41645900e-01 9.76296900e-02 8.06537500e-01 8.04059400e-01 4.40401500e-01 5.95986800e-01 9.71484000e-01 1.01227500e+02 2.40965000e+00 7.96051000e+00 2.11182100e+00 1.88088300e+00 1.22366500e+03 5.77422800e+03 2.54216400e+03 8.18879600e+02 2.31244100e+02 9.71638600e-01 2.46417700e-01 2.47747900e-01 2.55827300e+00 1.36955000e+01 1.08949100e+03 1.44297500e+02 1.04086600e+00 1.38632200e+01 1.06054300e+03 1.46865800e+02 1.41052900e-01 1.60658400e-01 3.33858900e+03 1.02367900e-02 8.25560900e-01 4.55561300e-01 7.40868700e+01 6.29935400e+02 8.40110100e+01 1.50553700e+03 9.06237700e+01 1.95238200e+03 9.61650000e+01 2.27358200e+03 2.35972900e+02 5.71903400e+03 4.46015000e-01 7.46618800e-01 4.67235300e-01 6.63292900e-01 4.67416100e-01 6.21345700e-01 4.63545300e-01 5.91604800e-01 2.98826400e-01 3.08690900e-01 2.93268600e+01 1.06427100e+02 3.00089600e+01 9.19847400e+00 3.96616800e+02 2.25557400e+01 1.15120700e+04 7.06507000e+02 2.25221600e-02 2.19351700e+00 3.46658200e+00 4.63171800e+00 1.19404400e+04 5.68262100e+00
9.34145200e-01 6.33005400e+03 2.25630700e-02 1.18040000e-01 1.04100800e+00 6.15432500e-02 3.07051300e+00 3.05340200e+00 9.68761800e-01 1.00084300e+00 2.63359500e+02 3.74311400e+01 9.01447600e+01 4.26680300e+01 1.92762000e-01 5.03908500e-01 6.06367100e-01 1.49095800e-01 7.68332600e+00 6.84791900e-01 9.12002700e-01 8.78319500e-01 7.96437700e-01 9.96742600e-01 9.99256900e-01 9.96797300e-01 9.94024200e-01 6.85223400e+01 6.99171800e-01 3.00828200e-01 1.41248200e-01 9.67865600e-02 8.07887000e-01 8.09001300e-01 4.43108300e-01 5.98315500e-01 9.75965700e-01 1.00913600e+02 2.42384800e+00 8.32672100e+00 2.11873100e+00 1.87335500e+00 1.22599500e+03 5.75478600e+03 2.53340500e+03 8.15795700e+02 2.30467400e+02 9.68761800e-01 2.45794400e-01 2.47122300e-01 2.55920900e+00 1.37415400e+01 1.08953100e+03 1.44668500e+02 1.04115900e+00 1.38949500e+01 1.06027600e+03 1.47271100e+02 1.40725900e-01 1.60664100e-01 3.34894400e+03 1.02381700e-02 8.23564400e-01 4.54595500e-01 7.37004500e+01 6.33429000e+02 8.36440900e+01 1.51324600e+03 9.02657500e+01 1.96195700e+03 9.58125100e+01 2.28438400e+03 2.35552500e+02 5.73861000e+03 4.48519800e-01 7.47600400e-01 4.69187900e-01 6.63867900e-01 4.69053200e-01 6.21760100e-01 4.64958500e-01 5.91922200e-01 2.98882400e-01 3.08619600e-01 3.06302400e+01 1.05051900e+02 3.23630000e+01 9.17381100e+00 3.97844400e+02 2.28900300e+01 1.15108700e+04 7.06531400e+02 7.61222200e-03 2.04033800e+00 3.39195700e+00 7.35564300e+00 1.19407800e+04 5.43990700e+00
5.19568800e-01 6.33663700e+03 2.25812100e-02 1.17844400e-01 1.04112800e+00 5.83839100e-02 3.11084000e+00 3.05366900e+00 9.75968800e-01 1.00496700e+00 2.51760600e+02 2.87151500e+01 1.10036200e+02 3.45297800e+01 5.49605300e-01 4.61183100e-01 7.44673300e-01 4.15626300e-01 9.22288800e+00 6.40597600e-01 1.37930400e+00 9.43653700e-01 7.85268500e-01 9.96876100e-01 1.00012000e+00 9.97992400e-01 9.89957500e-01 6.91229200e+01 7.04748100e-01 2.95251900e-01 1.41070700e-01 9.75122000e-02 8.08321800e-01 8.01899500e-01 4.39218500e-01 5.95843800e-01 9.72239400e-01 1.01681000e+02 2.40072100e+00 8.01544200e+00 2.11929700e+00 1.88573300e+00 1.21682600e+03 5.77069200e+03 2.55395500e+03 8.24089700e+02 2.32883700e+02 9.75968800e-01 2.46337300e-01 2.47667200e-01 2.56975700e+00 1.36934900e+01 1.08953100e+03 1.44503400e+02 1.04125400e+00 1.38778300e+01 1.06031400e+03 1.47101700e+02 1.40765300e-01 1.60817200e-01 3.32676000e+03 1.01977800e-02 8.27846500e-01 4.56816100e-01 7.42529700e+01 6.28316400e+02 8.41196800e+01 1.50237400e+03 9.06986800e+01 1.94874700e+03 9.62137700e+01 2.26973300e+03 2.35593300e+02 5.71779600e+03 4.45047800e-01 7.48569600e-01 4.66965400e-01 6.65359000e-01 4.67498100e-01 6.23420900e-01 4.63861200e-01 5.93667800e-01 2.99993400e-01 3.10037800e-01 2.87759900e+01 1.08942200e+02 3.12222800e+01 1.03843600e+01 3.96621900e+02 2.15315200e+01 1.15171500e+04 7.06494200e+02 5.99560500e-02 2.50994400e+00 3.77065000e+00 1.47510300e+01 1.19456900e+04 6.34055000e+00
7.16093400e-01 6.32988900e+03 2.24537700e-02 1.18478700e-01 1.04112300e+00 6.24928700e-02 3.09033300e+00 3.05547600e+00 9.73821700e-01 1.00215900e+00 2.29860800e+02 3.37934200e+01 8.80921600e+01 4.35929500e+01 3.73793900e-01 4.26365000e-01 7.54438200e-01 4.82382300e-01 9.45440900e+00 1.30335000e+00 9.95556900e-01 9.62337800e-01 8.57845500e-01 9.95306200e-01 1.00243000e+00 9.92280200e-01 9.84695500e-01 6.85479700e+01 6.98695800e-01 3.01304200e-01 1.41577600e-01 9.70485600e-02 8.11788100e-01 8.13550800e-01 4.45600100e-01 6.01442300e-01 9.80494900e-01 1.00888000e+02 2.41777100e+00 8.45489500e+00 2.12312900e+00 1.87368200e+00 1.21212600e+03 5.71379300e+03 2.53507100e+03 8.17557600e+02 2.31035700e+02 9.73821700e-01 2.46018900e-01 2.47347600e-01 2.58536500e+00 1.37304300e+01 1.08972600e+03 1.44538900e+02 1.04127400e+00 1.38809700e+01 1.06004700e+03 1.47178600e+02 1.40668900e-01 1.60891000e-01 3.34791100e+03 1.02485800e-02 8.23556600e-01 4.54677700e-01 7.37348000e+01 6.33169000e+02 8.36961600e+01 1.51250700e+03 9.03288700e+01 1.96092100e+03 9.58845300e+01 2.28311500e+03 2.35811000e+02 5.73403400e+03 4.51007000e-01 7.51160700e-01 4.71665700e-01 6.66974400e-01 4.71472000e-01 6.24646600e-01 4.67317300e-01 5.94655700e-01 3.00240700e-01 3.10000300e-01 3.05301200e+01 1.08330300e+02 3.26962600e+01 9.69981000e+00 3.98124400e+02 2.17900400e+01 1.15069400e+04 7.06537100e+02 6.77252900e-03 1.96545900e+00 3.37374500e+00 1.13395900e+01 1.19365600e+04 5.34597700e+00
2.75085500e-01 6.33488600e+03 2.23117500e-02 1.19538600e-01 1.04104000e+00 4.58607500e-02 3.05323900e+00 3.02150900e+00 9.69900700e-01 1.00168000e+00 2.22516200e+02 3.65708900e+01 1.13556100e+02 3.66083600e+01 2.47455200e+00 7.04032700e-01 2.60184400e-01 2.87709500e-01 6.58893400e+00 9.96198300e-01 9.61563600e-01 8.78824300e-01 9.54013700e-01 9.94738800e-01 9.98617500e-01 9.92469900e-01 9.83118800e-01 6.75921600e+01 6.88105000e-01 3.11895000e-01 1.42495500e-01 9.63157900e-02 8.02118000e-01 8.17865500e-01 4.47963400e-01 5.99432700e-01 9.75641200e-01 9.95236300e+01 2.40245800e+00 6.80084200e+00 2.05222300e+00 1.87236500e+00 1.21036600e+03 5.68290400e+03 2.53041000e+03 8.15955000e+02 2.30368500e+02 9.69900700e-01 2.45468900e-01 2.46795700e-01 2.59901400e+00 1.37904500e+01 1.08996000e+03 1.44558700e+02 1.04122100e+00 1.38835700e+01 1.05978000e+03 1.47241400e+02 1.40635600e-01 1.60899000e-01 3.38649200e+03 1.03409500e-02 8.16046900e-01 4.50864100e-01 7.28787300e+01 6.41376900e+02 8.30041900e+01 1.52953900e+03 8.97297700e+01 1.98131500e+03 9.53554900e+01 2.30547700e+03 2.36233000e+02 5.76036400e+03 4.52485100e-01 7.41161200e-01 4.70546000e-01 6.56936900e-01 4.69109000e-01 6.14764500e-01 4.64152300e-01 5.84949600e-01 2.94917500e-01 3.04029300e-01 2.98937300e+01 1.08739300e+02 3.31779800e+01 1.13901000e+01 3.96082200e+02 2.18003700e+01 1.15186500e+04 7.06760200e+02 3.89059400e-02 1.15641700e+00 4.61372800e+00 9.28274300e+00 1.19479200e+04 5.80905100e+00
7.91699600e-01 6.32827900e+03 2.21313700e-02 1.17459500e-01 1.04121400e+00 4.94298600e-02 2.87790200e+00 3.02689700e+00 9.62130200e-01 1.00167800e+00 2.66832300e+02 3.03410700e+01 8.75459800e+01 4.56104100e+01 3.49050500e+00 4.30534600e-01 8.21549800e-01 2.17345100e-01 6.10417900e+00 1.01694700e+00 8.51464500e-01 9.07616900e-01 8.41458700e-01 9.99115900e-01 1.00108300e+00 1.00042800e+00 9.91273900e-01 6.61859100e+01 6.79868600e-01 3.20131400e-01 1.40236000e-01 9.28164500e-02 8.01146200e-01 8.27590100e-01 4.53289800e-01 6.02620400e-01 9.84756800e-01 9.85514600e+01 2.43539600e+00 7.16705300e+00 2.06331100e+00 1.86909100e+00 1.22693400e+03 5.70297800e+03 2.53729100e+03 8.19200400e+02 2.32008700e+02 9.62130200e-01 2.43019100e-01 2.44337000e-01 2.57207600e+00 1.39804100e+01 1.08983000e+03 1.46134900e+02 1.04152700e+00 1.40308300e+01 1.05905500e+03 1.48901000e+02 1.39444000e-01 1.60570900e-01 3.41280700e+03 1.02980300e-02 8.10848000e-01 4.48281700e-01 7.14940800e+01 6.54406300e+02 8.16379400e+01 1.55859400e+03 8.83632300e+01 2.01764200e+03 9.39828800e+01 2.34667500e+03 2.34104600e+02 5.84057600e+03 4.57146400e-01 7.39464900e-01 4.73354600e-01 6.54563000e-01 4.70966700e-01 6.12184300e-01 4.65370700e-01 5.82273200e-01 2.93275300e-01 3.01978000e-01 2.79907900e+01 1.05802300e+02 2.97960600e+01 8.97642300e+00 3.95714400e+02 2.30946200e+01 1.15108600e+04 7.07059700e+02 1.56040200e-01 7.19420900e-01 6.91159000e+00 3.06278000e+00 1.19386500e+04 7.78705100e+00
7.65132900e-01 6.33521200e+03 2.21795000e-02 1.17650400e-01 1.04117300e+00 4.72950900e-02 2.89803100e+00 3.02242000e+00 9.63183400e-01 1.00042800e+00 2.23882700e+02 3.92966700e+01 1.03977200e+02 4.36119500e+01 4.55037700e+00 6.76013900e-01 7.71928100e-01 4.91589600e-01 3.38483000e+00 1.33992900e+00 1.30870900e+00 7.06771300e-01 6.84786200e-01 9.97059600e-01 9.96885100e-01 9.95935300e-01 9.91291600e-01 6.63800000e+01 6.81195300e-01 3.18804700e-01 1.40475100e-01 9.32473700e-02 7.99470700e-01 8.24146300e-01 4.51403500e-01 6.00736100e-01 9.81259600e-01 9.86998000e+01 2.42591000e+00 6.93817100e+00 2.05409500e+00 1.86870400e+00 1.22392300e+03 5.70075900e+03 2.53581000e+03 8.18811500e+02 2.31829500e+02 9.63183400e-01 2.43314400e-01 2.44633300e-01 2.57007400e+00 1.39557700e+01 1.08980600e+03 1.45942900e+02 1.04147200e+00 1.40131400e+01 1.05920800e+03 1.48689100e+02 1.39621100e-01 1.60569700e-01 3.40922800e+03 1.03014400e-02 8.11602800e-01 4.48640300e-01 7.16836200e+01 6.52577600e+02 8.18201800e+01 1.55456400e+03 8.85426400e+01 2.01263600e+03 9.41608600e+01 2.34102500e+03 2.34343500e+02 5.83014900e+03 4.55353400e-01 7.38047100e-01 4.71825300e-01 6.53448000e-01 4.69596200e-01 6.11199000e-01 4.64115700e-01 5.81371500e-01 2.92868800e-01 3.01616000e-01 3.00003800e+01 1.04689500e+02 3.16396500e+01 9.10020100e+00 3.95804000e+02 2.30046900e+01 1.15132200e+04 7.07004200e+02 1.32933500e-01 7.68898900e-01 6.48908000e+00 1.49030300e+01 1.19411300e+04 7.39091200e+00
9.60526200e-01 6.32663800e+03 2.23127900e-02 1.16896100e-01 1.04130200e+00 5.10316900e-02 2.85025800e+00 3.02823300e+00 9.61534800e-01 9.99951500e-01 2.23057100e+02 3.18145000e+01 1.18080700e+02 3.24458100e+01 5.04643800e+00 9.30021300e-01 1.65847400e-01 8.73021700e-01 2.30828000e+00 9.76618000e-01 1.10914600e+00 9.33023500e-01 1.12627700e+00 9.98441700e-01 9.99877400e-01 9.97614400e-01 9.89011300e-01 6.62335200e+01 6.81199400e-01 3.18800600e-01 1.39854000e-01 9.26302200e-02 7.99741300e-01 8.24420000e-01 4.51553400e-01 6.00937500e-01 9.82676600e-01 9.86819900e+01 2.43595900e+00 7.28302000e+00 2.06607000e+00 1.86560400e+00 1.22872900e+03 5.71770900e+03 2.53606300e+03 8.20088900e+02 2.32755500e+02 9.61534800e-01 2.42714700e-01 2.44031500e-01 2.52834800e+00 1.39867000e+01 1.08952500e+03 1.46287000e+02 1.04161100e+00 1.40443000e+01 1.05943700e+03 1.48991000e+02 1.39595500e-01 1.60242700e-01 3.41644100e+03 1.02894000e-02 8.10749400e-01 4.48097700e-01 7.15253500e+01 6.54021200e+02 8.16394100e+01 1.55800400e+03 8.83469700e+01 2.01709000e+03 9.39527300e+01 2.34620700e+03 2.33824700e+02 5.84306700e+03 4.55509000e-01 7.38298000e-01 4.71988200e-01 6.53671300e-01 4.69759200e-01 6.11408500e-01 4.64277500e-01 5.81571200e-01 2.92974700e-01 3.01721900e-01 2.26401600e+01 1.03951000e+02 2.84512600e+01 8.64552200e+00 3.95688300e+02 2.34770200e+01 1.15091400e+04 7.07004000e+02 1.35858600e-01 7.68898900e-01 6.57813000e+00 1.83612800e+00 1.19369500e+04 7.48288700e+00
7.97575500e-01 6.33350900e+03 2.22709800e-02 1.17192300e-01 1.04114600e+00 5.26921600e-02 2.92529400e+00 3.03304500e+00 9.66144000e-01 1.00137700e+00 2.14446400e+02 2.69914100e+01 1.17283700e+02 2.91127600e+01 3.02630800e+00 5.42210900e-01 9.13421700e-01 3.02003200e-01 5.43393700e+00 9.81575600e-01 8.90688000e-01 1.00402600e+00 6.21598300e-01 9.97303800e-01 1.00107700e+00 1.00790800e+00 9.88188900e-01 6.69256600e+01 6.87191200e-01 3.12808800e-01 1.40108400e-01 9.37684900e-02 8.01829500e-01 8.18768100e-01 4.48457800e-01 5.99655500e-01 9.80134600e-01 9.94314900e+01 2.42301000e+00 7.47833300e+00 2.07603400e+00 1.86838700e+00 1.22082300e+03 5.71046900e+03 2.53707200e+03 8.19567000e+02 2.32114200e+02 9.66144000e-01 2.43724700e-01 2.45045100e-01 2.56229600e+00 1.39161200e+01 1.08967900e+03 1.45853300e+02 1.04141900e+00 1.40052500e+01 1.05939900e+03 1.48570100e+02 1.39710100e-01 1.60557800e-01 3.38763200e+03 1.02553000e-02 8.15713400e-01 4.50719900e-01 7.21771200e+01 6.47676800e+02 8.22282100e+01 1.54434600e+03 8.89030500e+01 2.00035400e+03 9.44856900e+01 2.32751500e+03 2.34218400e+02 5.81295400e+03 4.52904400e-01 7.40809600e-01 4.70763900e-01 6.56532800e-01 4.69224900e-01 6.14348500e-01 4.64200300e-01 5.84530400e-01 2.94690000e-01 3.03745900e-01 2.41041900e+01 1.04757900e+02 2.82666100e+01 9.23324800e+00 3.95827300e+02 2.25861900e+01 1.15197700e+04 7.06788100e+02 4.61870800e-02 1.15641700e+00 4.74456200e+00 6.86999800e+00 1.19474100e+04 5.94716600e+00
1.05707300e+00 6.33240300e+03 2.24440700e-02 1.19268500e-01 1.04101700e+00 5.95648900e-02 3.08673900e+00 3.05118900e+00 9.70450400e-01 9.99566400e-01 2.00715000e+02 2.32738100e+01 1.06312100e+02 3.65844600e+01 3.37470100e+00 7.42322200e-01 4.31268400e-01 7.35645800e-01 8.52283100e+00 1.07071400e+00 9.21252500e-01 9.95809100e-01 1.12905900e+00 9.98454500e-01 1.00212100e+00 9.96672900e-01 9.91971400e-01 6.81781000e+01 6.93739300e-01 3.06260700e-01 1.42357700e-01 9.70568100e-02 8.11775900e-01 8.20202600e-01 4.49243500e-01 6.03891600e-01 9.83136200e-01 1.00220400e+02 2.42796600e+00 8.18328900e+00 2.11404600e+00 1.87662300e+00 1.21906600e+03 5.71986200e+03 2.53433800e+03 8.16412500e+02 2.30613100e+02 9.70450400e-01 2.45967500e-01 2.47296100e-01 2.58588100e+00 1.37416600e+01 1.08980200e+03 1.44360300e+02 1.04117400e+00 1.38651500e+01 1.06008500e+03 1.46998000e+02 1.40864900e-01 1.60850500e-01 3.36806600e+03 1.03077800e-02 8.19760900e-01 4.52703300e-01 7.34221500e+01 6.36220800e+02 8.34726100e+01 1.51860600e+03 9.01570400e+01 1.96804700e+03 9.57524300e+01 2.29076900e+03 2.36298600e+02 5.73933500e+03 4.54241200e-01 7.50652000e-01 4.73796000e-01 6.65972800e-01 4.73014400e-01 6.23479300e-01 4.68456800e-01 5.93402100e-01 2.99404500e-01 3.08909900e-01 2.41117300e+01 1.09623600e+02 3.03670800e+01 8.83958000e+00 3.97271800e+02 2.26099200e+01 1.15193600e+04 7.06618400e+02 2.87452900e-03 1.60798500e+00 3.68673000e+00 4.81027600e+00 1.19480800e+04 5.29758900e+00
1.03661500e+00 6.33060500e+03 2.20907000e-02 1.16658600e-01 1.04068800e+00 6.12481000e-02 2.94605900e+00 3.04548200e+00 9.65334700e-01 9.99433500e-01 2.24594000e+02 4.70558000e+01 9.57570300e+01 3.95401200e+01 3.48125600e+00 6.09106900e-01 6.03137800e-01 6.86541900e-01 3.17955100e+00 1.16434100e+00 9.91393700e-01 1.04032000e+00 1.15804400e+00 9.97742200e-01 1.00200200e+00 9.93358600e-01 9.89648300e-01 6.70611600e+01 6.90041700e-01 3.09958300e-01 1.39394400e-01 9.34794900e-02 8.04485400e-01 8.17728500e-01 4.47888400e-01 6.00266300e-01 9.82387100e-01 9.97938600e+01 2.43326600e+00 8.36944600e+00 2.10201600e+00 1.85967300e+00 1.22077300e+03 5.69205600e+03 2.52393000e+03 8.12951900e+02 2.29630200e+02 9.65334700e-01 2.43932800e-01 2.45253900e-01 2.60371100e+00 1.39236500e+01 1.08988200e+03 1.46028400e+02 1.04097000e+00 1.40281100e+01 1.05897900e+03 1.48810200e+02 1.39241300e-01 1.60835800e-01 3.36075700e+03 1.01883800e-02 8.19733900e-01 4.52944700e-01 7.22782000e+01 6.46561800e+02 8.22689300e+01 1.54238300e+03 8.89080000e+01 1.99826700e+03 9.44627600e+01 2.32545900e+03 2.33709600e+02 5.81578500e+03 4.52574900e-01 7.43545900e-01 4.71132700e-01 6.59268000e-01 4.69923900e-01 6.17036500e-01 4.65110800e-01 5.87167700e-01 2.96135400e-01 3.05359200e-01 3.03966800e+01 1.03675700e+02 2.97957400e+01 8.79143300e+00 3.97993700e+02 2.30230000e+01 1.15150900e+04 7.06705700e+02 1.97068500e-02 1.34256300e+00 4.13236500e+00 4.11055300e+00 1.19449000e+04 5.49463500e+00
3.99337700e-01 6.33887100e+03 2.22323700e-02 1.18786100e-01 1.04034400e+00 5.76021200e-02 3.15363900e+00 3.04122200e+00 9.76416100e-01 9.98593700e-01 2.49726200e+02 4.83337000e+01 9.36097700e+01 5.45039900e+01 7.35301900e+00 7.77303200e-01 6.44971800e-01 3.77717900e-01 8.39507000e-01 7.35181400e-01 7.69782600e-01 7.29663800e-01 9.54423600e-01 9.97935300e-01 9.99737400e-01 9.89566900e-01 9.93604100e-01 6.87310800e+01 7.00116800e-01 2.99883200e-01 1.41663600e-01 9.73669500e-02 8.06219100e-01 8.06062100e-01 4.41498400e-01 5.96610800e-01 9.72470700e-01 1.01051700e+02 2.39139900e+00 8.03985600e+00 2.09308100e+00 1.86532000e+00 1.19783200e+03 5.66490000e+03 2.52054500e+03 8.11019800e+02 2.28226100e+02 9.76416100e-01 2.46770500e-01 2.48102000e-01 2.64920600e+00 1.37117100e+01 1.09009400e+03 1.44313100e+02 1.04048300e+00 1.38698100e+01 1.05962800e+03 1.47024800e+02 1.40418200e-01 1.61308000e-01 3.32188400e+03 1.02118000e-02 8.27188100e-01 4.56723000e-01 7.39104000e+01 6.31561100e+02 8.38566200e+01 1.50901400e+03 9.04814800e+01 1.95662100e+03 9.60316100e+01 2.27829600e+03 2.35931500e+02 5.72603700e+03 4.46960100e-01 7.46153100e-01 4.67796900e-01 6.62689200e-01 4.67775900e-01 6.20700800e-01 4.63767600e-01 5.90941300e-01 2.98421800e-01 3.08193000e-01 3.29895400e+01 1.08471300e+02 3.50243100e+01 1.08835000e+01 3.96597500e+02 2.14026600e+01 1.15290100e+04 7.06521400e+02 1.34908500e-02 2.11648900e+00 3.39898800e+00 7.80180300e+00 1.19578900e+04 5.52896700e+00
2.13702400e-01 6.33811100e+03 2.21701000e-02 1.18975800e-01 1.04034500e+00 5.52653700e-02 3.17085000e+00 3.03737800e+00 9.75521900e-01 9.99942600e-01 1.93934800e+02 4.44479800e+01 8.86064300e+01 5.38265700e+01 9.01660600e+00 7.47843400e-01 9.13028800e-01 4.75956000e-01 1.84997100e+00 4.79094800e-01 1.04825700e+00 8.08445100e-01 9.49942300e-01 9.96212700e-01 9.99780400e-01 9.96994600e-01 9.96549000e-01 6.88116500e+01 7.00549600e-01 2.99450400e-01 1.41791100e-01 9.75687600e-02 8.04780700e-01 8.04043200e-01 4.40392600e-01 5.95331400e-01 9.70167200e-01 1.01124200e+02 2.38792300e+00 7.82318100e+00 2.08505100e+00 1.86686900e+00 1.20008500e+03 5.66910700e+03 2.52034500e+03 8.09795300e+02 2.27519300e+02 9.75521900e-01 2.46971400e-01 2.48303600e-01 2.66728600e+00 1.37013900e+01 1.09020700e+03 1.44226400e+02 1.04047100e+00 1.38616500e+01 1.05951300e+03 1.46958000e+02 1.40374300e-01 1.61453500e-01 3.31732900e+03 1.02094000e-02 8.27869400e-01 4.57126500e-01 7.39875500e+01 6.30873000e+02 8.39330500e+01 1.50746900e+03 9.05580600e+01 1.95468300e+03 9.61086100e+01 2.27609400e+03 2.36051500e+02 5.72167600e+03 4.45890000e-01 7.44863200e-01 4.66780400e-01 6.61589500e-01 4.66808300e-01 6.19689900e-01 4.62840700e-01 5.89990800e-01 2.97957100e-01 3.07733700e-01 3.33072300e+01 1.08117100e+02 3.55754000e+01 1.21380400e+01 3.96137800e+02 2.13792400e+01 1.15179300e+04 7.06517300e+02 1.70383900e-02 2.11648900e+00 3.40999100e+00 1.65749100e+01 1.19475900e+04 5.54351800e+00
1.58605400e-01 6.33179700e+03 2.19960100e-02 1.15888700e-01 1.04076800e+00 4.72951900e-02 2.92903200e+00 3.01662200e+00 9.65083200e-01 1.00147200e+00 2.46386500e+02 4.45355800e+01 1.11062300e+02 3.53817300e+01 3.16115700e+00 7.41912400e-01 4.46584000e-01 7.18627300e-01 6.90148200e+00 7.84059900e-01 9.82846500e-01 1.00492000e+00 1.02473200e+00 9.97237100e-01 1.00075700e+00 9.97500400e-01 9.99045700e-01 6.70867900e+01 6.92199400e-01 3.07800600e-01 1.38529900e-01 9.29352500e-02 7.91259700e-01 8.01480800e-01 4.38989100e-01 5.89367800e-01 9.66052100e-01 1.00105900e+02 2.39463800e+00 6.95343000e+00 2.04221900e+00 1.85789900e+00 1.21700800e+03 5.69427100e+03 2.52589300e+03 8.13484300e+02 2.29356800e+02 9.65083200e-01 2.43659800e-01 2.44979900e-01 2.61566500e+00 1.39457600e+01 1.08991600e+03 1.46395900e+02 1.04106800e+00 1.40620900e+01 1.05867400e+03 1.49218600e+02 1.38813800e-01 1.60941200e-01 3.34756900e+03 1.01366500e-02 8.21926200e-01 4.54162800e-01 7.22696900e+01 6.46480800e+02 8.22032500e+01 1.54271400e+03 8.88075600e+01 1.99903900e+03 9.43347700e+01 2.32663700e+03 2.33051000e+02 5.82477100e+03 4.43777500e-01 7.31531800e-01 4.62501200e-01 6.48846600e-01 4.61560600e-01 6.07378700e-01 4.56996000e-01 5.78036900e-01 2.91617200e-01 3.00792900e-01 3.22276400e+01 1.09284600e+02 3.53939200e+01 1.25996500e+01 3.95852900e+02 2.23530700e+01 1.15166000e+04 7.06652000e+02 5.81273400e-03 1.53969800e+00 3.71712600e+00 4.27754400e+00 1.19474000e+04 5.26263700e+00
5.33017600e-01 6.33490600e+03 2.17740600e-02 1.11607800e-01 1.04178600e+00 4.72717500e-02 2.53493600e+00 2.99989000e+00 9.45980700e-01 9.97890700e-01 2.33897100e+02 2.97649100e+01 9.98193600e+01 4.08650800e+01 7.04859400e+00 6.33558100e-01 8.03768800e-01 4.07423400e-01 2.54816700e+00 9.51264800e-01 1.02799200e+00 9.93674900e-01 1.07843700e+00 9.97762300e-01 1.00228200e+00 9.97752200e-01 9.80456300e-01 6.41095000e+01 6.73902400e-01 3.26097600e-01 1.34027000e-01 8.59240400e-02 7.78550100e-01 8.11707800e-01 4.44590700e-01 5.88333400e-01 9.72356200e-01 9.79718400e+01 2.43946600e+00 6.88324000e+00 2.00833200e+00 1.82715700e+00 1.24269500e+03 5.68769600e+03 2.51243100e+03 8.12383200e+02 2.30780900e+02 9.45980700e-01 2.38025100e-01 2.39324400e-01 2.51651200e+00 1.43579600e+01 1.08940800e+03 1.49870800e+02 1.04236800e+00 1.43779200e+01 1.05749100e+03 1.52819500e+02 1.36567300e-01 1.59995200e-01 3.42220700e+03 1.00802600e-02 8.08368600e-01 4.47253100e-01 6.93443900e+01 6.75144300e+02 7.93297800e+01 1.60649600e+03 8.59412300e+01 2.07868800e+03 9.14616900e+01 2.41689200e+03 2.28695400e+02 5.99887700e+03 4.47877600e-01 7.18060200e-01 4.62344100e-01 6.35023300e-01 4.59363600e-01 5.93667400e-01 4.53481000e-01 5.64512400e-01 2.84163700e-01 2.92337300e-01 2.59886800e+01 1.05216400e+02 2.92765400e+01 9.48419500e+00 3.95737900e+02 2.57860900e+01 1.15155800e+04 7.07343200e+02 2.60429600e-01 4.95667100e-01 8.57953600e+00 6.54622100e+00 1.19465900e+04 9.33563200e+00
5.69009800e-01 6.33199900e+03 2.19334000e-02 1.12006700e-01 1.04148200e+00 4.91398000e-02 2.60106000e+00 3.01098000e+00 9.51824800e-01 1.00130100e+00 2.25299200e+02 1.81880700e+01 8.09731700e+01 4.43564900e+01 4.07749500e+00 8.67413700e-01 1.83306200e-01 3.76743900e-01 9.37057800e+00 1.07327400e+00 8.66949900e-01 8.18013600e-01 1.09930000e+00 9.97491000e-01 9.99199400e-01 9.93604000e-01 9.91511000e-01 6.47833300e+01 6.79320700e-01 3.20679300e-01 1.34585200e-01 8.71887900e-02 7.82843500e-01 8.09375000e-01 4.43312900e-01 5.89104900e-01 9.72620300e-01 9.85665900e+01 2.43248300e+00 7.06024200e+00 2.03072900e+00 1.84064400e+00 1.23923700e+03 5.71853600e+03 2.52850800e+03 8.18472900e+02 2.32628600e+02 9.51824800e-01 2.39055500e-01 2.40358700e-01 2.51088400e+00 1.42761000e+01 1.08931200e+03 1.49263100e+02 1.04200800e+00 1.43245700e+01 1.05794900e+03 1.52148100e+02 1.37091900e-01 1.59976700e-01 3.40408200e+03 1.00745600e-02 8.11838800e-01 4.48946300e-01 6.99886400e+01 6.68522700e+02 7.99322600e+01 1.59208200e+03 8.65240000e+01 2.06090600e+03 9.20316800e+01 2.39692500e+03 2.29323900e+02 5.96415700e+03 4.47063800e-01 7.22526600e-01 4.62792300e-01 6.39522300e-01 4.60401900e-01 5.98098900e-01 4.54895000e-01 5.68865000e-01 2.86544100e-01 2.95002800e-01 2.50752900e+01 1.02919700e+02 2.92819200e+01 9.61328000e+00 3.95632900e+02 2.44862400e+01 1.15111400e+04 7.07083400e+02 1.52099300e-01 7.19420900e-01 6.68842300e+00 8.48170300e+00 1.19408700e+04 7.55994300e+00
6.24077200e-01 6.33069400e+03 2.18729200e-02 1.13654000e-01 1.04143700e+00 4.97529000e-02 2.65066400e+00 3.01340400e+00 9.55400300e-01 1.00065300e+00 2.40115300e+02 4.77678500e+01 1.25213900e+02 2.86411100e+01 3.46339500e+00 7.28051800e-01 2.40307900e-01 8.56255400e-01 2.04966000e+00 6.05734200e-01 9.24281300e-01 1.08025300e+00 1.17933700e+00 9.96738400e-01 1.00060900e+00 9.93934200e-01 9.88456800e-01 6.47210700e+01 6.74915300e-01 3.25084700e-01 1.36172000e-01 8.81319900e-02 7.89140400e-01 8.21470300e-01 4.49937800e-01 5.95872600e-01 9.80915100e-01 9.80333700e+01 2.43651200e+00 7.17010500e+00 2.03565700e+00 1.84284900e+00 1.22759700e+03 5.67122000e+03 2.52468900e+03 8.17539000e+02 2.32302200e+02 9.55400300e-01 2.39730600e-01 2.41036300e-01 2.53974000e+00 1.42349300e+01 1.08958800e+03 1.48578300e+02 1.04192800e+00 1.42599400e+01 1.05798700e+03 1.51470600e+02 1.37522700e-01 1.60198200e-01 3.42019300e+03 1.01580000e-02 8.08818800e-01 4.47410600e-01 6.99890000e+01 6.68851100e+02 8.00424200e+01 1.59176800e+03 8.67004100e+01 2.05979100e+03 9.22604100e+01 2.39505100e+03 2.30546400e+02 5.94738000e+03 4.53349200e-01 7.27919500e-01 4.68230000e-01 6.43841100e-01 4.65320300e-01 6.01951100e-01 4.59432600e-01 5.72413800e-01 2.88160800e-01 2.96497400e-01 2.82564000e+01 1.06238100e+02 3.05042000e+01 9.22074500e+00 3.95736500e+02 2.36540400e+01 1.15075900e+04 7.07291200e+02 2.49289900e-01 4.95667100e-01 8.50232800e+00 8.64500300e+00 1.19362100e+04 9.24728500e+00
7.30218300e-01 6.32994100e+03 2.20238100e-02 1.12996600e-01 1.04152300e+00 4.84014600e-02 2.62828800e+00 3.00893500e+00 9.55025800e-01 9.98382400e-01 2.15937500e+02 3.78422400e+01 1.07355200e+02 3.47632800e+01 7.30902000e+00 6.69258400e-01 5.21994700e-01 5.35665600e-01 1.04962200e+00 9.50713900e-01 7.49524100e-01 1.08337500e+00 1.23439000e+00 9.98420400e-01 1.00146400e+00 9.90330000e-01 9.87030300e-01 6.48345900e+01 6.77257600e-01 3.22742400e-01 1.35665600e-01 8.79582200e-02 7.85158600e-01 8.14375600e-01 4.46051900e-01 5.91795100e-01 9.75110800e-01 9.82914100e+01 2.42786900e+00 6.98394800e+00 2.02658000e+00 1.83959700e+00 1.22843400e+03 5.68692200e+03 2.52421500e+03 8.18459000e+02 2.32896800e+02 9.55025800e-01 2.39486100e-01 2.40790800e-01 2.50398200e+00 1.42387600e+01 1.08931500e+03 1.48762700e+02 1.04202000e+00 1.42763700e+01 1.05829200e+03 1.51603300e+02 1.37592200e-01 1.59933000e-01 3.41825500e+03 1.01361300e-02 8.09631200e-01 4.47726100e-01 7.00785400e+01 6.67818100e+02 8.00857200e+01 1.58989800e+03 8.67165700e+01 2.05775200e+03 9.22555400e+01 2.39299000e+03 2.30184100e+02 5.94875500e+03 4.49622300e-01 7.24470200e-01 4.64949800e-01 6.41032700e-01 4.62322100e-01 5.99424900e-01 4.56643900e-01 5.70072900e-01 2.87071100e-01 2.95467900e-01 2.62436400e+01 1.03216500e+02 2.71141800e+01 9.02083800e+00 3.95724900e+02 2.40249900e+01 1.15089700e+04 7.07177000e+02 1.98831500e-01 5.80430900e-01 7.61222500e+00 6.57824800e+00 1.19377400e+04 8.39148800e+00
1.02558000e+00 6.33419500e+03 2.19103700e-02 1.14613300e-01 1.04186300e+00 5.50849600e-02 2.77301900e+00 3.03104700e+00 9.58508200e-01 9.99721300e-01 2.04478100e+02 3.85865400e+01 1.05343200e+02 4.43655600e+01 4.99370900e+00 6.91173100e-01 6.63146600e-01 3.68311500e-01 3.01511000e+00 8.38676600e-01 8.54371400e-01 7.64909100e-01 7.07601600e-01 9.97809000e-01 9.99518600e-01 9.98817400e-01 9.95354100e-01 6.59954800e+01 6.85060700e-01 3.14939300e-01 1.37168800e-01 9.05252000e-02 7.96718700e-01 8.16315000e-01 4.47114200e-01 5.96845200e-01 9.80726500e-01 9.93193700e+01 2.43776300e+00 7.74078400e+00 2.07189200e+00 1.85575700e+00 1.23262600e+03 5.70635200e+03 2.53269500e+03 8.17330000e+02 2.31457500e+02 9.58508200e-01 2.41469600e-01 2.42781700e-01 2.57643000e+00 1.40851000e+01 1.08975400e+03 1.47626900e+02 1.04228200e+00 1.41638200e+01 1.05825400e+03 1.50494200e+02 1.38053600e-01 1.60665200e-01 3.38659500e+03 1.01451000e-02 8.15343500e-01 4.50809800e-01 7.12101800e+01 6.56627500e+02 8.11804800e+01 1.56516900e+03 8.77984900e+01 2.02698800e+03 9.33321300e+01 2.35822800e+03 2.31684700e+02 5.88376900e+03 4.51364200e-01 7.35886200e-01 4.68647800e-01 6.51949800e-01 4.66877000e-01 6.09969500e-01 4.61720300e-01 5.80308400e-01 2.92503700e-01 3.01390300e-01 2.88618400e+01 1.06830600e+02 3.15932500e+01 8.66016200e+00 3.96279600e+02 2.40427800e+01 1.15203900e+04 7.06858300e+02 5.48367700e-02 1.09677200e+00 4.72358300e+00 6.27954400e+00 1.19493800e+04 5.87519200e+00
2.31480400e-01 6.33276700e+03 2.23883100e-02 1.19211600e-01 1.04094500e+00 4.89355200e-02 3.11035800e+00 3.02334100e+00 9.69450400e-01 9.97925800e-01 3.03760600e+02 4.39885100e+01 9.65528000e+01 4.62225300e+01 7.44241900e-01 6.77953300e-01 4.97760200e-01 4.83915400e-01 5.66266100e+00 8.89704400e-01 1.04863300e+00 8.37450300e-01 8.86384100e-01 9.97573800e-01 1.00001800e+00 1.00543700e+00 9.99220500e-01 6.84051500e+01 6.96009800e-01 3.03990200e-01 1.42245100e-01 9.73029500e-02 7.99519200e-01 8.04818700e-01 4.40817400e-01 5.93668200e-01 9.66684000e-01 1.00525900e+02 2.39227300e+00 7.11517300e+00 2.05598600e+00 1.86429800e+00 1.21114200e+03 5.69055100e+03 2.51664100e+03 8.09409100e+02 2.27937000e+02 9.69450400e-01 2.46260000e-01 2.47589700e-01 2.60430200e+00 1.37248500e+01 1.08989200e+03 1.44299700e+02 1.04108900e+00 1.38604600e+01 1.05997100e+03 1.46956600e+02 1.40776700e-01 1.61005900e-01 3.35480500e+03 1.02833900e-02 8.21983900e-01 4.53903600e-01 7.36268000e+01 6.34290500e+02 8.36452300e+01 1.51454000e+03 9.03118200e+01 1.96313200e+03 9.58939000e+01 2.28534000e+03 2.36278200e+02 5.73204100e+03 4.45927900e-01 7.39541100e-01 4.65683800e-01 6.56361400e-01 4.65177700e-01 6.14583700e-01 4.60869500e-01 5.84999300e-01 2.95252600e-01 3.04729900e-01 3.19227400e+01 1.08573100e+02 3.51994100e+01 1.19194600e+01 3.95724300e+02 2.23084300e+01 1.15194300e+04 7.06576100e+02 6.99275300e-05 1.74777200e+00 3.46982200e+00 4.36026600e+00 1.19493800e+04 5.21766300e+00
4.37572700e-01 6.32955600e+03 2.24550600e-02 1.18701400e-01 1.04103800e+00 5.55064900e-02 3.09024100e+00 3.03693900e+00 9.73323600e-01 9.98771900e-01 2.55282700e+02 3.82986500e+01 1.08790700e+02 3.26236100e+01 7.59418700e-01 6.52983600e-01 8.23660100e-04 1.88648300e-01 6.53294000e+00 7.77280100e-01 8.82808100e-01 1.04410800e+00 1.20611700e+00 9.95969100e-01 1.00081200e+00 9.98019900e-01 9.83252900e-01 6.84381100e+01 6.97249400e-01 3.02750600e-01 1.41801600e-01 9.70463200e-02 8.04837500e-01 8.08518800e-01 4.42844000e-01 5.97007100e-01 9.72879900e-01 1.00684000e+02 2.39881100e+00 7.76825000e+00 2.08413500e+00 1.86514900e+00 1.20487000e+03 5.68503200e+03 2.52317100e+03 8.13817900e+02 2.29822100e+02 9.73323600e-01 2.46018100e-01 2.47346900e-01 2.58510000e+00 1.37338400e+01 1.08974300e+03 1.44480800e+02 1.04119100e+00 1.38764900e+01 1.06008500e+03 1.47116900e+02 1.40733000e-01 1.60869700e-01 3.35327500e+03 1.02649300e-02 8.22510200e-01 4.54129300e-01 7.36428600e+01 6.34062100e+02 8.36300100e+01 1.51429700e+03 9.02776900e+01 1.96301400e+03 9.58448500e+01 2.28536600e+03 2.35950400e+02 5.73564000e+03 4.48079200e-01 7.44586000e-01 4.68244700e-01 6.60977900e-01 4.67883600e-01 6.18964400e-01 4.63648400e-01 5.89205200e-01 2.97429400e-01 3.07032100e-01 2.92433000e+01 1.06114100e+02 3.17904400e+01 1.06654600e+01 3.96153100e+02 2.17865200e+01 1.15104300e+04 7.06556600e+02 1.68424700e-03 1.89191900e+00 3.41066300e+00 8.21432800e+00 1.19390400e+04 5.30426600e+00
7.21783000e-01 6.33098100e+03 2.24975000e-02 1.19315900e-01 1.04092200e+00 5.61559600e-02 3.14139000e+00 3.04037400e+00 9.75281300e-01 9.96546700e-01 2.06177900e+02 3.29076100e+01 9.73676000e+01 4.50754400e+01 7.12228400e+00 7.50003400e-01 5.17296500e-01 1.98852000e-01 1.23404700e-01 1.23060000e+00 7.84313600e-01 9.82940900e-01 1.18902300e+00 9.98905500e-01 1.00338000e+00 1.00487800e+00 9.92546300e-01 6.88153100e+01 6.99171800e-01 3.00828200e-01 1.42458600e-01 9.80333100e-02 8.07095000e-01 8.08208300e-01 4.42673900e-01 5.97729000e-01 9.72931200e-01 1.00920900e+02 2.39641100e+00 7.84149200e+00 2.09130600e+00 1.86913700e+00 1.20318000e+03 5.68892200e+03 2.52487800e+03 8.13877600e+02 2.29645700e+02 9.75281300e-01 2.46711100e-01 2.48042400e-01 2.59505600e+00 1.36830300e+01 1.08979300e+03 1.44035800e+02 1.04104100e+00 1.38357500e+01 1.06023800e+03 1.46654800e+02 1.41062000e-01 1.60967100e-01 3.34604100e+03 1.02776900e-02 8.23907900e-01 4.54824100e-01 7.40155600e+01 6.30732300e+02 8.40017300e+01 1.50680400e+03 9.06517100e+01 1.95360400e+03 9.62221800e+01 2.27465800e+03 2.36559900e+02 5.71417600e+03 4.48073100e-01 7.46866400e-01 4.68719300e-01 6.63214600e-01 4.68584100e-01 6.21147500e-01 4.64492900e-01 5.91338400e-01 2.98578400e-01 3.08311200e-01 2.61759800e+01 1.05647000e+02 3.08222500e+01 9.68962000e+00 3.96257500e+02 2.18865500e+01 1.15130500e+04 7.06531400e+02 7.89986500e-03 2.04033800e+00 3.38835900e+00 9.10837700e+00 1.19408800e+04 5.43659600e+00
8.28492900e-01 6.33186100e+03 2.25186700e-02 1.19963300e-01 1.04093600e+00 5.33825800e-02 3.11535700e+00 3.03615600e+00 9.68644500e-01 9.97053400e-01 2.44009400e+02 3.23813300e+01 9.54012700e+01 3.64878700e+01 7.49378200e-01 5.72238700e-01 1.78860000e-01 1.05209200e-01 8.41114100e+00 9.94978700e-01 1.04646700e+00 9.66310000e-01 1.13066000e+00 9.97496400e-01 9.98152900e-01 9.89319700e-01 9.93030600e-01 6.83026100e+01 6.93205800e-01 3.06794200e-01 1.43127100e-01 9.77595400e-02 8.06236400e-01 8.15314900e-01 4.46566400e-01 6.00031700e-01 9.75537000e-01 1.00125600e+02 2.41480400e+00 7.56073000e+00 2.08250400e+00 1.87162300e+00 1.21820500e+03 5.71139200e+03 2.52296800e+03 8.11794300e+02 2.28991600e+02 9.68644500e-01 2.46374500e-01 2.47704600e-01 2.58236600e+00 1.37101400e+01 1.08979800e+03 1.43982700e+02 1.04106300e+00 1.38303500e+01 1.06031400e+03 1.46591100e+02 1.41245600e-01 1.60820700e-01 3.37346300e+03 1.03440000e-02 8.18946000e-01 4.52221000e-01 7.35627800e+01 6.35044500e+02 8.36472800e+01 1.51566500e+03 9.03535100e+01 1.96414700e+03 9.59667200e+01 2.28615800e+03 2.36918300e+02 5.72623300e+03 4.51497900e-01 7.45473500e-01 4.70794300e-01 6.61316400e-01 4.69952000e-01 6.19094100e-01 4.65380500e-01 5.89212400e-01 2.97262600e-01 3.06678000e-01 2.94049900e+01 1.03987100e+02 3.05979000e+01 9.31568800e+00 3.95873800e+02 2.29140600e+01 1.15189100e+04 7.06629600e+02 5.51310100e-03 1.53969800e+00 3.80829600e+00 4.72696700e+00 1.19470100e+04 5.35350800e+00
4.96774300e-01 6.32965600e+03 2.23024000e-02 1.17184200e-01 1.04125400e+00 5.43123100e-02 2.93728100e+00 3.02686600e+00 9.63955900e-01 9.97483000e-01 2.31812300e+02 4.42612600e+01 1.20937200e+02 2.97137500e+01 2.55924600e+00 7.34637700e-01 3.46682800e-01 9.49490500e-01 6.51945800e+00 7.39790900e-01 1.06311300e+00 1.03085800e+00 9.89848600e-01 9.95910100e-01 1.00095700e+00 9.93931400e-01 9.91534300e-01 6.71307400e+01 6.89047800e-01 3.10952200e-01 1.40131700e-01 9.40714600e-02 7.98275700e-01 8.12716600e-01 4.45143200e-01 5.96109900e-01 9.74298900e-01 9.96726400e+01 2.41709800e+00 7.63702400e+00 2.06324600e+00 1.85087100e+00 1.21646800e+03 5.67510500e+03 2.51134300e+03 8.10058100e+02 2.29120000e+02 9.63955900e-01 2.43901100e-01 2.45222200e-01 2.56052600e+00 1.38968500e+01 1.08965200e+03 1.45769500e+02 1.04151500e+00 1.39959100e+01 1.05947500e+03 1.48475400e+02 1.39786800e-01 1.60576800e-01 3.38266400e+03 1.02486400e-02 8.16788800e-01 4.51260700e-01 7.23681600e+01 6.45831400e+02 8.23975300e+01 1.54039600e+03 8.90607500e+01 1.99553300e+03 9.46349900e+01 2.32214600e+03 2.34295100e+02 5.80469900e+03 4.49717700e-01 7.37707400e-01 4.67909000e-01 6.53982200e-01 4.66592300e-01 6.12043900e-01 4.61736500e-01 5.82388600e-01 2.93680900e-01 3.02786600e-01 3.07055900e+01 1.08489900e+02 3.34548600e+01 1.02353500e+01 3.96056300e+02 2.30051500e+01 1.15100100e+04 7.06732900e+02 2.73796000e-02 1.27934900e+00 4.31233100e+00 7.65248500e+00 1.19393100e+04 5.61906000e+00
4.32847400e-01 6.33486800e+03 2.22291300e-02 1.20831500e-01 1.04068100e+00 5.23132200e-02 3.13001000e+00 3.02808500e+00 9.68450000e-01 9.96383700e-01 2.58462900e+02 2.56756400e+01 9.20116100e+01 4.31446000e+01 3.04884300e+00 8.50574100e-01 1.32743400e-01 4.12334100e-01 9.04284500e+00 1.00958500e+00 1.29106700e+00 8.24413300e-01 1.18875600e+00 9.96346800e-01 9.99873200e-01 9.92771000e-01 9.84778000e-01 6.78411900e+01 6.87760900e-01 3.12239100e-01 1.43705800e-01 9.74916900e-02 8.06337500e-01 8.22621200e-01 4.50568200e-01 6.02752100e-01 9.78971700e-01 9.94616400e+01 2.41412300e+00 7.53021200e+00 2.06576400e+00 1.86055300e+00 1.20667500e+03 5.63720800e+03 2.50393000e+03 8.04294300e+02 2.26299700e+02 9.68450000e-01 2.46456800e-01 2.47787200e-01 2.64160400e+00 1.37355500e+01 1.09025400e+03 1.43908000e+02 1.04082200e+00 1.38263700e+01 1.05974200e+03 1.46609500e+02 1.40945200e-01 1.61209700e-01 3.38057700e+03 1.03759000e-02 8.16662700e-01 4.51240700e-01 7.31529000e+01 6.38998000e+02 8.33255100e+01 1.52378300e+03 9.00818800e+01 1.97380500e+03 9.57331100e+01 2.29669400e+03 2.37223700e+02 5.73747400e+03 4.55079000e-01 7.45024900e-01 4.73156500e-01 6.60322900e-01 4.71670900e-01 6.17916900e-01 4.66660400e-01 5.87939000e-01 2.96403200e-01 3.05550500e-01 2.86805700e+01 1.06509100e+02 3.26661400e+01 1.04731400e+01 3.95848800e+02 2.24228500e+01 1.15161700e+04 7.06770600e+02 4.42099100e-02 1.15641700e+00 4.75603700e+00 1.20963500e+01 1.19449100e+04 5.95666400e+00
9.14143400e-01 6.33479700e+03 2.23866800e-02 1.21469200e-01 1.04131500e+00 4.50184500e-02 3.09115800e+00 3.03314600e+00 9.58709900e-01 1.00234800e+00 2.17215000e+02 4.54784700e+01 9.95415800e+01 4.41325500e+01 6.68586400e+00 8.44312600e-01 5.68509900e-01 5.71028000e-01 4.50724300e+00 1.20242500e+00 9.44957800e-01 9.54576800e-01 1.10194400e+00 9.98755200e-01 1.00079900e+00 9.99907000e-01 9.86090400e-01 6.75116000e+01 6.82959900e-01 3.17040100e-01 1.44501000e-01 9.75549500e-02 8.08559300e-01 8.31205400e-01 4.55269900e-01 6.06723000e-01 9.84062500e-01 9.88786400e+01 2.44946100e+00 6.72760000e+00 2.07624400e+00 1.89747400e+00 1.25253700e+03 5.78895700e+03 2.54675100e+03 8.16184600e+02 2.29820000e+02 9.58709900e-01 2.46004400e-01 2.47333200e-01 2.59797600e+00 1.37432400e+01 1.09007000e+03 1.43818100e+02 1.04146800e+00 1.38091800e+01 1.06012300e+03 1.46461700e+02 1.41372800e-01 1.60922300e-01 3.41700300e+03 1.04605800e-02 8.11060000e-01 4.48211800e-01 7.28780100e+01 6.41754100e+02 8.31372400e+01 1.52920600e+03 8.99437700e+01 1.98008200e+03 9.56335200e+01 2.30338600e+03 2.37731500e+02 5.74118400e+03 4.59380500e-01 7.46607000e-01 4.76433900e-01 6.61210200e-01 4.74384200e-01 6.18534500e-01 4.68980100e-01 5.88395100e-01 2.96444900e-01 3.05389600e-01 3.32446900e+01 1.09205500e+02 3.68907100e+01 8.81386500e+00 3.96024400e+02 2.48368100e+01 1.15190000e+04 7.06934700e+02 1.07850700e-01 8.72797100e-01 6.05856100e+00 6.94033900e+00 1.19486800e+04 7.03920900e+00
1.03057400e+00 6.33220200e+03 2.24702300e-02 1.21074100e-01 1.04089700e+00 5.10230900e-02 3.10567600e+00 3.04171100e+00 9.60847900e-01 1.00099000e+00 2.26488000e+02 4.45309900e+01 7.95449700e+01 5.09171600e+01 5.12802100e+00 8.50507200e-01 7.42134700e-01 9.29019300e-01 5.29207600e+00 1.12109800e+00 1.19654900e+00 9.62000200e-01 1.15297000e+00 9.95840300e-01 1.00292000e+00 9.90336200e-01 9.85833100e-01 6.77459700e+01 6.85828700e-01 3.14171300e-01 1.44189400e-01 9.76825400e-02 8.10224000e-01 8.29139700e-01 4.54138500e-01 6.06592100e-01 9.84381300e-01 9.91817900e+01 2.44989900e+00 7.34405500e+00 2.09410400e+00 1.89095000e+00 1.24640600e+03 5.77843600e+03 2.53961300e+03 8.14411000e+02 2.29463200e+02 9.60847900e-01 2.46228600e-01 2.47558200e-01 2.58768400e+00 1.37308100e+01 1.08994500e+03 1.43783800e+02 1.04103100e+00 1.38116700e+01 1.06027600e+03 1.46402500e+02 1.41446600e-01 1.60809300e-01 3.40300600e+03 1.04278300e-02 8.13460700e-01 4.49394100e-01 7.30840900e+01 6.39737500e+02 8.32972500e+01 1.52508800e+03 9.00776100e+01 1.97519700e+03 9.57475300e+01 2.29806800e+03 2.37562900e+02 5.73569300e+03 4.58496400e-01 7.48426600e-01 4.76231100e-01 6.63130400e-01 4.74513500e-01 6.20458300e-01 4.69326200e-01 5.90304000e-01 2.97518700e-01 3.06618000e-01 3.14302400e+01 1.07593800e+02 3.52613500e+01 8.67658900e+00 3.95762400e+02 2.45699400e+01 1.15110400e+04 7.06832200e+02 7.15240400e-02 9.81866700e-01 5.39710100e+00 1.10770500e+01 1.19400400e+04 6.45049200e+00
8.67193100e-01 6.33770600e+03 2.25352500e-02 1.23863700e-01 1.04089000e+00 4.99970900e-02 3.25228400e+00 3.04158500e+00 9.65321800e-01 9.97955500e-01 2.41188100e+02 3.05319300e+01 9.49926400e+01 3.57479300e+01 1.44288900e+00 4.76082300e-01 5.14793500e-01 2.17965600e-01 8.25152300e+00 7.33657300e-01 1.24234500e+00 1.12078200e+00 1.28515500e+00 9.96769900e-01 1.00041800e+00 9.99534300e-01 9.92954600e-01 6.85223400e+01 6.86827800e-01 3.13172200e-01 1.47044100e-01 1.00758000e-01 8.15944300e-01 8.33664800e-01 4.56617000e-01 6.10388400e-01 9.85699200e-01 9.92859700e+01 2.44208000e+00 7.28302000e+00 2.09383900e+00 1.89459500e+00 1.23504900e+03 5.74318700e+03 2.53069300e+03 8.10045500e+02 2.27618200e+02 9.65321800e-01 2.48177900e-01 2.49514500e-01 2.62618100e+00 1.35874000e+01 1.09024700e+03 1.42322300e+02 1.04092100e+00 1.36727300e+01 1.06077200e+03 1.44895800e+02 1.42555300e-01 1.61180100e-01 3.40421500e+03 1.05328800e-02 8.13531500e-01 4.49386200e-01 7.39051000e+01 6.32559400e+02 8.42064800e+01 1.50821300e+03 9.10469700e+01 1.95349600e+03 9.67678900e+01 2.27294600e+03 2.39934400e+02 5.67568600e+03 4.61071800e-01 7.53807200e-01 4.79154400e-01 6.68002900e-01 4.77541400e-01 6.25060300e-01 4.72396700e-01 5.94708700e-01 2.99757700e-01 3.08980200e-01 2.92169100e+01 1.06051000e+02 3.14244900e+01 9.05440600e+00 3.95752700e+02 2.40545600e+01 1.15242400e+04 7.06799600e+02 6.07774900e-02 1.03858200e+00 5.19771900e+00 9.20962900e+00 1.19531100e+04 6.29707900e+00
6.37686200e-01 6.33347600e+03 2.23236300e-02 1.21486900e-01 1.04130000e+00 5.30517900e-02 3.20841300e+00 3.03638700e+00 9.69986300e-01 9.95924900e-01 2.58440500e+02 3.69772700e+01 1.11145900e+02 3.46516100e+01 1.23816500e+00 5.85808300e-01 6.98500500e-01 7.81799800e-01 9.27316200e+00 8.70961800e-01 1.02836600e+00 9.63757700e-01 8.55197000e-01 9.96729000e-01 1.00057000e+00 9.90265200e-01 1.00131000e+00 6.88079800e+01 6.94889600e-01 3.05110400e-01 1.44455700e-01 9.93970600e-02 8.10182300e-01 8.17053800e-01 4.47518800e-01 6.02139400e-01 9.76704900e-01 1.00425400e+02 2.41178800e+00 7.60650600e+00 2.08298500e+00 1.87329400e+00 1.21387200e+03 5.68082000e+03 2.51576500e+03 8.06646600e+02 2.26584300e+02 9.69986300e-01 2.47526700e-01 2.48860900e-01 2.65053600e+00 1.36306500e+01 1.09026700e+03 1.43285900e+02 1.04138400e+00 1.37591900e+01 1.06004700e+03 1.45950200e+02 1.41424800e-01 1.61447600e-01 3.36328900e+03 1.03764300e-02 8.20608300e-01 4.53245800e-01 7.40767800e+01 6.30519300e+02 8.41871400e+01 1.50526200e+03 9.09131300e+01 1.95092600e+03 9.65441100e+01 2.27098300e+03 2.38069700e+02 5.69284100e+03 4.52612600e-01 7.49287400e-01 4.72373800e-01 6.64881800e-01 4.71723900e-01 6.22507500e-01 4.67264500e-01 5.92507800e-01 2.98981400e-01 3.08533500e-01 3.05095600e+01 1.09999500e+02 3.41557800e+01 9.87293000e+00 3.95892200e+02 2.28176900e+01 1.15196100e+04 7.06595900e+02 1.46964000e-04 1.67729600e+00 3.49203100e+00 6.98980200e+00 1.19482000e+04 5.16947500e+00
7.57880400e-01 6.32934100e+03 2.20016600e-02 1.16826000e-01 1.04115200e+00 4.68135500e-02 2.82512900e+00 3.01661600e+00 9.53919300e-01 9.99643800e-01 2.33763100e+02 4.73127100e+01 1.08155000e+02 4.37354200e+01 6.17871100e+00 6.17824300e-01 6.24557900e-01 1.28398300e-02 2.26009000e-01 1.09064600e+00 7.76587800e-01 8.96583900e-01 9.81162200e-01 9.97936400e-01 9.98418100e-01 9.96322100e-01 9.88630300e-01 6.56658900e+01 6.76548100e-01 3.23451900e-01 1.39472800e-01 9.15860300e-02 7.94605400e-01 8.25079400e-01 4.51914600e-01 5.99244300e-01 9.80576800e-01 9.81686300e+01 2.44350700e+00 6.90155000e+00 2.04220600e+00 1.85967900e+00 1.24036900e+03 5.70914700e+03 2.52402500e+03 8.12438100e+02 2.29638700e+02 9.53919300e-01 2.42237600e-01 2.43552600e-01 2.57781200e+00 1.40498700e+01 1.08988700e+03 1.46679600e+02 1.04152200e+00 1.40832000e+01 1.05867400e+03 1.49497100e+02 1.38934900e-01 1.60559900e-01 3.41893000e+03 1.02790500e-02 8.09324400e-01 4.47578100e-01 7.09871800e+01 6.59323500e+02 8.11423000e+01 1.56949800e+03 8.78701200e+01 2.03123500e+03 9.34895700e+01 2.36205900e+03 2.33371300e+02 5.86991200e+03 4.55451800e-01 7.33114300e-01 4.70798500e-01 6.48601400e-01 4.68054900e-01 6.06469100e-01 4.62251700e-01 5.76751300e-01 2.90378900e-01 2.98859700e-01 3.31241300e+01 1.07544800e+02 3.38502800e+01 8.91273900e+00 3.95791900e+02 2.47862800e+01 1.15092500e+04 7.07210700e+02 2.22853500e-01 5.37244800e-01 8.13648400e+00 3.83859900e+00 1.19387400e+04 8.89658200e+00
3.94733400e-01 6.33243700e+03 2.22378100e-02 1.15898400e-01 1.04141200e+00 5.29185200e-02 2.84919300e+00 3.02122900e+00 9.62959500e-01 9.98418000e-01 2.30186600e+02 3.06062800e+01 1.17667100e+02 3.03566900e+01 2.43194400e+00 6.25269500e-01 7.19672200e-01 9.68241800e-01 9.13401500e+00 9.18678800e-01 1.22588200e+00 9.47710500e-01 8.09392400e-01 9.96064000e-01 1.00034700e+00 9.86927200e-01 9.79990300e-01 6.65521200e+01 6.86666100e-01 3.13333900e-01 1.38781400e-01 9.23619500e-02 7.94437600e-01 8.11900600e-01 4.44696300e-01 5.94376500e-01 9.73820400e-01 9.94006900e+01 2.41509900e+00 7.47833300e+00 2.05164900e+00 1.84560500e+00 1.21494200e+03 5.66696200e+03 2.51344200e+03 8.12595800e+02 2.30338800e+02 9.62959500e-01 2.42668000e-01 2.43984500e-01 2.54202500e+00 1.39878600e+01 1.08953000e+03 1.46618900e+02 1.04173400e+00 1.40745100e+01 1.05917000e+03 1.49357700e+02 1.39166900e-01 1.60391300e-01 3.39060700e+03 1.02108800e-02 8.15231300e-01 4.50497200e-01 7.17804400e+01 6.51296200e+02 8.17904300e+01 1.55284200e+03 8.84371300e+01 2.01127200e+03 9.39958600e+01 2.34014700e+03 2.33089700e+02 5.84297900e+03 4.49082300e-01 7.33928400e-01 4.66658200e-01 6.50378100e-01 4.65071000e-01 6.08566000e-01 4.60050300e-01 5.79014400e-01 2.91898200e-01 3.00839200e-01 2.75329400e+01 1.08394000e+02 3.08253300e+01 1.06233600e+01 3.95853200e+02 2.28111900e+01 1.15133500e+04 7.06804700e+02 4.89793000e-02 1.09677200e+00 4.75998100e+00 9.53007800e+00 1.19426300e+04 5.90573200e+00
9.36996800e-01 6.33223400e+03 2.22886000e-02 1.18408300e-01 1.04102500e+00 5.98535200e-02 2.99716000e+00 3.05912500e+00 9.68750400e-01 1.00362100e+00 2.07504100e+02 2.48027500e+01 1.13115200e+02 3.69237500e+01 7.30500200e+00 7.51353100e-01 5.59040700e-01 2.24915700e-01 2.31204100e+00 8.05674200e-01 7.97738900e-01 9.93122300e-01 9.88040100e-01 9.96858600e-01 1.00197200e+00 1.00299700e+00 9.94493700e-01 6.73101800e+01 6.88032000e-01 3.11968000e-01 1.41342100e-01 9.51376100e-02 8.14921100e-01 8.31017000e-01 4.55166800e-01 6.09036200e-01 9.93288000e-01 9.95202300e+01 2.44929900e+00 8.22296100e+00 2.13089100e+00 1.89048500e+00 1.23009400e+03 5.75462600e+03 2.55942100e+03 8.25765400e+02 2.33772000e+02 9.68750400e-01 2.44706200e-01 2.46030200e-01 2.58395000e+00 1.38469800e+01 1.08983600e+03 1.45152700e+02 1.04124900e+00 1.39402400e+01 1.05958900e+03 1.47853200e+02 1.40192600e-01 1.60751300e-01 3.38440900e+03 1.02956600e-02 8.16304900e-01 4.51014400e-01 7.25792700e+01 6.44026100e+02 8.26641400e+01 1.53584700e+03 8.93627000e+01 1.98948100e+03 9.49657900e+01 2.31497300e+03 2.35273800e+02 5.78398300e+03 4.59740200e-01 7.52988500e-01 4.78082300e-01 6.67417600e-01 4.76618400e-01 6.24571400e-01 4.71580000e-01 5.94280400e-01 2.99630200e-01 3.08880100e-01 2.40212800e+01 1.07177700e+02 2.95219500e+01 8.93673500e+00 3.97443200e+02 2.27771800e+01 1.15129000e+04 7.06762400e+02 3.86940200e-02 1.15641700e+00 4.60025400e+00 9.85597400e+00 1.19420500e+04 5.79536400e+00
9.73012300e-01 6.33081400e+03 2.23550900e-02 1.19711400e-01 1.04093500e+00 6.38113300e-02 3.12103100e+00 3.06812000e+00 9.76630800e-01 1.00396700e+00 2.56739100e+02 3.89892800e+01 1.12328000e+02 3.39376400e+01 2.83119400e+00 6.15495700e-01 2.03903900e-01 2.08426200e-01 2.53644400e+00 1.28321600e+00 1.06484700e+00 1.08595500e+00 1.34912300e+00 9.98446600e-01 1.00113600e+00 1.00062000e+00 9.95308200e-01 6.83209200e+01 6.94260300e-01 3.05739700e-01 1.42711600e-01 9.75018800e-02 8.21399500e-01 8.29219900e-01 4.54182400e-01 6.10790600e-01 9.93750900e-01 1.00301400e+02 2.43575400e+00 8.63494900e+00 2.15014300e+00 1.89252500e+00 1.21406400e+03 5.72543300e+03 2.55612900e+03 8.24572400e+02 2.33086500e+02 9.76630800e-01 2.46388500e-01 2.47718700e-01 2.61425500e+00 1.37195800e+01 1.08998700e+03 1.44143500e+02 1.04107800e+00 1.38455900e+01 1.05993300e+03 1.46809200e+02 1.40866800e-01 1.61075500e-01 3.36108500e+03 1.03099500e-02 8.20746300e-01 4.53283300e-01 7.35662100e+01 6.34938200e+02 8.36228100e+01 1.51566800e+03 9.03121000e+01 1.96431900e+03 9.59119300e+01 2.28649500e+03 2.36608800e+02 5.73005400e+03 4.59286300e-01 7.59602500e-01 4.79188200e-01 6.73970400e-01 4.78458600e-01 6.30990200e-01 4.73888900e-01 6.00565400e-01 3.03037200e-01 3.12683000e-01 2.79496900e+01 1.06073300e+02 2.96073200e+01 9.01577500e+00 3.98744100e+02 2.16122700e+01 1.15109300e+04 7.06607900e+02 1.38168000e-03 1.60798500e+00 3.60840100e+00 9.50049200e+00 1.19403000e+04 5.21776700e+00
4.23112000e-01 6.33206400e+03 2.25581200e-02 1.24490800e-01 1.04046700e+00 4.94220500e-02 3.42959600e+00 3.04700700e+00 9.81380100e-01 1.00330900e+00 2.58941100e+02 3.96671700e+01 7.90813400e+01 5.24975500e+01 4.23058600e+00 7.43157600e-01 4.35720300e-01 3.56690200e-01 4.96497900e+00 1.07770900e+00 1.21746300e+00 9.08060400e-01 1.39176300e+00 9.96698700e-01 1.00079500e+00 9.98969500e-01 9.96209800e-01 7.02179000e+01 7.00451300e-01 2.99548700e-01 1.47694100e-01 1.03707700e-01 8.19812900e-01 8.19196000e-01 4.48692100e-01 6.06501100e-01 9.78342400e-01 1.01022400e+02 2.39503300e+00 7.24639900e+00 2.10522300e+00 1.90708800e+00 1.20696700e+03 5.72995700e+03 2.54800400e+03 8.16764400e+02 2.28977600e+02 9.81380100e-01 2.50465100e-01 2.51809900e-01 2.68233700e+00 1.34257800e+01 1.09043900e+03 1.41312200e+02 1.04039100e+00 1.35826100e+01 1.06100100e+03 1.43869800e+02 1.43023100e-01 1.61718800e-01 3.34190700e+03 1.04592100e-02 8.24697400e-01 4.55185000e-01 7.55012500e+01 6.18231700e+02 8.56529200e+01 1.47724000e+03 9.24151100e+01 1.91547100e+03 9.80805300e+01 2.23042100e+03 2.40911400e+02 5.60658900e+03 4.54251600e-01 7.58760600e-01 4.75502600e-01 6.73914300e-01 4.75515800e-01 6.31225500e-01 4.71463900e-01 6.00967700e-01 3.03454900e-01 3.13429500e-01 3.25042100e+01 1.07498100e+02 3.48703600e+01 1.07710400e+01 3.95810400e+02 2.11292700e+01 1.15138100e+04 7.06518200e+02 1.16791000e-02 2.04033800e+00 3.42610700e+00 1.06084800e+01 1.19415200e+04 5.47812300e+00
6.82551600e-01 6.32942000e+03 2.24759900e-02 1.24012700e-01 1.04046600e+00 5.14880900e-02 3.39347100e+00 3.04847900e+00 9.81623500e-01 1.00023500e+00 2.59316000e+02 4.86884000e+01 1.12085600e+02 4.00139100e+01 5.31731600e+00 7.58565800e-01 3.23412500e-01 4.16166000e-01 6.08864700e-01 1.06646300e+00 7.57783400e-01 9.59710400e-01 1.16728100e+00 9.98329400e-01 1.00013000e+00 1.00278700e+00 9.96469900e-01 6.98992900e+01 6.98861000e-01 3.01139000e-01 1.47133800e-01 1.02845500e-01 8.20315300e-01 8.21871000e-01 4.50157300e-01 6.07676700e-01 9.81170400e-01 1.00829400e+02 2.39832400e+00 7.46917700e+00 2.10832500e+00 1.90202200e+00 1.20294500e+03 5.70824000e+03 2.54471200e+03 8.16433400e+02 2.29065900e+02 9.81623500e-01 2.49973400e-01 2.51316500e-01 2.68535800e+00 1.34669200e+01 1.09046900e+03 1.41658700e+02 1.04042200e+00 1.36155100e+01 1.06073400e+03 1.44249600e+02 1.42681100e-01 1.61714800e-01 3.34460100e+03 1.04434700e-02 8.23944500e-01 4.54854300e-01 7.51867400e+01 6.20929400e+02 8.53394600e+01 1.48331100e+03 9.20998700e+01 1.92309600e+03 9.77626100e+01 2.23909700e+03 2.40400300e+02 5.62397100e+03 4.55594700e-01 7.59063900e-01 4.76502800e-01 6.74004600e-01 4.76325000e-01 6.31235300e-01 4.72139300e-01 6.00930600e-01 3.03375200e-01 3.13268500e-01 3.04498200e+01 1.07395700e+02 3.24328300e+01 9.79774100e+00 3.95766700e+02 2.12727300e+01 1.15169800e+04 7.06535100e+02 4.79334300e-03 1.96545900e+00 3.42079700e+00 3.09496500e+00 1.19438200e+04 5.39104900e+00
2.57072600e-01 6.33852200e+03 2.20587500e-02 1.13790700e-01 1.04157700e+00 4.49898400e-02 2.73676300e+00 3.00186000e+00 9.59344600e-01 9.97328800e-01 2.28327000e+02 3.42206700e+01 1.15708200e+02 2.71446000e+01 1.22731200e+00 5.30541600e-01 2.73158900e-01 6.59930500e-01 6.28143800e+00 1.15371500e+00 1.06836500e+00 1.09729400e+00 1.11111700e+00 9.95087800e-01 9.99278700e-01 9.95120500e-01 9.99183000e-01 6.58856200e+01 6.85562600e-01 3.14437400e-01 1.36494600e-01 8.99303300e-02 7.82897200e-01 8.01514200e-01 4.39007400e-01 5.86257300e-01 9.64515900e-01 9.93211900e+01 2.39861900e+00 6.64215100e+00 2.01229200e+00 1.83913400e+00 1.21836500e+03 5.67399400e+03 2.51686500e+03 8.14505600e+02 2.30980400e+02 9.59344600e-01 2.41033000e-01 2.42343500e-01 2.53591500e+00 1.41151600e+01 1.08945400e+03 1.47928800e+02 1.04199900e+00 1.41966300e+01 1.05852100e+03 1.50747900e+02 1.38051800e-01 1.60295900e-01 3.38698300e+03 1.01206000e-02 8.15427900e-01 4.50735000e-01 7.10813900e+01 6.57781700e+02 8.10214500e+01 1.56803800e+03 8.76201000e+01 2.03078100e+03 9.31379000e+01 2.36270300e+03 2.31128800e+02 5.89627200e+03 4.43241600e-01 7.23166200e-01 4.60330300e-01 6.40731500e-01 4.58644800e-01 5.99494600e-01 4.53614600e-01 5.70355900e-01 2.87509000e-01 2.96261800e-01 2.65376000e+01 1.04848500e+02 2.72094400e+01 1.14446700e+01 3.96090500e+02 2.32355400e+01 1.15246700e+04 7.06841100e+02 5.55588100e-02 1.09677200e+00 4.82001100e+00 8.79311700e+00 1.19554400e+04 5.97234100e+00
2.56263100e-01 6.34154900e+03 2.21798000e-02 1.15542100e-01 1.04149600e+00 5.02277800e-02 2.92770300e+00 3.02207900e+00 9.67382900e-01 9.99372500e-01 2.35650000e+02 4.42954900e+01 1.19366600e+02 2.70003800e+01 5.16146000e+00 8.34233500e-01 2.90902300e-01 6.54954600e-01 5.94595400e+00 9.96353800e-01 6.96366600e-01 1.10327100e+00 8.93733600e-01 9.97243700e-01 1.00165600e+00 1.00042300e+00 9.93277300e-01 6.75885000e+01 6.97108500e-01 3.02891500e-01 1.38367100e-01 9.35202200e-02 7.92780600e-01 7.96592000e-01 4.36311400e-01 5.88132000e-01 9.64309900e-01 1.00780900e+02 2.39018500e+00 7.21893300e+00 2.05339300e+00 1.85714000e+00 1.21441500e+03 5.70349200e+03 2.52837700e+03 8.15943000e+02 2.30541000e+02 9.67382900e-01 2.43719600e-01 2.45040000e-01 2.58040500e+00 1.39046700e+01 1.08964900e+03 1.46352400e+02 1.04178700e+00 1.40482000e+01 1.05909300e+03 1.49109600e+02 1.39069900e-01 1.60803700e-01 3.34422100e+03 1.01256000e-02 8.23637200e-01 4.54933500e-01 7.27309700e+01 6.42022200e+02 8.25981600e+01 1.53327300e+03 8.91657900e+01 1.98759100e+03 9.46658100e+01 2.31396000e+03 2.33070800e+02 5.80700000e+03 4.41477000e-01 7.33421200e-01 4.61314100e-01 6.51055900e-01 4.60943900e-01 6.09669100e-01 4.56762100e-01 5.80354500e-01 2.92980100e-01 3.02419900e-01 3.12197500e+01 1.06148800e+02 3.50599000e+01 1.17334600e+01 3.95692500e+02 2.23797700e+01 1.15333600e+04 7.06558700e+02 3.96560700e-03 1.96545900e+00 3.32592500e+00 8.07428400e+00 1.19631700e+04 5.29535000e+00
2.68893700e-01 6.33450600e+03 2.22411100e-02 1.16065100e-01 1.04185000e+00 4.91925300e-02 2.89449500e+00 3.02084700e+00 9.61750400e-01 1.00078200e+00 2.83467300e+02 4.87809600e+01 8.41588700e+01 4.63627000e+01 1.75849700e-01 5.80354400e-01 3.28159200e-01 5.12782700e-01 7.68704100e+00 6.49163100e-01 9.62933400e-01 9.89113800e-01 1.25735400e+00 9.96869400e-01 1.00316400e+00 1.00279000e+00 9.96515400e-01 6.71746800e+01 6.92070400e-01 3.07929600e-01 1.38951300e-01 9.33401200e-02 7.93501300e-01 8.03919900e-01 4.40325100e-01 5.91099400e-01 9.68154900e-01 1.00136800e+02 2.40947900e+00 7.10296600e+00 2.05086600e+00 1.85870000e+00 1.22755600e+03 5.72195900e+03 2.52708400e+03 8.14874200e+02 2.30414800e+02 9.61750400e-01 2.43291500e-01 2.44610300e-01 2.55721200e+00 1.39259200e+01 1.08958600e+03 1.46336100e+02 1.04214900e+00 1.40417600e+01 1.05924600e+03 1.49069300e+02 1.39287900e-01 1.60625700e-01 3.37370000e+03 1.01916600e-02 8.18673600e-01 4.52303900e-01 7.23664300e+01 6.45625900e+02 8.23166400e+01 1.54064300e+03 8.89318300e+01 1.99633400e+03 9.44680400e+01 2.32347300e+03 2.33400400e+02 5.81649000e+03 4.45114800e-01 7.33591100e-01 4.63862800e-01 6.50658500e-01 4.62904400e-01 6.09068600e-01 4.58316500e-01 5.79641300e-01 2.92419400e-01 3.01614800e-01 3.57273700e+01 1.08099900e+02 3.50076500e+01 1.15409000e+01 3.95699600e+02 2.32229400e+01 1.15165800e+04 7.06655000e+02 4.76864400e-03 1.53969800e+00 3.64151000e+00 1.01315400e+01 1.19470400e+04 5.18597800e+00
6.44729000e-01 6.33458300e+03 2.23518800e-02 1.14004000e-01 1.04155700e+00 5.40451200e-02 2.80536800e+00 3.02860600e+00 9.66652700e-01 1.00036900e+00 2.30934400e+02 2.25234500e+01 1.13456800e+02 2.54483800e+01 1.09513000e+00 4.79839200e-01 1.68000800e-01 1.96877000e-01 7.69700900e+00 1.31217000e+00 5.90402100e-01 9.58590700e-01 7.85373200e-01 9.98949400e-01 9.98395200e-01 9.95342600e-01 9.87311900e-01 6.68524200e+01 6.93458200e-01 3.06541800e-01 1.37001000e-01 9.15885100e-02 7.92849900e-01 8.01447700e-01 4.38971000e-01 5.89947500e-01 9.69688900e-01 1.00267100e+02 2.40418100e+00 7.53326400e+00 2.06684000e+00 1.85508500e+00 1.21688500e+03 5.72130800e+03 2.53798100e+03 8.23169600e+02 2.33989400e+02 9.66652700e-01 2.42111400e-01 2.43425900e-01 2.50555000e+00 1.40108000e+01 1.08917700e+03 1.47273100e+02 1.04190500e+00 1.41349900e+01 1.05928400e+03 1.49982700e+02 1.38779800e-01 1.60150400e-01 3.36724900e+03 1.01098700e-02 8.19852700e-01 4.52826800e-01 7.19968100e+01 6.48838400e+02 8.18600400e+01 1.54865000e+03 8.84194900e+01 2.00693200e+03 9.39100400e+01 2.33599100e+03 2.31800100e+02 5.85177500e+03 4.43875900e-01 7.33126600e-01 4.62915500e-01 6.50398900e-01 4.62120100e-01 6.08889200e-01 4.57646700e-01 5.79510200e-01 2.92422300e-01 3.01671100e-01 2.19217600e+01 1.00777300e+02 2.33995300e+01 9.82261800e+00 3.95890400e+02 2.24143000e+01 1.15200100e+04 7.06624200e+02 1.87469600e-03 1.60798500e+00 3.57540200e+00 9.22360100e+00 1.19481300e+04 5.18526200e+00
7.56483800e-01 6.33428500e+03 2.24983700e-02 1.19633000e-01 1.04155000e+00 5.20992000e-02 3.11423700e+00 3.04582200e+00 9.74292000e-01 1.00438100e+00 2.06789600e+02 2.93097300e+01 9.58519400e+01 3.94398600e+01 3.02423700e+00 5.64572700e-01 5.12428900e-01 3.70477100e-01 7.61417700e+00 1.05547900e+00 8.54437200e-01 1.05893600e+00 1.11260600e+00 9.95626000e-01 1.00257400e+00 9.87410900e-01 9.92440300e-01 6.85955800e+01 6.96565900e-01 3.03434100e-01 1.42776500e-01 9.79383500e-02 8.11457000e-01 8.16088100e-01 4.46989900e-01 6.02256700e-01 9.79754900e-01 1.00631600e+02 2.41098300e+00 7.42950400e+00 2.10273100e+00 1.89465800e+00 1.21937600e+03 5.75691700e+03 2.55950400e+03 8.25690200e+02 2.33331900e+02 9.74292000e-01 2.46352300e-01 2.47682300e-01 2.58559300e+00 1.36937900e+01 1.08979300e+03 1.44088400e+02 1.04167700e+00 1.38323400e+01 1.06027600e+03 1.46702800e+02 1.41112500e-01 1.60949200e-01 3.36566000e+03 1.03193100e-02 8.20786800e-01 4.53210900e-01 7.38225100e+01 6.32569000e+02 8.38526500e+01 1.51056300e+03 9.05278800e+01 1.95806500e+03 9.61176000e+01 2.27951400e+03 2.36737000e+02 5.71899500e+03 4.52217200e-01 7.50638900e-01 4.72391900e-01 6.66272300e-01 4.71944400e-01 6.23889200e-01 4.67617200e-01 5.93872700e-01 2.99750500e-01 3.09399200e-01 2.74260000e+01 1.08092600e+02 3.04517100e+01 9.56016400e+00 3.95758000e+02 2.17743600e+01 1.15176600e+04 7.06567000e+02 9.36407800e-04 1.81943000e+00 3.40349600e+00 1.20293800e+01 1.19447500e+04 5.22386200e+00
3.70554700e-01 6.33221100e+03 2.21632400e-02 1.16852600e-01 1.04151100e+00 4.79207400e-02 2.96211800e+00 3.02809600e+00 9.68526200e-01 1.00431900e+00 2.70876400e+02 4.56785100e+01 9.65601300e+01 4.85563200e+01 3.90035000e+00 6.66185800e-01 8.95813400e-01 7.81322900e-01 3.82832100e+00 9.36014100e-01 1.23953500e+00 8.67773200e-01 8.75859600e-01 9.98013400e-01 1.00184900e+00 9.91215800e-01 9.89521000e-01 6.75152600e+01 6.93612400e-01 3.06387600e-01 1.39661000e-01 9.42924800e-02 7.99076000e-01 8.07538200e-01 4.42306900e-01 5.94505500e-01 9.72494400e-01 1.00322700e+02 2.40231300e+00 7.00531000e+00 2.06578600e+00 1.87699000e+00 1.22097300e+03 5.73288800e+03 2.54946900e+03 8.22580900e+02 2.32407200e+02 9.68526200e-01 2.44180400e-01 2.45502500e-01 2.59559300e+00 1.38755100e+01 1.08982000e+03 1.45838300e+02 1.04176900e+00 1.39991000e+01 1.05917000e+03 1.48592700e+02 1.39459200e-01 1.60917200e-01 3.35987300e+03 1.01968200e-02 8.20752300e-01 4.53441300e-01 7.27047600e+01 6.42511700e+02 8.26618100e+01 1.53357800e+03 8.92838400e+01 1.98742000e+03 9.48268600e+01 2.31329500e+03 2.34043900e+02 5.79525900e+03 4.47267200e-01 7.38893000e-01 4.66479200e-01 6.55524100e-01 4.65690000e-01 6.13690900e-01 4.61190100e-01 5.84082200e-01 2.94713100e-01 3.04052000e-01 3.12540700e+01 1.09692400e+02 3.39174400e+01 1.09334800e+01 3.95826800e+02 2.20572700e+01 1.15161800e+04 7.06621000e+02 1.04889000e-03 1.60798500e+00 3.50853300e+00 7.68795000e+00 1.19450000e+04 5.11756700e+00
2.11669400e-01 6.34438200e+03 2.22323300e-02 1.18908800e-01 1.04115100e+00 5.13644100e-02 3.14390200e+00 3.03756800e+00 9.76203300e-01 1.00386100e+00 2.62904500e+02 3.35649000e+01 7.06911600e+01 5.14880800e+01 2.66224600e+00 3.83798700e-01 7.23366600e-01 1.97479200e-01 7.83363600e+00 1.23450900e+00 7.28077500e-01 9.05387800e-01 9.39931100e-01 9.99994300e-01 1.00060100e+00 9.97393700e-01 9.95610500e-01 6.88446000e+01 7.00846300e-01 2.99153700e-01 1.41786300e-01 9.76122000e-02 8.06113100e-01 8.04975300e-01 4.40903100e-01 5.96169300e-01 9.71540800e-01 1.01229900e+02 2.38819900e+00 7.40509000e+00 2.08544600e+00 1.88184800e+00 1.20701000e+03 5.71047000e+03 2.54359800e+03 8.18775100e+02 2.30486100e+02 9.76203300e-01 2.46641900e-01 2.47972900e-01 2.64582400e+00 1.36985400e+01 1.09009400e+03 1.44329900e+02 1.04128900e+00 1.38607000e+01 1.05962800e+03 1.47041200e+02 1.40437500e-01 1.61391900e-01 3.32906500e+03 1.02272700e-02 8.26479800e-01 4.56373000e-01 7.40191500e+01 6.30581600e+02 8.39605700e+01 1.50684700e+03 9.05833400e+01 1.95392500e+03 9.61322400e+01 2.27525200e+03 2.36057400e+02 5.72044000e+03 4.46424800e-01 7.46127400e-01 4.67418000e-01 6.62746900e-01 4.67482500e-01 6.20788400e-01 4.63533600e-01 5.91045600e-01 2.98502300e-01 3.08311200e-01 3.05768500e+01 1.05410700e+02 3.06974400e+01 1.21598000e+01 3.95746000e+02 2.12231200e+01 1.15406500e+04 7.06514700e+02 2.36342200e-02 2.19351700e+00 3.43036400e+00 6.82491100e+00 1.19697800e+04 5.64751600e+00
7.69677200e-01 6.33520100e+03 2.27319800e-02 1.25554700e-01 1.04074900e+00 6.18936100e-02 3.48298200e+00 3.07416000e+00 9.83661600e-01 1.00066500e+00 2.48701700e+02 3.15614400e+01 9.94385100e+01 4.15327600e+01 7.55921900e-01 6.46737600e-01 5.93136500e-01 5.19826300e-02 7.30841200e+00 1.09027300e+00 9.65115600e-01 8.65513300e-01 6.45778600e-01 9.96741200e-01 1.00271000e+00 1.00336500e+00 9.97769800e-01 7.07049600e+01 7.02088200e-01 2.97911800e-01 1.48931800e-01 1.05302200e-01 8.33275000e-01 8.30369800e-01 4.54812300e-01 6.15616500e-01 9.90976600e-01 1.01230600e+02 2.42274500e+00 8.50372300e+00 2.16317000e+00 1.91130700e+00 1.20847000e+03 5.73504200e+03 2.54885600e+03 8.17250000e+02 2.29475900e+02 9.83661600e-01 2.51213200e-01 2.52560600e-01 2.66760700e+00 1.33536200e+01 1.09036100e+03 1.40679900e+02 1.04062300e+00 1.35188100e+01 1.06149700e+03 1.43173200e+02 1.43726900e-01 1.61686300e-01 3.34722400e+03 1.05114800e-02 8.24468400e-01 4.54941900e-01 7.59980300e+01 6.14075300e+02 8.61707300e+01 1.46769500e+03 9.29495300e+01 1.90335000e+03 9.86301000e+01 2.21651700e+03 2.41975500e+02 5.57624100e+03 4.60575900e-01 7.71391300e-01 4.82551700e-01 6.85322500e-01 4.82767600e-01 6.41990400e-01 4.78788700e-01 6.11265900e-01 3.08717500e-01 3.18950100e-01 2.83075100e+01 1.07509900e+02 3.38914100e+01 9.58726900e+00 3.97911500e+02 2.14617100e+01 1.15207100e+04 7.06505300e+02 2.27719600e-02 2.19351700e+00 3.47829600e+00 8.53276500e+00 1.19496700e+04 5.69458500e+00
2.06609800e-01 6.33565000e+03 2.25471800e-02 1.17362800e-01 1.04155400e+00 4.73312400e-02 3.00646400e+00 3.02432000e+00 9.70786100e-01 1.00228100e+00 2.55704300e+02 3.87326700e+01 1.26765300e+02 2.51877200e+01 4.69020600e-01 5.46659600e-01 1.92483800e-01 4.88023200e-02 5.89992400e+00 1.20224700e+00 1.04369700e+00 1.04003000e+00 8.89480000e-01 9.96800100e-01 9.98861400e-01 1.00095200e+00 9.82928300e-01 6.81817600e+01 6.97649900e-01 3.02350100e-01 1.40555100e-01 9.58329300e-02 7.96960200e-01 8.00075600e-01 4.38219500e-01 5.90968200e-01 9.65167100e-01 1.00770000e+02 2.38785400e+00 6.87713600e+00 2.05800100e+00 1.87212200e+00 1.21520000e+03 5.73801400e+03 2.54097400e+03 8.21289700e+02 2.32463200e+02 9.70786100e-01 2.44930700e-01 2.46255500e-01 2.54011400e+00 1.37908200e+01 1.08943000e+03 1.45180500e+02 1.04174300e+00 1.39363100e+01 1.06012300e+03 1.47796100e+02 1.40409900e-01 1.60547700e-01 3.36124500e+03 1.02316400e-02 8.21644100e-01 4.53618400e-01 7.33581200e+01 6.36495800e+02 8.32965300e+01 1.52020100e+03 8.99123500e+01 1.97072900e+03 9.54530900e+01 2.29439600e+03 2.34923000e+02 5.75938500e+03 4.43454500e-01 7.37337100e-01 4.63507500e-01 6.54586200e-01 4.63194900e-01 6.12997100e-01 4.59032100e-01 5.83536200e-01 2.94591100e-01 3.04115000e-01 2.88126400e+01 1.06418900e+02 2.94163700e+01 1.21720400e+01 3.95901200e+02 2.18627600e+01 1.15227800e+04 7.06550800e+02 3.42098100e-03 1.89191900e+00 3.37307500e+00 6.76505100e+00 1.19527200e+04 5.26841500e+00
4.74333100e-01 6.33519500e+03 2.25813200e-02 1.19949100e-01 1.04111400e+00 4.77574700e-02 3.14975500e+00 3.03353600e+00 9.72211400e-01 1.00210400e+00 2.27786400e+02 4.06666600e+01 1.10283800e+02 3.50260000e+01 3.46975500e-01 6.76372500e-01 1.49819100e-01 2.86157500e-02 7.49908800e+00 6.83206900e-01 1.02061400e+00 8.78758600e-01 8.52618000e-01 9.95564300e-01 9.98005600e-01 1.00545700e+00 9.89479900e-01 6.88226300e+01 6.97722100e-01 3.02277900e-01 1.43175600e-01 9.85372000e-02 8.05099200e-01 8.08150000e-01 4.42642000e-01 5.96967900e-01 9.70473700e-01 1.00724000e+02 2.39778900e+00 6.96868900e+00 2.07705500e+00 1.88784500e+00 1.22001800e+03 5.75627700e+03 2.54582900e+03 8.19764000e+02 2.31201900e+02 9.72211400e-01 2.46852200e-01 2.48184000e-01 2.58298000e+00 1.36634100e+01 1.08975100e+03 1.43769000e+02 1.04121100e+00 1.38078600e+01 1.06050500e+03 1.46353000e+02 1.41412300e-01 1.60892600e-01 3.35923700e+03 1.03239300e-02 8.21874300e-01 4.53705500e-01 7.40453300e+01 6.30584200e+02 8.40751900e+01 1.50609600e+03 9.07519900e+01 1.95245400e+03 9.63438400e+01 2.27312800e+03 2.37105200e+02 5.70616800e+03 4.47927800e-01 7.44870900e-01 4.68195800e-01 6.61277800e-01 4.67885800e-01 6.19264700e-01 4.63684500e-01 5.89503000e-01 2.97586800e-01 3.07221100e-01 3.18659500e+01 1.06629600e+02 3.39311100e+01 1.05108900e+01 3.95860100e+02 2.20914100e+01 1.15194300e+04 7.06549800e+02 2.27493300e-03 1.89191900e+00 3.41608700e+00 1.06352000e+01 1.19478900e+04 5.31028100e+00
3.81162900e-01 6.32754800e+03 2.23852600e-02 1.19070900e-01 1.04074700e+00 4.47540300e-02 3.07560500e+00 3.02169700e+00 9.70172600e-01 1.00079100e+00 2.46586500e+02 4.49296900e+01 1.22279100e+02 3.46192000e+01 7.14517900e+00 6.55167000e-01 7.68657600e-01 2.91880400e-01 4.93476600e-02 8.83223200e-01 9.61035100e-01 1.11798700e+00 1.12577600e+00 9.98175300e-01 1.00102400e+00 9.93249600e-01 9.90596600e-01 6.79803500e+01 6.92509800e-01 3.07490200e-01 1.42101300e-01 9.66009600e-02 7.99487800e-01 8.09406800e-01 4.43330400e-01 5.95346300e-01 9.69661400e-01 1.00047300e+02 2.39401600e+00 6.66351300e+00 2.05260900e+00 1.87686700e+00 1.21502100e+03 5.71865400e+03 2.53665700e+03 8.17359400e+02 2.30570500e+02 9.70172600e-01 2.45796900e-01 2.47124900e-01 2.59286700e+00 1.37663700e+01 1.08984800e+03 1.44511700e+02 1.04091400e+00 1.38831500e+01 1.05993300e+03 1.47170900e+02 1.40680100e-01 1.60853000e-01 3.36697500e+03 1.02967900e-02 8.19572000e-01 4.52642300e-01 7.32271500e+01 6.38005400e+02 8.32840900e+01 1.52256400e+03 8.99709100e+01 1.97297700e+03 9.55673900e+01 2.29634500e+03 2.36045600e+02 5.74980300e+03 4.48172000e-01 7.39165800e-01 4.67154300e-01 6.55646500e-01 4.66238200e-01 6.13755500e-01 4.61649600e-01 5.84112500e-01 2.94668700e-01 3.03967900e-01 3.07122600e+01 1.09485300e+02 3.33101400e+01 1.08531300e+01 3.96278700e+02 2.20748500e+01 1.15107900e+04 7.06644900e+02 8.11089500e-03 1.47275900e+00 3.88161200e+00 3.08841200e+00 1.19400000e+04 5.36248200e+00
3.51305700e-01 6.33257100e+03 2.20283700e-02 1.18008100e-01 1.04081500e+00 4.42552500e-02 3.01300400e+00 3.02025000e+00 9.63303500e-01 1.00262600e+00 2.69248400e+02 4.45098000e+01 9.40852200e+01 4.53334100e+01 3.93869500e+00 7.18598300e-01 7.52643900e-01 9.11984200e-01 9.35428200e+00 9.02777300e-01 9.35686100e-01 8.37480500e-01 8.33254500e-01 9.98690900e-01 1.00081200e+00 9.89182100e-01 9.95623400e-01 6.73577900e+01 6.89928500e-01 3.10071500e-01 1.40681600e-01 9.47600400e-02 7.96708900e-01 8.09971900e-01 4.43639900e-01 5.94518200e-01 9.70746300e-01 9.98051700e+01 2.40849200e+00 6.65741000e+00 2.04964100e+00 1.87602300e+00 1.23011600e+03 5.73199600e+03 2.53691900e+03 8.14465300e+02 2.29082100e+02 9.63303500e-01 2.44810100e-01 2.46134500e-01 2.63917600e+00 1.38612400e+01 1.09014800e+03 1.45377700e+02 1.04105600e+00 1.39644500e+01 1.05897900e+03 1.48171700e+02 1.39597200e-01 1.61157100e-01 3.36131900e+03 1.02363800e-02 8.19609000e-01 4.52931200e-01 7.25963500e+01 6.43739000e+02 8.26349100e+01 1.53561400e+03 8.93055400e+01 1.98947300e+03 9.48866000e+01 2.31520600e+03 2.34781800e+02 5.78973300e+03 4.48285100e-01 7.36342800e-01 4.66629100e-01 6.52863800e-01 4.65414100e-01 6.11035000e-01 4.60635400e-01 5.81452000e-01 2.93235700e-01 3.02369500e-01 3.39411600e+01 1.10047200e+02 3.60486900e+01 1.09525200e+01 3.96261400e+02 2.30132400e+01 1.15148100e+04 7.06708700e+02 1.92443300e-02 1.34256300e+00 4.09414300e+00 7.94312300e+00 1.19450300e+04 5.45595100e+00
8.96736800e-01 6.33148300e+03 2.22246200e-02 1.22510700e-01 1.04062800e+00 4.97003300e-02 3.21171800e+00 3.04171300e+00 9.65907800e-01 9.99146900e-01 2.20469800e+02 4.18044000e+01 9.99083500e+01 4.54352600e+01 4.90405000e+00 7.70970600e-01 6.69044500e-01 8.06068100e-01 4.74804200e+00 9.33235400e-01 1.07248700e+00 8.80386900e-01 1.05819200e+00 9.98323400e-01 1.00096800e+00 9.92860400e-01 9.99976800e-01 6.81744400e+01 6.87202800e-01 3.12797200e-01 1.45380400e-01 9.91123000e-02 8.14121000e-01 8.31303800e-01 4.55323800e-01 6.08842100e-01 9.86002800e-01 9.93842100e+01 2.43809300e+00 7.29217500e+00 2.09410900e+00 1.89596400e+00 1.23393900e+03 5.73891200e+03 2.53870800e+03 8.12162700e+02 2.27886700e+02 9.65907800e-01 2.47530700e-01 2.48864900e-01 2.67093400e+00 1.36612100e+01 1.09048500e+03 1.43086700e+02 1.04072200e+00 1.37488000e+01 1.05989500e+03 1.45779300e+02 1.41516600e-01 1.61464800e-01 3.38345300e+03 1.04408900e-02 8.16158800e-01 4.50981700e-01 7.35248500e+01 6.35803100e+02 8.37630400e+01 1.51603900e+03 9.05621700e+01 1.96369200e+03 9.62487800e+01 2.28486000e+03 2.38585700e+02 5.70648100e+03 4.59801100e-01 7.52162800e-01 4.77932500e-01 6.66589900e-01 4.76369600e-01 6.23756600e-01 4.71267900e-01 5.93480000e-01 2.99164100e-01 3.08380200e-01 2.98732500e+01 1.09336200e+02 3.37279200e+01 8.99920600e+00 3.95765400e+02 2.37691600e+01 1.15186600e+04 7.06787800e+02 5.06755200e-02 1.09677200e+00 4.90649800e+00 2.92985100e+00 1.19471900e+04 6.05394600e+00
1.01002300e+00 6.33262700e+03 2.21424600e-02 1.17576400e-01 1.04130900e+00 5.22956500e-02 2.96477800e+00 3.03527700e+00 9.61916100e-01 1.00029600e+00 1.99533500e+02 4.12957800e+01 1.19862100e+02 3.63191800e+01 6.73965600e+00 6.95795400e-01 7.93526200e-01 2.35737300e-01 1.13270300e+00 9.99130500e-01 8.87511900e-01 1.02302100e+00 8.75044300e-01 9.98028500e-01 9.99864300e-01 9.93679300e-01 9.90655900e-01 6.72039800e+01 6.89210900e-01 3.10789100e-01 1.40364000e-01 9.43302100e-02 8.02275400e-01 8.16574400e-01 4.47256200e-01 5.99018100e-01 9.78646800e-01 9.97352600e+01 2.43144300e+00 7.47833300e+00 2.08067300e+00 1.87404700e+00 1.23522300e+03 5.74077900e+03 2.53747800e+03 8.15956200e+02 2.30197900e+02 9.61916100e-01 2.44208000e-01 2.45530200e-01 2.60046900e+00 1.38837400e+01 1.08991500e+03 1.45648900e+02 1.04157500e+00 1.39835200e+01 1.05917000e+03 1.48406800e+02 1.39627600e-01 1.60902300e-01 3.37565000e+03 1.02465300e-02 8.17680400e-01 4.51848400e-01 7.24444800e+01 6.45139200e+02 8.24801800e+01 1.53878500e+03 8.91478400e+01 1.99347200e+03 9.47259300e+01 2.31976800e+03 2.34494500e+02 5.79920700e+03 4.51865000e-01 7.41419400e-01 4.70183200e-01 6.57290200e-01 4.68878800e-01 6.15146900e-01 4.64011500e-01 5.85345700e-01 2.95176100e-01 3.04336900e-01 3.00236200e+01 1.09115900e+02 3.41579000e+01 8.82074000e+00 3.95865200e+02 2.38722200e+01 1.15218300e+04 7.06728300e+02 2.30678900e-02 1.27934900e+00 4.16275900e+00 2.67708000e+00 1.19503800e+04 5.46517600e+00
4.52699900e-01 6.32976500e+03 2.21786500e-02 1.17186200e-01 1.04120900e+00 5.17084200e-02 2.96445700e+00 3.02568700e+00 9.63995500e-01 9.98685400e-01 2.45634700e+02 5.09559600e+01 9.34323600e+01 4.53258800e+01 5.29143700e+00 5.49239200e-01 8.21833400e-01 1.96005800e-01 1.48468200e+00 8.12816200e-01 7.28293100e-01 1.07542600e+00 1.14161500e+00 9.97581800e-01 1.00179700e+00 1.00018100e+00 9.97629800e-01 6.73358200e+01 6.91207400e-01 3.08792600e-01 1.40010000e-01 9.42768900e-02 7.97499600e-01 8.09102000e-01 4.43163400e-01 5.94493600e-01 9.71868300e-01 9.99767100e+01 2.41188300e+00 7.40203900e+00 2.06081500e+00 1.85834200e+00 1.22067700e+03 5.69437000e+03 2.51952400e+03 8.11153500e+02 2.28895400e+02 9.63995500e-01 2.44218400e-01 2.45540700e-01 2.59348700e+00 1.38816600e+01 1.08983300e+03 1.45725900e+02 1.04147500e+00 1.39922600e+01 1.05920800e+03 1.48474800e+02 1.39586900e-01 1.60848600e-01 3.36724100e+03 1.02208000e-02 8.19227200e-01 4.52626600e-01 7.25540900e+01 6.44019000e+02 8.25527300e+01 1.53659800e+03 8.91988100e+01 1.99095600e+03 9.47602600e+01 2.31710000e+03 2.34261100e+02 5.79811100e+03 4.47903800e-01 7.37201700e-01 4.66554400e-01 6.53766300e-01 4.65490000e-01 6.11938400e-01 4.60810000e-01 5.82347900e-01 2.93743700e-01 3.02946900e-01 3.39038100e+01 1.07242200e+02 3.41515600e+01 1.04783400e+01 3.95776700e+02 2.30560400e+01 1.15123200e+04 7.06675700e+02 1.05528600e-02 1.40705700e+00 3.85879900e+00 5.94792000e+00 1.19416300e+04 5.27640900e+00
5.34984900e-01 6.33521400e+03 2.24087100e-02 1.19370300e-01 1.04102000e+00 5.39486200e-02 3.12829700e+00 3.03455300e+00 9.71241400e-01 9.96820300e-01 2.07080000e+02 2.38626200e+01 7.44619000e+01 5.05788100e+01 6.57221600e+00 7.59325700e-01 6.97648900e-01 4.51942900e-01 6.43999400e+00 1.00718600e+00 9.06042800e-01 9.79616800e-01 1.08013200e+00 9.98625100e-01 1.00511100e+00 9.97535900e-01 9.97863100e-01 6.85992400e+01 6.97347000e-01 3.02653000e-01 1.42424200e-01 9.77019000e-02 8.04539500e-01 8.08089100e-01 4.42608600e-01 5.96737900e-01 9.71376700e-01 1.00705200e+02 2.40039300e+00 7.63702400e+00 2.07916800e+00 1.86651000e+00 1.20986700e+03 5.69020200e+03 2.51895800e+03 8.10361500e+02 2.28306200e+02 9.71241400e-01 2.46505400e-01 2.47835900e-01 2.60669100e+00 1.37028100e+01 1.08989800e+03 1.44154200e+02 1.04115000e+00 1.38456600e+01 1.06004700e+03 1.46802200e+02 1.40887000e-01 1.61051700e-01 3.35104600e+03 1.02841200e-02 8.22803200e-01 4.54317600e-01 7.38146300e+01 6.32579600e+02 8.38224600e+01 1.51077900e+03 9.04840600e+01 1.95847100e+03 9.60629400e+01 2.28008800e+03 2.36471100e+02 5.72267000e+03 4.47845600e-01 7.44319400e-01 4.68024400e-01 6.60751200e-01 4.67674500e-01 6.18756200e-01 4.63448500e-01 5.89009500e-01 2.97329600e-01 3.06936600e-01 2.64238200e+01 1.06427000e+02 3.15481400e+01 1.02648900e+01 3.95960000e+02 2.23642800e+01 1.15147700e+04 7.06555100e+02 2.07294500e-03 1.89191900e+00 3.39974400e+00 1.52162500e+01 1.19433600e+04 5.29373600e+00
6.10691300e-01 6.33039000e+03 2.23864500e-02 1.20438900e-01 1.04099000e+00 5.04762700e-02 3.17716500e+00 3.03395800e+00 9.72706200e-01 9.98013300e-01 2.63113200e+02 2.95493400e+01 1.03299900e+02 3.52646500e+01 1.05233000e-01 4.44225100e-01 5.48927300e-01 1.55118600e-01 7.40780100e+00 7.52311000e-01 9.39464500e-01 1.05253800e+00 9.82241800e-01 9.97551900e-01 1.00204700e+00 1.00003600e+00 1.00076800e+00 6.87603800e+01 6.96550700e-01 3.03449300e-01 1.43470500e-01 9.86508600e-02 8.06949100e-01 8.11574800e-01 4.44517900e-01 5.98918400e-01 9.73143800e-01 1.00598900e+02 2.39915500e+00 7.30438200e+00 2.07793200e+00 1.87840000e+00 1.21146600e+03 5.70392200e+03 2.52992600e+03 8.13257100e+02 2.28862800e+02 9.72706200e-01 2.47141000e-01 2.48473900e-01 2.62772500e+00 1.36606400e+01 1.09006500e+03 1.43656900e+02 1.04109200e+00 1.37986800e+01 1.06012300e+03 1.46303600e+02 1.41211300e-01 1.61229000e-01 3.35401500e+03 1.03265700e-02 8.22211200e-01 4.54026200e-01 7.40012700e+01 6.31041300e+02 8.40558300e+01 1.50691400e+03 9.07473100e+01 1.95333400e+03 9.63506300e+01 2.27400500e+03 2.37312000e+02 5.70516000e+03 4.49703600e-01 7.46467800e-01 4.69764200e-01 6.62568500e-01 4.69318200e-01 6.20420400e-01 4.65014400e-01 5.90570300e-01 2.98077800e-01 3.07676200e-01 2.62852200e+01 1.07143300e+02 2.93884300e+01 9.98808900e+00 3.95718000e+02 2.22080300e+01 1.15157500e+04 7.06567200e+02 5.63059300e-04 1.81943000e+00 3.43497800e+00 5.29197300e+00 1.19436700e+04 5.25497100e+00
8.78690000e-01 6.32883200e+03 2.24815700e-02 1.20263700e-01 1.04076600e+00 5.84279600e-02 3.14226800e+00 3.05325000e+00 9.71330900e-01 1.00276800e+00 2.50223300e+02 3.21745600e+01 8.84046500e+01 4.06398200e+01 2.90103800e+00 8.03846600e-01 1.35147900e-01 5.61276700e-01 8.83986800e+00 1.03416100e+00 1.28434800e+00 9.87557700e-01 1.36733100e+00 9.97109500e-01 1.00063100e+00 9.93603800e-01 9.89656300e-01 6.84198000e+01 6.93693200e-01 3.06306800e-01 1.43390500e-01 9.81074700e-02 8.14193500e-01 8.22707300e-01 4.50615400e-01 6.05712900e-01 9.84321000e-01 1.00179900e+02 2.42937100e+00 8.08563200e+00 2.11840800e+00 1.88477600e+00 1.22114900e+03 5.73379500e+03 2.53936300e+03 8.17103400e+02 2.30545800e+02 9.71330900e-01 2.46716900e-01 2.48048200e-01 2.59821300e+00 1.36927500e+01 1.08989600e+03 1.43801200e+02 1.04087500e+00 1.38154100e+01 1.06027600e+03 1.46419400e+02 1.41296600e-01 1.60936400e-01 3.36764300e+03 1.03446200e-02 8.19782300e-01 4.52681400e-01 7.36809300e+01 6.33991100e+02 8.37686300e+01 1.51326800e+03 9.04777300e+01 1.96111800e+03 9.60937200e+01 2.28269500e+03 2.37152000e+02 5.71891600e+03 4.55632700e-01 7.52879700e-01 4.75229000e-01 6.67940300e-01 4.74436400e-01 6.25317400e-01 4.69859400e-01 5.95149200e-01 3.00275700e-01 3.09809900e-01 3.04280300e+01 1.05617800e+02 3.32787300e+01 9.20828100e+00 3.96886500e+02 2.22575200e+01 1.15064100e+04 7.06619400e+02 4.00609200e-03 1.53969800e+00 3.76221400e+00 1.09731600e+01 1.19347600e+04 5.30591900e+00
1.01724700e+00 6.33357500e+03 2.26236500e-02 1.22350000e-01 1.04074400e+00 5.17193200e-02 3.22273100e+00 3.04680000e+00 9.68958100e-01 9.99632300e-01 2.28663700e+02 4.12949200e+01 9.87238900e+01 4.95630500e+01 5.61267500e+00 8.45454800e-01 7.30706700e-01 5.95837900e-01 7.43646300e-01 9.85582600e-01 9.09889700e-01 7.67790800e-01 7.96411500e-01 9.98074100e-01 1.00246000e+00 1.00120400e+00 9.96831600e-01 6.87347400e+01 6.91777100e-01 3.08222900e-01 1.45618800e-01 1.00090700e-01 8.14771800e-01 8.25862700e-01 4.52343600e-01 6.07088800e-01 9.82760800e-01 9.98924900e+01 2.43161900e+00 7.41729700e+00 2.10478900e+00 1.89795500e+00 1.23208800e+03 5.76981500e+03 2.54438700e+03 8.16622800e+02 2.29955900e+02 9.68958100e-01 2.47826300e-01 2.49161700e-01 2.60016400e+00 1.36064000e+01 1.08997800e+03 1.42774700e+02 1.04078600e+00 1.37179700e+01 1.06081000e+03 1.45330400e+02 1.42267800e-01 1.60973100e-01 3.38413200e+03 1.04505300e-02 8.17238000e-01 4.51249700e-01 7.40496800e+01 6.30972600e+02 8.42397800e+01 1.50560000e+03 9.10139700e+01 1.95087800e+03 9.66830200e+01 2.27052700e+03 2.38924800e+02 5.68307700e+03 4.57214200e-01 7.53217400e-01 4.76384900e-01 6.68022400e-01 4.75359500e-01 6.25303500e-01 4.70620600e-01 5.95079500e-01 3.00147500e-01 3.09597500e-01 2.72712400e+01 1.06754300e+02 3.33499100e+01 8.87290000e+00 3.95784000e+02 2.33542600e+01 1.15218800e+04 7.06661900e+02 1.52760400e-02 1.34256300e+00 4.15187300e+00 5.08864900e+00 1.19498900e+04 5.50971200e+00
1.09550900e+00 6.32818300e+03 2.25751800e-02 1.21072200e-01 1.04090300e+00 5.63099100e-02 3.19398400e+00 3.05297400e+00 9.69344300e-01 1.00063400e+00 2.49340200e+02 4.37238100e+01 9.29733000e+01 4.99221100e+01 4.49487700e+00 6.00094800e-01 7.82984400e-01 1.51856500e-01 3.40506100e+00 8.38435300e-01 8.62817700e-01 8.27802300e-01 7.86542100e-01 9.98513300e-01 1.00010900e+00 9.96399300e-01 9.94643300e-01 6.88629200e+01 6.95720300e-01 3.04279700e-01 1.44292500e-01 9.93640400e-02 8.14344800e-01 8.20132800e-01 4.49205300e-01 6.04820600e-01 9.81331200e-01 1.00435800e+02 2.43089300e+00 7.87506100e+00 2.11782300e+00 1.89225400e+00 1.23111200e+03 5.76919900e+03 2.54233400e+03 8.16187800e+02 2.29891900e+02 9.69344300e-01 2.47431700e-01 2.48765600e-01 2.59912100e+00 1.36303000e+01 1.08989800e+03 1.43271800e+02 1.04096700e+00 1.37633400e+01 1.06061900e+03 1.45848900e+02 1.41777200e-01 1.60997700e-01 3.36585400e+03 1.03745000e-02 8.20513700e-01 4.52996800e-01 7.41209200e+01 6.30085100e+02 8.42152500e+01 1.50442200e+03 9.09318400e+01 1.94996600e+03 9.65555500e+01 2.26997100e+03 2.37961900e+02 5.69259400e+03 4.54398200e-01 7.53219900e-01 4.74445500e-01 6.68463000e-01 4.73890400e-01 6.25898600e-01 4.69475200e-01 5.95759200e-01 3.00656600e-01 3.10299200e-01 3.29514900e+01 1.08196100e+02 3.48925800e+01 8.80558200e+00 3.96420000e+02 2.31728700e+01 1.15122800e+04 7.06581000e+02 1.47668800e-04 1.67729600e+00 3.56613800e+00 3.86114200e+00 1.19406800e+04 5.24358200e+00
1.11528900e+00 6.33135800e+03 2.25318500e-02 1.19129900e-01 1.04121300e+00 6.24298100e-02 3.03879900e+00 3.05458900e+00 9.67059200e-01 9.99231300e-01 2.59953300e+02 3.75202500e+01 8.54306900e+01 4.91652000e+01 2.29635800e+00 6.65176400e-01 7.36079900e-01 7.08356300e-01 4.35832800e+00 1.27357200e+00 1.39752300e+00 8.75307300e-01 9.70656800e-01 9.95277700e-01 1.00200900e+00 9.94046400e-01 9.88667000e-01 6.78082300e+01 6.90499600e-01 3.09500400e-01 1.42306900e-01 9.64958000e-02 8.12881700e-01 8.25652600e-01 4.52228500e-01 6.06307100e-01 9.87156900e-01 9.97990200e+01 2.44464300e+00 8.43658400e+00 2.12124600e+00 1.87225600e+00 1.22517500e+03 5.72258500e+03 2.52919100e+03 8.15288400e+02 2.30740100e+02 9.67059200e-01 2.45359400e-01 2.46685800e-01 2.55384700e+00 1.37764400e+01 1.08963500e+03 1.44568600e+02 1.04137900e+00 1.38824200e+01 1.06023800e+03 1.47178300e+02 1.40925900e-01 1.60580900e-01 3.38855200e+03 1.03372200e-02 8.16409700e-01 4.50893000e-01 7.30713000e+01 6.39514200e+02 8.31607600e+01 1.52567100e+03 8.98660600e+01 1.97668000e+03 9.54765300e+01 2.30039100e+03 2.36151000e+02 5.75424100e+03 4.57012900e-01 7.51344500e-01 4.75853600e-01 6.66223900e-01 4.74679500e-01 6.23563500e-01 4.69848600e-01 5.93388800e-01 2.99268700e-01 3.08618700e-01 2.86680900e+01 1.05958800e+02 3.21988800e+01 8.65717000e+00 3.98409700e+02 2.32286600e+01 1.15066000e+04 7.06693600e+02 2.01125400e-02 1.34256300e+00 4.20300200e+00 1.35590100e+01 1.19369000e+04 5.56567800e+00
8.49594600e-01 6.33202700e+03 2.24764000e-02 1.17284600e-01 1.04152000e+00 5.11186900e-02 2.94310500e+00 3.03614300e+00 9.62818600e-01 1.00376000e+00 2.19636400e+02 4.87373700e+01 8.94052100e+01 4.66722000e+01 4.16959000e+00 6.07886300e-01 8.52777100e-01 8.93991300e-01 4.63265800e+00 7.62602400e-01 9.42129900e-01 1.01399600e+00 1.18128400e+00 9.97110000e-01 1.00339200e+00 9.97326500e-01 9.83303700e-01 6.73944100e+01 6.90872000e-01 3.09128000e-01 1.40406100e-01 9.46258900e-02 8.01301400e-01 8.13400500e-01 4.45517800e-01 5.97489800e-01 9.76076700e-01 9.98932500e+01 2.42864400e+00 7.27691700e+00 2.08247800e+00 1.88009300e+00 1.23927300e+03 5.78461400e+03 2.54936600e+03 8.22348100e+02 2.32861100e+02 9.62818600e-01 2.44049500e-01 2.45371100e-01 2.53073000e+00 1.38654000e+01 1.08944800e+03 1.45578400e+02 1.04176100e+00 1.39742700e+01 1.05989500e+03 1.48221900e+02 1.40157900e-01 1.60399600e-01 3.38663300e+03 1.02647300e-02 8.16771100e-01 4.51128100e-01 7.26226700e+01 6.43435300e+02 8.26395300e+01 1.53512400e+03 8.92972200e+01 1.98899200e+03 9.48681300e+01 2.31477200e+03 2.34581100e+02 5.79135000e+03 4.50252200e-01 7.40682500e-01 4.68916900e-01 6.56816200e-01 4.67808000e-01 6.14777700e-01 4.63078900e-01 5.85040400e-01 2.95086400e-01 3.04317300e-01 3.16820600e+01 1.08401400e+02 3.25082200e+01 9.21091800e+00 3.95695700e+02 2.34400800e+01 1.15129700e+04 7.06684100e+02 1.45341500e-02 1.40705700e+00 4.00746200e+00 1.06214000e+01 1.19413200e+04 5.42905300e+00
1.12290600e+00 6.32872600e+03 2.24032300e-02 1.16119300e-01 1.04164400e+00 5.22013400e-02 2.86315900e+00 3.03643800e+00 9.59372600e-01 1.00313400e+00 2.04633100e+02 3.82105800e+01 9.44125300e+01 4.20376100e+01 8.07456700e+00 8.47536000e-01 7.64871300e-01 9.25555800e-01 2.57909400e+00 7.94048800e-01 1.13320600e+00 1.06194600e+00 1.29857000e+00 9.97866700e-01 1.00148200e+00 9.94432100e-01 9.88036100e-01 6.68487500e+01 6.88576300e-01 3.11423700e-01 1.39167700e-01 9.30318400e-02 7.99264600e-01 8.14340000e-01 4.46032400e-01 5.97074500e-01 9.77561100e-01 9.96280700e+01 2.43864000e+00 7.37457300e+00 2.08309000e+00 1.87657800e+00 1.24615300e+03 5.79416700e+03 2.55100200e+03 8.23343000e+02 2.33438200e+02 9.59372600e-01 2.42930000e-01 2.44247500e-01 2.51619100e+00 1.39496600e+01 1.08935800e+03 1.46357400e+02 1.04194200e+00 1.40465900e+01 1.05958900e+03 1.49035000e+02 1.39568600e-01 1.60247500e-01 3.39355400e+03 1.02295800e-02 8.15357300e-01 4.50445800e-01 7.20706500e+01 6.48532800e+02 8.20713000e+01 1.54672200e+03 8.87147100e+01 2.00365100e+03 9.42720400e+01 2.33152900e+03 2.33472500e+02 5.82680800e+03 4.50588000e-01 7.38574900e-01 4.68696100e-01 6.54700600e-01 4.67322200e-01 6.12695400e-01 4.62422500e-01 5.82995700e-01 2.93975700e-01 3.03065100e-01 2.68342700e+01 1.05314300e+02 3.07626200e+01 8.59079600e+00 3.95767700e+02 2.42023000e+01 1.15050100e+04 7.06746400e+02 3.05155800e-02 1.21731700e+00 4.36795600e+00 1.15193900e+01 1.19335700e+04 5.61578900e+00
7.53484700e-01 6.33044000e+03 2.25206700e-02 1.14618700e-01 1.04142600e+00 5.10765300e-02 2.80033000e+00 3.02403600e+00 9.60625700e-01 1.00012700e+00 2.13159000e+02 2.36979300e+01 1.23603700e+02 2.43986600e+01 4.73920900e+00 7.23118400e-01 6.51119700e-02 5.41563400e-02 3.61781700e+00 1.03331200e+00 9.91506900e-01 1.15758900e+00 1.16200800e+00 9.96312100e-01 1.00084000e+00 9.95726500e-01 9.92561700e-01 6.66619900e+01 6.89941300e-01 3.10058700e-01 1.37784500e-01 9.18498900e-02 7.90646600e-01 8.03792000e-01 4.40255000e-01 5.89988200e-01 9.68374300e-01 9.97571900e+01 2.41693000e+00 7.20367400e+00 2.05741700e+00 1.85762400e+00 1.23262800e+03 5.75985800e+03 2.53568600e+03 8.21109300e+02 2.33398900e+02 9.60625700e-01 2.42106400e-01 2.43420900e-01 2.47405900e+00 1.40059200e+01 1.08901900e+03 1.46998900e+02 1.04175200e+00 1.41107500e+01 1.05970400e+03 1.49646300e+02 1.39270200e-01 1.59860700e-01 3.38897100e+03 1.01715100e-02 8.16284400e-01 4.50835400e-01 7.18484200e+01 6.50437500e+02 8.17826100e+01 1.55160200e+03 8.83839300e+01 2.01019300e+03 9.39070300e+01 2.33932200e+03 2.32351600e+02 5.85014900e+03 4.44869600e-01 7.30746000e-01 4.63085900e-01 6.47909000e-01 4.61886000e-01 6.06401300e-01 4.57147500e-01 5.77044900e-01 2.91037500e-01 3.00090200e-01 2.33503300e+01 1.04512600e+02 2.81767900e+01 9.42681200e+00 3.95723600e+02 2.36386800e+01 1.15144700e+04 7.06708300e+02 2.21163500e-02 1.27934900e+00 4.21911500e+00 5.39096600e+00 1.19432600e+04 5.52058000e+00
8.60108500e-01 6.33532000e+03 2.24325200e-02 1.17742800e-01 1.04134900e+00 5.94097600e-02 2.98052600e+00 3.05030100e+00 9.70400100e-01 1.00398100e+00 2.53078800e+02 3.23269400e+01 9.17632600e+01 3.95872200e+01 7.10705100e-01 5.01206400e-01 5.24562500e-01 1.26762400e-01 9.26070300e+00 1.09667300e+00 7.16779300e-01 9.00598000e-01 7.17988600e-01 9.97655500e-01 9.99717100e-01 9.94564100e-01 9.95573200e-01 6.75775100e+01 6.91637700e-01 3.08362300e-01 1.40820500e-01 9.51629700e-02 8.09751000e-01 8.20959100e-01 4.49657800e-01 6.03416000e-01 9.85032100e-01 9.99847700e+01 2.42956800e+00 8.13140900e+00 2.11217100e+00 1.87554100e+00 1.21865700e+03 5.72457500e+03 2.54447400e+03 8.22653300e+02 2.33231400e+02 9.70400100e-01 2.44539900e-01 2.45863300e-01 2.55138600e+00 1.38372300e+01 1.08958100e+03 1.45300700e+02 1.04157300e+00 1.39501200e+01 1.05985600e+03 1.47955700e+02 1.40259300e-01 1.60561100e-01 3.37945500e+03 1.02690400e-02 8.17842100e-01 4.51716500e-01 7.28097400e+01 6.41724900e+02 8.28317000e+01 1.53123400e+03 8.94939600e+01 1.98407700e+03 9.50692800e+01 2.30915400e+03 2.34952000e+02 5.77949600e+03 4.54486700e-01 7.48571100e-01 4.73524300e-01 6.63897500e-01 4.72496700e-01 6.21441400e-01 4.67781100e-01 5.91403800e-01 2.98324900e-01 3.07693800e-01 2.92296100e+01 1.04765600e+02 3.07971400e+01 9.20517500e+00 3.97117700e+02 2.20109100e+01 1.15217100e+04 7.06665200e+02 1.02406300e-02 1.40705700e+00 3.89559600e+00 8.61673300e+00 1.19500500e+04 5.31289400e+00
1.15608800e+00 6.32822300e+03 2.22439100e-02 1.17391400e-01 1.04100700e+00 6.12477200e-02 2.99173000e+00 3.05139700e+00 9.66094400e-01 1.00057900e+00 2.52251500e+02 2.80295700e+01 1.04338400e+02 3.41159900e+01 3.73163800e+00 6.91641700e-01 3.88323900e-01 4.51950900e-01 8.27399100e+00 9.27434400e-01 1.05436300e+00 1.10265900e+00 1.19891800e+00 9.97510500e-01 1.00300200e+00 9.93519300e-01 9.92315200e-01 6.75665300e+01 6.92720200e-01 3.07279800e-01 1.40280500e-01 9.47826500e-02 8.07823300e-01 8.17565900e-01 4.47799300e-01 6.01450500e-01 9.82767000e-01 1.00137200e+02 2.43629800e+00 8.35113500e+00 2.11448600e+00 1.87070700e+00 1.22722600e+03 5.72889400e+03 2.53445900e+03 8.16054000e+02 2.30521000e+02 9.66094400e-01 2.44614200e-01 2.45937900e-01 2.59058500e+00 1.38534500e+01 1.08979700e+03 1.45481800e+02 1.04123700e+00 1.39720200e+01 1.05939900e+03 1.48205400e+02 1.39812500e-01 1.60821800e-01 3.36133200e+03 1.02217300e-02 8.20339300e-01 4.53153400e-01 7.27768300e+01 6.41938800e+02 8.27666700e+01 1.53199900e+03 8.94091800e+01 1.98523500e+03 9.49687200e+01 2.31063900e+03 2.34534800e+02 5.78615200e+03 4.52726400e-01 7.46894000e-01 4.71953700e-01 6.62525900e-01 4.71052700e-01 6.20205700e-01 4.66433100e-01 5.90257700e-01 2.97791500e-01 3.07189700e-01 2.78510400e+01 1.08323800e+02 3.21898700e+01 8.63870700e+00 3.97945900e+02 2.31943200e+01 1.15066900e+04 7.06640200e+02 5.02355800e-03 1.53969800e+00 3.72392200e+00 8.06776600e+00 1.19364700e+04 5.26864400e+00
1.14101600e+00 6.33403100e+03 2.22392800e-02 1.17415500e-01 1.04101300e+00 6.08635100e-02 2.99227800e+00 3.05060300e+00 9.65996700e-01 1.00053900e+00 2.52517400e+02 2.69414100e+01 9.83105000e+01 3.43834400e+01 2.84001400e+00 6.47382800e-01 2.50260200e-01 3.49333900e-01 9.93284000e+00 7.94246000e-01 8.77159300e-01 1.13145900e+00 1.34127700e+00 9.96644100e-01 1.00306400e+00 9.97624000e-01 9.94209900e-01 6.75628700e+01 6.92644200e-01 3.07355800e-01 1.40300000e-01 9.47906800e-02 8.07562800e-01 8.17403300e-01 4.47710200e-01 6.01293700e-01 9.82476700e-01 1.00128500e+02 2.43569300e+00 8.31756600e+00 2.11280900e+00 1.87066000e+00 1.22718300e+03 5.72814800e+03 2.53411200e+03 8.15878500e+02 2.30447300e+02 9.65996700e-01 2.44619700e-01 2.45943400e-01 2.59165900e+00 1.38533500e+01 1.08980600e+03 1.45476200e+02 1.04124000e+00 1.39714400e+01 1.05939900e+03 1.48200500e+02 1.39811200e-01 1.60829900e-01 3.36155200e+03 1.02227800e-02 8.20289300e-01 4.53130900e-01 7.27729900e+01 6.41979000e+02 8.27646000e+01 1.53207400e+03 8.94081500e+01 1.98531800e+03 9.49685000e+01 2.31072400e+03 2.34548300e+02 5.78612000e+03 4.52636800e-01 7.46644500e-01 4.71838500e-01 6.62294900e-01 4.70927500e-01 6.19985500e-01 4.66302300e-01 5.90045700e-01 2.97680900e-01 3.07071800e-01 2.82338200e+01 1.08004800e+02 3.26053200e+01 8.66325800e+00 3.97843800e+02 2.31955400e+01 1.15136000e+04 7.06641900e+02 5.33200500e-03 1.53969800e+00 3.73362900e+00 1.28389300e+01 1.19433000e+04 5.27865900e+00
1.00673400e+00 6.33558000e+03 2.20926500e-02 1.18615500e-01 1.04103700e+00 6.06519400e-02 3.00305400e+00 3.05628300e+00 9.65375000e-01 1.00299700e+00 2.70587000e+02 4.74444200e+01 1.03591400e+02 4.69064300e+01 5.60580200e+00 8.58735300e-01 5.74937800e-01 5.50395900e-01 4.17217500e-01 8.76142000e-01 1.01359700e+00 9.83162500e-01 1.20377900e+00 9.97768100e-01 1.00293100e+00 1.01196900e+00 9.98664800e-01 6.71527100e+01 6.86542400e-01 3.13457600e-01 1.41353300e-01 9.49225400e-02 8.14106600e-01 8.32166000e-01 4.55796100e-01 6.09152400e-01 9.93457900e-01 9.93768400e+01 2.45498800e+00 8.35418700e+00 2.12484300e+00 1.88211100e+00 1.23185800e+03 5.72714700e+03 2.54416900e+03 8.18357500e+02 2.31020800e+02 9.65375000e-01 2.44704300e-01 2.46028300e-01 2.62338500e+00 1.38611800e+01 1.09010900e+03 1.45219400e+02 1.04127700e+00 1.39462800e+01 1.05917000e+03 1.47986300e+02 1.39877600e-01 1.61043600e-01 3.38198300e+03 1.02923800e-02 8.16211600e-01 4.51112800e-01 7.24302600e+01 6.45462100e+02 8.25340900e+01 1.53890200e+03 8.92429300e+01 1.99319700e+03 9.48535300e+01 2.31910000e+03 2.35236300e+02 5.79008500e+03 4.60265200e-01 7.52084400e-01 4.78244800e-01 6.66450300e-01 4.76602200e-01 6.23597600e-01 4.71446400e-01 5.93311400e-01 2.99082200e-01 3.08248400e-01 3.02462600e+01 1.10419300e+02 3.64238100e+01 8.74684000e+00 3.97898900e+02 2.32051100e+01 1.15219100e+04 7.06808700e+02 5.12270700e-02 1.09677200e+00 4.81892400e+00 6.62700900e+00 1.19517600e+04 5.96692300e+00
1.02674900e+00 6.33492500e+03 2.24071500e-02 1.18644100e-01 1.04110800e+00 6.15624700e-02 2.97681800e+00 3.05359400e+00 9.62362500e-01 9.99459100e-01 2.45963000e+02 4.25815700e+01 8.34069700e+01 4.92785700e+01 5.20653200e+00 6.13586700e-01 7.49756800e-01 7.14770100e-01 1.75210000e+00 1.52242700e+00 7.96593000e-01 9.10953200e-01 1.11970200e+00 9.99117700e-01 1.00189700e+00 9.97058100e-01 9.87567600e-01 6.71160900e+01 6.85438500e-01 3.14561500e-01 1.41696400e-01 9.51010800e-02 8.11703600e-01 8.31169500e-01 4.55250300e-01 6.07888400e-01 9.90795800e-01 9.91718400e+01 2.46010200e+00 8.36334200e+00 2.11913700e+00 1.87364200e+00 1.23591000e+03 5.73697000e+03 2.53275400e+03 8.15830800e+02 2.30925600e+02 9.62362500e-01 2.44480000e-01 2.45803200e-01 2.55470900e+00 1.38548400e+01 1.08968600e+03 1.45103000e+02 1.04133500e+00 1.39343200e+01 1.05985600e+03 1.47761600e+02 1.40457700e-01 1.60516100e-01 3.40228900e+03 1.03358000e-02 8.13480300e-01 4.49453000e-01 7.24109000e+01 6.45713500e+02 8.25401000e+01 1.53924000e+03 8.92641300e+01 1.99346400e+03 9.48866700e+01 2.31927100e+03 2.35488100e+02 5.78754300e+03 4.59599200e-01 7.49757300e-01 4.77281800e-01 6.64270700e-01 4.75516700e-01 6.21509500e-01 4.70289600e-01 5.91294600e-01 2.98022100e-01 3.07109000e-01 2.73642700e+01 1.03471800e+02 2.77547400e+01 8.67086800e+00 3.98253400e+02 2.41619800e+01 1.15155100e+04 7.06845300e+02 7.22265000e-02 9.81866700e-01 5.35476500e+00 1.00004500e+01 1.19465900e+04 6.40885900e+00
1.02497100e+00 6.33115400e+03 2.23595400e-02 1.19211400e-01 1.04103300e+00 5.40562800e-02 3.00139700e+00 3.04066800e+00 9.62434100e-01 9.98857600e-01 2.03979400e+02 3.57349400e+01 1.27653600e+02 3.10194600e+01 7.11267500e+00 7.98836600e-01 9.02135900e-01 8.79842100e-01 6.06457200e-01 9.95780700e-01 1.22961200e+00 1.10112900e+00 1.06683600e+00 9.98382200e-01 1.00190300e+00 9.98103300e-01 9.93750600e-01 6.71380600e+01 6.84491400e-01 3.15508600e-01 1.42216100e-01 9.54811300e-02 8.07800800e-01 8.28417400e-01 4.53742900e-01 6.05420400e-01 9.85870500e-01 9.90538200e+01 2.44590800e+00 7.64007600e+00 2.09192000e+00 1.87755400e+00 1.23468400e+03 5.73681900e+03 2.53509800e+03 8.15940000e+02 2.30596400e+02 9.62434100e-01 2.44792500e-01 2.46116800e-01 2.57201200e+00 1.38383500e+01 1.08982000e+03 1.44867400e+02 1.04125100e+00 1.39128200e+01 1.05981800e+03 1.47537500e+02 1.40560900e-01 1.60646100e-01 3.40348900e+03 1.03566500e-02 8.13097300e-01 4.49287200e-01 7.24522300e+01 6.45412400e+02 8.26112100e+01 1.53829800e+03 8.93536000e+01 1.99209900e+03 9.49908400e+01 2.31756500e+03 2.35891500e+02 5.78075700e+03 4.57975200e-01 7.46061000e-01 4.75364600e-01 6.60896100e-01 4.73499600e-01 6.18310800e-01 4.68224200e-01 5.88225800e-01 2.96435600e-01 3.05437100e-01 2.41073500e+01 1.08653300e+02 3.03757400e+01 8.64135300e+00 3.96064200e+02 2.40597400e+01 1.15157800e+04 7.06878300e+02 8.53367100e-02 9.26576500e-01 5.62498400e+00 4.24814200e+00 1.19445500e+04 6.63689700e+00
8.21263900e-01 6.32789900e+03 2.21895700e-02 1.21718200e-01 1.04053900e+00 5.20875900e-02 3.14670900e+00 3.04682100e+00 9.66931700e-01 1.00264600e+00 2.32410000e+02 2.80338400e+01 1.05138000e+02 3.97448600e+01 5.05992600e+00 8.25744500e-01 3.22557300e-01 2.28935900e-01 7.08194000e+00 9.38845400e-01 1.01011600e+00 8.37048300e-01 9.04970600e-01 9.97542900e-01 9.99689000e-01 9.98185100e-01 9.93504000e-01 6.76434300e+01 6.84081100e-01 3.15918900e-01 1.44552900e-01 9.77805500e-02 8.15882800e-01 8.37249500e-01 4.58580500e-01 6.11676300e-01 9.92007500e-01 9.89906600e+01 2.44633900e+00 7.53021200e+00 2.10483300e+00 1.89659600e+00 1.23159200e+03 5.73401300e+03 2.54648200e+03 8.16801000e+02 2.29813400e+02 9.66931700e-01 2.46661300e-01 2.47992400e-01 2.65508300e+00 1.37301300e+01 1.09039900e+03 1.43630100e+02 1.04067800e+00 1.38015900e+01 1.05970400e+03 1.46341900e+02 1.41137400e-01 1.61279300e-01 3.39307800e+03 1.04257900e-02 8.14214300e-01 4.49988600e-01 7.30020500e+01 6.40582800e+02 8.32494700e+01 1.52668300e+03 9.00498900e+01 1.97699000e+03 9.57353400e+01 2.29993100e+03 2.37809000e+02 5.73559700e+03 4.62822000e-01 7.53480300e-01 4.80284000e-01 6.67418500e-01 4.78347900e-01 6.24392100e-01 4.72984300e-01 5.93998200e-01 2.99310700e-01 3.08390900e-01 2.90551600e+01 1.07577100e+02 3.36841500e+01 9.06973800e+00 3.95874700e+02 2.30663600e+01 1.15067200e+04 7.06893100e+02 9.36421400e-02 9.26576500e-01 5.81482200e+00 7.33479800e+00 1.19347300e+04 6.83504100e+00
8.87500700e-01 6.33563300e+03 2.18500400e-02 1.14681100e-01 1.04142900e+00 5.03342200e-02 2.71187500e+00 3.01989900e+00 9.56304700e-01 9.99693700e-01 2.17508300e+02 4.01509100e+01 1.04334800e+02 3.41432400e+01 3.93574600e+00 6.02456700e-01 6.14398700e-01 3.88101100e-01 1.95379500e+00 1.30486100e+00 9.37829700e-01 1.07277100e+00 1.00735500e+00 9.97921200e-01 1.00146500e+00 9.98318300e-01 1.00495600e+00 6.50616500e+01 6.75937400e-01 3.24062600e-01 1.37176300e-01 8.92491300e-02 7.93728100e-01 8.24946100e-01 4.51841600e-01 5.98865100e-01 9.84032100e-01 9.81605900e+01 2.44201100e+00 7.25860600e+00 2.04892200e+00 1.85270300e+00 1.23121800e+03 5.68521200e+03 2.53088400e+03 8.18003100e+02 2.32010800e+02 9.56304700e-01 2.40582200e-01 2.41891100e-01 2.56590400e+00 1.41729100e+01 1.08977400e+03 1.47981900e+02 1.04189000e+00 1.42032200e+01 1.05806400e+03 1.50873200e+02 1.37864000e-01 1.60439800e-01 3.41589300e+03 1.01891500e-02 8.09566000e-01 4.47820200e-01 7.03424100e+01 6.65413400e+02 8.04208300e+01 1.58384200e+03 8.70969000e+01 2.04969900e+03 9.26727100e+01 2.38345000e+03 2.31424300e+02 5.92137500e+03 4.55345400e-01 7.32248200e-01 4.70540400e-01 6.47774500e-01 4.67730500e-01 6.05671300e-01 4.61887000e-01 5.75977700e-01 2.89984500e-01 2.98419200e-01 2.74414700e+01 1.01911000e+02 2.84957500e+01 8.56734600e+00 3.95699800e+02 2.40258600e+01 1.15225300e+04 7.07240400e+02 2.23578400e-01 5.37244800e-01 8.01748300e+00 4.42744000e+00 1.19508200e+04 8.77830600e+00
3.33617400e-01 6.33969100e+03 2.21683200e-02 1.14458400e-01 1.04136900e+00 5.51365300e-02 2.81837300e+00 3.02017600e+00 9.64081200e-01 9.96337200e-01 2.20786800e+02 1.59229500e+01 9.11997400e+01 4.25632700e+01 9.09662100e+00 7.89484500e-01 8.08078300e-01 1.16497400e-01 3.64829300e+00 1.37180200e+00 8.80017100e-01 8.73315500e-01 6.96580700e-01 9.99623500e-01 1.00065200e+00 9.91482600e-01 9.83893500e-01 6.66326900e+01 6.90823200e-01 3.09176800e-01 1.37271900e-01 9.14679400e-02 7.90585700e-01 8.02586300e-01 4.39594600e-01 5.89522900e-01 9.68512600e-01 9.99494400e+01 2.40320900e+00 7.69195600e+00 2.04948900e+00 1.83550100e+00 1.20862200e+03 5.65170300e+03 2.50702400e+03 8.11036400e+02 2.29897100e+02 9.64081200e-01 2.42213700e-01 2.43528600e-01 2.54425900e+00 1.40232600e+01 1.08945800e+03 1.47225600e+02 1.04172600e+00 1.41328500e+01 1.05886500e+03 1.50000600e+02 1.38576400e-01 1.60409800e-01 3.36786100e+03 1.01208300e-02 8.19089300e-01 4.52562500e-01 7.18026600e+01 6.50787100e+02 8.17076900e+01 1.55265200e+03 8.82909700e+01 2.01169500e+03 9.37995900e+01 2.34118600e+03 2.31946800e+02 5.85729700e+03 4.44280700e-01 7.30775900e-01 4.62689300e-01 6.48030600e-01 4.61591500e-01 6.06554500e-01 4.56922900e-01 5.77215200e-01 2.91160900e-01 3.00254600e-01 2.42593000e+01 1.01594400e+02 2.95396800e+01 1.10792000e+01 3.96130700e+02 2.26865200e+01 1.15194600e+04 7.06685300e+02 1.16434200e-02 1.40705700e+00 3.86715600e+00 1.80524000e+01 1.19493600e+04 5.28585600e+00
2.67185300e-01 6.33167800e+03 2.21963300e-02 1.15531800e-01 1.04126800e+00 4.41216900e-02 2.84027400e+00 3.00676000e+00 9.60136200e-01 9.98762700e-01 2.32099400e+02 4.17583300e+01 8.80304400e+01 4.68529100e+01 3.60247500e+00 8.17187400e-01 5.55560800e-01 9.23962700e-01 1.26803500e+00 9.80252700e-01 1.18799300e+00 9.83921700e-01 1.24544600e+00 9.97059600e-01 1.00248500e+00 9.97559500e-01 9.85265300e-01 6.64971900e+01 6.87071000e-01 3.12929000e-01 1.38373300e-01 9.20143700e-02 7.86973600e-01 8.03752600e-01 4.40233400e-01 5.88601800e-01 9.65069300e-01 9.94476400e+01 2.40183500e+00 6.55670200e+00 2.02217800e+00 1.85138100e+00 1.22406900e+03 5.70318300e+03 2.52139900e+03 8.14013000e+02 2.30355600e+02 9.60136200e-01 2.42527800e-01 2.43843800e-01 2.54669100e+00 1.40043900e+01 1.08954000e+03 1.46797000e+02 1.04160600e+00 1.40933300e+01 1.05905500e+03 1.49551600e+02 1.38969200e-01 1.60405000e-01 3.38475200e+03 1.01869800e-02 8.16052300e-01 4.50953500e-01 7.17158300e+01 6.51852400e+02 8.17060800e+01 1.55427000e+03 8.83403000e+01 2.01318800e+03 9.38888900e+01 2.34243000e+03 2.32759500e+02 5.84984000e+03 4.44604900e-01 7.27073200e-01 4.62107000e-01 6.44347600e-01 4.60582400e-01 6.02941600e-01 4.55641300e-01 5.73674500e-01 2.89223500e-01 2.98099800e-01 2.60252400e+01 1.04250500e+02 3.03322800e+01 1.14167500e+01 3.96254300e+02 2.33204100e+01 1.15121100e+04 7.06791900e+02 4.46922400e-02 1.15641700e+00 4.67209200e+00 7.59080700e+00 1.19431000e+04 5.87320100e+00
4.49373600e-01 6.33280300e+03 2.22266200e-02 1.17625700e-01 1.04111400e+00 4.42650500e-02 2.93838400e+00 3.01382600e+00 9.62548100e-01 9.99290100e-01 2.38789800e+02 4.14314700e+01 1.00055000e+02 3.83606600e+01 4.02942400e+00 8.15962900e-01 5.93647000e-01 9.76229100e-01 3.37500600e+00 1.45691800e+00 1.36233700e+00 1.09643300e+00 1.29328800e+00 9.98502600e-01 1.00188800e+00 1.00019100e+00 9.92249400e-01 6.68780500e+01 6.85875900e-01 3.14124100e-01 1.40497500e-01 9.39619600e-02 7.94320500e-01 8.12803900e-01 4.45191000e-01 5.94663200e-01 9.71301300e-01 9.92691000e+01 2.40924800e+00 6.60553000e+00 2.03651700e+00 1.86397400e+00 1.22390800e+03 5.70557200e+03 2.52688700e+03 8.14440900e+02 2.30084300e+02 9.62548100e-01 2.43884200e-01 2.45205200e-01 2.57527000e+00 1.39097000e+01 1.08978500e+03 1.45705800e+02 1.04137700e+00 1.39916500e+01 1.05936100e+03 1.48433000e+02 1.39765200e-01 1.60650400e-01 3.39102600e+03 1.02747400e-02 8.14961600e-01 4.50359800e-01 7.21459000e+01 6.48054100e+02 8.22270100e+01 1.54492300e+03 8.89197700e+01 2.00089100e+03 9.45164600e+01 2.32796700e+03 2.34502800e+02 5.81041700e+03 4.49495200e-01 7.33743200e-01 4.66894300e-01 6.50129100e-01 4.65216600e-01 6.08297700e-01 4.60135100e-01 5.78737200e-01 2.91715500e-01 3.00625500e-01 2.79865400e+01 1.05776900e+02 3.28766300e+01 1.03382000e+01 3.96280600e+02 2.31443800e+01 1.15102600e+04 7.06830600e+02 6.17235100e-02 1.03858200e+00 5.07399000e+00 1.25786600e+01 1.19400200e+04 6.17429600e+00
8.83404000e-01 6.32810000e+03 2.24037200e-02 1.20865100e-01 1.04074300e+00 5.11781600e-02 3.13490600e+00 3.03879200e+00 9.68855600e-01 1.00000000e+00 2.17127100e+02 4.74372200e+01 1.12444100e+02 3.58686300e+01 3.91683300e+00 7.79748300e-01 2.95027600e-01 5.84974800e-01 3.81668100e+00 1.08280000e+00 8.86001600e-01 9.76307800e-01 1.16062200e+00 9.98042700e-01 9.99276300e-01 9.94907700e-01 9.95070200e-01 6.80499300e+01 6.89223800e-01 3.10776200e-01 1.43914000e-01 9.79333600e-02 8.10088100e-01 8.24509100e-01 4.51602300e-01 6.04845100e-01 9.82015700e-01 9.96132200e+01 2.42438800e+00 7.37457300e+00 2.08799900e+00 1.88485300e+00 1.22261900e+03 5.72396700e+03 2.53651800e+03 8.15485700e+02 2.29841900e+02 9.68855600e-01 2.46590800e-01 2.47921700e-01 2.60989900e+00 1.37114100e+01 1.09003900e+03 1.43743200e+02 1.04086000e+00 1.38100300e+01 1.06016200e+03 1.46382500e+02 1.41301900e-01 1.60993100e-01 3.38330000e+03 1.03876300e-02 8.16705900e-01 4.51134100e-01 7.33550500e+01 6.37130900e+02 8.35168400e+01 1.51968400e+03 9.02682900e+01 1.96872700e+03 9.59164700e+01 2.29097300e+03 2.37441500e+02 5.72722600e+03 4.56243700e-01 7.48636200e-01 4.74736100e-01 6.63683600e-01 4.73417100e-01 6.21128000e-01 4.68501400e-01 5.91035300e-01 2.98020000e-01 3.07282900e-01 3.13283500e+01 1.06936500e+02 3.44783900e+01 9.08898900e+00 3.95721200e+02 2.27518300e+01 1.15137300e+04 7.06728000e+02 3.22235900e-02 1.21731700e+00 4.52417500e+00 2.40740400e+00 1.19412900e+04 5.77371600e+00
9.15997700e-01 6.32783800e+03 2.24382600e-02 1.21658400e-01 1.04072200e+00 5.29464200e-02 3.19008000e+00 3.04745700e+00 9.72526800e-01 1.00104600e+00 2.64411500e+02 3.75635500e+01 1.13286900e+02 3.80348200e+01 3.64513300e+00 7.46833800e-01 8.42454900e-02 6.09638400e-02 3.80302200e+00 1.00925600e+00 9.48738500e-01 8.34395200e-01 1.02324100e+00 9.98469800e-01 9.99228900e-01 1.00545500e+00 9.96500000e-01 6.84344500e+01 6.90938800e-01 3.09061200e-01 1.44741800e-01 9.90532600e-02 8.15581800e-01 8.27807000e-01 4.53408600e-01 6.08105100e-01 9.85893800e-01 9.98250000e+01 2.42576300e+00 7.56988500e+00 2.10617200e+00 1.89454600e+00 1.22010500e+03 5.73226000e+03 2.54636000e+03 8.18775800e+02 2.30729600e+02 9.72526800e-01 2.47329900e-01 2.48663400e-01 2.62251000e+00 1.36554700e+01 1.09011800e+03 1.43245900e+02 1.04080900e+00 1.37629400e+01 1.06031400e+03 1.45869500e+02 1.41669000e-01 1.61125400e-01 3.37812100e+03 1.04096200e-02 8.17769200e-01 4.51664100e-01 7.37423100e+01 6.33661200e+02 8.39118500e+01 1.51182000e+03 9.06711200e+01 1.95880900e+03 9.63270800e+01 2.27965300e+03 2.38178300e+02 5.70366600e+03 4.58207700e-01 7.53885200e-01 4.77214400e-01 6.68525700e-01 4.76091300e-01 6.25737900e-01 4.71281700e-01 5.95470200e-01 3.00318500e-01 3.09733700e-01 2.97316600e+01 1.06503600e+02 3.21020800e+01 9.06206500e+00 3.95878800e+02 2.23288000e+01 1.15143900e+04 7.06682400e+02 1.84772400e-02 1.34256300e+00 4.19303200e+00 1.78299300e+00 1.19416600e+04 5.55407200e+00
7.98264600e-01 6.33168700e+03 2.23787300e-02 1.19445000e-01 1.04121600e+00 5.53530000e-02 3.08157900e+00 3.04748000e+00 9.71459300e-01 1.00367600e+00 2.42836500e+02 4.04162700e+01 1.13254700e+02 4.00115700e+01 6.95199900e+00 6.91747700e-01 4.03664400e-01 2.09742200e-01 2.29561800e+00 6.09308500e-01 9.89274800e-01 8.92077000e-01 1.13865200e+00 9.97157300e-01 9.98745600e-01 1.00256400e+00 9.93104000e-01 6.80682400e+01 6.92510000e-01 3.07490000e-01 1.42468900e-01 9.69760700e-02 8.11796200e-01 8.21867700e-01 4.50155500e-01 6.04511800e-01 9.83954000e-01 1.00094900e+02 2.42406800e+00 7.78045700e+00 2.10622100e+00 1.88549300e+00 1.21971300e+03 5.72996400e+03 2.54701000e+03 8.20951600e+02 2.31914400e+02 9.71459300e-01 2.45873900e-01 2.47202200e-01 2.59615200e+00 1.37486000e+01 1.08989400e+03 1.44390300e+02 1.04137500e+00 1.38653500e+01 1.05993300e+03 1.47050800e+02 1.40780200e-01 1.60945000e-01 3.37303200e+03 1.03194200e-02 8.18824600e-01 4.52268600e-01 7.33218200e+01 6.37181700e+02 8.33917500e+01 1.52059800e+03 9.00872100e+01 1.97043000e+03 9.56909100e+01 2.29338100e+03 2.36350600e+02 5.74238200e+03 4.55070200e-01 7.50545300e-01 4.74344500e-01 6.65739800e-01 4.73414200e-01 6.23203600e-01 4.68754900e-01 5.93104100e-01 2.99203500e-01 3.08645900e-01 3.16493600e+01 1.08117900e+02 3.24124100e+01 9.37471700e+00 3.96167600e+02 2.20392400e+01 1.15128800e+04 7.06644900e+02 6.31252800e-03 1.47275900e+00 3.77993400e+00 1.10078100e+01 1.19404600e+04 5.25900500e+00
9.06628900e-01 6.32904200e+03 2.23833700e-02 1.19497000e-01 1.04140100e+00 5.78542500e-02 3.01989600e+00 3.04382200e+00 9.68960000e-01 9.98099400e-01 2.52120900e+02 3.38837100e+01 9.15629300e+01 4.19059500e+01 7.18206700e-01 7.57093300e-01 2.35427000e-02 7.30762100e-01 7.22037800e+00 1.07702800e+00 8.63107900e-01 8.51357300e-01 1.15802700e+00 9.97917400e-01 1.00136200e+00 9.90508500e-01 9.91312900e-01 6.73980700e+01 6.86240000e-01 3.13760000e-01 1.42525500e-01 9.60594300e-02 8.11703800e-01 8.30110200e-01 4.54670100e-01 6.07501000e-01 9.88721200e-01 9.93061500e+01 2.43523300e+00 8.02459700e+00 2.09853000e+00 1.86923400e+00 1.21377400e+03 5.67663000e+03 2.52702700e+03 8.15739600e+02 2.30937800e+02 9.68960000e-01 2.45050900e-01 2.46376200e-01 2.57396800e+00 1.38071100e+01 1.08983400e+03 1.44681800e+02 1.04159200e+00 1.38904600e+01 1.05989500e+03 1.47342700e+02 1.40714600e-01 1.60728900e-01 3.40242700e+03 1.03663400e-02 8.13644900e-01 4.49564300e-01 7.26986800e+01 6.43101700e+02 8.28481300e+01 1.53319900e+03 8.95867700e+01 1.98576100e+03 9.52220800e+01 2.31040700e+03 2.36199600e+02 5.76752500e+03 4.59101900e-01 7.49832500e-01 4.76956300e-01 6.64419300e-01 4.75281000e-01 6.21682300e-01 4.70115000e-01 5.91479800e-01 2.98138800e-01 3.07266200e-01 2.73322100e+01 1.03995600e+02 3.02817600e+01 8.94649100e+00 3.96829100e+02 2.25959300e+01 1.15123000e+04 7.06818600e+02 5.84558600e-02 1.03858200e+00 5.01788600e+00 4.47538100e+00 1.19406800e+04 6.11492400e+00
1.07495000e+00 6.33021400e+03 2.23765200e-02 1.17702400e-01 1.04135200e+00 6.01279400e-02 2.93428900e+00 3.04457900e+00 9.63866800e-01 9.98512700e-01 2.15046400e+02 4.23087500e+01 9.17783600e+01 4.63595100e+01 7.70335600e+00 9.78921100e-01 4.96114000e-01 7.82500200e-01 1.04470500e-01 8.45455300e-01 1.08949300e+00 1.03227500e+00 1.34531200e+00 9.96393500e-01 1.00374700e+00 9.94665100e-01 9.89734400e-01 6.70062300e+01 6.86571700e-01 3.13428300e-01 1.40724100e-01 9.42939100e-02 8.06976400e-01 8.24839200e-01 4.51783100e-01 6.03803200e-01 9.85832800e-01 9.93468000e+01 2.44374400e+00 8.21075400e+00 2.10011900e+00 1.86216200e+00 1.22484800e+03 5.70259300e+03 2.52444400e+03 8.14800100e+02 2.30891200e+02 9.63866800e-01 2.43891300e-01 2.45212300e-01 2.54564200e+00 1.38918800e+01 1.08960300e+03 1.45590200e+02 1.04160200e+00 1.39775300e+01 1.05970400e+03 1.48265000e+02 1.40072500e-01 1.60459900e-01 3.39841900e+03 1.02942600e-02 8.14238100e-01 4.49876000e-01 7.22717600e+01 6.46875500e+02 8.23527000e+01 1.54227900e+03 8.90463800e+01 1.99757600e+03 9.46443300e+01 2.32419900e+03 2.34712500e+02 5.80289900e+03 4.56219300e-01 7.45500900e-01 4.74048900e-01 6.60620400e-01 4.72424600e-01 6.18144200e-01 4.67316400e-01 5.88123900e-01 2.96473500e-01 3.05557500e-01 2.72399900e+01 1.05344100e+02 3.21800800e+01 8.61668800e+00 3.97599900e+02 2.34675900e+01 1.15056500e+04 7.06807800e+02 5.43420500e-02 1.09677200e+00 4.93099100e+00 1.22085100e+01 1.19353300e+04 6.08210500e+00
8.81883700e-01 6.32547600e+03 2.22240800e-02 1.14804700e-01 1.04143900e+00 5.21713100e-02 2.77028800e+00 3.02444400e+00 9.59814700e-01 9.99776600e-01 2.52478000e+02 3.35087400e+01 1.09011700e+02 3.55084000e+01 4.42686500e+00 4.79783000e-01 9.43815200e-01 1.21147600e-01 1.71810900e+00 9.13631200e-01 9.51671400e-01 1.00972700e+00 8.10993600e-01 9.98518600e-01 1.00040400e+00 9.93018800e-01 9.88418900e-01 6.60064700e+01 6.84006200e-01 3.15993800e-01 1.37673900e-01 9.08736800e-02 7.93559300e-01 8.14438100e-01 4.46086100e-01 5.94975400e-01 9.76756100e-01 9.90703700e+01 2.42840100e+00 7.37762500e+00 2.05825500e+00 1.85431600e+00 1.22864700e+03 5.71573100e+03 2.53163400e+03 8.19356000e+02 2.32716600e+02 9.59814700e-01 2.41568900e-01 2.42881400e-01 2.51702200e+00 1.40696300e+01 1.08937000e+03 1.47340900e+02 1.04182300e+00 1.41426100e+01 1.05901700e+03 1.50091900e+02 1.38710600e-01 1.60144000e-01 3.40042300e+03 1.01845700e-02 8.13401500e-01 4.49550500e-01 7.12377000e+01 6.56452700e+02 8.12390400e+01 1.56449000e+03 8.78760600e+01 2.02593900e+03 9.34248500e+01 2.35686800e+03 2.32078700e+02 5.87741700e+03 4.50238500e-01 7.32864800e-01 4.67217800e-01 6.49160100e-01 4.65331300e-01 6.07312700e-01 4.60112000e-01 5.77751900e-01 2.91171600e-01 2.99974400e-01 2.61357400e+01 1.03800200e+02 2.82795100e+01 8.92463800e+00 3.95812400e+02 2.35822100e+01 1.15070200e+04 7.06895800e+02 8.27533400e-02 9.26576500e-01 5.45632100e+00 2.24926300e+00 1.19353400e+04 6.46565100e+00
5.33522600e-01 6.32887300e+03 2.24134300e-02 1.13374600e-01 1.04133300e+00 5.40796200e-02 2.75187400e+00 3.02579500e+00 9.62742400e-01 1.00127500e+00 2.29136600e+02 3.10849100e+01 9.23612700e+01 4.41013300e+01 6.87857100e+00 8.48150000e-01 3.77944300e-01 3.96829200e-01 1.94983200e-01 8.65678700e-01 1.02116100e+00 8.83376500e-01 1.17216200e+00 9.97053900e-01 9.98794100e-01 9.93620200e-01 9.85152300e-01 6.64166300e+01 6.90709700e-01 3.09290300e-01 1.36433200e-01 9.06143000e-02 7.89567500e-01 8.01699800e-01 4.39109100e-01 5.88817700e-01 9.68837300e-01 9.98745100e+01 2.41193600e+00 7.50579800e+00 2.06103700e+00 1.84974900e+00 1.22357700e+03 5.73306600e+03 2.53347200e+03 8.21954500e+02 2.33926500e+02 9.62742400e-01 2.41392900e-01 2.42704700e-01 2.47594800e+00 1.40673400e+01 1.08899200e+03 1.47680800e+02 1.04170600e+00 1.41768200e+01 1.05932200e+03 1.50375800e+02 1.38635700e-01 1.59843800e-01 3.37829900e+03 1.01053300e-02 8.17801000e-01 4.51703400e-01 7.15727700e+01 6.52884900e+02 8.14487200e+01 1.55763200e+03 8.80125100e+01 2.01813100e+03 9.35047500e+01 2.34866300e+03 2.31233600e+02 5.87571600e+03 4.43778300e-01 7.29825700e-01 4.62142100e-01 6.47178100e-01 4.61034500e-01 6.05752700e-01 4.56364200e-01 5.76449800e-01 2.90777500e-01 2.99850600e-01 2.45174600e+01 1.00574400e+02 2.78680200e+01 1.01373200e+01 3.95896600e+02 2.28369500e+01 1.15114900e+04 7.06688200e+02 1.53689200e-02 1.34256300e+00 4.02695300e+00 5.31104300e+00 1.19403600e+04 5.38488500e+00
3.46542800e-01 6.33577300e+03 2.19811400e-02 1.13262000e-01 1.04163900e+00 4.40511500e-02 2.64648500e+00 3.00428200e+00 9.50898600e-01 1.00244200e+00 2.65372300e+02 4.30011200e+01 8.46337600e+01 5.47475400e+01 2.44194500e+00 4.60271900e-01 8.58298600e-01 2.38476100e-01 3.77696700e+00 7.80422600e-01 1.17248900e+00 8.35499100e-01 9.20037900e-01 9.95139500e-01 1.00148400e+00 9.95286500e-01 9.91991400e-01 6.49627700e+01 6.78002100e-01 3.21997900e-01 1.35888300e-01 8.82768100e-02 7.82805300e-01 8.10997800e-01 4.44201800e-01 5.89680900e-01 9.71228700e-01 9.84046800e+01 2.42991900e+00 6.53533900e+00 2.01717200e+00 1.84705800e+00 1.24308300e+03 5.72734400e+03 2.52956900e+03 8.17667500e+02 2.32086900e+02 9.50898600e-01 2.39725700e-01 2.41031400e-01 2.51827300e+00 1.42200600e+01 1.08941100e+03 1.48623800e+02 1.04213300e+00 1.42615000e+01 1.05821600e+03 1.51478600e+02 1.37613400e-01 1.60075200e-01 3.41505500e+03 1.01397400e-02 8.10187200e-01 4.48051700e-01 7.02042900e+01 6.66567000e+02 8.02111600e+01 1.58710100e+03 8.68429000e+01 2.05424900e+03 9.23831100e+01 2.38901100e+03 2.30393900e+02 5.94087200e+03 4.47828400e-01 7.22367200e-01 4.63269400e-01 6.39246100e-01 4.60731500e-01 5.97784700e-01 4.55125500e-01 5.68531700e-01 2.86318800e-01 2.94724200e-01 3.24485100e+01 1.09541900e+02 3.33703800e+01 1.05460300e+01 3.96188400e+02 2.45531400e+01 1.15143400e+04 7.07142500e+02 1.78688200e-01 6.25207500e-01 7.19143100e+00 1.07789000e+01 1.19456300e+04 7.99532700e+00
4.71883900e-01 6.33354400e+03 2.19891300e-02 1.12615500e-01 1.04115000e+00 4.71747300e-02 2.63479200e+00 3.00798600e+00 9.51626900e-01 1.00135900e+00 2.20606600e+02 2.54037100e+01 8.23235800e+01 4.38277800e+01 5.29736000e-01 5.13932900e-01 3.78889700e-01 4.43676200e-01 9.31864400e+00 1.16752200e+00 7.77910900e-01 8.60200900e-01 9.71817900e-01 9.96995600e-01 1.00006900e+00 9.99432700e-01 9.91272100e-01 6.49005100e+01 6.78900000e-01 3.21100000e-01 1.35249800e-01 8.77777900e-02 7.82140300e-01 8.09178100e-01 4.43205100e-01 5.88768700e-01 9.70868900e-01 9.84663100e+01 2.42980700e+00 6.85577400e+00 2.02465900e+00 1.84236800e+00 1.24004600e+03 5.72310500e+03 2.52621900e+03 8.17000800e+02 2.32002300e+02 9.51626900e-01 2.39563200e-01 2.40868300e-01 2.51265400e+00 1.42450400e+01 1.08933000e+03 1.48862200e+02 1.04164000e+00 1.42911300e+01 1.05817800e+03 1.51718900e+02 1.37425100e-01 1.59962100e-01 3.40457500e+03 1.01002500e-02 8.11668500e-01 4.48808700e-01 7.01218300e+01 6.67284400e+02 8.00948700e+01 1.58902800e+03 8.67055000e+01 2.05688600e+03 9.22286700e+01 2.39219400e+03 2.29877400e+02 5.95122400e+03 4.46913800e-01 7.21837400e-01 4.62535600e-01 6.38868400e-01 4.60099700e-01 5.97469100e-01 4.54565700e-01 5.68254700e-01 2.86216200e-01 2.94651400e-01 2.60083200e+01 1.03817300e+02 2.85549800e+01 9.96906600e+00 3.95748600e+02 2.45036400e+01 1.15165800e+04 7.07102000e+02 1.69262100e-01 6.71532900e-01 7.10287700e+00 5.23686800e+00 1.19468100e+04 7.94367200e+00
9.07858100e-01 6.33500200e+03 2.20837300e-02 1.13388600e-01 1.04190300e+00 5.70509200e-02 2.64723900e+00 3.02416200e+00 9.53070900e-01 9.98041900e-01 2.15701200e+02 3.70500300e+01 1.17657500e+02 2.50692500e+01 4.33648400e+00 5.64511000e-01 8.29095900e-01 5.04310600e-01 5.67468000e+00 1.02821500e+00 7.47099400e-01 1.09569800e+00 7.51170600e-01 9.98362200e-01 1.00118800e+00 1.00019500e+00 9.94364300e-01 6.50909400e+01 6.78728100e-01 3.21271900e-01 1.36117500e-01 8.86001400e-02 7.91418100e-01 8.18995900e-01 4.48582500e-01 5.95832500e-01 9.80947300e-01 9.84937700e+01 2.44951100e+00 7.86285400e+00 2.05767500e+00 1.83579000e+00 1.23402900e+03 5.68612700e+03 2.51459900e+03 8.14091200e+02 2.31613100e+02 9.53070900e-01 2.39780700e-01 2.41086600e-01 2.49969400e+00 1.42012400e+01 1.08929600e+03 1.48502000e+02 1.04237400e+00 1.42465100e+01 1.05848300e+03 1.51317200e+02 1.37850100e-01 1.59968400e-01 3.42047800e+03 1.01563800e-02 8.09710600e-01 4.47732600e-01 7.03302700e+01 6.65319600e+02 8.03372400e+01 1.58430700e+03 8.69701000e+01 2.05074700e+03 9.25117400e+01 2.38503200e+03 2.30608300e+02 5.93293700e+03 4.52316200e-01 7.30382600e-01 4.68084400e-01 6.46412400e-01 4.65599700e-01 6.04516300e-01 4.59986600e-01 5.74952400e-01 2.89578300e-01 2.98107500e-01 2.80737100e+01 1.03163200e+02 2.89600700e+01 8.65272300e+00 3.96795400e+02 2.47723700e+01 1.15187400e+04 7.07109600e+02 1.63935400e-01 6.71532900e-01 6.91325600e+00 6.18882100e+00 1.19489600e+04 7.74872400e+00
1.32237600e+00 6.33369800e+03 2.23300600e-02 1.15333500e-01 1.04122000e+00 7.05546900e-02 2.84772800e+00 3.05906000e+00 9.60423600e-01 9.96511300e-01 2.38670000e+02 2.56074100e+01 9.81466000e+01 3.92042800e+01 3.81923800e+00 8.31957600e-01 1.34607900e-01 3.80016500e-01 5.34979200e+00 9.22826000e-01 9.57530900e-01 9.38132700e-01 1.21512800e+00 9.97402700e-01 1.00195800e+00 9.99257200e-01 9.86595300e-01 6.67462200e+01 6.89546700e-01 3.10453300e-01 1.38308700e-01 9.23158500e-02 8.06320400e-01 8.20248000e-01 4.49268400e-01 6.01875600e-01 9.86948100e-01 9.97285200e+01 2.46080000e+00 9.15679900e+00 2.13075100e+00 1.85033200e+00 1.23320200e+03 5.71734100e+03 2.51837900e+03 8.12873700e+02 2.30638400e+02 9.60423600e-01 2.42687300e-01 2.44003900e-01 2.52425900e+00 1.39833400e+01 1.08936400e+03 1.46706500e+02 1.04153200e+00 1.40856400e+01 1.05936100e+03 1.49414500e+02 1.39182000e-01 1.60247100e-01 3.37968600e+03 1.01769700e-02 8.17301000e-01 4.51504300e-01 7.19444500e+01 6.49599100e+02 8.19024600e+01 1.54950200e+03 8.85190000e+01 2.00740800e+03 9.40545400e+01 2.33602800e+03 2.32781100e+02 5.84076800e+03 4.53947800e-01 7.45191700e-01 4.72434000e-01 6.60672500e-01 4.71162400e-01 6.18328400e-01 4.66297400e-01 5.88383100e-01 2.96738000e-01 3.05951000e-01 2.44615600e+01 1.04380800e+02 2.95090600e+01 8.29114400e+00 4.02690300e+02 2.47239200e+01 1.15125100e+04 7.06719000e+02 2.38881300e-02 1.27934900e+00 4.23831400e+00 6.91718400e+00 1.19482200e+04 5.54155100e+00
9.87770800e-01 6.33617700e+03 2.21398500e-02 1.17835500e-01 1.04095000e+00 6.31178800e-02 2.90939200e+00 3.04705200e+00 9.59456800e-01 9.98441400e-01 2.61437600e+02 3.80931200e+01 8.02492800e+01 5.38015000e+01 4.94957700e+00 6.19764100e-01 7.32755600e-01 1.51744500e-01 3.51411400e+00 1.31755300e+00 1.28203400e+00 9.81395600e-01 1.22813200e+00 9.95510400e-01 1.00316900e+00 9.94412000e-01 9.85499200e-01 6.63433800e+01 6.80512900e-01 3.19487100e-01 1.40620500e-01 9.32923800e-02 8.08493800e-01 8.34339400e-01 4.56986500e-01 6.07841100e-01 9.92608300e-01 9.86032000e+01 2.46426600e+00 8.55865500e+00 2.10531900e+00 1.85564300e+00 1.22950200e+03 5.67641900e+03 2.51270700e+03 8.08996500e+02 2.28847500e+02 9.59456800e-01 2.43453600e-01 2.44773000e-01 2.58153400e+00 1.39552700e+01 1.08988700e+03 1.45866000e+02 1.04124100e+00 1.40088600e+01 1.05913200e+03 1.48625500e+02 1.39614200e-01 1.60626600e-01 3.40746900e+03 1.03041400e-02 8.11638200e-01 4.48683200e-01 7.16527400e+01 6.52910700e+02 8.18029700e+01 1.55518600e+03 8.85334400e+01 2.01332900e+03 9.41578500e+01 2.34174100e+03 2.34444100e+02 5.83001100e+03 4.60938300e-01 7.46308100e-01 4.77437100e-01 6.60686900e-01 4.75100700e-01 6.17939000e-01 4.69502900e-01 5.87763500e-01 2.96062700e-01 3.04875000e-01 3.26379400e+01 1.09376200e+02 3.59773500e+01 8.56118300e+00 3.99116500e+02 2.41606300e+01 1.15110200e+04 7.07032400e+02 1.48485100e-01 7.19420900e-01 6.81539300e+00 1.47767500e+01 1.19428600e+04 7.68329900e+00
6.95566500e-01 6.33683300e+03 2.22857000e-02 1.20459500e-01 1.04095600e+00 6.70941200e-02 3.07377900e+00 3.07078000e+00 9.69861400e-01 1.00326500e+00 1.98589400e+02 2.92492300e+01 9.16534900e+01 4.97277800e+01 5.46926800e+00 4.30001400e-01 8.58765600e-01 7.06969400e-02 4.89080700e+00 1.03657400e+00 8.51752600e-01 8.30395900e-01 8.11022100e-01 9.95653500e-01 1.00227300e+00 1.00138500e+00 9.89899300e-01 6.74566700e+01 6.84884100e-01 3.15115900e-01 1.43390400e-01 9.67263800e-02 8.24624500e-01 8.45144100e-01 4.62904500e-01 6.17836900e-01 1.00402300e+00 9.91116500e+01 2.46858200e+00 8.97369400e+00 2.15587100e+00 1.88514800e+00 1.22332300e+03 5.70311900e+03 2.54130300e+03 8.18590100e+02 2.31490100e+02 9.69861400e-01 2.45732600e-01 2.47060400e-01 2.61113100e+00 1.37779200e+01 1.09009300e+03 1.44238900e+02 1.04113300e+00 1.38540400e+01 1.05978000e+03 1.46926400e+02 1.40870500e-01 1.60973200e-01 3.39849800e+03 1.03918800e-02 8.13778400e-01 4.49697500e-01 7.27885200e+01 6.42402900e+02 8.29847300e+01 1.53121700e+03 8.97524100e+01 1.98298900e+03 9.54110600e+01 2.30701400e+03 2.36875300e+02 5.75547600e+03 4.67259300e-01 7.61636100e-01 4.85096800e-01 6.74733400e-01 4.83237800e-01 6.31273000e-01 4.77883000e-01 6.00567500e-01 3.02662900e-01 3.11874000e-01 2.91603900e+01 1.08850200e+02 3.11217600e+01 9.43057100e+00 4.00712700e+02 2.25398800e+01 1.15155000e+04 7.06864500e+02 7.86857800e-02 9.81866700e-01 5.47497600e+00 1.20813600e+01 1.19481800e+04 6.53552900e+00
3.40521600e-01 6.33540700e+03 2.23122500e-02 1.17269600e-01 1.04109700e+00 4.88085700e-02 2.97810400e+00 3.02255500e+00 9.72696500e-01 9.99929100e-01 2.41313600e+02 2.54198300e+01 1.15629600e+02 3.01862300e+01 4.57397500e+00 8.17986800e-01 3.61214700e-01 5.96705400e-01 4.64267400e+00 8.17561800e-01 1.18126900e+00 1.01116700e+00 1.02308000e+00 9.98651200e-01 9.99907100e-01 9.92691200e-01 1.00048000e+00 6.75372300e+01 6.92570900e-01 3.07429100e-01 1.40227000e-01 9.47054100e-02 7.98053100e-01 8.07874100e-01 4.42490900e-01 5.94248400e-01 9.71091500e-01 1.00110400e+02 2.38887500e+00 7.07550000e+00 2.05437100e+00 1.86330600e+00 1.20174400e+03 5.67534900e+03 2.53195700e+03 8.19173700e+02 2.31875900e+02 9.72696500e-01 2.44458700e-01 2.45781800e-01 2.57284200e+00 1.38575800e+01 1.08968500e+03 1.45530700e+02 1.04133400e+00 1.39754200e+01 1.05955100e+03 1.48229900e+02 1.39889100e-01 1.60694600e-01 3.36624800e+03 1.02272400e-02 8.19697900e-01 4.52769000e-01 7.27477000e+01 6.42206600e+02 8.27374700e+01 1.53260200e+03 8.93797100e+01 1.98599300e+03 9.49389100e+01 2.31150100e+03 2.34485100e+02 5.78789200e+03 4.47346900e-01 7.37846200e-01 4.66308800e-01 6.54484000e-01 4.65401200e-01 6.12670800e-01 4.60825600e-01 5.83082500e-01 2.94165200e-01 3.03442800e-01 2.33492700e+01 1.04448000e+02 2.88042800e+01 1.10800100e+01 3.95781900e+02 2.14824500e+01 1.15275900e+04 7.06643500e+02 5.85495100e-03 1.53969800e+00 3.75844200e+00 2.93488100e+00 1.19559300e+04 5.30399600e+00
1.10524700e+00 6.33167600e+03 2.20555300e-02 1.15407700e-01 1.04171300e+00 6.32695400e-02 2.83201700e+00 3.04295300e+00 9.59965500e-01 9.97534800e-01 2.35870700e+02 4.66593700e+01 1.09112600e+02 3.44262300e+01 2.97232100e+00 6.48500500e-01 3.20395000e-01 4.25031000e-01 2.62571600e+00 8.89834100e-01 1.08516400e+00 1.10377400e+00 1.33269200e+00 9.96329200e-01 1.00018700e+00 9.86656400e-01 9.93955000e-01 6.64752200e+01 6.87463600e-01 3.12536400e-01 1.38108400e-01 9.18078700e-02 8.02131100e-01 8.18719200e-01 4.48431000e-01 5.99750300e-01 9.83819600e-01 9.95736700e+01 2.44618100e+00 8.54034400e+00 2.09670700e+00 1.84749200e+00 1.22703200e+03 5.68117600e+03 2.51544100e+03 8.11218300e+02 2.29691100e+02 9.59965500e-01 2.42356400e-01 2.43671800e-01 2.57014800e+00 1.40137400e+01 1.08969800e+03 1.46984500e+02 1.04207300e+00 1.41050100e+01 1.05871200e+03 1.49790700e+02 1.38648600e-01 1.60642700e-01 3.38209600e+03 1.01731900e-02 8.16482000e-01 4.51293800e-01 7.16880900e+01 6.52074000e+02 8.16637700e+01 1.55490000e+03 8.82889400e+01 2.01407100e+03 9.38302500e+01 2.34351200e+03 2.32549300e+02 5.85370000e+03 4.52906200e-01 7.41118000e-01 4.70838400e-01 6.56839400e-01 4.69333100e-01 6.14649300e-01 4.64329900e-01 5.84825500e-01 2.94865300e-01 3.03930000e-01 3.07216400e+01 1.05544000e+02 3.16762300e+01 8.58920800e+00 3.99029000e+02 2.40758100e+01 1.15103800e+04 7.06779700e+02 3.36522400e-02 1.21731700e+00 4.33564100e+00 8.90610600e+00 1.19420800e+04 5.58661100e+00
8.76402400e-01 6.33011200e+03 2.25557200e-02 1.23917100e-01 1.04070800e+00 5.05917900e-02 3.28352600e+00 3.04966700e+00 9.68528200e-01 1.00240100e+00 2.59631700e+02 3.70672300e+01 1.02288100e+02 4.04739200e+01 3.80379600e-02 5.96850900e-01 2.42638500e-01 3.43809500e-01 9.47668700e+00 1.26370400e+00 1.18734500e+00 8.64360900e-01 1.05203100e+00 9.97354600e-01 1.00034600e+00 1.00365400e+00 9.97398700e-01 6.88189700e+01 6.89365600e-01 3.10634400e-01 1.47118000e-01 1.01245100e-01 8.19373200e-01 8.33769200e-01 4.56674200e-01 6.11707900e-01 9.87705900e-01 9.95877500e+01 2.44123800e+00 7.34405500e+00 2.11083200e+00 1.90770100e+00 1.23656600e+03 5.77466200e+03 2.54845900e+03 8.16075200e+02 2.29330500e+02 9.68528200e-01 2.48591200e-01 2.49929200e-01 2.63310700e+00 1.35597200e+01 1.09025400e+03 1.42144700e+02 1.04072400e+00 1.36582400e+01 1.06084800e+03 1.44709700e+02 1.42653600e-01 1.61239800e-01 3.39208800e+03 1.05167600e-02 8.15642500e-01 4.50468900e-01 7.41839600e+01 6.30000100e+02 8.44562000e+01 1.50271400e+03 9.12812900e+01 1.94676800e+03 9.69911900e+01 2.26544200e+03 2.40075400e+02 5.66384500e+03 4.61347800e-01 7.57230300e-01 4.80085300e-01 6.71316300e-01 4.78769000e-01 6.28276700e-01 4.73809100e-01 5.97840700e-01 3.01435600e-01 3.10824100e-01 3.27344800e+01 1.09757200e+02 3.43217600e+01 9.10884900e+00 3.95750400e+02 2.32683200e+01 1.15136000e+04 7.06724000e+02 3.41450100e-02 1.21731700e+00 4.62243200e+00 5.89602300e+00 1.19417300e+04 5.87389500e+00
1.06186200e+00 6.32872900e+03 2.24139700e-02 1.19369800e-01 1.04127400e+00 6.71261200e-02 3.10654400e+00 3.07227600e+00 9.72693000e-01 1.00207200e+00 2.23902600e+02 2.77696800e+01 9.75180900e+01 3.98562700e+01 4.39688200e+00 7.32555800e-01 4.47740700e-01 3.01115300e-01 4.38923600e+00 1.30548900e+00 1.06096200e+00 1.00959200e+00 1.13724500e+00 9.97612000e-01 1.00127400e+00 1.00153600e+00 9.95265800e-01 6.84381100e+01 6.95910000e-01 3.04090000e-01 1.42428900e-01 9.74756400e-02 8.21179400e-01 8.26758000e-01 4.52834000e-01 6.09801600e-01 9.92633700e-01 1.00538800e+02 2.44641400e+00 8.92791700e+00 2.15909800e+00 1.88785000e+00 1.22372400e+03 5.74231300e+03 2.54891600e+03 8.21064400e+02 2.32035200e+02 9.72693000e-01 2.46219200e-01 2.47548700e-01 2.59821400e+00 1.37173100e+01 1.08986800e+03 1.44258500e+02 1.04141200e+00 1.38522000e+01 1.06004700e+03 1.46904700e+02 1.40864000e-01 1.61001900e-01 3.36086700e+03 1.02993500e-02 8.21198900e-01 4.53482500e-01 7.36605200e+01 6.34009700e+02 8.36870700e+01 1.51383800e+03 9.03588600e+01 1.96220100e+03 9.59451900e+01 2.28423900e+03 2.36426300e+02 5.72890700e+03 4.58096900e-01 7.59562700e-01 4.78358100e-01 6.74115900e-01 4.77822300e-01 6.31201800e-01 4.73386500e-01 6.00813600e-01 3.03229800e-01 3.12955500e-01 2.57364600e+01 1.05259900e+02 3.06306400e+01 8.87121700e+00 4.00412400e+02 2.25323400e+01 1.15079800e+04 7.06577700e+02 1.07279000e-04 1.74777200e+00 3.44804200e+00 5.89079400e+00 1.19397900e+04 5.19592000e+00
3.87842500e-01 6.33262900e+03 2.20801500e-02 1.12596800e-01 1.04200900e+00 5.54399000e-02 2.72015200e+00 3.02792000e+00 9.59901600e-01 1.00287500e+00 2.25119600e+02 3.86979500e+01 1.16665300e+02 3.13815000e+01 5.46337900e+00 5.65373200e-01 6.13611400e-01 2.73183000e-01 3.93801100e+00 8.77189300e-01 1.08020000e+00 1.11990600e+00 1.20596300e+00 9.96952500e-01 1.00000900e+00 9.97384700e-01 9.99232200e-01 6.62774700e+01 6.91938800e-01 3.08061200e-01 1.35322100e-01 8.96880600e-02 7.89904300e-01 8.00446500e-01 4.38422600e-01 5.88482700e-01 9.70267600e-01 1.00181300e+02 2.41856700e+00 7.69805900e+00 2.06542300e+00 1.84864900e+00 1.22988700e+03 5.72858000e+03 2.53475500e+03 8.20296200e+02 2.32875100e+02 9.59901600e-01 2.40808900e-01 2.42118600e-01 2.52609000e+00 1.41128600e+01 1.08930200e+03 1.48332200e+02 1.04243900e+00 1.42293400e+01 1.05844500e+03 1.51154400e+02 1.37724800e-01 1.60307100e-01 3.36557400e+03 1.00449500e-02 8.19680900e-01 4.52950800e-01 7.14008500e+01 6.54367600e+02 8.12219700e+01 1.56146700e+03 8.77511300e+01 2.02329500e+03 9.32152400e+01 2.35483300e+03 2.30327600e+02 5.89458900e+03 4.43210000e-01 7.30255400e-01 4.61846900e-01 6.47689700e-01 4.60878600e-01 6.06286000e-01 4.56301600e-01 5.76991100e-01 2.91104900e-01 3.00237200e-01 3.06041400e+01 1.07562600e+02 3.12824700e+01 1.08052600e+01 3.96175600e+02 2.32141700e+01 1.15165700e+04 7.06658100e+02 3.50618800e-03 1.53969800e+00 3.54787100e+00 6.74423300e+00 1.19467600e+04 5.09107500e+00
1.07652400e+00 6.32905500e+03 2.23994800e-02 1.15359800e-01 1.04111100e+00 6.58846400e-02 2.87853300e+00 3.04981300e+00 9.67163500e-01 9.98876900e-01 2.43080700e+02 3.42750100e+01 1.16885500e+02 2.96273000e+01 6.25928300e+00 7.31369300e-01 1.65005400e-01 3.31070100e-01 1.26189900e+00 9.25102600e-01 1.03261900e+00 1.15111900e+00 1.39459600e+00 9.98866300e-01 1.00101600e+00 9.99867600e-01 9.88868400e-01 6.71234100e+01 6.92813600e-01 3.07186400e-01 1.38404500e-01 9.29018000e-02 8.03343600e-01 8.12908600e-01 4.45248400e-01 5.98069700e-01 9.80537700e-01 1.00125600e+02 2.43040500e+00 8.70819100e+00 2.11114000e+00 1.85050500e+00 1.21544000e+03 5.69434900e+03 2.52182000e+03 8.16211400e+02 2.31767400e+02 9.67163500e-01 2.43139500e-01 2.44457700e-01 2.52217600e+00 1.39462300e+01 1.08931200e+03 1.46484400e+02 1.04139900e+00 1.40661100e+01 1.05955100e+03 1.49166500e+02 1.39369100e-01 1.60254100e-01 3.36772500e+03 1.01624800e-02 8.19602400e-01 4.52651300e-01 7.22968700e+01 6.46194400e+02 8.22186600e+01 1.54217500e+03 8.88160600e+01 1.99843600e+03 9.43378900e+01 2.32601300e+03 2.32963400e+02 5.82488800e+03 4.50174400e-01 7.42762200e-01 4.69316000e-01 6.58872300e-01 4.68430900e-01 6.16790600e-01 4.63844200e-01 5.87010800e-01 2.96171500e-01 3.05513500e-01 2.61516200e+01 1.04156600e+02 2.88955000e+01 8.78339900e+00 3.99724500e+02 2.26966600e+01 1.15088900e+04 7.06638100e+02 5.48692200e-03 1.53969800e+00 3.76139200e+00 6.07214900e+00 1.19400900e+04 5.30657800e+00
1.10208300e+00 6.32902600e+03 2.21986600e-02 1.15812600e-01 1.04117500e+00 6.35087700e-02 2.83029900e+00 3.04889800e+00 9.63659000e-01 1.00084800e+00 2.55364300e+02 4.19088400e+01 8.97699400e+01 4.63325100e+01 3.08183800e+00 6.29119600e-01 9.33001000e-01 9.33281700e-01 3.23392700e+00 9.63784400e-01 1.00454600e+00 8.86146700e-01 8.04832800e-01 9.97460300e-01 1.00296700e+00 9.99664600e-01 9.86502300e-01 6.62481700e+01 6.84068900e-01 3.15931100e-01 1.38656500e-01 9.18573600e-02 8.05937400e-01 8.27059700e-01 4.52999200e-01 6.04226000e-01 9.90180500e-01 9.90578600e+01 2.45088900e+00 8.53118900e+00 2.10921000e+00 1.85761900e+00 1.22342200e+03 5.69392100e+03 2.53052100e+03 8.18647500e+02 2.32496000e+02 9.63659000e-01 2.42391000e-01 2.43706500e-01 2.54276300e+00 1.40192900e+01 1.08955200e+03 1.46771500e+02 1.04151100e+00 1.40921700e+01 1.05905500e+03 1.49525400e+02 1.39038300e-01 1.60338500e-01 3.39639100e+03 1.02149600e-02 8.13884500e-01 4.49816700e-01 7.14952900e+01 6.54084700e+02 8.15318000e+01 1.55885600e+03 8.81922100e+01 2.01864900e+03 9.37605900e+01 2.34839300e+03 2.32906800e+02 5.85638900e+03 4.57230900e-01 7.44299000e-01 4.74482700e-01 6.59291300e-01 4.72570900e-01 6.16791900e-01 4.67272900e-01 5.86770200e-01 2.95711800e-01 3.04656900e-01 2.71397000e+01 1.04391800e+02 3.00479200e+01 8.48111100e+00 3.98904500e+02 2.30849900e+01 1.15082500e+04 7.06893500e+02 8.48951100e-02 9.26576500e-01 5.53138300e+00 5.89176100e+00 1.19387200e+04 6.54285400e+00
6.61667200e-01 6.34065200e+03 2.22336000e-02 1.18580700e-01 1.04049900e+00 5.21138100e-02 3.06706600e+00 3.03307100e+00 9.75508400e-01 9.99065900e-01 2.15069400e+02 3.21401000e+01 1.02135600e+02 4.21971500e+01 5.08775000e+00 6.71173500e-01 7.99139500e-01 4.15211100e-01 1.53527600e+00 1.64199100e+00 8.72633400e-01 9.77456900e-01 9.18897500e-01 9.97580700e-01 1.00223900e+00 1.01205600e+00 9.98106300e-01 6.78448500e+01 6.92674700e-01 3.07325300e-01 1.41459500e-01 9.59729700e-02 8.04685100e-01 8.14450000e-01 4.46092700e-01 5.99136100e-01 9.76939100e-01 1.00079500e+02 2.39574500e+00 7.46612500e+00 2.07608900e+00 1.87059800e+00 1.19890400e+03 5.66765300e+03 2.53340500e+03 8.17879100e+02 2.30943000e+02 9.75508400e-01 2.45621600e-01 2.46948900e-01 2.61881500e+00 1.37960300e+01 1.08998900e+03 1.44797600e+02 1.04067900e+00 1.39137600e+01 1.05955100e+03 1.47512200e+02 1.40236400e-01 1.61007000e-01 3.35552600e+03 1.02559200e-02 8.21027400e-01 4.53509800e-01 7.30773700e+01 6.39302000e+02 8.31096800e+01 1.52569500e+03 8.97803600e+01 1.97705900e+03 9.53634400e+01 2.30111600e+03 2.35517200e+02 5.76217800e+03 4.50990000e-01 7.43986900e-01 4.70130900e-01 6.59940700e-01 4.69227300e-01 6.17782900e-01 4.64621500e-01 5.87950000e-01 2.96616000e-01 3.05980900e-01 2.43253700e+01 1.06243800e+02 2.99002800e+01 9.75375200e+00 3.95787100e+02 2.13965500e+01 1.15282900e+04 7.06641200e+02 6.99695900e-03 1.47275900e+00 3.83649000e+00 1.41185600e+01 1.19552300e+04 5.31624600e+00
9.47492100e-01 6.33310100e+03 2.23798700e-02 1.17569700e-01 1.04058300e+00 5.86374600e-02 2.99750100e+00 3.04031300e+00 9.71527000e-01 9.97308000e-01 2.49050700e+02 2.79794500e+01 8.31079000e+01 4.50865000e+01 3.29811300e+00 4.58972900e-01 8.40157500e-01 3.34596600e-01 3.76444300e+00 9.33597600e-01 1.03425400e+00 1.02535900e+00 9.82963000e-01 9.97685300e-01 1.00392900e+00 9.90259100e-01 9.86766000e-01 6.75408900e+01 6.91798100e-01 3.08201900e-01 1.40594700e-01 9.49589000e-02 8.04478200e-01 8.15401000e-01 4.46613600e-01 5.99408800e-01 9.78883200e-01 9.99429400e+01 2.41299200e+00 8.06732200e+00 2.09117800e+00 1.85977000e+00 1.20541700e+03 5.67459700e+03 2.52315200e+03 8.15419200e+02 2.30854800e+02 9.71527000e-01 2.44748200e-01 2.46072400e-01 2.56687700e+00 1.38469500e+01 1.08964800e+03 1.45300600e+02 1.04080000e+00 1.39604700e+01 1.05974200e+03 1.47974000e+02 1.40134100e-01 1.60585400e-01 3.36626900e+03 1.02407300e-02 8.19494300e-01 4.52599900e-01 7.27654100e+01 6.42105800e+02 8.27776500e+01 1.53217600e+03 8.94336600e+01 1.98532000e+03 9.50038500e+01 2.31061900e+03 2.34768300e+02 5.78354500e+03 4.51439100e-01 7.43710600e-01 4.70383800e-01 6.59602300e-01 4.69379200e-01 6.17427300e-01 4.64705500e-01 5.87587700e-01 2.96406600e-01 3.05721200e-01 2.46193700e+01 1.03529200e+02 2.76994600e+01 9.01547100e+00 3.96877900e+02 2.20841500e+01 1.15189000e+04 7.06661400e+02 1.24658800e-02 1.40705700e+00 4.02242100e+00 7.21977800e+00 1.19468800e+04 5.44194400e+00
1.15803800e+00 6.32871800e+03 2.25111100e-02 1.18907300e-01 1.04061200e+00 6.66859400e-02 3.07294200e+00 3.06254600e+00 9.70295600e-01 1.00008900e+00 2.60721700e+02 3.14389200e+01 1.04855300e+02 3.38131200e+01 1.24585200e+00 4.89208200e-01 4.50063600e-01 9.91331800e-03 8.19034700e+00 1.31570800e+00 9.29874600e-01 9.92193400e-01 9.29978300e-01 9.98384700e-01 1.00062100e+00 1.00028000e+00 9.83725200e-01 6.80645800e+01 6.93351900e-01 3.06648100e-01 1.42063500e-01 9.66949300e-02 8.14856800e-01 8.23836100e-01 4.51233600e-01 6.06375100e-01 9.87690100e-01 1.00115200e+02 2.44159400e+00 8.84857200e+00 2.13819200e+00 1.87121600e+00 1.21910600e+03 5.71497600e+03 2.52814800e+03 8.14854700e+02 2.30470000e+02 9.70295600e-01 2.45808200e-01 2.47136200e-01 2.56918200e+00 1.37600300e+01 1.08967300e+03 1.44471200e+02 1.04076000e+00 1.38813200e+01 1.06020000e+03 1.47088500e+02 1.40873100e-01 1.60653800e-01 3.36727500e+03 1.02958700e-02 8.19753400e-01 4.52638600e-01 7.33028800e+01 6.37286300e+02 8.33481700e+01 1.52104800e+03 9.00285200e+01 1.97114500e+03 9.56201800e+01 2.29432000e+03 2.36040800e+02 5.74705500e+03 4.56243400e-01 7.53458900e-01 4.75778200e-01 6.68416800e-01 4.74943700e-01 6.25748100e-01 4.70334700e-01 5.95549700e-01 3.00474200e-01 3.09992400e-01 2.87895100e+01 1.05979400e+02 3.03199300e+01 8.64904900e+00 4.00222200e+02 2.26257500e+01 1.15097800e+04 7.06626500e+02 5.97304800e-03 1.47275900e+00 3.85186000e+00 4.20306600e+00 1.19412800e+04 5.33059200e+00
7.31185000e-01 6.33858900e+03 2.21974700e-02 1.21382400e-01 1.04077300e+00 5.31808000e-02 3.12801800e+00 3.04732100e+00 9.72959600e-01 1.00291700e+00 2.20083000e+02 2.19732600e+01 9.96404700e+01 3.12228400e+01 2.68474200e+00 5.33973900e-01 3.96109300e-01 7.09367300e-02 8.15085100e+00 1.02213500e+00 9.68430100e-01 1.08586300e+00 1.05940700e+00 9.95747900e-01 1.00219400e+00 9.92505800e-01 9.91146600e-01 6.76287800e+01 6.84661100e-01 3.15338900e-01 1.44225000e-01 9.75376400e-02 8.17596700e-01 8.38237900e-01 4.59121800e-01 6.12679800e-01 9.94199100e-01 9.90836200e+01 2.43442500e+00 7.63702400e+00 2.10588500e+00 1.89340000e+00 1.21453800e+03 5.69565700e+03 2.54922400e+03 8.20853600e+02 2.31554200e+02 9.72959600e-01 2.46417300e-01 2.47747600e-01 2.64703200e+00 1.37402200e+01 1.09034000e+03 1.43801500e+02 1.04092200e+00 1.38148200e+01 1.05970400e+03 1.46511000e+02 1.41032100e-01 1.61245100e-01 3.39374900e+03 1.04149400e-02 8.14282000e-01 4.50023100e-01 7.29767600e+01 6.40762800e+02 8.32054800e+01 1.52725100e+03 8.99943700e+01 1.97781600e+03 9.56706000e+01 2.30096700e+03 2.37556700e+02 5.73975100e+03 4.63422800e-01 7.55121100e-01 4.81053800e-01 6.68935300e-01 4.79182400e-01 6.25837300e-01 4.73854100e-01 5.95389200e-01 3.00036700e-01 3.09162600e-01 2.54626900e+01 1.03052900e+02 2.84948900e+01 9.32284600e+00 3.95926100e+02 2.18515100e+01 1.15279500e+04 7.06872300e+02 8.21486300e-02 9.26576500e-01 5.54722100e+00 8.69528500e+00 1.19550500e+04 6.55594600e+00
7.04377700e-01 6.33960200e+03 2.19506000e-02 1.12249000e-01 1.04159500e+00 4.99426300e-02 2.61337600e+00 3.01376700e+00 9.57761500e-01 1.00069700e+00 3.05361400e+02 3.61578600e+01 8.98660500e+01 4.53357200e+01 4.40964200e+00 8.91330300e-01 3.12924400e-01 4.95420700e-01 1.09273900e+00 1.12203900e+00 7.54904900e-01 9.08752800e-01 1.08872300e+00 9.99400300e-01 1.00271200e+00 9.96885900e-01 9.87032600e-01 6.48931900e+01 6.79789300e-01 3.20210700e-01 1.34844700e-01 8.75050500e-02 7.86072300e-01 8.12119100e-01 4.44816000e-01 5.91318500e-01 9.75804700e-01 9.86305400e+01 2.42362700e+00 7.14569100e+00 2.03639600e+00 1.84281900e+00 1.22500100e+03 5.69088500e+03 2.53396500e+03 8.22573100e+02 2.34196500e+02 9.57761500e-01 2.39239900e-01 2.40543700e-01 2.51211600e+00 1.42580500e+01 1.08932500e+03 1.49113300e+02 1.04210400e+00 1.43088700e+01 1.05802500e+03 1.51989000e+02 1.37213500e-01 1.60010200e-01 3.40469100e+03 1.00852100e-02 8.11870800e-01 4.48953000e-01 7.00977300e+01 6.67448800e+02 8.00457600e+01 1.58963500e+03 8.66410700e+01 2.05781000e+03 9.21520500e+01 2.39338200e+03 2.29557600e+02 5.95657200e+03 4.48634200e-01 7.25548400e-01 4.64524700e-01 6.42242400e-01 4.62174500e-01 6.00661400e-01 4.56678700e-01 5.71313700e-01 2.87792100e-01 2.96306400e-01 2.45924700e+01 1.01967700e+02 2.97696800e+01 9.20677600e+00 3.95654400e+02 2.32944100e+01 1.15316900e+04 7.07063100e+02 1.42567400e-01 7.19420900e-01 6.49717600e+00 4.93262100e+00 1.19598500e+04 7.35916400e+00
7.18607000e-01 6.33325100e+03 2.23982900e-02 1.20028400e-01 1.04051500e+00 5.16802900e-02 3.11327000e+00 3.03303300e+00 9.72639200e-01 9.97909300e-01 1.89611800e+02 3.58099300e+01 9.28408000e+01 4.72817600e+01 3.54303900e+00 8.64821600e-01 2.00284400e-01 3.42990800e-01 2.45986100e+00 8.60080200e-01 1.00185600e+00 8.92131000e-01 1.30893600e+00 9.95793800e-01 1.00248500e+00 9.99248100e-01 9.97131400e-01 6.80133100e+01 6.90709600e-01 3.09290400e-01 1.43071900e-01 9.73079100e-02 8.06613300e-01 8.19007700e-01 4.48589000e-01 6.01529600e-01 9.78066600e-01 9.97870300e+01 2.40624400e+00 7.41119400e+00 2.07601000e+00 1.87214900e+00 1.20607100e+03 5.67895200e+03 2.52626400e+03 8.14205000e+02 2.29766400e+02 9.72639200e-01 2.46302400e-01 2.47632300e-01 2.60344300e+00 1.37370600e+01 1.08995100e+03 1.44067900e+02 1.04066000e+00 1.38438900e+01 1.06004700e+03 1.46716900e+02 1.41027000e-01 1.60912300e-01 3.37309100e+03 1.03414200e-02 8.18348500e-01 4.51989600e-01 7.32934100e+01 6.37557900e+02 8.34068200e+01 1.52106500e+03 9.01284400e+01 1.97075300e+03 9.57527400e+01 2.29352500e+03 2.36793400e+02 5.73776800e+03 4.53319400e-01 7.45575100e-01 4.72070500e-01 6.61135000e-01 4.70934900e-01 6.18811400e-01 4.66161300e-01 5.88873500e-01 2.96994500e-01 3.06289700e-01 2.70433300e+01 1.06058300e+02 3.24215400e+01 9.54165300e+00 3.95729700e+02 2.19649300e+01 1.15168900e+04 7.06688200e+02 2.05879900e-02 1.34256300e+00 4.25676400e+00 1.00632400e+01 1.19441300e+04 5.61991500e+00
8.60820100e-01 6.33034400e+03 2.25295300e-02 1.21144700e-01 1.04069600e+00 5.37056200e-02 3.14508200e+00 3.04284400e+00 9.72393800e-01 9.99769100e-01 2.63029000e+02 3.31469700e+01 9.79754900e+01 4.08606100e+01 3.38837600e+00 5.11773700e-01 8.80007700e-01 2.41053800e-01 3.91622000e+00 1.21639200e+00 1.10426400e+00 8.90840400e-01 7.02822300e-01 9.99080800e-01 9.99265500e-01 9.92706300e-01 9.88681100e-01 6.81597900e+01 6.89352400e-01 3.10647600e-01 1.44319300e-01 9.83677600e-02 8.12795500e-01 8.27093700e-01 4.53017900e-01 6.06803800e-01 9.84503300e-01 9.95966000e+01 2.42255800e+00 7.61566200e+00 2.09647800e+00 1.88296500e+00 1.21347300e+03 5.70589900e+03 2.53526100e+03 8.16950400e+02 2.30717300e+02 9.72393800e-01 2.46771500e-01 2.48103000e-01 2.59059900e+00 1.36906900e+01 1.08991400e+03 1.43527200e+02 1.04080300e+00 1.37900400e+01 1.06046700e+03 1.46122200e+02 1.41638000e-01 1.60843900e-01 3.38830000e+03 1.04099900e-02 8.16133100e-01 4.50740700e-01 7.34736200e+01 6.36091800e+02 8.36478400e+01 1.51724200e+03 9.04077800e+01 1.96558700e+03 9.60631700e+01 2.28733800e+03 2.37780300e+02 5.71855500e+03 4.57668700e-01 7.51152900e-01 4.76256500e-01 6.65930700e-01 4.74950800e-01 6.23237600e-01 4.70030600e-01 5.93046700e-01 2.99037800e-01 3.08340100e-01 2.75287000e+01 1.03597800e+02 2.94934100e+01 9.14436800e+00 3.95933600e+02 2.21456000e+01 1.15161400e+04 7.06724400e+02 3.34069000e-02 1.21731700e+00 4.59186200e+00 4.75904900e+00 1.19433600e+04 5.84258600e+00
9.52733500e-01 6.32858700e+03 2.24888100e-02 1.20251200e-01 1.04105500e+00 5.63776900e-02 3.09087800e+00 3.05198000e+00 9.71453600e-01 1.00159300e+00 2.50215700e+02 4.88729300e+01 1.12285800e+02 3.49719100e+01 3.32411900e+00 7.74772400e-01 1.97686700e-01 8.45045200e-01 8.34297500e-01 1.21330300e+00 8.80223000e-01 1.03356300e+00 1.25785400e+00 9.98777000e-01 9.99963400e-01 9.93485800e-01 9.97151400e-01 6.79327400e+01 6.89296600e-01 3.10703400e-01 1.43385200e-01 9.74054700e-02 8.15454900e-01 8.29874300e-01 4.54540900e-01 6.08816600e-01 9.89373800e-01 9.96356400e+01 2.43548000e+00 7.87506100e+00 2.11571900e+00 1.89011800e+00 1.22167800e+03 5.73611200e+03 2.54998000e+03 8.22474900e+02 2.32646300e+02 9.71453600e-01 2.46038900e-01 2.47367700e-01 2.57928600e+00 1.37359800e+01 1.08983600e+03 1.44053000e+02 1.04120100e+00 1.38352800e+01 1.06027600e+03 1.46668100e+02 1.41232300e-01 1.60778500e-01 3.39061700e+03 1.03796400e-02 8.15843000e-01 4.50627000e-01 7.32275100e+01 6.38235200e+02 8.33697100e+01 1.52233600e+03 9.01082500e+01 1.97217300e+03 9.57456800e+01 2.29499300e+03 2.37006900e+02 5.73747900e+03 4.59222500e-01 7.53603700e-01 4.77854700e-01 6.68096100e-01 4.76536000e-01 6.25261300e-01 4.71593800e-01 5.94970600e-01 3.00011900e-01 3.09336900e-01 2.76664900e+01 1.04410100e+02 2.99688300e+01 8.93992700e+00 3.96441400e+02 2.24098300e+01 1.15116000e+04 7.06725900e+02 3.05138300e-02 1.21731700e+00 4.46786500e+00 5.33781700e+00 1.19394000e+04 5.71569600e+00
1.00256500e+00 6.32893900e+03 2.24372300e-02 1.17143800e-01 1.04109100e+00 5.58773900e-02 2.92609700e+00 3.03772300e+00 9.65059500e-01 9.99791000e-01 2.13800000e+02 3.24866000e+01 1.13062200e+02 3.11052000e+01 1.71441400e+00 6.69685500e-01 9.17795400e-02 3.58880200e-01 5.63554400e+00 1.06963000e+00 9.33766400e-01 1.09383500e+00 1.17563200e+00 9.97364500e-01 1.00396600e+00 9.92729100e-01 9.86744800e-01 6.70684800e+01 6.88260200e-01 3.11739800e-01 1.40226200e-01 9.40475900e-02 8.02417500e-01 8.17967200e-01 4.48019100e-01 5.99581800e-01 9.79808300e-01 9.95240200e+01 2.42916300e+00 7.76214600e+00 2.08577100e+00 1.86522800e+00 1.22403700e+03 5.72251800e+03 2.53213500e+03 8.18150900e+02 2.31949800e+02 9.65059500e-01 2.43803800e-01 2.45124600e-01 2.53178900e+00 1.38999800e+01 1.08946800e+03 1.45733000e+02 1.04133900e+00 1.39947800e+01 1.05978000e+03 1.48391600e+02 1.40018200e-01 1.60324300e-01 3.39012300e+03 1.02634000e-02 8.15679700e-01 4.50576900e-01 7.23126800e+01 6.46385300e+02 8.23551500e+01 1.54152300e+03 8.90258600e+01 1.99686600e+03 9.46058000e+01 2.32359300e+03 2.34349200e+02 5.80609500e+03 4.52561400e-01 7.41456300e-01 4.70669200e-01 6.57219400e-01 4.69252400e-01 6.15037800e-01 4.64307900e-01 5.85215400e-01 2.95075400e-01 3.04189100e-01 2.59949000e+01 1.06745900e+02 2.97273200e+01 8.80825100e+00 3.96297800e+02 2.30566700e+01 1.15095200e+04 7.06755600e+02 3.88696700e-02 1.15641700e+00 4.63679700e+00 7.60879900e+00 1.19376800e+04 5.83208300e+00
6.86455400e-01 6.33118100e+03 2.23105200e-02 1.17942600e-01 1.04087400e+00 5.39752700e-02 2.95714500e+00 3.02942100e+00 9.64388700e-01 9.98100500e-01 2.33082300e+02 3.09935000e+01 8.66978200e+01 4.64243100e+01 3.60226300e+00 7.38705500e-01 3.11260400e-01 1.85895300e-01 5.44819100e+00 1.24092900e+00 9.86386000e-01 9.99589500e-01 1.24733400e+00 9.97411700e-01 1.00416600e+00 1.00242800e+00 9.89348700e-01 6.69769300e+01 6.85909200e-01 3.14090800e-01 1.40898300e-01 9.43693300e-02 8.00987300e-01 8.19582300e-01 4.48903700e-01 5.99638400e-01 9.78730300e-01 9.92308800e+01 2.42434700e+00 7.61566200e+00 2.06852500e+00 1.85685700e+00 1.21740800e+03 5.67831200e+03 2.51576000e+03 8.11384900e+02 2.29499900e+02 9.64388700e-01 2.44174300e-01 2.45496300e-01 2.56589100e+00 1.38896900e+01 1.08972700e+03 1.45461400e+02 1.04111900e+00 1.39716400e+01 1.05958900e+03 1.48156800e+02 1.40045100e-01 1.60558900e-01 3.39207700e+03 1.02910400e-02 8.14835800e-01 4.50226400e-01 7.22508900e+01 6.47110800e+02 8.23461200e+01 1.54267900e+03 8.90482700e+01 1.99798900e+03 9.46528300e+01 2.32459300e+03 2.34837800e+02 5.80205600e+03 4.53252200e-01 7.39903300e-01 4.70801800e-01 6.55589100e-01 4.69112400e-01 6.13407100e-01 4.63989800e-01 5.83598700e-01 2.94165000e-01 3.03151400e-01 2.84495900e+01 1.07428500e+02 3.24961400e+01 9.49193600e+00 3.96037100e+02 2.29603800e+01 1.15105100e+04 7.06829500e+02 6.62676200e-02 1.03858200e+00 5.23035700e+00 1.02002100e+01 1.19390000e+04 6.33520600e+00
1.83597000e-01 6.33288100e+03 2.22321200e-02 1.13706500e-01 1.04143200e+00 4.56300900e-02 2.77319200e+00 3.00679700e+00 9.58313900e-01 9.99452500e-01 2.37590400e+02 2.71807900e+01 9.59844000e+01 4.39722800e+01 7.98661800e+00 6.56778500e-01 8.52441900e-01 2.26916500e-01 2.65317400e+00 1.26651300e+00 9.72377300e-01 1.08711200e+00 1.09145800e+00 9.98811800e-01 1.00446100e+00 9.97582100e-01 9.85585200e-01 6.64386000e+01 6.90573000e-01 3.09427000e-01 1.36583800e-01 9.07443500e-02 7.82227300e-01 7.94422300e-01 4.35123000e-01 5.83408200e-01 9.59671800e-01 9.99082900e+01 2.39845100e+00 6.67877200e+00 2.02225200e+00 1.84587100e+00 1.22891000e+03 5.72740100e+03 2.52311500e+03 8.15402700e+02 2.31070900e+02 9.58313900e-01 2.41612700e-01 2.42925400e-01 2.51654100e+00 1.40611600e+01 1.08926700e+03 1.47619900e+02 1.04180500e+00 1.41696400e+01 1.05894100e+03 1.50376900e+02 1.38417300e-01 1.60177200e-01 3.37199700e+03 1.01015100e-02 8.18525700e-01 4.52220400e-01 7.15963900e+01 6.52681300e+02 8.14797200e+01 1.55710700e+03 8.80481800e+01 2.01742500e+03 9.35442200e+01 2.34782000e+03 2.31356500e+02 5.87315400e+03 4.39750900e-01 7.23025300e-01 4.57909100e-01 6.41130800e-01 4.56793400e-01 6.00085300e-01 4.52154000e-01 5.71052100e-01 2.88046200e-01 2.97029100e-01 2.69778700e+01 1.08412300e+02 3.22031700e+01 1.22673200e+01 3.96025700e+02 2.35869300e+01 1.15098300e+04 7.06691700e+02 1.36603100e-02 1.40705700e+00 3.93021800e+00 1.20132400e+01 1.19417100e+04 5.35093500e+00
2.82384400e-01 6.33785000e+03 2.22473300e-02 1.14292800e-01 1.04135900e+00 4.55037300e-02 2.81569600e+00 3.00783400e+00 9.59412000e-01 9.97708800e-01 1.97494900e+02 2.29833800e+01 1.15910200e+02 2.88382800e+01 9.54525800e+00 7.01883100e-01 9.14559200e-01 4.76228700e-01 4.15837700e+00 1.12191000e+00 1.03658700e+00 1.07783100e+00 1.02372000e+00 9.97872000e-01 1.00014600e+00 9.91996300e-01 9.88412400e-01 6.67205800e+01 6.91831700e-01 3.08168300e-01 1.37185300e-01 9.15308400e-02 7.83529800e-01 7.94125000e-01 4.34960200e-01 5.83784400e-01 9.59236200e-01 1.00059800e+02 2.39594300e+00 6.67572000e+00 2.02435100e+00 1.84825400e+00 1.22762000e+03 5.72660400e+03 2.52232000e+03 8.14427600e+02 2.30543100e+02 9.59412000e-01 2.42209500e-01 2.43524300e-01 2.52854600e+00 1.40176500e+01 1.08934100e+03 1.47222500e+02 1.04170900e+00 1.41327900e+01 1.05905500e+03 1.49968400e+02 1.38676900e-01 1.60294200e-01 3.36697600e+03 1.01162900e-02 8.19460400e-01 4.52696300e-01 7.18810900e+01 6.50002800e+02 8.17707700e+01 1.55102800e+03 8.83453500e+01 2.00975300e+03 9.38474100e+01 2.33906000e+03 2.31905000e+02 5.85483200e+03 4.39681600e-01 7.24351000e-01 4.58144600e-01 6.42440100e-01 4.57171900e-01 6.01366300e-01 4.52623600e-01 5.72305500e-01 2.88722000e-01 2.97784000e-01 2.51994500e+01 1.04186800e+02 2.86129600e+01 1.14373800e+01 3.96037900e+02 2.37204400e+01 1.15186000e+04 7.06660600e+02 7.33950600e-03 1.47275900e+00 3.76342600e+00 1.40016600e+01 1.19497900e+04 5.24352500e+00
3.08870200e-01 6.32807200e+03 2.22300100e-02 1.16306600e-01 1.04124200e+00 4.79246400e-02 2.91960500e+00 3.01995100e+00 9.63338700e-01 1.00095300e+00 2.36197700e+02 3.19332500e+01 8.89041100e+01 4.13498700e+01 4.48114900e+00 6.07980500e-01 3.69269800e-01 1.20315700e-01 6.68531400e+00 1.20067100e+00 8.28622600e-01 1.04992000e+00 1.26593700e+00 9.98240100e-01 1.00291700e+00 9.95549800e-01 9.87474500e-01 6.71746800e+01 6.91559600e-01 3.08440400e-01 1.39181800e-01 9.34949400e-02 7.93191000e-01 8.04271600e-01 4.40517700e-01 5.91113100e-01 9.67776200e-01 1.00013900e+02 2.40492500e+00 6.97784400e+00 2.04902800e+00 1.86174900e+00 1.22477500e+03 5.72242500e+03 2.52965300e+03 8.15588100e+02 2.30466800e+02 9.63338700e-01 2.43629900e-01 2.44949900e-01 2.56807300e+00 1.39194300e+01 1.08964800e+03 1.46150100e+02 1.04152800e+00 1.40322700e+01 1.05924600e+03 1.48886200e+02 1.39373000e-01 1.60636100e-01 3.36773200e+03 1.01911200e-02 8.19269700e-01 4.52609700e-01 7.23747400e+01 6.45589200e+02 8.23394600e+01 1.54043000e+03 8.89635200e+01 1.99597700e+03 9.45067900e+01 2.32299100e+03 2.33578100e+02 5.81384200e+03 4.45264500e-01 7.33254000e-01 4.63892800e-01 6.50304400e-01 4.62875400e-01 6.08714200e-01 4.58248800e-01 5.79289800e-01 2.92220400e-01 3.01388300e-01 3.01197300e+01 1.05768200e+02 3.19022500e+01 1.12515600e+01 3.95777900e+02 2.29252700e+01 1.15050500e+04 7.06667100e+02 9.07743400e-03 1.47275900e+00 3.82489700e+00 9.16667900e+00 1.19350000e+04 5.30673400e+00
4.40909000e-01 6.33124400e+03 2.21858200e-02 1.16735700e-01 1.04119000e+00 4.62027500e-02 2.93353500e+00 3.01554500e+00 9.62900700e-01 9.98149500e-01 2.75471000e+02 4.20560700e+01 9.78574500e+01 3.63705700e+01 1.11599700e+00 5.23961700e-01 4.61150200e-01 3.28091100e-01 6.49918400e+00 1.14453800e+00 8.92216400e-01 9.49442800e-01 9.15676200e-01 9.98378500e-01 9.98897900e-01 9.89605500e-01 9.93077100e-01 6.71307400e+01 6.90301700e-01 3.09698300e-01 1.39566700e-01 9.36921300e-02 7.92498500e-01 8.05206500e-01 4.41029800e-01 5.91198300e-01 9.67247800e-01 9.98559500e+01 2.40278100e+00 6.80999800e+00 2.04002000e+00 1.85995800e+00 1.22318200e+03 5.70874900e+03 2.52476500e+03 8.13382300e+02 2.29624100e+02 9.62900700e-01 2.43801400e-01 2.45122100e-01 2.58130700e+00 1.39126300e+01 1.08975300e+03 1.45998500e+02 1.04146900e+00 1.40185200e+01 1.05917000e+03 1.48748500e+02 1.39428000e-01 1.60730300e-01 3.37067700e+03 1.02097300e-02 8.18579200e-01 4.52281500e-01 7.23478200e+01 6.45921400e+02 8.23416800e+01 1.54091600e+03 8.89832100e+01 1.99640600e+03 9.45402000e+01 2.32332500e+03 2.33861400e+02 5.81114800e+03 4.45672200e-01 7.32491000e-01 4.64007700e-01 6.49492400e-01 4.62845500e-01 6.07897900e-01 4.58123600e-01 5.78478200e-01 2.91759800e-01 3.00859600e-01 3.10724400e+01 1.02864600e+02 3.01709600e+01 1.05080700e+01 3.95934600e+02 2.32542400e+01 1.15176000e+04 7.06698800e+02 1.62632800e-02 1.34256300e+00 4.01517100e+00 3.11729400e+00 1.19473000e+04 5.37399800e+00
7.13285900e-01 6.32992600e+03 2.25403000e-02 1.15907400e-01 1.04106800e+00 5.11485200e-02 2.93009800e+00 3.03295100e+00 9.71443000e-01 1.00248000e+00 2.03351300e+02 3.21495900e+01 1.26317400e+02 2.78381800e+01 5.64749000e+00 8.46287800e-01 1.19702400e-02 4.12169200e-01 1.67547100e+00 1.01124100e+00 7.03654600e-01 1.04054900e+00 1.02089000e+00 9.98315300e-01 1.00147500e+00 1.00284200e+00 9.90730900e-01 6.76361100e+01 6.95948200e-01 3.04051800e-01 1.39092900e-01 9.40770000e-02 7.97555700e-01 8.02923600e-01 4.39779400e-01 5.92240300e-01 9.69776700e-01 1.00501100e+02 2.39707700e+00 7.24334700e+00 2.07584000e+00 1.87398800e+00 1.21645000e+03 5.75510300e+03 2.55279700e+03 8.27316100e+02 2.34851000e+02 9.71443000e-01 2.43895100e-01 2.45216200e-01 2.51518100e+00 1.38803600e+01 1.08923900e+03 1.45960800e+02 1.04130600e+00 1.40170900e+01 1.05993300e+03 1.48590900e+02 1.39872200e-01 1.60236200e-01 3.36075300e+03 1.01772900e-02 8.21271900e-01 4.53415900e-01 7.27977800e+01 6.41519900e+02 8.27056000e+01 1.53178200e+03 8.92984500e+01 1.98546800e+03 9.48187200e+01 2.31133000e+03 2.33642300e+02 5.79699500e+03 4.44905600e-01 7.37719700e-01 4.64598800e-01 6.54739900e-01 4.64086100e-01 6.13063800e-01 4.59782900e-01 5.83551800e-01 2.94542400e-01 3.03979600e-01 2.34889400e+01 1.04830200e+02 2.85269100e+01 9.66766700e+00 3.95664300e+02 2.18814600e+01 1.15159300e+04 7.06577100e+02 4.93426000e-06 1.74777200e+00 3.49772800e+00 4.88589300e+00 1.19431400e+04 5.24550400e+00
2.60512200e-01 6.33484800e+03 2.23078100e-02 1.14124200e-01 1.04129900e+00 5.05329800e-02 2.82383700e+00 3.01827200e+00 9.68963800e-01 9.99813700e-01 2.12086700e+02 4.44467500e+01 1.21232100e+02 2.51069600e+01 3.63687300e+00 6.29809000e-01 2.90430600e-01 6.04077000e-01 1.70766500e+00 9.59481400e-01 1.09540100e+00 1.26125900e+00 1.42223700e+00 9.96058100e-01 1.00096100e+00 9.98346000e-01 9.91639400e-01 6.69073500e+01 6.93791300e-01 3.06208700e-01 1.37077200e-01 9.17147100e-02 7.89174500e-01 7.97298900e-01 4.36698600e-01 5.87053200e-01 9.64797400e-01 1.00297400e+02 2.38617400e+00 7.18841600e+00 2.04559100e+00 1.84895600e+00 1.20571800e+03 5.68813600e+03 2.52991700e+03 8.20855100e+02 2.33141700e+02 9.68963800e-01 2.42348100e-01 2.43663500e-01 2.52009400e+00 1.40036700e+01 1.08926000e+03 1.47177700e+02 1.04163400e+00 1.41295100e+01 1.05917000e+03 1.49904900e+02 1.38757500e-01 1.60238400e-01 3.36051700e+03 1.01025900e-02 8.20762800e-01 4.53329000e-01 7.20494500e+01 6.48340700e+02 8.19115000e+01 1.54754100e+03 8.84706500e+01 2.00554700e+03 9.39611800e+01 2.33442100e+03 2.31874800e+02 5.84875900e+03 4.41612600e-01 7.29759400e-01 4.60634000e-01 6.47446200e-01 4.59879400e-01 6.06139400e-01 4.55452100e-01 5.76901900e-01 2.91117500e-01 3.00340400e-01 2.80565300e+01 1.04437200e+02 2.92764600e+01 1.16418800e+01 3.95678500e+02 2.17839100e+01 1.15176300e+04 7.06617300e+02 1.42156500e-03 1.60798500e+00 3.56502800e+00 1.11675500e+01 1.19467400e+04 5.17443400e+00
7.42541300e-01 6.33082400e+03 2.25934500e-02 1.18759700e-01 1.04075600e+00 5.46280600e-02 3.05304200e+00 3.03944000e+00 9.75894300e-01 1.00040200e+00 2.05593000e+02 4.13607800e+01 1.25188800e+02 3.00701500e+01 4.78957300e+00 6.78194100e-01 9.00614200e-01 9.42171200e-01 5.70177700e-01 9.88108200e-01 8.76807000e-01 1.07613800e+00 8.52319300e-01 9.97201500e-01 1.00231900e+00 9.90870700e-01 9.83878400e-01 6.80023200e+01 6.92931300e-01 3.07068700e-01 1.41998200e-01 9.65621000e-02 8.07106900e-01 8.16560100e-01 4.47248400e-01 6.00813800e-01 9.78744200e-01 1.00056800e+02 2.40355400e+00 7.64617900e+00 2.08935500e+00 1.87310800e+00 1.20212700e+03 5.69557200e+03 2.53790600e+03 8.21702800e+02 2.32939000e+02 9.75894300e-01 2.45571800e-01 2.46899000e-01 2.54793300e+00 1.37674500e+01 1.08954100e+03 1.44545900e+02 1.04090700e+00 1.38865300e+01 1.06035200e+03 1.47137300e+02 1.40961900e-01 1.60492400e-01 3.37470600e+03 1.03048400e-02 8.18732500e-01 4.52047600e-01 7.32416100e+01 6.37850600e+02 8.32899400e+01 1.52229100e+03 8.99716500e+01 1.97268700e+03 9.55641300e+01 2.29605900e+03 2.35972500e+02 5.75020500e+03 4.52185000e-01 7.46249900e-01 4.71437800e-01 6.61974300e-01 4.70560200e-01 6.19697200e-01 4.65960200e-01 5.89778600e-01 2.97545200e-01 3.06951300e-01 2.39919800e+01 1.06127200e+02 2.76483100e+01 9.52881000e+00 3.95954500e+02 2.13671900e+01 1.15173200e+04 7.06635600e+02 8.04427700e-03 1.47275900e+00 3.92411900e+00 5.43719300e+00 1.19441700e+04 5.40492200e+00
8.57545700e-01 6.32748900e+03 2.25454300e-02 1.17633500e-01 1.04092600e+00 5.36311900e-02 2.95788600e+00 3.03636100e+00 9.70817500e-01 1.00122100e+00 2.10849600e+02 3.67264000e+01 1.17485200e+02 3.38126600e+01 5.20553000e+00 6.63514500e-01 7.11753500e-01 5.45691100e-01 2.72726800e-01 1.10087300e+00 8.64929900e-01 1.00072100e+00 9.49671400e-01 9.97304100e-01 1.00017800e+00 9.91723200e-01 9.82211400e-01 6.73028600e+01 6.89107700e-01 3.10892300e-01 1.40824100e-01 9.47786400e-02 8.03706800e-01 8.18167100e-01 4.48128600e-01 6.00136600e-01 9.79672400e-01 9.95913900e+01 2.41505500e+00 7.52410900e+00 2.08293000e+00 1.87107500e+00 1.21271000e+03 5.71477500e+03 2.54097000e+03 8.23143400e+02 2.33708200e+02 9.70817500e-01 2.44274200e-01 2.45596600e-01 2.52380500e+00 1.38621800e+01 1.08941000e+03 1.45357400e+02 1.04114400e+00 1.39613200e+01 1.06008500e+03 1.47975000e+02 1.40412400e-01 1.60257300e-01 3.38994100e+03 1.02850800e-02 8.15910800e-01 4.50613800e-01 7.25515900e+01 6.44195000e+02 8.26051100e+01 1.53650500e+03 8.92844400e+01 1.99050000e+03 9.48722000e+01 2.31629600e+03 2.34874600e+02 5.79021000e+03 4.52742500e-01 7.42730500e-01 4.71067500e-01 6.58439600e-01 4.69747100e-01 6.16217200e-01 4.64862000e-01 5.86360700e-01 2.95681200e-01 3.04853300e-01 2.40407200e+01 1.04451400e+02 2.76148100e+01 9.14517000e+00 3.95876600e+02 2.19424200e+01 1.15115700e+04 7.06731200e+02 3.38979800e-02 1.21731700e+00 4.57236600e+00 3.88915500e+00 1.19385300e+04 5.82358200e+00
9.74309500e-01 6.33481800e+03 2.26514000e-02 1.20618800e-01 1.04075100e+00 6.65607800e-02 3.16308100e+00 3.07200300e+00 9.76130200e-01 1.00176400e+00 2.32547100e+02 2.66094800e+01 1.09892900e+02 2.53304300e+01 4.30247300e+00 7.82261100e-01 2.89430400e-01 6.81760300e-01 8.33030200e+00 9.66172500e-01 8.62879900e-01 1.11054100e+00 9.72449800e-01 9.99074200e-01 1.00025100e+00 9.90458100e-01 9.88642900e-01 6.86761500e+01 6.94862800e-01 3.05137200e-01 1.43915300e-01 9.88354900e-02 8.23225700e-01 8.30244300e-01 4.54743500e-01 6.11846900e-01 9.93381300e-01 1.00291200e+02 2.44151300e+00 8.84552000e+00 2.15850900e+00 1.88947000e+00 1.21569600e+03 5.73377900e+03 2.54655400e+03 8.21553400e+02 2.32471100e+02 9.76130200e-01 2.47054000e-01 2.48386600e-01 2.57499600e+00 1.36565000e+01 1.08973800e+03 1.43479900e+02 1.04082800e+00 1.37851700e+01 1.06073400e+03 1.46035000e+02 1.41755400e-01 1.60767500e-01 3.37072900e+03 1.03683600e-02 8.19699100e-01 4.52510600e-01 7.39352700e+01 6.31727900e+02 8.40270300e+01 1.50814100e+03 9.07406000e+01 1.95465400e+03 9.63611700e+01 2.27531900e+03 2.37622800e+02 5.70363600e+03 4.59921400e-01 7.61348300e-01 4.79995600e-01 6.75581800e-01 4.79332400e-01 6.32524700e-01 4.74799300e-01 6.02041800e-01 3.03797100e-01 3.13497700e-01 2.54836000e+01 1.02707500e+02 2.98724400e+01 9.02467400e+00 3.99915400e+02 2.19680300e+01 1.15210900e+04 7.06596400e+02 1.76199200e-03 1.60798500e+00 3.70272700e+00 5.72937500e+00 1.19520000e+04 5.31247400e+00
7.51290800e-01 6.33450300e+03 2.26275000e-02 1.21280200e-01 1.04070200e+00 5.46062000e-02 3.18504900e+00 3.04576000e+00 9.71389900e-01 1.00142800e+00 2.77422000e+02 3.40686800e+01 9.76006000e+01 4.28898900e+01 4.41498500e+00 5.81036600e-01 8.46278900e-01 2.32574600e-01 7.15283700e+00 9.99118500e-01 1.08144700e+00 9.10056700e-01 6.99331400e-01 9.99128500e-01 1.00134600e+00 9.97058100e-01 9.91074100e-01 6.86615000e+01 6.93380300e-01 3.06619700e-01 1.44552800e-01 9.92521300e-02 8.12618600e-01 8.21535100e-01 4.49973300e-01 6.04695600e-01 9.80686400e-01 1.00096800e+02 2.42181100e+00 7.69195600e+00 2.10260000e+00 1.88506500e+00 1.21982500e+03 5.73355500e+03 2.53454800e+03 8.15327700e+02 2.29964500e+02 9.71389900e-01 2.47334100e-01 2.48667600e-01 2.58671300e+00 1.36408600e+01 1.08984200e+03 1.43223500e+02 1.04076800e+00 1.37613300e+01 1.06073400e+03 1.45783000e+02 1.41922900e-01 1.60855900e-01 3.37592700e+03 1.03994100e-02 8.18667600e-01 4.51990200e-01 7.39441400e+01 6.31758400e+02 8.40768300e+01 1.50785900e+03 9.08153400e+01 1.95405500e+03 9.64556900e+01 2.27443100e+03 2.38100300e+02 5.69728300e+03 4.54964000e-01 7.51388700e-01 4.74445700e-01 6.66578900e-01 4.73614100e-01 6.24026700e-01 4.69018300e-01 5.93910500e-01 2.99629100e-01 3.09131800e-01 3.17791500e+01 1.08721900e+02 3.42372900e+01 9.51503200e+00 3.96061700e+02 2.23002900e+01 1.15228400e+04 7.06625900e+02 6.69479100e-03 1.47275900e+00 3.89771300e+00 6.29033700e+00 1.19507100e+04 5.37716700e+00
3.95933400e-01 6.33214700e+03 2.23484400e-02 1.16370100e-01 1.04175200e+00 4.64454700e-02 2.95474800e+00 3.02449300e+00 9.70490200e-01 1.00234500e+00 2.05819700e+02 3.18623900e+01 1.12245600e+02 3.52287400e+01 2.03826600e+00 8.69214900e-01 1.59127100e-02 8.91475900e-01 5.45684300e+00 9.85169700e-01 8.34241100e-01 8.36383300e-01 9.68845200e-01 9.97825000e-01 9.99810800e-01 9.92707000e-01 9.91372700e-01 6.78302000e+01 6.97097000e-01 3.02903000e-01 1.39363700e-01 9.45306900e-02 7.96192500e-01 8.00035400e-01 4.38197400e-01 5.90668700e-01 9.66732900e-01 1.00763900e+02 2.38868100e+00 6.80389400e+00 2.05835700e+00 1.87576600e+00 1.21749500e+03 5.74435200e+03 2.55191400e+03 8.25136500e+02 2.33563900e+02 9.70490200e-01 2.44157600e-01 2.45479600e-01 2.55793600e+00 1.38552100e+01 1.08953800e+03 1.45860400e+02 1.04199400e+00 1.39982100e+01 1.05955100e+03 1.48553100e+02 1.39670300e-01 1.60684300e-01 3.35604500e+03 1.01801100e-02 8.22152400e-01 4.54037200e-01 7.29889600e+01 6.39755300e+02 8.28920300e+01 1.52785100e+03 8.94834900e+01 1.98055800e+03 9.50034300e+01 2.30576700e+03 2.33907300e+02 5.78634600e+03 4.43392700e-01 7.36573200e-01 4.63306600e-01 6.53849000e-01 4.62930300e-01 6.12282300e-01 4.58727400e-01 5.82840600e-01 2.94226500e-01 3.03708700e-01 2.37688600e+01 1.04958500e+02 2.92368200e+01 1.08632100e+01 3.96011100e+02 2.19799800e+01 1.15198100e+04 7.06558800e+02 3.41527300e-03 1.89191900e+00 3.33677500e+00 3.84456800e+00 1.19486600e+04 5.23210900e+00
8.82391500e-01 6.33268900e+03 2.19958500e-02 1.15346100e-01 1.04198000e+00 5.09171500e-02 2.72180600e+00 3.02560400e+00 9.57617400e-01 1.00137200e+00 2.08490800e+02 3.16444000e+01 1.21016100e+02 2.51416300e+01 3.56212900e+00 7.00395500e-01 5.16809100e-01 8.98462300e-01 6.72392800e+00 1.01831500e+00 6.92246300e-01 9.86839600e-01 7.67208200e-01 9.97962700e-01 9.98808300e-01 9.92344400e-01 9.83620300e-01 6.52374300e+01 6.75776100e-01 3.24223900e-01 1.37987100e-01 9.00192600e-02 7.98200000e-01 8.29800300e-01 4.54500400e-01 6.02314000e-01 9.88242100e-01 9.81597000e+01 2.44872800e+00 7.30133100e+00 2.06064500e+00 1.86113200e+00 1.23336900e+03 5.70196400e+03 2.54070100e+03 8.22364000e+02 2.33691100e+02 9.57617400e-01 2.40795900e-01 2.42105500e-01 2.54228300e+00 1.41327500e+01 1.08965700e+03 1.47630500e+02 1.04241500e+00 1.41623500e+01 1.05844500e+03 1.50465300e+02 1.38350800e-01 1.60336700e-01 3.43139600e+03 1.02425200e-02 8.07671900e-01 4.46734300e-01 7.05349800e+01 6.63608800e+02 8.06450100e+01 1.57950700e+03 8.73417800e+01 2.04406300e+03 9.29347700e+01 2.37687600e+03 2.32102300e+02 5.90460800e+03 4.58005400e-01 7.36357500e-01 4.73249100e-01 6.51391900e-01 4.70404600e-01 6.09046200e-01 4.64515500e-01 5.79182500e-01 2.91586600e-01 3.00063900e-01 2.44000600e+01 1.03515500e+02 2.82287200e+01 8.57099700e+00 3.95760400e+02 2.38236800e+01 1.15140400e+04 7.07248200e+02 2.23418400e-01 5.37244800e-01 7.97723500e+00 7.19594100e+00 1.19422000e+04 8.73789800e+00
1.20776300e+00 6.33443600e+03 2.20758000e-02 1.14083500e-01 1.04231100e+00 6.16551900e-02 2.69776500e+00 3.04422000e+00 9.52974900e-01 1.00073300e+00 2.33433100e+02 3.51902500e+01 1.20422900e+02 3.52858700e+01 7.58136600e+00 6.49312000e-01 9.22516000e-01 5.90632900e-01 1.02114500e+00 9.06555600e-01 1.10963300e+00 8.82587500e-01 8.87171200e-01 9.98143800e-01 9.97932700e-01 9.92049900e-01 9.91713900e-01 6.55706800e+01 6.81814100e-01 3.18185900e-01 1.36804500e-01 8.97036300e-02 8.00625800e-01 8.24535700e-01 4.51616800e-01 6.01311900e-01 9.88723200e-01 9.89186400e+01 2.47120000e+00 8.33587600e+00 2.09936600e+00 1.85581700e+00 1.24964700e+03 5.74398200e+03 2.53548500e+03 8.18994100e+02 2.32719400e+02 9.52974900e-01 2.40492200e-01 2.41800700e-01 2.51899100e+00 1.41359200e+01 1.08941800e+03 1.48043100e+02 1.04274900e+00 1.41973900e+01 1.05852100e+03 1.50858000e+02 1.38109200e-01 1.60220700e-01 3.41336000e+03 1.01715000e-02 8.11304100e-01 4.48582500e-01 7.07986800e+01 6.60689200e+02 8.07947400e+01 1.57403700e+03 8.74249400e+01 2.03794400e+03 9.29664700e+01 2.37054300e+03 2.31278800e+02 5.90533800e+03 4.55654100e-01 7.39175800e-01 4.72290100e-01 6.54516100e-01 4.70130000e-01 6.12227000e-01 4.64690300e-01 5.82367500e-01 2.93422000e-01 3.02194200e-01 2.60767800e+01 1.05475700e+02 2.81050800e+01 8.21222900e+00 3.98510400e+02 2.55784300e+01 1.15179800e+04 7.06979200e+02 1.00855600e-01 8.72797100e-01 5.63320300e+00 5.00852300e+00 1.19502800e+04 6.60685600e+00
1.22554200e+00 6.33394100e+03 2.24402700e-02 1.19245000e-01 1.04118400e+00 6.69092000e-02 3.05004300e+00 3.06598500e+00 9.58779000e-01 1.00014500e+00 2.32945800e+02 3.90220700e+01 9.10879800e+01 4.27759600e+01 5.02378300e+00 6.73298700e-01 5.64309400e-01 6.65148600e-01 8.59707900e+00 1.10442100e+00 1.05608000e+00 1.02125200e+00 1.25929500e+00 9.97067400e-01 1.00233900e+00 9.87476000e-01 9.85403400e-01 6.78118900e+01 6.90482000e-01 3.09518000e-01 1.42330400e-01 9.65169200e-02 8.15377400e-01 8.28211000e-01 4.53629800e-01 6.08177200e-01 9.90160800e-01 9.98141500e+01 2.47520600e+00 8.89129600e+00 2.14555800e+00 1.87682400e+00 1.25120800e+03 5.77406400e+03 2.52727500e+03 8.10185900e+02 2.28538600e+02 9.58779000e-01 2.45476800e-01 2.46803600e-01 2.57393400e+00 1.37753600e+01 1.08977000e+03 1.44552500e+02 1.04135100e+00 1.38812400e+01 1.06004700e+03 1.47192700e+02 1.40798100e-01 1.60740400e-01 3.38399900e+03 1.03311300e-02 8.16960200e-01 4.51248000e-01 7.30766700e+01 6.39467600e+02 8.31670500e+01 1.52555800e+03 8.98729500e+01 1.97653300e+03 9.54839200e+01 2.30021900e+03 2.36170400e+02 5.75379200e+03 4.58419800e-01 7.53650400e-01 4.77316700e-01 6.68267800e-01 4.76138300e-01 6.25476100e-01 4.71292000e-01 5.95208700e-01 3.00186100e-01 3.09564600e-01 3.29737400e+01 1.09278200e+02 3.40216200e+01 8.46817000e+00 4.00988300e+02 2.55118300e+01 1.15085500e+04 7.06694100e+02 1.90515600e-02 1.34256300e+00 4.15644700e+00 1.21460600e+01 1.19435200e+04 5.51806100e+00
1.43224200e+00 6.33471600e+03 2.23222000e-02 1.15778900e-01 1.04168900e+00 6.87726400e-02 2.86009300e+00 3.06118500e+00 9.52421000e-01 9.99254200e-01 2.51012700e+02 4.16205300e+01 8.19402800e+01 4.44893300e+01 3.23483200e+00 5.38559400e-01 9.37101300e-01 9.25241200e-01 9.09927400e+00 1.15848600e+00 9.00367100e-01 9.09938900e-01 7.70970400e-01 9.98692800e-01 1.00053500e+00 9.97062900e-01 9.92740700e-01 6.68817100e+01 6.89825200e-01 3.10174800e-01 1.38746200e-01 9.27958700e-02 8.06431100e-01 8.19992500e-01 4.49128400e-01 6.01823100e-01 9.86083200e-01 9.98128700e+01 2.48086800e+00 9.00421100e+00 2.13528500e+00 1.86089000e+00 1.26054800e+03 5.78533200e+03 2.52470000e+03 8.11124700e+02 2.29511700e+02 9.52421000e-01 2.42854100e-01 2.44171300e-01 2.53001000e+00 1.39584200e+01 1.08942500e+03 1.46528200e+02 1.04199800e+00 1.40622300e+01 1.05936100e+03 1.49237900e+02 1.39311700e-01 1.60364400e-01 3.38465600e+03 1.02006200e-02 8.16763400e-01 4.51241200e-01 7.20871300e+01 6.48292200e+02 8.20573500e+01 1.54645600e+03 8.86824400e+01 2.00350700e+03 9.42253400e+01 2.33152700e+03 2.33157800e+02 5.83032700e+03 4.53820300e-01 7.45322100e-01 4.72373100e-01 6.60818800e-01 4.71135100e-01 6.18478000e-01 4.66292400e-01 5.88533300e-01 2.96821200e-01 3.06051600e-01 3.20676800e+01 1.05064400e+02 3.16693000e+01 8.13910500e+00 4.02177200e+02 2.69376600e+01 1.15143900e+04 7.06711400e+02 1.85013900e-02 1.34256300e+00 4.05279100e+00 5.66467900e+00 1.19516400e+04 5.41385500e+00
1.33486200e+00 6.34250800e+03 2.22742200e-02 1.12425500e-01 1.04162600e+00 6.86815600e-02 2.65279400e+00 3.05400900e+00 9.45740600e-01 9.98899300e-01 2.42030200e+02 3.38655800e+01 1.10036300e+02 3.38220700e+01 4.47126400e+00 8.46030600e-01 1.81904700e-01 8.00381400e-01 4.03121700e+00 1.09798000e+00 8.57694900e-01 9.33537600e-01 1.03206000e+00 9.97910500e-01 9.98676500e-01 9.96675400e-01 9.98821600e-01 6.55633500e+01 6.85138600e-01 3.14861400e-01 1.35344900e-01 8.87366300e-02 7.96533500e-01 8.16024300e-01 4.46954900e-01 5.96669600e-01 9.83724400e-01 9.92264700e+01 2.49000400e+00 8.91265900e+00 2.12001700e+00 1.84792000e+00 1.27124100e+03 5.80815100e+03 2.52769700e+03 8.14923800e+02 2.31648000e+02 9.45740600e-01 2.39938900e-01 2.41245300e-01 2.46672800e+00 1.41791800e+01 1.08897700e+03 1.48588500e+02 1.04208100e+00 1.42588300e+01 1.05882600e+03 1.51344400e+02 1.37945200e-01 1.59720100e-01 3.39828600e+03 1.00944800e-02 8.13972100e-01 4.49812900e-01 7.07404100e+01 6.60983900e+02 8.06435200e+01 1.57556700e+03 8.72170200e+01 2.04046300e+03 9.27134800e+01 2.37391200e+03 2.30140200e+02 5.92305800e+03 4.51236600e-01 7.35722100e-01 4.68531000e-01 6.51812700e-01 4.66768100e-01 6.09844800e-01 4.61617600e-01 5.80192100e-01 2.92462600e-01 3.01340600e-01 2.44659900e+01 1.03275400e+02 2.82059600e+01 8.13574800e+00 4.02277900e+02 2.84432600e+01 1.15301700e+04 7.06855600e+02 6.54641400e-02 1.03858200e+00 5.08222700e+00 2.95229700e+00 1.19690200e+04 6.18627300e+00
4.01343200e-01 6.33876100e+03 2.23324800e-02 1.13014100e-01 1.04164000e+00 5.80046500e-02 2.78754700e+00 3.03111400e+00 9.57103700e-01 9.99814100e-01 1.92712000e+02 3.60491600e+01 7.76565600e+01 4.88972500e+01 3.10518300e+00 8.58243800e-01 2.88034200e-01 8.00496700e-01 9.70350000e+00 7.91928600e-01 7.03895400e-01 8.33315600e-01 1.19588300e+00 9.96775900e-01 1.00059300e+00 9.93579100e-01 9.88327100e-01 6.70098900e+01 6.97145100e-01 3.02854900e-01 1.35991700e-01 9.11279000e-02 7.88231800e-01 7.91973500e-01 4.33781700e-01 5.84739700e-01 9.62907300e-01 1.00769500e+02 2.41944300e+00 7.91168200e+00 2.07203000e+00 1.84507400e+00 1.23912900e+03 5.76205500e+03 2.52167100e+03 8.13675600e+02 2.30570200e+02 9.57103700e-01 2.41855800e-01 2.43169400e-01 2.50293100e+00 1.40254500e+01 1.08909400e+03 1.47654700e+02 1.04199500e+00 1.41703800e+01 1.05913200e+03 1.50380000e+02 1.38431000e-01 1.60153000e-01 3.35060300e+03 1.00474700e-02 8.22884800e-01 4.54424600e-01 7.21054600e+01 6.47590600e+02 8.18874000e+01 1.54657500e+03 8.83983000e+01 2.00483700e+03 9.38508200e+01 2.33404000e+03 2.31061600e+02 5.85743700e+03 4.38948900e-01 7.29216600e-01 4.58678700e-01 6.47328200e-01 4.58313700e-01 6.06180600e-01 4.54158000e-01 5.77035400e-01 2.91323800e-01 3.00699900e-01 3.02798100e+01 1.06346400e+02 3.39945200e+01 1.08367900e+01 3.96804100e+02 2.44704900e+01 1.15225800e+04 7.06558100e+02 3.54847400e-03 1.89191900e+00 3.33654200e+00 1.10359100e+01 1.19547000e+04 5.23200900e+00
8.58117500e-01 6.32969100e+03 2.24600300e-02 1.20429800e-01 1.04069600e+00 5.71856900e-02 3.17165100e+00 3.04791300e+00 9.71241400e-01 9.99611400e-01 2.51455500e+02 3.20945100e+01 8.60809700e+01 4.64742200e+01 7.08496600e-01 7.48626100e-01 3.79798400e-02 2.96053100e-02 9.58234300e+00 7.31926200e-01 7.90512200e-01 8.39493200e-01 1.20073800e+00 9.97791600e-01 1.00018200e+00 9.91626100e-01 9.92569100e-01 6.86615000e+01 6.95539300e-01 3.04460700e-01 1.43535000e-01 9.85532900e-02 8.11706600e-01 8.17718900e-01 4.47883100e-01 6.02950800e-01 9.79585600e-01 1.00419600e+02 2.41995300e+00 7.97576900e+00 2.10713300e+00 1.87940800e+00 1.21799800e+03 5.71966400e+03 2.52976900e+03 8.12969800e+02 2.28994100e+02 9.71241400e-01 2.47096000e-01 2.48428700e-01 2.61219100e+00 1.36674700e+01 1.08996600e+03 1.43630700e+02 1.04079800e+00 1.38000600e+01 1.06027600e+03 1.46253200e+02 1.41343500e-01 1.61062000e-01 3.35797400e+03 1.03349900e-02 8.21458900e-01 4.53571100e-01 7.39128100e+01 6.31868300e+02 8.39822100e+01 1.50864900e+03 9.06820200e+01 1.95542500e+03 9.62915800e+01 2.27631000e+03 2.37332400e+02 5.70813200e+03 4.53013900e-01 7.50767700e-01 4.72968800e-01 6.66273600e-01 4.72400800e-01 6.23843300e-01 4.67989800e-01 5.93799600e-01 2.99667900e-01 3.09270200e-01 3.04977400e+01 1.07816200e+02 3.43639300e+01 9.29089400e+00 3.96586000e+02 2.24845700e+01 1.15129200e+04 7.06584100e+02 1.81381100e-04 1.67729600e+00 3.56316000e+00 6.27444400e+00 1.19412800e+04 5.24063800e+00
8.84822900e-01 6.32948900e+03 2.21555400e-02 1.20379200e-01 1.04101000e+00 5.11442800e-02 3.09620200e+00 3.04241100e+00 9.68384800e-01 1.00242700e+00 2.59320600e+02 4.63113700e+01 9.43365000e+01 4.70070900e+01 7.39317600e+00 7.95050200e-01 6.95277700e-01 5.08362500e-01 4.65175800e-01 1.32913200e+00 1.05959900e+00 9.95542200e-01 1.14860900e+00 9.99029100e-01 1.00217500e+00 9.97183100e-01 9.97953100e-01 6.76580800e+01 6.87217400e-01 3.12782600e-01 1.43179900e-01 9.68727400e-02 8.12239700e-01 8.29363400e-01 4.54261000e-01 6.07428100e-01 9.87471000e-01 9.94425500e+01 2.43273200e+00 7.41424600e+00 2.09557000e+00 1.89181600e+00 1.22638500e+03 5.72751100e+03 2.54884900e+03 8.19172600e+02 2.30766800e+02 9.68384800e-01 2.45977500e-01 2.47306100e-01 2.64400400e+00 1.37657700e+01 1.09027600e+03 1.44246900e+02 1.04118900e+00 1.38540500e+01 1.05951300e+03 1.46978100e+02 1.40627400e-01 1.61251300e-01 3.38333400e+03 1.03610300e-02 8.16200700e-01 4.51061700e-01 7.29666000e+01 6.40667200e+02 8.31269600e+01 1.52763800e+03 8.98744000e+01 1.97871700e+03 9.55177900e+01 2.30234200e+03 2.36773000e+02 5.75015500e+03 4.58749200e-01 7.50427100e-01 4.76842300e-01 6.65055000e-01 4.75284700e-01 6.22322000e-01 4.70195900e-01 5.92116200e-01 2.98492600e-01 3.07679400e-01 3.12903000e+01 1.06691100e+02 3.39877700e+01 9.02642200e+00 3.95784600e+02 2.27000900e+01 1.15121600e+04 7.06787300e+02 4.51568200e-02 1.15641700e+00 4.71187300e+00 6.60841100e+00 1.19396700e+04 5.91344600e+00
6.64545400e-01 6.33433600e+03 2.23406800e-02 1.24819400e-01 1.04058800e+00 5.11184700e-02 3.34066200e+00 3.05618000e+00 9.75058900e-01 1.00460200e+00 2.69528000e+02 5.33108300e+01 9.59550100e+01 5.35855700e+01 7.47348100e+00 7.16778200e-01 7.92925900e-01 4.08111800e-01 4.05820500e-01 1.27717200e+00 9.83803100e-01 7.79139600e-01 8.74031900e-01 9.99524700e-01 1.00030700e+00 1.00663200e+00 9.98257200e-01 6.89398200e+01 6.89007900e-01 3.10992100e-01 1.47805200e-01 1.01896600e-01 8.26155500e-01 8.41154600e-01 4.60719400e-01 6.16948800e-01 9.95008300e-01 9.95806900e+01 2.43744600e+00 7.46612500e+00 2.12462400e+00 1.91814400e+00 1.22432900e+03 5.74661300e+03 2.56084800e+03 8.20293100e+02 2.30236500e+02 9.75058900e-01 2.49247900e-01 2.50588300e-01 2.69299700e+00 1.35318600e+01 1.09066000e+03 1.41810800e+02 1.04058400e+00 1.36280100e+01 1.06042900e+03 1.44445800e+02 1.42559700e-01 1.61704000e-01 3.38285400e+03 1.05270400e-02 8.16653400e-01 4.51155100e-01 7.43168100e+01 6.28901700e+02 8.46179200e+01 1.50000200e+03 9.14615800e+01 1.94319400e+03 9.71867400e+01 2.26123200e+03 2.40623300e+02 5.65225800e+03 4.65420400e-01 7.63458200e-01 4.84222700e-01 6.76793400e-01 4.82848200e-01 6.33384300e-01 4.77815000e-01 6.02689400e-01 3.03860100e-01 3.13309600e-01 3.52999000e+01 1.09236500e+02 3.53647900e+01 9.65225400e+00 3.95776500e+02 2.20440600e+01 1.15205800e+04 7.06734100e+02 3.48262000e-02 1.21731700e+00 4.59182900e+00 8.03987900e+00 1.19480500e+04 5.84397300e+00
9.96731100e-01 6.33308600e+03 2.23705800e-02 1.21262100e-01 1.04099500e+00 6.45614700e-02 3.22520000e+00 3.07485400e+00 9.73232200e-01 1.00390300e+00 2.04911000e+02 3.19525000e+01 1.12582300e+02 3.37292800e+01 4.45102000e-01 6.91432400e-01 5.10641800e-02 2.01025300e-01 9.61708000e+00 1.24062000e+00 1.02883200e+00 8.63960600e-01 9.32117900e-01 9.96642800e-01 9.97586200e-01 9.95894500e-01 1.00002700e+00 6.90167200e+01 6.97105800e-01 3.02894200e-01 1.44277900e-01 9.95758500e-02 8.25195100e-01 8.29166000e-01 4.54152900e-01 6.12180300e-01 9.93297800e-01 1.00677200e+02 2.44776400e+00 8.74481200e+00 2.16467200e+00 1.90245700e+00 1.22961100e+03 5.76569100e+03 2.55547100e+03 8.19935400e+02 2.30773400e+02 9.73232200e-01 2.47764000e-01 2.49099100e-01 2.64733000e+00 1.36170900e+01 1.09020300e+03 1.43225600e+02 1.04106400e+00 1.37576100e+01 1.06016200e+03 1.45873600e+02 1.41478300e-01 1.61405000e-01 3.35173500e+03 1.03521900e-02 8.22623900e-01 4.54254700e-01 7.42656100e+01 6.28757000e+02 8.43416800e+01 1.50158700e+03 9.10483100e+01 1.94651300e+03 9.66647000e+01 2.26613300e+03 2.37996500e+02 5.68690500e+03 4.59509800e-01 7.63400200e-01 4.80144600e-01 6.77657400e-01 4.79752800e-01 6.34574200e-01 4.75395800e-01 6.04058400e-01 3.04903100e-01 3.14748700e-01 2.96585900e+01 1.08087600e+02 3.32003100e+01 9.01685200e+00 3.99309200e+02 2.25829400e+01 1.15146000e+04 7.06558700e+02 1.52960400e-03 1.81943000e+00 3.40642900e+00 8.87682800e+00 1.19455100e+04 5.22738800e+00
1.16714800e+00 6.33360000e+03 2.23081500e-02 1.18726400e-01 1.04110700e+00 6.52234900e-02 3.11172000e+00 3.06859700e+00 9.74114500e-01 1.00182300e+00 2.14881200e+02 2.86745200e+01 1.13800000e+02 3.33314000e+01 1.74928900e+00 6.52701500e-01 4.19585300e-01 2.88745800e-01 6.68035000e+00 1.02761200e+00 8.77899500e-01 8.64616800e-01 6.90095100e-01 9.97422000e-01 1.00016600e+00 1.00206600e+00 9.95749100e-01 6.85809300e+01 6.98768100e-01 3.01231900e-01 1.41679700e-01 9.71652800e-02 8.18038400e-01 8.19716200e-01 4.48977100e-01 6.06036700e-01 9.87806700e-01 1.00929200e+02 2.43303200e+00 8.76312300e+00 2.15116900e+00 1.88808800e+00 1.22064200e+03 5.74319200e+03 2.55180300e+03 8.21631600e+02 2.31884100e+02 9.74114500e-01 2.46246500e-01 2.47576100e-01 2.61999400e+00 1.37246300e+01 1.08995100e+03 1.44479300e+02 1.04125500e+00 1.38755000e+01 1.05974200e+03 1.47168100e+02 1.40487400e-01 1.61162500e-01 3.34080100e+03 1.02414000e-02 8.24458900e-01 4.55259100e-01 7.37701900e+01 6.32859300e+02 8.37341100e+01 1.51178700e+03 9.03686600e+01 1.96000100e+03 9.59259100e+01 2.28205400e+03 2.35899000e+02 5.73160500e+03 4.54423400e-01 7.56952600e-01 4.75259800e-01 6.72126500e-01 4.75074500e-01 6.29475600e-01 4.70894600e-01 5.99255300e-01 3.02565700e-01 3.12405500e-01 2.54791800e+01 1.05553500e+02 2.96530800e+01 8.72367100e+00 3.99410000e+02 2.23066400e+01 1.15193100e+04 7.06536200e+02 8.40809500e-03 2.04033800e+00 3.35938900e+00 5.50719200e+00 1.19497500e+04 5.40813500e+00
1.23840200e+00 6.32987700e+03 2.24169300e-02 1.17023300e-01 1.04080500e+00 5.80959400e-02 2.95398800e+00 3.05266400e+00 9.65149500e-01 1.00512400e+00 2.53479600e+02 5.45952000e+01 1.24178100e+02 3.29474800e+01 2.48138400e+00 6.09448500e-01 6.49230800e-01 5.88660700e-01 1.65069300e+00 8.32377300e-01 8.66698400e-01 1.01498200e+00 8.68882400e-01 9.97858700e-01 1.00051800e+00 1.00053400e+00 9.87167100e-01 6.73284900e+01 6.90974000e-01 3.09026000e-01 1.40085400e-01 9.43173500e-02 8.07027500e-01 8.19077800e-01 4.48627400e-01 6.01709800e-01 9.83532800e-01 9.98507600e+01 2.44196800e+00 7.99102800e+00 2.11716600e+00 1.88492200e+00 1.23863300e+03 5.79095300e+03 2.55653700e+03 8.24732400e+02 2.33582300e+02 9.65149500e-01 2.44174800e-01 2.45496900e-01 2.54505400e+00 1.38800200e+01 1.08951100e+03 1.45637800e+02 1.04105100e+00 1.39894900e+01 1.05974200e+03 1.48303900e+02 1.39986800e-01 1.60420800e-01 3.37385800e+03 1.02335900e-02 8.18364900e-01 4.51987300e-01 7.25522600e+01 6.44050700e+02 8.25561600e+01 1.53662200e+03 8.92054200e+01 1.99095400e+03 9.47693800e+01 2.31707000e+03 2.34317300e+02 5.79744700e+03 4.53391400e-01 7.45988200e-01 4.72217700e-01 6.61535200e-01 4.71115800e-01 6.19200600e-01 4.66363000e-01 5.89253000e-01 2.97218900e-01 3.06520800e-01 3.16066800e+01 1.08168900e+02 3.18608700e+01 8.45983800e+00 3.96828300e+02 2.31647200e+01 1.15100500e+04 7.06681500e+02 1.67741500e-02 1.34256300e+00 4.12450300e+00 9.08115700e+00 1.19385100e+04 5.48384000e+00
9.62343700e-01 6.33599700e+03 2.21740100e-02 1.19224400e-01 1.04100600e+00 5.74024900e-02 3.00625500e+00 3.04806100e+00 9.61068900e-01 9.99655800e-01 1.92086900e+02 2.04026700e+01 8.31039600e+01 4.54205400e+01 4.27894300e+00 8.37090300e-01 3.71993100e-01 2.17886300e-02 5.30029900e+00 9.24906100e-01 1.17669800e+00 8.94414500e-01 1.09315000e+00 9.96196400e-01 1.00024200e+00 9.91236500e-01 9.92886900e-01 6.70318600e+01 6.83874900e-01 3.16125100e-01 1.42043600e-01 9.52144500e-02 8.11025800e-01 8.32537000e-01 4.55999300e-01 6.08134200e-01 9.90590300e-01 9.90170800e+01 2.45845600e+00 8.02154500e+00 2.10744500e+00 1.87887200e+00 1.23890800e+03 5.73340100e+03 2.53481700e+03 8.14149200e+02 2.29678500e+02 9.61068900e-01 2.44781300e-01 2.46105500e-01 2.60899400e+00 1.38531900e+01 1.09006200e+03 1.44981700e+02 1.04123100e+00 1.39240700e+01 1.05939900e+03 1.47716400e+02 1.40211400e-01 1.60916500e-01 3.39711100e+03 1.03406400e-02 8.13698300e-01 4.49738100e-01 7.23419600e+01 6.46445400e+02 8.25029500e+01 1.54059700e+03 8.92456500e+01 1.99497000e+03 9.48826600e+01 2.32081800e+03 2.35728200e+02 5.78702900e+03 4.60235200e-01 7.48973500e-01 4.77542400e-01 6.63403900e-01 4.75591000e-01 6.20627300e-01 4.70241100e-01 5.90411200e-01 2.97512500e-01 3.06517300e-01 2.56508000e+01 1.02640900e+02 3.18430700e+01 8.74519600e+00 3.96965200e+02 2.44011000e+01 1.15221300e+04 7.06900600e+02 9.04564200e-02 9.26576500e-01 5.67055500e+00 6.16447500e+00 1.19522400e+04 6.68758800e+00
9.83923500e-01 6.32905800e+03 2.24706100e-02 1.21736400e-01 1.04063100e+00 6.79894600e-02 3.24847300e+00 3.07772900e+00 9.70505500e-01 1.00107000e+00 2.47734900e+02 4.60733500e+01 1.02594800e+02 4.03548100e+01 5.03825700e+00 5.64909800e-01 8.78193800e-01 5.00761900e-01 4.80484200e+00 8.34843800e-01 9.79323000e-01 1.00105000e+00 9.84330700e-01 9.99029500e-01 9.99887200e-01 9.95892700e-01 1.00032000e+00 6.90789800e+01 6.96448100e-01 3.03551900e-01 1.44852100e-01 1.00062400e-01 8.25651100e-01 8.30524500e-01 4.54897000e-01 6.12850900e-01 9.93398700e-01 1.00528100e+02 2.45756500e+00 9.05914300e+00 2.17090400e+00 1.89489800e+00 1.23322600e+03 5.76102800e+03 2.54018500e+03 8.13711800e+02 2.28873100e+02 9.70505500e-01 2.48104300e-01 2.49440600e-01 2.63664500e+00 1.35964500e+01 1.09014000e+03 1.42918500e+02 1.04067800e+00 1.37332000e+01 1.06046700e+03 1.45526400e+02 1.41837200e-01 1.61282700e-01 3.35490100e+03 1.03777600e-02 8.22055500e-01 4.53874300e-01 7.43447400e+01 6.28134000e+02 8.44490300e+01 1.49994500e+03 9.11734400e+01 1.94428200e+03 9.68042400e+01 2.26345200e+03 2.38448300e+02 5.67836600e+03 4.60194800e-01 7.63755100e-01 4.80693000e-01 6.77898100e-01 4.80222100e-01 6.34768500e-01 4.75808700e-01 6.04224100e-01 3.04956400e-01 3.14774800e-01 3.32499800e+01 1.08201000e+02 3.32727800e+01 9.03253500e+00 4.01133600e+02 2.33901200e+01 1.15103100e+04 7.06568900e+02 6.11594300e-05 1.74777200e+00 3.51001800e+00 2.42190000e+00 1.19438700e+04 5.25785100e+00
1.14092800e+00 6.33025200e+03 2.25390100e-02 1.21089500e-01 1.04057500e+00 6.51784100e-02 3.25130600e+00 3.07265300e+00 9.74480900e-01 1.00232100e+00 2.59114100e+02 4.04737700e+01 9.01647300e+01 4.65527200e+01 2.98398700e+00 6.97327400e-01 3.51674400e-01 5.65576100e-01 6.39465400e+00 1.17335500e+00 8.04133200e-01 8.14459100e-01 1.08909000e+00 9.98605400e-01 9.98769100e-01 9.97431000e-01 9.97925400e-01 6.93792700e+01 7.00271900e-01 2.99728100e-01 1.44273600e-01 1.00096000e-01 8.22213400e-01 8.21840700e-01 4.50140700e-01 6.08368100e-01 9.87119400e-01 1.01018800e+02 2.43631600e+00 8.76007100e+00 2.15991200e+00 1.89593300e+00 1.22504800e+03 5.76503000e+03 2.54693200e+03 8.17530500e+02 2.30144900e+02 9.74480900e-01 2.48166600e-01 2.49503200e-01 2.62516500e+00 1.35854800e+01 1.09000200e+03 1.43015700e+02 1.04062000e+00 1.37433100e+01 1.06058100e+03 1.45603700e+02 1.41796300e-01 1.61210700e-01 3.34020200e+03 1.03342200e-02 8.24912200e-01 4.55310000e-01 7.46059300e+01 6.25661400e+02 8.46412400e+01 1.49495700e+03 9.13256900e+01 1.93842100e+03 9.69258700e+01 2.25712600e+03 2.38100200e+02 5.67329900e+03 4.55700900e-01 7.60970200e-01 4.76985200e-01 6.75864200e-01 4.76982400e-01 6.33047000e-01 4.72907600e-01 6.02699200e-01 3.04348500e-01 3.14330600e-01 3.05756400e+01 1.06260300e+02 3.16758500e+01 8.78543300e+00 3.99378600e+02 2.24555100e+01 1.15130600e+04 7.06519900e+02 1.18396600e-02 2.04033800e+00 3.41673700e+00 4.83322900e+00 1.19436800e+04 5.46891400e+00
1.06977200e+00 6.33260400e+03 2.26065700e-02 1.22579600e-01 1.04035400e+00 6.29640000e-02 3.30667100e+00 3.06371600e+00 9.72696700e-01 9.98394100e-01 2.34248900e+02 3.62787600e+01 1.14329600e+02 3.44145300e+01 5.27999500e+00 7.41870000e-01 5.28792800e-01 3.49484800e-01 5.55453400e+00 1.03819600e+00 7.54949500e-01 1.14270600e+00 1.12333800e+00 9.99141800e-01 1.00411300e+00 1.00081200e+00 9.92721600e-01 6.94744900e+01 6.97865700e-01 3.02134300e-01 1.45831300e-01 1.01315500e-01 8.20845600e-01 8.23760300e-01 4.51192100e-01 6.08571300e-01 9.84801800e-01 1.00655700e+02 2.43411100e+00 8.56475800e+00 2.14069500e+00 1.88740400e+00 1.22157400e+03 5.73332200e+03 2.52657100e+03 8.09460200e+02 2.27478100e+02 9.72696700e-01 2.48910300e-01 2.50249500e-01 2.63169000e+00 1.35367800e+01 1.09010000e+03 1.42326600e+02 1.04034700e+00 1.36806900e+01 1.06088600e+03 1.44881500e+02 1.42419300e-01 1.61240100e-01 3.35218400e+03 1.04087200e-02 8.22756800e-01 4.54131500e-01 7.47465500e+01 6.24656800e+02 8.48669100e+01 1.49197800e+03 9.16042200e+01 1.93417800e+03 9.72468800e+01 2.25187100e+03 2.39300100e+02 5.65326700e+03 4.56563600e-01 7.59453800e-01 4.77262000e-01 6.74239400e-01 4.76964500e-01 6.31408800e-01 4.72693800e-01 6.01067100e-01 3.03413500e-01 3.13253900e-01 2.95381700e+01 1.11337700e+02 3.55133900e+01 8.88627200e+00 3.98590100e+02 2.28709400e+01 1.15133600e+04 7.06547800e+02 1.08162200e-03 1.81943000e+00 3.49415400e+00 9.63946700e+00 1.19437100e+04 5.31466600e+00
5.99813400e-01 6.32899000e+03 2.25457400e-02 1.21392600e-01 1.04031400e+00 6.10102700e-02 3.29731600e+00 3.05136300e+00 9.76210800e-01 9.96519200e-01 2.66205000e+02 4.70882000e+01 9.17113600e+01 4.41176500e+01 1.46791000e+00 4.86728400e-01 8.48310500e-01 6.43027200e-01 7.46889700e+00 6.72271800e-01 9.91654100e-01 9.75364900e-01 9.42597400e-01 9.96987400e-01 1.00225200e+00 9.94416000e-01 9.95354400e-01 6.97235100e+01 7.02586900e-01 2.97413100e-01 1.44583400e-01 1.00808700e-01 8.13432000e-01 8.09917300e-01 4.43610000e-01 6.00705100e-01 9.74163000e-01 1.01307000e+02 2.40298300e+00 8.36639400e+00 2.11441400e+00 1.87153200e+00 1.20423800e+03 5.68700900e+03 2.51254800e+03 8.06031100e+02 2.26411400e+02 9.76210800e-01 2.48765700e-01 2.50104400e-01 2.63962400e+00 1.35479200e+01 1.09006300e+03 1.42712400e+02 1.04032800e+00 1.37180200e+01 1.06061900e+03 1.45298200e+02 1.41959100e-01 1.61322600e-01 3.32740200e+03 1.03255300e-02 8.27128800e-01 4.56454000e-01 7.49347000e+01 6.22753700e+02 8.49513900e+01 1.48855600e+03 9.16270200e+01 1.93048200e+03 9.72214900e+01 2.24817800e+03 2.38434200e+02 5.65731100e+03 4.49296500e-01 7.53076900e-01 4.70865700e-01 6.69113800e-01 4.71138800e-01 6.26833100e-01 4.67297600e-01 5.96850900e-01 3.01486800e-01 3.11488700e-01 3.42328900e+01 1.08861600e+02 3.43575200e+01 1.00889900e+01 3.97634900e+02 2.19695800e+01 1.15075700e+04 7.06502300e+02 2.78020800e-02 2.27128100e+00 3.50721100e+00 8.40232500e+00 1.19372700e+04 5.80629400e+00
3.49663700e-01 6.33779800e+03 2.23835800e-02 1.21511100e-01 1.04024400e+00 4.93342400e-02 3.23524900e+00 3.02700500e+00 9.71647600e-01 9.96378100e-01 2.96077400e+02 5.53118200e+01 8.01146900e+01 4.72986700e+01 1.81476100e+00 5.32961600e-01 8.77053400e-01 6.26496800e-01 6.92306600e+00 6.64845900e-01 1.26962100e+00 1.02186100e+00 1.04822800e+00 9.97091700e-01 1.00207700e+00 9.96042500e-01 9.92765400e-01 6.88006600e+01 6.94647000e-01 3.05353000e-01 1.44539800e-01 9.94443400e-02 8.04995000e-01 8.12145200e-01 4.44830300e-01 5.98403000e-01 9.70503000e-01 1.00273000e+02 2.39537000e+00 7.20672600e+00 2.06353500e+00 1.86965100e+00 1.20684400e+03 5.67256300e+03 2.51040300e+03 8.05109500e+02 2.26014200e+02 9.71647600e-01 2.47899900e-01 2.49235500e-01 2.64832400e+00 1.36288400e+01 1.09022000e+03 1.43104200e+02 1.04030700e+00 1.37559500e+01 1.06023800e+03 1.45744200e+02 1.41588100e-01 1.61299300e-01 3.35343100e+03 1.03642500e-02 8.21766200e-01 4.53779600e-01 7.40752200e+01 6.30548400e+02 8.41913100e+01 1.50527900e+03 9.09207800e+01 1.95091300e+03 9.65545000e+01 2.27093900e+03 2.38132100e+02 5.69211300e+03 4.49857800e-01 7.44467900e-01 4.69443100e-01 6.60580800e-01 4.68771300e-01 6.18470400e-01 4.64322400e-01 5.88659000e-01 2.97029300e-01 3.06510100e-01 3.86541900e+01 1.07135100e+02 3.68156000e+01 1.10701000e+01 3.95748500e+02 2.22183600e+01 1.15244700e+04 7.06600500e+02 2.00590300e-03 1.60798500e+00 3.70547100e+00 1.01695700e+01 1.19535100e+04 5.31546200e+00
2.33981600e-01 6.32987300e+03 2.22979300e-02 1.17517300e-01 1.04072300e+00 4.97356700e-02 3.02609000e+00 3.01972800e+00 9.67851800e-01 9.97059500e-01 2.50221100e+02 4.73804100e+01 9.37827500e+01 3.89667400e+01 3.55185300e+00 6.58825200e-01 7.32671100e-01 8.35800900e-01 6.34678300e+00 1.00647600e+00 1.07548100e+00 1.09383500e+00 1.13017100e+00 9.97550900e-01 1.00213800e+00 9.98044500e-01 9.98743100e-01 6.78741500e+01 6.95108700e-01 3.04891300e-01 1.40460400e-01 9.53362700e-02 7.94575500e-01 8.01026800e-01 4.38740500e-01 5.90434100e-01 9.64457300e-01 1.00407900e+02 2.39017300e+00 7.18231200e+00 2.04857200e+00 1.85460500e+00 1.20983500e+03 5.68075200e+03 2.51261900e+03 8.09157600e+02 2.28149900e+02 9.67851800e-01 2.45099300e-01 2.46424800e-01 2.59222300e+00 1.38208600e+01 1.08977400e+03 1.45232600e+02 1.04092600e+00 1.39522400e+01 1.05958900e+03 1.47932500e+02 1.40002900e-01 1.60830700e-01 3.35009200e+03 1.02112000e-02 8.22349000e-01 4.54155000e-01 7.30689400e+01 6.39199300e+02 8.30356600e+01 1.52604000e+03 8.96664300e+01 1.97789300e+03 9.52178700e+01 2.30240400e+03 2.34761800e+02 5.77225500e+03 4.43768200e-01 7.34880000e-01 4.63204200e-01 6.52127600e-01 4.62595900e-01 6.10579300e-01 4.58242000e-01 5.81162800e-01 2.93293300e-01 3.02659300e-01 3.30102500e+01 1.06253400e+02 3.40221100e+01 1.18821800e+01 3.95731100e+02 2.24144300e+01 1.15123700e+04 7.06591900e+02 2.61449800e-04 1.67729600e+00 3.53859800e+00 5.53706400e+00 1.19424000e+04 5.21615600e+00
6.18833700e-01 6.33227400e+03 2.23263100e-02 1.19483500e-01 1.04070400e+00 5.21084200e-02 3.12106700e+00 3.03190700e+00 9.67994900e-01 9.97083500e-01 2.11542100e+02 3.95327200e+01 7.39388900e+01 5.11361300e+01 3.67715200e+00 7.43511600e-01 7.92626400e-01 9.20168900e-01 7.65122900e+00 1.01319600e+00 1.02735000e+00 8.18810200e-01 8.81932100e-01 9.96249700e-01 1.00162500e+00 9.89121800e-01 9.98840600e-01 6.82989500e+01 6.94613700e-01 3.05386300e-01 1.42455000e-01 9.72952500e-02 8.03135400e-01 8.10313200e-01 4.43826800e-01 5.97036900e-01 9.71810900e-01 1.00331300e+02 2.40734600e+00 7.46612500e+00 2.07367300e+00 1.86844100e+00 1.21741600e+03 5.70180300e+03 2.51890400e+03 8.08907100e+02 2.27597400e+02 9.67994900e-01 2.46377700e-01 2.47707800e-01 2.61975300e+00 1.37286500e+01 1.09000300e+03 1.44223800e+02 1.04083900e+00 1.38564900e+01 1.05985600e+03 1.46900200e+02 1.40746900e-01 1.61086000e-01 3.35499600e+03 1.02913000e-02 8.21587100e-01 4.53737800e-01 7.35344500e+01 6.35188500e+02 8.35778700e+01 1.51634500e+03 9.02589100e+01 1.96524900e+03 9.58520700e+01 2.28762100e+03 2.36406800e+02 5.73380400e+03 4.48859100e-01 7.42745600e-01 4.68392100e-01 6.59050400e-01 4.67717800e-01 6.17037000e-01 4.63276400e-01 5.87294400e-01 2.96354000e-01 3.05802700e-01 3.05693700e+01 1.04621100e+02 3.35384200e+01 9.92774200e+00 3.95799300e+02 2.28939900e+01 1.15152800e+04 7.06601100e+02 1.02880700e-03 1.60798500e+00 3.60280200e+00 8.83743300e+00 1.19439000e+04 5.21181500e+00
4.70042200e-01 6.33046900e+03 2.23794600e-02 1.19604300e-01 1.04077800e+00 5.28011400e-02 3.15500800e+00 3.03362500e+00 9.69637900e-01 9.97372800e-01 2.61833400e+02 3.61106900e+01 7.99277000e+01 5.21298600e+01 7.41598700e-01 5.83491200e-01 6.50997400e-01 6.85245100e-01 7.23565300e+00 1.17453500e+00 1.33316400e+00 8.32556200e-01 1.02646700e+00 9.96980200e-01 1.00093800e+00 9.99036800e-01 9.97907900e-01 6.87237500e+01 6.98009100e-01 3.01990900e-01 1.42628900e-01 9.80199400e-02 8.03562800e-01 8.06224700e-01 4.41587500e-01 5.95687200e-01 9.69318300e-01 1.00777200e+02 2.40101600e+00 7.53326400e+00 2.07724000e+00 1.86906400e+00 1.21533000e+03 5.70541700e+03 2.51858800e+03 8.08596500e+02 2.27387800e+02 9.69637900e-01 2.46846800e-01 2.48178600e-01 2.62139000e+00 1.36865800e+01 1.08997900e+03 1.43984300e+02 1.04089500e+00 1.38327400e+01 1.06000900e+03 1.46641000e+02 1.40933300e-01 1.61149200e-01 3.34402300e+03 1.02807600e-02 8.23841500e-01 4.54876000e-01 7.39353200e+01 6.31501000e+02 8.39422800e+01 1.50835800e+03 9.06042900e+01 1.95543200e+03 9.61839800e+01 2.27663400e+03 2.36662400e+02 5.71581100e+03 4.46881000e-01 7.43479800e-01 4.67176800e-01 6.60076600e-01 4.66903000e-01 6.18154000e-01 4.62734100e-01 5.88454600e-01 2.97073200e-01 3.06703100e-01 3.07621200e+01 1.08113700e+02 3.40133400e+01 1.05329700e+01 3.95856600e+02 2.26499700e+01 1.15120600e+04 7.06545900e+02 3.51045600e-03 1.89191900e+00 3.39485300e+00 8.00154100e+00 1.19411000e+04 5.29028200e+00
4.43096400e-01 6.33625500e+03 2.23079000e-02 1.20782300e-01 1.04093300e+00 5.41177200e-02 3.23512500e+00 3.04008300e+00 9.75571700e-01 9.98175700e-01 2.39834000e+02 3.75253200e+01 9.54461200e+01 4.49075500e+01 4.82447800e+00 6.77630300e-01 5.79958000e-01 1.06901600e-01 1.15865800e+00 1.49972200e+00 1.14034000e+00 9.67944900e-01 1.13108300e+00 9.96590100e-01 1.00023100e+00 1.00898100e+00 1.00132400e+00 6.92291300e+01 7.00093500e-01 2.99906500e-01 1.43735300e-01 9.95067100e-02 8.10025500e-01 8.09899200e-01 4.43600100e-01 5.99439200e-01 9.73541100e-01 1.01085800e+02 2.39524000e+00 7.71331800e+00 2.09069800e+00 1.87622600e+00 1.20451500e+03 5.68241400e+03 2.52419100e+03 8.10352700e+02 2.27606000e+02 9.75571700e-01 2.47869600e-01 2.49205000e-01 2.66283600e+00 1.36127800e+01 1.09025100e+03 1.43345600e+02 1.04101300e+00 1.37698200e+01 1.06000900e+03 1.46016200e+02 1.41237400e-01 1.61536900e-01 3.33473100e+03 1.03063900e-02 8.25547100e-01 4.55825700e-01 7.44463400e+01 6.27016100e+02 8.44653200e+01 1.49814900e+03 9.11386000e+01 1.94253000e+03 9.67292800e+01 2.26188500e+03 2.37649300e+02 5.68472500e+03 4.49074000e-01 7.49671500e-01 4.70001200e-01 6.65808700e-01 4.69976100e-01 6.23620000e-01 4.65946200e-01 5.93718900e-01 2.99808400e-01 3.09631900e-01 2.92096700e+01 1.05290300e+02 3.27330000e+01 1.06753100e+01 3.96005300e+02 2.17747300e+01 1.15211200e+04 7.06521600e+02 1.53241600e-02 2.11648900e+00 3.39234200e+00 1.08925200e+01 1.19495700e+04 5.52415500e+00
5.58683100e-01 6.33793400e+03 2.23942500e-02 1.20579200e-01 1.04078500e+00 5.93301600e-02 3.19120900e+00 3.04954100e+00 9.71615400e-01 1.00049900e+00 2.80402000e+02 5.90956600e+01 1.08061200e+02 4.63252300e+01 6.95106600e+00 7.68479100e-01 9.25105800e-01 9.66647700e-01 2.33604900e+00 1.28168400e+00 1.10482200e+00 8.51841600e-01 9.21275900e-01 9.99612000e-01 1.00026400e+00 1.00213700e+00 9.92271900e-01 6.88116500e+01 6.96690000e-01 3.03310000e-01 1.43618600e-01 9.88263200e-02 8.12738700e-01 8.17210100e-01 4.47604400e-01 6.03146300e-01 9.79760600e-01 1.00595300e+02 2.41956800e+00 8.20770300e+00 2.11056500e+00 1.87441300e+00 1.21448100e+03 5.69886600e+03 2.52169600e+03 8.09603700e+02 2.27787300e+02 9.71615400e-01 2.47328300e-01 2.48661800e-01 2.63110300e+00 1.36524300e+01 1.09008300e+03 1.43546300e+02 1.04087100e+00 1.37909800e+01 1.06016200e+03 1.46189400e+02 1.41287000e-01 1.61232400e-01 3.35128300e+03 1.03277100e-02 8.22578500e-01 4.54207100e-01 7.40518600e+01 6.30601700e+02 8.41101300e+01 1.50589300e+03 9.08042600e+01 1.95202900e+03 9.64098900e+01 2.27250100e+03 2.37438400e+02 5.70171500e+03 4.52851800e-01 7.51835200e-01 4.73082700e-01 6.67345700e-01 4.72647400e-01 6.24899100e-01 4.68322300e-01 5.94836800e-01 3.00235700e-01 3.09909000e-01 3.50674700e+01 1.11002300e+02 3.57096800e+01 1.01683000e+01 3.97191200e+02 2.22108700e+01 1.15295000e+04 7.06565100e+02 4.77323300e-04 1.81943000e+00 3.45361300e+00 4.95808000e+00 1.19590700e+04 5.27352000e+00
7.20829400e-01 6.33340700e+03 2.23285600e-02 1.23510200e-01 1.04066100e+00 5.69804200e-02 3.32824900e+00 3.05203500e+00 9.76976500e-01 9.98629800e-01 2.69578500e+02 5.27898500e+01 9.44433400e+01 4.71741900e+01 1.28374500e+00 5.33491700e-01 8.93486100e-01 8.53452300e-01 5.93015400e+00 1.04611700e+00 9.19317000e-01 9.04616100e-01 7.61844900e-01 9.98464200e-01 1.00327900e+00 9.85521400e-01 9.94050400e-01 6.92657500e+01 6.94681600e-01 3.05318400e-01 1.46483900e-01 1.01463200e-01 8.21295200e-01 8.28543100e-01 4.53811700e-01 6.10502600e-01 9.86824700e-01 1.00328600e+02 2.41814500e+00 8.05511500e+00 2.11583600e+00 1.88794500e+00 1.20512400e+03 5.67238900e+03 2.52683600e+03 8.09968400e+02 2.27286300e+02 9.76976500e-01 2.49083800e-01 2.50423600e-01 2.69106500e+00 1.35378600e+01 1.09055400e+03 1.42200000e+02 1.04066400e+00 1.36643600e+01 1.06031400e+03 1.44845900e+02 1.42163000e-01 1.61723900e-01 3.35785600e+03 1.04409100e-02 8.21200900e-01 4.53538600e-01 7.45742400e+01 6.26327300e+02 8.47578500e+01 1.49520700e+03 9.15322500e+01 1.93786400e+03 9.72036200e+01 2.25575300e+03 2.39729100e+02 5.65411300e+03 4.58940700e-01 7.59543100e-01 4.78925700e-01 6.73957600e-01 4.78242100e-01 6.30994300e-01 4.73704500e-01 6.00579000e-01 3.03032400e-01 3.12712500e-01 3.45863800e+01 1.10125100e+02 3.46681800e+01 9.62389400e+00 3.96581400e+02 2.17700100e+01 1.15207100e+04 7.06599800e+02 1.07842500e-03 1.60798500e+00 3.61498800e+00 6.30683700e+00 1.19486800e+04 5.22405100e+00
5.04569000e-01 6.33590300e+03 2.26403300e-02 1.30618500e-01 1.03986700e+00 4.65481300e-02 3.71592100e+00 3.04903000e+00 9.85039800e-01 9.98223000e-01 2.87416200e+02 5.29407800e+01 1.04800400e+02 4.06177000e+01 2.58058100e+00 4.98225000e-01 8.42863300e-01 4.90275200e-01 4.04450300e+00 1.12147500e+00 1.13735600e+00 1.11989000e+00 1.27287300e+00 9.98870200e-01 1.00263000e+00 1.00369600e+00 9.99464800e-01 7.12139900e+01 6.96527600e-01 3.03472400e-01 1.53904000e-01 1.09601200e-01 8.32325000e-01 8.37128100e-01 4.58514000e-01 6.17764200e-01 9.86302800e-01 1.00408900e+02 2.40206500e+00 7.03582800e+00 2.10948600e+00 1.92196500e+00 1.20105100e+03 5.69800600e+03 2.53754600e+03 8.08719700e+02 2.25342900e+02 9.85039800e-01 2.54068100e-01 2.55425700e-01 2.76333800e+00 1.31898700e+01 1.09112300e+03 1.38506700e+02 1.03960700e+00 1.33229800e+01 1.06184000e+03 1.40996100e+02 1.45233100e-01 1.62361400e-01 3.36021100e+03 1.07069600e-02 8.21313200e-01 4.53351600e-01 7.66400100e+01 6.09317500e+02 8.70543600e+01 1.45502800e+03 9.39852200e+01 1.88607000e+03 9.97889500e+01 2.19569200e+03 2.45788800e+02 5.50855800e+03 4.63818700e-01 7.69927700e-01 4.84487000e-01 6.83373600e-01 4.84015800e-01 6.39893200e-01 4.79569400e-01 6.09100000e-01 3.07357100e-01 3.17291700e-01 3.49029500e+01 1.11106200e+02 3.47532400e+01 1.03694700e+01 3.96069400e+02 2.13156200e+01 1.15262600e+04 7.06567600e+02 3.72167900e-04 1.67729600e+00 3.69557700e+00 5.84546000e+00 1.19540200e+04 5.37324500e+00
3.82448800e-01 6.33719600e+03 2.26216700e-02 1.27619100e-01 1.04033400e+00 4.31448000e-02 3.56863300e+00 3.03485600e+00 9.78580600e-01 9.98538600e-01 2.76333000e+02 5.04982700e+01 8.71697500e+01 4.62907500e+01 2.21022000e+00 3.85822100e-01 9.80376800e-01 1.53097600e-01 8.34852300e+00 5.99167600e-01 9.76714800e-01 9.42250900e-01 8.00981800e-01 9.96212900e-01 1.00053500e+00 1.00540200e+00 9.90320800e-01 7.07269300e+01 6.98366800e-01 3.01633200e-01 1.50885900e-01 1.06717000e-01 8.19590500e-01 8.21818400e-01 4.50128500e-01 6.07388700e-01 9.74550900e-01 1.00710400e+02 2.39213400e+00 6.60858200e+00 2.07979900e+00 1.90785900e+00 1.21020000e+03 5.71692200e+03 2.53048900e+03 8.07182100e+02 2.25229500e+02 9.78580600e-01 2.52241100e-01 2.53592200e-01 2.71737400e+00 1.33034300e+01 1.09075700e+03 1.39876500e+02 1.04016400e+00 1.34475500e+01 1.06145900e+03 1.42393300e+02 1.44191200e-01 1.62019800e-01 3.35490000e+03 1.05926300e-02 8.22487800e-01 4.53985600e-01 7.60831800e+01 6.13649300e+02 8.63712300e+01 1.46579900e+03 9.32209300e+01 1.90031300e+03 9.89580800e+01 2.21250500e+03 2.43428700e+02 5.55575900e+03 4.55516600e-01 7.58337100e-01 4.76285200e-01 6.73296100e-01 4.76043300e-01 6.30544900e-01 4.71817200e-01 6.00256500e-01 3.02987900e-01 3.12858100e-01 3.88960900e+01 1.09044000e+02 3.62452300e+01 1.09501000e+01 3.96694600e+02 2.18369100e+01 1.15229500e+04 7.06541200e+02 1.86294900e-03 1.89191900e+00 3.48366500e+00 1.00418200e+01 1.19524300e+04 5.37744700e+00
5.46219300e-01 6.33202700e+03 2.21323400e-02 1.21654600e-01 1.04052200e+00 4.25608200e-02 3.18797900e+00 3.02696500e+00 9.67832000e-01 1.00267900e+00 2.64901700e+02 5.98716800e+01 9.44033200e+01 5.11074600e+01 3.46427900e+00 6.71651400e-01 5.00331400e-01 1.39271100e-01 1.99329900e+00 1.27628600e+00 9.26715300e-01 9.41708300e-01 1.19113900e+00 9.97389600e-01 1.00252300e+00 9.98360100e-01 9.91737500e-01 6.80865500e+01 6.88440500e-01 3.11559500e-01 1.44432100e-01 9.83388200e-02 8.06929100e-01 8.22328300e-01 4.50407800e-01 6.02865800e-01 9.77923100e-01 9.95532000e+01 2.41315600e+00 6.52008100e+00 2.06345200e+00 1.89507500e+00 1.22714000e+03 5.73208100e+03 2.54345400e+03 8.14614100e+02 2.28501100e+02 9.67832000e-01 2.47180200e-01 2.48513200e-01 2.68061400e+00 1.36941000e+01 1.09050700e+03 1.43487300e+02 1.04064000e+00 1.37883700e+01 1.05962800e+03 1.46215700e+02 1.41065900e-01 1.61515700e-01 3.37179100e+03 1.03886800e-02 8.17905900e-01 4.51960300e-01 7.34097000e+01 6.36711300e+02 8.35992000e+01 1.51850100e+03 9.03678900e+01 1.96707500e+03 9.60299300e+01 2.28895300e+03 2.37845100e+02 5.72008500e+03 4.54950300e-01 7.45641200e-01 4.73199500e-01 6.60945200e-01 4.71796000e-01 6.18530800e-01 4.66838400e-01 5.88542500e-01 2.96728500e-01 3.05921400e-01 3.84236100e+01 1.10926900e+02 3.79748400e+01 1.00280900e+01 3.96658000e+02 2.26380900e+01 1.15140700e+04 7.06750400e+02 3.62172600e-02 1.21731700e+00 4.56728800e+00 8.09068400e+00 1.19433900e+04 5.82082300e+00
9.45736400e-01 6.32960900e+03 2.24966200e-02 1.19564400e-01 1.04086200e+00 5.11613600e-02 3.11694700e+00 3.04868600e+00 9.74506500e-01 1.00638300e+00 2.32818100e+02 4.29872900e+01 1.10838800e+02 4.20783600e+01 8.13206000e+00 8.45831600e-01 9.65285800e-01 8.86039600e-01 4.52886900e-01 1.17610100e+00 9.41431500e-01 8.82164200e-01 8.03543400e-01 9.98681000e-01 9.99682500e-01 9.98663000e-01 9.95121200e-01 6.84198000e+01 6.95155000e-01 3.04845000e-01 1.42706100e-01 9.76392600e-02 8.11757500e-01 8.18286200e-01 4.48193800e-01 6.03178800e-01 9.81375900e-01 1.00380100e+02 2.41472400e+00 7.33184800e+00 2.10876200e+00 1.90366000e+00 1.22405600e+03 5.78518400e+03 2.57130000e+03 8.29443200e+02 2.34388500e+02 9.74506500e-01 2.46387600e-01 2.47717700e-01 2.58683500e+00 1.37111300e+01 1.08979200e+03 1.44093900e+02 1.04099400e+00 1.38419500e+01 1.06023800e+03 1.46712000e+02 1.41093900e-01 1.60858600e-01 3.36278200e+03 1.03123500e-02 8.20770900e-01 4.53187500e-01 7.36567200e+01 6.34094400e+02 8.37020800e+01 1.51386600e+03 9.03852600e+01 1.96212300e+03 9.59806100e+01 2.28405400e+03 2.36632800e+02 5.72641400e+03 4.53314000e-01 7.50774700e-01 4.73180300e-01 6.66235800e-01 4.72564300e-01 6.23789700e-01 4.68120300e-01 5.93737300e-01 2.99625900e-01 3.09204900e-01 2.66748500e+01 1.07094500e+02 3.18911600e+01 9.08958700e+00 3.95723000e+02 2.17357400e+01 1.15098500e+04 7.06591000e+02 4.89377500e-04 1.67729600e+00 3.58431900e+00 1.09631200e+01 1.19364000e+04 5.26210500e+00
1.32141400e+00 6.33105800e+03 2.24663000e-02 1.17215600e-01 1.04132600e+00 6.48946200e-02 3.01057100e+00 3.06753700e+00 9.69426500e-01 1.00481400e+00 2.15159300e+02 3.26040900e+01 1.06828000e+02 3.58813500e+01 8.04324200e+00 6.96881700e-01 6.81093900e-01 5.51126700e-01 3.67447400e+00 1.06908800e+00 1.03914400e+00 1.04641900e+00 1.12477400e+00 9.97590000e-01 9.99883400e-01 9.94176900e-01 9.97044100e-01 6.81414800e+01 6.97783400e-01 3.02216600e-01 1.40327100e-01 9.56209400e-02 8.13509500e-01 8.16509400e-01 4.47220600e-01 6.03173400e-01 9.85500500e-01 1.00784600e+02 2.44181700e+00 8.65020800e+00 2.14889200e+00 1.88733000e+00 1.23402300e+03 5.78999500e+03 2.55869400e+03 8.25383800e+02 2.33696500e+02 9.69426500e-01 2.44957200e-01 2.46282100e-01 2.55569900e+00 1.38005600e+01 1.08952400e+03 1.45260500e+02 1.04152800e+00 1.39468700e+01 1.05993300e+03 1.47904900e+02 1.40220900e-01 1.60642600e-01 3.35390600e+03 1.02121400e-02 8.22590600e-01 4.54167700e-01 7.33137200e+01 6.36870800e+02 8.32422700e+01 1.52113100e+03 8.98517500e+01 1.97195800e+03 9.53872900e+01 2.29584700e+03 2.34737300e+02 5.76343600e+03 4.52569400e-01 7.52663200e-01 4.73071600e-01 6.68208800e-01 4.72770100e-01 6.25761200e-01 4.68532900e-01 5.95691200e-01 3.00736500e-01 3.10463800e-01 2.77228100e+01 1.05723000e+02 2.94143100e+01 8.46264400e+00 3.99264400e+02 2.28176900e+01 1.15083700e+04 7.06549000e+02 3.82041900e-03 1.89191900e+00 3.37211800e+00 1.13839500e+01 1.19389100e+04 5.26785700e+00
1.24705500e+00 6.32868300e+03 2.25216900e-02 1.18862700e-01 1.04092300e+00 5.64314600e-02 3.07824100e+00 3.05159000e+00 9.66723600e-01 1.00181300e+00 2.07848000e+02 3.57863600e+01 1.23725600e+02 2.83704600e+01 4.67298300e+00 8.82278300e-01 7.38018000e-03 8.09851400e-01 5.66216600e+00 8.72087100e-01 7.58494200e-01 1.05471000e+00 1.11145300e+00 9.97722000e-01 1.00188800e+00 1.00208400e+00 9.97597600e-01 6.82586700e+01 6.95166100e-01 3.04833900e-01 1.42029600e-01 9.69475000e-02 8.09243000e-01 8.15736500e-01 4.46797300e-01 6.01304900e-01 9.79490100e-01 1.00381700e+02 2.43295900e+00 7.84759500e+00 2.11489400e+00 1.88917800e+00 1.23740900e+03 5.79241900e+03 2.55010100e+03 8.20285300e+02 2.31583400e+02 9.66723600e-01 2.45882600e-01 2.47210900e-01 2.56912900e+00 1.37436400e+01 1.08966300e+03 1.44448000e+02 1.04107800e+00 1.38748500e+01 1.06023800e+03 1.47060800e+02 1.40889800e-01 1.60709700e-01 3.36408200e+03 1.02897500e-02 8.20623000e-01 4.53092000e-01 7.34830700e+01 6.35592000e+02 8.35044400e+01 1.51744400e+03 9.01716800e+01 1.96676300e+03 9.57536900e+01 2.28945700e+03 2.36071400e+02 5.73999100e+03 4.51906400e-01 7.48450800e-01 4.71714500e-01 6.64175600e-01 4.71102100e-01 6.21861700e-01 4.66673000e-01 5.91902800e-01 2.98705700e-01 3.08252700e-01 2.64016200e+01 1.08146800e+02 3.19948400e+01 8.53664100e+00 3.96436000e+02 2.34932300e+01 1.15105900e+04 7.06590800e+02 4.74353100e-04 1.67729600e+00 3.58299900e+00 6.46363900e+00 1.19390500e+04 5.26077000e+00
3.02742900e-01 6.33130700e+03 2.22665300e-02 1.17204800e-01 1.04099400e+00 4.56941100e-02 3.00428200e+00 3.01938100e+00 9.67542100e-01 1.00029400e+00 2.43764500e+02 5.17014800e+01 1.12250800e+02 3.83927900e+01 2.79458100e+00 7.86042100e-01 2.95284300e-01 8.30917400e-01 1.38841100e+00 9.13316100e-01 6.42124500e-01 9.63781500e-01 1.13153600e+00 9.98216600e-01 1.00124400e+00 1.00456300e+00 9.97787500e-01 6.77935800e+01 6.95131800e-01 3.04868200e-01 1.40116500e-01 9.49899800e-02 7.94317600e-01 8.00736400e-01 4.38581400e-01 5.90231300e-01 9.64716900e-01 1.00445300e+02 2.39055700e+00 6.75506600e+00 2.04786000e+00 1.86900700e+00 1.21892400e+03 5.72547600e+03 2.53434100e+03 8.16494000e+02 2.30317800e+02 9.67542100e-01 2.44793000e-01 2.46117300e-01 2.59063600e+00 1.38373700e+01 1.08976400e+03 1.45449700e+02 1.04121800e+00 1.39691900e+01 1.05947500e+03 1.48163500e+02 1.39821900e-01 1.60843400e-01 3.35169200e+03 1.02010700e-02 8.22167000e-01 4.54090000e-01 7.29840900e+01 6.39939100e+02 8.29380400e+01 1.52781700e+03 8.95603900e+01 1.98020300e+03 9.51048000e+01 2.30509900e+03 2.34475600e+02 5.77914100e+03 4.43597000e-01 7.34646200e-01 4.63037000e-01 6.51925500e-01 4.62434300e-01 6.10392300e-01 4.58085600e-01 5.80986300e-01 2.93208100e-01 3.02572300e-01 2.86756100e+01 1.06740000e+02 3.24146800e+01 1.13673200e+01 3.96109300e+02 2.24480300e+01 1.15142800e+04 7.06591400e+02 5.09040000e-05 1.74777200e+00 3.48550500e+00 6.58734500e+00 1.19442000e+04 5.23332800e+00
4.84685000e-01 6.33417200e+03 2.20194400e-02 1.14100600e-01 1.04144100e+00 4.98033000e-02 2.69383800e+00 3.01120800e+00 9.58260800e-01 9.98832400e-01 2.88100800e+02 4.00743200e+01 9.24148900e+01 4.12661800e+01 2.47745300e-01 5.18811800e-01 6.21924300e-01 6.81348100e-01 4.97183400e+00 9.25040200e-01 9.63796700e-01 9.83415200e-01 8.30485300e-01 9.96594000e-01 1.00314700e+00 9.99779700e-01 9.83482800e-01 6.51898200e+01 6.78177800e-01 3.21822200e-01 1.36765200e-01 8.91569700e-02 7.88677800e-01 8.16858800e-01 4.47412000e-01 5.94023500e-01 9.76809200e-01 9.83961600e+01 2.42361000e+00 7.15484600e+00 2.03119300e+00 1.83862300e+00 1.21884200e+03 5.65536500e+03 2.51674500e+03 8.15538000e+02 2.31776300e+02 9.58260800e-01 2.40413000e-01 2.41721200e-01 2.52800500e+00 1.41724800e+01 1.08948700e+03 1.48104300e+02 1.04190000e+00 1.42148300e+01 1.05840700e+03 1.50937900e+02 1.37999700e-01 1.60151200e-01 3.41426300e+03 1.01713700e-02 8.10318800e-01 4.48088800e-01 7.04491600e+01 6.64235300e+02 8.04859400e+01 1.58159800e+03 8.71377900e+01 2.04715800e+03 9.26949400e+01 2.38079100e+03 2.31141800e+02 5.92097600e+03 4.51060800e-01 7.27804400e-01 4.66660400e-01 6.44077000e-01 4.64125600e-01 6.02310100e-01 4.58492500e-01 5.72840400e-01 2.88490200e-01 2.96970400e-01 2.86579800e+01 1.04336200e+02 2.98251700e+01 9.88306600e+00 3.95655400e+02 2.32043500e+01 1.15153200e+04 7.07134500e+02 1.79993700e-01 6.25207500e-01 7.27068900e+00 9.07105900e+00 1.19440600e+04 8.07589000e+00
9.49032600e-01 6.33094500e+03 2.24145200e-02 1.19522000e-01 1.04078700e+00 5.16480900e-02 3.03781400e+00 3.03316400e+00 9.65153900e-01 9.97989500e-01 2.41721900e+02 3.87074700e+01 1.22440900e+02 3.24438100e+01 5.35469100e+00 6.74763300e-01 8.05219000e-01 5.45344000e-01 3.94167100e+00 1.02862600e+00 8.05157700e-01 9.38716600e-01 6.89720800e-01 9.98369800e-01 1.00009700e+00 9.85207300e-01 9.86831500e-01 6.74163800e+01 6.86286700e-01 3.13713300e-01 1.42581700e-01 9.61234200e-02 8.05098000e-01 8.23293300e-01 4.50936300e-01 6.02534600e-01 9.80541700e-01 9.92427200e+01 2.42828200e+00 7.38983200e+00 2.07628300e+00 1.87251600e+00 1.22436700e+03 5.71368700e+03 2.52739500e+03 8.13824300e+02 2.29878500e+02 9.65153900e-01 2.45303400e-01 2.46629500e-01 2.57440700e+00 1.38033800e+01 1.08981300e+03 1.44561800e+02 1.04097600e+00 1.38871400e+01 1.06000900e+03 1.47208600e+02 1.40807100e-01 1.60661800e-01 3.39557700e+03 1.03579500e-02 8.14498100e-01 4.49972800e-01 7.27233400e+01 6.42876100e+02 8.28735400e+01 1.53268600e+03 8.96128300e+01 1.98511300e+03 9.52487600e+01 2.30966700e+03 2.36249500e+02 5.76595900e+03 4.55298700e-01 7.43740300e-01 4.73030700e-01 6.59032000e-01 4.71381100e-01 6.16646100e-01 4.66265200e-01 5.86691000e-01 2.95727500e-01 3.04786700e-01 2.81387000e+01 1.07510800e+02 3.12614600e+01 8.85659000e+00 3.95758300e+02 2.33278200e+01 1.15140100e+04 7.06817000e+02 6.45995400e-02 1.03858200e+00 5.24368500e+00 6.77052900e+00 1.19419600e+04 6.34686600e+00
7.09812000e-01 6.33281400e+03 2.22544500e-02 1.19994300e-01 1.04114900e+00 5.11906000e-02 2.94202900e+00 3.02979900e+00 9.55191900e-01 9.96225800e-01 2.58319500e+02 4.64637500e+01 1.02316500e+02 3.70304600e+01 3.47762600e+00 6.31110500e-01 5.55488600e-01 5.31761300e-01 3.69417900e+00 1.08109600e+00 1.11219700e+00 1.09957900e+00 1.24887200e+00 9.97983800e-01 1.00113500e+00 1.00373700e+00 9.90470200e-01 6.61273200e+01 6.73222700e-01 3.26777300e-01 1.42893900e-01 9.44919100e-02 8.06094600e-01 8.41300900e-01 4.60799500e-01 6.09465300e-01 9.91278200e-01 9.77015500e+01 2.46568800e+00 7.37152100e+00 2.06930700e+00 1.86793300e+00 1.24092000e+03 5.70241000e+03 2.51819100e+03 8.09568700e+02 2.28813100e+02 9.55191900e-01 2.43945400e-01 2.45266700e-01 2.57125800e+00 1.39112900e+01 1.08996200e+03 1.45044200e+02 1.04141400e+00 1.39276200e+01 1.05958900e+03 1.47747600e+02 1.40488500e-01 1.60558000e-01 3.44743800e+03 1.04482000e-02 8.05115700e-01 4.45194300e-01 7.15412300e+01 6.54459700e+02 8.18592200e+01 1.55712100e+03 8.86899300e+01 2.01470100e+03 9.43930200e+01 2.34241300e+03 2.36121100e+02 5.81231100e+03 4.64066300e-01 7.43393800e-01 4.78887800e-01 6.57348100e-01 4.75722900e-01 6.14504500e-01 4.69579600e-01 5.84304800e-01 2.94037900e-01 3.02505100e-01 3.16529300e+01 1.05884200e+02 3.24658500e+01 8.87550300e+00 3.95801600e+02 2.54834500e+01 1.15110800e+04 7.07379000e+02 3.22643200e-01 3.80658100e-01 1.01457100e+01 6.16163000e+00 1.19412400e+04 1.08490100e+01
8.57233700e-01 6.33286200e+03 2.25080000e-02 1.17735800e-01 1.04168100e+00 5.45101100e-02 2.94449100e+00 3.03232000e+00 9.63668400e-01 9.97423300e-01 2.80744900e+02 4.35600200e+01 9.13633100e+01 4.19798700e+01 3.50657400e+00 7.55695800e-01 2.76256800e-01 3.57109000e-01 4.42656100e+00 8.30219500e-01 7.33454300e-01 9.57256400e-01 1.09309500e+00 9.98039700e-01 1.00232300e+00 9.97435600e-01 9.91557500e-01 6.73321500e+01 6.89235200e-01 3.10764800e-01 1.40888900e-01 9.48635500e-02 8.01534300e-01 8.15788200e-01 4.46825600e-01 5.98453100e-01 9.76811700e-01 9.96898600e+01 2.42584400e+00 7.62176500e+00 2.07453000e+00 1.86025600e+00 1.22403200e+03 5.71122200e+03 2.52198700e+03 8.14259100e+02 2.30731300e+02 9.63668400e-01 2.44079500e-01 2.45401200e-01 2.52569900e+00 1.38577600e+01 1.08945000e+03 1.45427900e+02 1.04191900e+00 1.39577000e+01 1.06000900e+03 1.48056800e+02 1.40348200e-01 1.60372200e-01 3.39769400e+03 1.02992100e-02 8.15002400e-01 4.50185600e-01 7.25810900e+01 6.43923900e+02 8.26353500e+01 1.53589000e+03 8.93153700e+01 1.98972300e+03 9.49038000e+01 2.31540800e+03 2.34932300e+02 5.78834700e+03 4.51436700e-01 7.40735200e-01 4.69740300e-01 6.56684300e-01 4.68438400e-01 6.14580000e-01 4.63576500e-01 5.84806300e-01 2.94901900e-01 3.04055300e-01 3.09329200e+01 1.03515300e+02 3.25835700e+01 9.14948300e+00 3.96036700e+02 2.34827100e+01 1.15183700e+04 7.06727600e+02 2.63899600e-02 1.27934900e+00 4.29710800e+00 6.35830600e+00 1.19470300e+04 5.60284600e+00
9.51495000e-01 6.33121000e+03 2.24401800e-02 1.21545800e-01 1.04108900e+00 5.46213900e-02 3.14723800e+00 3.04415700e+00 9.66728200e-01 9.97392800e-01 2.46321900e+02 4.41330200e+01 1.13082300e+02 2.97112500e+01 4.49341400e+00 7.38415300e-01 1.65284500e-01 9.10359700e-01 6.19354300e+00 1.14017700e+00 1.12965100e+00 1.05399200e+00 1.31442700e+00 9.98251200e-01 9.98472200e-01 9.93177900e-01 9.92135800e-01 6.81048600e+01 6.88178800e-01 3.11821200e-01 1.44631100e-01 9.85008200e-02 8.13639800e-01 8.29515200e-01 4.54344200e-01 6.08007000e-01 9.85923300e-01 9.95061200e+01 2.43835400e+00 7.73468000e+00 2.09923300e+00 1.88198900e+00 1.22638700e+03 5.71674500e+03 2.52817400e+03 8.11898600e+02 2.28787600e+02 9.66728200e-01 2.46767300e-01 2.48098800e-01 2.60741200e+00 1.36875500e+01 1.09006400e+03 1.43482400e+02 1.04120000e+00 1.37804900e+01 1.06027600e+03 1.46107200e+02 1.41579100e-01 1.61022300e-01 3.39468500e+03 1.04310900e-02 8.15046600e-01 4.50249700e-01 7.34303200e+01 6.36553700e+02 8.36304600e+01 1.51805400e+03 9.04057500e+01 1.96645000e+03 9.60731200e+01 2.28818900e+03 2.37999000e+02 5.71737300e+03 4.58924700e-01 7.51812600e-01 4.77259200e-01 6.66383100e-01 4.75809100e-01 6.23606200e-01 4.70786500e-01 5.93363400e-01 2.99148200e-01 3.08401300e-01 3.13249200e+01 1.05156600e+02 3.13991900e+01 8.91039600e+00 3.96146500e+02 2.35463600e+01 1.15133400e+04 7.06758100e+02 4.05296600e-02 1.15641700e+00 4.68439000e+00 7.83790400e+00 1.19419400e+04 5.88133700e+00
3.26924900e-01 6.32959000e+03 2.22498900e-02 1.17343600e-01 1.04121300e+00 4.95039600e-02 2.94312200e+00 3.01827700e+00 9.62068500e-01 9.97896200e-01 2.50979700e+02 4.18224100e+01 1.06226300e+02 3.49106200e+01 1.40923800e+00 5.12588000e-01 7.88915300e-01 9.93061000e-01 7.92856600e+00 1.12455300e+00 1.16061300e+00 1.05294800e+00 9.97134700e-01 9.95259200e-01 1.00174900e+00 9.89862000e-01 9.86991500e-01 6.70867900e+01 6.88402800e-01 3.11597200e-01 1.40238600e-01 9.40815800e-02 7.94850000e-01 8.10067700e-01 4.43692400e-01 5.93859300e-01 9.70435500e-01 9.95961700e+01 2.41151400e+00 7.15789800e+00 2.04560100e+00 1.85277400e+00 1.22053700e+03 5.68404700e+03 2.51178100e+03 8.09093900e+02 2.28507400e+02 9.62068500e-01 2.43958400e-01 2.45279600e-01 2.57250600e+00 1.38978500e+01 1.08973500e+03 1.45738200e+02 1.04147900e+00 1.39934000e+01 1.05939900e+03 1.48458700e+02 1.39737700e-01 1.60662000e-01 3.38256400e+03 1.02524100e-02 8.16634600e-01 4.51218800e-01 7.23312500e+01 6.46208100e+02 8.23723000e+01 1.54113800e+03 8.90423000e+01 1.99639200e+03 9.46217600e+01 2.32306100e+03 2.34364600e+02 5.80519100e+03 4.48195300e-01 7.34478700e-01 4.66166200e-01 6.51050900e-01 4.64780400e-01 6.09272000e-01 4.59894700e-01 5.79733300e-01 2.92316000e-01 3.01352300e-01 3.12635800e+01 1.08599500e+02 3.19963600e+01 1.10536100e+01 3.95683300e+02 2.32377000e+01 1.15078500e+04 7.06751400e+02 3.27652300e-02 1.21731700e+00 4.43076000e+00 8.92647800e+00 1.19378200e+04 5.68084300e+00
7.61159700e-01 6.33069700e+03 2.23396800e-02 1.22000200e-01 1.04031100e+00 5.00056400e-02 3.17015000e+00 3.02948000e+00 9.66976400e-01 9.95505300e-01 2.02440700e+02 3.65643000e+01 1.10226300e+02 3.63414100e+01 6.72725300e+00 6.89316100e-01 5.80189200e-01 3.77757900e-01 3.42549400e+00 1.14839300e+00 9.76325200e-01 1.02874900e+00 1.14932600e+00 9.98039600e-01 1.00079400e+00 9.92163800e-01 1.00018800e+00 6.78631600e+01 6.85185200e-01 3.14814800e-01 1.44985100e-01 9.83914400e-02 8.08264100e-01 8.27980700e-01 4.53503700e-01 6.05434300e-01 9.81151900e-01 9.90699800e+01 2.42328000e+00 7.28607200e+00 2.06864800e+00 1.87176900e+00 1.21589900e+03 5.67113700e+03 2.51183200e+03 8.05893500e+02 2.26650400e+02 9.66976400e-01 2.47030900e-01 2.48363300e-01 2.63419600e+00 1.36991800e+01 1.09025400e+03 1.43331000e+02 1.04041800e+00 1.37762900e+01 1.06012300e+03 1.45984900e+02 1.41542700e-01 1.61112800e-01 3.39273300e+03 1.04409000e-02 8.14528700e-01 4.50036100e-01 7.32210800e+01 6.38587000e+02 8.34702900e+01 1.52219100e+03 9.02736000e+01 1.97134400e+03 9.59622400e+01 2.29350400e+03 2.38198000e+02 5.72255300e+03 4.57793800e-01 7.46552200e-01 4.75340200e-01 6.61399600e-01 4.73551000e-01 6.18809800e-01 4.68324800e-01 5.88717600e-01 2.96688700e-01 3.05738600e-01 2.93901600e+01 1.07084900e+02 3.19331100e+01 9.26077300e+00 3.95747400e+02 2.31196200e+01 1.15115900e+04 7.06854100e+02 8.46134400e-02 9.26576500e-01 5.71954000e+00 8.09015500e+00 1.19397200e+04 6.73073000e+00
5.43092800e-01 6.33393000e+03 2.24259500e-02 1.24070100e-01 1.03993700e+00 5.57551000e-02 3.37159800e+00 3.04890600e+00 9.77799700e-01 9.99783700e-01 2.53193300e+02 4.07067600e+01 9.82994500e+01 4.21980000e+01 4.58025200e+00 7.46619700e-01 6.04856600e-01 5.76476500e-01 9.14019400e+00 1.24136800e+00 8.77797700e-01 8.59913200e-01 8.87155500e-01 9.98398000e-01 9.99615700e-01 9.96422100e-01 9.88840000e-01 6.94049100e+01 6.94540200e-01 3.05459800e-01 1.47141200e-01 1.02123200e-01 8.19769400e-01 8.27195300e-01 4.53073500e-01 6.09438900e-01 9.84003400e-01 1.00215100e+02 2.41212500e+00 7.92083700e+00 2.10922600e+00 1.88666500e+00 1.20219100e+03 5.67082600e+03 2.52157600e+03 8.07916400e+02 2.26571400e+02 9.77799700e-01 2.49675600e-01 2.51017600e-01 2.68726600e+00 1.35091600e+01 1.09051700e+03 1.41784900e+02 1.03990400e+00 1.36344200e+01 1.06061900e+03 1.44391900e+02 1.42567500e-01 1.61619100e-01 3.35418200e+03 1.04586800e-02 8.21605300e-01 4.53659300e-01 7.47241900e+01 6.25082000e+02 8.49326800e+01 1.49219600e+03 9.17234000e+01 1.93393600e+03 9.74082900e+01 2.25115900e+03 2.40261200e+02 5.64214900e+03 4.58192300e-01 7.58114900e-01 4.78102500e-01 6.72671200e-01 4.77400100e-01 6.29782000e-01 4.72857400e-01 5.99420100e-01 3.02436300e-01 3.12092600e-01 3.39118700e+01 1.09211700e+02 3.69160000e+01 1.01874300e+01 3.96314100e+02 2.14577600e+01 1.15188800e+04 7.06602500e+02 3.42787000e-03 1.53969800e+00 3.80807000e+00 9.06383600e+00 1.19468400e+04 5.35119600e+00
8.25806400e-01 6.33369800e+03 2.23793500e-02 1.24449000e-01 1.03979100e+00 6.06060400e-02 3.39180900e+00 3.05770500e+00 9.76866000e-01 9.95855200e-01 2.29688900e+02 3.08520500e+01 8.19474300e+01 4.65039400e+01 3.63239600e+00 6.27163800e-01 6.75465100e-01 4.69608400e-01 9.21235700e+00 1.13220600e+00 7.50969000e-01 9.14261000e-01 9.24304800e-01 9.99140100e-01 1.00348700e+00 1.00284500e+00 9.96971400e-01 6.94122300e+01 6.93915100e-01 3.06084900e-01 1.47473500e-01 1.02364600e-01 8.23777300e-01 8.32089700e-01 4.55754300e-01 6.12731600e-01 9.88762100e-01 1.00129000e+02 2.42554500e+00 8.43048100e+00 2.12786600e+00 1.88496200e+00 1.20429200e+03 5.66325200e+03 2.51568100e+03 8.04825100e+02 2.25502900e+02 9.76866000e-01 2.49916700e-01 2.51259600e-01 2.70315700e+00 1.34997800e+01 1.09062900e+03 1.41631200e+02 1.03975100e+00 1.36216600e+01 1.06054300e+03 1.44252700e+02 1.42608300e-01 1.61724300e-01 3.35307300e+03 1.04688000e-02 8.21579700e-01 4.53678200e-01 7.47448500e+01 6.24952000e+02 8.49725300e+01 1.49174300e+03 9.17750500e+01 1.93325400e+03 9.74693900e+01 2.25028900e+03 2.40512600e+02 5.63830400e+03 4.60832500e-01 7.61759500e-01 4.80702200e-01 6.75836800e-01 4.79923400e-01 6.32717200e-01 4.75308500e-01 6.02196200e-01 3.03810700e-01 3.13483600e-01 2.95235000e+01 1.07160900e+02 3.32675400e+01 9.33692900e+00 3.97747300e+02 2.20978900e+01 1.15144300e+04 7.06614900e+02 5.70392200e-03 1.53969800e+00 3.89863300e+00 1.17210300e+01 1.19436200e+04 5.44403500e+00
3.76514400e-01 6.33175600e+03 2.21338800e-02 1.17838500e-01 1.04068300e+00 5.17366500e-02 3.04352700e+00 3.03386400e+00 9.70328900e-01 1.00308800e+00 2.30131000e+02 2.50902100e+01 9.25326200e+01 4.19282800e+01 1.18283900e+00 4.21110700e-01 6.92185400e-01 3.00351200e-01 9.07730000e+00 9.50384000e-01 1.18911900e+00 9.89385800e-01 9.75259800e-01 9.95969400e-01 1.00196900e+00 1.00010700e+00 9.93311700e-01 6.78155500e+01 6.94239800e-01 3.05760200e-01 1.40617600e-01 9.53605800e-02 8.02202900e-01 8.09867800e-01 4.43582900e-01 5.96526200e-01 9.74136000e-01 1.00327700e+02 2.40375200e+00 7.43255600e+00 2.07773600e+00 1.87349400e+00 1.21471300e+03 5.70786200e+03 2.53710800e+03 8.16764300e+02 2.30183300e+02 9.70328900e-01 2.45265300e-01 2.46591300e-01 2.62971500e+00 1.38217600e+01 1.09002800e+03 1.45186400e+02 1.04089200e+00 1.39482700e+01 1.05924600e+03 1.47942000e+02 1.39800500e-01 1.61109400e-01 3.34600500e+03 1.02107100e-02 8.22623000e-01 4.54422300e-01 7.30201400e+01 6.39689600e+02 8.30032100e+01 1.52700000e+03 8.96435400e+01 1.97899800e+03 9.52023500e+01 2.30357700e+03 2.34865300e+02 5.77273900e+03 4.48591100e-01 7.41848000e-01 4.68021000e-01 6.58215500e-01 4.67304500e-01 6.16239500e-01 4.62838900e-01 5.86525700e-01 2.95964500e-01 3.05376900e-01 2.74648200e+01 1.08926000e+02 3.05358700e+01 1.09142400e+01 3.95753500e+02 2.18638500e+01 1.15153100e+04 7.06608400e+02 1.02459900e-03 1.60798500e+00 3.56652300e+00 7.88203900e+00 1.19438500e+04 5.17553300e+00
1.21432700e+00 6.33416900e+03 2.21741400e-02 1.15263100e-01 1.04124800e+00 6.23673400e-02 2.81496000e+00 3.05132600e+00 9.61452400e-01 1.00236500e+00 2.28150900e+02 2.69557700e+01 1.36415600e+02 1.95445400e+01 4.86074700e+00 7.51355600e-01 5.65582000e-02 3.11184700e-01 3.66930700e+00 1.33984800e+00 1.04441500e+00 1.03977700e+00 8.65719600e-01 9.99465500e-01 9.98349900e-01 9.91111100e-01 9.88573000e-01 6.62701400e+01 6.85585600e-01 3.14414400e-01 1.38082300e-01 9.15073700e-02 8.05003400e-01 8.24115800e-01 4.51386800e-01 6.02800100e-01 9.88869000e-01 9.92641600e+01 2.45546900e+00 8.41522200e+00 2.11433700e+00 1.86639100e+00 1.23558600e+03 5.74038800e+03 2.54355000e+03 8.22005200e+02 2.33325300e+02 9.61452400e-01 2.42168900e-01 2.43483600e-01 2.54197500e+00 1.40338800e+01 1.08952000e+03 1.47019800e+02 1.04159700e+00 1.41148400e+01 1.05894100e+03 1.49787200e+02 1.38813000e-01 1.60340800e-01 3.38944800e+03 1.01832700e-02 8.15105800e-01 4.50474400e-01 7.14924700e+01 6.54000300e+02 8.14903200e+01 1.55902100e+03 8.81273200e+01 2.01910100e+03 9.36771700e+01 2.34911300e+03 2.32468900e+02 5.86232300e+03 4.55755600e-01 7.43583100e-01 4.73322200e-01 6.58817500e-01 4.71586900e-01 6.16415000e-01 4.66413200e-01 5.86452700e-01 2.95612500e-01 3.04616500e-01 2.36626900e+01 1.03315600e+02 2.73643900e+01 8.34027700e+00 3.98493300e+02 2.37081500e+01 1.15187900e+04 7.06840300e+02 6.23155600e-02 1.03858200e+00 5.04375000e+00 6.01900500e+00 1.19493300e+04 6.14464800e+00
1.33381700e+00 6.33167200e+03 2.20539900e-02 1.13028000e-01 1.04137800e+00 6.50821600e-02 2.70669900e+00 3.05275600e+00 9.57521500e-01 1.00472800e+00 2.26630800e+02 3.89830700e+01 1.27257300e+02 2.92969200e+01 6.20726300e+00 8.70879600e-01 1.91934400e-01 7.94473700e-01 2.96453100e+00 1.20619700e+00 1.12369900e+00 1.04345500e+00 1.25889400e+00 9.97380400e-01 9.98872700e-01 9.91397900e-01 9.90605800e-01 6.57354700e+01 6.85900500e-01 3.14099500e-01 1.35727200e-01 8.92208900e-02 8.00614500e-01 8.19212200e-01 4.48701000e-01 5.99363400e-01 9.87469200e-01 9.93489400e+01 2.46255900e+00 8.65020800e+00 2.11736200e+00 1.85894000e+00 1.24366700e+03 5.75648300e+03 2.54509800e+03 8.23025600e+02 2.33911500e+02 9.57521500e-01 2.40608900e-01 2.41917900e-01 2.52617400e+00 1.41517900e+01 1.08936100e+03 1.48305300e+02 1.04182200e+00 1.42351900e+01 1.05840700e+03 1.51134400e+02 1.37778500e-01 1.60178800e-01 3.38208900e+03 1.00846800e-02 8.16115600e-01 4.51092600e-01 7.09129100e+01 6.59320200e+02 8.08211000e+01 1.57178600e+03 8.73991000e+01 2.03568800e+03 9.28998400e+01 2.36845500e+03 2.30487900e+02 5.91154200e+03 4.53071500e-01 7.39564400e-01 4.70620700e-01 6.55296300e-01 4.68935500e-01 6.13137000e-01 4.63817500e-01 5.83344500e-01 2.94076700e-01 3.03038600e-01 2.74193300e+01 1.07874600e+02 3.22142900e+01 8.16314300e+00 3.99793300e+02 2.41282200e+01 1.15080200e+04 7.06829800e+02 5.32181000e-02 1.09677200e+00 4.79102000e+00 1.04658900e+01 1.19401100e+04 5.94101000e+00
1.05190600e+00 6.33156200e+03 2.22421700e-02 1.18799100e-01 1.04155100e+00 5.78811900e-02 3.03987500e+00 3.05338000e+00 9.68871400e-01 1.00289500e+00 2.38063500e+02 4.92960000e+01 1.13551700e+02 3.54322700e+01 5.54088900e+00 6.93431500e-01 6.75514700e-01 7.36545200e-01 1.09669800e+00 1.36533000e+00 1.17575500e+00 1.03853200e+00 1.09847200e+00 9.98600900e-01 1.00003300e+00 1.00067800e+00 9.91701500e-01 6.78118900e+01 6.91882400e-01 3.08117600e-01 1.41686400e-01 9.60802300e-02 8.13348100e-01 8.24278700e-01 4.51476000e-01 6.05976200e-01 9.87696500e-01 1.00079000e+02 2.43733600e+00 8.05206300e+00 2.11868400e+00 1.88708400e+00 1.22764700e+03 5.74152200e+03 2.55139400e+03 8.21679400e+02 2.32074600e+02 9.68871400e-01 2.45261200e-01 2.46587300e-01 2.60769300e+00 1.37929000e+01 1.08997000e+03 1.44870900e+02 1.04175200e+00 1.39064700e+01 1.05955100e+03 1.47583200e+02 1.40273700e-01 1.61048500e-01 3.37321700e+03 1.02912000e-02 8.18642100e-01 4.52283000e-01 7.30537100e+01 6.39567200e+02 8.31039800e+01 1.52613400e+03 8.97853700e+01 1.97750100e+03 9.53768300e+01 2.30152600e+03 2.35679900e+02 5.76096000e+03 4.56369400e-01 7.51915600e-01 4.75535500e-01 6.66884600e-01 4.74526600e-01 6.24246100e-01 4.69805900e-01 5.94078200e-01 2.99675000e-01 3.09099500e-01 3.05828700e+01 1.05749600e+02 3.08386400e+01 8.80839100e+00 3.96832300e+02 2.27276400e+01 1.15164700e+04 7.06659400e+02 6.76746600e-03 1.47275900e+00 3.73507000e+00 6.41624000e+00 1.19448300e+04 5.21459600e+00
9.20970500e-01 6.33228800e+03 2.21371000e-02 1.18791000e-01 1.04154600e+00 6.25504100e-02 3.02587600e+00 3.06389600e+00 9.70345500e-01 1.00377400e+00 2.34687600e+02 5.10478200e+01 1.18575900e+02 2.91339800e+01 3.59877000e+00 6.86480700e-01 3.64497800e-01 9.75336300e-01 3.55491700e+00 9.83683800e-01 9.03981800e-01 1.02954500e+00 1.05122700e+00 9.97918100e-01 9.98394800e-01 9.96451400e-01 9.93506100e-01 6.75628700e+01 6.89854900e-01 3.10145100e-01 1.41573200e-01 9.56509300e-02 8.18936400e-01 8.32668400e-01 4.56071300e-01 6.11141000e-01 9.96313900e-01 9.98411400e+01 2.45045800e+00 8.53729200e+00 2.14108100e+00 1.88930700e+00 1.22536600e+03 5.72775100e+03 2.55579100e+03 8.23649500e+02 2.32805800e+02 9.70345500e-01 2.45029900e-01 2.46355100e-01 2.62291200e+00 1.38182600e+01 1.09008800e+03 1.45024200e+02 1.04176600e+00 1.39209900e+01 1.05928400e+03 1.47775200e+02 1.40045800e-01 1.61142400e-01 3.37686300e+03 1.02926200e-02 8.17675100e-01 4.51856600e-01 7.28185700e+01 6.41779800e+02 8.28897800e+01 1.53092200e+03 8.95819900e+01 1.98338400e+03 9.51810500e+01 2.30811000e+03 2.35521900e+02 5.77178600e+03 4.60836200e-01 7.56877900e-01 4.79674500e-01 6.71061600e-01 4.78416500e-01 6.28063000e-01 4.73498300e-01 5.97653000e-01 3.01399400e-01 3.10785100e-01 3.05796100e+01 1.04127500e+02 2.98650700e+01 9.02301700e+00 3.98532700e+02 2.24914900e+01 1.15179900e+04 7.06710600e+02 1.70380000e-02 1.34256300e+00 3.99136600e+00 4.47230100e+00 1.19480400e+04 5.35096700e+00
9.22315100e-01 6.33132700e+03 2.22214900e-02 1.19860100e-01 1.04144500e+00 6.04583300e-02 3.09411000e+00 3.06561500e+00 9.72445000e-01 1.00637600e+00 2.04024800e+02 4.29221800e+01 9.58013000e+01 4.53486500e+01 7.33419900e+00 6.46930100e-01 9.86298300e-01 6.72426800e-01 3.34583100e+00 1.08421000e+00 1.00682200e+00 9.79340300e-01 1.00740500e+00 9.96968900e-01 1.00084500e+00 9.98305500e-01 9.92372200e-01 6.80169700e+01 6.91488900e-01 3.08511100e-01 1.42726700e-01 9.70784000e-02 8.21418700e-01 8.32989200e-01 4.56247000e-01 6.12184500e-01 9.95992300e-01 1.00020100e+02 2.44671000e+00 8.33892800e+00 2.14476500e+00 1.90049300e+00 1.22667500e+03 5.74969200e+03 2.56491100e+03 8.25983900e+02 2.33239900e+02 9.72445000e-01 2.45977100e-01 2.47305700e-01 2.63057100e+00 1.37463800e+01 1.09014400e+03 1.44340600e+02 1.04161200e+00 1.38574300e+01 1.05962800e+03 1.47051700e+02 1.40609200e-01 1.61232900e-01 3.37351700e+03 1.03295400e-02 8.18490000e-01 4.52218000e-01 7.32811300e+01 6.37610800e+02 8.33731100e+01 1.52137100e+03 9.00816200e+01 1.97126700e+03 9.56955000e+01 2.29422000e+03 2.36531200e+02 5.74157600e+03 4.61151400e-01 7.59335900e-01 4.80416900e-01 6.73420700e-01 4.79350200e-01 6.30345400e-01 4.74550100e-01 5.99870900e-01 3.02574100e-01 3.12075700e-01 3.08823100e+01 1.08113300e+02 3.23897000e+01 9.06191200e+00 3.97633100e+02 2.21111500e+01 1.15091100e+04 7.06668800e+02 8.92248900e-03 1.47275900e+00 3.80645600e+00 1.27822900e+01 1.19379200e+04 5.28813700e+00
1.15532600e+00 6.33343500e+03 2.24499900e-02 1.17223800e-01 1.04169000e+00 6.10666800e-02 2.95107200e+00 3.06610200e+00 9.67847700e-01 1.00751000e+00 2.48640300e+02 3.31554700e+01 9.52535400e+01 4.55439400e+01 7.39695700e+00 7.10250800e-01 8.83717600e-01 4.64698300e-01 1.38455900e-02 1.11140100e+00 8.46061800e-01 9.80798300e-01 8.94683300e-01 9.98914300e-01 1.00238700e+00 9.88756800e-01 9.92925300e-01 6.75445600e+01 6.92435900e-01 3.07564100e-01 1.40319000e-01 9.47778200e-02 8.14739300e-01 8.24946600e-01 4.51841900e-01 6.06739900e-01 9.91342000e-01 1.00118000e+02 2.45296300e+00 8.27789300e+00 2.14581000e+00 1.89910700e+00 1.24204300e+03 5.81673400e+03 2.57750800e+03 8.32902300e+02 2.36357500e+02 9.67847700e-01 2.44147900e-01 2.45469900e-01 2.53811900e+00 1.38541700e+01 1.08948300e+03 1.45574200e+02 1.04193100e+00 1.39715700e+01 1.05985600e+03 1.48225100e+02 1.40101800e-01 1.60494800e-01 3.38085200e+03 1.02527700e-02 8.17881800e-01 4.51731600e-01 7.27600400e+01 6.42105900e+02 8.27544600e+01 1.53233400e+03 8.93996100e+01 1.98562800e+03 9.49611700e+01 2.31106200e+03 2.34558000e+02 5.78647900e+03 4.56774200e-01 7.53262000e-01 4.76107200e-01 6.68145500e-01 4.75167300e-01 6.25454200e-01 4.70486900e-01 5.95245200e-01 3.00297800e-01 3.09762100e-01 2.45703800e+01 1.05005200e+02 2.91865400e+01 8.63366300e+00 3.97747200e+02 2.29339600e+01 1.15126600e+04 7.06646600e+02 5.43949200e-03 1.53969800e+00 3.72152900e+00 1.29850800e+01 1.19419700e+04 5.26666700e+00
1.07619400e+00 6.33270200e+03 2.25184900e-02 1.20801200e-01 1.04071900e+00 6.20127500e-02 3.21564100e+00 3.06856700e+00 9.75985100e-01 1.00375900e+00 2.35067400e+02 2.36580800e+01 8.85965200e+01 4.97997200e+01 4.24375300e+00 8.37383500e-01 3.87937900e-01 1.35173200e-01 4.07969200e+00 1.18204500e+00 8.18334300e-01 8.11638200e-01 9.03869700e-01 9.98472300e-01 1.00259500e+00 9.96827200e-01 9.99542900e-01 6.91009500e+01 6.98499300e-01 3.01500700e-01 1.43964800e-01 9.94810700e-02 8.21329100e-01 8.23380900e-01 4.50984300e-01 6.08610300e-01 9.88041600e-01 1.00802100e+02 2.43144200e+00 8.44879200e+00 2.15110600e+00 1.90019500e+00 1.22202400e+03 5.76542400e+03 2.55712000e+03 8.22531800e+02 2.31924000e+02 9.75985100e-01 2.47694000e-01 2.49028900e-01 2.61669900e+00 1.36181600e+01 1.08996800e+03 1.43277100e+02 1.04078000e+00 1.37663200e+01 1.06046700e+03 1.45876600e+02 1.41624600e-01 1.61136300e-01 3.34862500e+03 1.03361100e-02 8.23382800e-01 4.54531200e-01 7.43317900e+01 6.28098600e+02 8.43794200e+01 1.50034500e+03 9.10692500e+01 1.94512100e+03 9.66726000e+01 2.26469200e+03 2.37784100e+02 5.68717800e+03 4.56432900e-01 7.59965700e-01 4.77284400e-01 6.74765800e-01 4.77061800e-01 6.31932100e-01 4.72840200e-01 6.01584200e-01 3.03712900e-01 3.13585200e-01 2.44000900e+01 1.06434000e+02 3.07855500e+01 8.88261300e+00 3.97982900e+02 2.20061800e+01 1.15171500e+04 7.06539500e+02 4.00244400e-03 1.89191900e+00 3.41423500e+00 7.53343000e+00 1.19460200e+04 5.31015600e+00
3.13198500e-01 6.32992600e+03 2.25168000e-02 1.19004400e-01 1.04089200e+00 4.98288400e-02 3.14850200e+00 3.03168400e+00 9.75471200e-01 9.99945000e-01 2.63981400e+02 3.35622900e+01 9.94783600e+01 4.07691500e+01 2.59675300e+00 6.13937400e-01 4.47861200e-01 3.39829000e-02 5.25173800e+00 8.25836500e-01 8.38749700e-01 9.73404300e-01 9.86714100e-01 9.98891100e-01 1.00380200e+00 1.00366100e+00 9.94984600e-01 6.90130600e+01 7.01507000e-01 2.98493000e-01 1.42166300e-01 9.81133300e-02 8.02267300e-01 8.00249700e-01 4.38314800e-01 5.92997200e-01 9.65724900e-01 1.01227600e+02 2.38136700e+00 7.18536400e+00 2.07321100e+00 1.87656100e+00 1.20702000e+03 5.72153500e+03 2.53594400e+03 8.17272600e+02 2.30429600e+02 9.75471200e-01 2.46812000e-01 2.48143700e-01 2.59404100e+00 1.36733500e+01 1.08974800e+03 1.44066000e+02 1.04100400e+00 1.38391300e+01 1.06027600e+03 1.46678800e+02 1.41022300e-01 1.60973100e-01 3.33599800e+03 1.02516800e-02 8.25796600e-01 4.55792900e-01 7.41914800e+01 6.29068100e+02 8.41375500e+01 1.50339400e+03 9.07644700e+01 1.94955700e+03 9.63173400e+01 2.27025400e+03 2.36396300e+02 5.70982600e+03 4.43842900e-01 7.42636100e-01 4.64885800e-01 6.59721400e-01 4.65030800e-01 6.17986000e-01 4.61156300e-01 5.88397200e-01 2.97189800e-01 3.06989200e-01 2.83923600e+01 1.07066000e+02 3.19325300e+01 1.13814900e+01 3.95729400e+02 2.15985200e+01 1.15135100e+04 7.06509400e+02 2.32179200e-02 2.19351700e+00 3.45544400e+00 5.44937900e+00 1.19422200e+04 5.67217900e+00
7.34117900e-01 6.33020800e+03 2.23126800e-02 1.18812200e-01 1.04098600e+00 5.46796100e-02 3.03969800e+00 3.03951200e+00 9.71168100e-01 1.00092400e+00 1.97401200e+02 1.45512700e+01 8.89917700e+01 4.35619000e+01 6.20146600e+00 7.62018500e-01 5.37451700e-01 2.03591200e-01 7.30103500e+00 1.04013300e+00 1.10671500e+00 9.01703400e-01 1.11751400e+00 9.97253200e-01 1.00049400e+00 9.97119800e-01 9.87199600e-01 6.76727300e+01 6.90431300e-01 3.09568700e-01 1.41770000e-01 9.59396500e-02 8.07667300e-01 8.20446800e-01 4.49377200e-01 6.02451100e-01 9.81806000e-01 9.98192000e+01 2.41709400e+00 7.71331800e+00 2.08950500e+00 1.87305000e+00 1.21155000e+03 5.69204900e+03 2.53451400e+03 8.17761100e+02 2.31142400e+02 9.71168100e-01 2.45288000e-01 2.46614100e-01 2.59413700e+00 1.38028200e+01 1.08988100e+03 1.44814400e+02 1.04118300e+00 1.39086400e+01 1.05970400e+03 1.47502800e+02 1.40413800e-01 1.60862700e-01 3.37529800e+03 1.02974200e-02 8.18019800e-01 4.51891700e-01 7.29298100e+01 6.40757400e+02 8.30006600e+01 1.52862800e+03 8.96935500e+01 1.98050700e+03 9.52936000e+01 2.30483900e+03 2.35704400e+02 5.76526900e+03 4.54106600e-01 7.46521900e-01 4.72819200e-01 6.61944700e-01 4.71648800e-01 6.19557200e-01 4.66846200e-01 5.89575700e-01 2.97347100e-01 3.06634800e-01 2.48924600e+01 1.05498100e+02 3.04922300e+01 9.49178300e+00 3.96060100e+02 2.19647900e+01 1.15106600e+04 7.06695400e+02 1.85040000e-02 1.34256300e+00 4.12908200e+00 1.00538300e+01 1.19381800e+04 5.49014900e+00
4.85797400e-01 6.33356800e+03 2.22848700e-02 1.15583200e-01 1.04139000e+00 5.32696200e-02 2.80606700e+00 3.02378200e+00 9.64906900e-01 1.00044600e+00 2.10264800e+02 3.18248500e+01 9.90380500e+01 3.80066200e+01 3.11891000e+00 7.51205700e-01 4.74866100e-01 6.31837700e-01 6.34212300e+00 1.13896000e+00 1.28145700e+00 9.56033100e-01 9.89058100e-01 9.95297600e-01 1.00087500e+00 9.91255800e-01 9.89637300e-01 6.61859100e+01 6.83801200e-01 3.16198800e-01 1.38513200e-01 9.16762600e-02 7.96022600e-01 8.17231100e-01 4.47615900e-01 5.96919100e-01 9.78459000e-01 9.90268900e+01 2.41853900e+00 7.49359100e+00 2.05689400e+00 1.84902400e+00 1.21162300e+03 5.66698000e+03 2.52329600e+03 8.18275600e+02 2.32635300e+02 9.64906900e-01 2.42092200e-01 2.43406600e-01 2.51818100e+00 1.40292600e+01 1.08940000e+03 1.46892700e+02 1.04173500e+00 1.41007800e+01 1.05920800e+03 1.49619300e+02 1.39103500e-01 1.60165500e-01 3.40427300e+03 1.02214900e-02 8.12867300e-01 4.49225900e-01 7.14312400e+01 6.54691800e+02 8.14658900e+01 1.56023500e+03 8.81246500e+01 2.02039000e+03 9.36914500e+01 2.35038100e+03 2.32777900e+02 5.86057800e+03 4.51781600e-01 7.35115700e-01 4.68759500e-01 6.51127600e-01 4.66839100e-01 6.09142300e-01 4.61584600e-01 5.79485500e-01 2.92030500e-01 3.00852200e-01 2.75799100e+01 1.04921300e+02 3.13518100e+01 1.01096900e+01 3.95872000e+02 2.22562400e+01 1.15162700e+04 7.06903200e+02 8.88262800e-02 9.26576500e-01 5.60802300e+00 9.09838800e+00 1.19445100e+04 6.62342500e+00
8.14698000e-02 6.33275400e+03 2.24533900e-02 1.15465400e-01 1.04124600e+00 5.24173800e-02 2.95333700e+00 3.02297300e+00 9.72181100e-01 9.99811300e-01 2.52539900e+02 3.66454800e+01 1.01173000e+02 4.03646900e+01 5.41266800e+00 4.96205800e-01 8.80267500e-01 3.56885200e-01 4.74200000e+00 1.20023800e+00 1.01318800e+00 8.99523000e-01 8.61410800e-01 9.98535800e-01 9.99362400e-01 9.89596100e-01 9.87123900e-01 6.80572500e+01 7.00841400e-01 2.99158600e-01 1.38564000e-01 9.43028300e-02 7.92074200e-01 7.90962600e-01 4.33228100e-01 5.85789000e-01 9.60126900e-01 1.01192400e+02 2.37540000e+00 7.38678000e+00 2.05523100e+00 1.85068000e+00 1.20168400e+03 5.68974100e+03 2.52196700e+03 8.16244300e+02 2.31163800e+02 9.72181100e-01 2.44179900e-01 2.45502000e-01 2.53829700e+00 1.38568800e+01 1.08932800e+03 1.46026900e+02 1.04148500e+00 1.40210200e+01 1.05974200e+03 1.48687100e+02 1.39614200e-01 1.60487300e-01 3.33733100e+03 1.01223900e-02 8.25494700e-01 4.55687800e-01 7.31738100e+01 6.37865900e+02 8.30015200e+01 1.52425500e+03 8.95485500e+01 1.97650000e+03 9.50339900e+01 2.30153900e+03 2.33359200e+02 5.78655400e+03 4.38664900e-01 7.33136800e-01 4.59298100e-01 6.51212800e-01 4.59364100e-01 6.09987000e-01 4.55485700e-01 5.80763500e-01 2.93333600e-01 3.02959100e-01 3.02373000e+01 1.05488000e+02 2.99174000e+01 1.40693500e+01 3.95722300e+02 2.14859900e+01 1.15173200e+04 7.06514700e+02 2.12454600e-02 2.19351700e+00 3.42495100e+00 4.75968800e+00 1.19485900e+04 5.63971300e+00
3.70208500e-01 6.32950300e+03 2.22560900e-02 1.17578700e-01 1.04063900e+00 4.95687400e-02 3.06038700e+00 3.02659300e+00 9.64306400e-01 9.99180200e-01 2.37393000e+02 4.45945800e+01 9.02690200e+01 4.68294500e+01 4.86316400e+00 5.45740000e-01 8.36208600e-01 3.58824800e-01 3.26189400e+00 1.06373000e+00 9.44703300e-01 9.75040400e-01 1.07612800e+00 9.97670300e-01 1.00111400e+00 1.00294800e+00 1.00053200e+00 6.81927500e+01 6.97908900e-01 3.02091100e-01 1.40479900e-01 9.57971400e-02 7.95507000e-01 7.98274600e-01 4.37233000e-01 5.89764300e-01 9.63329600e-01 1.00781800e+02 2.40063500e+00 7.17926000e+00 2.06268300e+00 1.86800300e+00 1.22874700e+03 5.74501200e+03 2.52523100e+03 8.10203100e+02 2.27806100e+02 9.64306400e-01 2.45541600e-01 2.46868600e-01 2.61216200e+00 1.37919800e+01 1.08986400e+03 1.45075500e+02 1.04082500e+00 1.39385000e+01 1.05951300e+03 1.47789600e+02 1.39988800e-01 1.61005500e-01 3.33516100e+03 1.01891400e-02 8.24941900e-01 4.55538100e-01 7.33645700e+01 6.36422000e+02 8.32972400e+01 1.52008400e+03 8.99096400e+01 1.97061700e+03 9.54476900e+01 2.29429900e+03 2.34869200e+02 5.75984300e+03 4.42484800e-01 7.36017300e-01 4.62555500e-01 6.53441800e-01 4.62272600e-01 6.11936900e-01 4.58137300e-01 5.82534100e-01 2.94094600e-01 3.03615100e-01 3.22020700e+01 1.06888000e+02 3.28279700e+01 1.10091300e+01 3.95703400e+02 2.33908700e+01 1.15146800e+04 7.06547300e+02 3.61694200e-03 1.89191900e+00 3.38433200e+00 2.40026100e+00 1.19447800e+04 5.27986800e+00
1.02791100e+00 6.33397900e+03 2.21861100e-02 1.16403700e-01 1.04031100e+00 5.28576100e-02 2.87616900e+00 3.02985400e+00 9.59027000e-01 9.99739500e-01 1.78710400e+02 2.74751400e+01 9.93942200e+01 4.31975900e+01 5.30186800e+00 7.75269100e-01 5.72720200e-01 2.94866300e-01 2.11021400e+00 9.73113600e-01 1.06441400e+00 8.33918700e-01 8.81894500e-01 9.95945200e-01 9.99713100e-01 1.00036200e+00 9.90466800e-01 6.62847900e+01 6.83101300e-01 3.16898700e-01 1.39234900e-01 9.22915800e-02 7.96855700e-01 8.18991200e-01 4.48580000e-01 5.97874200e-01 9.78752200e-01 9.88556200e+01 2.43700600e+00 7.49359100e+00 2.06942100e+00 1.86181800e+00 1.23428400e+03 5.72822800e+03 2.52796100e+03 8.14547000e+02 2.30401600e+02 9.59027000e-01 2.43017500e-01 2.44335300e-01 2.56117500e+00 1.39992300e+01 1.08966600e+03 1.46383400e+02 1.04063100e+00 1.40667800e+01 1.05909300e+03 1.49137700e+02 1.39249600e-01 1.60384100e-01 3.38913300e+03 1.02254000e-02 8.14520100e-01 4.50139100e-01 7.15525800e+01 6.53630600e+02 8.16213100e+01 1.55754300e+03 8.83016900e+01 2.01679900e+03 9.38860900e+01 2.34611700e+03 2.33364300e+02 5.84811200e+03 4.52666100e-01 7.35820100e-01 4.69513300e-01 6.51680400e-01 4.67513900e-01 6.09630100e-01 4.62201700e-01 5.79931300e-01 2.92224000e-01 3.01027800e-01 2.44021800e+01 1.03627700e+02 2.96347200e+01 8.58461600e+00 3.95923800e+02 2.40362300e+01 1.15197000e+04 7.06929300e+02 1.11214600e-01 8.20176000e-01 6.19219300e+00 5.66226600e+00 1.19482400e+04 7.12358300e+00
1.05913600e+00 6.32762700e+03 2.25127300e-02 1.20389100e-01 1.04063400e+00 5.99524000e-02 3.15750400e+00 3.05475300e+00 9.70583500e-01 1.00004000e+00 2.54564700e+02 3.29959300e+01 8.52801300e+01 4.38977200e+01 7.01382300e-01 6.98858100e-01 1.38554500e-01 1.73571400e-01 7.88564800e+00 9.89613800e-01 1.06636900e+00 9.24479700e-01 1.28326400e+00 9.96482600e-01 1.00019000e+00 9.91521800e-01 9.89870200e-01 6.85369900e+01 6.94406600e-01 3.05593400e-01 1.43547000e-01 9.83827600e-02 8.14289800e-01 8.21845800e-01 4.50143500e-01 6.05431500e-01 9.83595400e-01 1.00252500e+02 2.43137200e+00 8.23516800e+00 2.12159500e+00 1.88186500e+00 1.22209100e+03 5.73248400e+03 2.53334900e+03 8.14491300e+02 2.29679700e+02 9.70583500e-01 2.46929200e-01 2.48261200e-01 2.59784800e+00 1.36782800e+01 1.08988200e+03 1.43670700e+02 1.04073900e+00 1.38046800e+01 1.06039000e+03 1.46275000e+02 1.41413700e-01 1.60928200e-01 3.36454000e+03 1.03455200e-02 8.20348100e-01 4.52950400e-01 7.37953000e+01 6.32957400e+02 8.38795900e+01 1.51097200e+03 9.05875100e+01 1.95825400e+03 9.62030300e+01 2.27945400e+03 2.37304600e+02 5.71278500e+03 4.55216600e-01 7.53040500e-01 4.74975500e-01 6.68162000e-01 4.74267800e-01 6.25557800e-01 4.69748400e-01 5.95398300e-01 3.00428800e-01 3.10001400e-01 2.97009200e+01 1.05160700e+02 3.30083000e+01 8.84901300e+00 3.97389700e+02 2.27162800e+01 1.15085400e+04 7.06605100e+02 2.38072600e-03 1.60798500e+00 3.71356200e+00 5.82684500e+00 1.19375000e+04 5.32392700e+00
9.59545600e-01 6.32858000e+03 2.24253600e-02 1.17397900e-01 1.04114200e+00 5.74882500e-02 2.93370400e+00 3.03991300e+00 9.63649800e-01 9.99921200e-01 2.03121300e+02 3.00105700e+01 8.20084100e+01 5.10403800e+01 5.08605700e+00 7.54377600e-01 4.62014000e-01 1.53611600e-01 2.18168500e+00 9.61070600e-01 9.63942500e-01 8.71245900e-01 1.16031800e+00 9.97202100e-01 1.00147900e+00 9.93907800e-01 9.86519100e-01 6.70758100e+01 6.87790000e-01 3.12210000e-01 1.40468400e-01 9.42203100e-02 8.03616600e-01 8.19807100e-01 4.49026900e-01 6.00704100e-01 9.81219000e-01 9.94712200e+01 2.43574100e+00 7.93304400e+00 2.09034300e+00 1.86330500e+00 1.22644300e+03 5.71878800e+03 2.52697400e+03 8.15649400e+02 2.31102000e+02 9.63649800e-01 2.43902800e-01 2.45223800e-01 2.53653800e+00 1.38923500e+01 1.08951400e+03 1.45635900e+02 1.04139500e+00 1.39847000e+01 1.05978000e+03 1.48296700e+02 1.40079100e-01 1.60370100e-01 3.39248400e+03 1.02758800e-02 8.15276500e-01 4.50376900e-01 7.23304600e+01 6.46259100e+02 8.23870400e+01 1.54111300e+03 8.90664400e+01 1.99626400e+03 9.46533400e+01 2.32283500e+03 2.34537700e+02 5.80295800e+03 4.53522300e-01 7.42520100e-01 4.71557200e-01 6.58113800e-01 4.70085900e-01 6.15854700e-01 4.65098400e-01 5.85980200e-01 2.95442200e-01 3.04548500e-01 2.66028300e+01 1.04115600e+02 3.11347400e+01 8.88190900e+00 3.96711200e+02 2.33001000e+01 1.15113300e+04 7.06769700e+02 4.28802200e-02 1.15641700e+00 4.71750900e+00 4.25373700e+00 1.19402200e+04 5.91680600e+00
8.14736400e-01 6.32967000e+03 2.20094600e-02 1.14555200e-01 1.04090800e+00 4.65590100e-02 2.74238500e+00 3.01541200e+00 9.52348400e-01 1.00143300e+00 2.20920500e+02 3.50130900e+01 1.06877600e+02 3.69988100e+01 2.37485100e+00 6.97123700e-01 6.47237800e-01 9.72743600e-01 5.15878700e+00 1.09355100e+00 1.03644100e+00 8.82715200e-01 7.91633800e-01 9.97049500e-01 9.99472800e-01 9.97510600e-01 9.92584200e-01 6.54205300e+01 6.79404800e-01 3.20595200e-01 1.37209800e-01 8.97633900e-02 7.88308100e-01 8.14917900e-01 4.46348900e-01 5.93178300e-01 9.74628100e-01 9.84977700e+01 2.43796300e+00 6.82830800e+00 2.03974900e+00 1.85838600e+00 1.24717200e+03 5.74970700e+03 2.53417500e+03 8.16917100e+02 2.31283500e+02 9.52348400e-01 2.41090400e-01 2.42401200e-01 2.54704900e+00 1.41378500e+01 1.08959100e+03 1.47727200e+02 1.04133100e+00 1.41863800e+01 1.05844500e+03 1.50560900e+02 1.38183500e-01 1.60258800e-01 3.40214000e+03 1.01698800e-02 8.12063400e-01 4.48997300e-01 7.06780000e+01 6.61994200e+02 8.07168500e+01 1.57656100e+03 8.73718800e+01 2.04083200e+03 9.29325300e+01 2.37359100e+03 2.31552600e+02 5.90639100e+03 4.50101400e-01 7.27577600e-01 4.65959700e-01 6.44000500e-01 4.63563200e-01 6.02289500e-01 4.58025200e-01 5.72852200e-01 2.88535900e-01 2.97069300e-01 2.53737400e+01 1.04895000e+02 2.93726200e+01 8.89899800e+00 3.95787700e+02 2.49738700e+01 1.15102700e+04 7.07079800e+02 1.63855700e-01 6.71532900e-01 7.05397200e+00 4.44150600e+00 1.19399300e+04 7.88936000e+00
4.70436200e-01 6.32918100e+03 2.21551100e-02 1.18850700e-01 1.04094800e+00 4.43666600e-02 3.01086700e+00 3.02007300e+00 9.61669700e-01 1.00157200e+00 2.66038300e+02 5.30609100e+01 1.04899600e+02 4.11486200e+01 1.48039100e+00 4.61993400e-01 9.82590500e-01 5.12297600e-01 5.02480100e+00 7.55512500e-01 9.96259300e-01 1.03907300e+00 8.99465400e-01 9.96528900e-01 1.00256300e+00 1.00452300e+00 9.92757900e-01 6.71820100e+01 6.86156200e-01 3.13843800e-01 1.41651000e-01 9.51639600e-02 7.98603100e-01 8.16821500e-01 4.47391600e-01 5.97736000e-01 9.74326500e-01 9.93049800e+01 2.41884900e+00 6.65741000e+00 2.04927900e+00 1.87527300e+00 1.23230800e+03 5.72781900e+03 2.53238300e+03 8.13443600e+02 2.29099800e+02 9.61669700e-01 2.44835600e-01 2.46160100e-01 2.61421400e+00 1.38503400e+01 1.09005700e+03 1.45070400e+02 1.04117500e+00 1.39333300e+01 1.05932200e+03 1.47814800e+02 1.40076700e-01 1.60964100e-01 3.38556800e+03 1.03087200e-02 8.15675300e-01 4.50783900e-01 7.24681300e+01 6.45153000e+02 8.25872900e+01 1.53807100e+03 8.93057100e+01 1.99206000e+03 9.49240600e+01 2.31772800e+03 2.35472000e+02 5.78559600e+03 4.51741800e-01 7.37724200e-01 4.69292800e-01 6.53683500e-01 4.67636500e-01 6.11634500e-01 4.62548300e-01 5.81918500e-01 2.93320600e-01 3.02296200e-01 3.48934300e+01 1.10939700e+02 3.46144200e+01 1.02558600e+01 3.96217500e+02 2.33969800e+01 1.15080600e+04 7.06821300e+02 5.83046600e-02 1.03858200e+00 5.00117100e+00 7.51115700e+00 1.19379300e+04 6.09805700e+00
7.75582900e-01 6.33100800e+03 2.20773100e-02 1.17283700e-01 1.04112000e+00 5.36878100e-02 2.94759400e+00 3.03214800e+00 9.65855700e-01 9.99278500e-01 2.21776400e+02 3.88503200e+01 1.07482000e+02 3.18347200e+01 2.95911000e+00 6.94165900e-01 3.91284100e-01 4.17998600e-01 4.03834600e+00 1.07388500e+00 1.05519100e+00 1.10988800e+00 1.05259600e+00 9.97016500e-01 1.00153000e+00 9.90389400e-01 9.91937500e-01 6.69879200e+01 6.88000200e-01 3.11999800e-01 1.40006200e-01 9.37872300e-02 8.01832800e-01 8.17711900e-01 4.47879300e-01 5.99269800e-01 9.79683100e-01 9.95766700e+01 2.42092700e+00 7.62786900e+00 2.07417300e+00 1.86299800e+00 1.21750400e+03 5.68289500e+03 2.52748600e+03 8.14668000e+02 2.30112400e+02 9.65855700e-01 2.43948000e-01 2.45269200e-01 2.60678800e+00 1.39131900e+01 1.08995600e+03 1.45864700e+02 1.04139900e+00 1.40066100e+01 1.05897900e+03 1.48648700e+02 1.39393700e-01 1.60906500e-01 3.37487500e+03 1.02322300e-02 8.17473400e-01 4.51784300e-01 7.22323100e+01 6.47121900e+02 8.22698000e+01 1.54322200e+03 8.89368400e+01 1.99902900e+03 9.45135400e+01 2.32607900e+03 2.34158500e+02 5.81164300e+03 4.52384000e-01 7.40893100e-01 4.70426100e-01 6.56695100e-01 4.68982800e-01 6.14536800e-01 4.64023100e-01 5.84732200e-01 2.94823600e-01 3.03919500e-01 2.83132100e+01 1.03799200e+02 3.11550600e+01 9.31390500e+00 3.95979500e+02 2.27467800e+01 1.15176100e+04 7.06763400e+02 3.38690100e-02 1.21731700e+00 4.41747700e+00 3.92994400e+00 1.19456500e+04 5.66866300e+00
7.46399700e-01 6.33241400e+03 2.22539400e-02 1.14733600e-01 1.04130900e+00 5.83095100e-02 2.83747800e+00 3.02888900e+00 9.63651700e-01 9.98304900e-01 2.72149200e+02 4.15884000e+01 9.08701800e+01 4.76404700e+01 6.27105400e+00 6.23623800e-01 5.48327700e-01 9.08742600e-02 9.26448900e-02 9.72231100e-01 1.15964000e+00 9.82037100e-01 1.30357300e+00 9.96281400e-01 1.00222600e+00 9.94890000e-01 9.89057900e-01 6.68084700e+01 6.91639700e-01 3.08360300e-01 1.37632700e-01 9.19502800e-02 7.93848100e-01 8.04833400e-01 4.40825400e-01 5.91564400e-01 9.71229000e-01 1.00026800e+02 2.41351600e+00 7.99408000e+00 2.06742600e+00 1.83985200e+00 1.21422000e+03 5.67305200e+03 2.51028100e+03 8.11657700e+02 2.30109700e+02 9.63651700e-01 2.42513300e-01 2.43829300e-01 2.53490900e+00 1.39967600e+01 1.08939400e+03 1.46982600e+02 1.04164200e+00 1.41106700e+01 1.05913200e+03 1.49721700e+02 1.38848600e-01 1.60347000e-01 3.36784500e+03 1.01341600e-02 8.19298100e-01 4.52605900e-01 7.19788800e+01 6.49133800e+02 8.18870100e+01 1.54890800e+03 8.84735700e+01 2.00697500e+03 9.39855100e+01 2.33580000e+03 2.32276900e+02 5.84613000e+03 4.45592300e-01 7.33870900e-01 4.64255800e-01 6.50862200e-01 4.63247800e-01 6.09241100e-01 4.58624400e-01 5.79794200e-01 2.92490800e-01 3.01663200e-01 3.16134600e+01 1.05133400e+02 3.18817500e+01 1.08751100e+01 3.96841200e+02 2.27925200e+01 1.15138300e+04 7.06665200e+02 8.57109800e-03 1.47275900e+00 3.80772400e+00 8.53261300e+00 1.19443400e+04 5.28905500e+00
4.63859900e-01 6.33382900e+03 2.22723200e-02 1.14281000e-01 1.04133400e+00 6.05853400e-02 2.82065800e+00 3.03216900e+00 9.63266100e-01 9.97816100e-01 2.71222500e+02 3.41443200e+01 8.60804900e+01 4.36282400e+01 1.95056100e+00 3.22244100e-01 7.51367700e-01 1.44687100e-01 9.54085000e+00 7.97966200e-01 7.20637500e-01 8.57463000e-01 7.18073600e-01 9.98309200e-01 1.00082000e+00 9.97963300e-01 9.84459200e-01 6.67974900e+01 6.92511400e-01 3.07488600e-01 1.37198500e-01 9.16451200e-02 7.93904900e-01 8.03752500e-01 4.40233400e-01 5.91188100e-01 9.71378300e-01 1.00139700e+02 2.41650200e+00 8.20159900e+00 2.07421600e+00 1.83751300e+00 1.21530300e+03 5.67649200e+03 2.50931500e+03 8.11598100e+02 2.30224300e+02 9.63266100e-01 2.42288800e-01 2.43604000e-01 2.52560400e+00 1.40105200e+01 1.08931400e+03 1.47179800e+02 1.04167200e+00 1.41291800e+01 1.05913200e+03 1.49915400e+02 1.38729100e-01 1.60274800e-01 3.36498600e+03 1.01137900e-02 8.19872100e-01 4.52891700e-01 7.19495600e+01 6.49336700e+02 8.18318500e+01 1.54959800e+03 8.84025000e+01 2.00800300e+03 9.39017300e+01 2.33710800e+03 2.31936400e+02 5.85178000e+03 4.45092300e-01 7.34005800e-01 4.63941800e-01 6.51072700e-01 4.63031300e-01 6.09475900e-01 4.58474100e-01 5.80041200e-01 2.92651200e-01 3.01863900e-01 3.14776200e+01 1.05449900e+02 2.97060900e+01 1.04604800e+01 3.97587000e+02 2.29658500e+01 1.15159200e+04 7.06644900e+02 4.98469700e-03 1.53969800e+00 3.69708700e+00 8.83757200e+00 1.19469300e+04 5.24177000e+00
5.28780800e-01 6.33406400e+03 2.21739400e-02 1.09898800e-01 1.04191400e+00 6.61200000e-02 2.57649000e+00 3.03229700e+00 9.56704400e-01 9.98158500e-01 2.58992600e+02 2.75420200e+01 9.68802500e+01 3.61604200e+01 2.27192800e+00 5.07431000e-01 6.86910500e-01 4.83397200e-01 6.32000500e+00 7.80396600e-01 9.04719500e-01 1.00558900e+00 9.52506000e-01 9.96970300e-01 1.00029800e+00 9.98432400e-01 9.89214700e-01 6.55780000e+01 6.91387900e-01 3.08612100e-01 1.32717800e-01 8.70337000e-02 7.85046900e-01 7.96235300e-01 4.36116000e-01 5.85125200e-01 9.69430100e-01 1.00081200e+02 2.42826700e+00 8.63800000e+00 2.07448200e+00 1.81751700e+00 1.22428000e+03 5.68892400e+03 2.50869000e+03 8.14775800e+02 2.32390400e+02 9.56704400e-01 2.38807600e-01 2.40109800e-01 2.45829200e+00 1.42561400e+01 1.08879700e+03 1.49804500e+02 1.04242600e+00 1.43707600e+01 1.05836900e+03 1.52613900e+02 1.36903400e-01 1.59682000e-01 3.36842800e+03 9.95157200e-03 8.19230300e-01 4.52638800e-01 7.06571600e+01 6.61295300e+02 8.03897500e+01 1.57786400e+03 8.68592500e+01 2.04445300e+03 9.22730600e+01 2.37938600e+03 2.28083600e+02 5.95449500e+03 4.40841600e-01 7.25715400e-01 4.59250500e-01 6.43609400e-01 4.58227900e-01 6.02444600e-01 4.53638000e-01 5.73321900e-01 2.89255000e-01 2.98293000e-01 2.45208900e+01 1.03189900e+02 2.76968700e+01 1.01721200e+01 3.99953200e+02 2.38858600e+01 1.15176300e+04 7.06671300e+02 6.37768800e-03 1.47275900e+00 3.66347700e+00 4.66924000e+00 1.19516500e+04 5.14261400e+00
5.74861000e-01 6.33426100e+03 2.24770100e-02 1.20909700e-01 1.04091900e+00 6.06561700e-02 3.18625500e+00 3.04568500e+00 9.76487500e-01 9.96181200e-01 2.06625400e+02 2.37798400e+01 9.43100500e+01 3.94204500e+01 6.32223000e+00 4.20433400e-01 8.99352100e-01 7.33356000e-02 6.03848900e+00 8.47276800e-01 9.88754900e-01 9.71979900e-01 8.78002900e-01 9.95960800e-01 1.00061800e+00 9.87244900e-01 9.82573500e-01 6.87530500e+01 6.95298500e-01 3.04701500e-01 1.44031900e-01 9.90263000e-02 8.13743500e-01 8.20095100e-01 4.49184600e-01 6.04583400e-01 9.81389800e-01 1.00406100e+02 2.40852200e+00 8.32672100e+00 2.10244200e+00 1.86225400e+00 1.19409200e+03 5.63385100e+03 2.50878200e+03 8.08330700e+02 2.28012300e+02 9.76487500e-01 2.47294000e-01 2.48627400e-01 2.61413000e+00 1.36465700e+01 1.09000000e+03 1.43424500e+02 1.04100300e+00 1.37775300e+01 1.06035200e+03 1.46038700e+02 1.41531000e-01 1.61111700e-01 3.36316700e+03 1.03609400e-02 8.20741100e-01 4.53189600e-01 7.40119600e+01 6.31041400e+02 8.41022100e+01 1.50660900e+03 9.08154600e+01 1.95273800e+03 9.64360800e+01 2.27314700e+03 2.37733800e+02 5.69943700e+03 4.54328600e-01 7.52623700e-01 4.74271600e-01 6.67889700e-01 4.73669300e-01 6.25343500e-01 4.69224800e-01 5.95219400e-01 3.00370700e-01 3.09984100e-01 2.80949100e+01 1.04192600e+02 2.94668700e+01 1.00878500e+01 3.97507300e+02 2.15352000e+01 1.15139900e+04 7.06588400e+02 2.90083400e-04 1.67729600e+00 3.56179300e+00 1.35709900e+01 1.19431200e+04 5.23937900e+00
8.34239500e-01 6.33091300e+03 2.25622100e-02 1.22265500e-01 1.04051500e+00 5.07983800e-02 3.15136600e+00 3.03636100e+00 9.67909500e-01 9.97285500e-01 2.82194800e+02 4.88106400e+01 9.68659900e+01 4.20972400e+01 2.04513500e+00 4.58577800e-01 8.34483700e-01 3.75325600e-01 2.20639300e+00 1.01876300e+00 9.74690300e-01 9.89608100e-01 9.53052300e-01 9.96972000e-01 1.00188500e+00 9.93627000e-01 9.86873100e-01 6.78082300e+01 6.83614000e-01 3.16386000e-01 1.45472900e-01 9.86425700e-02 8.12027600e-01 8.33909200e-01 4.56750900e-01 6.09011000e-01 9.86119600e-01 9.88418000e+01 2.43339600e+00 7.32269300e+00 2.08293000e+00 1.88170600e+00 1.22051500e+03 5.70402300e+03 2.52658700e+03 8.12783200e+02 2.29367500e+02 9.67909500e-01 2.46866400e-01 2.48198300e-01 2.58692600e+00 1.36909700e+01 1.08997900e+03 1.43188600e+02 1.04061000e+00 1.37600500e+01 1.06061900e+03 1.45766700e+02 1.42022900e-01 1.60757600e-01 3.41267000e+03 1.04892000e-02 8.11734600e-01 4.48417400e-01 7.31886500e+01 6.38982400e+02 8.34741900e+01 1.52276000e+03 9.02992100e+01 1.97183900e+03 9.60048800e+01 2.29388100e+03 2.38550100e+02 5.71928400e+03 4.60921400e-01 7.49874200e-01 4.78197000e-01 6.64174000e-01 4.76216100e-01 6.21335900e-01 4.70841300e-01 5.91077800e-01 2.97815900e-01 3.06833700e-01 3.11260900e+01 1.04669400e+02 2.98676700e+01 9.02131500e+00 3.95737500e+02 2.30693100e+01 1.15130000e+04 7.06910200e+02 1.14096800e-01 8.20176000e-01 6.38067400e+00 6.77131500e+00 1.19408300e+04 7.31494700e+00
2.18905400e-01 6.33340700e+03 2.23597000e-02 1.18456700e-01 1.04117200e+00 4.58575300e-02 3.01785500e+00 3.01605900e+00 9.68491300e-01 9.99041400e-01 2.46162100e+02 4.15218700e+01 1.04448400e+02 3.55667400e+01 2.78836900e+00 4.27859200e-01 8.11503300e-01 3.93573400e-01 6.30828400e+00 1.18186000e+00 1.20394300e+00 1.11671300e+00 1.18011900e+00 9.95152500e-01 1.00088900e+00 1.00110300e+00 9.84318400e-01 6.76434300e+01 6.90837200e-01 3.09162800e-01 1.41461600e-01 9.56894700e-02 7.96874500e-01 8.08952300e-01 4.43081400e-01 5.94205600e-01 9.68895800e-01 9.98787500e+01 2.39349300e+00 6.77337600e+00 2.04106900e+00 1.86220000e+00 1.20964900e+03 5.68035100e+03 2.52147700e+03 8.13424100e+02 2.29760800e+02 9.68491300e-01 2.45014000e-01 2.46339100e-01 2.57767700e+00 1.38139000e+01 1.08977200e+03 1.44980700e+02 1.04137400e+00 1.39220600e+01 1.05978000e+03 1.47654800e+02 1.40375100e-01 1.60752000e-01 3.37783500e+03 1.02900300e-02 8.17818800e-01 4.51755400e-01 7.28915900e+01 6.41063900e+02 8.29464800e+01 1.52945800e+03 8.96293800e+01 1.98164500e+03 9.52213800e+01 2.30621700e+03 2.35460500e+02 5.76984700e+03 4.47780700e-01 7.36586100e-01 4.66333100e-01 6.53178600e-01 4.65225600e-01 6.11370700e-01 4.60519400e-01 5.81796700e-01 2.93440700e-01 3.02623800e-01 3.23453500e+01 1.08207900e+02 3.14893000e+01 1.19222600e+01 3.96082400e+02 2.21055900e+01 1.15145200e+04 7.06685000e+02 1.53027500e-02 1.40705700e+00 4.03814100e+00 1.00342100e+01 1.19446300e+04 5.46050100e+00
4.23158200e-01 6.33069700e+03 2.22707300e-02 1.17644300e-01 1.04123100e+00 4.65048700e-02 2.91376200e+00 3.01523900e+00 9.62565300e-01 9.99054000e-01 2.32587700e+02 3.57774600e+01 9.57234100e+01 4.11208400e+01 3.41822400e+00 3.57977600e-01 7.99767900e-01 5.55039700e-02 5.66175000e+00 1.22029400e+00 9.74225500e-01 9.76610900e-01 9.71847600e-01 9.95932500e-01 9.99895200e-01 1.00006700e+00 9.82845300e-01 6.66583300e+01 6.83660400e-01 3.16339600e-01 1.40560200e-01 9.36950700e-02 7.95602000e-01 8.16981100e-01 4.47479000e-01 5.96670000e-01 9.74470400e-01 9.89915100e+01 2.41478500e+00 6.83746300e+00 2.03939700e+00 1.85826700e+00 1.21995800e+03 5.68449700e+03 2.52067100e+03 8.13557900e+02 2.30211600e+02 9.62565300e-01 2.43567300e-01 2.44887100e-01 2.55833000e+00 1.39279600e+01 1.08970700e+03 1.45792900e+02 1.04150600e+00 1.39982700e+01 1.05943700e+03 1.48505800e+02 1.39819900e-01 1.60511600e-01 3.40396700e+03 1.02966300e-02 8.12844600e-01 4.49223300e-01 7.19445200e+01 6.50030500e+02 8.20546000e+01 1.54909500e+03 8.87632200e+01 2.00594400e+03 9.43716200e+01 2.33355900e+03 2.34488000e+02 5.81827800e+03 4.51610900e-01 7.34712700e-01 4.68548400e-01 6.50754200e-01 4.66612900e-01 6.08785900e-01 4.61350300e-01 5.79141900e-01 2.91836500e-01 3.00656100e-01 3.08412800e+01 1.06171400e+02 2.97796000e+01 1.03805900e+01 3.95894700e+02 2.29736200e+01 1.15119200e+04 7.06908400e+02 9.31605100e-02 9.26576500e-01 5.72249100e+00 6.57658500e+00 1.19411700e+04 6.74222800e+00
8.94882900e-01 6.32919600e+03 2.24376000e-02 1.17371000e-01 1.04141900e+00 5.70125100e-02 2.98158500e+00 3.04389300e+00 9.66972800e-01 1.00156900e+00 2.10849200e+02 4.46933900e+01 1.07417300e+02 3.56251800e+01 7.11169600e+00 7.33880000e-01 5.83012100e-01 8.56510000e-01 4.54599900e+00 8.57102800e-01 7.35891100e-01 1.07601000e+00 1.25880800e+00 9.98549100e-01 1.00167300e+00 9.93359900e-01 9.83232100e-01 6.77496300e+01 6.94001400e-01 3.05998600e-01 1.40453800e-01 9.51569100e-02 8.04770400e-01 8.12776400e-01 4.45176000e-01 5.98552000e-01 9.77729000e-01 1.00298800e+02 2.42446000e+00 7.88726800e+00 2.09867900e+00 1.87251600e+00 1.22617800e+03 5.74382100e+03 2.53913500e+03 8.19257200e+02 2.31873400e+02 9.66972800e-01 2.44556100e-01 2.45879600e-01 2.55083700e+00 1.38320100e+01 1.08954400e+03 1.45389100e+02 1.04163800e+00 1.39577400e+01 1.05985600e+03 1.48043300e+02 1.40166200e-01 1.60580000e-01 3.37012900e+03 1.02414400e-02 8.19597900e-01 4.52630300e-01 7.29553000e+01 6.40273800e+02 8.29352000e+01 1.52834200e+03 8.95731000e+01 1.98070300e+03 9.51297000e+01 2.30553300e+03 2.34720800e+02 5.77703700e+03 4.50168900e-01 7.44200800e-01 4.69613300e-01 6.60279400e-01 4.68869100e-01 6.18161900e-01 4.64371800e-01 5.88349400e-01 2.96878600e-01 3.06307700e-01 3.02135500e+01 1.07140600e+02 3.13739200e+01 9.17805000e+00 3.96519600e+02 2.28510400e+01 1.15069500e+04 7.06613100e+02 1.37885100e-03 1.60798500e+00 3.58311100e+00 1.10930400e+01 1.19354900e+04 5.19247500e+00
8.68652000e-01 6.33627000e+03 2.23159800e-02 1.17111800e-01 1.04132400e+00 5.73747600e-02 2.93960500e+00 3.03881100e+00 9.66598600e-01 9.99394000e-01 2.88233800e+02 4.65563600e+01 9.95159100e+01 3.07652700e+01 4.60957100e-01 5.81473000e-01 5.12458000e-02 2.24938700e-01 7.35678800e+00 9.79112700e-01 3.84269200e-01 1.12458600e+00 1.10185700e+00 9.99683100e-01 1.00170400e+00 9.95748900e-01 9.89598400e-01 6.72186300e+01 6.89990600e-01 3.10009400e-01 1.40072900e-01 9.41550800e-02 8.03537100e-01 8.16831900e-01 4.47397300e-01 5.99583500e-01 9.80079100e-01 9.97973700e+01 2.42494900e+00 7.94220000e+00 2.08804100e+00 1.86167500e+00 1.21806900e+03 5.69731200e+03 2.52759000e+03 8.16271400e+02 2.31164200e+02 9.66598600e-01 2.43938400e-01 2.45259600e-01 2.55877300e+00 1.38905300e+01 1.08963200e+03 1.45766100e+02 1.04158300e+00 1.39946700e+01 1.05951300e+03 1.48466800e+02 1.39796800e-01 1.60579500e-01 3.38016600e+03 1.02427000e-02 8.17334800e-01 4.51537400e-01 7.24475900e+01 6.45054600e+02 8.24633500e+01 1.53877300e+03 8.91189500e+01 1.99358000e+03 9.46875000e+01 2.31999600e+03 2.34275300e+02 5.80195200e+03 4.52077600e-01 7.42662500e-01 4.70598700e-01 6.58477100e-01 4.69383700e-01 6.16292900e-01 4.64571100e-01 5.86457900e-01 2.95770300e-01 3.04981900e-01 3.15863800e+01 1.02606900e+02 3.12591800e+01 9.14364000e+00 3.96671400e+02 2.27294300e+01 1.15203300e+04 7.06707000e+02 1.95619600e-02 1.34256300e+00 4.11837800e+00 1.14816800e+01 1.19488700e+04 5.48050300e+00
6.23721600e-01 6.32944100e+03 2.23055600e-02 1.18217300e-01 1.04126500e+00 5.67757400e-02 3.03312000e+00 3.03982600e+00 9.73570700e-01 9.99557600e-01 2.47201500e+02 3.95011900e+01 1.20492600e+02 2.66118000e+01 2.64768800e+00 7.03702100e-01 8.09528700e-02 1.98455700e-01 5.63051200e+00 8.10017600e-01 6.52653400e-01 1.10500000e+00 9.88009000e-01 9.97977500e-01 1.00130500e+00 9.97399000e-01 9.93278900e-01 6.78961200e+01 6.93770900e-01 3.06229100e-01 1.41168000e-01 9.58476100e-02 8.06986200e-01 8.15321200e-01 4.46569800e-01 6.00313000e-01 9.79362900e-01 1.00282800e+02 2.40734600e+00 7.91473400e+00 2.09016100e+00 1.86579900e+00 1.20304500e+03 5.66954700e+03 2.52904700e+03 8.16915900e+02 2.31019000e+02 9.73570700e-01 2.45196800e-01 2.46522600e-01 2.59321100e+00 1.37996800e+01 1.08983400e+03 1.45007800e+02 1.04146000e+00 1.39235100e+01 1.05966600e+03 1.47700400e+02 1.40225300e-01 1.60906900e-01 3.36387000e+03 1.02580300e-02 8.20283700e-01 4.53085000e-01 7.31123000e+01 6.38918700e+02 8.31209700e+01 1.52504100e+03 8.97775700e+01 1.97638100e+03 9.53496300e+01 2.30046700e+03 2.35308300e+02 5.76356800e+03 4.51583200e-01 7.46221800e-01 4.71019000e-01 6.62041500e-01 4.70239900e-01 6.19798600e-01 4.65707800e-01 5.89899000e-01 2.97644500e-01 3.07088600e-01 2.89773400e+01 1.06025800e+02 3.25305300e+01 9.89533800e+00 3.96434800e+02 2.16370200e+01 1.15132800e+04 7.06617800e+02 1.73449100e-03 1.60798500e+00 3.59006900e+00 5.82203700e+00 1.19412400e+04 5.19978800e+00
6.70651300e-01 6.33292500e+03 2.24349300e-02 1.23889600e-01 1.04045500e+00 5.40990400e-02 3.28844200e+00 3.05961600e+00 9.72860200e-01 1.00321400e+00 1.93555800e+02 4.31873700e+01 9.51344600e+01 3.88466900e+01 1.90131500e+00 7.40918400e-01 4.20272900e-01 9.50817400e-01 8.01688500e+00 1.12180600e+00 8.65622800e-01 9.77326600e-01 9.92507100e-01 9.96653000e-01 1.00234900e+00 9.94243500e-01 9.96604000e-01 6.86981200e+01 6.88586100e-01 3.11413900e-01 1.46969700e-01 1.00965400e-01 8.24861500e-01 8.40406500e-01 4.60309600e-01 6.16191300e-01 9.95196000e-01 9.94931700e+01 2.44548700e+00 7.73468000e+00 2.13193700e+00 1.91330600e+00 1.22900700e+03 5.76001400e+03 2.55847900e+03 8.20352900e+02 2.30681200e+02 9.72860200e-01 2.48609500e-01 2.49947600e-01 2.65697300e+00 1.35741000e+01 1.09041000e+03 1.42217600e+02 1.04048200e+00 1.36684300e+01 1.06054300e+03 1.44826600e+02 1.42417300e-01 1.61386900e-01 3.38648500e+03 1.05027500e-02 8.16121500e-01 4.50802900e-01 7.40655100e+01 6.31064000e+02 8.43424500e+01 1.50506400e+03 9.11694300e+01 1.94969000e+03 9.68803300e+01 2.26874100e+03 2.39929400e+02 5.66994100e+03 4.64959000e-01 7.62222700e-01 4.83641500e-01 6.75655000e-01 4.82221600e-01 6.32301000e-01 4.77164000e-01 6.01647700e-01 3.03325200e-01 3.12736400e-01 3.12154100e+01 1.05952100e+02 3.38922800e+01 9.62188500e+00 3.96072800e+02 2.25629300e+01 1.15178000e+04 7.06746100e+02 4.17869400e-02 1.15641700e+00 4.79521500e+00 7.05078900e+00 1.19460600e+04 5.99341900e+00
5.21213800e-01 6.33153200e+03 2.25157700e-02 1.26907800e-01 1.04000000e+00 5.08760100e-02 3.60469500e+00 3.05366200e+00 9.83399500e-01 1.00089700e+00 3.03232000e+02 5.84841500e+01 1.10868600e+02 4.18027400e+01 9.86040200e-01 5.88030100e-01 6.39574800e-01 5.45723900e-02 4.26058600e+00 1.13021400e+00 1.04800700e+00 9.99398900e-01 9.48633100e-01 9.98139100e-01 1.00205300e+00 1.00232700e+00 1.00313200e+00 7.11737100e+01 7.03755000e-01 2.96245000e-01 1.50068700e-01 1.06809500e-01 8.25724200e-01 8.20540200e-01 4.49428400e-01 6.09182900e-01 9.78757700e-01 1.01431200e+02 2.39494200e+00 7.46307400e+00 2.11928100e+00 1.91424800e+00 1.20647300e+03 5.72753400e+03 2.54182800e+03 8.10637700e+02 2.26025200e+02 9.83399500e-01 2.52644900e-01 2.53997400e-01 2.74991300e+00 1.32864300e+01 1.09086600e+03 1.39956700e+02 1.03982100e+00 1.34596900e+01 1.06119200e+03 1.42512200e+02 1.43842200e-01 1.62266300e-01 3.32161500e+03 1.05112700e-02 8.28106500e-01 4.56985700e-01 7.64731400e+01 6.10144300e+02 8.66627700e+01 1.45869000e+03 9.34555100e+01 1.89192900e+03 9.91490100e+01 2.20342900e+03 2.42956700e+02 5.54796900e+03 4.55258600e-01 7.64573600e-01 4.77411400e-01 6.79457200e-01 4.77828500e-01 6.36576100e-01 4.74025900e-01 6.06160600e-01 3.06199400e-01 3.16438400e-01 3.79476900e+01 1.12711500e+02 3.85097300e+01 1.03752900e+01 3.95783600e+02 2.13046500e+01 1.15190100e+04 7.06496900e+02 3.67154000e-02 2.34993600e+00 3.58166600e+00 4.12313300e+00 1.19464800e+04 5.96831800e+00
1.05882100e+00 6.32929000e+03 2.22717900e-02 1.20607200e-01 1.04055600e+00 6.16001300e-02 3.18314400e+00 3.05751200e+00 9.69093500e-01 9.99643700e-01 2.46122700e+02 4.03767400e+01 1.05825300e+02 3.58109000e+01 1.78714100e+00 5.08435400e-01 9.42948000e-01 8.38568700e-01 9.80080300e+00 9.85629600e-01 9.14952200e-01 1.04035200e+00 8.07583900e-01 9.98435900e-01 1.00134100e+00 1.00551000e+00 9.97023100e-01 6.85296600e+01 6.94389800e-01 3.05610200e-01 1.43524200e-01 9.83566200e-02 8.15833700e-01 8.23426600e-01 4.51009400e-01 6.06587700e-01 9.85513000e-01 1.00299100e+02 2.43740000e+00 8.46099900e+00 2.12745600e+00 1.88085600e+00 1.22438000e+03 5.71865100e+03 2.52801900e+03 8.10203500e+02 2.27730200e+02 9.69093500e-01 2.47174900e-01 2.48507900e-01 2.65181300e+00 1.36797200e+01 1.09023100e+03 1.43671400e+02 1.04066100e+00 1.38057800e+01 1.05985600e+03 1.46358700e+02 1.41043000e-01 1.61338200e-01 3.35263100e+03 1.03263800e-02 8.21803300e-01 4.53889900e-01 7.37854400e+01 6.33044700e+02 8.38694200e+01 1.51117100e+03 9.05770900e+01 1.95850600e+03 9.61923700e+01 2.27974200e+03 2.37284900e+02 5.71339700e+03 4.56105000e-01 7.54464400e-01 4.75892700e-01 6.69421200e-01 4.75179000e-01 6.26735000e-01 4.70647900e-01 5.96517700e-01 3.00991900e-01 3.10581200e-01 3.20332300e+01 1.10748800e+02 3.40895200e+01 8.84926900e+00 3.98156100e+02 2.30499700e+01 1.15132400e+04 7.06605400e+02 1.52892200e-03 1.60798500e+00 3.63247000e+00 3.44159900e+00 1.19432900e+04 5.24198400e+00
1.10612400e+00 6.33938600e+03 2.21462000e-02 1.19385500e-01 1.04068100e+00 6.16526300e-02 3.10538200e+00 3.05521600e+00 9.66049200e-01 9.99962900e-01 2.63283000e+02 5.50017600e+01 1.02020300e+02 4.52294000e+01 6.99780300e+00 9.63153700e-01 5.43783500e-01 9.56676100e-01 1.71600700e+00 1.74793200e+00 1.24473700e+00 9.14630200e-01 1.25670500e+00 9.99478000e-01 9.99053800e-01 1.00018600e+00 9.95156800e-01 6.79950000e+01 6.92478800e-01 3.07521200e-01 1.42176900e-01 9.66731500e-02 8.12839300e-01 8.22965300e-01 4.50756700e-01 6.05303800e-01 9.85748700e-01 1.00091100e+02 2.44260300e+00 8.46710200e+00 2.12257600e+00 1.87634400e+00 1.22887100e+03 5.71925100e+03 2.52795900e+03 8.10411200e+02 2.27930200e+02 9.66049200e-01 2.46095500e-01 2.47424600e-01 2.64901600e+00 1.37629900e+01 1.09020900e+03 1.44464200e+02 1.04085000e+00 1.38794400e+01 1.05943700e+03 1.47203600e+02 1.40346300e-01 1.61278700e-01 3.35541100e+03 1.02818400e-02 8.20982900e-01 4.53558300e-01 7.32434600e+01 6.37865700e+02 8.33034700e+01 1.52222300e+03 8.99922900e+01 1.97253000e+03 9.55904100e+01 2.29582100e+03 2.36107800e+02 5.74840100e+03 4.55676700e-01 7.51506700e-01 4.74969100e-01 6.66589500e-01 4.74034000e-01 6.23997900e-01 4.69366300e-01 5.93859300e-01 2.99585100e-01 3.09037600e-01 3.32341300e+01 1.07965300e+02 3.69798200e+01 8.72163800e+00 3.98322100e+02 2.34550600e+01 1.15174100e+04 7.06645600e+02 6.43381500e-03 1.47275900e+00 3.78348400e+00 1.89568800e+01 1.19479100e+04 5.26267600e+00
2.81388400e-01 6.33962400e+03 2.24789400e-02 1.20254900e-01 1.04122700e+00 5.04743300e-02 3.18414900e+00 3.02749800e+00 9.77156600e-01 9.95906900e-01 2.49467000e+02 3.96714600e+01 9.90484700e+01 3.72350900e+01 4.75592500e+00 7.43894000e-01 2.89038300e-01 5.20104200e-01 4.17643800e+00 1.37041400e+00 7.71287300e-01 1.12209300e+00 1.34264600e+00 9.98743700e-01 1.00181500e+00 1.01141000e+00 1.00151500e+00 6.90679900e+01 6.99439600e-01 3.00560400e-01 1.43379000e-01 9.90289800e-02 8.04670100e-01 8.05421400e-01 4.41147500e-01 5.95800500e-01 9.68232100e-01 1.00988700e+02 2.37862000e+00 7.28302000e+00 2.06455100e+00 1.86631100e+00 1.19407500e+03 5.65778400e+03 2.51786900e+03 8.11449300e+02 2.28669400e+02 9.77156600e-01 2.47267100e-01 2.48600400e-01 2.61305900e+00 1.36366800e+01 1.08994000e+03 1.43599400e+02 1.04130900e+00 1.37902700e+01 1.06031400e+03 1.46216400e+02 1.41350500e-01 1.61168300e-01 3.34877900e+03 1.03152000e-02 8.23618900e-01 4.54695800e-01 7.42794600e+01 6.28474600e+02 8.42948300e+01 1.50146700e+03 9.09646400e+01 1.94672100e+03 9.65518900e+01 2.26667600e+03 2.37330700e+02 5.69479200e+03 4.46566200e-01 7.44645300e-01 4.67201400e-01 6.61267400e-01 4.67094000e-01 6.19334200e-01 4.63034000e-01 5.89618400e-01 2.97712400e-01 3.07432200e-01 2.86805300e+01 1.05520400e+02 3.14388900e+01 1.15766000e+01 3.95766300e+02 2.14385300e+01 1.15256500e+04 7.06528400e+02 1.04515800e-02 2.04033800e+00 3.37783800e+00 1.28562200e+01 1.19544300e+04 5.42862700e+00
6.50832400e-01 6.32994000e+03 2.22690400e-02 1.15138300e-01 1.04125900e+00 5.66110000e-02 2.83040700e+00 3.02834400e+00 9.67835600e-01 9.97805900e-01 2.31989300e+02 4.26316600e+01 1.03795900e+02 3.96188500e+01 3.22666000e+00 6.68205100e-01 7.77496600e-01 8.58059000e-01 2.22644500e+00 1.07153700e+00 8.04602100e-01 8.34119600e-01 7.33771200e-01 9.97806900e-01 9.99836000e-01 9.91547600e-01 9.84308400e-01 6.65777600e+01 6.88551800e-01 3.11448200e-01 1.38052500e-01 9.19122400e-02 7.96376500e-01 8.11429400e-01 4.44438200e-01 5.94928700e-01 9.76009100e-01 9.96211500e+01 2.40991600e+00 7.82928500e+00 2.06629900e+00 1.84510700e+00 1.20468500e+03 5.65552400e+03 2.51964600e+03 8.17092500e+02 2.32150900e+02 9.67835600e-01 2.42422200e-01 2.43737800e-01 2.52961500e+00 1.40063400e+01 1.08940500e+03 1.46898000e+02 1.04159100e+00 1.41032300e+01 1.05917000e+03 1.49631300e+02 1.38983000e-01 1.60276300e-01 3.38147200e+03 1.01701800e-02 8.16826400e-01 4.51302800e-01 7.17766200e+01 6.51193000e+02 8.17377100e+01 1.55305500e+03 8.83547600e+01 2.01184700e+03 9.38900100e+01 2.34106000e+03 2.32534000e+02 5.85049200e+03 4.48997100e-01 7.35902800e-01 4.67031000e-01 6.52328600e-01 4.65657200e-01 6.10474400e-01 4.60771900e-01 5.80881700e-01 2.92916700e-01 3.01966800e-01 2.59952900e+01 1.02317100e+02 2.86798700e+01 9.68091900e+00 3.96358000e+02 2.21137500e+01 1.15125300e+04 7.06747100e+02 3.13047800e-02 1.21731700e+00 4.39143900e+00 6.81096100e+00 1.19406800e+04 5.64006100e+00
1.04508300e+00 6.33318100e+03 2.22069400e-02 1.16033400e-01 1.04118000e+00 6.18114000e-02 2.89439400e+00 3.04689300e+00 9.65781200e-01 1.00071100e+00 2.70245700e+02 4.24111100e+01 1.04560200e+02 3.91582500e+01 3.47077600e+00 5.06949100e-01 9.34898200e-01 4.74643000e-01 1.91849100e+00 1.34804400e+00 7.79476800e-01 1.03105800e+00 8.54490800e-01 9.99739200e-01 1.00297700e+00 9.84929000e-01 9.91688800e-01 6.69366500e+01 6.90023300e-01 3.09976700e-01 1.38885500e-01 9.29653000e-02 8.04543900e-01 8.17812300e-01 4.47934300e-01 6.00318900e-01 9.83371900e-01 9.98161900e+01 2.43479800e+00 8.37860100e+00 2.10498400e+00 1.86020200e+00 1.22114700e+03 5.70275000e+03 2.53078800e+03 8.17442700e+02 2.31608400e+02 9.65781200e-01 2.43275800e-01 2.44594600e-01 2.56362800e+00 1.39495600e+01 1.08962600e+03 1.46371800e+02 1.04148400e+00 1.40541500e+01 1.05913200e+03 1.49120400e+02 1.39212700e-01 1.60570700e-01 3.37214100e+03 1.01868800e-02 8.18335200e-01 4.52137000e-01 7.21420200e+01 6.47785300e+02 8.21149800e+01 1.54529200e+03 8.87421800e+01 2.00202900e+03 9.42869800e+01 2.32983100e+03 2.33281000e+02 5.82660800e+03 4.52637500e-01 7.43596400e-01 4.71188300e-01 6.59309100e-01 4.69975000e-01 6.17073500e-01 4.65158500e-01 5.87201900e-01 2.96155400e-01 3.05375100e-01 2.74704500e+01 1.05879300e+02 2.89745500e+01 8.77468800e+00 3.98133700e+02 2.28279300e+01 1.15161700e+04 7.06706100e+02 1.85284200e-02 1.34256300e+00 4.07720300e+00 8.30819800e+00 1.19459100e+04 5.43829500e+00
1.09534800e+00 6.33152700e+03 2.26034200e-02 1.20022900e-01 1.04114200e+00 6.19974900e-02 3.13426600e+00 3.05853500e+00 9.73506300e-01 9.99119900e-01 2.43426000e+02 4.66402600e+01 1.26338900e+02 2.60140400e+01 1.09573300e+00 5.17690900e-01 6.65246200e-01 5.91486900e-01 4.73886700e+00 1.02625400e+00 9.95774700e-01 1.08640900e+00 8.64143200e-01 9.97316900e-01 1.00195900e+00 9.99650800e-01 9.92832500e-01 6.86431900e+01 6.95936100e-01 3.04063900e-01 1.43271500e-01 9.83461100e-02 8.16276900e-01 8.21787100e-01 4.50111300e-01 6.06148100e-01 9.85232600e-01 1.00484500e+02 2.42864700e+00 8.40606700e+00 2.12963300e+00 1.88128400e+00 1.21603700e+03 5.72534100e+03 2.53766400e+03 8.18157700e+02 2.31300800e+02 9.73506300e-01 2.46655700e-01 2.47986800e-01 2.57378800e+00 1.36766600e+01 1.08971500e+03 1.43809800e+02 1.04124100e+00 1.38113800e+01 1.06054300e+03 1.46386700e+02 1.41452700e-01 1.60805700e-01 3.36840800e+03 1.03414800e-02 8.20269900e-01 4.52852900e-01 7.38808200e+01 6.32117300e+02 8.39366500e+01 1.50932600e+03 9.06279600e+01 1.95635700e+03 9.62306600e+01 2.27743900e+03 2.37125300e+02 5.71192700e+03 4.55339800e-01 7.55029900e-01 4.75484700e-01 6.70094800e-01 4.74954800e-01 6.27437300e-01 4.70547300e-01 5.97230600e-01 3.01416100e-01 3.11088300e-01 3.04477500e+01 1.06865200e+02 3.03569000e+01 8.80956700e+00 3.98021400e+02 2.23755900e+01 1.15173200e+04 7.06577300e+02 3.27232600e-06 1.74777200e+00 3.51981500e+00 4.68291500e+00 1.19465300e+04 5.26758900e+00
8.51629100e-01 6.33017200e+03 2.25071000e-02 1.22513200e-01 1.04057900e+00 7.38671200e-02 3.29016700e+00 3.08488300e+00 9.76512500e-01 9.99935900e-01 2.59191400e+02 3.45586100e+01 1.06465600e+02 4.18615000e+01 4.42986600e+00 6.58691900e-01 6.85684300e-01 3.19255800e-01 6.07355000e+00 8.21293000e-01 1.10216000e+00 9.09253500e-01 9.22631000e-01 9.97255200e-01 1.00098300e+00 9.96017800e-01 9.91018800e-01 6.93023700e+01 6.96708300e-01 3.03291700e-01 1.45665500e-01 1.00949600e-01 8.31713900e-01 8.36264300e-01 4.58040800e-01 6.17218700e-01 9.99079200e-01 1.00549300e+02 2.45486200e+00 9.62371800e+00 2.18649200e+00 1.88620000e+00 1.21401100e+03 5.69845300e+03 2.52825300e+03 8.11542400e+02 2.28536200e+02 9.76512500e-01 2.48658600e-01 2.49996900e-01 2.64424900e+00 1.35562000e+01 1.09020400e+03 1.42496200e+02 1.04058800e+00 1.36938100e+01 1.06061900e+03 1.45087900e+02 1.42184300e-01 1.61351800e-01 3.35553900e+03 1.04079800e-02 8.22027200e-01 4.53831500e-01 7.45773900e+01 6.26158300e+02 8.47071200e+01 1.49528100e+03 9.14488000e+01 1.93827300e+03 9.70942500e+01 2.25648600e+03 2.39124400e+02 5.66152500e+03 4.63415700e-01 7.69386200e-01 4.84115800e-01 6.82921400e-01 4.83669000e-01 6.39482600e-01 4.79242000e-01 6.08717700e-01 3.07228900e-01 3.17133900e-01 3.05054300e+01 1.10679700e+02 3.45329700e+01 9.32544400e+00 4.04157600e+02 2.22295700e+01 1.15075300e+04 7.06564800e+02 1.17082900e-04 1.74777200e+00 3.51239900e+00 5.27141600e+00 1.19432500e+04 5.26028700e+00
1.03206100e+00 6.33097400e+03 2.24816700e-02 1.19348600e-01 1.04102500e+00 7.05322100e-02 3.05576500e+00 3.07110200e+00 9.66235400e-01 9.99588300e-01 2.60594600e+02 3.19300000e+01 9.90205100e+01 4.15919400e+01 2.06480200e+00 3.74332600e-01 8.87620800e-01 2.20117000e-01 6.82057500e+00 1.19535100e+00 1.12636300e+00 8.76959700e-01 7.97083200e-01 9.98541600e-01 1.00021900e+00 9.98997100e-01 9.88400300e-01 6.78228800e+01 6.90266900e-01 3.09733100e-01 1.42475400e-01 9.66309500e-02 8.19640000e-01 8.32830000e-01 4.56159800e-01 6.11462800e-01 9.95256600e-01 9.97605700e+01 2.46667800e+00 9.22393800e+00 2.15656600e+00 1.87283400e+00 1.23034400e+03 5.72415000e+03 2.52679600e+03 8.13275700e+02 2.30036100e+02 9.66235400e-01 2.45568400e-01 2.46895500e-01 2.56850300e+00 1.37701100e+01 1.08973300e+03 1.44465400e+02 1.04119500e+00 1.38749600e+01 1.06016200e+03 1.47089900e+02 1.40915200e-01 1.60679400e-01 3.38486600e+03 1.03377400e-02 8.16806900e-01 4.51133700e-01 7.30954400e+01 6.39316600e+02 8.31931900e+01 1.52515400e+03 8.99037300e+01 1.97598100e+03 9.55184400e+01 2.29955300e+03 2.36285000e+02 5.75162300e+03 4.60935100e-01 7.57572000e-01 4.79889600e-01 6.71724900e-01 4.78683200e-01 6.28703500e-01 4.73796800e-01 5.98274700e-01 3.01724900e-01 3.11143300e-01 2.89850700e+01 1.07158300e+02 2.99951800e+01 8.80621000e+00 4.02560500e+02 2.36993900e+01 1.15109100e+04 7.06699700e+02 2.20074400e-02 1.27934900e+00 4.25881200e+00 3.71415600e+00 1.19459700e+04 5.56016800e+00
1.49567200e-01 6.33489100e+03 2.25589700e-02 1.14729200e-01 1.04153200e+00 5.10585300e-02 2.87097300e+00 3.02147200e+00 9.62354800e-01 1.00082900e+00 2.72250000e+02 3.22353000e+01 7.71723900e+01 4.80995400e+01 1.81850800e+00 3.42383500e-01 8.37953700e-01 2.94712900e-01 8.43232300e+00 8.72821600e-01 8.21552700e-01 9.90434400e-01 9.61218400e-01 9.97907600e-01 1.00396600e+00 9.85970900e-01 9.85367100e-01 6.75299100e+01 6.97533800e-01 3.02466200e-01 1.37933300e-01 9.31462400e-02 7.88316400e-01 7.91550000e-01 4.33549800e-01 5.84614800e-01 9.59295700e-01 1.00754600e+02 2.39845200e+00 7.20672600e+00 2.05214700e+00 1.85293200e+00 1.22810000e+03 5.75534000e+03 2.52562600e+03 8.16225000e+02 2.31389400e+02 9.62354800e-01 2.43093600e-01 2.44411700e-01 2.49174100e+00 1.39226800e+01 1.08905300e+03 1.46568700e+02 1.04180400e+00 1.40687400e+01 1.05985600e+03 1.49200000e+02 1.39482000e-01 1.60094600e-01 3.35969200e+03 1.01329900e-02 8.21834500e-01 4.53704900e-01 7.26563900e+01 6.42653300e+02 8.25033700e+01 1.53487300e+03 8.90581200e+01 1.98972800e+03 9.45476200e+01 2.31649700e+03 2.32717000e+02 5.81446800e+03 4.38748700e-01 7.29329000e-01 4.58557700e-01 6.47465200e-01 4.58234000e-01 6.06324100e-01 4.54106300e-01 5.77181300e-01 2.91396800e-01 3.00800200e-01 2.96263000e+01 1.07348300e+02 3.12444900e+01 1.28165800e+01 3.95660500e+02 2.31406600e+01 1.15185600e+04 7.06552400e+02 2.97819400e-03 1.89191900e+00 3.37679100e+00 7.78211600e+00 1.19501800e+04 5.27168800e+00
1.08300600e+00 6.33574800e+03 2.24350200e-02 1.18176400e-01 1.04120000e+00 5.54994500e-02 2.93174100e+00 3.03347800e+00 9.58608200e-01 9.95743400e-01 2.60142800e+02 4.13033800e+01 1.10491300e+02 4.13335400e+01 4.18075700e+00 4.52617200e-01 9.43710500e-01 3.57164700e-02 1.16469800e+00 1.34116800e+00 9.11020900e-01 9.10237900e-01 7.76674400e-01 9.99629400e-01 1.00124500e+00 1.00419200e+00 9.84716000e-01 6.68048100e+01 6.83485700e-01 3.16514300e-01 1.41256600e-01 9.43662000e-02 8.02224500e-01 8.24008900e-01 4.51328300e-01 6.01719700e-01 9.81503900e-01 9.89285400e+01 2.44579400e+00 7.74383500e+00 2.07693300e+00 1.85873000e+00 1.23371000e+03 5.71321500e+03 2.51496400e+03 8.10186100e+02 2.29326600e+02 9.58608200e-01 2.43879800e-01 2.45200800e-01 2.53412900e+00 1.38952700e+01 1.08956800e+03 1.45433200e+02 1.04144300e+00 1.39645800e+01 1.05985600e+03 1.48086000e+02 1.40314500e-01 1.60331700e-01 3.41252700e+03 1.03351800e-02 8.11765700e-01 4.48538100e-01 7.21054300e+01 6.48592700e+02 8.22426200e+01 1.54562600e+03 8.89689700e+01 2.00142500e+03 9.45920600e+01 2.32827900e+03 2.35062700e+02 5.80463700e+03 4.55476500e-01 7.40810600e-01 4.72515200e-01 6.56135700e-01 4.70543100e-01 6.13812200e-01 4.65222700e-01 5.83918400e-01 2.94232800e-01 3.03119000e-01 2.96978900e+01 1.07456100e+02 3.05695600e+01 8.49463100e+00 3.96377400e+02 2.47691500e+01 1.15192000e+04 7.06914900e+02 1.01678600e-01 8.72797100e-01 5.95995300e+00 8.80629800e+00 1.19488400e+04 6.93442800e+00
9.50682000e-01 6.33207500e+03 2.23627300e-02 1.12571500e-01 1.04148100e+00 5.86385000e-02 2.68523000e+00 3.02928400e+00 9.59491000e-01 9.98358800e-01 2.01981100e+02 2.11843800e+01 1.19428900e+02 2.51422900e+01 7.51004200e+00 4.87741800e-01 6.97679400e-01 4.41955300e-02 2.64270400e+00 1.18742400e+00 7.16818500e-01 1.17725500e+00 1.07934100e+00 9.99285500e-01 1.00083500e+00 9.98326600e-01 9.86077600e-01 6.59222400e+01 6.88018000e-01 3.11982000e-01 1.35579300e-01 8.93769400e-02 7.89595500e-01 8.05209400e-01 4.41031300e-01 5.90115500e-01 9.72497900e-01 9.95566100e+01 2.42650900e+00 7.94525100e+00 2.06824100e+00 1.83936700e+00 1.22602200e+03 5.71705400e+03 2.52398300e+03 8.19256700e+02 2.33472400e+02 9.59491000e-01 2.40436400e-01 2.41744700e-01 2.46195400e+00 1.41387200e+01 1.08891500e+03 1.48301300e+02 1.04190200e+00 1.42337200e+01 1.05909300e+03 1.51021300e+02 1.38205400e-01 1.59700600e-01 3.38862200e+03 1.00888900e-02 8.15859800e-01 4.50730000e-01 7.10795100e+01 6.57618400e+02 8.09572000e+01 1.56825000e+03 8.75180700e+01 2.03144600e+03 9.30059600e+01 2.36379800e+03 2.30425400e+02 5.90584200e+03 4.45517500e-01 7.29588600e-01 4.63286800e-01 6.46679500e-01 4.61866200e-01 6.05166600e-01 4.56982600e-01 5.75818200e-01 2.90362600e-01 2.99300400e-01 2.28866300e+01 1.02851200e+02 2.48588300e+01 8.90735000e+00 3.96926700e+02 2.36792500e+01 1.15141200e+04 7.06762800e+02 3.59886900e-02 1.21731700e+00 4.49375200e+00 8.00712800e+00 1.19436300e+04 5.74705800e+00
1.05678900e+00 6.33565600e+03 2.25730900e-02 1.16599600e-01 1.04093400e+00 6.59251700e-02 3.01670600e+00 3.05651100e+00 9.74677400e-01 9.98769600e-01 2.00344200e+02 2.30255900e+01 1.17030700e+02 3.08010300e+01 5.56719300e+00 7.97778900e-01 6.79324000e-01 7.39120800e-01 3.49368000e+00 1.08154700e+00 1.15103900e+00 1.09012800e+00 1.01048500e+00 9.97025300e-01 1.00356400e+00 9.90146800e-01 9.91673800e-01 6.83905000e+01 7.01068900e-01 2.98931100e-01 1.39817900e-01 9.56221300e-02 8.07466900e-01 8.06027000e-01 4.41479200e-01 5.97059300e-01 9.76397800e-01 1.01164100e+02 2.41106100e+00 8.71124300e+00 2.12532800e+00 1.86279100e+00 1.20736800e+03 5.71229900e+03 2.53125100e+03 8.18872900e+02 2.32124500e+02 9.74677400e-01 2.45077500e-01 2.46402900e-01 2.53910600e+00 1.37923900e+01 1.08934200e+03 1.45309100e+02 1.04111800e+00 1.39570200e+01 1.06012300e+03 1.47921200e+02 1.40259300e-01 1.60481700e-01 3.33891200e+03 1.01707100e-02 8.25340900e-01 4.55510300e-01 7.35272100e+01 6.34784400e+02 8.33965600e+01 1.51694400e+03 8.99716500e+01 1.96705500e+03 9.54807700e+01 2.29056900e+03 2.34420000e+02 5.75959700e+03 4.47039000e-01 7.47404900e-01 4.68119800e-01 6.63909200e-01 4.68212300e-01 6.21889000e-01 4.64275900e-01 5.92101000e-01 2.99061000e-01 3.08888600e-01 2.09157200e+01 1.06170500e+02 2.74123700e+01 8.94575000e+00 3.99426200e+02 2.19118200e+01 1.15209500e+04 7.06512800e+02 1.91892800e-02 2.19351700e+00 3.43267500e+00 7.92336800e+00 1.19512300e+04 5.64538200e+00
7.68751800e-01 6.33486300e+03 2.23869200e-02 1.13531000e-01 1.04144000e+00 5.58355200e-02 2.79675800e+00 3.03206100e+00 9.64761000e-01 1.00028000e+00 2.41406400e+02 3.43900800e+01 1.34449500e+02 2.38820800e+01 3.63427400e+00 6.92362500e-01 4.22864300e-01 2.77743700e-01 1.23595000e+00 1.26777500e+00 9.30722500e-01 1.01072500e+00 7.74922600e-01 9.98520300e-01 9.96967200e-01 9.97544300e-01 9.94042700e-01 6.69110100e+01 6.94973200e-01 3.05026800e-01 1.36563100e-01 9.13757200e-02 7.91991700e-01 7.98599500e-01 4.37411000e-01 5.88579500e-01 9.68215100e-01 1.00447500e+02 2.40892800e+00 7.69500700e+00 2.07399400e+00 1.85485200e+00 1.22357400e+03 5.74378600e+03 2.53820700e+03 8.22585400e+02 2.33773300e+02 9.64761000e-01 2.42006800e-01 2.43320900e-01 2.49619500e+00 1.40179900e+01 1.08908200e+03 1.47420600e+02 1.04179100e+00 1.41506800e+01 1.05932200e+03 1.50121100e+02 1.38697200e-01 1.60068100e-01 3.36044500e+03 1.00834300e-02 8.21092000e-01 4.53443900e-01 7.20353800e+01 6.48379600e+02 8.18643500e+01 1.54792700e+03 8.84032900e+01 2.00624000e+03 9.38777500e+01 2.33538600e+03 2.31477200e+02 5.85459000e+03 4.42428700e-01 7.32482000e-01 4.61779700e-01 6.49991400e-01 4.61161300e-01 6.08576300e-01 4.56813200e-01 5.79254800e-01 2.92355700e-01 3.01668700e-01 2.38279800e+01 1.03707700e+02 2.81269200e+01 9.50066200e+00 3.96201600e+02 2.29054800e+01 1.15225000e+04 7.06594300e+02 4.43110200e-05 1.74777200e+00 3.46802800e+00 6.81169600e+00 1.19511000e+04 5.21584400e+00
1.03591000e+00 6.33303600e+03 2.25012100e-02 1.15735200e-01 1.04125000e+00 6.33065300e-02 2.98165600e+00 3.05259700e+00 9.71553300e-01 9.99361900e-01 2.21213200e+02 2.67370000e+01 1.14164400e+02 2.97107100e+01 3.36967900e+00 6.50363100e-01 2.15836700e-01 8.79663600e-02 4.19138100e+00 1.32608300e+00 7.87991400e-01 1.10045800e+00 1.03121200e+00 9.99013100e-01 1.00216200e+00 1.00130600e+00 9.95617000e-01 6.83355700e+01 7.02593200e-01 2.97406800e-01 1.38881500e-01 9.49054900e-02 8.03551700e-01 8.00071100e-01 4.38217000e-01 5.93405400e-01 9.72054000e-01 1.01419100e+02 2.40962000e+00 8.45794700e+00 2.11702500e+00 1.86525700e+00 1.21705000e+03 5.74296300e+03 2.53751900e+03 8.20031400e+02 2.32275000e+02 9.71553300e-01 2.44580200e-01 2.45903800e-01 2.53962800e+00 1.38230900e+01 1.08932000e+03 1.45772400e+02 1.04146700e+00 1.39968300e+01 1.05989500e+03 1.48413300e+02 1.39824200e-01 1.60523300e-01 3.33218700e+03 1.01262300e-02 8.26608400e-01 4.56232400e-01 7.34440300e+01 6.35392200e+02 8.32609800e+01 1.51877000e+03 8.98035100e+01 1.96966900e+03 9.52864600e+01 2.29381600e+03 2.33685200e+02 5.77220900e+03 4.43860600e-01 7.43936800e-01 4.65179200e-01 6.61002100e-01 4.65454400e-01 6.19238700e-01 4.61663300e-01 5.89623000e-01 2.97878400e-01 3.07737800e-01 2.36775600e+01 1.04717700e+02 2.76418700e+01 8.99620300e+00 3.98361700e+02 2.24391400e+01 1.15182500e+04 7.06502200e+02 3.68902400e-02 2.34993600e+00 3.54943000e+00 5.58874600e+00 1.19480500e+04 5.93625700e+00
9.97424600e-01 6.32653500e+03 2.24641200e-02 1.20473600e-01 1.04079100e+00 5.09073700e-02 3.09863400e+00 3.04384000e+00 9.66758700e-01 1.00322000e+00 2.56423700e+02 4.03223400e+01 1.02303400e+02 3.94953000e+01 3.28481400e+00 4.58881800e-01 9.98540900e-01 5.04115600e-01 3.54260400e+00 8.45775800e-01 1.12139500e+00 1.04918900e+00 9.63381600e-01 9.97531800e-01 1.00183600e+00 9.89705600e-01 9.89567100e-01 6.78338600e+01 6.87960400e-01 3.12039600e-01 1.43582900e-01 9.73978300e-02 8.11060200e-01 8.27174800e-01 4.53062300e-01 6.06185500e-01 9.84758700e-01 9.94436000e+01 2.43649700e+00 7.32269300e+00 2.09856700e+00 1.89541900e+00 1.23506400e+03 5.77229100e+03 2.55248200e+03 8.21024400e+02 2.31729300e+02 9.66758700e-01 2.46132900e-01 2.47462100e-01 2.58636000e+00 1.37393100e+01 1.08989500e+03 1.43976300e+02 1.04093200e+00 1.38314800e+01 1.06023800e+03 1.46598800e+02 1.41258400e-01 1.60792900e-01 3.39180500e+03 1.03886500e-02 8.15359500e-01 4.50386900e-01 7.31439700e+01 6.39059900e+02 8.33094900e+01 1.52398400e+03 9.00614900e+01 1.97410100e+03 9.57092300e+01 2.29706600e+03 2.37128800e+02 5.73901500e+03 4.57602000e-01 7.49410600e-01 4.75835500e-01 6.64234100e-01 4.74367400e-01 6.21587000e-01 4.69345400e-01 5.91437300e-01 2.98176500e-01 3.07387200e-01 2.89868200e+01 1.07057300e+02 2.99346600e+01 8.80959700e+00 3.95747400e+02 2.31080100e+01 1.15069200e+04 7.06764600e+02 4.58012900e-02 1.15641700e+00 4.84744800e+00 5.67349400e+00 1.19345800e+04 6.04966600e+00
1.02862600e+00 6.33331000e+03 2.23444500e-02 1.18192900e-01 1.04103400e+00 5.12883100e-02 2.95526800e+00 3.03801400e+00 9.65445100e-01 1.00199500e+00 2.11725700e+02 3.91589700e+01 1.12390700e+02 3.13564600e+01 3.67801800e+00 5.28083900e-01 7.63983700e-01 4.86496800e-01 5.05156200e+00 1.13162100e+00 5.66593600e-01 1.00502700e+00 7.54053400e-01 9.96461900e-01 9.99568300e-01 9.94564500e-01 9.92223400e-01 6.69476300e+01 6.85000200e-01 3.14999800e-01 1.41182400e-01 9.45183000e-02 8.05573900e-01 8.25467300e-01 4.52127100e-01 6.03507900e-01 9.84550000e-01 9.91244500e+01 2.43485900e+00 7.33795200e+00 2.08637700e+00 1.88297400e+00 1.23045100e+03 5.74819200e+03 2.55097900e+03 8.23484900e+02 2.33217000e+02 9.65445100e-01 2.44162900e-01 2.45485000e-01 2.55886200e+00 1.38844700e+01 1.08970400e+03 1.45379000e+02 1.04127700e+00 1.39616100e+01 1.05966600e+03 1.48062700e+02 1.40177900e-01 1.60522100e-01 3.39981900e+03 1.03132100e-02 8.13668600e-01 4.49595400e-01 7.22339800e+01 6.47328700e+02 8.23503800e+01 1.54297800e+03 8.90652100e+01 1.99823200e+03 9.46797400e+01 2.32475900e+03 2.35046700e+02 5.79997200e+03 4.56424600e-01 7.44050700e-01 4.73871000e-01 6.59166100e-01 4.72065600e-01 6.16713500e-01 4.66841700e-01 5.86719400e-01 2.95701200e-01 3.04696500e-01 2.78130100e+01 1.04367600e+02 2.83489000e+01 8.65212900e+00 3.95715600e+02 2.30702000e+01 1.15148900e+04 7.06860400e+02 7.78707900e-02 9.81866700e-01 5.46240100e+00 1.09092000e+01 1.19423300e+04 6.52213800e+00
8.76701300e-01 6.32615900e+03 2.22748100e-02 1.17351800e-01 1.04120100e+00 4.90451400e-02 2.90286800e+00 3.02912800e+00 9.63339300e-01 1.00224300e+00 2.43376000e+02 3.68927600e+01 1.10093600e+02 3.99845100e+01 4.81591900e+00 7.73346700e-01 4.93889500e-01 4.64398900e-01 1.96132400e+00 8.85988000e-01 9.60101400e-01 8.87071200e-01 9.24215900e-01 9.97422000e-01 9.99451000e-01 9.88928900e-01 9.92242900e-01 6.66290300e+01 6.84031800e-01 3.15968200e-01 1.40271800e-01 9.34617200e-02 8.00675700e-01 8.21708300e-01 4.50068200e-01 6.00298800e-01 9.80900300e-01 9.90364400e+01 2.42915300e+00 7.09991500e+00 2.06791900e+00 1.87470700e+00 1.22985800e+03 5.73511600e+03 2.54462200e+03 8.21749600e+02 2.32787800e+02 9.63339300e-01 2.43420300e-01 2.44739600e-01 2.55376600e+00 1.39387000e+01 1.08966700e+03 1.45923200e+02 1.04148800e+00 1.40110300e+01 1.05939900e+03 1.48638600e+02 1.39730000e-01 1.60468600e-01 3.40201500e+03 1.02830600e-02 8.13176000e-01 4.49392600e-01 7.19069200e+01 6.50343200e+02 8.20021600e+01 1.54993000e+03 8.87015000e+01 2.00708400e+03 9.43023900e+01 2.33493400e+03 2.34258400e+02 5.82272500e+03 4.54258700e-01 7.39434400e-01 4.71387300e-01 6.54976100e-01 4.69482600e-01 6.12752000e-01 4.64215700e-01 5.82925100e-01 2.93759200e-01 3.02651300e-01 2.65423000e+01 1.06277700e+02 3.08491100e+01 8.93734500e+00 3.95724700e+02 2.30827100e+01 1.15072200e+04 7.06894800e+02 8.76515400e-02 9.26576500e-01 5.61291700e+00 3.82906000e+00 1.19349700e+04 6.62714500e+00
3.93914800e-01 6.33584700e+03 2.22020000e-02 1.16396300e-01 1.04086700e+00 5.32989600e-02 2.98769800e+00 3.03251200e+00 9.68440300e-01 1.00119300e+00 1.81556100e+02 3.43597400e+01 1.15743400e+02 3.89390200e+01 6.68872100e+00 5.71184400e-01 9.91960600e-01 2.34888400e-01 1.46397400e+00 9.81138200e-01 1.11845200e+00 1.07115300e+00 9.46243000e-01 9.94829400e-01 1.00278100e+00 9.98228000e-01 9.99225600e-01 6.77972400e+01 6.97064200e-01 3.02935800e-01 1.39243400e-01 9.44031800e-02 7.97707500e-01 8.01601200e-01 4.39055100e-01 5.91808700e-01 9.68807900e-01 1.00706800e+02 2.40024200e+00 7.55157500e+00 2.07493000e+00 1.86512700e+00 1.21733800e+03 5.71881300e+03 2.53258400e+03 8.16053200e+02 2.30282400e+02 9.68440300e-01 2.44542400e-01 2.45865900e-01 2.59717200e+00 1.38616000e+01 1.08975700e+03 1.45798300e+02 1.04110800e+00 1.40041400e+01 1.05924600e+03 1.48541100e+02 1.39443900e-01 1.60876900e-01 3.33818000e+03 1.01485800e-02 8.24356700e-01 4.55278100e-01 7.29529200e+01 6.40074500e+02 8.28522800e+01 1.52860300e+03 8.94412100e+01 1.98152500e+03 9.49590000e+01 2.30688700e+03 2.33805500e+02 5.78902800e+03 4.44265500e-01 7.37970700e-01 4.64207800e-01 6.55084900e-01 4.63825700e-01 6.13437800e-01 4.59611300e-01 5.83939400e-01 2.94780400e-01 3.04278300e-01 2.81778300e+01 1.11027700e+02 3.19332000e+01 1.08729300e+01 3.95856500e+02 2.22948700e+01 1.15206400e+04 7.06559300e+02 2.06335900e-03 1.89191900e+00 3.37763500e+00 1.02030800e+01 1.19496600e+04 5.27161700e+00
9.27034500e-01 6.33474300e+03 2.22574400e-02 1.21303300e-01 1.04037500e+00 4.73516600e-02 3.18252900e+00 3.03637200e+00 9.65554000e-01 1.00116100e+00 2.74727300e+02 6.30220800e+01 1.14675200e+02 3.85615400e+01 1.66753000e+00 6.52066500e-01 7.20937100e-01 7.95524700e-01 4.19184200e+00 9.72963800e-01 8.60881300e-01 1.05900700e+00 9.26333000e-01 9.97980100e-01 1.00334700e+00 1.00424700e+00 9.91801000e-01 6.82037400e+01 6.89996500e-01 3.10003500e-01 1.44205800e-01 9.83537700e-02 8.08388000e-01 8.21755300e-01 4.50093900e-01 6.03200200e-01 9.78849200e-01 9.97102900e+01 2.42603100e+00 7.01141400e+00 2.08295400e+00 1.89474400e+00 1.23592600e+03 5.76138800e+03 2.54252800e+03 8.13838400e+02 2.28422200e+02 9.65554000e-01 2.47161100e-01 2.48494000e-01 2.65438900e+00 1.36898300e+01 1.09031100e+03 1.43508500e+02 1.04049000e+00 1.37924000e+01 1.05989500e+03 1.46194800e+02 1.41207400e-01 1.61306800e-01 3.36890400e+03 1.03760600e-02 8.18661700e-01 4.52257300e-01 7.35103900e+01 6.35727300e+02 8.36726600e+01 1.51652600e+03 9.04256500e+01 1.96476100e+03 9.60756900e+01 2.28646000e+03 2.37707700e+02 5.71812600e+03 4.54770800e-01 7.47143600e-01 4.73401900e-01 6.62446400e-01 4.72179100e-01 6.20005900e-01 4.67337200e-01 5.89989600e-01 2.97520500e-01 3.06805700e-01 3.70154500e+01 1.12473200e+02 3.80329600e+01 9.01366800e+00 3.95840500e+02 2.35251600e+01 1.15229900e+04 7.06706900e+02 2.52560700e-02 1.27934900e+00 4.35725900e+00 5.74924000e+00 1.19513700e+04 5.66186400e+00
7.01462500e-01 6.33526300e+03 2.19117000e-02 1.20864300e-01 1.04027000e+00 4.53944900e-02 3.01611100e+00 3.02755300e+00 9.54609800e-01 1.00131900e+00 2.98097100e+02 3.94813300e+01 8.92465200e+01 4.61927200e+01 3.10547400e+00 7.87903400e-01 2.67788900e-01 3.21477000e-01 7.11861500e+00 8.97552400e-01 9.78282100e-01 9.52277800e-01 1.26931800e+00 9.98069100e-01 1.00125500e+00 1.00265700e+00 9.97095700e-01 6.61163300e+01 6.71908000e-01 3.28092000e-01 1.43421100e-01 9.48248000e-02 8.06242100e-01 8.43145800e-01 4.61810000e-01 6.10189000e-01 9.91542000e-01 9.75387100e+01 2.46446600e+00 6.84356700e+00 2.06466400e+00 1.88547300e+00 1.24957200e+03 5.72817000e+03 2.53267500e+03 8.10151700e+02 2.27654000e+02 9.54609800e-01 2.44794800e-01 2.46119100e-01 2.66272200e+00 1.38980700e+01 1.09055500e+03 1.44707300e+02 1.04052000e+00 1.39072100e+01 1.05890300e+03 1.47525900e+02 1.40165800e-01 1.61163900e-01 3.42565900e+03 1.04344400e-02 8.07361100e-01 4.46601200e-01 7.15469300e+01 6.54506700e+02 8.18999000e+01 1.55690700e+03 8.87517300e+01 2.01421300e+03 9.44715000e+01 2.34167400e+03 2.36518900e+02 5.80691400e+03 4.64981400e-01 7.43400100e-01 4.79500400e-01 6.57213500e-01 4.76179600e-01 6.14321300e-01 4.69931000e-01 5.84095400e-01 2.93878500e-01 3.02291600e-01 3.26677900e+01 1.08939400e+02 3.63448000e+01 8.82789600e+00 3.95931900e+02 2.51879300e+01 1.15170100e+04 7.07450300e+02 3.63008800e-01 3.12612500e-01 1.09126200e+01 4.53149500e+00 1.19469600e+04 1.15882400e+01
4.77000400e-01 6.33385200e+03 2.22223700e-02 1.24197400e-01 1.04014900e+00 5.39778900e-02 3.25385400e+00 3.05481700e+00 9.67114400e-01 1.00085300e+00 2.37351200e+02 3.14672500e+01 9.56789700e+01 4.40054400e+01 1.35447100e+00 8.44276400e-01 2.50510800e-01 8.14378400e-01 7.92964100e+00 1.19117400e+00 1.21897200e+00 8.70858100e-01 1.17632900e+00 9.95976600e-01 1.00044200e+00 9.98058900e-01 9.93518200e-01 6.79107700e+01 6.81116700e-01 3.18883300e-01 1.47064900e-01 9.98728900e-02 8.23580500e-01 8.49104700e-01 4.65073800e-01 6.18890700e-01 9.99394000e-01 9.85701900e+01 2.46215000e+00 7.77130100e+00 2.12173100e+00 1.90460800e+00 1.23397300e+03 5.72951400e+03 2.54271100e+03 8.13232200e+02 2.28286700e+02 9.67114400e-01 2.48079700e-01 2.49415900e-01 2.68603900e+00 1.36399900e+01 1.09067600e+03 1.42464900e+02 1.04021700e+00 1.36957000e+01 1.06004700e+03 1.45146600e+02 1.42033700e-01 1.61500700e-01 3.40400100e+03 1.05332900e-02 8.12135000e-01 4.48871200e-01 7.33402900e+01 6.37840700e+02 8.37125900e+01 1.51944500e+03 9.05913100e+01 1.96715900e+03 9.63400900e+01 2.28812200e+03 2.39776400e+02 5.69824300e+03 4.69082700e-01 7.60292600e-01 4.86030000e-01 6.73128800e-01 4.83723400e-01 6.29600300e-01 4.78071000e-01 5.98870100e-01 3.01634900e-01 3.10667400e-01 2.79061500e+01 1.08853900e+02 3.42294300e+01 1.00420000e+01 3.96183700e+02 2.35437600e+01 1.15152600e+04 7.07007500e+02 1.54137400e-01 7.19420900e-01 7.11816900e+00 7.67281400e+00 1.19450300e+04 7.99172700e+00
6.12505800e-01 6.33129400e+03 2.25252200e-02 1.26413600e-01 1.04015400e+00 5.54992100e-02 3.43453900e+00 3.06410900e+00 9.71690700e-01 1.00103200e+00 2.64489800e+02 3.92215500e+01 8.93409600e+01 5.02204500e+01 3.75658000e+00 7.38964100e-01 5.63508200e-01 2.69945200e-01 3.43359900e+00 1.07004000e+00 1.11092200e+00 9.04121400e-01 1.06670100e+00 9.97762600e-01 1.00270300e+00 9.98728100e-01 1.00170100e+00 6.94708300e+01 6.90058100e-01 3.09941900e-01 1.49584000e-01 1.03917200e-01 8.29601800e-01 8.43236100e-01 4.61859400e-01 6.18998700e-01 9.95333100e-01 9.96278500e+01 2.45284400e+00 7.91778600e+00 2.14153800e+00 1.91654800e+00 1.23380800e+03 5.76320500e+03 2.54552800e+03 8.12252000e+02 2.27449000e+02 9.71690700e-01 2.50514700e-01 2.51859700e-01 2.69017300e+00 1.34410900e+01 1.09064900e+03 1.40849400e+02 1.04007800e+00 1.35421900e+01 1.06103900e+03 1.43409600e+02 1.43487500e-01 1.61676500e-01 3.38273600e+03 1.05902900e-02 8.16920300e-01 4.51148400e-01 7.48727400e+01 6.24157100e+02 8.52222800e+01 1.48893500e+03 9.20997800e+01 1.92902000e+03 9.78540200e+01 2.24487300e+03 2.42101100e+02 5.61422800e+03 4.66649300e-01 7.66749200e-01 4.85771800e-01 6.79827100e-01 4.84518800e-01 6.36271300e-01 4.79551400e-01 6.05466200e-01 3.05290700e-01 3.14839300e-01 3.05914000e+01 1.08416500e+02 3.50192700e+01 9.84417100e+00 3.96428800e+02 2.32466100e+01 1.15164600e+04 7.06705200e+02 3.17533100e-02 1.21731700e+00 4.62578600e+00 4.03178200e+00 1.19459800e+04 5.87485600e+00
1.00217500e+00 6.33372900e+03 2.24398800e-02 1.21381500e-01 1.04095000e+00 5.93165400e-02 3.14411000e+00 3.05831400e+00 9.63306400e-01 1.00117300e+00 3.19406800e+02 5.29759700e+01 9.32172300e+01 4.83848300e+01 1.92449500e+00 5.73221100e-01 5.58219400e-01 2.29728200e-01 5.74164700e+00 8.41455600e-01 1.10891300e+00 8.48960700e-01 9.78811200e-01 9.97787800e-01 1.00050300e+00 1.00129200e+00 9.94578900e-01 6.80792200e+01 6.88299200e-01 3.11700800e-01 1.44466500e-01 9.83516700e-02 8.17768000e-01 8.33563000e-01 4.56561300e-01 6.11032900e-01 9.91112200e-01 9.95074700e+01 2.46182500e+00 8.20465100e+00 2.12916300e+00 1.89098100e+00 1.24303800e+03 5.76554100e+03 2.53750900e+03 8.13286600e+02 2.29064500e+02 9.63306400e-01 2.46725900e-01 2.48057200e-01 2.60639200e+00 1.36940800e+01 1.09004700e+03 1.43539500e+02 1.04106800e+00 1.37877300e+01 1.06027600e+03 1.46164200e+02 1.41528500e-01 1.60995300e-01 3.39220800e+03 1.04213200e-02 8.15382100e-01 4.50421700e-01 7.34018400e+01 6.36791300e+02 8.35945500e+01 1.51865200e+03 9.03651100e+01 1.96724600e+03 9.60286100e+01 2.28913100e+03 2.37867700e+02 5.72008600e+03 4.61168600e-01 7.55640300e-01 4.79626100e-01 6.69790500e-01 4.78184300e-01 6.26800900e-01 4.73146900e-01 5.96407000e-01 3.00689200e-01 3.09995000e-01 3.76916500e+01 1.09435000e+02 3.57132400e+01 8.81016300e+00 3.97520100e+02 2.43140400e+01 1.15210200e+04 7.06754500e+02 4.03724000e-02 1.15641700e+00 4.69808900e+00 3.14216700e+00 1.19516700e+04 5.89487800e+00
3.41236500e-01 6.33102900e+03 2.24728500e-02 1.15349200e-01 1.04114000e+00 5.51155600e-02 2.94197400e+00 3.03535800e+00 9.65988500e-01 1.00213800e+00 2.22476000e+02 3.85019800e+01 1.08969800e+02 3.46287900e+01 4.73719300e+00 5.17970600e-01 7.96926100e-01 4.48547600e-01 3.82501100e+00 1.06877700e+00 1.02771600e+00 9.95999900e-01 9.86886800e-01 9.97041000e-01 9.99054100e-01 1.00190400e+00 9.92738500e-01 6.79473900e+01 7.00082700e-01 2.99917300e-01 1.38467200e-01 9.40848700e-02 7.94897800e-01 7.94788200e-01 4.35323500e-01 5.88249700e-01 9.64328300e-01 1.01077400e+02 2.40336800e+00 7.65228300e+00 2.08084300e+00 1.86365900e+00 1.22702300e+03 5.76484500e+03 2.53546600e+03 8.18208200e+02 2.31512600e+02 9.65988500e-01 2.44032900e-01 2.45354400e-01 2.53096300e+00 1.38696800e+01 1.08928400e+03 1.46101200e+02 1.04138300e+00 1.40295400e+01 1.05974200e+03 1.48758300e+02 1.39602000e-01 1.60403900e-01 3.34015000e+03 1.01231100e-02 8.24934800e-01 4.55378300e-01 7.30659200e+01 6.38864500e+02 8.28999500e+01 1.52645100e+03 8.94500000e+01 1.97922200e+03 9.49374100e+01 2.30460500e+03 2.33251800e+02 5.79200500e+03 4.40738200e-01 7.35672700e-01 4.61274500e-01 6.53379100e-01 4.61249200e-01 6.11980100e-01 4.57293900e-01 5.82638700e-01 2.94250300e-01 3.03868400e-01 2.89626200e+01 1.04622600e+02 2.87278800e+01 1.11976500e+01 3.96028400e+02 2.27755600e+01 1.15161800e+04 7.06521700e+02 1.46882900e-02 2.11648900e+00 3.39230400e+00 3.83025700e+00 1.19461800e+04 5.52348000e+00
1.06864000e-01 6.33495300e+03 2.22037800e-02 1.12134600e-01 1.04193300e+00 4.69438300e-02 2.73967400e+00 3.00976400e+00 9.62835900e-01 1.00095400e+00 2.11849100e+02 3.29825700e+01 8.53953700e+01 5.14823600e+01 7.85268600e+00 7.02076500e-01 9.42759200e-01 5.00803000e-01 2.16880100e+00 9.58842500e-01 9.55516800e-01 7.96600400e-01 7.09710100e-01 9.97973300e-01 1.00140100e+00 9.92303100e-01 9.91152900e-01 6.67535400e+01 6.97077100e-01 3.02922900e-01 1.34983500e-01 9.01062700e-02 7.80716500e-01 7.84510500e-01 4.29694100e-01 5.79197100e-01 9.55556100e-01 1.00822800e+02 2.38198300e+00 6.79779100e+00 2.02826000e+00 1.84649800e+00 1.22149600e+03 5.73337800e+03 2.53487000e+03 8.21369700e+02 2.33133300e+02 9.62835900e-01 2.41132700e-01 2.42443600e-01 2.51007700e+00 1.40786600e+01 1.08912700e+03 1.48257000e+02 1.04233100e+00 1.42236000e+01 1.05871200e+03 1.51037400e+02 1.37859200e-01 1.60215500e-01 3.34793200e+03 1.00059900e-02 8.23204400e-01 4.54695000e-01 7.18284400e+01 6.50094700e+02 8.15751500e+01 1.55253300e+03 8.80624800e+01 2.01254600e+03 9.34951800e+01 2.34300200e+03 2.30200600e+02 5.87966800e+03 4.34827000e-01 7.22256300e-01 4.54350600e-01 6.41141400e-01 4.53979300e-01 6.00383800e-01 4.49856500e-01 5.71515300e-01 2.88540200e-01 2.97819400e-01 2.71318600e+01 1.04533100e+02 3.01559000e+01 1.34823000e+01 3.95863200e+02 2.26679500e+01 1.15177800e+04 7.06559100e+02 5.01893200e-03 1.96545900e+00 3.30194500e+00 8.28281400e+00 1.19497900e+04 5.27242300e+00
4.39047600e-01 6.33328500e+03 2.23974600e-02 1.15073300e-01 1.04172400e+00 5.45257700e-02 2.91380200e+00 3.03503400e+00 9.64135200e-01 1.00184300e+00 2.73666100e+02 4.43499600e+01 8.49862500e+01 5.09423100e+01 3.85221600e+00 6.43906200e-01 6.56841100e-01 2.00332200e-01 1.44384500e+00 5.78949600e-01 1.05228100e+00 9.47989000e-01 1.12200700e+00 9.98343900e-01 1.00329100e+00 9.95783200e-01 9.93198200e-01 6.78448500e+01 6.99938700e-01 3.00061300e-01 1.38115900e-01 9.37045200e-02 7.94956900e-01 7.95038000e-01 4.35460300e-01 5.88363900e-01 9.65128500e-01 1.01132000e+02 2.40782600e+00 7.60345500e+00 2.08016800e+00 1.86525400e+00 1.23230200e+03 5.77275800e+03 2.53922400e+03 8.19137000e+02 2.31769400e+02 9.64135200e-01 2.43620800e-01 2.44940800e-01 2.53472300e+00 1.38887900e+01 1.08932200e+03 1.46380100e+02 1.04198900e+00 1.40481400e+01 1.05955100e+03 1.49063600e+02 1.39335000e-01 1.60498500e-01 3.34446400e+03 1.01167300e-02 8.24362900e-01 4.55151100e-01 7.29580100e+01 6.39819900e+02 8.27813500e+01 1.52869900e+03 8.93240500e+01 1.98211300e+03 9.48052100e+01 2.30795300e+03 2.32950800e+02 5.80000200e+03 4.40866900e-01 7.35713300e-01 4.61373700e-01 6.53399800e-01 4.61331700e-01 6.11993000e-01 4.57364600e-01 5.82647000e-01 2.94251500e-01 3.03861200e-01 3.13644100e+01 1.06201600e+02 3.37777000e+01 1.06921400e+01 3.96014200e+02 2.32380800e+01 1.15150700e+04 7.06523200e+02 1.78757200e-02 2.19351700e+00 3.38311000e+00 9.43486100e+00 1.19450200e+04 5.59450300e+00
4.84259300e-01 6.32692800e+03 2.22812100e-02 1.19881800e-01 1.04050400e+00 5.22147500e-02 3.14928600e+00 3.03413300e+00 9.72715600e-01 9.99043500e-01 2.31399000e+02 4.35377300e+01 9.82133400e+01 4.14942800e+01 4.11862900e+00 6.61224500e-01 8.34639900e-01 8.18647500e-01 6.35898900e+00 1.11983500e+00 8.67688000e-01 9.64580900e-01 8.82903000e-01 9.98610400e-01 1.00312200e+00 1.00247900e+00 9.95451500e-01 6.83831800e+01 6.94610200e-01 3.05389800e-01 1.42808200e-01 9.76567800e-02 8.05992800e-01 8.13200800e-01 4.45408400e-01 5.99162700e-01 9.74667500e-01 1.00320700e+02 2.40073800e+00 7.49664300e+00 2.07829600e+00 1.87220900e+00 1.20715000e+03 5.68201600e+03 2.52439800e+03 8.11703000e+02 2.28440300e+02 9.72715600e-01 2.46732800e-01 2.48064200e-01 2.63822700e+00 1.37118000e+01 1.09012500e+03 1.44015800e+02 1.04062700e+00 1.38393400e+01 1.05981800e+03 1.46703700e+02 1.40812700e-01 1.61210200e-01 3.35078400e+03 1.02976400e-02 8.22098700e-01 4.54034800e-01 7.36240700e+01 6.34416400e+02 8.36801200e+01 1.51449800e+03 9.03695400e+01 1.96285300e+03 9.59697000e+01 2.28483100e+03 2.36699400e+02 5.72676800e+03 4.50463500e-01 7.45386400e-01 4.70062400e-01 6.61391700e-01 4.69383700e-01 6.19228100e-01 4.64925300e-01 5.89379400e-01 2.97403000e-01 3.06886100e-01 3.09573900e+01 1.08034500e+02 3.33214000e+01 1.04181000e+01 3.95799600e+02 2.18879800e+01 1.15082900e+04 7.06601200e+02 1.21212600e-03 1.60798500e+00 3.62169300e+00 5.62604800e+00 1.19364000e+04 5.23089000e+00
3.48772500e-01 6.33223500e+03 2.22029700e-02 1.19716600e-01 1.04049100e+00 5.04620600e-02 3.14723100e+00 3.03264200e+00 9.73376500e-01 1.00116800e+00 2.54164200e+02 3.20586200e+01 1.04333800e+02 3.90650300e+01 5.66044400e+00 5.81877200e-01 8.32828000e-01 3.96907500e-01 6.46676100e+00 8.18863600e-01 1.17136300e+00 1.05250100e+00 1.09176500e+00 9.96824800e-01 1.00188500e+00 9.90289000e-01 9.94423800e-01 6.83502200e+01 6.94836800e-01 3.05163200e-01 1.42564700e-01 9.74432800e-02 8.05422800e-01 8.12324100e-01 4.44928200e-01 5.98627900e-01 9.74213000e-01 1.00368100e+02 2.39699800e+00 7.32574500e+00 2.07519800e+00 1.87598200e+00 1.20721400e+03 5.68694400e+03 2.53063400e+03 8.13625100e+02 2.28865500e+02 9.73376500e-01 2.46673700e-01 2.48004900e-01 2.65267000e+00 1.37213700e+01 1.09020700e+03 1.44127900e+02 1.04062500e+00 1.38501300e+01 1.05962800e+03 1.46843800e+02 1.40610400e-01 1.61316500e-01 3.34595400e+03 1.02814000e-02 8.22755600e-01 4.54436700e-01 7.35837100e+01 6.34748900e+02 8.36284900e+01 1.51534400e+03 9.03107500e+01 1.96398300e+03 9.59050700e+01 2.28617400e+03 2.36504600e+02 5.73073900e+03 4.50005700e-01 7.44881000e-01 4.69639000e-01 6.60967400e-01 4.68986400e-01 6.18840900e-01 4.64548600e-01 5.89017100e-01 2.97230200e-01 3.06717100e-01 3.01672400e+01 1.10321500e+02 3.32000500e+01 1.10787800e+01 3.95716900e+02 2.16172900e+01 1.15144000e+04 7.06596900e+02 6.32578700e-04 1.67729600e+00 3.57235300e+00 9.80590100e+00 1.19428200e+04 5.25028200e+00
6.30393800e-01 6.33013900e+03 2.21434400e-02 1.16577200e-01 1.04073300e+00 4.87666300e-02 2.93230200e+00 3.02618500e+00 9.63885500e-01 1.00207200e+00 2.37156600e+02 4.54525900e+01 1.01435800e+02 3.82008000e+01 4.54943300e-01 7.24345400e-01 9.31461400e-02 6.81591600e-01 7.74344400e+00 1.00056500e+00 5.35132800e-01 9.23823700e-01 9.45546800e-01 9.98047500e-01 1.00185600e+00 9.93256900e-01 9.93915700e-01 6.69879200e+01 6.89427300e-01 3.10572700e-01 1.39365800e-01 9.33582400e-02 7.96280800e-01 8.10190700e-01 4.43759700e-01 5.94438700e-01 9.72899600e-01 9.97091500e+01 2.41386500e+00 7.08770800e+00 2.06184200e+00 1.87023900e+00 1.22776500e+03 5.73485200e+03 2.53922900e+03 8.18144000e+02 2.31046700e+02 9.63885500e-01 2.43767400e-01 2.45088000e-01 2.58889300e+00 1.39315700e+01 1.08979200e+03 1.46080000e+02 1.04100900e+00 1.40325400e+01 1.05905500e+03 1.48846500e+02 1.39299400e-01 1.60718000e-01 3.36636800e+03 1.01958200e-02 8.18876800e-01 4.52457700e-01 7.22046700e+01 6.47268500e+02 8.22024100e+01 1.54390800e+03 8.88451300e+01 2.00013800e+03 9.44024800e+01 2.32754900e+03 2.33665000e+02 5.81916800e+03 4.48378400e-01 7.35898300e-01 4.66601300e-01 6.52416500e-01 4.65328300e-01 6.10594600e-01 4.60512100e-01 5.81019400e-01 2.93008200e-01 3.02106400e-01 3.17756400e+01 1.06820700e+02 3.40879700e+01 9.76951700e+00 3.95755000e+02 2.29340200e+01 1.15110700e+04 7.06722300e+02 2.53914900e-02 1.27934900e+00 4.27991200e+00 8.44663700e+00 1.19395200e+04 5.58465200e+00
4.99737200e-01 6.33444000e+03 2.25115300e-02 1.18711500e-01 1.04049400e+00 4.76421500e-02 3.14328900e+00 3.03290900e+00 9.74168600e-01 1.00176000e+00 2.57995500e+02 3.56509500e+01 1.02534700e+02 4.00262200e+01 5.35937700e+00 7.38099500e-01 5.83331700e-01 4.64482100e-01 2.64582100e+00 8.79956500e-01 1.03401600e+00 1.06262500e+00 1.22575400e+00 9.97708000e-01 1.00160500e+00 1.00010400e+00 9.97224200e-01 6.89178500e+01 7.01309400e-01 2.98690600e-01 1.41868200e-01 9.77724900e-02 8.01175700e-01 7.99425400e-01 4.37863300e-01 5.92288300e-01 9.65076900e-01 1.01163000e+02 2.38448600e+00 6.95037800e+00 2.07575200e+00 1.88709600e+00 1.21687900e+03 5.76601000e+03 2.55007800e+03 8.21243400e+02 2.31455100e+02 9.74168600e-01 2.46741300e-01 2.48072700e-01 2.59319700e+00 1.36899100e+01 1.08972500e+03 1.44171000e+02 1.04060200e+00 1.38545700e+01 1.06023800e+03 1.46787800e+02 1.40923200e-01 1.60906800e-01 3.33126800e+03 1.02336200e-02 8.26332500e-01 4.56066000e-01 7.40901600e+01 6.29944000e+02 8.40285700e+01 1.50543500e+03 9.06500600e+01 1.95216800e+03 9.61982200e+01 2.27326600e+03 2.36141100e+02 5.71677400e+03 4.43384700e-01 7.41603900e-01 4.64351100e-01 6.58780400e-01 4.64470100e-01 6.17094600e-01 4.60583100e-01 5.87542200e-01 2.96750700e-01 3.06524500e-01 2.72041200e+01 1.07101900e+02 3.21170400e+01 1.04454800e+01 3.95871200e+02 2.18719100e+01 1.15239600e+04 7.06510900e+02 1.89647200e-02 2.19351700e+00 3.44368300e+00 4.56222100e+00 1.19521500e+04 5.65616500e+00
5.90417500e-01 6.32866800e+03 2.23815700e-02 1.22427600e-01 1.04032300e+00 4.35248600e-02 3.27536100e+00 3.02918100e+00 9.74866600e-01 1.00005800e+00 2.41166500e+02 4.75202600e+01 1.16652400e+02 3.49084700e+01 4.67100100e+00 5.24154900e-01 8.96855500e-01 2.35702200e-01 7.22027100e-01 7.65311400e-01 9.08961700e-01 1.16201900e+00 1.06247300e+00 9.97683200e-01 1.00286800e+00 1.00015300e+00 1.00031500e+00 6.89654500e+01 6.94181800e-01 3.05818200e-01 1.45454300e-01 1.00313200e-01 8.08804800e-01 8.16610100e-01 4.47275800e-01 6.01463900e-01 9.73930400e-01 1.00219200e+02 2.39366800e+00 6.59637500e+00 2.06802800e+00 1.89562000e+00 1.21278900e+03 5.72264500e+03 2.54270200e+03 8.15908000e+02 2.29043800e+02 9.74866600e-01 2.48420400e-01 2.49757900e-01 2.66255500e+00 1.35903600e+01 1.09033800e+03 1.42682600e+02 1.04036300e+00 1.37146900e+01 1.06031400e+03 1.45318000e+02 1.41892800e-01 1.61437100e-01 3.35711400e+03 1.04028400e-02 8.21180900e-01 4.53478800e-01 7.42615400e+01 6.28998700e+02 8.44153200e+01 1.50147100e+03 9.11691400e+01 1.94590700e+03 9.68229200e+01 2.26505400e+03 2.38869400e+02 5.67609900e+03 4.52278700e-01 7.47944800e-01 4.71854000e-01 6.63614600e-01 4.71124500e-01 6.21289400e-01 4.66617500e-01 5.91328700e-01 2.98351600e-01 3.07857500e-01 3.08287300e+01 1.08759200e+02 3.17437100e+01 1.00133400e+01 3.96570200e+02 2.18949400e+01 1.15110300e+04 7.06609500e+02 3.05851200e-03 1.53969800e+00 3.74589100e+00 5.92607100e+00 1.19395100e+04 5.28864800e+00
8.58665400e-01 6.32885900e+03 2.23972100e-02 1.23428900e-01 1.04020400e+00 4.52883500e-02 3.28614600e+00 3.03923000e+00 9.70421200e-01 1.00200600e+00 2.37070800e+02 4.13501200e+01 9.86982900e+01 4.94852000e+01 5.22978000e+00 5.67645000e-01 7.48801700e-01 3.99240300e-02 8.17142700e-01 1.28543700e+00 1.09301200e+00 9.12259500e-01 1.01435400e+00 9.98481000e-01 1.00176800e+00 1.00027700e+00 9.99373100e-01 6.87127700e+01 6.89774400e-01 3.10225600e-01 1.46471300e-01 1.00644500e-01 8.14221000e-01 8.27981300e-01 4.53504000e-01 6.07661500e-01 9.82253500e-01 9.96297200e+01 2.42229900e+00 6.80084200e+00 2.08891600e+00 1.90802500e+00 1.23023600e+03 5.76416500e+03 2.55158700e+03 8.16936200e+02 2.29215800e+02 9.70421200e-01 2.48565900e-01 2.49903900e-01 2.66329400e+00 1.35857800e+01 1.09041700e+03 1.42370300e+02 1.04023100e+00 1.36864100e+01 1.06042900e+03 1.44994500e+02 1.42214800e-01 1.61404400e-01 3.37595500e+03 1.04685400e-02 8.17713100e-01 4.51655400e-01 7.40615800e+01 6.31012700e+02 8.43062700e+01 1.50522400e+03 9.11136700e+01 1.95008200e+03 9.68090700e+01 2.26934800e+03 2.39560200e+02 5.67469300e+03 4.58191500e-01 7.52509300e-01 4.76901600e-01 6.67175400e-01 4.75641000e-01 6.24419800e-01 4.70744600e-01 5.94182200e-01 2.99610000e-01 3.08958400e-01 3.15915400e+01 1.09628900e+02 3.36010500e+01 9.16091900e+00 3.96107900e+02 2.27871200e+01 1.15126700e+04 7.06712800e+02 3.12385800e-02 1.21731700e+00 4.56579300e+00 4.46501800e+00 1.19407300e+04 5.81434900e+00
8.91627200e-01 6.33368200e+03 2.23894800e-02 1.21149500e-01 1.04060700e+00 4.87984200e-02 3.21808600e+00 3.04647100e+00 9.71168900e-01 1.00541700e+00 2.66951600e+02 4.35646000e+01 1.16041800e+02 3.54002800e+01 2.36444400e+00 7.35568700e-01 3.62586100e-01 9.51794300e-01 6.95605400e+00 9.30487500e-01 1.11346300e+00 9.40864200e-01 1.06227500e+00 9.95954300e-01 9.99626700e-01 9.87179500e-01 9.96026700e-01 6.88592500e+01 6.95916600e-01 3.04083400e-01 1.44184100e-01 9.92840800e-02 8.12334500e-01 8.17844300e-01 4.47951800e-01 6.03230200e-01 9.78934700e-01 1.00476700e+02 2.41820300e+00 7.14263900e+00 2.10409700e+00 1.90844600e+00 1.23370700e+03 5.79712900e+03 2.56363200e+03 8.22222800e+02 2.31090000e+02 9.71168900e-01 2.47678200e-01 2.49013000e-01 2.64128100e+00 1.36331500e+01 1.09016200e+03 1.43274500e+02 1.04068600e+00 1.37673100e+01 1.06020000e+03 1.45916000e+02 1.41473200e-01 1.61297200e-01 3.35267300e+03 1.03502600e-02 8.22198000e-01 4.54008800e-01 7.41171300e+01 6.30101000e+02 8.42048000e+01 1.50451400e+03 9.09173200e+01 1.95012200e+03 9.65377800e+01 2.27018200e+03 2.37880300e+02 5.69376000e+03 4.53125900e-01 7.51383700e-01 4.73175000e-01 6.66859100e-01 4.72648500e-01 6.24407600e-01 4.68262900e-01 5.94346600e-01 2.99952500e-01 3.09584200e-01 3.11227100e+01 1.10284700e+02 3.41110500e+01 9.22077700e+00 3.95784100e+02 2.24848100e+01 1.15179500e+04 7.06577600e+02 5.68769900e-06 1.74777200e+00 3.52440700e+00 1.00703300e+01 1.19454400e+04 5.27218400e+00
7.73156200e-01 6.33765200e+03 2.23239000e-02 1.21657200e-01 1.04039400e+00 4.96569600e-02 3.25916000e+00 3.04406000e+00 9.70956700e-01 1.00307200e+00 2.03706100e+02 5.64584400e+01 1.17709800e+02 3.78371900e+01 8.02238400e+00 6.93039600e-01 8.52505200e-01 4.80352400e-01 8.22615800e-01 1.08744000e+00 9.43478600e-01 1.16371800e+00 1.17971600e+00 9.98362600e-01 1.00291600e+00 1.00746200e+00 9.89851000e-01 6.90277100e+01 6.96471100e-01 3.03528900e-01 1.44626200e-01 9.98321600e-02 8.11832100e-01 8.16592900e-01 4.47266400e-01 6.02582100e-01 9.77134800e-01 1.00543100e+02 2.41469600e+00 7.25860600e+00 2.09902900e+00 1.90058300e+00 1.22896200e+03 5.76764900e+03 2.54872800e+03 8.15875600e+02 2.28806100e+02 9.70956700e-01 2.48188600e-01 2.49525200e-01 2.66805900e+00 1.36070400e+01 1.09033100e+03 1.42996400e+02 1.04044500e+00 1.37437700e+01 1.06012300e+03 1.45656100e+02 1.41545500e-01 1.61490900e-01 3.34497100e+03 1.03542800e-02 8.23286600e-01 4.54622000e-01 7.42869200e+01 6.28622800e+02 8.43833300e+01 1.50111200e+03 9.11024800e+01 1.94579600e+03 9.67289000e+01 2.26521400e+03 2.38262600e+02 5.68278900e+03 4.52491800e-01 7.50972400e-01 4.72647200e-01 6.66552900e-01 4.72184400e-01 6.24145300e-01 4.67844900e-01 5.94112200e-01 2.99852300e-01 3.09507800e-01 3.59461300e+01 1.12121800e+02 3.69141000e+01 9.51502900e+00 3.95744500e+02 2.25765300e+01 1.15272800e+04 7.06568500e+02 1.07200300e-04 1.74777200e+00 3.49570700e+00 8.37338500e+00 1.19551200e+04 5.24358600e+00
1.26687600e+00 6.33106200e+03 2.22246400e-02 1.16705200e-01 1.04094600e+00 6.87627700e-02 2.93544900e+00 3.06615100e+00 9.63531600e-01 1.00345000e+00 2.42530300e+02 3.73697700e+01 7.42232900e+01 5.13668400e+01 3.10684800e+00 5.93074500e-01 7.03888000e-01 3.87607000e-01 6.89083300e+00 1.00816900e+00 8.90200300e-01 9.44001200e-01 9.65692100e-01 9.96960700e-01 1.00280100e+00 9.92290200e-01 9.81942800e-01 6.71160900e+01 6.90147900e-01 3.09852100e-01 1.39575000e-01 9.36773000e-02 8.12427500e-01 8.25659900e-01 4.52232600e-01 6.06140400e-01 9.91679400e-01 9.98020300e+01 2.46294000e+00 9.05609100e+00 2.14591400e+00 1.87019000e+00 1.23591100e+03 5.74166300e+03 2.53693600e+03 8.17187500e+02 2.31257900e+02 9.63531600e-01 2.43843500e-01 2.45164300e-01 2.57462200e+00 1.39137200e+01 1.08970300e+03 1.45966600e+02 1.04122400e+00 1.40187500e+01 1.05928400e+03 1.48700600e+02 1.39497300e-01 1.60647700e-01 3.37000100e+03 1.02090100e-02 8.18623100e-01 4.52269500e-01 7.23345300e+01 6.46051300e+02 8.23305700e+01 1.54118900e+03 8.89733100e+01 1.99673500e+03 9.45312000e+01 2.32368800e+03 2.33863700e+02 5.81162300e+03 4.56980500e-01 7.50895600e-01 4.75742700e-01 6.65794800e-01 4.74533200e-01 6.23149300e-01 4.69680300e-01 5.92987100e-01 2.99073800e-01 3.08392800e-01 3.12340800e+01 1.06768700e+02 3.34614400e+01 8.39307500e+00 4.01617700e+02 2.35654400e+01 1.15081800e+04 7.06702800e+02 1.93743700e-02 1.34256300e+00 4.13039400e+00 8.17008200e+00 1.19417600e+04 5.49233200e+00
3.41608900e-01 6.33293200e+03 2.23809100e-02 1.14382300e-01 1.04161300e+00 5.15637600e-02 2.84452200e+00 3.02377500e+00 9.63294200e-01 1.00045100e+00 2.24413900e+02 2.84675500e+01 1.08056300e+02 3.72659800e+01 6.98169600e+00 5.48335200e-01 9.39888700e-01 1.43504800e-01 3.48242800e+00 1.17866700e+00 8.77442100e-01 9.83294000e-01 8.03922000e-01 9.99787600e-01 1.00073800e+00 1.00260700e+00 9.82471800e-01 6.72222900e+01 6.95921000e-01 3.04079000e-01 1.37408300e-01 9.23690200e-02 7.89974500e-01 7.95326900e-01 4.35618500e-01 5.86623800e-01 9.63510400e-01 1.00590000e+02 2.40154500e+00 7.28607200e+00 2.05687900e+00 1.85533000e+00 1.22599200e+03 5.74412900e+03 2.53229900e+03 8.18766400e+02 2.32122100e+02 9.63294200e-01 2.42664600e-01 2.43981100e-01 2.51379900e+00 1.39651300e+01 1.08921600e+03 1.46940900e+02 1.04193200e+00 1.41027400e+01 1.05939900e+03 1.49637800e+02 1.39003800e-01 1.60258000e-01 3.35905900e+03 1.01126400e-02 8.21502900e-01 4.53668100e-01 7.23562100e+01 6.45434500e+02 8.22037700e+01 1.54113100e+03 8.87565300e+01 1.99758600e+03 9.42432500e+01 2.32543800e+03 2.32223200e+02 5.83239700e+03 4.40682500e-01 7.30709400e-01 4.60192000e-01 6.48521000e-01 4.59685800e-01 6.07242200e-01 4.55424600e-01 5.78011400e-01 2.91758500e-01 3.01099900e-01 2.73356900e+01 1.06135900e+02 3.03804000e+01 1.11396400e+01 3.95709800e+02 2.30591300e+01 1.15181100e+04 7.06577500e+02 5.39750700e-04 1.81943000e+00 3.38860900e+00 6.05718800e+00 1.19480200e+04 5.20857800e+00
7.03134700e-01 6.32778800e+03 2.23955600e-02 1.19761500e-01 1.04101600e+00 4.90436500e-02 3.06639700e+00 3.03616600e+00 9.69031300e-01 1.00392100e+00 2.62887100e+02 3.22731400e+01 9.84675000e+01 3.83241400e+01 1.76625700e+00 5.29930400e-01 5.03821200e-01 5.27850100e-01 7.70836700e+00 9.62951500e-01 9.42405300e-01 9.68593800e-01 1.03280500e+00 9.97398800e-01 1.00042700e+00 9.95355700e-01 9.88774100e-01 6.77276600e+01 6.88683000e-01 3.11317000e-01 1.42802200e-01 9.67166000e-02 8.07731800e-01 8.22825900e-01 4.50680300e-01 6.03348000e-01 9.81486100e-01 9.95748000e+01 2.42123100e+00 7.13043200e+00 2.08252500e+00 1.88795400e+00 1.22406800e+03 5.73981200e+03 2.54865800e+03 8.21339500e+02 2.32007600e+02 9.69031300e-01 2.45678100e-01 2.47005700e-01 2.58776900e+00 1.37699300e+01 1.08988700e+03 1.44371500e+02 1.04118200e+00 1.38661100e+01 1.06000900e+03 1.47022300e+02 1.40879400e-01 1.60822800e-01 3.38783600e+03 1.03541800e-02 8.16030600e-01 4.50792800e-01 7.30165000e+01 6.40124100e+02 8.31456100e+01 1.52669300e+03 8.98745100e+01 1.97772200e+03 9.55034400e+01 2.30137100e+03 2.36505500e+02 5.75172900e+03 4.55271200e-01 7.46406300e-01 4.73590200e-01 6.61649400e-01 4.72212200e-01 6.19200700e-01 4.67267800e-01 5.89186900e-01 2.97074800e-01 3.06280100e-01 2.77995900e+01 1.06480900e+02 2.95430900e+01 9.53011200e+00 3.95738800e+02 2.22717400e+01 1.15106400e+04 7.06743300e+02 3.48991400e-02 1.21731700e+00 4.54945200e+00 4.85418000e+00 1.19381800e+04 5.80166800e+00
1.06626300e+00 6.33076600e+03 2.24886300e-02 1.19681500e-01 1.04108300e+00 5.15615000e-02 3.07007900e+00 3.04174300e+00 9.68083200e-01 1.00070800e+00 2.26314000e+02 2.82215500e+01 1.10198200e+02 3.40308500e+01 4.79798300e+00 6.31252900e-01 6.97487400e-01 4.52811100e-01 2.79318300e+00 7.50345400e-01 8.82160500e-01 1.13358400e+00 1.10624400e+00 9.99041400e-01 1.00353300e+00 9.96500100e-01 9.94690800e-01 6.78997800e+01 6.90231000e-01 3.09769000e-01 1.42815300e-01 9.69712500e-02 8.08987100e-01 8.22053200e-01 4.50257100e-01 6.03533100e-01 9.81764700e-01 9.97608200e+01 2.42759000e+00 7.37152100e+00 2.09417200e+00 1.88897600e+00 1.22917100e+03 5.75917200e+03 2.54934500e+03 8.21331000e+02 2.32092400e+02 9.68083200e-01 2.45761900e-01 2.47089800e-01 2.57218200e+00 1.37544000e+01 1.08976600e+03 1.44302900e+02 1.04123800e+00 1.38587800e+01 1.06020000e+03 1.46923600e+02 1.41042200e-01 1.60722200e-01 3.38647800e+03 1.03525800e-02 8.16588900e-01 4.51016400e-01 7.31755100e+01 6.38622100e+02 8.32861600e+01 1.52348100e+03 9.00051500e+01 1.97380200e+03 9.56268900e+01 2.29700800e+03 2.36564400e+02 5.74506500e+03 4.54986400e-01 7.47718600e-01 4.73678300e-01 6.62980000e-01 4.72479200e-01 6.20515300e-01 4.67650500e-01 5.90480700e-01 2.97787100e-01 3.07082500e-01 2.29242100e+01 1.06404800e+02 2.81209700e+01 8.74006400e+00 3.95768100e+02 2.30397100e+01 1.15154500e+04 7.06700600e+02 2.22997000e-02 1.27934900e+00 4.26191000e+00 6.26946800e+00 1.19430000e+04 5.56355900e+00
2.44353200e-01 6.33602900e+03 2.23525700e-02 1.21679800e-01 1.04082600e+00 4.52855000e-02 3.25044300e+00 3.02806700e+00 9.76878600e-01 1.00110700e+00 2.20666300e+02 4.89546500e+01 8.84938100e+01 4.53638000e+01 5.67605500e+00 7.22046700e-01 5.96095800e-01 8.23753600e-01 4.46656800e+00 1.06180600e+00 1.01662500e+00 1.07089500e+00 1.44021400e+00 9.96594600e-01 1.00411600e+00 9.89116800e-01 9.91632000e-01 6.90899700e+01 6.96910400e-01 3.03089600e-01 1.44677500e-01 9.99576300e-02 8.07837800e-01 8.11986900e-01 4.44743500e-01 5.99400200e-01 9.71889000e-01 1.00638700e+02 2.38436800e+00 6.78558300e+00 2.06572600e+00 1.88685300e+00 1.20376000e+03 5.69398900e+03 2.53645500e+03 8.15133700e+02 2.29028900e+02 9.76878600e-01 2.48086100e-01 2.49422300e-01 2.65950400e+00 1.36001900e+01 1.09028700e+03 1.43011500e+02 1.04088400e+00 1.37394300e+01 1.06016200e+03 1.45663300e+02 1.41595000e-01 1.61485400e-01 3.34997500e+03 1.03638600e-02 8.22784900e-01 4.54348900e-01 7.43477000e+01 6.28076800e+02 8.44401900e+01 1.49991600e+03 9.11574400e+01 1.94431600e+03 9.67825900e+01 2.26355000e+03 2.38319500e+02 5.67987400e+03 4.49969800e-01 7.47322700e-01 4.70126300e-01 6.63363500e-01 4.69719200e-01 6.21179700e-01 4.65437700e-01 5.91302200e-01 2.98451700e-01 3.08083300e-01 3.27711000e+01 1.07746100e+02 3.30764600e+01 1.18256300e+01 3.96261500e+02 2.13211500e+01 1.15161500e+04 7.06561700e+02 9.61465700e-04 1.81943000e+00 3.42704600e+00 1.46956500e+01 1.19455500e+04 5.24743700e+00
8.39347300e-01 6.33016900e+03 2.23922900e-02 1.18249700e-01 1.04116800e+00 5.31039200e-02 3.02975500e+00 3.04191800e+00 9.74286800e-01 1.00294300e+00 2.25520700e+02 2.73336800e+01 1.08082600e+02 2.96796800e+01 1.03036000e+00 7.15299700e-01 8.05335800e-03 7.49320700e-01 8.77648900e+00 1.11616300e+00 9.88465600e-01 1.01341700e+00 1.03588900e+00 9.96763400e-01 1.00017600e+00 9.89856300e-01 9.97482700e-01 6.78814700e+01 6.93380200e-01 3.06619800e-01 1.41287200e-01 9.59078100e-02 8.07812000e-01 8.16676000e-01 4.47311900e-01 6.01118900e-01 9.80470800e-01 1.00201600e+02 2.40900400e+00 7.52410900e+00 2.09453900e+00 1.88348800e+00 1.21182700e+03 5.72485300e+03 2.55365500e+03 8.25710900e+02 2.33781600e+02 9.74286800e-01 2.45186700e-01 2.46512500e-01 2.57572000e+00 1.37972900e+01 1.08972400e+03 1.44949700e+02 1.04136300e+00 1.39192300e+01 1.05985600e+03 1.47612600e+02 1.40396800e-01 1.60759800e-01 3.36824700e+03 1.02690500e-02 8.19655400e-01 4.52689500e-01 7.31074800e+01 6.38986000e+02 8.31246500e+01 1.52511700e+03 8.97863900e+01 1.97642600e+03 9.53625000e+01 2.30047400e+03 2.35396400e+02 5.76261100e+03 4.52270400e-01 7.46950700e-01 4.71648400e-01 6.62649800e-01 4.70827500e-01 6.20352200e-01 4.66262700e-01 5.90415900e-01 2.97890500e-01 3.07327100e-01 2.54171500e+01 1.04477700e+02 2.91709500e+01 9.29336800e+00 3.95824300e+02 2.15881700e+01 1.15170300e+04 7.06625900e+02 3.28654300e-03 1.53969800e+00 3.67936900e+00 4.75799900e+00 1.19437300e+04 5.22235400e+00
5.66348100e-01 6.32873900e+03 2.22821500e-02 1.17058800e-01 1.04125500e+00 4.82280700e-02 2.94213200e+00 3.02652200e+00 9.69707400e-01 1.00227700e+00 2.08068500e+02 2.71617600e+01 1.15019300e+02 2.69962600e+01 2.73979100e+00 7.58586400e-01 1.16433100e-01 7.99925700e-01 8.69909500e+00 1.00565300e+00 9.26119900e-01 1.04340200e+00 1.00741500e+00 9.96388900e-01 1.00052400e+00 9.89345500e-01 9.94406500e-01 6.72186300e+01 6.90182700e-01 3.09817300e-01 1.39986100e-01 9.40967400e-02 7.99383300e-01 8.12357700e-01 4.44946600e-01 5.96391600e-01 9.75012700e-01 9.98237000e+01 2.40340500e+00 7.01141400e+00 2.06253700e+00 1.87288600e+00 1.21453600e+03 5.71374700e+03 2.54564400e+03 8.23318000e+02 2.33178000e+02 9.69707400e-01 2.43958500e-01 2.45279800e-01 2.56604100e+00 1.38929400e+01 1.08967000e+03 1.45793600e+02 1.04152300e+00 1.39981200e+01 1.05943700e+03 1.48506000e+02 1.39719200e-01 1.60629100e-01 3.37689900e+03 1.02345600e-02 8.17783500e-01 4.51795500e-01 7.24444700e+01 6.45068300e+02 8.24547800e+01 1.53885200e+03 8.91070600e+01 1.99371300e+03 9.46729600e+01 2.32017600e+03 2.34208700e+02 5.80293900e+03 4.49618000e-01 7.38842400e-01 4.68086000e-01 6.55110800e-01 4.66899700e-01 6.13151000e-01 4.62127200e-01 5.83473500e-01 2.94272200e-01 3.03446200e-01 2.51601300e+01 1.05557000e+02 2.94311400e+01 1.00042000e+01 3.95817500e+02 2.19273500e+01 1.15114600e+04 7.06701900e+02 1.80749300e-02 1.34256300e+00 4.07919200e+00 6.13220700e+00 1.19392000e+04 5.43983000e+00
1.51594000e-01 6.33628000e+03 2.23163300e-02 1.18118300e-01 1.04138600e+00 4.72766200e-02 3.05639000e+00 3.02111800e+00 9.76349600e-01 1.00005700e+00 2.10376400e+02 3.31353300e+01 1.04842300e+02 3.66252700e+01 5.52612000e+00 5.13675100e-01 9.59729900e-01 1.44874900e-01 2.80832400e+00 1.21249800e+00 1.22677300e+00 1.05602200e+00 9.21724300e-01 9.96614500e-01 9.99166500e-01 9.91696300e-01 9.83901200e-01 6.82513400e+01 6.97139700e-01 3.02860300e-01 1.41079800e-01 9.62888300e-02 7.99364500e-01 8.03166100e-01 4.39912200e-01 5.93001000e-01 9.67585300e-01 1.00739100e+02 2.37416200e+00 6.93512000e+00 2.05142200e+00 1.86634100e+00 1.19502500e+03 5.66563500e+03 2.53157600e+03 8.18269600e+02 2.31174900e+02 9.76349600e-01 2.45512900e-01 2.46839800e-01 2.59923200e+00 1.37699200e+01 1.08983500e+03 1.44908100e+02 1.04157600e+00 1.39123900e+01 1.05966600e+03 1.47600100e+02 1.40252800e-01 1.61004000e-01 3.35126600e+03 1.02355900e-02 8.22740100e-01 4.54362000e-01 7.34448400e+01 6.35778800e+02 8.34077700e+01 1.51837200e+03 9.00391900e+01 1.96828200e+03 9.55926500e+01 2.29148600e+03 2.35345800e+02 5.75071900e+03 4.45100400e-01 7.39513600e-01 4.65107900e-01 6.56465200e-01 4.64737900e-01 6.14734500e-01 4.60523800e-01 5.85176300e-01 2.95396100e-01 3.04926500e-01 2.87515000e+01 1.04934600e+02 3.06566300e+01 1.27839200e+01 3.95975100e+02 2.10699600e+01 1.15239000e+04 7.06558200e+02 2.91009300e-03 1.89191900e+00 3.35581900e+00 7.01978700e+00 1.19537300e+04 5.25064800e+00
6.26098100e-01 6.33625600e+03 2.21203300e-02 1.13760400e-01 1.04175000e+00 5.03016600e-02 2.71896400e+00 3.01822900e+00 9.58828100e-01 1.00047400e+00 2.31211700e+02 4.07810000e+01 1.04600200e+02 4.36776400e+01 3.96328800e+00 9.28333000e-01 3.86484200e-01 9.25996300e-01 4.16748800e-01 1.33726800e+00 1.23708300e+00 8.79209600e-01 1.05981900e+00 9.98343300e-01 1.00263900e+00 1.00271600e+00 9.95516400e-01 6.57904100e+01 6.84579600e-01 3.15420400e-01 1.36525900e-01 8.98209100e-02 7.89496800e-01 8.09533200e-01 4.43399600e-01 5.91660900e-01 9.73350200e-01 9.92002100e+01 2.42145000e+00 7.18536400e+00 2.04550300e+00 1.84973100e+00 1.22814400e+03 5.71075400e+03 2.53188900e+03 8.19925500e+02 2.32941600e+02 9.58828100e-01 2.40808500e-01 2.42118200e-01 2.51824400e+00 1.41234000e+01 1.08935500e+03 1.47983400e+02 1.04216900e+00 1.41995500e+01 1.05863600e+03 1.50782200e+02 1.38134900e-01 1.60166600e-01 3.39623100e+03 1.01355700e-02 8.14056100e-01 4.49975600e-01 7.09920100e+01 6.58684600e+02 8.09451700e+01 1.56994200e+03 8.75510200e+01 2.03308500e+03 9.30741300e+01 2.36525200e+03 2.31125000e+02 5.89982400e+03 4.47605600e-01 7.29165800e-01 4.64617700e-01 6.45941500e-01 4.62802900e-01 6.04325700e-01 4.57652300e-01 5.74925200e-01 2.89775400e-01 2.98554100e-01 2.49310900e+01 1.05738000e+02 3.05241100e+01 9.63032900e+00 3.95728600e+02 2.34739100e+01 1.15225500e+04 7.06875200e+02 6.82138200e-02 1.03858200e+00 5.07846600e+00 8.07030500e+00 1.19513800e+04 6.18526100e+00
8.77944100e-01 6.32926600e+03 2.23064100e-02 1.18126700e-01 1.04083300e+00 6.05117000e-02 3.04824600e+00 3.05082400e+00 9.69050700e-01 1.00175000e+00 2.58486700e+02 3.38043700e+01 1.10252300e+02 3.20837000e+01 1.15448000e+00 5.90731500e-01 2.36265400e-01 4.54148800e-01 9.88176000e+00 1.36067100e+00 1.23361000e+00 1.03809800e+00 1.18426900e+00 9.96527500e-01 9.99759700e-01 1.00320000e+00 9.94740200e-01 6.79583700e+01 6.94526000e-01 3.05474000e-01 1.41078300e-01 9.58745000e-02 8.08879600e-01 8.16225800e-01 4.47065300e-01 6.01350100e-01 9.81210900e-01 1.00338900e+02 2.42718300e+00 8.28399700e+00 2.11327500e+00 1.87238900e+00 1.22087200e+03 5.72041700e+03 2.53315300e+03 8.15563100e+02 2.30221700e+02 9.69050700e-01 2.45399900e-01 2.46726400e-01 2.59830000e+00 1.37960300e+01 1.08983700e+03 1.44954700e+02 1.04102900e+00 1.39241800e+01 1.05966600e+03 1.47647600e+02 1.40222200e-01 1.60902700e-01 3.35489500e+03 1.02410700e-02 8.21602900e-01 4.53762700e-01 7.31726000e+01 6.38333600e+02 8.31680400e+01 1.52384000e+03 8.98170900e+01 1.97495400e+03 9.53834200e+01 2.29891100e+03 2.35259800e+02 5.76194800e+03 4.52113800e-01 7.48053800e-01 4.71776200e-01 6.63756300e-01 4.71091400e-01 6.21441300e-01 4.66614400e-01 5.91485500e-01 2.98477700e-01 3.07985200e-01 3.10605300e+01 1.09227600e+02 3.29625900e+01 9.22657400e+00 3.97602100e+02 2.24977000e+01 1.15076800e+04 7.06602800e+02 8.43846600e-04 1.67729600e+00 3.57571700e+00 9.66714600e+00 1.19370100e+04 5.25385800e+00
7.32647100e-01 6.33152200e+03 2.22546900e-02 1.20209800e-01 1.04076000e+00 5.65652300e-02 3.12657800e+00 3.04420900e+00 9.69453700e-01 1.00023000e+00 2.42931100e+02 5.62977000e+01 8.61924100e+01 5.03309400e+01 5.73718800e+00 6.48138300e-01 9.82294600e-01 7.00003000e-01 4.23532700e+00 1.15080800e+00 1.12894000e+00 9.77355300e-01 1.05751100e+00 9.96607100e-01 1.00129200e+00 9.97645000e-01 1.00219900e+00 6.80682400e+01 6.91127100e-01 3.08872900e-01 1.43109600e-01 9.74122100e-02 8.11183300e-01 8.23091800e-01 4.50826000e-01 6.04733400e-01 9.83211000e-01 9.98983000e+01 2.42585800e+00 7.95135500e+00 2.09934300e+00 1.87478500e+00 1.21658100e+03 5.69099000e+03 2.52535200e+03 8.11361400e+02 2.28467900e+02 9.69453700e-01 2.46421800e-01 2.47752100e-01 2.63546500e+00 1.37312800e+01 1.09016400e+03 1.44064400e+02 1.04091000e+00 1.38402400e+01 1.05974200e+03 1.46762000e+02 1.40818400e-01 1.61193200e-01 3.36802100e+03 1.03350200e-02 8.19071500e-01 4.52481100e-01 7.33446000e+01 6.37083600e+02 8.34543200e+01 1.52003100e+03 9.01741100e+01 1.96947700e+03 9.57971800e+01 2.29209300e+03 2.36837700e+02 5.73531000e+03 4.55623400e-01 7.49839700e-01 4.74572000e-01 6.64961100e-01 4.73478100e-01 6.22411100e-01 4.68710200e-01 5.92310500e-01 2.98743800e-01 3.08112100e-01 3.72624600e+01 1.09327200e+02 3.67781600e+01 9.51346500e+00 3.96526300e+02 2.24450500e+01 1.15163100e+04 7.06677700e+02 1.44055200e-02 1.40705700e+00 4.03259300e+00 6.11237500e+00 1.19448000e+04 5.45405500e+00
7.73864700e-01 6.33073600e+03 2.22485400e-02 1.20030500e-01 1.04086600e+00 5.75398900e-02 3.13013300e+00 3.04594300e+00 9.69430800e-01 9.99839900e-01 2.30126700e+02 4.24258500e+01 8.39684200e+01 5.63843800e+01 6.85834500e+00 5.99572500e-01 9.59792700e-01 1.01526100e-01 2.43259300e+00 1.19558100e+00 8.84199000e-01 9.08057300e-01 8.77790500e-01 9.96999900e-01 1.00404100e+00 9.99918100e-01 9.97855800e-01 6.82037400e+01 6.92751700e-01 3.07248300e-01 1.42924200e-01 9.74796500e-02 8.11285400e-01 8.21027600e-01 4.49695400e-01 6.04012700e-01 9.82357600e-01 1.00120300e+02 2.42543400e+00 8.04595900e+00 2.10298500e+00 1.87438000e+00 1.21747900e+03 5.69496500e+03 2.52524300e+03 8.11037300e+02 2.28302800e+02 9.69430800e-01 2.46466400e-01 2.47796800e-01 2.63789200e+00 1.37246200e+01 1.09015900e+03 1.44097500e+02 1.04100500e+00 1.38421600e+01 1.05974200e+03 1.46795900e+02 1.40761300e-01 1.61236400e-01 3.36204800e+03 1.03191300e-02 8.20219100e-01 4.53087100e-01 7.34604000e+01 6.35964600e+02 8.35438300e+01 1.51774400e+03 9.02485900e+01 1.96676400e+03 9.58602300e+01 2.28914100e+03 2.36735000e+02 5.73234400e+03 4.54644800e-01 7.50093400e-01 4.73953100e-01 6.65361400e-01 4.73047900e-01 6.22858700e-01 4.68408200e-01 5.92781600e-01 2.99045400e-01 3.08494800e-01 3.43193000e+01 1.11001900e+02 3.80165200e+01 9.44219700e+00 3.96796700e+02 2.25568200e+01 1.15108100e+04 7.06639500e+02 5.69520400e-03 1.53969800e+00 3.76606900e+00 9.91898800e+00 1.19396000e+04 5.31146200e+00
6.55421700e-01 6.33512300e+03 2.23923700e-02 1.23465000e-01 1.04039900e+00 6.15938900e-02 3.26961000e+00 3.07116500e+00 9.69692600e-01 1.00335900e+00 2.02189100e+02 4.46228100e+01 1.05476400e+02 4.37691300e+01 4.42332000e+00 8.32444400e-01 3.88470800e-01 6.15109700e-01 3.71413600e+00 8.53972500e-01 8.32180200e-01 9.62735400e-01 1.18656400e+00 9.97006300e-01 1.00235100e+00 1.00488000e+00 1.00048400e+00 6.85736100e+01 6.88447700e-01 3.11552300e-01 1.46502500e-01 1.00462000e-01 8.27796300e-01 8.43584000e-01 4.62050000e-01 6.18452400e-01 9.99643200e-01 9.94786300e+01 2.46552900e+00 8.49151600e+00 2.15670200e+00 1.90673500e+00 1.23556500e+03 5.75869300e+03 2.54887000e+03 8.16017700e+02 2.29390200e+02 9.69692600e-01 2.48349900e-01 2.49687100e-01 2.65851200e+00 1.35972500e+01 1.09040900e+03 1.42444300e+02 1.04043400e+00 1.36908600e+01 1.06042900e+03 1.45068400e+02 1.42190600e-01 1.61379500e-01 3.38395700e+03 1.04820600e-02 8.16393300e-01 4.50974500e-01 7.39313100e+01 6.32221000e+02 8.41938900e+01 1.50778500e+03 9.10110900e+01 1.95319000e+03 9.67137000e+01 2.27279300e+03 2.39542800e+02 5.67963200e+03 4.66721900e-01 7.64918900e-01 4.85434700e-01 6.78027600e-01 4.83990700e-01 6.34514300e-01 4.78902100e-01 6.03749400e-01 3.04382200e-01 3.13816600e-01 3.02552000e+01 1.10931900e+02 3.53537300e+01 9.66379700e+00 3.98304100e+02 2.31789800e+01 1.15185100e+04 7.06750200e+02 4.32947200e-02 1.15641700e+00 4.82670900e+00 7.81478900e+00 1.19496500e+04 6.02642000e+00
1.17694500e+00 6.33340000e+03 2.25085700e-02 1.24396200e-01 1.04011300e+00 5.34053700e-02 3.47913300e+00 3.05665700e+00 9.80063300e-01 1.00303100e+00 2.66091800e+02 5.38927100e+01 8.57838400e+01 5.61932000e+01 4.78744000e+00 5.51147400e-01 9.01603200e-01 2.44942500e-01 3.78998200e+00 5.31796800e-01 7.39236400e-01 7.93261900e-01 7.80720600e-01 9.97206500e-01 1.00169200e+00 1.00416200e+00 1.00298000e+00 7.06536900e+01 7.04423900e-01 2.95576100e-01 1.47549900e-01 1.04249400e-01 8.21446800e-01 8.15367500e-01 4.46595200e-01 6.05684900e-01 9.77264200e-01 1.01538700e+02 2.40140300e+00 7.67974900e+00 2.12563700e+00 1.91030100e+00 1.21519300e+03 5.75748300e+03 2.54780700e+03 8.14036600e+02 2.27577900e+02 9.80063300e-01 2.51072100e-01 2.52419000e-01 2.70851100e+00 1.33924600e+01 1.09054400e+03 1.41139900e+02 1.04001700e+00 1.35709200e+01 1.06092500e+03 1.43713300e+02 1.42972800e-01 1.61915000e-01 3.31764200e+03 1.04160800e-02 8.28826000e-01 4.57365900e-01 7.59052100e+01 6.14661200e+02 8.59999600e+01 1.46965100e+03 9.27305400e+01 1.90625400e+03 9.83724700e+01 2.22020100e+03 2.40933100e+02 5.59215000e+03 4.52444400e-01 7.60686700e-01 4.74640900e-01 6.76085700e-01 4.75141300e-01 6.33452400e-01 4.71417300e-01 6.03208200e-01 3.04754100e-01 3.14969700e-01 3.74811000e+01 1.10585000e+02 3.70060400e+01 1.01345800e+01 3.95902700e+02 2.15544100e+01 1.15125100e+04 7.06494900e+02 4.60900400e-02 2.42950100e+00 3.65464400e+00 1.40753700e+01 1.19401000e+04 6.13023600e+00
8.87933000e-01 6.33290800e+03 2.23175600e-02 1.17496000e-01 1.04108900e+00 5.12948600e-02 3.01138500e+00 3.03877800e+00 9.62124800e-01 1.00338800e+00 2.22841200e+02 4.14711800e+01 9.41747500e+01 4.53535700e+01 5.35590600e+00 7.18109600e-01 6.24566700e-01 6.05011500e-01 6.26456600e+00 9.38033600e-01 9.36353800e-01 8.38529400e-01 8.92780800e-01 9.95970800e-01 1.00044200e+00 9.94161800e-01 9.92585000e-01 6.78485100e+01 6.94881900e-01 3.05118100e-01 1.40458700e-01 9.52991400e-02 8.01066600e-01 8.07871000e-01 4.42489200e-01 5.95368200e-01 9.72519800e-01 1.00411800e+02 2.42567200e+00 7.34100300e+00 2.08797200e+00 1.88438900e+00 1.24475100e+03 5.80110900e+03 2.54890100e+03 8.18750700e+02 2.30802600e+02 9.62124800e-01 2.44909800e-01 2.46234500e-01 2.58338500e+00 1.38231100e+01 1.08973200e+03 1.45297600e+02 1.04130600e+00 1.39534100e+01 1.05958900e+03 1.47994100e+02 1.40012800e-01 1.60805800e-01 3.35669900e+03 1.02212000e-02 8.21475900e-01 4.53693300e-01 7.30462000e+01 6.39414000e+02 8.30155200e+01 1.52650000e+03 8.96477100e+01 1.97845500e+03 9.52001600e+01 2.30303000e+03 2.34753200e+02 5.77321500e+03 4.47533400e-01 7.40861900e-01 4.67080400e-01 6.57412100e-01 4.66441700e-01 6.15517200e-01 4.62034900e-01 5.85856700e-01 2.95653800e-01 3.05084900e-01 3.21566100e+01 1.07272700e+02 3.30813200e+01 9.21069200e+00 3.95748300e+02 2.39061200e+01 1.15147000e+04 7.06596000e+02 2.07178700e-04 1.67729600e+00 3.50761300e+00 1.04648000e+01 1.19435700e+04 5.18511700e+00
8.62227700e-01 6.33923300e+03 2.20664500e-02 1.21156800e-01 1.04028700e+00 5.46371700e-02 3.21248500e+00 3.05462100e+00 9.72485700e-01 1.00560500e+00 2.54634900e+02 3.77757700e+01 9.12428700e+01 4.53933300e+01 4.09103000e+00 7.35523200e-01 4.84233500e-01 6.04024800e-01 6.75429000e+00 9.05034800e-01 9.51934800e-01 9.42189900e-01 1.22911500e+00 9.97487000e-01 9.99077400e-01 1.00829300e+00 1.00276500e+00 6.84124800e+01 6.92606300e-01 3.07393700e-01 1.43868400e-01 9.84239600e-02 8.17302200e-01 8.27312300e-01 4.53137600e-01 6.08564200e-01 9.88132100e-01 1.00086800e+02 2.42980700e+00 7.82318100e+00 2.12131500e+00 1.90172600e+00 1.22446800e+03 5.74021100e+03 2.55464800e+03 8.18504900e+02 2.29705800e+02 9.72485700e-01 2.47471300e-01 2.48805300e-01 2.70206800e+00 1.36807900e+01 1.09057300e+03 1.43543200e+02 1.04039200e+00 1.37970200e+01 1.05943700e+03 1.46299000e+02 1.40834100e-01 1.61680100e-01 3.34775900e+03 1.03313000e-02 8.21933200e-01 4.54108100e-01 7.36888000e+01 6.34003100e+02 8.38071800e+01 1.51303000e+03 9.05349700e+01 1.96063500e+03 9.61657900e+01 2.28199000e+03 2.37512000e+02 5.71406000e+03 4.58099200e-01 7.55642000e-01 4.77519000e-01 6.70267100e-01 4.76590400e-01 6.27444200e-01 4.71905000e-01 5.97141400e-01 3.01232000e-01 3.10749200e-01 3.04187600e+01 1.08533700e+02 3.39069500e+01 9.22269100e+00 3.96156900e+02 2.20435000e+01 1.15288100e+04 7.06642800e+02 6.75947000e-03 1.47275900e+00 3.81390000e+00 1.02930000e+01 1.19562400e+04 5.29341800e+00
1.77776300e-01 6.33244600e+03 2.22006200e-02 1.15301200e-01 1.04102100e+00 5.04347900e-02 2.96772200e+00 3.02621300e+00 9.70293000e-01 1.00177600e+00 2.51998500e+02 4.56795200e+01 9.22602300e+01 4.04438200e+01 3.65849800e+00 5.32191600e-01 6.29704000e-01 3.41565800e-01 3.80860900e+00 7.93256100e-01 8.13876600e-01 1.09968900e+00 1.18087900e+00 9.97534700e-01 1.00289500e+00 9.97110900e-01 9.94907900e-01 6.80059800e+01 7.01291900e-01 2.98708100e-01 1.38146900e-01 9.39481800e-02 7.92680000e-01 7.90971400e-01 4.33232900e-01 5.86016300e-01 9.61223500e-01 1.01292400e+02 2.38122700e+00 7.23724400e+00 2.06190100e+00 1.86406300e+00 1.21369300e+03 5.72744400e+03 2.53766100e+03 8.18666400e+02 2.31093100e+02 9.70293000e-01 2.44271700e-01 2.45594100e-01 2.59045500e+00 1.38733600e+01 1.08964300e+03 1.46193800e+02 1.04127100e+00 1.40399500e+01 1.05913200e+03 1.48946300e+02 1.39102700e-01 1.60860300e-01 3.32074100e+03 1.00819300e-02 8.27690500e-01 4.57021000e-01 7.31090200e+01 6.38400100e+02 8.29165700e+01 1.52563600e+03 8.94508300e+01 1.97836000e+03 9.49258800e+01 2.30376200e+03 2.33022500e+02 5.79338300e+03 4.38722900e-01 7.33740700e-01 4.59465800e-01 6.51797200e-01 4.59582400e-01 6.10554600e-01 4.55735700e-01 5.81316400e-01 2.93632400e-01 3.03287400e-01 3.16518200e+01 1.04743600e+02 3.08726300e+01 1.25124600e+01 3.95715100e+02 2.18951200e+01 1.15152900e+04 7.06511000e+02 2.76272200e-02 2.27128100e+00 3.46054300e+00 7.20857800e+00 1.19454100e+04 5.75945100e+00
3.85665300e-01 6.33013400e+03 2.23697500e-02 1.19090800e-01 1.04081500e+00 4.86897100e-02 3.14552600e+00 3.03666000e+00 9.74135000e-01 1.00428700e+00 2.47699100e+02 3.61205800e+01 1.01330300e+02 3.81126200e+01 2.87869100e+00 6.95372100e-01 5.97912800e-01 6.53542900e-01 9.50199100e+00 1.07172400e+00 8.96404300e-01 1.04826400e+00 9.74926600e-01 9.97713600e-01 1.00306500e+00 9.96902400e-01 9.96616500e-01 6.88006600e+01 6.99789200e-01 3.00210800e-01 1.42105700e-01 9.77696600e-02 8.04797300e-01 8.05080000e-01 4.40960500e-01 5.95721300e-01 9.70264700e-01 1.01023200e+02 2.39248900e+00 7.09686300e+00 2.08355400e+00 1.89022500e+00 1.21733400e+03 5.75482000e+03 2.55277400e+03 8.21532700e+02 2.31369700e+02 9.74135000e-01 2.46718100e-01 2.48049400e-01 2.61994800e+00 1.36937900e+01 1.08993900e+03 1.44170300e+02 1.04094200e+00 1.38499800e+01 1.05993300e+03 1.46834700e+02 1.40758400e-01 1.61148500e-01 3.33588300e+03 1.02493100e-02 8.25340700e-01 4.55665700e-01 7.39895300e+01 6.30909900e+02 8.39555200e+01 1.50737700e+03 9.05930300e+01 1.95444500e+03 9.61535100e+01 2.27571800e+03 2.36287600e+02 5.71859400e+03 4.46392200e-01 7.44802600e-01 4.67116700e-01 6.61451400e-01 4.67055200e-01 6.19525200e-01 4.63026200e-01 5.89812000e-01 2.97834000e-01 3.07571700e-01 3.09074400e+01 1.10805700e+02 3.55302700e+01 1.09498700e+01 3.95794200e+02 2.16528400e+01 1.15104300e+04 7.06524700e+02 1.21456000e-02 2.04033800e+00 3.38780000e+00 9.47832200e+00 1.19388300e+04 5.44028300e+00
3.65455500e-01 6.33256400e+03 2.23351200e-02 1.19275200e-01 1.04072000e+00 5.01365200e-02 3.15613700e+00 3.03957900e+00 9.75091000e-01 1.00500100e+00 2.78416200e+02 4.13579700e+01 8.48055500e+01 4.50029500e+01 1.41182700e+00 7.07280000e-01 4.48410700e-01 7.09288400e-01 8.80730700e+00 1.09866200e+00 9.64557000e-01 9.89825200e-01 1.08655400e+00 9.98794300e-01 1.00361600e+00 9.94732400e-01 9.97615600e-01 6.87970000e+01 6.99440800e-01 3.00559200e-01 1.42255500e-01 9.78674900e-02 8.06636000e-01 8.07387400e-01 4.42224300e-01 5.97255400e-01 9.72507300e-01 1.00973300e+02 2.39466400e+00 7.25860600e+00 2.08964500e+00 1.89027300e+00 1.21486000e+03 5.74534400e+03 2.55218800e+03 8.21293500e+02 2.31258800e+02 9.75091000e-01 2.46844600e-01 2.48176300e-01 2.63021900e+00 1.36901800e+01 1.09000700e+03 1.44096800e+02 1.04083900e+00 1.38442900e+01 1.05989500e+03 1.46769900e+02 1.40757100e-01 1.61216300e-01 3.33472700e+03 1.02529500e-02 8.25386200e-01 4.55713700e-01 7.39902700e+01 6.30929400e+02 8.39660600e+01 1.50733700e+03 9.06095300e+01 1.95433600e+03 9.61747400e+01 2.27554400e+03 2.36400100e+02 5.71713500e+03 4.47648500e-01 7.46467900e-01 4.68340400e-01 6.62889900e-01 4.68236000e-01 6.20855600e-01 4.64168300e-01 5.91068100e-01 2.98452800e-01 3.08194200e-01 3.26546800e+01 1.08152700e+02 3.55862400e+01 1.10537900e+01 3.95774300e+02 2.14551200e+01 1.15164300e+04 7.06528400e+02 9.90867200e-03 2.04033800e+00 3.38318200e+00 8.45555100e+00 1.19447100e+04 5.43342800e+00
8.38282400e-01 6.33293800e+03 2.22175600e-02 1.17734300e-01 1.04120000e+00 4.58845700e-02 2.94237200e+00 3.02719700e+00 9.63411500e-01 1.00331200e+00 2.42997000e+02 4.51708700e+01 1.14628200e+02 3.61660500e+01 3.46247400e+00 5.59340500e-01 8.44166000e-01 3.26287700e-01 3.97760400e+00 9.67353800e-01 8.04915100e-01 1.01836000e+00 7.93891700e-01 9.98490500e-01 1.00315700e+00 1.01087000e+00 1.00019600e+00 6.69073500e+01 6.85928700e-01 3.14071300e-01 1.40597000e-01 9.40697000e-02 8.00268000e-01 8.18821000e-01 4.48486700e-01 5.99090600e-01 9.78359600e-01 9.92877600e+01 2.42394200e+00 6.78558300e+00 2.06393000e+00 1.88295600e+00 1.23432600e+03 5.75628600e+03 2.55208500e+03 8.22678800e+02 2.32560000e+02 9.63411500e-01 2.43934700e-01 2.45255900e-01 2.57838200e+00 1.39042600e+01 1.08981000e+03 1.45663700e+02 1.04146000e+00 1.39864900e+01 1.05932200e+03 1.48395900e+02 1.39784100e-01 1.60688000e-01 3.39159700e+03 1.02792600e-02 8.14904300e-01 4.50338700e-01 7.21766500e+01 6.47774200e+02 8.22607000e+01 1.54426800e+03 8.89554800e+01 2.00005200e+03 9.45539000e+01 2.32699800e+03 2.34587500e+02 5.80814200e+03 4.52826900e-01 7.39242100e-01 4.70367900e-01 6.55006900e-01 4.68683700e-01 6.12863900e-01 4.63568300e-01 5.83082900e-01 2.93907400e-01 3.02886900e-01 3.12128500e+01 1.09178800e+02 3.29212400e+01 9.09295700e+00 3.95970800e+02 2.31567100e+01 1.15175500e+04 7.06828800e+02 5.97325300e-02 1.03858200e+00 5.01533000e+00 7.16016200e+00 1.19457700e+04 6.11364400e+00
7.16496500e-01 6.33131300e+03 2.19977000e-02 1.19934500e-01 1.04050100e+00 4.65367700e-02 3.04565000e+00 3.02505100e+00 9.64859500e-01 9.99695300e-01 2.44782000e+02 3.99808200e+01 1.04218400e+02 4.00930600e+01 2.18149700e+00 4.39562800e-01 9.49911600e-01 2.71398900e-01 6.05057700e+00 1.11410600e+00 8.60290300e-01 8.13050200e-01 5.46006800e-01 9.97014400e-01 9.98827900e-01 1.00206600e+00 9.95326100e-01 6.69256600e+01 6.81679100e-01 3.18320900e-01 1.42577300e-01 9.54208200e-02 8.04338500e-01 8.28534900e-01 4.53807200e-01 6.04164400e-01 9.83201500e-01 9.87336400e+01 2.42550200e+00 6.94122300e+00 2.05950500e+00 1.87647000e+00 1.22186100e+03 5.68390500e+03 2.53012400e+03 8.12644800e+02 2.28705600e+02 9.64859500e-01 2.45233600e-01 2.46559500e-01 2.65660200e+00 1.38477700e+01 1.09038900e+03 1.44734200e+02 1.04072300e+00 1.39070800e+01 1.05905500e+03 1.47527300e+02 1.40120000e-01 1.61218100e-01 3.39189900e+03 1.03521800e-02 8.13783400e-01 4.49903100e-01 7.22662300e+01 6.47280500e+02 8.24724100e+01 1.54206500e+03 8.92418100e+01 1.99653100e+03 9.48996100e+01 2.32235600e+03 2.36106100e+02 5.78498900e+03 4.57801400e-01 7.42587000e-01 4.74481500e-01 6.57517100e-01 4.72295000e-01 6.15025200e-01 4.66819200e-01 5.85023300e-01 2.94711100e-01 3.03543500e-01 3.07035900e+01 1.06063800e+02 3.09404800e+01 9.25106700e+00 3.95921700e+02 2.29546100e+01 1.15106900e+04 7.06984700e+02 1.28009800e-01 7.68898900e-01 6.43605700e+00 9.49218500e+00 1.19388200e+04 7.33296500e+00
7.24394600e-01 6.33351000e+03 2.21809500e-02 1.22236900e-01 1.04003700e+00 4.69887000e-02 3.19366800e+00 3.03358400e+00 9.70241600e-01 1.00073700e+00 2.54912000e+02 3.75501700e+01 9.29824600e+01 4.50310000e+01 1.14631900e+00 6.92625700e-01 3.50127100e-01 2.07397600e-01 8.97983900e+00 1.30960300e+00 9.26209700e-01 8.68200700e-01 1.00965000e+00 9.98272900e-01 1.00192700e+00 1.00554200e+00 9.99525700e-01 6.78265400e+01 6.84675800e-01 3.15324200e-01 1.45063000e-01 9.83912100e-02 8.11417800e-01 8.31883700e-01 4.55641500e-01 6.08042400e-01 9.85246100e-01 9.90160400e+01 2.42208200e+00 7.00225800e+00 2.07715500e+00 1.89084100e+00 1.21777500e+03 5.69843400e+03 2.53719500e+03 8.13955900e+02 2.28708100e+02 9.70241600e-01 2.47275900e-01 2.48609300e-01 2.67314500e+00 1.37001000e+01 1.09050100e+03 1.43276000e+02 1.04015200e+00 1.37745300e+01 1.05978000e+03 1.45984200e+02 1.41329900e-01 1.61376000e-01 3.38405400e+03 1.04303600e-02 8.15456400e-01 4.50633200e-01 7.31921900e+01 6.38874200e+02 8.34501400e+01 1.52275900e+03 9.02584900e+01 1.97200400e+03 9.59510100e+01 2.29420900e+03 2.38247400e+02 5.72299300e+03 4.59891200e-01 7.49417200e-01 4.77396200e-01 6.63885300e-01 4.75542800e-01 6.21113800e-01 4.70257400e-01 5.90896100e-01 2.97766900e-01 3.06829800e-01 3.25266700e+01 1.09540200e+02 3.64354200e+01 9.34200200e+00 3.95871700e+02 2.23362200e+01 1.15207500e+04 7.06871800e+02 9.05929400e-02 9.26576500e-01 5.82764400e+00 4.99952600e+00 1.19483000e+04 6.84481300e+00
7.14771900e-01 6.33298800e+03 2.19932600e-02 1.21192900e-01 1.04023600e+00 4.50865800e-02 3.09499400e+00 3.02890500e+00 9.64697800e-01 1.00194000e+00 2.69674600e+02 3.56998400e+01 9.41406600e+01 4.90984700e+01 1.43141100e+00 7.73789600e-01 1.66622900e-01 7.27204200e-02 7.04174800e+00 1.20618200e+00 8.71280600e-01 6.90889900e-01 9.40443600e-01 9.98323900e-01 9.99512800e-01 1.00501200e+00 9.96279600e-01 6.69659400e+01 6.79265800e-01 3.20734200e-01 1.43831300e-01 9.63179600e-02 8.08258200e-01 8.35722600e-01 4.57744100e-01 6.08256100e-01 9.87695600e-01 9.84087000e+01 2.43495600e+00 6.80694600e+00 2.06745800e+00 1.88918700e+00 1.22822100e+03 5.70554000e+03 2.53971300e+03 8.14482100e+02 2.28946500e+02 9.64697800e-01 2.45889000e-01 2.47217300e-01 2.67490700e+00 1.38100700e+01 1.09055600e+03 1.44167600e+02 1.04042500e+00 1.38566000e+01 1.05917000e+03 1.46953400e+02 1.40530800e-01 1.61332300e-01 3.39934900e+03 1.04092200e-02 8.12272400e-01 4.49111400e-01 7.23475900e+01 6.46729000e+02 8.26278000e+01 1.54016700e+03 8.94426000e+01 1.99369500e+03 9.51366100e+01 2.31874800e+03 2.37069900e+02 5.76947900e+03 4.61554900e-01 7.45968400e-01 4.77769100e-01 6.60252600e-01 4.75289300e-01 6.17477400e-01 4.69596000e-01 5.87290100e-01 2.95753300e-01 3.04520600e-01 3.07115600e+01 1.08556700e+02 3.43676400e+01 9.15467000e+00 3.96058600e+02 2.30266000e+01 1.15169100e+04 7.07085900e+02 1.80717500e-01 6.25207500e-01 7.51484300e+00 5.41848500e+00 1.19451500e+04 8.32076800e+00
8.47039300e-01 6.33779900e+03 2.23379900e-02 1.17972000e-01 1.04115600e+00 4.73052200e-02 2.88343600e+00 3.02778200e+00 9.56218600e-01 1.00428800e+00 2.19811900e+02 2.19215900e+01 1.02526600e+02 4.31076300e+01 8.00932500e+00 6.68113000e-01 7.69764000e-01 1.70011300e-01 3.07103000e+00 1.33449300e+00 1.34178600e+00 9.05429700e-01 9.82503300e-01 9.98394300e-01 9.99590900e-01 1.00047400e+00 9.88800600e-01 6.62188700e+01 6.78547200e-01 3.21452800e-01 1.40955100e-01 9.33388700e-02 8.00372200e-01 8.28495100e-01 4.53785500e-01 6.02658500e-01 9.83560500e-01 9.83337900e+01 2.45100600e+00 6.90765400e+00 2.06513800e+00 1.87871200e+00 1.24866700e+03 5.77115500e+03 2.54411000e+03 8.19824100e+02 2.32170500e+02 9.56218600e-01 2.43181200e-01 2.44499600e-01 2.53517100e+00 1.39571100e+01 1.08962400e+03 1.45809600e+02 1.04144400e+00 1.40007200e+01 1.05958900e+03 1.48498100e+02 1.39998800e-01 1.60278500e-01 3.42778800e+03 1.03471500e-02 8.08734300e-01 4.47023800e-01 7.15519000e+01 6.53973700e+02 8.17373100e+01 1.55724600e+03 8.84881600e+01 2.01569000e+03 9.41282600e+01 2.34423700e+03 2.34665400e+02 5.83096500e+03 4.57515900e-01 7.38623700e-01 4.73415400e-01 6.53680400e-01 4.70879000e-01 6.11302000e-01 4.65186600e-01 5.81398900e-01 2.92781400e-01 3.01418100e-01 2.66935200e+01 1.07254500e+02 3.05768000e+01 8.78327900e+00 3.95765600e+02 2.43661700e+01 1.15165800e+04 7.07117700e+02 1.93766300e-01 6.25207500e-01 7.74130400e+00 1.44229500e+01 1.19455000e+04 8.56027800e+00
1.05410500e+00 6.32967300e+03 2.22801200e-02 1.15781300e-01 1.04115700e+00 4.92945400e-02 2.76445300e+00 3.02517700e+00 9.51494000e-01 1.00172600e+00 2.28033900e+02 3.94461200e+01 1.05065800e+02 4.20436100e+01 8.00285500e+00 6.94419800e-01 6.40938600e-01 3.68679000e-01 4.41881700e-01 8.65084300e-01 9.54088900e-01 1.05614000e+00 1.25067700e+00 9.97316900e-01 1.00265700e+00 9.94245400e-01 9.89113100e-01 6.55450400e+01 6.77137600e-01 3.22862400e-01 1.38706600e-01 9.09153100e-02 7.94428000e-01 8.24143100e-01 4.51401800e-01 5.98837400e-01 9.81261200e-01 9.81780000e+01 2.45736200e+00 7.08160400e+00 2.05976500e+00 1.86638400e+00 1.25497800e+03 5.77713100e+03 2.53899800e+03 8.19107100e+02 2.32415200e+02 9.51494000e-01 2.41511600e-01 2.42823900e-01 2.50457100e+00 1.40831700e+01 1.08938200e+03 1.47061500e+02 1.04153200e+00 1.41197300e+01 1.05920800e+03 1.49787100e+02 1.39088800e-01 1.59967400e-01 3.42884700e+03 1.02655000e-02 8.08296400e-01 4.46834500e-01 7.08460700e+01 6.60593800e+02 8.09664800e+01 1.57266400e+03 8.76721500e+01 2.03542300e+03 9.32735100e+01 2.36700400e+03 2.32745500e+02 5.88376700e+03 4.55000000e-01 7.33006200e-01 4.70472300e-01 6.48566300e-01 4.67795400e-01 6.06461100e-01 4.62038000e-01 5.76759100e-01 2.90410000e-01 2.98910800e-01 2.91039400e+01 1.07966600e+02 3.13441300e+01 8.28098300e+00 3.95687700e+02 2.55993800e+01 1.15054400e+04 7.07182600e+02 2.22525500e-01 5.37244800e-01 8.25802100e+00 8.13809500e+00 1.19350100e+04 9.01779100e+00
8.84144100e-01 6.33418900e+03 2.27023500e-02 1.19446700e-01 1.04091100e+00 5.22323800e-02 3.09320300e+00 3.04052300e+00 9.67965500e-01 1.00144400e+00 2.75427400e+02 3.45510900e+01 7.01828300e+01 5.57213200e+01 3.77127700e+00 7.16898300e-01 4.72900200e-01 1.06721200e-02 4.03936500e+00 1.03988900e+00 1.01375000e+00 8.49700900e-01 1.13866100e+00 9.99056900e-01 1.00104900e+00 9.99155100e-01 9.86793900e-01 6.83721900e+01 6.94542000e-01 3.05458000e-01 1.42794200e-01 9.76315200e-02 8.05913200e-01 8.13211300e-01 4.45414200e-01 5.99137000e-01 9.74649700e-01 1.00256300e+02 2.41893100e+00 7.39288300e+00 2.09161900e+00 1.88414400e+00 1.22985100e+03 5.77560500e+03 2.54233600e+03 8.19019900e+02 2.31477600e+02 9.67965500e-01 2.46147600e-01 2.47476900e-01 2.54227800e+00 1.37130800e+01 1.08950600e+03 1.44085300e+02 1.04103200e+00 1.38406300e+01 1.06069600e+03 1.46633100e+02 1.41422700e-01 1.60500000e-01 3.37552800e+03 1.03350700e-02 8.19045100e-01 4.52134000e-01 7.36144700e+01 6.34503200e+02 8.36707100e+01 1.51469200e+03 9.03601700e+01 1.96309500e+03 9.59603200e+01 2.28510500e+03 2.36685100e+02 5.72730000e+03 4.50456700e-01 7.45307000e-01 4.70041000e-01 6.61314800e-01 4.69355700e-01 6.19153400e-01 4.64893100e-01 5.89306600e-01 2.97364800e-01 3.06842500e-01 3.07522400e+01 1.04562200e+02 3.41780600e+01 9.21282200e+00 3.95744200e+02 2.29375700e+01 1.15261500e+04 7.06602500e+02 2.36662800e-03 1.60798500e+00 3.72536100e+00 2.39551200e+00 1.19540400e+04 5.33571300e+00
5.94587100e-01 6.33447400e+03 2.25660800e-02 1.22348200e-01 1.04101000e+00 4.42089900e-02 3.22389600e+00 3.03159100e+00 9.77210100e-01 1.00144600e+00 1.91351700e+02 2.40351000e+01 1.04227700e+02 4.01424700e+01 5.28496000e+00 5.90880200e-01 7.25710400e-01 6.32536400e-02 2.47451200e+00 9.40014300e-01 9.81422800e-01 8.86808200e-01 7.83488800e-01 9.94968100e-01 1.00033100e+00 9.97796400e-01 9.93380400e-01 6.87896700e+01 6.92394700e-01 3.07605300e-01 1.45559400e-01 1.00129800e-01 8.11648200e-01 8.21871800e-01 4.50157700e-01 6.04458200e-01 9.78602300e-01 1.00010900e+02 2.39673900e+00 6.63299600e+00 2.07301900e+00 1.89759600e+00 1.20820600e+03 5.71978800e+03 2.55115300e+03 8.22270600e+02 2.31900900e+02 9.77210100e-01 2.47819700e-01 2.49155000e-01 2.61093400e+00 1.36028800e+01 1.09005100e+03 1.42812600e+02 1.04106500e+00 1.37179300e+01 1.06069600e+03 1.45386400e+02 1.42157600e-01 1.61098400e-01 3.38222700e+03 1.04454500e-02 8.17637900e-01 4.51507800e-01 7.41019800e+01 6.30480800e+02 8.42818600e+01 1.50458200e+03 9.10502500e+01 1.94966000e+03 9.67149300e+01 2.26919300e+03 2.38897000e+02 5.68152800e+03 4.55037500e-01 7.50395000e-01 4.74280900e-01 6.65591000e-01 4.73336500e-01 6.23057500e-01 4.68668500e-01 5.92960600e-01 2.99104300e-01 3.08551400e-01 2.41431600e+01 1.04287300e+02 2.82054400e+01 9.96124900e+00 3.96458700e+02 2.14529600e+01 1.15203700e+04 7.06647500e+02 9.51542500e-03 1.47275900e+00 3.94532100e+00 8.63157100e+00 1.19482400e+04 5.42759500e+00
7.73804900e-01 6.33788200e+03 2.25120300e-02 1.23265900e-01 1.04098700e+00 5.01792600e-02 3.26384600e+00 3.04727500e+00 9.76580900e-01 1.00169600e+00 2.44851800e+02 3.75645900e+01 1.10462300e+02 3.56012100e+01 4.09929000e+00 7.77774100e-01 2.09204100e-01 3.12319200e-01 8.60547400e-01 8.23528800e-01 9.20676600e-01 9.23507200e-01 1.06011800e+00 9.95800300e-01 9.98309500e-01 9.99302800e-01 9.97061600e-01 6.88775600e+01 6.91358800e-01 3.08641200e-01 1.46423000e-01 1.00852600e-01 8.19882600e-01 8.31606700e-01 4.55489800e-01 6.11104000e-01 9.87899600e-01 9.98855700e+01 2.41939000e+00 7.29827900e+00 2.10578800e+00 1.90471300e+00 1.21456900e+03 5.72915800e+03 2.55439000e+03 8.21688800e+02 2.31486400e+02 9.76580900e-01 2.48319400e-01 2.49656500e-01 2.63434900e+00 1.35727000e+01 1.09023500e+03 1.42432200e+02 1.04102300e+00 1.36819400e+01 1.06065800e+03 1.45019000e+02 1.42361600e-01 1.61290600e-01 3.38465600e+03 1.04802900e-02 8.17063400e-01 4.51249000e-01 7.42139200e+01 6.29603700e+02 8.44369600e+01 1.50224200e+03 9.12324400e+01 1.94646600e+03 9.69190300e+01 2.26534400e+03 2.39571300e+02 5.66904500e+03 4.60331500e-01 7.57902600e-01 4.79534100e-01 6.72133900e-01 4.78455700e-01 6.29133900e-01 4.73655300e-01 5.98713400e-01 3.01959500e-01 3.11452200e-01 2.58043800e+01 1.02015000e+02 2.93458600e+01 9.40987700e+00 3.95728300e+02 2.17975200e+01 1.15293800e+04 7.06672000e+02 1.51398700e-02 1.40705700e+00 4.09679700e+00 7.26038100e+00 1.19563100e+04 5.51899400e+00
8.41612800e-01 6.32855600e+03 2.24628300e-02 1.17471000e-01 1.04145900e+00 5.00141500e-02 2.93566300e+00 3.03344600e+00 9.63785000e-01 1.00339100e+00 2.65790400e+02 3.94192300e+01 1.06922200e+02 4.26297500e+01 4.08643000e+00 7.53436000e-01 4.46293900e-01 2.29135200e-01 2.26492900e+00 8.07741000e-01 9.13300200e-01 8.71272300e-01 9.47815000e-01 9.97436800e-01 9.99880400e-01 9.88068600e-01 9.85841700e-01 6.72113000e+01 6.88802800e-01 3.11197200e-01 1.40579000e-01 9.44849500e-02 8.01379700e-01 8.16198100e-01 4.47050100e-01 5.98545700e-01 9.77501000e-01 9.96225100e+01 2.42686500e+00 7.16705300e+00 2.07686800e+00 1.87917500e+00 1.23470700e+03 5.76864600e+03 2.54882500e+03 8.22950300e+02 2.33180000e+02 9.63785000e-01 2.43943500e-01 2.45264700e-01 2.53055000e+00 1.38773600e+01 1.08947400e+03 1.45577800e+02 1.04170400e+00 1.39749700e+01 1.05989500e+03 1.48222800e+02 1.40173600e-01 1.60373600e-01 3.39426100e+03 1.02826300e-02 8.15308500e-01 4.50373300e-01 7.24567200e+01 6.45061600e+02 8.25053300e+01 1.53849500e+03 8.91809200e+01 1.99302800e+03 9.47653300e+01 2.31919600e+03 2.34660100e+02 5.79658300e+03 4.51634700e-01 7.40549200e-01 4.69836600e-01 6.56471900e-01 4.68483300e-01 6.14361700e-01 4.63587200e-01 5.84586500e-01 2.94775600e-01 3.03905000e-01 2.88317100e+01 1.07329500e+02 3.32726800e+01 9.17402900e+00 3.95657300e+02 2.31604400e+01 1.15107100e+04 7.06739800e+02 3.12702800e-02 1.21731700e+00 4.42656800e+00 5.99136000e+00 1.19387100e+04 5.67515500e+00
3.93201100e-01 6.32902800e+03 2.25365600e-02 1.18959600e-01 1.04080100e+00 4.89672900e-02 3.10860100e+00 3.03558100e+00 9.69876500e-01 1.00455400e+00 2.66916600e+02 5.08587600e+01 9.37313100e+01 4.67039600e+01 4.94946700e+00 6.27737200e-01 8.14801600e-01 4.08177600e-01 2.96895000e+00 1.00772200e+00 9.83694200e-01 9.92290500e-01 1.01499800e+00 9.97793100e-01 1.00196500e+00 1.00364100e+00 9.92058200e-01 6.85479700e+01 6.97496100e-01 3.02503900e-01 1.42141300e-01 9.74349500e-02 8.02989700e-01 8.06333600e-01 4.41647100e-01 5.95515000e-01 9.69868000e-01 1.00673300e+02 2.40336600e+00 7.08465600e+00 2.08130700e+00 1.88713800e+00 1.22661700e+03 5.77613700e+03 2.54828400e+03 8.20260100e+02 2.31366200e+02 9.69876500e-01 2.46291400e-01 2.47621200e-01 2.57688500e+00 1.37151700e+01 1.08968100e+03 1.44260500e+02 1.04092500e+00 1.38588700e+01 1.06031400e+03 1.46865500e+02 1.40989200e-01 1.60781600e-01 3.35312900e+03 1.02770500e-02 8.22584800e-01 4.54100900e-01 7.37547100e+01 6.33084300e+02 8.37509900e+01 1.51201600e+03 9.04051000e+01 1.96009300e+03 9.59778000e+01 2.28199400e+03 2.36240300e+02 5.72781500e+03 4.46900800e-01 7.42898600e-01 4.67069200e-01 6.59504400e-01 4.66735200e-01 6.17594700e-01 4.62527900e-01 5.87907600e-01 2.96780000e-01 3.06374300e-01 3.45789900e+01 1.08383700e+02 3.51776200e+01 1.08828800e+01 3.95756100e+02 2.22225600e+01 1.15114600e+04 7.06553000e+02 1.39232000e-03 1.81943000e+00 3.44358700e+00 5.92120500e+00 1.19403200e+04 5.26440900e+00
9.49098000e-01 6.33078500e+03 2.23461900e-02 1.19015800e-01 1.04093300e+00 5.10986400e-02 3.01274200e+00 3.03965900e+00 9.65107400e-01 1.00370900e+00 2.36524900e+02 3.25172200e+01 9.55878900e+01 5.02871100e+01 7.71814700e+00 9.86038600e-01 6.61521700e-01 6.58854200e-01 1.58824600e+00 1.11778900e+00 1.01103600e+00 8.52043800e-01 1.02386800e+00 9.97788800e-01 1.00191800e+00 9.89669900e-01 9.87799700e-01 6.72955300e+01 6.86427700e-01 3.13572300e-01 1.42007100e-01 9.55644500e-02 8.07178000e-01 8.25234800e-01 4.51999700e-01 6.04023400e-01 9.83957200e-01 9.92926600e+01 2.43582000e+00 7.33490000e+00 2.08981100e+00 1.88678900e+00 1.23375400e+03 5.75737600e+03 2.54959500e+03 8.21211300e+02 2.32081800e+02 9.65107400e-01 2.44939800e-01 2.46264600e-01 2.57844500e+00 1.38300300e+01 1.08983000e+03 1.44871400e+02 1.04114500e+00 1.39146200e+01 1.05978000e+03 1.47547200e+02 1.40496500e-01 1.60698800e-01 3.39326400e+03 1.03334500e-02 8.14817100e-01 4.50192900e-01 7.25895600e+01 6.44051500e+02 8.27177000e+01 1.53551900e+03 8.94425600e+01 1.98880300e+03 9.50665000e+01 2.31397700e+03 2.35777000e+02 5.77707600e+03 4.56395400e-01 7.45675100e-01 4.74203000e-01 6.60761100e-01 4.72564600e-01 6.18270200e-01 4.67446000e-01 5.88240100e-01 2.96517300e-01 3.05604300e-01 2.51179800e+01 1.08510200e+02 3.30542100e+01 8.86104700e+00 3.95730300e+02 2.30481500e+01 1.15128500e+04 7.06812400e+02 5.94014100e-02 1.03858200e+00 5.08735300e+00 8.08108700e+00 1.19404900e+04 6.18533700e+00
8.88157900e-01 6.32934800e+03 2.23697100e-02 1.21059400e-01 1.04080500e+00 5.66963600e-02 3.20894500e+00 3.05396600e+00 9.74044700e-01 1.00237100e+00 2.30108600e+02 5.39157700e+01 8.67528000e+01 4.68172700e+01 2.71546600e+00 5.86589800e-01 7.76486800e-01 4.70586500e-01 4.81195500e+00 1.20226200e+00 7.19593600e-01 1.02263300e+00 9.39527300e-01 9.97503500e-01 1.00410900e+00 9.95788500e-01 9.94455600e-01 6.88336200e+01 6.95921900e-01 3.04078100e-01 1.44074200e-01 9.91715200e-02 8.16522600e-01 8.22053600e-01 4.50257300e-01 6.06337600e-01 9.84164900e-01 1.00502200e+02 2.42195600e+00 7.96051000e+00 2.11992600e+00 1.89267000e+00 1.21827100e+03 5.73215100e+03 2.54540600e+03 8.17744300e+02 2.30157300e+02 9.74044700e-01 2.47551300e-01 2.48885600e-01 2.64187700e+00 1.36381900e+01 1.09017100e+03 1.43356600e+02 1.04088900e+00 1.37725200e+01 1.06012300e+03 1.46007400e+02 1.41397000e-01 1.61323000e-01 3.35413100e+03 1.03485500e-02 8.22023100e-01 4.53937100e-01 7.40905800e+01 6.30325600e+02 8.41742000e+01 1.50505400e+03 9.08840500e+01 1.95082500e+03 9.65022900e+01 2.27100200e+03 2.37790200e+02 5.69586300e+03 4.55452600e-01 7.55259300e-01 4.75608900e-01 6.70300700e-01 4.75081800e-01 6.27631000e-01 4.70675000e-01 5.97415400e-01 3.01503700e-01 3.11184700e-01 3.51669200e+01 1.07697500e+02 3.50981500e+01 9.22866500e+00 3.96462200e+02 2.20453700e+01 1.15092400e+04 7.06577600e+02 1.33675000e-05 1.74777200e+00 3.48984400e+00 9.90587600e+00 1.19369700e+04 5.23762900e+00
6.83504700e-01 6.33085800e+03 2.25390800e-02 1.23302800e-01 1.04044300e+00 4.81529700e-02 3.32795600e+00 3.03924000e+00 9.75926300e-01 9.99757600e-01 2.54100200e+02 4.45618000e+01 8.83271500e+01 4.84123100e+01 4.91794100e+00 8.75791100e-01 4.29055600e-01 6.86845900e-01 5.27947900e+00 1.27451400e+00 7.13208800e-01 8.02492800e-01 9.76161500e-01 1.00017300e+00 1.00005700e+00 9.99494500e-01 9.95032100e-01 6.94415300e+01 6.96219000e-01 3.03781000e-01 1.46487000e-01 1.01722800e-01 8.14008000e-01 8.19121500e-01 4.48651300e-01 6.04322600e-01 9.76830200e-01 1.00462600e+02 2.40182000e+00 7.08770800e+00 2.08893600e+00 1.89714200e+00 1.21320500e+03 5.72808800e+03 2.53977200e+03 8.14668700e+02 2.28744100e+02 9.75926300e-01 2.49158400e-01 2.50498500e-01 2.65128300e+00 1.35227100e+01 1.09026400e+03 1.42096700e+02 1.04043400e+00 1.36574400e+01 1.06077200e+03 1.44672200e+02 1.42515900e-01 1.61405100e-01 3.35805400e+03 1.04413200e-02 8.21583600e-01 4.53573800e-01 7.47376400e+01 6.24848800e+02 8.49018500e+01 1.49204300e+03 9.16657500e+01 1.93400200e+03 9.73294500e+01 2.25145400e+03 2.39782200e+02 5.64759900e+03 4.53854100e-01 7.52959100e-01 4.74007100e-01 6.68286900e-01 4.73513200e-01 6.25756500e-01 4.69141700e-01 5.95638000e-01 3.00600200e-01 3.10274900e-01 3.12494200e+01 1.05929500e+02 3.41807900e+01 9.75744700e+00 3.95845000e+02 2.19399900e+01 1.15158600e+04 7.06572600e+02 4.37788000e-05 1.67729600e+00 3.57748400e+00 6.48848700e+00 1.19434000e+04 5.25482400e+00
7.49507300e-01 6.32871700e+03 2.26798200e-02 1.24190000e-01 1.04040200e+00 5.15570600e-02 3.38592000e+00 3.04879200e+00 9.79704600e-01 1.00026500e+00 2.73611000e+02 4.98556300e+01 1.03824000e+02 4.29060700e+01 3.63632000e+00 6.73506700e-01 6.90010400e-01 5.28996700e-01 2.76405500e+00 1.07187500e+00 9.94120300e-01 9.42676500e-01 9.29949800e-01 9.98593400e-01 1.00041800e+00 9.93014500e-01 9.93818400e-01 6.99029500e+01 6.98112700e-01 3.01887300e-01 1.47514900e-01 1.03117300e-01 8.19739900e-01 8.22314400e-01 4.50400100e-01 6.07627300e-01 9.80456500e-01 1.00674000e+02 2.40397500e+00 7.43560800e+00 2.10898500e+00 1.90235500e+00 1.20877500e+03 5.73047700e+03 2.54381500e+03 8.16595000e+02 2.29444500e+02 9.79704600e-01 2.49958300e-01 2.51301200e-01 2.64489900e+00 1.34567800e+01 1.09021900e+03 1.41500900e+02 1.04034600e+00 1.36013200e+01 1.06123000e+03 1.44019700e+02 1.43115400e-01 1.61392100e-01 3.35655700e+03 1.04757200e-02 8.22264800e-01 4.53823000e-01 7.52044800e+01 6.20835000e+02 8.53797900e+01 1.48291100e+03 9.21540900e+01 1.92246300e+03 9.78279200e+01 2.23826500e+03 2.40686200e+02 5.61982600e+03 4.55767100e-01 7.58455600e-01 4.76493500e-01 6.73380300e-01 4.76226500e-01 6.30615300e-01 4.71982300e-01 6.00318500e-01 3.03033700e-01 3.12881300e-01 3.23167000e+01 1.08103000e+02 3.39987200e+01 9.60116000e+00 3.95784100e+02 2.15580900e+01 1.15174300e+04 7.06544500e+02 1.34997700e-03 1.81943000e+00 3.49606700e+00 1.19549200e+00 1.19443800e+04 5.31684700e+00
2.87959200e-01 6.33217400e+03 2.25560100e-02 1.23777900e-01 1.04023800e+00 4.43621300e-02 3.39990600e+00 3.03448100e+00 9.80343800e-01 1.00228700e+00 2.07459500e+02 3.14072000e+01 1.02117600e+02 3.61141900e+01 5.27344400e+00 5.57194600e-01 7.34945100e-01 3.33011100e-01 9.42755400e+00 1.00131100e+00 9.17906700e-01 1.05576900e+00 9.44973000e-01 9.97570600e-01 1.00229000e+00 9.97549500e-01 9.95600800e-01 7.00457800e+01 7.00434700e-01 2.99565300e-01 1.46979000e-01 1.02952600e-01 8.12696900e-01 8.12107900e-01 4.44809800e-01 6.01245000e-01 9.71041100e-01 1.00998800e+02 2.38074300e+00 6.68792700e+00 2.07901800e+00 1.90250500e+00 1.20597900e+03 5.73026800e+03 2.54517300e+03 8.16179100e+02 2.28796100e+02 9.80343800e-01 2.50086600e-01 2.51430000e-01 2.67264200e+00 1.34584500e+01 1.09035400e+03 1.41626700e+02 1.04018200e+00 1.36155700e+01 1.06092500e+03 1.44189700e+02 1.42783000e-01 1.61598600e-01 3.33831000e+03 1.04281400e-02 8.25152600e-01 4.55417400e-01 7.53176000e+01 6.19739600e+02 8.54447500e+01 1.48084100e+03 9.21906000e+01 1.92014000e+03 9.78423200e+01 2.23585700e+03 2.40327400e+02 5.62023500e+03 4.50316300e-01 7.52174500e-01 4.71382200e-01 6.68064900e-01 4.71394900e-01 6.25746700e-01 4.67377900e-01 5.95751800e-01 3.00825100e-01 3.10710900e-01 3.17001500e+01 1.09350300e+02 3.32407500e+01 1.15405200e+01 3.96466200e+02 2.11751600e+01 1.15113800e+04 7.06518400e+02 1.06564600e-02 2.04033800e+00 3.43415000e+00 1.17840800e+01 1.19405600e+04 5.48514400e+00
3.45617400e-01 6.33336500e+03 2.25891600e-02 1.23729200e-01 1.04027900e+00 4.56258500e-02 3.39350100e+00 3.03800400e+00 9.81389100e-01 1.00286700e+00 2.35955700e+02 4.76055200e+01 9.06385800e+01 5.13701300e+01 5.34030900e+00 7.32144400e-01 8.15474200e-01 9.05272900e-01 3.80400800e+00 9.15757400e-01 8.92919500e-01 8.41555100e-01 9.10294200e-01 9.97094800e-01 1.00258000e+00 9.97756200e-01 9.94223800e-01 7.00311300e+01 7.00341100e-01 2.99658900e-01 1.46963500e-01 1.02920200e-01 8.14396500e-01 8.13933400e-01 4.45809700e-01 6.02549400e-01 9.73173600e-01 1.00984300e+02 2.38322600e+00 6.81915300e+00 2.08635600e+00 1.90440100e+00 1.20497600e+03 5.73258300e+03 2.54898200e+03 8.18176400e+02 2.29582300e+02 9.81389100e-01 2.50018200e-01 2.51361400e-01 2.66431100e+00 1.34601000e+01 1.09030300e+03 1.41644200e+02 1.04022100e+00 1.36167400e+01 1.06096300e+03 1.44199100e+02 1.42825800e-01 1.61536300e-01 3.34069800e+03 1.04313100e-02 8.24830400e-01 4.55225200e-01 7.53034300e+01 6.19862800e+02 8.54312500e+01 1.48111300e+03 9.21774000e+01 1.92047800e+03 9.78293000e+01 2.23623900e+03 2.40311400e+02 5.62093300e+03 4.51320900e-01 7.53738000e-01 4.72409900e-01 6.69442900e-01 4.72411400e-01 6.27033100e-01 4.68378200e-01 5.96973700e-01 3.01438600e-01 3.11339700e-01 3.06208500e+01 1.09169000e+02 3.24233800e+01 1.11746200e+01 3.96218200e+02 2.10600900e+01 1.15188900e+04 7.06519200e+02 1.00431500e-02 2.04033800e+00 3.43449300e+00 7.37980400e+00 1.19473500e+04 5.48487400e+00
5.99224300e-01 6.33261300e+03 2.25947900e-02 1.16840500e-01 1.04103200e+00 4.84704200e-02 2.96589300e+00 3.02626300e+00 9.66527900e-01 1.00058300e+00 2.39245900e+02 3.76094800e+01 8.73205200e+01 4.57080700e+01 7.71597200e-01 4.12981100e-01 7.78986000e-01 6.21950900e-01 4.87385600e+00 1.05535500e+00 8.68314700e-01 8.53649800e-01 7.65738900e-01 9.97852700e-01 1.00095200e+00 9.90943300e-01 9.94276100e-01 6.77569600e+01 6.94880700e-01 3.05119300e-01 1.40080400e-01 9.49142500e-02 7.95298800e-01 8.02055700e-01 4.39304000e-01 5.91082000e-01 9.66169600e-01 1.00342100e+02 2.40142800e+00 6.97479200e+00 2.06200300e+00 1.87149400e+00 1.22597800e+03 5.76525400e+03 2.54067100e+03 8.20724800e+02 2.32435400e+02 9.66527900e-01 2.44399600e-01 2.45722500e-01 2.51801900e+00 1.38419000e+01 1.08928600e+03 1.45487600e+02 1.04124700e+00 1.39724400e+01 1.06016200e+03 1.48091200e+02 1.40292900e-01 1.60266200e-01 3.36828700e+03 1.02249600e-02 8.20055300e-01 4.52740900e-01 7.29465000e+01 6.40288800e+02 8.29025300e+01 1.52858600e+03 8.95258400e+01 1.98115600e+03 9.50708700e+01 2.30617300e+03 2.34436100e+02 5.78106100e+03 4.44321300e-01 7.35526800e-01 4.63725500e-01 6.52677100e-01 4.63090300e-01 6.11083600e-01 4.58714400e-01 5.81636600e-01 2.93526700e-01 3.02887300e-01 2.73573200e+01 1.03577500e+02 2.76372500e+01 9.99720400e+00 3.95744400e+02 2.28258700e+01 1.15194200e+04 7.06596000e+02 9.19501300e-04 1.60798500e+00 3.61586300e+00 5.41616900e+00 1.19479900e+04 5.22476800e+00
1.05923000e+00 6.32878000e+03 2.22809000e-02 1.16255800e-01 1.04148800e+00 5.96389400e-02 2.90366100e+00 3.03935300e+00 9.63197100e-01 9.96979900e-01 2.05762200e+02 3.85784000e+01 1.11229900e+02 3.43207800e+01 2.97088900e+00 5.73305300e-01 5.97118200e-01 4.09632000e-01 4.50872200e+00 9.31264800e-01 6.88120100e-01 9.61010600e-01 8.69325300e-01 9.98281900e-01 1.00083300e+00 1.00001300e+00 9.90377100e-01 6.71270800e+01 6.91122000e-01 3.08878000e-01 1.39181800e-01 9.34286800e-02 8.01180800e-01 8.12949200e-01 4.45270600e-01 5.97279100e-01 9.77871200e-01 9.99683900e+01 2.43000100e+00 8.15582300e+00 2.08917300e+00 1.85426800e+00 1.22380600e+03 5.70164700e+03 2.51999900e+03 8.13010700e+02 2.30163700e+02 9.63197100e-01 2.43433700e-01 2.44753000e-01 2.55289300e+00 1.39238800e+01 1.08956100e+03 1.46206600e+02 1.04177500e+00 1.40343800e+01 1.05936100e+03 1.48924100e+02 1.39431700e-01 1.60544300e-01 3.37508300e+03 1.02022400e-02 8.18254400e-01 4.52046700e-01 7.23294100e+01 6.46026600e+02 8.22996100e+01 1.54136500e+03 8.89266300e+01 1.99711600e+03 9.44720600e+01 2.32425700e+03 2.33563800e+02 5.81575100e+03 4.50038800e-01 7.40595900e-01 4.68755300e-01 6.56767000e-01 4.67675300e-01 6.14743300e-01 4.62966400e-01 5.85014900e-01 2.95092500e-01 3.04329000e-01 2.75713700e+01 1.05268100e+02 2.94514300e+01 8.77609800e+00 3.97391300e+02 2.36531400e+01 1.15101500e+04 7.06677800e+02 1.09753600e-02 1.40705700e+00 3.86833700e+00 5.62313000e+00 1.19399700e+04 5.28636900e+00
8.72984300e-01 6.32912500e+03 2.21249700e-02 1.18171500e-01 1.04148100e+00 4.89000600e-02 2.97944900e+00 3.03048100e+00 9.62108600e-01 1.00089700e+00 2.29381300e+02 3.89613300e+01 9.74141000e+01 4.33169400e+01 5.16614600e+00 6.00519000e-01 7.23770400e-01 2.34029900e-01 3.34529700e+00 8.00832600e-01 8.07451500e-01 9.27237400e-01 8.89349900e-01 9.96874300e-01 1.00034800e+00 1.00574600e+00 1.00223100e+00 6.72076400e+01 6.87966100e-01 3.12033900e-01 1.40941600e-01 9.47235100e-02 8.02178700e-01 8.18109400e-01 4.48097000e-01 5.99544700e-01 9.78502100e-01 9.95963200e+01 2.42822400e+00 7.13653600e+00 2.07071900e+00 1.87779000e+00 1.23500400e+03 5.73900300e+03 2.54018800e+03 8.16655900e+02 2.30289800e+02 9.62108600e-01 2.44399400e-01 2.45722200e-01 2.60893900e+00 1.38677200e+01 1.09000500e+03 1.45430800e+02 1.04172800e+00 1.39605300e+01 1.05917000e+03 1.48192000e+02 1.39781900e-01 1.60989300e-01 3.38287000e+03 1.02786600e-02 8.16466700e-01 4.51231700e-01 7.24652500e+01 6.45047500e+02 8.25371800e+01 1.53825600e+03 8.92269700e+01 1.99258300e+03 9.48226500e+01 2.31856900e+03 2.34936800e+02 5.79265900e+03 4.52624000e-01 7.41203900e-01 4.70654900e-01 6.56960600e-01 4.69201100e-01 6.14781100e-01 4.64232600e-01 5.84961900e-01 2.94929000e-01 3.04028600e-01 3.00731100e+01 1.05868700e+02 3.18385200e+01 9.07628400e+00 3.95721700e+02 2.37114600e+01 1.15118100e+04 7.06764400e+02 3.27906500e-02 1.21731700e+00 4.36650200e+00 5.54870500e+00 1.19403200e+04 5.61661000e+00
9.01229700e-01 6.32880700e+03 2.20977700e-02 1.20254400e-01 1.04084600e+00 5.26683300e-02 3.08083700e+00 3.04264400e+00 9.65138600e-01 1.00191300e+00 2.34158500e+02 3.26584800e+01 1.03481500e+02 4.25786400e+01 7.20865500e+00 8.61745200e-01 3.54787100e-01 2.14007500e-01 2.10634200e+00 8.14704400e-01 1.16360900e+00 9.09253100e-01 1.21466200e+00 9.97236500e-01 9.99552200e-01 9.97263300e-01 9.98819200e-01 6.74200400e+01 6.85406400e-01 3.14593600e-01 1.42997400e-01 9.64088800e-02 8.11456900e-01 8.30959400e-01 4.55135200e-01 6.07719200e-01 9.88259300e-01 9.92099100e+01 2.44174900e+00 7.58209200e+00 2.09606000e+00 1.88649900e+00 1.23099900e+03 5.72282000e+03 2.54023100e+03 8.15201100e+02 2.29456700e+02 9.65138600e-01 2.45748300e-01 2.47076100e-01 2.64973800e+00 1.37920500e+01 1.09032500e+03 1.44399200e+02 1.04103400e+00 1.38707500e+01 1.05936100e+03 1.47151900e+02 1.40457900e-01 1.61251500e-01 3.38594100e+03 1.03583800e-02 8.15426300e-01 4.50696000e-01 7.27382500e+01 6.42810700e+02 8.29144100e+01 1.53230900e+03 8.96695400e+01 1.98448100e+03 9.53180600e+01 2.30881500e+03 2.36566000e+02 5.76132800e+03 4.59479200e-01 7.49523900e-01 4.77144700e-01 6.64057500e-01 4.75374200e-01 6.21307300e-01 4.70144700e-01 5.91100400e-01 2.97911700e-01 3.07000400e-01 2.89668100e+01 1.06365000e+02 3.37090500e+01 8.93052300e+00 3.95890700e+02 2.32377300e+01 1.15090400e+04 7.06846500e+02 6.78843900e-02 1.03858200e+00 5.20348100e+00 7.35696800e+00 1.19371000e+04 6.30994700e+00
6.58646100e-01 6.32748500e+03 2.23963700e-02 1.19136800e-01 1.04094600e+00 5.12859600e-02 3.08074500e+00 3.03648800e+00 9.66575200e-01 1.00179600e+00 2.28022800e+02 4.16472700e+01 9.34976400e+01 4.57944400e+01 5.57001000e+00 4.94337200e-01 7.61081800e-01 3.02828000e-02 2.53870000e+00 5.65328300e-01 1.09935500e+00 9.65025300e-01 1.08029700e+00 9.96078900e-01 1.00027000e+00 9.95177100e-01 9.90143900e-01 6.80938700e+01 6.93368200e-01 3.06631800e-01 1.42178300e-01 9.68147000e-02 8.04515200e-01 8.13358900e-01 4.45495000e-01 5.98671400e-01 9.74945200e-01 1.00176300e+02 2.41802300e+00 7.35626200e+00 2.08319500e+00 1.88011100e+00 1.22856600e+03 5.74857500e+03 2.53717000e+03 8.15699100e+02 2.29947600e+02 9.66575200e-01 2.45869600e-01 2.47197900e-01 2.59257200e+00 1.37543100e+01 1.08984400e+03 1.44460500e+02 1.04110800e+00 1.38756600e+01 1.05997100e+03 1.47115000e+02 1.40727100e-01 1.60886100e-01 3.36649400e+03 1.02988500e-02 8.19850300e-01 4.52783900e-01 7.33341600e+01 6.37013300e+02 8.33833100e+01 1.52040100e+03 9.00662500e+01 1.97030800e+03 9.56600900e+01 2.29334800e+03 2.36136700e+02 5.74466600e+03 4.50440900e-01 7.43897900e-01 4.69731100e-01 6.59936500e-01 4.68908900e-01 6.17809900e-01 4.64359600e-01 5.87994900e-01 2.96660500e-01 3.06060700e-01 3.33746900e+01 1.06477800e+02 3.26740900e+01 9.77798600e+00 3.95713300e+02 2.29273300e+01 1.15043900e+04 7.06626200e+02 4.05816900e-03 1.53969800e+00 3.72997200e+00 1.02638100e+01 1.19328100e+04 5.27372900e+00
9.37019100e-01 6.32956400e+03 2.20898800e-02 1.18083700e-01 1.04096000e+00 5.91306500e-02 2.94583900e+00 3.04422800e+00 9.64243800e-01 1.00017400e+00 2.63728200e+02 3.91698700e+01 9.62709200e+01 3.92682900e+01 1.64149900e+00 5.95667400e-01 2.14889500e-01 6.54872500e-02 7.42610400e+00 8.92603200e-01 9.98330300e-01 1.00125300e+00 1.28884800e+00 9.97012000e-01 1.00122600e+00 9.90539900e-01 9.94747700e-01 6.66436800e+01 6.82939200e-01 3.17060800e-01 1.40818700e-01 9.38467900e-02 8.08730800e-01 8.31408800e-01 4.55381400e-01 6.06861600e-01 9.90659700e-01 9.89176100e+01 2.44751300e+00 8.18634000e+00 2.09938100e+00 1.86522400e+00 1.22231500e+03 5.67938400e+03 2.52630500e+03 8.14040100e+02 2.30142600e+02 9.64243800e-01 2.43929400e-01 2.45250600e-01 2.60378800e+00 1.39220600e+01 1.09000700e+03 1.45652500e+02 1.04123900e+00 1.39883800e+01 1.05905500e+03 1.48427600e+02 1.39638500e-01 1.60833800e-01 3.39537000e+03 1.02931200e-02 8.13696700e-01 4.49797500e-01 7.19403300e+01 6.50121300e+02 8.20683900e+01 1.54913600e+03 8.87878500e+01 2.00588300e+03 9.44048000e+01 2.33339500e+03 2.34682300e+02 5.81589200e+03 4.59520800e-01 7.46765900e-01 4.76575400e-01 6.61352700e-01 4.74523600e-01 6.18669000e-01 4.69117100e-01 5.88524100e-01 2.96536100e-01 3.05467500e-01 3.23911000e+01 1.06788600e+02 3.33848500e+01 8.76362800e+00 3.97340300e+02 2.30781400e+01 1.15108400e+04 7.06935500e+02 1.02420500e-01 8.72797100e-01 5.88348200e+00 5.31375900e+00 1.19400200e+04 6.85869900e+00
8.70112600e-01 6.33269800e+03 2.22389300e-02 1.16008700e-01 1.04122000e+00 5.91367100e-02 2.94222100e+00 3.04499800e+00 9.63148700e-01 1.00172500e+00 2.17229800e+02 4.14923900e+01 1.09806300e+02 3.41381100e+01 2.12511800e+00 5.70788800e-01 4.52587900e-01 1.21456200e-02 7.47166800e+00 1.23638100e+00 8.65584000e-01 1.08397600e+00 1.04787100e+00 9.96499000e-01 1.00329900e+00 9.98850500e-01 9.88997400e-01 6.75482200e+01 6.95594900e-01 3.04405100e-01 1.38892800e-01 9.38195900e-02 8.01312000e-01 8.07173600e-01 4.42107200e-01 5.95202300e-01 9.74977700e-01 1.00540000e+02 2.42870800e+00 8.11615000e+00 2.10099800e+00 1.86663800e+00 1.23390700e+03 5.75304400e+03 2.53460600e+03 8.15892700e+02 2.30460700e+02 9.63148700e-01 2.43941500e-01 2.45262700e-01 2.57427300e+00 1.38938800e+01 1.08963300e+03 1.46106100e+02 1.04148400e+00 1.40286500e+01 1.05924600e+03 1.48841800e+02 1.39339500e-01 1.60716200e-01 3.35035400e+03 1.01542000e-02 8.22461800e-01 4.54268700e-01 7.27089700e+01 6.42329200e+02 8.26140400e+01 1.53362800e+03 8.92045300e+01 1.98780400e+03 9.47225600e+01 2.31400400e+03 2.33463100e+02 5.80269100e+03 4.47231600e-01 7.41159200e-01 4.66939700e-01 6.57753900e-01 4.66383100e-01 6.15869900e-01 4.62031200e-01 5.86212800e-01 2.95873200e-01 3.05336000e-01 3.31621500e+01 1.09660900e+02 3.50866300e+01 9.26411300e+00 3.97176400e+02 2.35374000e+01 1.15148100e+04 7.06583200e+02 1.37689300e-04 1.74777200e+00 3.41616700e+00 8.85899100e+00 1.19447900e+04 5.16407700e+00
8.05964600e-01 6.33281600e+03 2.22081700e-02 1.14372300e-01 1.04168400e+00 6.28545100e-02 2.85712700e+00 3.04487400e+00 9.60685100e-01 1.00007900e+00 1.99383200e+02 4.05941500e+01 1.11213200e+02 2.98295000e+01 5.21727300e+00 8.83731600e-01 8.05531600e-02 9.88601500e-01 7.91782500e+00 1.11149800e+00 9.24293400e-01 1.11834800e+00 1.32098900e+00 9.97878300e-01 1.00205000e+00 9.96417000e-01 9.98248100e-01 6.72589100e+01 6.96655800e-01 3.03344200e-01 1.37225700e-01 9.22964800e-02 7.97964400e-01 8.02399600e-01 4.39492300e-01 5.92198600e-01 9.72990400e-01 1.00734100e+02 2.43106700e+00 8.44574000e+00 2.10073800e+00 1.85258000e+00 1.23401100e+03 5.73908700e+03 2.52477800e+03 8.13718700e+02 2.30234600e+02 9.60685100e-01 2.42764900e-01 2.44081700e-01 2.55036500e+00 1.39672000e+01 1.08943800e+03 1.47013900e+02 1.04200600e+00 1.41087400e+01 1.05901700e+03 1.49770700e+02 1.38686400e-01 1.60556500e-01 3.34874500e+03 1.00903700e-02 8.22966300e-01 4.54564300e-01 7.23814000e+01 6.45157600e+02 8.22136500e+01 1.54064400e+03 8.87573100e+01 1.99707000e+03 9.42369100e+01 2.32493300e+03 2.32092000e+02 5.83317300e+03 4.44679000e-01 7.38170700e-01 4.64543100e-01 6.55221500e-01 4.64115500e-01 6.13548900e-01 4.59868600e-01 5.84034800e-01 2.94829200e-01 3.04300500e-01 3.05202000e+01 1.07318200e+02 3.42591800e+01 9.43486500e+00 3.98613800e+02 2.40032700e+01 1.15111100e+04 7.06565600e+02 2.79400800e-03 1.89191900e+00 3.32512500e+00 1.06823500e+01 1.19431600e+04 5.21983800e+00
1.36085000e+00 6.33608200e+03 2.24010500e-02 1.17921600e-01 1.04123000e+00 7.21934300e-02 3.05449100e+00 3.07681700e+00 9.66153800e-01 1.00174900e+00 2.58026400e+02 4.11950300e+01 1.14734800e+02 2.86147600e+01 1.76046600e+00 6.09715000e-01 1.08610400e-01 4.26560900e-01 7.28879400e+00 1.08198300e+00 6.23504000e-01 1.15063000e+00 1.16341000e+00 9.98199800e-01 1.00200500e+00 1.00717400e+00 1.00311000e+00 6.83172600e+01 6.97963900e-01 3.02036100e-01 1.40967800e-01 9.63053100e-02 8.17576900e-01 8.20346600e-01 4.49322400e-01 6.06098700e-01 9.89152800e-01 1.00813400e+02 2.45988500e+00 9.37347400e+00 2.16892600e+00 1.87732000e+00 1.23806600e+03 5.76599000e+03 2.53696900e+03 8.15344300e+02 2.30238900e+02 9.66153800e-01 2.45521300e-01 2.46848200e-01 2.58264100e+00 1.37673500e+01 1.08970800e+03 1.44904000e+02 1.04140700e+00 1.39142600e+01 1.05985600e+03 1.47566600e+02 1.40357700e-01 1.60862100e-01 3.34944500e+03 1.02287200e-02 8.23181400e-01 4.54523900e-01 7.34998700e+01 6.35244900e+02 8.34488000e+01 1.51729200e+03 9.00721300e+01 1.96700900e+03 9.56193900e+01 2.29010800e+03 2.35278700e+02 5.74954200e+03 4.54708100e-01 7.56444100e-01 4.75352700e-01 6.71584900e-01 4.75071000e-01 6.28930900e-01 4.70827300e-01 5.98713500e-01 3.02265300e-01 3.12053000e-01 2.99823500e+01 1.07802100e+02 3.15605400e+01 8.40628500e+00 4.03423400e+02 2.38680100e+01 1.15171400e+04 7.06546500e+02 4.59725800e-03 1.96545900e+00 3.36603100e+00 7.44467600e+00 1.19528400e+04 5.33608800e+00
7.19838200e-01 6.33186300e+03 2.22761700e-02 1.18727400e-01 1.04095200e+00 6.76347100e-02 3.04198800e+00 3.07783100e+00 9.66753900e-01 1.00440900e+00 2.34176100e+02 4.30744100e+01 1.12453100e+02 3.63714000e+01 5.37802700e+00 7.68356200e-01 4.24919300e-01 6.44129700e-01 1.76298400e+00 9.44628400e-01 1.04067000e+00 1.10565700e+00 1.28492200e+00 9.98569900e-01 1.00361300e+00 9.92489700e-01 9.95380700e-01 6.76873800e+01 6.90830100e-01 3.09169900e-01 1.41648700e-01 9.58782900e-02 8.21668100e-01 8.34131300e-01 4.56872500e-01 6.12697000e-01 9.98717300e-01 9.98751100e+01 2.47193300e+00 8.99200400e+00 2.17112600e+00 1.89643600e+00 1.24291300e+03 5.78691400e+03 2.56110900e+03 8.23698500e+02 2.32751600e+02 9.66753900e-01 2.45303600e-01 2.46629800e-01 2.60190900e+00 1.38048300e+01 1.08992200e+03 1.44852900e+02 1.04114900e+00 1.39127900e+01 1.05962800e+03 1.47553500e+02 1.40322700e-01 1.60919200e-01 3.37135800e+03 1.02869900e-02 8.18605300e-01 4.52224000e-01 7.29390700e+01 6.40647200e+02 8.30007100e+01 1.52846200e+03 8.96880800e+01 1.98035400e+03 9.52838100e+01 2.30471300e+03 2.35616100e+02 5.76606200e+03 4.61717200e-01 7.59503100e-01 4.80845100e-01 6.73499600e-01 4.79702400e-01 6.30390600e-01 4.74849200e-01 5.99896300e-01 3.02570000e-01 3.12037600e-01 2.84677300e+01 1.08106900e+02 3.17998400e+01 9.54129900e+00 4.01041400e+02 2.36727000e+01 1.15077900e+04 7.06685200e+02 1.54996300e-02 1.34256300e+00 4.04614700e+00 9.59012400e+00 1.19420500e+04 5.40421000e+00
9.40593600e-01 6.32950600e+03 2.23603200e-02 1.20985600e-01 1.04095600e+00 5.83234800e-02 3.14585600e+00 3.05584200e+00 9.70024200e-01 1.00252000e+00 2.52800500e+02 4.72801800e+01 1.01563100e+02 4.22647400e+01 1.71805700e+00 5.52933000e-01 6.96728100e-01 7.31123000e-01 5.95432500e+00 1.14238600e+00 1.08499100e+00 9.77729700e-01 1.12763900e+00 9.96109500e-01 1.00179400e+00 9.96084100e-01 9.87618900e-01 6.81707800e+01 6.90158900e-01 3.09841100e-01 1.43991000e-01 9.81598100e-02 8.17826000e-01 8.31131600e-01 4.55229500e-01 6.10162700e-01 9.90516700e-01 9.97663800e+01 2.44190200e+00 8.11920200e+00 2.12390600e+00 1.89006300e+00 1.22505100e+03 5.72966900e+03 2.54263300e+03 8.17257800e+02 2.30411200e+02 9.70024200e-01 2.46718800e-01 2.48050100e-01 2.62185000e+00 1.36985900e+01 1.09011600e+03 1.43691400e+02 1.04107600e+00 1.38022100e+01 1.06004700e+03 1.46347700e+02 1.41267000e-01 1.61124100e-01 3.38020800e+03 1.03856700e-02 8.17322700e-01 4.51494000e-01 7.34710400e+01 6.36056900e+02 8.36238500e+01 1.51734900e+03 9.03707800e+01 1.96585000e+03 9.60158700e+01 2.28774700e+03 2.37535000e+02 5.72176500e+03 4.59983600e-01 7.55882000e-01 4.78867000e-01 6.70211300e-01 4.77648200e-01 6.27280400e-01 4.72762200e-01 5.96916300e-01 3.01022800e-01 3.10421400e-01 3.28450700e+01 1.10140900e+02 3.39071300e+01 8.98895700e+00 3.96978800e+02 2.25994300e+01 1.15110100e+04 7.06702500e+02 2.16591400e-02 1.27934900e+00 4.22839500e+00 7.20417900e+00 1.19395800e+04 5.52940300e+00
8.85294100e-01 6.32983000e+03 2.23844200e-02 1.21436200e-01 1.04090300e+00 5.44098600e-02 3.16882600e+00 3.05016000e+00 9.69837400e-01 1.00310900e+00 2.12805600e+02 4.21513300e+01 1.15655500e+02 3.98922100e+01 7.38006500e+00 7.60125400e-01 8.17327900e-01 6.88406400e-01 1.07646000e+00 9.60113600e-01 1.19255500e+00 9.27485600e-01 1.00996300e+00 9.97286200e-01 9.98953400e-01 9.93806200e-01 9.85965200e-01 6.82843000e+01 6.90170300e-01 3.09829700e-01 1.44465700e-01 9.86474200e-02 8.16122600e-01 8.29385200e-01 4.54273000e-01 6.08886200e-01 9.87631500e-01 9.97566300e+01 2.43570200e+00 7.72552500e+00 2.11187300e+00 1.89412200e+00 1.22676900e+03 5.74052600e+03 2.54553000e+03 8.17691000e+02 2.30345400e+02 9.69837400e-01 2.47030600e-01 2.48363100e-01 2.62522900e+00 1.36760600e+01 1.09014800e+03 1.43446200e+02 1.04101000e+00 1.37795200e+01 1.06016200e+03 1.46090100e+02 1.41473000e-01 1.61154400e-01 3.38111400e+03 1.04042500e-02 8.17206700e-01 4.51414800e-01 7.35920700e+01 6.35010800e+02 8.37616000e+01 1.51485400e+03 9.05196500e+01 1.96261700e+03 9.61740300e+01 2.28398500e+03 2.37926200e+02 5.71235500e+03 4.59022400e-01 7.54307100e-01 4.77865900e-01 6.68814300e-01 4.76649300e-01 6.25972600e-01 4.71773400e-01 5.95671600e-01 3.00391300e-01 3.09772400e-01 2.88246100e+01 1.08655100e+02 3.22655800e+01 9.11043800e+00 3.96082100e+02 2.25716600e+01 1.15130100e+04 7.06702200e+02 2.24227500e-02 1.27934900e+00 4.26042500e+00 6.62378800e+00 1.19407700e+04 5.56219600e+00
6.01035400e-01 6.33252400e+03 2.20443100e-02 1.20741400e-01 1.04068100e+00 4.40931000e-02 3.09593000e+00 3.02347300e+00 9.61687000e-01 1.00101000e+00 2.75351500e+02 3.91971700e+01 8.86424700e+01 4.96951600e+01 5.80464100e+00 7.53169500e-01 7.91206700e-01 4.49008200e-01 4.57333900e+00 1.07905900e+00 1.25296300e+00 9.02561500e-01 9.62596600e-01 9.97574400e-01 1.00173800e+00 9.96346900e-01 9.90923000e-01 6.73248300e+01 6.83559500e-01 3.16440500e-01 1.43430800e-01 9.65645700e-02 8.03891500e-01 8.25625000e-01 4.52213400e-01 6.02934900e-01 9.79737700e-01 9.89727600e+01 2.42812700e+00 6.68487500e+00 2.05625800e+00 1.88269000e+00 1.23381300e+03 5.71737600e+03 2.53050000e+03 8.10225400e+02 2.27462800e+02 9.61687000e-01 2.45925300e-01 2.47253700e-01 2.66535600e+00 1.37885800e+01 1.09044900e+03 1.44239900e+02 1.04087200e+00 1.38576000e+01 1.05928400e+03 1.47007800e+02 1.40507600e-01 1.61347400e-01 3.38941700e+03 1.03794700e-02 8.14542600e-01 4.50270800e-01 7.26678200e+01 6.43566100e+02 8.28815900e+01 1.53367100e+03 8.96589100e+01 1.98595800e+03 9.53246700e+01 2.31029900e+03 2.36868700e+02 5.76006800e+03 4.56348300e-01 7.42357500e-01 4.73441000e-01 6.57513200e-01 4.71474600e-01 6.15103700e-01 4.66150000e-01 5.85148600e-01 2.94838900e-01 3.03758500e-01 3.22093200e+01 1.08631600e+02 3.61788500e+01 9.67500200e+00 3.96225700e+02 2.36346400e+01 1.15150900e+04 7.06912200e+02 9.51187500e-02 8.72797100e-01 5.77032400e+00 6.77043300e+00 1.19446300e+04 6.73824000e+00
7.04091500e-01 6.32752900e+03 2.20432900e-02 1.17609600e-01 1.04123400e+00 4.73657900e-02 2.92869500e+00 3.02393000e+00 9.60830100e-01 1.00129100e+00 2.22725100e+02 4.06067400e+01 9.90687700e+01 3.93633700e+01 4.28856100e+00 7.59980400e-01 4.89578100e-01 8.42691400e-01 7.05852900e+00 1.41705000e+00 8.28318100e-01 9.40864500e-01 1.02932700e+00 9.98343100e-01 1.00044100e+00 1.00190200e+00 9.95553300e-01 6.66619900e+01 6.84285200e-01 3.15714800e-01 1.40298000e-01 9.35254400e-02 7.98966200e-01 8.19625100e-01 4.48927200e-01 5.98897000e-01 9.78564100e-01 9.91242500e+01 2.42741600e+00 6.97479200e+00 2.05719700e+00 1.87126200e+00 1.23234700e+03 5.71928900e+03 2.53547800e+03 8.15834400e+02 2.30218800e+02 9.60830100e-01 2.43676500e-01 2.44996700e-01 2.60657500e+00 1.39348200e+01 1.09001000e+03 1.45901600e+02 1.04152700e+00 1.40084300e+01 1.05890300e+03 1.48696800e+02 1.39390700e-01 1.60889000e-01 3.39066500e+03 1.02668600e-02 8.14609900e-01 4.50315600e-01 7.19395600e+01 6.50028700e+02 8.20325700e+01 1.54924500e+03 8.87308300e+01 2.00623900e+03 9.43310100e+01 2.33398500e+03 2.34288600e+02 5.82108300e+03 4.53121600e-01 7.37881400e-01 4.70272300e-01 6.53628400e-01 4.68402200e-01 6.11502800e-01 4.63167200e-01 5.81743900e-01 2.93173000e-01 3.02059600e-01 3.00214600e+01 1.06574300e+02 3.24863700e+01 9.38499100e+00 3.95829000e+02 2.35373200e+01 1.15046400e+04 7.06885700e+02 7.65467400e-02 9.81866700e-01 5.30264200e+00 8.42506900e+00 1.19333900e+04 6.36105500e+00
7.65873800e-01 6.33011300e+03 2.20633900e-02 1.15964800e-01 1.04156200e+00 4.57116500e-02 2.81120000e+00 3.01837700e+00 9.55814200e-01 1.00184800e+00 2.59161100e+02 3.90948800e+01 9.63353200e+01 4.86611900e+01 5.85845000e+00 6.82667500e-01 7.36729900e-01 1.95804700e-01 1.02746800e+00 8.35011300e-01 1.25749800e+00 8.99227900e-01 9.54703700e-01 9.97479600e-01 1.00182100e+00 9.98307300e-01 9.88101300e-01 6.59881600e+01 6.81535500e-01 3.18464500e-01 1.38673400e-01 9.15080100e-02 7.93494100e-01 8.17548600e-01 4.47789800e-01 5.96086100e-01 9.76811300e-01 9.88088600e+01 2.43419000e+00 6.75811800e+00 2.04580500e+00 1.86706600e+00 1.24288000e+03 5.74463300e+03 2.53949600e+03 8.18547100e+02 2.31612700e+02 9.55814200e-01 2.42071800e-01 2.43386200e-01 2.56133000e+00 1.40427600e+01 1.08971700e+03 1.46936500e+02 1.04193000e+00 1.41023400e+01 1.05875000e+03 1.49737300e+02 1.38790700e-01 1.60508600e-01 3.40580300e+03 1.02297200e-02 8.12123100e-01 4.49005300e-01 7.12561700e+01 6.56466200e+02 8.13233300e+01 1.56391400e+03 8.80003000e+01 2.02479600e+03 9.35807500e+01 2.35521600e+03 2.32846100e+02 5.86645400e+03 4.51741300e-01 7.32565100e-01 4.68170000e-01 6.48633400e-01 4.65998800e-01 6.06712100e-01 4.60587100e-01 5.77113800e-01 2.90749600e-01 2.99441100e-01 3.06932400e+01 1.07733500e+02 3.37278400e+01 9.11206100e+00 3.95914000e+02 2.43941600e+01 1.15107700e+04 7.06990400e+02 1.16053000e-01 8.20176000e-01 6.04662200e+00 6.05795400e+00 1.19401900e+04 6.98285100e+00
4.27373500e-01 6.32846000e+03 2.20390600e-02 1.15814300e-01 1.04121600e+00 4.43941700e-02 2.83709900e+00 3.01252400e+00 9.59296500e-01 1.00138000e+00 2.67593200e+02 4.39397600e+01 1.18847500e+02 3.22409800e+01 1.18008000e+00 6.30521600e-01 4.05789500e-01 6.12471900e-01 5.64783800e+00 1.12448300e+00 1.04322900e+00 9.44070700e-01 9.03350200e-01 9.96899800e-01 9.99974500e-01 9.93437500e-01 9.87154700e-01 6.62152100e+01 6.84114500e-01 3.15885500e-01 1.38498500e-01 9.17071000e-02 7.90687600e-01 8.11351700e-01 4.44395700e-01 5.92771600e-01 9.71686300e-01 9.91063300e+01 2.41509300e+00 6.62078900e+00 2.03386700e+00 1.86106800e+00 1.23043100e+03 5.71601100e+03 2.53271600e+03 8.16781400e+02 2.30940900e+02 9.59296500e-01 2.42419500e-01 2.43735100e-01 2.57502900e+00 1.40269400e+01 1.08976200e+03 1.46860600e+02 1.04156700e+00 1.40999600e+01 1.05867400e+03 1.49673100e+02 1.38740100e-01 1.60594200e-01 3.38931700e+03 1.01984800e-02 8.14748900e-01 4.50388700e-01 7.14578700e+01 6.54424700e+02 8.14882600e+01 1.55967500e+03 8.81446700e+01 2.01971500e+03 9.37097200e+01 2.34963700e+03 2.32775400e+02 5.85958400e+03 4.48557900e-01 7.30218900e-01 4.65490600e-01 6.46823000e-01 4.63618800e-01 6.05128900e-01 4.58423600e-01 5.75675900e-01 2.90120600e-01 2.98899500e-01 3.06123000e+01 1.07404800e+02 3.23839100e+01 1.03773500e+01 3.96181900e+02 2.34088600e+01 1.15092500e+04 7.06891900e+02 7.89793100e-02 9.81866700e-01 5.34816300e+00 4.40224100e+00 1.19392200e+04 6.40900900e+00
8.61622000e-01 6.32869100e+03 2.21109000e-02 1.17686000e-01 1.04110800e+00 4.62423700e-02 2.83671000e+00 3.02354600e+00 9.52887200e-01 1.00069300e+00 2.21766500e+02 3.51773400e+01 1.10863700e+02 3.77629900e+01 4.65082400e+00 7.12438000e-01 5.88473600e-01 5.92474800e-01 4.11284100e+00 1.09959200e+00 7.81293300e-01 9.01186000e-01 8.78284900e-01 9.97840500e-01 1.00047000e+00 9.91575200e-01 9.93350900e-01 6.55743400e+01 6.73390100e-01 3.26609900e-01 1.40442100e-01 9.20939600e-02 7.99057500e-01 8.33742700e-01 4.56659700e-01 6.04067300e-01 9.86758900e-01 9.77568500e+01 2.45990500e+00 6.83136000e+00 2.05640900e+00 1.87475300e+00 1.25165000e+03 5.75185900e+03 2.53996000e+03 8.17608600e+02 2.31335600e+02 9.52887200e-01 2.42444000e-01 2.43759800e-01 2.56143600e+00 1.40309700e+01 1.08983500e+03 1.46303600e+02 1.04145600e+00 1.40479900e+01 1.05897900e+03 1.49077900e+02 1.39407400e-01 1.60416800e-01 3.43730000e+03 1.03425300e-02 8.06372800e-01 4.45953000e-01 7.09369700e+01 6.60024800e+02 8.11645300e+01 1.57039400e+03 8.79355700e+01 2.03189500e+03 9.35889300e+01 2.36242000e+03 2.34090400e+02 5.86230500e+03 4.59948800e-01 7.36918900e-01 4.74673200e-01 6.51639400e-01 4.71552200e-01 6.09175100e-01 4.65473300e-01 5.79241900e-01 2.91511500e-01 2.99902400e-01 2.62169000e+01 1.06792500e+02 3.01548400e+01 8.49674500e+00 3.95797500e+02 2.54883000e+01 1.15055900e+04 7.07370100e+02 3.10440500e-01 3.80658100e-01 9.83935800e+00 4.11306800e+00 1.19353700e+04 1.05304600e+01
7.70763500e-01 6.33299900e+03 2.22032000e-02 1.17576600e-01 1.04125800e+00 5.25076800e-02 2.80544400e+00 3.03359600e+00 9.54136900e-01 1.00212600e+00 2.19006000e+02 4.36928000e+01 1.17055700e+02 3.38325300e+01 7.99373200e+00 7.08703100e-01 9.83681900e-01 7.89185400e-01 1.51264100e+00 1.16202400e+00 9.56168300e-01 1.05790100e+00 9.95980100e-01 9.97905100e-01 1.00143700e+00 1.00079000e+00 9.90201800e-01 6.53692600e+01 6.71377500e-01 3.28622500e-01 1.40425000e-01 9.17947800e-02 8.03750400e-01 8.41219200e-01 4.60754700e-01 6.08548900e-01 9.94109900e-01 9.75084300e+01 2.47327100e+00 7.46612500e+00 2.07718000e+00 1.87010800e+00 1.24677200e+03 5.73285000e+03 2.53677200e+03 8.18576600e+02 2.32303200e+02 9.54136900e-01 2.42048900e-01 2.43363100e-01 2.53321400e+00 1.40505300e+01 1.08967900e+03 1.46423200e+02 1.04161200e+00 1.40573700e+01 1.05917000e+03 1.49165600e+02 1.39510700e-01 1.60191100e-01 3.45179100e+03 1.03636700e-02 8.04191200e-01 4.44747100e-01 7.07467900e+01 6.61948300e+02 8.09971800e+01 1.57448000e+03 8.77803200e+01 2.03686400e+03 9.34423900e+01 2.36794100e+03 2.34019400e+02 5.87064800e+03 4.63888800e-01 7.41054900e-01 4.78247900e-01 6.55089700e-01 4.74878600e-01 6.12316000e-01 4.68609800e-01 5.82176400e-01 2.92917100e-01 3.01267900e-01 2.86128000e+01 1.06569000e+02 3.09050400e+01 8.61008100e+00 3.95951500e+02 2.48770300e+01 1.15115100e+04 7.07479700e+02 3.69747700e-01 3.12612500e-01 1.09572900e+01 5.92934700e+00 1.19409500e+04 1.16396500e+01
9.59580200e-01 6.33062600e+03 2.22493500e-02 1.15242200e-01 1.04144700e+00 4.88361300e-02 2.70544000e+00 3.02031000e+00 9.50106600e-01 1.00108000e+00 2.07023200e+02 4.37913900e+01 9.78447600e+01 4.30869800e+01 7.48190700e+00 8.97325200e-01 4.29428700e-01 7.27590500e-01 1.02487700e+00 6.18256700e-01 9.35231200e-01 9.30814500e-01 1.25495400e+00 9.96798300e-01 1.00005600e+00 9.91733200e-01 9.83776500e-01 6.51092500e+01 6.74145600e-01 3.25854400e-01 1.38136700e-01 8.99397500e-02 7.92496700e-01 8.25940200e-01 4.52386100e-01 5.98760800e-01 9.82146200e-01 9.78504700e+01 2.45894800e+00 7.02667200e+00 2.04976400e+00 1.85902600e+00 1.25270900e+03 5.75679400e+03 2.53404200e+03 8.18737500e+02 2.32687000e+02 9.50106600e-01 2.40671600e-01 2.41980800e-01 2.48967300e+00 1.41403800e+01 1.08931600e+03 1.47545100e+02 1.04186700e+00 1.41616000e+01 1.05905500e+03 1.50286600e+02 1.38789000e-01 1.59838900e-01 3.44304400e+03 1.02654600e-02 8.05908800e-01 4.45614100e-01 7.04231000e+01 6.64783700e+02 8.05574400e+01 1.58190600e+03 8.72679000e+01 2.04691100e+03 9.28712100e+01 2.37997700e+03 2.32182100e+02 5.90794200e+03 4.55719300e-01 7.30942900e-01 4.70495900e-01 6.46436300e-01 4.67488500e-01 6.04344800e-01 4.61518500e-01 5.74669800e-01 2.89255200e-01 2.97601300e-01 2.84696600e+01 1.03771000e+02 3.13421000e+01 8.32095700e+00 3.95669700e+02 2.56525700e+01 1.15037100e+04 7.07330600e+02 2.89031400e-01 4.17245800e-01 9.43384600e+00 1.04296200e+01 1.19333500e+04 1.01401200e+01
3.75202600e-01 6.33470400e+03 2.22371200e-02 1.13655800e-01 1.04130300e+00 4.88320700e-02 2.72820200e+00 3.01505600e+00 9.55831200e-01 1.00189100e+00 2.29760700e+02 3.01658400e+01 1.17179600e+02 2.39891500e+01 2.75568700e+00 5.80142900e-01 4.64989700e-01 6.04301600e-01 8.16927300e+00 9.83322500e-01 1.05392600e+00 1.22643500e+00 1.08202000e+00 9.95752100e-01 1.00320000e+00 9.97382000e-01 9.90412700e-01 6.58856200e+01 6.85462500e-01 3.14537500e-01 1.36538100e-01 8.99589500e-02 7.85840100e-01 8.04655100e-01 4.40727800e-01 5.88507900e-01 9.68141600e-01 9.92419000e+01 2.42124100e+00 7.00836200e+00 2.03902300e+00 1.84929900e+00 1.23671600e+03 5.74106800e+03 2.52878000e+03 8.17772800e+02 2.32158300e+02 9.55831200e-01 2.40986100e-01 2.42296400e-01 2.49988600e+00 1.41139000e+01 1.08921000e+03 1.47869900e+02 1.04171400e+00 1.41948600e+01 1.05890300e+03 1.50627600e+02 1.38343400e-01 1.59978000e-01 3.39213500e+03 1.01299100e-02 8.14780100e-01 4.50256700e-01 7.10829700e+01 6.57774400e+02 8.10258000e+01 1.56799600e+03 8.76261500e+01 2.03071000e+03 9.31452800e+01 2.36260800e+03 2.31162400e+02 5.89575700e+03 4.44969800e-01 7.25875000e-01 4.62100800e-01 6.43120900e-01 4.60397500e-01 6.01725800e-01 4.55340700e-01 5.72475900e-01 2.88574000e-01 2.97354600e-01 2.70245400e+01 1.06852000e+02 2.95793700e+01 1.06850700e+01 3.95683600e+02 2.39195800e+01 1.15156100e+04 7.06844500e+02 6.40948100e-02 1.03858200e+00 5.08888500e+00 1.04732400e+01 1.19459000e+04 6.19156200e+00
1.01496900e+00 6.32984900e+03 2.21895100e-02 1.17349700e-01 1.04087400e+00 5.75243600e-02 2.91210000e+00 3.04308800e+00 9.63062600e-01 1.00187000e+00 1.96388700e+02 3.43272800e+01 1.04309100e+02 3.05353300e+01 3.85705400e+00 5.57897000e-01 4.54860200e-01 3.19618700e-01 7.65458900e+00 7.25161100e-01 9.39895600e-01 1.16335800e+00 1.20826600e+00 9.96656300e-01 1.00113300e+00 9.93503300e-01 9.87365200e-01 6.65594500e+01 6.83568100e-01 3.16431900e-01 1.40184400e-01 9.33059600e-02 8.05975200e-01 8.27753800e-01 4.53379400e-01 6.04493600e-01 9.87908700e-01 9.89658000e+01 2.44663400e+00 7.98492400e+00 2.09699000e+00 1.86909500e+00 1.22896600e+03 5.71507900e+03 2.53537500e+03 8.17774700e+02 2.31516500e+02 9.63062600e-01 2.43510700e-01 2.44830400e-01 2.57311000e+00 1.39473800e+01 1.08978200e+03 1.45942600e+02 1.04116500e+00 1.40172400e+01 1.05920800e+03 1.48687800e+02 1.39576700e-01 1.60573700e-01 3.39559300e+03 1.02701400e-02 8.13838600e-01 4.49794600e-01 7.18404200e+01 6.50978300e+02 8.19379600e+01 1.55133400e+03 8.86381400e+01 2.00883000e+03 9.42394100e+01 2.33690700e+03 2.34172100e+02 5.82640100e+03 4.57553000e-01 7.44284600e-01 4.74693800e-01 6.59224200e-01 4.72724000e-01 6.16706400e-01 4.67386600e-01 5.86674800e-01 2.95633100e-01 3.04561900e-01 3.01733600e+01 1.05572300e+02 3.12043100e+01 8.62743100e+00 3.96816600e+02 2.32339300e+01 1.15073400e+04 7.06911900e+02 9.63256400e-02 8.72797100e-01 5.80804100e+00 9.98940700e+00 1.19360200e+04 6.77716400e+00
1.00751300e+00 6.32889700e+03 2.23160100e-02 1.20222400e-01 1.04063000e+00 5.74570400e-02 3.18132500e+00 3.05239000e+00 9.69394600e-01 1.00097600e+00 2.62376400e+02 5.57456500e+01 1.01132900e+02 4.71681400e+01 4.89242600e+00 6.13567700e-01 7.88356600e-01 3.07352100e-01 1.47533800e+00 1.10042800e+00 9.33976800e-01 9.07238500e-01 9.79436400e-01 9.98344700e-01 9.99859600e-01 9.89674900e-01 9.90598000e-01 6.87054400e+01 6.96673200e-01 3.03326800e-01 1.43183500e-01 9.83748900e-02 8.12419600e-01 8.16911800e-01 4.47441000e-01 6.02917800e-01 9.80132600e-01 1.00597600e+02 2.42654600e+00 8.03375200e+00 2.11658700e+00 1.88681600e+00 1.22757800e+03 5.74742400e+03 2.53782000e+03 8.13580500e+02 2.28671300e+02 9.69394600e-01 2.47168500e-01 2.48501500e-01 2.64261900e+00 1.36729900e+01 1.09014100e+03 1.43744600e+02 1.04074100e+00 1.38117600e+01 1.05993300e+03 1.46418700e+02 1.41021300e-01 1.61293200e-01 3.34543800e+03 1.03030000e-02 8.23311700e-01 4.54645200e-01 7.39412600e+01 6.31543900e+02 8.39840900e+01 1.50814600e+03 9.06679700e+01 1.95495200e+03 9.62650300e+01 2.27590600e+03 2.37079200e+02 5.71030300e+03 4.52665900e-01 7.51542000e-01 4.72892800e-01 6.67087700e-01 4.72459800e-01 6.24658500e-01 4.68137800e-01 5.94608500e-01 3.00123800e-01 3.09793000e-01 3.58460700e+01 1.09031100e+02 3.55977200e+01 8.98871400e+00 3.96762700e+02 2.29489700e+01 1.15153400e+04 7.06565300e+02 5.53426500e-04 1.81943000e+00 3.44650500e+00 1.92093500e+00 1.19440400e+04 5.26648800e+00
3.35350500e-01 6.33242300e+03 2.24954800e-02 1.18991800e-01 1.04099800e+00 4.35819500e-02 3.12880200e+00 3.02918600e+00 9.66698600e-01 1.00488600e+00 2.61530800e+02 5.68514800e+01 9.83971100e+01 4.47843700e+01 5.13491100e+00 6.46442400e-01 9.70019000e-01 7.96593200e-01 8.70493900e-01 7.56104100e-01 1.18395200e+00 1.05600900e+00 1.13842400e+00 9.97218400e-01 1.00222600e+00 9.95087700e-01 9.93899100e-01 6.88079800e+01 6.99796600e-01 3.00203400e-01 1.42132400e-01 9.77984700e-02 7.99297500e-01 7.99568400e-01 4.37941700e-01 5.91646600e-01 9.63582800e-01 1.01011200e+02 2.39851200e+00 6.52313200e+00 2.06803900e+00 1.89541300e+00 1.23955000e+03 5.81964600e+03 2.55579100e+03 8.20427600e+02 2.30829300e+02 9.66698600e-01 2.46544100e-01 2.47874800e-01 2.59110200e+00 1.36926600e+01 1.08975400e+03 1.44183100e+02 1.04111900e+00 1.38488600e+01 1.06023800e+03 1.46801500e+02 1.40948600e-01 1.60944100e-01 3.34392400e+03 1.02626200e-02 8.24336800e-01 4.55050500e-01 7.39950000e+01 6.30864300e+02 8.39621000e+01 1.50726400e+03 9.06003200e+01 1.95429700e+03 9.61613800e+01 2.27554400e+03 2.36309100e+02 5.71811900e+03 4.43350100e-01 7.39711300e-01 4.63929800e-01 6.56928100e-01 4.63867100e-01 6.15287900e-01 4.59864400e-01 5.85777400e-01 2.95795300e-01 3.05465900e-01 3.34874800e+01 1.07982600e+02 3.37419000e+01 1.12295400e+01 3.96484800e+02 2.29692300e+01 1.15121400e+04 7.06524600e+02 1.13958400e-02 2.04033800e+00 3.39141100e+00 1.00545800e+01 1.19428200e+04 5.44314500e+00
9.38982900e-01 6.33408800e+03 2.24734500e-02 1.17277100e-01 1.04131500e+00 5.11230800e-02 2.96909700e+00 3.04108700e+00 9.63827100e-01 1.00586500e+00 2.24138300e+02 3.50230100e+01 1.00844900e+02 4.12990200e+01 5.02680900e+00 6.63050600e-01 6.84877300e-01 8.59297900e-02 1.69107900e+00 1.29886400e+00 1.26251300e+00 9.50288700e-01 9.51946700e-01 9.96666800e-01 9.98185400e-01 9.94183400e-01 9.87707700e-01 6.76324500e+01 6.93067000e-01 3.06933000e-01 1.40395700e-01 9.49530300e-02 8.02594200e-01 8.11815200e-01 4.44649500e-01 5.97388600e-01 9.75929600e-01 1.00157900e+02 2.42856700e+00 7.27996800e+00 2.09279700e+00 1.88939200e+00 1.24373500e+03 5.81475400e+03 2.56078800e+03 8.25453000e+02 2.33554900e+02 9.63827100e-01 2.44400600e-01 2.45723500e-01 2.54018100e+00 1.38441400e+01 1.08947700e+03 1.45449900e+02 1.04154400e+00 1.39648400e+01 1.05993300e+03 1.48091500e+02 1.40189300e-01 1.60471900e-01 3.37443600e+03 1.02458500e-02 8.18828500e-01 4.52199300e-01 7.28444000e+01 6.41316500e+02 8.28337800e+01 1.53060400e+03 8.94765400e+01 1.98348600e+03 9.50365600e+01 2.30865000e+03 2.34642300e+02 5.78221400e+03 4.49556300e-01 7.42095800e-01 4.68740900e-01 6.58309600e-01 4.67888900e-01 6.16275300e-01 4.63328800e-01 5.86527400e-01 2.95922400e-01 3.05278900e-01 2.90058500e+01 1.04422000e+02 3.24576900e+01 9.06233300e+00 3.95710500e+02 2.33332600e+01 1.15145200e+04 7.06632600e+02 4.40170900e-03 1.53969800e+00 3.72344300e+00 1.36490800e+01 1.19426300e+04 5.26754300e+00
1.34716900e+00 6.33252400e+03 2.24273400e-02 1.14554500e-01 1.04192700e+00 5.51444900e-02 2.76320600e+00 3.04377500e+00 9.57849800e-01 1.00440500e+00 2.35424700e+02 2.15426800e+01 1.11312200e+02 2.92652000e+01 2.56013600e+00 7.39432400e-01 2.73162500e-01 6.57550900e-01 6.20609600e+00 1.06581700e+00 9.97375900e-01 1.05176900e+00 1.05990400e+00 9.98506600e-01 1.00117100e+00 9.89091600e-01 9.88114000e-01 6.63360600e+01 6.87245100e-01 3.12754900e-01 1.37627000e-01 9.12963000e-02 7.99566000e-01 8.16386400e-01 4.47153300e-01 5.97936900e-01 9.81701600e-01 9.94837300e+01 2.45196800e+00 7.63092000e+00 2.09843000e+00 1.87930300e+00 1.25391800e+03 5.82552100e+03 2.56523000e+03 8.30183300e+02 2.36217800e+02 9.57849800e-01 2.41556500e-01 2.42869000e-01 2.47740000e+00 1.40406400e+01 1.08909100e+03 1.47286000e+02 1.04228900e+00 1.41310100e+01 1.05943700e+03 1.49969300e+02 1.39018400e-01 1.59920600e-01 3.40261700e+03 1.01861100e-02 8.13945900e-01 4.49695400e-01 7.15392300e+01 6.53448700e+02 8.15003800e+01 1.55811900e+03 8.81155400e+01 2.01820100e+03 9.36483100e+01 2.34828600e+03 2.32135500e+02 5.86495500e+03 4.51614000e-01 7.38724900e-01 4.69435900e-01 6.54693100e-01 4.67907700e-01 6.12630500e-01 4.62901600e-01 5.82898200e-01 2.93887800e-01 3.02909500e-01 2.11493900e+01 1.03915400e+02 2.69351200e+01 8.18659700e+00 3.96208800e+02 2.46398900e+01 1.15184500e+04 7.06786400e+02 4.15221200e-02 1.15641700e+00 4.58522100e+00 4.99300200e+00 1.19474900e+04 5.78316000e+00
1.10824000e+00 6.33426300e+03 2.24325300e-02 1.14028100e-01 1.04210500e+00 5.77012000e-02 2.76196300e+00 3.04454300e+00 9.61285600e-01 1.00584000e+00 2.37732800e+02 2.56190600e+01 1.11364200e+02 3.18172000e+01 1.15882500e+00 8.00047900e-01 4.49190200e-02 9.95736200e-01 6.64735800e+00 1.35409800e+00 1.30117900e+00 9.12508500e-01 1.05782200e+00 9.95928400e-01 9.98018900e-01 9.88028700e-01 9.81843200e-01 6.65704300e+01 6.90619500e-01 3.09380500e-01 1.37105800e-01 9.12719000e-02 7.99181900e-01 8.11580300e-01 4.44520800e-01 5.96031000e-01 9.79501200e-01 9.99320800e+01 2.44027500e+00 7.87200900e+00 2.10004400e+00 1.87115500e+00 1.24196300e+03 5.79519100e+03 2.55868400e+03 8.29345200e+02 2.36153200e+02 9.61285600e-01 2.41541200e-01 2.42853600e-01 2.47605700e+00 1.40339300e+01 1.08903800e+03 1.47432400e+02 1.04246100e+00 1.41427200e+01 1.05943700e+03 1.50114800e+02 1.38876000e-01 1.59952000e-01 3.39025500e+03 1.01482400e-02 8.16307100e-01 4.50928100e-01 7.17376900e+01 6.51392300e+02 8.16393000e+01 1.55404300e+03 8.82199900e+01 2.01346300e+03 9.37262900e+01 2.34321600e+03 2.31799100e+02 5.86177100e+03 4.49250500e-01 7.38700800e-01 4.67812100e-01 6.55035000e-01 4.66677400e-01 6.13101100e-01 4.61941000e-01 5.83439200e-01 2.94294300e-01 3.03474100e-01 2.32500800e+01 1.03968700e+02 2.80846300e+01 8.67296900e+00 3.96689400e+02 2.34294500e+01 1.15101900e+04 7.06690500e+02 1.24737500e-02 1.40705700e+00 3.88122200e+00 1.75531600e+01 1.19389800e+04 5.30075300e+00
2.28083900e-01 6.33747300e+03 2.26939800e-02 1.17575200e-01 1.04149500e+00 5.06520900e-02 3.00820700e+00 3.02382000e+00 9.67521600e-01 9.98282200e-01 2.40045300e+02 5.04604600e+01 9.84083000e+01 3.94649200e+01 6.91951300e+00 6.98726000e-01 4.47803700e-01 5.71853100e-01 2.22223800e+00 6.31963800e-01 8.90906200e-01 1.10731500e+00 1.46993900e+00 9.97347700e-01 1.00136100e+00 9.93677000e-01 9.85173000e-01 6.82293700e+01 6.97300100e-01 3.02699900e-01 1.40914300e-01 9.61449300e-02 7.95834300e-01 7.99407500e-01 4.37853500e-01 5.90304000e-01 9.63467300e-01 1.00684400e+02 2.39450000e+00 7.19757100e+00 2.05697100e+00 1.85879900e+00 1.21641700e+03 5.72249000e+03 2.51973800e+03 8.13701600e+02 2.30344500e+02 9.67521600e-01 2.45006200e-01 2.46331300e-01 2.51509400e+00 1.37766400e+01 1.08927000e+03 1.45002900e+02 1.04167500e+00 1.39201700e+01 1.06046700e+03 1.47567500e+02 1.40753300e-01 1.60341700e-01 3.36908400e+03 1.02567000e-02 8.20586900e-01 4.52955800e-01 7.34162500e+01 6.36016300e+02 8.33715800e+01 1.51897300e+03 8.99981500e+01 1.96908400e+03 9.55476500e+01 2.29243700e+03 2.35211700e+02 5.75350400e+03 4.43045900e-01 7.36261500e-01 4.62995700e-01 6.53593600e-01 4.62643700e-01 6.12051800e-01 4.58459400e-01 5.82626400e-01 2.94116200e-01 3.03609800e-01 3.31081800e+01 1.05240200e+02 3.18504300e+01 1.19692800e+01 3.95668700e+02 2.25908200e+01 1.15184200e+04 7.06555800e+02 1.64945400e-03 1.89191900e+00 3.41544300e+00 1.44351200e+01 1.19486500e+04 5.30901100e+00
3.72071200e-01 6.33796400e+03 2.26299900e-02 1.24801000e-01 1.04057400e+00 5.68476900e-02 3.47951700e+00 3.04821000e+00 9.81043800e-01 9.95409900e-01 2.58230000e+02 4.57292800e+01 9.06265000e+01 4.73636500e+01 6.42977300e-01 4.41280200e-01 8.37137300e-01 5.05610100e-01 8.44675400e+00 9.24875200e-01 8.59605900e-01 9.58192900e-01 8.76172800e-01 9.96557200e-01 1.00525700e+00 1.01131200e+00 1.00502800e+00 7.07818600e+01 7.04443100e-01 2.95556900e-01 1.48076100e-01 1.04811000e-01 8.19555000e-01 8.13463500e-01 4.45552300e-01 6.04280300e-01 9.74130500e-01 1.01558900e+02 2.39104400e+00 8.01239000e+00 2.10775700e+00 1.88123600e+00 1.19543800e+03 5.66605000e+03 2.50959100e+03 8.03068600e+02 2.24779500e+02 9.81043800e-01 2.51126700e-01 2.52473800e-01 2.68574900e+00 1.33685700e+01 1.09042200e+03 1.40951700e+02 1.04046900e+00 1.35469300e+01 1.06123000e+03 1.43481500e+02 1.43318600e-01 1.61810400e-01 3.32936800e+03 1.04531300e-02 8.27350200e-01 4.56515700e-01 7.60414200e+01 6.13559500e+02 8.61540300e+01 1.46701900e+03 9.28965300e+01 1.90284100e+03 9.85484500e+01 2.21622800e+03 2.41362300e+02 5.58216900e+03 4.51394000e-01 7.58935300e-01 4.73540800e-01 6.74529400e-01 4.74040900e-01 6.31994400e-01 4.70326100e-01 6.01819800e-01 3.04050200e-01 3.14243600e-01 3.46562500e+01 1.12004000e+02 3.55433600e+01 1.10515200e+01 3.96449600e+02 2.14927900e+01 1.15196100e+04 7.06494800e+02 4.78549700e-02 2.42950100e+00 3.66695400e+00 1.46883000e+01 1.19486000e+04 6.14431000e+00
6.83428500e-01 6.33954400e+03 2.26138100e-02 1.26146000e-01 1.04045900e+00 5.68874800e-02 3.53134100e+00 3.05539100e+00 9.79536000e-01 9.96000300e-01 2.39830600e+02 3.80195300e+01 9.09696200e+01 4.24918200e+01 3.32326300e+00 4.00058300e-01 7.34738900e-01 1.25594400e-01 9.93915600e+00 1.30680400e+00 7.50173400e-01 8.96835600e-01 8.74421500e-01 9.98002200e-01 9.99794900e-01 1.01677900e+00 1.00534200e+00 7.08477800e+01 7.02345500e-01 2.97654500e-01 1.49404900e-01 1.05850100e-01 8.24836600e-01 8.21605900e-01 4.50012100e-01 6.09250700e-01 9.79952000e-01 1.01262800e+02 2.40716100e+00 8.04595900e+00 2.12294700e+00 1.89464300e+00 1.20590100e+03 5.69567000e+03 2.51916000e+03 8.04263800e+02 2.24764600e+02 9.79536000e-01 2.51771600e-01 2.53121000e-01 2.70629300e+00 1.33300000e+01 1.09060600e+03 1.40401700e+02 1.04031000e+00 1.34961400e+01 1.06130600e+03 1.42930100e+02 1.43725400e-01 1.61959600e-01 3.33743600e+03 1.05128400e-02 8.25746800e-01 4.55691200e-01 7.61460100e+01 6.12864700e+02 8.63316400e+01 1.46486000e+03 9.31194600e+01 1.89971100e+03 9.88077600e+01 2.21231100e+03 2.42368500e+02 5.56634900e+03 4.55740700e-01 7.63604800e-01 4.77549200e-01 6.78432700e-01 4.77792700e-01 6.35547800e-01 4.73874700e-01 6.05138900e-01 3.05629100e-01 3.15774500e-01 3.47089900e+01 1.07706900e+02 3.31988900e+01 9.82657100e+00 3.96522500e+02 2.19966300e+01 1.15259300e+04 7.06503700e+02 2.46853300e-02 2.19351700e+00 3.49073100e+00 1.25987600e+01 1.19542800e+04 5.70893400e+00
9.97547000e-02 6.33743200e+03 2.27242100e-02 1.21426900e-01 1.04100400e+00 4.64388700e-02 3.33023800e+00 3.02791800e+00 9.77872800e-01 9.98232600e-01 2.25317500e+02 3.35684600e+01 1.24071200e+02 3.07428600e+01 5.76352000e+00 7.41712100e-01 3.28236500e-01 4.24886200e-01 5.75032800e+00 9.01970000e-01 1.34182000e+00 9.84510300e-01 1.19212500e+00 9.97318300e-01 9.98280500e-01 9.99467200e-01 9.96899400e-01 7.04815700e+01 7.08521800e-01 2.91478200e-01 1.44796200e-01 1.02054600e-01 8.03460700e-01 7.91966900e-01 4.33778100e-01 5.90358900e-01 9.57032800e-01 1.02152000e+02 2.36362600e+00 6.84356700e+00 2.06541900e+00 1.88222600e+00 1.20582900e+03 5.73336800e+03 2.52783900e+03 8.11532000e+02 2.27819700e+02 9.77872800e-01 2.49261400e-01 2.50601900e-01 2.61793000e+00 1.34778200e+01 1.08987600e+03 1.42412300e+02 1.04097300e+00 1.36807000e+01 1.06107700e+03 1.44934400e+02 1.42361600e-01 1.61305300e-01 3.31813200e+03 1.03187600e-02 8.29929600e-01 4.57792700e-01 7.56467600e+01 6.16474700e+02 8.55939300e+01 1.47495400e+03 9.22324800e+01 1.91377100e+03 9.78002800e+01 2.22948600e+03 2.38817100e+02 5.62721200e+03 4.39827800e-01 7.44448100e-01 4.62436100e-01 6.62119600e-01 4.63413600e-01 6.20563500e-01 4.60109100e-01 5.91057500e-01 2.98802700e-01 3.09011000e-01 3.02151200e+01 1.09217000e+02 3.31689900e+01 1.36796800e+01 3.96112100e+02 2.16130200e+01 1.15191600e+04 7.06499400e+02 1.15780600e-01 2.83966800e+00 4.36656500e+00 1.04785600e+01 1.19505600e+04 7.32201400e+00
8.40972700e-01 6.33462100e+03 2.28289600e-02 1.22145800e-01 1.04129200e+00 6.30361200e-02 3.32557900e+00 3.06407600e+00 9.79792800e-01 9.98743700e-01 2.20591100e+02 2.84060000e+01 9.86757100e+01 4.07182600e+01 6.04175500e+00 7.61357400e-01 4.97377500e-01 4.07099600e-01 6.15162800e+00 1.32654700e+00 9.50190800e-01 1.01561300e+00 1.18831600e+00 9.98659400e-01 1.00209400e+00 9.88766800e-01 9.89321100e-01 7.03607200e+01 7.05855900e-01 2.94144100e-01 1.45619900e-01 1.02459200e-01 8.21163900e-01 8.13110000e-01 4.45358700e-01 6.04741700e-01 9.78959500e-01 1.01785800e+02 2.40932400e+00 8.51287800e+00 2.14146700e+00 1.88781300e+00 1.20828200e+03 5.73121500e+03 2.53406000e+03 8.15012000e+02 2.29639600e+02 9.79792800e-01 2.49244700e-01 2.50585100e-01 2.59681100e+00 1.34669100e+01 1.08980200e+03 1.42178400e+02 1.04125200e+00 1.36545700e+01 1.06134400e+03 1.44662800e+02 1.42753900e-01 1.61170000e-01 3.33911000e+03 1.03808400e-02 8.26544700e-01 4.55958500e-01 7.55614400e+01 6.17359500e+02 8.55718300e+01 1.47643300e+03 9.22483500e+01 1.91527000e+03 9.78459900e+01 2.23088300e+03 2.39399900e+02 5.62303300e+03 4.51351000e-01 7.60571100e-01 4.73855500e-01 6.76146500e-01 4.74526800e-01 6.33578300e-01 4.70922300e-01 6.03371100e-01 3.04910500e-01 3.15191500e-01 2.77740600e+01 1.08337200e+02 3.25913100e+01 9.42227700e+00 3.98196400e+02 2.17650600e+01 1.15163700e+04 7.06493100e+02 7.01136100e-02 2.59136600e+00 3.87581600e+00 1.04549600e+01 1.19457600e+04 6.53729600e+00
1.04634600e+00 6.33469600e+03 2.28693400e-02 1.21751500e-01 1.04093500e+00 6.08543400e-02 3.25991400e+00 3.05906600e+00 9.75033100e-01 9.98495300e-01 2.71100100e+02 4.16680000e+01 1.08478400e+02 4.05578200e+01 4.22757400e-01 6.51312700e-01 4.13708700e-01 9.93926200e-02 4.42671500e+00 1.23462000e+00 1.00054900e+00 8.09787500e-01 8.04473700e-01 9.98412700e-01 9.99384000e-01 9.96660400e-01 9.85197400e-01 6.96502700e+01 7.00554100e-01 2.99445900e-01 1.45266000e-01 1.01178100e-01 8.17753600e-01 8.16998100e-01 4.47488300e-01 6.04925800e-01 9.79853400e-01 1.01016400e+02 2.42028900e+00 8.27484100e+00 2.13076500e+00 1.88659200e+00 1.21737300e+03 5.74832500e+03 2.53368200e+03 8.15146600e+02 2.29982900e+02 9.75033100e-01 2.48411300e-01 2.49748700e-01 2.56746000e+00 1.35364300e+01 1.08965800e+03 1.42561000e+02 1.04094100e+00 1.36954000e+01 1.06138200e+03 1.45033700e+02 1.42627700e-01 1.60831600e-01 3.35950800e+03 1.03997700e-02 8.22580100e-01 4.53854500e-01 7.48902700e+01 6.23267400e+02 8.49566700e+01 1.48929900e+03 9.16622300e+01 1.93112600e+03 9.72802900e+01 2.24866500e+03 2.38925900e+02 5.65277300e+03 4.53048500e-01 7.56868400e-01 4.74274800e-01 6.72249500e-01 4.74303100e-01 6.29673000e-01 4.70271700e-01 5.99494200e-01 3.02734000e-01 3.12678900e-01 2.98297200e+01 1.06831500e+02 3.32395500e+01 8.96115600e+00 3.97548800e+02 2.24219800e+01 1.15214100e+04 7.06517200e+02 1.14156700e-02 2.04033800e+00 3.43464600e+00 7.04717000e+00 1.19503400e+04 5.48639900e+00
9.07568400e-01 6.33455600e+03 2.28600900e-02 1.20592100e-01 1.04083200e+00 5.92378500e-02 3.19620000e+00 3.04790100e+00 9.74719100e-01 9.95852000e-01 2.24171800e+02 3.83462800e+01 1.18115600e+02 3.10908800e+01 5.13004400e+00 8.45385700e-01 2.97019400e-01 9.79257800e-01 3.69376300e+00 7.55315600e-01 7.52151100e-01 1.02905700e+00 1.12861900e+00 9.98961600e-01 1.00079100e+00 1.00028800e+00 9.83487400e-01 6.92730700e+01 6.99719500e-01 3.00280500e-01 1.44097300e-01 9.98206600e-02 8.10982300e-01 8.11361200e-01 4.44400900e-01 6.00334300e-01 9.74381700e-01 1.00897200e+02 2.40731800e+00 8.09173600e+00 2.10710600e+00 1.87168600e+00 1.20855700e+03 5.71451400e+03 2.52096400e+03 8.12619800e+02 2.29589400e+02 9.74719100e-01 2.47574500e-01 2.48908900e-01 2.54797300e+00 1.35994500e+01 1.08950800e+03 1.43167600e+02 1.04087600e+00 1.37545300e+01 1.06123000e+03 1.45651400e+02 1.42193700e-01 1.60628900e-01 3.36029900e+03 1.03588900e-02 8.22276200e-01 4.53699100e-01 7.44998400e+01 6.26592500e+02 8.45361600e+01 1.49704700e+03 9.12204200e+01 1.94104200e+03 9.68200100e+01 2.26010500e+03 2.37935000e+02 5.67919700e+03 4.49851500e-01 7.50518600e-01 4.70719700e-01 6.66518200e-01 4.70649700e-01 6.24266700e-01 4.66584200e-01 5.94323300e-01 3.00097300e-01 3.09911600e-01 2.50515500e+01 1.05889100e+02 2.99854000e+01 9.23755300e+00 3.96930700e+02 2.22730500e+01 1.15207700e+04 7.06525400e+02 6.83145800e-03 1.96545900e+00 3.43859600e+00 7.96908800e+00 1.19492100e+04 5.41088700e+00
1.04671800e+00 6.32885800e+03 2.24299900e-02 1.19052000e-01 1.04095500e+00 6.03882200e-02 3.02430300e+00 3.05951300e+00 9.65548700e-01 1.00357000e+00 2.65469000e+02 3.35752700e+01 8.13867900e+01 4.98280700e+01 4.11969600e+00 5.83293200e-01 6.10909700e-01 1.92664600e-01 3.36855500e+00 8.29959200e-01 1.23540800e+00 9.88662200e-01 1.25640500e+00 9.96815500e-01 1.00296500e+00 9.97656500e-01 9.88177100e-01 6.74932900e+01 6.87999000e-01 3.12001000e-01 1.42127200e-01 9.59262900e-02 8.14789700e-01 8.30927000e-01 4.55117500e-01 6.08954000e-01 9.91779800e-01 9.94762400e+01 2.45693700e+00 8.25653100e+00 2.13171700e+00 1.88919600e+00 1.23815700e+03 5.77180100e+03 2.55159400e+03 8.21830000e+02 2.32501200e+02 9.65548700e-01 2.45128100e-01 2.46453700e-01 2.56692800e+00 1.38092300e+01 1.08974100e+03 1.44739500e+02 1.04114000e+00 1.39020100e+01 1.05997100e+03 1.47386900e+02 1.40686600e-01 1.60627400e-01 3.39085800e+03 1.03341700e-02 8.15499300e-01 4.50487300e-01 7.27749700e+01 6.42298200e+02 8.28884900e+01 1.53171300e+03 8.96059900e+01 1.98411700e+03 9.52248800e+01 2.30872400e+03 2.35924400e+02 5.76821900e+03 4.59697400e-01 7.52860700e-01 4.78022900e-01 6.67297100e-01 4.76552300e-01 6.24455500e-01 4.71509900e-01 5.94168100e-01 2.99565800e-01 3.08814000e-01 2.91322100e+01 1.06141000e+02 3.15461800e+01 8.71428300e+00 3.97707700e+02 2.34384200e+01 1.15042300e+04 7.06763400e+02 4.29301600e-02 1.15641700e+00 4.74718900e+00 1.09141800e+01 1.19340900e+04 5.94653600e+00
1.11653100e+00 6.33575200e+03 2.23805600e-02 1.18251400e-01 1.04083100e+00 6.01662500e-02 3.00518600e+00 3.06238800e+00 9.67470100e-01 1.00656100e+00 2.49694200e+02 4.41671800e+01 1.00475900e+02 4.42154700e+01 3.92387300e+00 5.85851700e-01 8.59632700e-01 3.64417700e-01 1.14240800e+00 9.43696500e-01 9.95326500e-01 1.16416800e+00 1.21762200e+00 9.98148200e-01 1.00559200e+00 9.97316900e-01 9.85608500e-01 6.74713100e+01 6.89663000e-01 3.10337000e-01 1.41277100e-01 9.53215300e-02 8.14503800e-01 8.28417400e-01 4.53742900e-01 6.07927100e-01 9.91593200e-01 9.96884400e+01 2.45271500e+00 8.22906500e+00 2.13785400e+00 1.89547600e+00 1.23827300e+03 5.79089900e+03 2.56509100e+03 8.27041900e+02 2.34110300e+02 9.67470100e-01 2.44852000e-01 2.46176500e-01 2.56940400e+00 1.38342800e+01 1.08971600e+03 1.45082200e+02 1.04104300e+00 1.39362400e+01 1.05981800e+03 1.47749400e+02 1.40339400e-01 1.60629200e-01 3.37918000e+03 1.02853300e-02 8.17359400e-01 4.51491700e-01 7.27264100e+01 6.42604500e+02 8.27890200e+01 1.53285100e+03 8.94752800e+01 1.98585800e+03 9.50692400e+01 2.31096900e+03 2.35270400e+02 5.77849600e+03 4.58446300e-01 7.52765600e-01 4.77147200e-01 6.67398500e-01 4.75877400e-01 6.24627600e-01 4.70973100e-01 5.94379600e-01 2.99744300e-01 3.09070300e-01 2.94297900e+01 1.10785700e+02 3.38182100e+01 8.63271800e+00 3.97535900e+02 2.28780000e+01 1.15115500e+04 7.06715800e+02 2.65734200e-02 1.27934900e+00 4.36538100e+00 1.85148000e+01 1.19406000e+04 5.67130300e+00
5.53118700e-01 6.33166400e+03 2.25237300e-02 1.19649300e-01 1.04089400e+00 5.63869600e-02 3.16212500e+00 3.04877000e+00 9.76864100e-01 1.00301900e+00 2.63994800e+02 5.31025500e+01 9.51771000e+01 4.78803600e+01 4.59404400e+00 8.87432300e-01 3.17367900e-01 7.61964200e-01 2.97614600e+00 9.33551500e-01 7.90959400e-01 8.93414500e-01 1.26518200e+00 9.97618800e-01 1.00076600e+00 9.94372000e-01 9.87667900e-01 6.89508100e+01 6.99596700e-01 3.00403300e-01 1.42818100e-01 9.84742500e-02 8.11351500e-01 8.11896600e-01 4.44694100e-01 6.00669000e-01 9.77100800e-01 1.00967600e+02 2.40309100e+00 7.86590600e+00 2.10893800e+00 1.88402500e+00 1.20883900e+03 5.72541600e+03 2.54366300e+03 8.20100600e+02 2.31481000e+02 9.76864100e-01 2.46994000e-01 2.48326400e-01 2.59746100e+00 1.36618500e+01 1.08981100e+03 1.43828000e+02 1.04098400e+00 1.38165400e+01 1.06035200e+03 1.46434200e+02 1.41237100e-01 1.60991000e-01 3.34533000e+03 1.02896200e-02 8.24097100e-01 4.54902300e-01 7.41508000e+01 6.29553800e+02 8.41445800e+01 1.50408300e+03 9.08002400e+01 1.95013800e+03 9.63757700e+01 2.27067400e+03 2.36871400e+02 5.70528400e+03 4.50173200e-01 7.50844800e-01 4.71015600e-01 6.66791100e-01 4.70926400e-01 6.24515400e-01 4.66845900e-01 5.94556000e-01 3.00216500e-01 3.10022900e-01 3.25543000e+01 1.08165100e+02 3.54082200e+01 1.02266300e+01 3.96275700e+02 2.13757800e+01 1.15166800e+04 7.06526700e+02 9.43687600e-03 2.04033800e+00 3.39497500e+00 6.80325900e+00 1.19445500e+04 5.44474900e+00
7.35951500e-01 6.33533400e+03 2.23163400e-02 1.13899400e-01 1.04162800e+00 6.02901000e-02 2.77024900e+00 3.03987900e+00 9.60844200e-01 1.00294300e+00 2.19693800e+02 2.34194400e+01 1.00487100e+02 4.14411800e+01 5.89034900e+00 9.59921300e-01 1.38558400e-01 1.06676200e-01 2.61662400e+00 1.14023600e+00 1.02472100e+00 9.39139700e-01 1.18601400e+00 9.96223200e-01 9.99672000e-01 9.82598900e-01 9.82013100e-01 6.64679000e+01 6.90218400e-01 3.09781600e-01 1.36860900e-01 9.09685800e-02 7.96578700e-01 8.09460900e-01 4.43360000e-01 5.94282000e-01 9.77063300e-01 9.98633800e+01 2.43478400e+00 8.14971900e+00 2.09027100e+00 1.85282800e+00 1.23131200e+03 5.73668700e+03 2.53297800e+03 8.19978300e+02 2.33078800e+02 9.60844200e-01 2.41608200e-01 2.42920800e-01 2.49989300e+00 1.40504500e+01 1.08917500e+03 1.47516000e+02 1.04200100e+00 1.41569900e+01 1.05913200e+03 1.50243000e+02 1.38628300e-01 1.60076300e-01 3.38026100e+03 1.01241800e-02 8.17422300e-01 4.51586000e-01 7.16336500e+01 6.52368000e+02 8.15312800e+01 1.55627200e+03 8.81087200e+01 2.01628600e+03 9.36120100e+01 2.34644900e+03 2.31579900e+02 5.86872100e+03 4.48044300e-01 7.36255600e-01 4.66457200e-01 6.52824000e-01 4.65279800e-01 6.11013900e-01 4.60527200e-01 5.81442100e-01 2.93273300e-01 3.02402900e-01 2.44797000e+01 1.05029000e+02 3.11600900e+01 9.48125200e+00 3.97491900e+02 2.32934600e+01 1.15196300e+04 7.06700900e+02 1.58915700e-02 1.34256300e+00 3.98740700e+00 8.72685400e+00 1.19498900e+04 5.34586200e+00
6.31975100e-01 6.33130400e+03 2.21890900e-02 1.15726000e-01 1.04117100e+00 4.82587800e-02 2.80353700e+00 3.01086000e+00 9.59147600e-01 9.95700300e-01 2.15507500e+02 2.66232800e+01 1.35206400e+02 2.06080900e+01 4.18243000e+00 6.79954500e-01 1.56065500e-03 1.76237000e-01 3.77738500e+00 1.16878200e+00 1.04754500e+00 1.15630100e+00 1.19828600e+00 9.97999800e-01 1.00020400e+00 9.95968500e-01 9.94438400e-01 6.59552000e+01 6.81477200e-01 3.18522800e-01 1.38560200e-01 9.13876800e-02 7.90002800e-01 8.14025900e-01 4.45860400e-01 5.93490500e-01 9.72756400e-01 9.87351400e+01 2.41751700e+00 6.99615500e+00 2.03048600e+00 1.84366900e+00 1.22029500e+03 5.66954400e+03 2.51177600e+03 8.11894900e+02 2.30171600e+02 9.59147600e-01 2.42016600e-01 2.43330800e-01 2.53518200e+00 1.40491700e+01 1.08953000e+03 1.46942500e+02 1.04152700e+00 1.41083800e+01 1.05901700e+03 1.49700300e+02 1.38955900e-01 1.60249100e-01 3.40662900e+03 1.02267700e-02 8.12009900e-01 4.48843600e-01 7.12203800e+01 6.56801300e+02 8.12842600e+01 1.56469500e+03 8.79589500e+01 2.02579700e+03 9.35374400e+01 2.35637000e+03 2.32749000e+02 5.86913800e+03 4.49797900e-01 7.29335400e-01 4.66139200e-01 6.45766600e-01 4.63969700e-01 6.04027700e-01 4.58576400e-01 5.74558600e-01 2.89461000e-01 2.98110200e-01 2.37162600e+01 1.06214300e+02 2.81118400e+01 9.49404900e+00 3.95747200e+02 2.36874500e+01 1.15128500e+04 7.06992800e+02 1.27713500e-01 7.68898900e-01 6.38604500e+00 6.55333700e+00 1.19417800e+04 7.28265700e+00
1.02022500e+00 6.32719200e+03 2.22420000e-02 1.18609700e-01 1.04063900e+00 5.56393700e-02 2.96634700e+00 3.04050100e+00 9.60217200e-01 1.00002600e+00 2.49553200e+02 4.05631400e+01 9.14363300e+01 5.10654000e+01 4.28022800e+00 7.15895400e-01 7.84411800e-01 5.33844500e-01 2.45726300e+00 1.00904400e+00 1.08518800e+00 8.36850400e-01 8.82974800e-01 9.96145800e-01 1.00165800e+00 9.96300100e-01 9.91121000e-01 6.67132600e+01 6.82076600e-01 3.17923400e-01 1.41496800e-01 9.43971500e-02 8.06226600e-01 8.29961000e-01 4.54588400e-01 6.05393500e-01 9.87077000e-01 9.87411800e+01 2.45231500e+00 7.81097400e+00 2.09157200e+00 1.87130700e+00 1.23602900e+03 5.72522100e+03 2.52872600e+03 8.13354300e+02 2.29773700e+02 9.60217200e-01 2.44270200e-01 2.45592600e-01 2.58210000e+00 1.38965600e+01 1.08988000e+03 1.45292300e+02 1.04089300e+00 1.39584300e+01 1.05947500e+03 1.48008300e+02 1.40112400e-01 1.60633700e-01 3.40230300e+03 1.03285100e-02 8.12648900e-01 4.49129900e-01 7.20327200e+01 6.49348000e+02 8.21950800e+01 1.54709200e+03 8.89360500e+01 2.00310700e+03 9.45703900e+01 2.33005900e+03 2.35221800e+02 5.80532400e+03 4.58617000e-01 7.44372100e-01 4.75432300e-01 6.59143700e-01 4.73290200e-01 6.16565800e-01 4.67835100e-01 5.86500600e-01 2.95480100e-01 3.04347400e-01 2.89570700e+01 1.07897700e+02 3.33932500e+01 8.56007700e+00 3.96434100e+02 2.41340800e+01 1.15050800e+04 7.06968900e+02 1.26934300e-01 7.68898900e-01 6.48505900e+00 5.82814600e+00 1.19342100e+04 7.38089300e+00
1.09634400e+00 6.32960700e+03 2.24678500e-02 1.18873700e-01 1.04075700e+00 5.87606000e-02 3.00596900e+00 3.04715400e+00 9.64266400e-01 9.99490100e-01 2.40011300e+02 3.64556000e+01 9.84611300e+01 4.10467800e+01 3.90159600e+00 5.99744000e-01 8.59361200e-01 4.31430100e-01 2.73415900e+00 1.19696700e+00 1.01751500e+00 9.89474300e-01 9.23008100e-01 9.97267200e-01 1.00050300e+00 1.00392100e+00 9.87440900e-01 6.73101800e+01 6.86609400e-01 3.13390600e-01 1.41986600e-01 9.55714700e-02 8.08985400e-01 8.26843000e-01 4.52880600e-01 6.05288200e-01 9.86053100e-01 9.92713900e+01 2.44602000e+00 8.08258100e+00 2.10553300e+00 1.87207500e+00 1.22960700e+03 5.72905100e+03 2.52959700e+03 8.15055500e+02 2.30611200e+02 9.64266400e-01 2.44895900e-01 2.46220600e-01 2.55384100e+00 1.38297200e+01 1.08966200e+03 1.44849000e+02 1.04095100e+00 1.39150600e+01 1.06004700e+03 1.47483500e+02 1.40683700e-01 1.60480000e-01 3.39587400e+03 1.03366700e-02 8.14537400e-01 4.49952000e-01 7.25978700e+01 6.43967800e+02 8.27236300e+01 1.53535300e+03 8.94471000e+01 1.98860900e+03 9.50699800e+01 2.31376900e+03 2.35764100e+02 5.77693000e+03 4.57330500e-01 7.47358200e-01 4.75208700e-01 6.62267300e-01 4.73582600e-01 6.19685600e-01 4.68463500e-01 5.89590500e-01 2.97204300e-01 3.06317300e-01 2.69659900e+01 1.04871700e+02 3.07937800e+01 8.57847600e+00 3.97166800e+02 2.35674500e+01 1.15132100e+04 7.06806600e+02 6.26992200e-02 1.03858200e+00 5.22256400e+00 3.56359400e+00 1.19425200e+04 6.32384500e+00
4.22455400e-01 6.33262800e+03 2.25795900e-02 1.22234400e-01 1.04056800e+00 6.28799700e-02 3.16730800e+00 3.07285200e+00 9.69670300e-01 1.00318500e+00 2.37931200e+02 3.45509700e+01 1.06681500e+02 3.69313700e+01 1.31079600e+00 6.66781500e-01 5.80462600e-01 7.78006600e-01 8.12721800e+00 1.00325900e+00 7.30858200e-01 8.80549100e-01 6.48943200e-01 9.97686200e-01 1.00092400e+00 9.92582300e-01 9.82724800e-01 6.80389400e+01 6.85785800e-01 3.14214200e-01 1.45459100e-01 9.89688400e-02 8.26947100e-01 8.46311000e-01 4.63543600e-01 6.19133300e-01 1.00253400e+00 9.91181700e+01 2.47145200e+00 8.53729200e+00 2.16034400e+00 1.90504800e+00 1.23590700e+03 5.77182400e+03 2.55693000e+03 8.22434400e+02 2.32422700e+02 9.69670300e-01 2.47082900e-01 2.48415500e-01 2.58925800e+00 1.36711500e+01 1.08997000e+03 1.43105600e+02 1.04065900e+00 1.37514500e+01 1.06065800e+03 1.45678600e+02 1.42070800e-01 1.60803900e-01 3.40515700e+03 1.04771600e-02 8.13176500e-01 4.49158700e-01 7.34008500e+01 6.36979800e+02 8.36594100e+01 1.51850300e+03 9.04698400e+01 1.96666200e+03 9.61648800e+01 2.28813300e+03 2.38605300e+02 5.71078000e+03 4.67981500e-01 7.63868700e-01 4.86070900e-01 6.76806400e-01 4.84312200e-01 6.33251400e-01 4.79013900e-01 6.02473600e-01 3.03643300e-01 3.12931600e-01 2.74988000e+01 1.07443000e+02 3.20860000e+01 1.04587200e+01 3.98727300e+02 2.31953400e+01 1.15099700e+04 7.06833600e+02 7.92627600e-02 9.81866700e-01 5.64849500e+00 9.36545100e+00 1.19423500e+04 6.70962400e+00
6.30498700e-01 6.33520100e+03 2.26176400e-02 1.21847300e-01 1.04036200e+00 5.69552100e-02 3.13172000e+00 3.05602700e+00 9.69121600e-01 1.00094400e+00 2.01105900e+02 3.82403400e+01 1.15124200e+02 3.64926600e+01 8.11779100e+00 8.82296500e-01 7.26863800e-01 9.20134700e-01 3.00686300e-01 9.09995400e-01 6.31170800e-01 9.53967500e-01 8.50956300e-01 9.98445000e-01 1.00059900e+00 9.98330100e-01 9.93003200e-01 6.77240000e+01 6.83617400e-01 3.16382600e-01 1.45110100e-01 9.82743800e-02 8.19252200e-01 8.41323900e-01 4.60812100e-01 6.14427600e-01 9.95511600e-01 9.88166900e+01 2.45448600e+00 7.93304400e+00 2.12429900e+00 1.89559300e+00 1.22890100e+03 5.74885500e+03 2.54772700e+03 8.20653600e+02 2.32102700e+02 9.69121600e-01 2.46627300e-01 2.47958300e-01 2.57040000e+00 1.37083700e+01 1.08985200e+03 1.43348500e+02 1.04046400e+00 1.37773600e+01 1.06069600e+03 1.45910900e+02 1.41984100e-01 1.60599400e-01 3.41299800e+03 1.04765600e-02 8.11693000e-01 4.48350700e-01 7.30942900e+01 6.39809500e+02 8.33673700e+01 1.52472400e+03 9.01840700e+01 1.97437700e+03 9.58827800e+01 2.29683000e+03 2.38251500e+02 5.72655300e+03 4.65044400e-01 7.56543100e-01 4.82467300e-01 6.70077900e-01 4.80465400e-01 6.26857900e-01 4.75040400e-01 5.96330200e-01 3.00464400e-01 3.09559100e-01 2.30910200e+01 1.05022200e+02 2.84239600e+01 9.58146300e+00 3.96651200e+02 2.30328800e+01 1.15199900e+04 7.06910000e+02 1.18684600e-01 8.20176000e-01 6.52000300e+00 6.77305200e+00 1.19492600e+04 7.45886300e+00
8.02564700e-01 6.33387600e+03 2.27273200e-02 1.22322300e-01 1.04042200e+00 6.33976100e-02 3.21895500e+00 3.07041900e+00 9.74554200e-01 1.00254100e+00 2.74635200e+02 3.88992400e+01 9.24731900e+01 4.44450200e+01 1.98079300e+00 5.48373700e-01 8.52939600e-01 7.63368800e-01 5.64000900e+00 1.04079800e+00 1.14911200e+00 9.14123700e-01 8.12892700e-01 9.97343200e-01 1.00067600e+00 9.96171800e-01 9.96523500e-01 6.86798100e+01 6.91122900e-01 3.08877100e-01 1.45694700e-01 1.00062900e-01 8.25519800e-01 8.37644500e-01 4.58796800e-01 6.15423300e-01 9.96123000e-01 9.97505900e+01 2.45004100e+00 8.56170700e+00 2.15509200e+00 1.89845100e+00 1.22204500e+03 5.74993100e+03 2.54882400e+03 8.20855400e+02 2.32007400e+02 9.74554200e-01 2.47817300e-01 2.49152600e-01 2.58002800e+00 1.36090800e+01 1.08984300e+03 1.42722400e+02 1.04046200e+00 1.37172100e+01 1.06107700e+03 1.45240100e+02 1.42454800e-01 1.60770700e-01 3.38758300e+03 1.04585900e-02 8.16653300e-01 4.50860000e-01 7.40025000e+01 6.31420900e+02 8.42033000e+01 1.50651700e+03 9.09836000e+01 1.95196500e+03 9.66572900e+01 2.27171000e+03 2.38966400e+02 5.68426800e+03 4.63671900e-01 7.63088100e-01 4.82948700e-01 6.76704700e-01 4.81832300e-01 6.33400800e-01 4.76978000e-01 6.02766900e-01 3.04000200e-01 3.13540900e-01 2.90755700e+01 1.06594200e+02 3.10102500e+01 9.33107900e+00 3.98676200e+02 2.22409900e+01 1.15204000e+04 7.06677800e+02 2.35106400e-02 1.27934900e+00 4.43583200e+00 4.68922000e+00 1.19506500e+04 5.73869200e+00
3.73267500e-01 6.33705400e+03 2.26102300e-02 1.24215500e-01 1.04002400e+00 5.93802600e-02 3.24156500e+00 3.06649100e+00 9.69092000e-01 1.00231400e+00 2.06165000e+02 3.98558300e+01 9.59902400e+01 4.35250000e+01 5.48317800e+00 5.37866300e-01 9.37401200e-01 5.74695800e-01 5.37736400e+00 7.03124600e-01 1.04009200e+00 8.58502300e-01 8.00065500e-01 9.96443100e-01 9.99533100e-01 1.00085300e+00 9.88553700e-01 6.80499300e+01 6.81542900e-01 3.18457100e-01 1.47470900e-01 1.00353800e-01 8.27661000e-01 8.52741400e-01 4.67065700e-01 6.21749200e-01 1.00331800e+00 9.85230700e+01 2.47239800e+00 8.22906500e+00 2.14664500e+00 1.90626500e+00 1.23403600e+03 5.75378800e+03 2.54754300e+03 8.17763800e+02 2.30644800e+02 9.69092000e-01 2.48067000e-01 2.49403200e-01 2.60896800e+00 1.36174700e+01 1.09017000e+03 1.42231400e+02 1.04005800e+00 1.36753300e+01 1.06092500e+03 1.44780600e+02 1.42780600e-01 1.60895000e-01 3.41893100e+03 1.05709800e-02 8.10444400e-01 4.47699200e-01 7.34812900e+01 6.36587800e+02 8.38629400e+01 1.51655600e+03 9.07484900e+01 1.96348200e+03 9.65032600e+01 2.28389500e+03 2.40118900e+02 5.68879100e+03 4.71144000e-01 7.64099400e-01 4.88267900e-01 6.76542400e-01 4.85997800e-01 6.32811000e-01 4.80349700e-01 6.01935000e-01 3.03192500e-01 3.12289100e-01 3.11564400e+01 1.05933500e+02 3.05040300e+01 1.05497700e+01 3.97472900e+02 2.32187000e+01 1.15169900e+04 7.06990200e+02 1.63907100e-01 6.71532900e-01 7.50101600e+00 1.05499100e+01 1.19482300e+04 8.33645600e+00
7.69542500e-01 6.32950900e+03 2.23750600e-02 1.20197200e-01 1.04079700e+00 5.11031100e-02 3.06785600e+00 3.02978000e+00 9.70560200e-01 9.96546400e-01 1.99809400e+02 4.13325100e+01 1.20323300e+02 2.98944200e+01 3.10554900e+00 6.07891700e-01 5.93097500e-01 4.45988700e-01 1.52802200e+00 1.03107300e+00 1.00272600e+00 1.01647200e+00 9.14711800e-01 9.96382600e-01 1.00046400e+00 9.96226100e-01 9.89296400e-01 6.75006100e+01 6.85673900e-01 3.14326100e-01 1.43217400e-01 9.66726200e-02 8.06908100e-01 8.25949800e-01 4.52391400e-01 6.04184000e-01 9.82132900e-01 9.91753700e+01 2.41520900e+00 7.35626200e+00 2.06926700e+00 1.86822400e+00 1.20631300e+03 5.66003900e+03 2.52191600e+03 8.13549100e+02 2.29897600e+02 9.70560200e-01 2.45689600e-01 2.47017200e-01 2.59209700e+00 1.37786900e+01 1.08995300e+03 1.44267600e+02 1.04096800e+00 1.38589900e+01 1.05997100e+03 1.46925100e+02 1.40963900e-01 1.60809000e-01 3.39707000e+03 1.03834000e-02 8.14152100e-01 4.49822400e-01 7.28230600e+01 6.42041000e+02 8.30034800e+01 1.53054500e+03 8.97619000e+01 1.98224100e+03 9.54133600e+01 2.30624600e+03 2.36756500e+02 5.75571200e+03 4.56717400e-01 7.45350600e-01 4.74348700e-01 6.60391000e-01 4.72622000e-01 6.17889600e-01 4.67444900e-01 5.87856700e-01 2.96286900e-01 3.05338700e-01 2.67734100e+01 1.03488400e+02 2.84376000e+01 9.25554000e+00 3.95749400e+02 2.22465700e+01 1.15117200e+04 7.06837400e+02 7.18965800e-02 9.81866700e-01 5.38529400e+00 6.77059000e+00 1.19389700e+04 6.43905800e+00
6.70977200e-01 6.33608900e+03 2.21323700e-02 1.16705700e-01 1.04122700e+00 4.90646300e-02 2.84298200e+00 3.01534100e+00 9.64401400e-01 9.96181400e-01 2.15335800e+02 3.37973100e+01 1.10710000e+02 3.26308800e+01 5.53207800e+00 6.91557100e-01 2.69321500e-01 3.34816600e-01 2.22839600e+00 6.91269600e-01 6.20014200e-01 1.08216400e+00 1.13764200e+00 9.99181900e-01 1.00178500e+00 9.87094800e-01 9.83074000e-01 6.60467500e+01 6.80243700e-01 3.19756300e-01 1.39483200e-01 9.21241500e-02 7.95727400e-01 8.21510700e-01 4.49959900e-01 5.98369000e-01 9.79126000e-01 9.85998500e+01 2.41547200e+00 7.11212200e+00 2.03960400e+00 1.84896600e+00 1.20853900e+03 5.63883600e+03 2.51689700e+03 8.14610800e+02 2.31015600e+02 9.64401400e-01 2.42539200e-01 2.43855300e-01 2.55962200e+00 1.40142800e+01 1.08973000e+03 1.46516500e+02 1.04156900e+00 1.40669100e+01 1.05897900e+03 1.49288000e+02 1.39183200e-01 1.60459100e-01 3.41076200e+03 1.02671500e-02 8.11200600e-01 4.48465000e-01 7.13400300e+01 6.55789900e+02 8.14519000e+01 1.56198700e+03 8.81565800e+01 2.02209700e+03 9.37592900e+01 2.35190900e+03 2.33487100e+02 5.85468700e+03 4.53811600e-01 7.34502300e-01 4.69999500e-01 6.50212800e-01 4.67673800e-01 6.08133300e-01 4.62146700e-01 5.78431100e-01 2.91360400e-01 3.00019600e-01 2.50551200e+01 1.03759500e+02 2.75191800e+01 9.32329700e+00 3.95723600e+02 2.26665700e+01 1.15184700e+04 7.07043700e+02 1.47707700e-01 7.19420900e-01 6.74538400e+00 1.13415200e+01 1.19461800e+04 7.61251200e+00
9.55817300e-01 6.33300100e+03 2.22561800e-02 1.19220900e-01 1.04080000e+00 6.50028100e-02 3.03415400e+00 3.05582100e+00 9.68785600e-01 9.99102900e-01 2.34419200e+02 2.33269300e+01 8.33736100e+01 4.28595800e+01 3.69829500e+00 3.15863600e-01 9.97922900e-01 1.92579800e-01 7.74128600e+00 6.86031300e-01 9.86512900e-01 1.04587400e+00 8.87098800e-01 9.95146100e-01 1.00291900e+00 9.94629700e-01 9.91886400e-01 6.73541300e+01 6.86719300e-01 3.13280700e-01 1.42122300e-01 9.57252100e-02 8.15155500e-01 8.33003200e-01 4.56254700e-01 6.09851200e-01 9.93249500e-01 9.93379600e+01 2.44758700e+00 8.75396700e+00 2.12386100e+00 1.86494200e+00 1.21382300e+03 5.66422700e+03 2.51989000e+03 8.12013200e+02 2.29546000e+02 9.68785600e-01 2.45190300e-01 2.46516100e-01 2.60301300e+00 1.38216000e+01 1.08998500e+03 1.44779100e+02 1.04100500e+00 1.39076300e+01 1.05958900e+03 1.47486100e+02 1.40411700e-01 1.60876900e-01 3.38624800e+03 1.03269700e-02 8.15738600e-01 4.50738600e-01 7.26480300e+01 6.43512000e+02 8.27767300e+01 1.53430300e+03 8.95024000e+01 1.98727400e+03 9.51272300e+01 2.31223600e+03 2.35881800e+02 5.77352700e+03 4.60717800e-01 7.53073700e-01 4.78767300e-01 6.67348900e-01 4.77147200e-01 6.24447400e-01 4.72001400e-01 5.94125300e-01 2.99495800e-01 3.08686300e-01 2.69186400e+01 1.05629100e+02 2.96796400e+01 8.85632700e+00 3.99640100e+02 2.25795200e+01 1.15088400e+04 7.06803100e+02 5.48950000e-02 1.09677200e+00 4.97847300e+00 1.31480200e+01 1.19399200e+04 6.13014000e+00
1.04559800e+00 6.33198500e+03 2.24544000e-02 1.18349100e-01 1.04084400e+00 6.28748800e-02 3.04650700e+00 3.04965100e+00 9.70769200e-01 9.96972800e-01 2.31191200e+02 2.81018300e+01 8.29188400e+01 4.20193200e+01 2.29452100e+00 7.02870500e-01 4.06383500e-01 9.50523700e-01 8.94866700e+00 1.20171400e+00 8.41247300e-01 9.51891400e-01 1.14364900e+00 9.99593000e-01 1.00266900e+00 9.92840600e-01 9.96711200e-01 6.79876700e+01 6.93988000e-01 3.06012000e-01 1.41448700e-01 9.61676500e-02 8.09117900e-01 8.17185000e-01 4.47590700e-01 6.01792000e-01 9.81288500e-01 1.00236200e+02 2.42375600e+00 8.48236100e+00 2.11079800e+00 1.86137700e+00 1.21044000e+03 5.68430600e+03 2.51928200e+03 8.12723100e+02 2.29858800e+02 9.70769200e-01 2.45434700e-01 2.46761400e-01 2.57017600e+00 1.37837300e+01 1.08967200e+03 1.44791700e+02 1.04101800e+00 1.39086600e+01 1.06000900e+03 1.47433000e+02 1.40570000e-01 1.60683800e-01 3.36453100e+03 1.02692800e-02 8.20260500e-01 4.52950900e-01 7.32084500e+01 6.38063100e+02 8.32242300e+01 1.52305300e+03 8.98859100e+01 1.97384200e+03 9.54624000e+01 2.29754100e+03 2.35549400e+02 5.75687800e+03 4.52625600e-01 7.48215500e-01 4.72163300e-01 6.63835000e-01 4.71409100e-01 6.21488000e-01 4.66883400e-01 5.91513200e-01 2.98466500e-01 3.07947600e-01 2.54191500e+01 1.03867700e+02 2.90941000e+01 8.86646800e+00 3.98405000e+02 2.24902200e+01 1.15155400e+04 7.06613400e+02 2.72213600e-03 1.60798500e+00 3.69595400e+00 6.74604700e+00 1.19453000e+04 5.30666100e+00
9.87034300e-01 6.33495300e+03 2.22828000e-02 1.20159100e-01 1.04013700e+00 6.22230500e-02 3.19021300e+00 3.05225600e+00 9.72690600e-01 9.96385100e-01 2.37711100e+02 4.60641600e+01 1.12821600e+02 3.77778000e+01 2.33225600e+00 5.82699200e-01 8.93329500e-01 5.91010300e-01 4.85822000e+00 1.25928300e+00 1.00679500e+00 9.06840400e-01 6.92727700e-01 9.96147900e-01 9.99503400e-01 9.98225900e-01 9.97646400e-01 6.86358600e+01 6.96262700e-01 3.03737300e-01 1.43087000e-01 9.82090200e-02 8.12665100e-01 8.17711400e-01 4.47879000e-01 6.03303900e-01 9.80925600e-01 1.00502300e+02 2.41940100e+00 8.51287800e+00 2.11630300e+00 1.86866500e+00 1.20872000e+03 5.67598300e+03 2.51531400e+03 8.07303800e+02 2.26985600e+02 9.72690600e-01 2.47272200e-01 2.48605500e-01 2.65213100e+00 1.36819800e+01 1.09018400e+03 1.43742400e+02 1.04023400e+00 1.38182700e+01 1.05985600e+03 1.46428200e+02 1.40950600e-01 1.61298000e-01 3.33925800e+03 1.02899900e-02 8.23963500e-01 4.54998400e-01 7.38698100e+01 6.32186500e+02 8.39148300e+01 1.50957400e+03 9.05994900e+01 1.95673400e+03 9.61968700e+01 2.27792300e+03 2.36984900e+02 5.71411400e+03 4.53095900e-01 7.51724500e-01 4.73229800e-01 6.67200500e-01 4.72743900e-01 6.24743600e-01 4.68384400e-01 5.94676800e-01 3.00141500e-01 3.09790100e-01 3.14565800e+01 1.08478800e+02 3.34932300e+01 9.02321200e+00 3.98288600e+02 2.24173700e+01 1.15181000e+04 7.06571900e+02 4.52830900e-06 1.74777200e+00 3.52648500e+00 1.02351700e+01 1.19478200e+04 5.27426100e+00
1.08292500e+00 6.33040400e+03 2.25060200e-02 1.19400400e-01 1.04053000e+00 6.22066200e-02 3.08913700e+00 3.05429100e+00 9.72611200e-01 9.98293600e-01 2.37847000e+02 4.31012300e+01 1.01141400e+02 3.91704400e+01 4.50899900e+00 5.46863800e-01 8.60847600e-01 4.96638000e-01 2.25095300e+00 8.68030900e-01 1.06983200e+00 1.09366800e+00 1.15855400e+00 9.97426300e-01 1.00216000e+00 9.97380000e-01 9.87990600e-01 6.80499300e+01 6.92166000e-01 3.07834000e-01 1.42551500e-01 9.70062100e-02 8.13369000e-01 8.23920400e-01 4.51279800e-01 6.05852300e-01 9.85992800e-01 9.99535200e+01 2.42924400e+00 8.43048100e+00 2.12061400e+00 1.87253400e+00 1.21144100e+03 5.69841000e+03 2.52953300e+03 8.16058300e+02 2.30815600e+02 9.72611200e-01 2.46021900e-01 2.47350700e-01 2.57563200e+00 1.37480900e+01 1.08973900e+03 1.44267000e+02 1.04067600e+00 1.38628200e+01 1.06023800e+03 1.46882600e+02 1.41025500e-01 1.60694400e-01 3.37159300e+03 1.03202200e-02 8.18909900e-01 4.52201300e-01 7.33066300e+01 6.37339400e+02 8.33838800e+01 1.52088900e+03 9.00836700e+01 1.97075100e+03 9.56907400e+01 2.29370800e+03 2.36407900e+02 5.74221100e+03 4.56183800e-01 7.51963600e-01 4.75415600e-01 6.66958600e-01 4.74441200e-01 6.24328300e-01 4.69744100e-01 5.94164300e-01 2.99724400e-01 3.09166900e-01 2.95366800e+01 1.05930800e+02 3.06805200e+01 8.75689100e+00 3.98178200e+02 2.22854700e+01 1.15143900e+04 7.06652800e+02 1.22181000e-02 1.40705700e+00 4.05384700e+00 5.07111100e+00 1.19436100e+04 5.47312200e+00
6.55804800e-01 6.32776000e+03 2.23716500e-02 1.20467500e-01 1.04049400e+00 4.99891000e-02 3.14770900e+00 3.03028800e+00 9.72696400e-01 9.97304000e-01 2.34901400e+02 3.86301400e+01 9.23363500e+01 3.93911800e+01 8.35702100e-01 4.80472600e-01 7.02236800e-01 6.77226100e-01 7.72174000e+00 1.08275000e+00 8.75704400e-01 9.52932300e-01 8.29724900e-01 9.97685800e-01 1.00136200e+00 1.00037200e+00 9.97392700e-01 6.82293700e+01 6.91779300e-01 3.08220700e-01 1.43484300e-01 9.78984600e-02 8.06058900e-01 8.17028100e-01 4.47504800e-01 6.00595700e-01 9.75845500e-01 9.99288200e+01 2.40145600e+00 7.25250200e+00 2.07031900e+00 1.87334300e+00 1.20619000e+03 5.67883700e+03 2.52461700e+03 8.12602000e+02 2.28953200e+02 9.72696400e-01 2.46747600e-01 2.48079000e-01 2.62034400e+00 1.37069800e+01 1.09005900e+03 1.43805500e+02 1.04061500e+00 1.38192800e+01 1.06004700e+03 1.46460100e+02 1.41148800e-01 1.61059900e-01 3.36742900e+03 1.03476900e-02 8.19309400e-01 4.52511100e-01 7.35074600e+01 6.35625100e+02 8.36223100e+01 1.51670800e+03 9.03465200e+01 1.96527400e+03 9.59737500e+01 2.28728500e+03 2.37168400e+02 5.72508700e+03 4.52321100e-01 7.45167200e-01 4.71294900e-01 6.60888200e-01 4.70284400e-01 6.18628200e-01 4.65598900e-01 5.88728600e-01 2.96959500e-01 3.06303100e-01 2.98814600e+01 1.04461100e+02 3.04777600e+01 9.75092400e+00 3.95747000e+02 2.20304800e+01 1.15115100e+04 7.06661900e+02 1.31685500e-02 1.40705700e+00 4.05425000e+00 4.34192900e+00 1.19390400e+04 5.47447600e+00
5.60193200e-01 6.32929600e+03 2.23152300e-02 1.17411200e-01 1.04091100e+00 5.35464600e-02 2.95274000e+00 3.02661200e+00 9.62317000e-01 9.97541800e-01 2.43211000e+02 4.67910000e+01 1.00918800e+02 4.05516000e+01 5.10662500e+00 6.15668200e-01 6.61259100e-01 2.63763500e-01 3.58348700e+00 7.62243900e-01 9.27882100e-01 1.01789400e+00 1.07124400e+00 9.98458500e-01 1.00077600e+00 9.94951300e-01 9.93168900e-01 6.71270800e+01 6.88481500e-01 3.11518500e-01 1.40371600e-01 9.42273600e-02 7.97620000e-01 8.12788100e-01 4.45182400e-01 5.95891200e-01 9.73525100e-01 9.95616900e+01 2.42044800e+00 7.56378200e+00 2.06272300e+00 1.85323800e+00 1.22181500e+03 5.69054500e+03 2.51129200e+03 8.08958800e+02 2.28584400e+02 9.62317000e-01 2.44116500e-01 2.45438300e-01 2.56347400e+00 1.38906100e+01 1.08966900e+03 1.45620500e+02 1.04115600e+00 1.39864300e+01 1.05955100e+03 1.48318200e+02 1.39897400e-01 1.60558500e-01 3.38135900e+03 1.02554700e-02 8.16797700e-01 4.51247800e-01 7.23722800e+01 6.45836900e+02 8.24172700e+01 1.54026900e+03 8.90899900e+01 1.99527700e+03 9.46717700e+01 2.32177200e+03 2.34477800e+02 5.80215700e+03 4.49713900e-01 7.37044800e-01 4.67762100e-01 6.53332500e-01 4.66379300e-01 6.11410100e-01 4.61481800e-01 5.81769600e-01 2.93344700e-01 3.02416000e-01 3.37628500e+01 1.06850400e+02 3.40573700e+01 9.97880300e+00 3.95940400e+02 2.33979800e+01 1.15125800e+04 7.06749200e+02 3.58219000e-02 1.21731700e+00 4.55528000e+00 4.13463900e+00 1.19419000e+04 5.80842000e+00
9.03942000e-01 6.33080200e+03 2.21735700e-02 1.20621500e-01 1.04056500e+00 6.31542600e-02 3.11040100e+00 3.05622000e+00 9.67570800e-01 9.98702900e-01 2.31534500e+02 3.65545000e+01 9.40958300e+01 4.23169400e+01 1.62139600e+00 4.23147000e-01 7.86127600e-01 2.70528100e-02 8.14822700e+00 8.98678800e-01 6.51421400e-01 8.43880100e-01 6.22672900e-01 9.97142100e-01 1.00064100e+00 9.95943300e-01 9.95537600e-01 6.76031500e+01 6.86139300e-01 3.13860700e-01 1.43440200e-01 9.69700900e-02 8.17483600e-01 8.36155200e-01 4.57981100e-01 6.11875800e-01 9.94249900e-01 9.92570000e+01 2.45227500e+00 8.62884500e+00 2.12470900e+00 1.87259700e+00 1.21954300e+03 5.67366800e+03 2.51996700e+03 8.09124500e+02 2.27939000e+02 9.67570800e-01 2.46173700e-01 2.47503100e-01 2.64549400e+00 1.37639400e+01 1.09028700e+03 1.44100800e+02 1.04072200e+00 1.38462200e+01 1.05958900e+03 1.46823000e+02 1.40749600e-01 1.61202300e-01 3.38310900e+03 1.03701400e-02 8.15944600e-01 4.50904000e-01 7.29215800e+01 6.41143300e+02 8.31048000e+01 1.52850500e+03 8.98657100e+01 1.97966600e+03 9.55195700e+01 2.30330300e+03 2.36953900e+02 5.74951200e+03 4.62430500e-01 7.55160800e-01 4.80388000e-01 6.69128500e-01 4.78688300e-01 6.26083500e-01 4.73477000e-01 5.95663900e-01 3.00237100e-01 3.09428700e-01 3.10922400e+01 1.06217500e+02 3.19904900e+01 8.94908200e+00 3.98968300e+02 2.30364900e+01 1.15074100e+04 7.06821900e+02 6.37546400e-02 1.03858200e+00 5.18137900e+00 1.01393000e+01 1.19383600e+04 6.28371600e+00
6.39615200e-01 6.33072700e+03 2.22032500e-02 1.21481400e-01 1.04050700e+00 6.51594900e-02 3.13502400e+00 3.06848800e+00 9.64462100e-01 1.00117000e+00 2.35428700e+02 5.06314500e+01 1.14513100e+02 4.06204500e+01 5.90052900e+00 8.54092800e-01 5.09958700e-01 6.81632800e-01 2.25911600e+00 1.24430400e+00 1.16530800e+00 9.42014100e-01 1.11354000e+00 9.97568000e-01 1.00018500e+00 9.92609700e-01 9.97415500e-01 6.75921600e+01 6.84090100e-01 3.15909900e-01 1.44329800e-01 9.75556000e-02 8.23456200e-01 8.45009200e-01 4.62830600e-01 6.17349800e-01 1.00159500e+00 9.89840500e+01 2.47770200e+00 8.83636500e+00 2.15093500e+00 1.88812300e+00 1.23721100e+03 5.72562900e+03 2.53366600e+03 8.11760300e+02 2.28531800e+02 9.64462100e-01 2.46512500e-01 2.47843100e-01 2.64835800e+00 1.37408700e+01 1.09034800e+03 1.43737400e+02 1.04064700e+00 1.38123100e+01 1.05974200e+03 1.46443100e+02 1.41081300e-01 1.61218300e-01 3.39306800e+03 1.04176900e-02 8.14215100e-01 4.49977700e-01 7.29443100e+01 6.41090900e+02 8.31839800e+01 1.52789100e+03 8.99792500e+01 1.97855200e+03 9.56603700e+01 2.30174600e+03 2.37624900e+02 5.74008600e+03 4.67128900e-01 7.60473200e-01 4.84750300e-01 6.73611500e-01 4.82794700e-01 6.30185400e-01 4.77380300e-01 5.99509200e-01 3.02090000e-01 3.11251900e-01 3.28929500e+01 1.10218100e+02 3.67637600e+01 9.57002100e+00 4.00130000e+02 2.39962900e+01 1.15090600e+04 7.06892800e+02 9.50186100e-02 8.72797100e-01 5.85632400e+00 4.97875100e+00 1.19427600e+04 6.82414000e+00
8.87111300e-01 6.32985500e+03 2.20857500e-02 1.20068000e-01 1.04019000e+00 5.60799900e-02 3.09950100e+00 3.04442600e+00 9.68043800e-01 1.00037700e+00 2.50459600e+02 3.36568600e+01 9.00867700e+01 5.07719600e+01 4.51678800e+00 6.45787400e-01 6.32365400e-01 7.87507300e-02 4.76021100e+00 9.07862200e-01 8.21740300e-01 7.06594300e-01 7.26523300e-01 9.97880300e-01 9.99211500e-01 9.98221600e-01 9.96827300e-01 6.74713100e+01 6.86320200e-01 3.13679800e-01 1.42798900e-01 9.63482900e-02 8.11342400e-01 8.29634500e-01 4.54409500e-01 6.07191700e-01 9.87744400e-01 9.92652100e+01 2.43499200e+00 7.93304400e+00 2.09979800e+00 1.87701200e+00 1.21901300e+03 5.68721200e+03 2.52869000e+03 8.11932800e+02 2.28511600e+02 9.68043800e-01 2.45991300e-01 2.47320000e-01 2.65861100e+00 1.37926300e+01 1.09034000e+03 1.44363700e+02 1.04037400e+00 1.38761400e+01 1.05932200e+03 1.47122100e+02 1.40407900e-01 1.61246300e-01 3.37280500e+03 1.03310700e-02 8.17264800e-01 4.51650600e-01 7.27809500e+01 6.42365700e+02 8.29386300e+01 1.53147400e+03 8.96829300e+01 1.98354700e+03 9.53230600e+01 2.30784700e+03 2.36430800e+02 5.76147200e+03 4.58814500e-01 7.49510900e-01 4.76688700e-01 6.64147600e-01 4.75028700e-01 6.21433600e-01 4.69874800e-01 5.91246500e-01 2.98022800e-01 3.07155200e-01 3.01409200e+01 1.06540900e+02 3.32902800e+01 8.99259400e+00 3.96500000e+02 2.26379300e+01 1.15114400e+04 7.06816000e+02 6.22954800e-02 1.03858200e+00 5.16868500e+00 7.05032900e+00 1.19395700e+04 6.26956300e+00
9.59980600e-01 6.32872500e+03 2.22797800e-02 1.19214800e-01 1.04086500e+00 5.81873200e-02 2.99735500e+00 3.04755900e+00 9.63480500e-01 1.00047900e+00 2.43683900e+02 4.68178900e+01 1.08749000e+02 3.77578400e+01 4.16114100e+00 6.59930300e-01 7.81610300e-01 9.75372100e-01 2.28955600e+00 1.17795900e+00 1.03810600e+00 1.06155600e+00 1.17240200e+00 9.99080400e-01 1.00179800e+00 9.92336700e-01 9.85750700e-01 6.69696000e+01 6.83072400e-01 3.16927600e-01 1.42139700e-01 9.51904200e-02 8.11211400e-01 8.33783700e-01 4.56682200e-01 6.08659000e-01 9.91277300e-01 9.88783000e+01 2.45408300e+00 8.07342500e+00 2.10638700e+00 1.87498300e+00 1.23059100e+03 5.71546800e+03 2.53218700e+03 8.15184800e+02 2.30432800e+02 9.63480500e-01 2.44705100e-01 2.46029100e-01 2.58569800e+00 1.38558400e+01 1.08991600e+03 1.44948100e+02 1.04109100e+00 1.39227100e+01 1.05962800e+03 1.47646500e+02 1.40400700e-01 1.60715100e-01 3.40351100e+03 1.03538900e-02 8.12736100e-01 4.49153400e-01 7.22911300e+01 6.46955900e+02 8.24648300e+01 1.54162800e+03 8.92148000e+01 1.99618400e+03 9.48573400e+01 2.32213200e+03 2.35784700e+02 5.78821400e+03 4.60830000e-01 7.49069300e-01 4.77967900e-01 6.63406300e-01 4.75926100e-01 6.20595500e-01 4.70514000e-01 5.90359900e-01 2.97457100e-01 3.06427300e-01 2.82970000e+01 1.07372700e+02 3.05740900e+01 8.72027200e+00 3.97089300e+02 2.35620600e+01 1.15106700e+04 7.06930400e+02 1.08071500e-01 8.72797100e-01 6.08631800e+00 3.41024300e+00 1.19400400e+04 7.06718700e+00
7.33250500e-01 6.33604400e+03 2.24369800e-02 1.21100300e-01 1.04132100e+00 5.36720200e-02 3.17607600e+00 3.04202200e+00 9.73350100e-01 9.98998800e-01 2.72504300e+02 3.66477100e+01 1.02227800e+02 3.83842000e+01 2.39681300e+00 7.96681800e-01 3.57685200e-01 6.07742100e-01 7.95144800e+00 6.84240500e-01 1.00524900e+00 9.16431800e-01 8.96145800e-01 9.99411600e-01 1.00038800e+00 1.00415100e+00 9.92740500e-01 6.86688200e+01 6.94231300e-01 3.05768700e-01 1.44182400e-01 9.90083500e-02 8.12748000e-01 8.20524900e-01 4.49420000e-01 6.04371800e-01 9.80790200e-01 1.00313200e+02 2.41297300e+00 7.63702400e+00 2.09475600e+00 1.88154500e+00 1.21134900e+03 5.69796200e+03 2.53257500e+03 8.14930200e+02 2.29690600e+02 9.73350100e-01 2.47145700e-01 2.48478500e-01 2.61792600e+00 1.36498300e+01 1.09005700e+03 1.43456300e+02 1.04141500e+00 1.37751300e+01 1.06027600e+03 1.46082600e+02 1.41491100e-01 1.61185100e-01 3.37122200e+03 1.03787800e-02 8.19472700e-01 4.52567700e-01 7.39401500e+01 6.31729900e+02 8.40489300e+01 1.50800000e+03 9.07728800e+01 1.95437500e+03 9.64016800e+01 2.27491500e+03 2.37823400e+02 5.70092300e+03 4.54466100e-01 7.51596400e-01 4.74147400e-01 6.66860400e-01 4.73419800e-01 6.24330700e-01 4.68894400e-01 5.94225100e-01 2.99825000e-01 3.09372900e-01 3.01126800e+01 1.07390300e+02 3.46555900e+01 9.58102900e+00 3.95915100e+02 2.21058300e+01 1.15287000e+04 7.06608500e+02 1.21435300e-03 1.60798500e+00 3.58735000e+00 3.97781800e+00 1.19563000e+04 5.19654900e+00
8.44808600e-01 6.33374800e+03 2.23970900e-02 1.19714300e-01 1.04162600e+00 5.31647600e-02 3.06090700e+00 3.04390800e+00 9.68467800e-01 1.00309300e+00 2.91937400e+02 2.96306700e+01 1.00007400e+02 3.99502700e+01 2.97603300e+00 6.44985300e-01 2.76353900e-01 2.40342100e-02 6.37734600e+00 8.96159700e-01 1.24330000e+00 9.00260700e-01 1.10024200e+00 9.97625500e-01 1.00007800e+00 1.00288300e+00 9.94446800e-01 6.78851300e+01 6.90224800e-01 3.09775200e-01 1.42756500e-01 9.69104400e-02 8.11260100e-01 8.24371100e-01 4.51526700e-01 6.05231800e-01 9.84629300e-01 9.98320700e+01 2.43054000e+00 7.55767800e+00 2.09871000e+00 1.88701000e+00 1.22657200e+03 5.73988000e+03 2.54748000e+03 8.20785200e+02 2.31934700e+02 9.68467800e-01 2.45605400e-01 2.46932700e-01 2.58559000e+00 1.37568600e+01 1.08987500e+03 1.44409900e+02 1.04180300e+00 1.38615400e+01 1.06000900e+03 1.47060300e+02 1.40861300e-01 1.60896600e-01 3.38923800e+03 1.03546600e-02 8.16262500e-01 4.50927300e-01 7.31643500e+01 6.38716700e+02 8.32724400e+01 1.52371600e+03 8.99897900e+01 1.97411200e+03 9.56101800e+01 2.29737400e+03 2.36516900e+02 5.74608800e+03 4.56240300e-01 7.49823300e-01 4.74993600e-01 6.64850500e-01 4.73795600e-01 6.22267800e-01 4.68956500e-01 5.92149400e-01 2.98630900e-01 3.07953800e-01 2.93627500e+01 1.06103900e+02 3.15019700e+01 9.20551600e+00 3.95872000e+02 2.25928300e+01 1.15221200e+04 7.06700800e+02 1.74052700e-02 1.34256300e+00 4.05830500e+00 5.58791000e+00 1.19497900e+04 5.41827400e+00
9.64007500e-01 6.33361400e+03 2.22566500e-02 1.18432500e-01 1.04166700e+00 5.47059000e-02 2.94963400e+00 3.04190500e+00 9.63308500e-01 1.00186300e+00 2.39096600e+02 4.35126300e+01 9.44349600e+01 3.84017900e+01 9.50547900e-01 5.47302800e-01 5.09590500e-01 2.02180500e-01 6.35718200e+00 9.19211800e-01 6.75903700e-01 1.02955200e+00 8.83541300e-01 9.96197200e-01 1.00273100e+00 9.95764300e-01 9.81987200e-01 6.69366500e+01 6.84557900e-01 3.15442100e-01 1.41334300e-01 9.46044400e-02 8.08440400e-01 8.28986100e-01 4.54054400e-01 6.05867900e-01 9.88134500e-01 9.91503800e+01 2.44615300e+00 7.71026600e+00 2.09451000e+00 1.87743800e+00 1.23237400e+03 5.72817400e+03 2.54156600e+03 8.19373700e+02 2.31885100e+02 9.63308500e-01 2.44049700e-01 2.45371300e-01 2.57349000e+00 1.38811600e+01 1.08982900e+03 1.45412500e+02 1.04192800e+00 1.39560900e+01 1.05947500e+03 1.48125700e+02 1.40066600e-01 1.60713100e-01 3.40610200e+03 1.03283000e-02 8.12800500e-01 4.49222100e-01 7.22304000e+01 6.47392200e+02 8.23574500e+01 1.54302500e+03 8.90786900e+01 1.99822500e+03 9.46982700e+01 2.32469600e+03 2.35159800e+02 5.79863300e+03 4.58322800e-01 7.46655900e-01 4.75734400e-01 6.61427600e-01 4.73872200e-01 6.18810200e-01 4.68595400e-01 5.88702200e-01 2.96683400e-01 3.05690200e-01 3.12542800e+01 1.04733000e+02 3.19007500e+01 8.76636300e+00 3.96173500e+02 2.34117800e+01 1.15153500e+04 7.06876000e+02 7.39066200e-02 9.81866700e-01 5.26100600e+00 1.03339500e+01 1.19437000e+04 6.31677900e+00
4.60088300e-01 6.33362500e+03 2.21993300e-02 1.17429700e-01 1.04138500e+00 4.57100100e-02 2.89741700e+00 3.01038200e+00 9.64030400e-01 9.96341700e-01 2.37234900e+02 3.97402600e+01 1.22569100e+02 2.45951400e+01 3.32566600e+00 7.36886200e-01 1.43475700e-01 5.72453600e-01 5.12424200e+00 5.97687200e-01 9.53872700e-01 1.11145900e+00 1.09652700e+00 9.96027500e-01 9.99432700e-01 9.92233600e-01 9.89482800e-01 6.65374800e+01 6.83156300e-01 3.16843700e-01 1.40274200e-01 9.33349000e-02 7.94318300e-01 8.16312500e-01 4.47112800e-01 5.95944500e-01 9.73781200e-01 9.89605500e+01 2.40685600e+00 6.76116900e+00 2.02951500e+00 1.85220500e+00 1.21148100e+03 5.65301300e+03 2.51549700e+03 8.12724800e+02 2.30053900e+02 9.64030400e-01 2.43314100e-01 2.44633000e-01 2.56611900e+00 1.39471100e+01 1.08976200e+03 1.45989200e+02 1.04168100e+00 1.40147800e+01 1.05924600e+03 1.48729000e+02 1.39597200e-01 1.60578400e-01 3.40461400e+03 1.02870700e-02 8.12641400e-01 4.49173400e-01 7.18210500e+01 6.51185900e+02 8.19270300e+01 1.55172300e+03 8.86321600e+01 2.00926500e+03 9.42372600e+01 2.33735600e+03 2.34233800e+02 5.82633000e+03 4.51206100e-01 7.33477900e-01 4.68002800e-01 6.49606700e-01 4.66011400e-01 6.07690400e-01 4.60717300e-01 5.78086100e-01 2.91287300e-01 3.00067600e-01 2.85704500e+01 1.04706500e+02 3.19991000e+01 1.01944400e+01 3.95990600e+02 2.27930800e+01 1.15132900e+04 7.06927200e+02 9.69302000e-02 8.72797100e-01 5.74931400e+00 1.13366600e+01 1.19422700e+04 6.71904100e+00
2.62454800e-01 6.33290300e+03 2.21529000e-02 1.18038600e-01 1.04064900e+00 4.87696600e-02 3.06872400e+00 3.02247300e+00 9.67911800e-01 9.98452500e-01 2.51082300e+02 5.90662100e+01 1.14724300e+02 3.58473400e+01 6.42267400e+00 7.12804100e-01 7.46069900e-01 9.63035300e-01 8.96650600e-01 1.05263700e+00 1.10741400e+00 1.06896300e+00 1.27362600e+00 9.97177600e-01 9.99316900e-01 1.00402400e+00 9.94734000e-01 6.80426000e+01 6.95803900e-01 3.04196100e-01 1.40836600e-01 9.58288800e-02 7.96731100e-01 8.02283700e-01 4.39428900e-01 5.91698100e-01 9.65875800e-01 1.00525700e+02 2.39236300e+00 7.12432900e+00 2.05420300e+00 1.86329900e+00 1.21413800e+03 5.69325900e+03 2.51970100e+03 8.09501800e+02 2.27650900e+02 9.67911800e-01 2.45610200e-01 2.46937500e-01 2.63489600e+00 1.37952300e+01 1.09004600e+03 1.44992400e+02 1.04084600e+00 1.39302400e+01 1.05932200e+03 1.47739300e+02 1.39930200e-01 1.61168300e-01 3.33993700e+03 1.02094300e-02 8.23790900e-01 4.55017200e-01 7.32411200e+01 6.37644700e+02 8.32122700e+01 1.52250200e+03 8.98471000e+01 1.97342100e+03 9.54024400e+01 2.29729200e+03 2.35099500e+02 5.76146500e+03 4.44506700e-01 7.36944200e-01 4.64152600e-01 6.54037100e-01 4.63626200e-01 6.12399500e-01 4.59317800e-01 5.82915400e-01 2.94202800e-01 3.03632700e-01 3.34992700e+01 1.07087200e+02 3.26289800e+01 1.16648000e+01 3.95742500e+02 2.24811200e+01 1.15188800e+04 7.06579600e+02 8.43855500e-05 1.74777200e+00 3.44910600e+00 5.26044100e+00 1.19487700e+04 5.19696200e+00
8.48347900e-01 6.33131700e+03 2.25005600e-02 1.19671700e-01 1.04035700e+00 5.67904600e-02 3.17071800e+00 3.04620900e+00 9.74987300e-01 9.98925800e-01 2.42220800e+02 4.21326000e+01 8.61460800e+01 4.82563600e+01 6.33120700e+00 9.08235200e-01 6.27465100e-01 8.34322900e-01 1.03780600e+00 1.07217500e+00 7.57423600e-01 8.67305700e-01 9.90777500e-01 9.98429500e-01 1.00116400e+00 9.95578300e-01 9.95051300e-01 6.88409400e+01 6.98638600e-01 3.01361400e-01 1.42817400e-01 9.83168700e-02 8.09161400e-01 8.10995300e-01 4.44200400e-01 5.99524700e-01 9.75240600e-01 1.00790500e+02 2.40400500e+00 7.91168200e+00 2.10354500e+00 1.87769100e+00 1.20940400e+03 5.71608000e+03 2.53277100e+03 8.15401400e+02 2.29866900e+02 9.74987300e-01 2.47098600e-01 2.48431300e-01 2.60455500e+00 1.36712500e+01 1.08984800e+03 1.43797700e+02 1.04045100e+00 1.38207100e+01 1.06031400e+03 1.46410700e+02 1.41209600e-01 1.60973900e-01 3.34151700e+03 1.02837300e-02 8.24320400e-01 4.55023400e-01 7.40509000e+01 6.30470300e+02 8.40565300e+01 1.50604700e+03 9.07186200e+01 1.95253600e+03 9.62988500e+01 2.27334400e+03 2.36839700e+02 5.70933200e+03 4.49578000e-01 7.48723300e-01 4.70155400e-01 6.64802100e-01 4.69954600e-01 6.22608600e-01 4.65808200e-01 5.92713400e-01 2.99247900e-01 3.08978400e-01 2.59388100e+01 1.02191100e+02 3.02470800e+01 9.36013800e+00 3.96386900e+02 2.19256500e+01 1.15194900e+04 7.06537800e+02 3.68686800e-03 1.89191900e+00 3.43351400e+00 3.60275300e+00 1.19471600e+04 5.32911900e+00
3.21401800e-01 6.33755100e+03 2.25510500e-02 1.23160600e-01 1.04041800e+00 5.96054000e-02 3.19685800e+00 3.06723600e+00 9.69230900e-01 1.00174500e+00 2.03300700e+02 4.47255000e+01 1.24873100e+02 2.95877000e+01 6.38040100e+00 6.06498500e-01 4.98374600e-01 1.02599500e-01 4.49708000e-02 1.17835800e+00 5.30750500e-01 1.19612100e+00 1.13675300e+00 9.99088800e-01 1.00252400e+00 9.84847000e-01 9.91276400e-01 6.79840100e+01 6.83335400e-01 3.16664600e-01 1.46356800e-01 9.94992400e-02 8.26633100e-01 8.49281900e-01 4.65170900e-01 6.20101300e-01 1.00255800e+00 9.87992100e+01 2.46993600e+00 8.24432400e+00 2.14824300e+00 1.90682500e+00 1.23514200e+03 5.76247500e+03 2.55428600e+03 8.20752500e+02 2.31674700e+02 9.69230900e-01 2.47460300e-01 2.48794300e-01 2.60442500e+00 1.36526100e+01 1.09011100e+03 1.42752100e+02 1.04048200e+00 1.37198000e+01 1.06069600e+03 1.45327100e+02 1.42312000e-01 1.60901700e-01 3.41294700e+03 1.05215900e-02 8.11610100e-01 4.48359200e-01 7.33784300e+01 6.37353100e+02 8.36991500e+01 1.51880000e+03 9.05470100e+01 1.96666100e+03 9.62715500e+01 2.28781600e+03 2.39263900e+02 5.70329100e+03 4.69417800e-01 7.63328400e-01 4.86928600e-01 6.76054100e-01 4.84873000e-01 6.32434600e-01 4.79375000e-01 6.01626500e-01 3.03113100e-01 3.12279800e-01 2.93801300e+01 1.07447500e+02 3.07041700e+01 1.09186000e+01 3.97568200e+02 2.33635900e+01 1.15180000e+04 7.06920500e+02 1.21186400e-01 8.20176000e-01 6.54140000e+00 1.08444500e+01 1.19498500e+04 7.48276200e+00
7.82124200e-01 6.33252500e+03 2.24779100e-02 1.21235000e-01 1.04074700e+00 5.02780900e-02 3.06710800e+00 3.04368800e+00 9.63562300e-01 1.00302800e+00 2.39640100e+02 4.60327900e+01 1.07917800e+02 3.93128000e+01 3.86913300e+00 8.54061500e-01 1.56273200e-01 8.36432200e-01 6.17811200e+00 7.00247600e-01 7.17491200e-01 8.69697300e-01 1.04053300e+00 9.97263500e-01 9.99687200e-01 9.92939400e-01 9.89053900e-01 6.72003200e+01 6.80332700e-01 3.19667300e-01 1.44358000e-01 9.70090500e-02 8.13342500e-01 8.39579800e-01 4.59856800e-01 6.11572600e-01 9.92173900e-01 9.84778600e+01 2.45556200e+00 7.26165800e+00 2.09824900e+00 1.89751900e+00 1.24104100e+03 5.77002100e+03 2.55233400e+03 8.21200500e+02 2.32081100e+02 9.63562300e-01 2.45718400e-01 2.47046100e-01 2.57306500e+00 1.37749000e+01 1.08991200e+03 1.43927600e+02 1.04090300e+00 1.38271900e+01 1.06027600e+03 1.46543700e+02 1.41450600e-01 1.60624300e-01 3.42459800e+03 1.04669900e-02 8.09507500e-01 4.47320000e-01 7.25834700e+01 6.44549900e+02 8.28695900e+01 1.53523300e+03 8.96899300e+01 1.98747500e+03 9.53893300e+01 2.31164900e+03 2.37534500e+02 5.75467500e+03 4.63779600e-01 7.50764700e-01 4.80337000e-01 6.64610500e-01 4.77966100e-01 6.21599200e-01 4.72321000e-01 5.91238800e-01 2.97779700e-01 3.06651600e-01 3.11380500e+01 1.08223700e+02 3.37150500e+01 9.02049200e+00 3.95739100e+02 2.36953500e+01 1.15118800e+04 7.07040000e+02 1.69865200e-01 6.71532900e-01 7.42170700e+00 9.40912000e+00 1.19403400e+04 8.26310500e+00
8.41388400e-01 6.33003500e+03 2.23703600e-02 1.20555100e-01 1.04120900e+00 4.76954600e-02 3.05291600e+00 3.02573000e+00 9.61151200e-01 9.96994400e-01 2.76527200e+02 4.42708400e+01 9.53271400e+01 4.31095900e+01 1.82891700e+00 6.77581300e-01 3.94515700e-01 4.08571800e-01 6.90483000e+00 7.32529800e-01 8.94899400e-01 8.91009100e-01 1.04755000e+00 9.97502000e-01 1.00103900e+00 9.90421300e-01 9.88897300e-01 6.73358200e+01 6.83354400e-01 3.16645600e-01 1.43570700e-01 9.66744700e-02 8.04421100e-01 8.26436600e-01 4.52658000e-01 6.03429900e-01 9.80303200e-01 9.89239600e+01 2.43374100e+00 7.00225800e+00 2.06090400e+00 1.87339800e+00 1.23181900e+03 5.71300700e+03 2.52177700e+03 8.10139800e+02 2.28439000e+02 9.61151200e-01 2.45488200e-01 2.46815000e-01 2.58781000e+00 1.37839600e+01 1.08997500e+03 1.44253600e+02 1.04138400e+00 1.38521000e+01 1.05997100e+03 1.46911400e+02 1.41032700e-01 1.60810400e-01 3.41231500e+03 1.04195500e-02 8.11730800e-01 4.48570800e-01 7.26818500e+01 6.43457600e+02 8.29032000e+01 1.53336000e+03 8.96852200e+01 1.98552200e+03 9.53547500e+01 2.30976500e+03 2.36976900e+02 5.75815200e+03 4.56785600e-01 7.42825200e-01 4.73841100e-01 6.57904200e-01 4.71848300e-01 6.15459800e-01 4.66503100e-01 5.85481400e-01 2.94998500e-01 3.03912700e-01 3.30135300e+01 1.07308100e+02 3.50127100e+01 8.99460500e+00 3.95736100e+02 2.41902100e+01 1.15110700e+04 7.06919800e+02 1.01894500e-01 8.72797100e-01 5.94477000e+00 6.24316700e+00 1.19399900e+04 6.91946200e+00
1.00302400e+00 6.33386000e+03 2.20367900e-02 1.17290400e-01 1.04132200e+00 4.99240900e-02 2.85956800e+00 3.02893200e+00 9.54018000e-01 1.00036900e+00 2.36446000e+02 3.93007900e+01 9.97980700e+01 4.06557100e+01 2.92526700e+00 6.93275600e-01 3.18007600e-01 5.03193900e-01 6.46168500e+00 1.05819200e+00 1.02895900e+00 9.93491700e-01 1.35926800e+00 9.96763500e-01 1.00125600e+00 9.99084900e-01 1.00029000e+00 6.59881600e+01 6.78552500e-01 3.21447500e-01 1.39972300e-01 9.23651400e-02 8.00063800e-01 8.28169100e-01 4.53606900e-01 6.02423800e-01 9.84898800e-01 9.84203000e+01 2.45616600e+00 7.23419200e+00 2.06751400e+00 1.87104800e+00 1.24906700e+03 5.74433800e+03 2.53540600e+03 8.15148000e+02 2.30287200e+02 9.54018000e-01 2.42728000e-01 2.44044800e-01 2.58339300e+00 1.40058400e+01 1.08991700e+03 1.46348500e+02 1.04166000e+00 1.40495600e+01 1.05882600e+03 1.49148400e+02 1.39185000e-01 1.60655300e-01 3.41496100e+03 1.02915500e-02 8.10277400e-01 4.48055400e-01 7.13036600e+01 6.56249200e+02 8.14533100e+01 1.56266800e+03 8.81804900e+01 2.02271100e+03 9.38008100e+01 2.35240500e+03 2.33846700e+02 5.85132700e+03 4.57334700e-01 7.38341800e-01 4.73233200e-01 6.53434100e-01 4.70700200e-01 6.11073100e-01 4.65011700e-01 5.81182200e-01 2.92679800e-01 3.01310800e-01 3.08085400e+01 1.08620900e+02 3.38466100e+01 8.44544100e+00 3.95714300e+02 2.53418600e+01 1.15163300e+04 7.07117500e+02 1.76821100e-01 6.71532900e-01 7.25241700e+00 6.67001800e+00 1.19458300e+04 8.10077100e+00
7.73479800e-01 6.33515100e+03 2.21719600e-02 1.17107800e-01 1.04113700e+00 4.43720200e-02 2.91080300e+00 3.02082900e+00 9.53417400e-01 1.00239200e+00 2.54316900e+02 5.45149800e+01 1.24374600e+02 3.28546100e+01 5.43138700e+00 5.99811600e-01 5.52974800e-01 1.70228200e-01 7.19018600e-01 1.10928800e+00 9.10245100e-01 1.10724500e+00 1.20107400e+00 9.99725000e-01 1.00004200e+00 1.00594100e+00 9.99402300e-01 6.67022700e+01 6.85505000e-01 3.14495000e-01 1.39924900e-01 9.33330900e-02 7.93760100e-01 8.12709900e-01 4.45139500e-01 5.94419100e-01 9.71894100e-01 9.92385300e+01 2.43600500e+00 6.61773700e+00 2.05082900e+00 1.87667200e+00 1.25672000e+03 5.79519900e+03 2.54024400e+03 8.15146900e+02 2.29787900e+02 9.53417400e-01 2.43485900e-01 2.44805400e-01 2.57597000e+00 1.39417200e+01 1.08978100e+03 1.46027300e+02 1.04142700e+00 1.40218500e+01 1.05917000e+03 1.48778300e+02 1.39472300e-01 1.60641100e-01 3.38987800e+03 1.02519500e-02 8.15014500e-01 4.50428100e-01 7.19622400e+01 6.49735200e+02 8.20272800e+01 1.54884000e+03 8.87087900e+01 2.00590600e+03 9.42958200e+01 2.33375300e+03 2.34013300e+02 5.82383400e+03 4.49413900e-01 7.33190100e-01 4.66719600e-01 6.49600600e-01 4.65000700e-01 6.07787300e-01 4.59894000e-01 5.78241900e-01 2.91455600e-01 3.00339900e-01 3.47394900e+01 1.09154500e+02 3.39347700e+01 9.23962400e+00 3.96090000e+02 2.54117800e+01 1.15236800e+04 7.06843100e+02 6.47178300e-02 1.03858200e+00 5.11448300e+00 2.82279600e+00 1.19544200e+04 6.21778300e+00
9.84102400e-01 6.33462700e+03 2.23484000e-02 1.22984000e-01 1.04059300e+00 4.74626200e-02 3.27810600e+00 3.05143600e+00 9.67669700e-01 1.00624000e+00 2.46890800e+02 4.65201300e+01 1.05232600e+02 3.69285700e+01 2.39477300e+00 7.10515000e-01 6.59624500e-01 9.53419600e-01 9.44549500e+00 9.48087900e-01 8.45378100e-01 1.01916800e+00 9.00976400e-01 9.97762100e-01 1.00135500e+00 1.00052800e+00 9.91160100e-01 6.88665800e+01 6.92199800e-01 3.07800200e-01 1.45977500e-01 1.00529700e-01 8.17705700e-01 8.28268000e-01 4.53661100e-01 6.09065900e-01 9.85355100e-01 9.99939600e+01 2.43893200e+00 7.04193100e+00 2.11456900e+00 1.92307500e+00 1.24872400e+03 5.82848100e+03 2.57079000e+03 8.21558100e+02 2.30331600e+02 9.67669700e-01 2.48443700e-01 2.49781200e-01 2.66987300e+00 1.35851400e+01 1.09043200e+03 1.42555600e+02 1.04063900e+00 1.36988600e+01 1.06027600e+03 1.45199500e+02 1.41984500e-01 1.61519300e-01 3.36804300e+03 1.04385500e-02 8.19316700e-01 4.52538100e-01 7.41892300e+01 6.29752500e+02 8.43860400e+01 1.50280000e+03 9.11654200e+01 1.94732200e+03 9.68391500e+01 2.26644800e+03 2.39234500e+02 5.67414600e+03 4.58551700e-01 7.55976400e-01 4.77896300e-01 6.70520500e-01 4.76922700e-01 6.27663200e-01 4.72204600e-01 5.97338300e-01 3.01301700e-01 3.10812300e-01 3.38744800e+01 1.10788400e+02 3.73942500e+01 8.94903500e+00 3.95827000e+02 2.34381300e+01 1.15183700e+04 7.06652000e+02 1.00963300e-02 1.40705700e+00 3.95395300e+00 1.06418800e+01 1.19465900e+04 5.37110600e+00
6.91072200e-01 6.33405700e+03 2.19176300e-02 1.13502900e-01 1.04157900e+00 4.82515800e-02 2.62000200e+00 3.01114500e+00 9.47756200e-01 1.00102000e+00 2.70093400e+02 3.39321900e+01 6.95041800e+01 4.84940000e+01 2.92618800e+00 4.09738100e-01 7.54890500e-01 4.56648800e-01 9.01867800e+00 8.02916800e-01 8.27215600e-01 1.00401100e+00 1.07679100e+00 9.97410200e-01 1.00374100e+00 9.89675900e-01 9.79000100e-01 6.44940200e+01 6.72878100e-01 3.27121900e-01 1.36065700e-01 8.77542100e-02 7.86474100e-01 8.21256200e-01 4.49820500e-01 5.94787500e-01 9.79320200e-01 9.77911800e+01 2.45268200e+00 6.99615500e+00 2.03106400e+00 1.84422000e+00 1.24824800e+03 5.71695300e+03 2.52407100e+03 8.15309500e+02 2.31498700e+02 9.47756200e-01 2.39317900e-01 2.40622100e-01 2.52053400e+00 1.42595700e+01 1.08948700e+03 1.48751000e+02 1.04209700e+00 1.42741900e+01 1.05806400e+03 1.51628300e+02 1.37520300e-01 1.60041100e-01 3.43243300e+03 1.01721600e-02 8.06886700e-01 4.46369100e-01 6.97773600e+01 6.71031200e+02 7.98500400e+01 1.59645800e+03 8.65178100e+01 2.06553800e+03 9.20846000e+01 2.40147100e+03 2.30400000e+02 5.95785800e+03 4.53033800e-01 7.25271800e-01 4.67422400e-01 6.41295800e-01 4.64297000e-01 5.99488100e-01 4.58277900e-01 5.70020400e-01 2.86885200e-01 2.95105900e-01 3.08117800e+01 1.05124300e+02 3.08459100e+01 8.91062300e+00 3.95668700e+02 2.55217700e+01 1.15099300e+04 7.07397400e+02 3.00244200e-01 4.17245800e-01 9.43338300e+00 1.05376400e+01 1.19400300e+04 1.01508700e+01
9.19639800e-01 6.33049000e+03 2.20787000e-02 1.14270900e-01 1.04174300e+00 5.13645200e-02 2.63834000e+00 3.02070900e+00 9.49922400e-01 1.00044400e+00 2.59188700e+02 3.08039000e+01 8.71258000e+01 4.12393400e+01 1.77732200e-01 7.34374900e-01 7.41086200e-03 8.16368600e-01 9.62047200e+00 8.79917900e-01 7.63247300e-01 8.90182700e-01 1.07056000e+00 9.97768100e-01 1.00117400e+00 1.00091800e+00 9.83398400e-01 6.46185300e+01 6.71912300e-01 3.28087700e-01 1.36994800e-01 8.85240200e-02 7.92337300e-01 8.28599000e-01 4.53842400e-01 5.99663500e-01 9.85670100e-01 9.76518700e+01 2.46283600e+00 7.30133100e+00 2.05058300e+00 1.85038700e+00 1.24712600e+03 5.72295000e+03 2.52999600e+03 8.18566000e+02 2.32911100e+02 9.49922400e-01 2.39652200e-01 2.40957600e-01 2.49747400e+00 1.42204600e+01 1.08937100e+03 1.48308500e+02 1.04222100e+00 1.42300500e+01 1.05852100e+03 1.51120500e+02 1.38079600e-01 1.59887200e-01 3.44698700e+03 1.02286000e-02 8.04922800e-01 4.45227500e-01 6.99248300e+01 6.69690300e+02 8.00432400e+01 1.59302300e+03 8.67398100e+01 2.06093700e+03 9.23299800e+01 2.39599300e+03 2.31157700e+02 5.94160100e+03 4.57006400e-01 7.30584600e-01 4.71281900e-01 6.45891700e-01 4.68021100e-01 6.03742500e-01 4.61881900e-01 5.74040000e-01 2.88866800e-01 2.97108700e-01 2.80683400e+01 1.04387400e+02 3.11577500e+01 8.28661300e+00 3.95768800e+02 2.54404300e+01 1.15087000e+04 7.07449900e+02 3.33654900e-01 3.80658100e-01 1.01027000e+01 4.51851700e+00 1.19381900e+04 1.08170100e+01
3.19239000e-01 6.33215300e+03 2.21734400e-02 1.20040000e-01 1.04104800e+00 5.49625700e-02 2.92949300e+00 3.04797600e+00 9.59355200e-01 1.00215100e+00 2.11647900e+02 3.98849300e+01 1.02237000e+02 4.05239400e+01 5.22757500e+00 7.32331500e-01 8.58679400e-01 8.47477200e-01 2.81882400e+00 8.74831900e-01 1.00582400e+00 1.04530100e+00 1.08774100e+00 9.97571500e-01 1.00306700e+00 9.97275100e-01 9.90297800e-01 6.58673100e+01 6.70719100e-01 3.29280900e-01 1.42858600e-01 9.40971100e-02 8.15441500e-01 8.54309900e-01 4.67924800e-01 6.17709700e-01 1.00475000e+00 9.74109800e+01 2.48349200e+00 7.77740500e+00 2.10726500e+00 1.88790200e+00 1.24275700e+03 5.72908100e+03 2.54797400e+03 8.20909900e+02 2.32513900e+02 9.59355200e-01 2.43741400e-01 2.45061800e-01 2.58223500e+00 1.39363600e+01 1.09005700e+03 1.45158000e+02 1.04132000e+00 1.39398100e+01 1.05939900e+03 1.47889700e+02 1.40325300e-01 1.60604300e-01 3.45247600e+03 1.04545300e-02 8.03924800e-01 4.44627300e-01 7.12962700e+01 6.56895200e+02 8.16428300e+01 1.56230100e+03 8.84886100e+01 2.02100700e+03 9.42025100e+01 2.34942200e+03 2.36020400e+02 5.82300400e+03 4.71031400e-01 7.51768200e-01 4.85446200e-01 6.64488500e-01 4.81950300e-01 6.21071400e-01 4.75538600e-01 5.90482500e-01 2.97055000e-01 3.05507200e-01 2.67300800e+01 1.07252600e+02 3.18361700e+01 1.03357600e+01 3.96381700e+02 2.43493200e+01 1.15078100e+04 7.07516900e+02 3.94803200e-01 2.81231800e-01 1.14679800e+01 5.77132100e+00 1.19388700e+04 1.21440100e+01
5.25143400e-01 6.33567600e+03 2.24178100e-02 1.24543900e-01 1.04062600e+00 4.32575800e-02 3.35705600e+00 3.03832600e+00 9.80752500e-01 1.00418600e+00 2.35840200e+02 4.17004100e+01 1.32072600e+02 2.80947700e+01 8.07188200e+00 6.83879300e-01 7.49525200e-01 4.27780000e-01 8.37844200e-01 1.27088400e+00 1.01829600e+00 1.17478500e+00 1.18956800e+00 9.97438100e-01 1.00037400e+00 1.00078500e+00 9.92357700e-01 6.93023700e+01 6.92666100e-01 3.07333900e-01 1.47606900e-01 1.02295100e-01 8.19031900e-01 8.28982700e-01 4.54052500e-01 6.09822500e-01 9.83845200e-01 1.00039100e+02 2.39888000e+00 6.59942600e+00 2.08702800e+00 1.91405900e+00 1.20710200e+03 5.72151000e+03 2.56091200e+03 8.22638700e+02 2.31046700e+02 9.80752500e-01 2.49486500e-01 2.50827800e-01 2.68380900e+00 1.35059800e+01 1.09055400e+03 1.41743700e+02 1.04060300e+00 1.36213100e+01 1.06061900e+03 1.44351600e+02 1.42659800e-01 1.61670000e-01 3.37115500e+03 1.05017500e-02 8.19022900e-01 4.52335000e-01 7.46452000e+01 6.25876400e+02 8.48935600e+01 1.49364800e+03 9.17078600e+01 1.93552600e+03 9.74111200e+01 2.25277200e+03 2.40579300e+02 5.64103600e+03 4.59015500e-01 7.57242700e-01 4.78482900e-01 6.71687600e-01 4.77556100e-01 6.28773700e-01 4.72863500e-01 5.98406300e-01 3.01845800e-01 3.11398600e-01 2.96500300e+01 1.09544600e+02 3.25281300e+01 1.02157400e+01 3.96669300e+02 2.10765700e+01 1.15212000e+04 7.06641400e+02 8.71752300e-03 1.47275900e+00 3.92911600e+00 1.01417800e+01 1.19491600e+04 5.41059200e+00
7.05267300e-01 6.33046100e+03 2.24097000e-02 1.22654300e-01 1.04057700e+00 5.17123300e-02 3.27506200e+00 3.04540900e+00 9.76103000e-01 1.00150600e+00 2.33745300e+02 3.84333300e+01 1.04493000e+02 4.33867300e+01 3.51676000e+00 4.99229700e-01 5.56672700e-01 1.68682500e-02 3.71456100e+00 1.10668200e+00 1.09211900e+00 9.78998100e-01 1.19799500e+00 9.97628000e-01 1.00173100e+00 9.91394500e-01 9.89500100e-01 6.89947500e+01 6.93906100e-01 3.06093900e-01 1.45709100e-01 1.00531600e-01 8.16665000e-01 8.24917700e-01 4.51826000e-01 6.07445900e-01 9.83186500e-01 1.00202000e+02 2.41213300e+00 7.47222900e+00 2.10186300e+00 1.89534200e+00 1.21138700e+03 5.71226000e+03 2.54223100e+03 8.16400400e+02 2.29519800e+02 9.76103000e-01 2.48427000e-01 2.49764500e-01 2.65710800e+00 1.35811700e+01 1.09032300e+03 1.42606500e+02 1.04061900e+00 1.37040000e+01 1.06039000e+03 1.45231400e+02 1.42010200e-01 1.61429500e-01 3.36315400e+03 1.04213400e-02 8.20362000e-01 4.53036700e-01 7.42976800e+01 6.28712400e+02 8.44638200e+01 1.50072200e+03 9.12254300e+01 1.94489300e+03 9.68855300e+01 2.26383800e+03 2.39069400e+02 5.67229000e+03 4.56854900e-01 7.55185500e-01 4.76558100e-01 6.70007900e-01 4.75788500e-01 6.27262000e-01 4.71215100e-01 5.97005200e-01 3.01203900e-01 3.10787900e-01 3.11045000e+01 1.10459400e+02 3.19512000e+01 9.65233300e+00 3.95801700e+02 2.16992000e+01 1.15174000e+04 7.06615000e+02 3.42085400e-03 1.53969800e+00 3.74409700e+00 4.47005400e+00 1.19445500e+04 5.28721600e+00
6.18756500e-01 6.33242100e+03 2.20888200e-02 1.22045300e-01 1.04027400e+00 4.51245500e-02 3.20826500e+00 3.03024000e+00 9.66443300e-01 1.00151400e+00 2.10377900e+02 3.88860600e+01 9.32448700e+01 4.07938700e+01 1.82496800e+00 4.89556400e-01 6.00232000e-01 2.61851300e-01 9.98066900e+00 1.16510200e+00 1.00397100e+00 9.88216700e-01 1.02583700e+00 9.97196700e-01 1.00146200e+00 1.00674200e+00 1.00202700e+00 6.80645800e+01 6.87489900e-01 3.12510100e-01 1.44779300e-01 9.85433800e-02 8.08448300e-01 8.25132400e-01 4.51943600e-01 6.04461000e-01 9.79922400e-01 9.94184400e+01 2.42114700e+00 6.81915300e+00 2.07022000e+00 1.89156700e+00 1.22828900e+03 5.72129500e+03 2.53480700e+03 8.10487100e+02 2.27053000e+02 9.66443300e-01 2.47426500e-01 2.48760400e-01 2.69621100e+00 1.36870000e+01 1.09061900e+03 1.43322300e+02 1.04037800e+00 1.37759900e+01 1.05955100e+03 1.46064900e+02 1.41117400e-01 1.61602000e-01 3.37092400e+03 1.03998800e-02 8.17759800e-01 4.51911300e-01 7.33993900e+01 6.36870800e+02 8.36131500e+01 1.51864800e+03 9.03964500e+01 1.96711300e+03 9.60700200e+01 2.28887400e+03 2.38100500e+02 5.71722600e+03 4.56430400e-01 7.46948500e-01 4.74495400e-01 6.61998300e-01 4.72974800e-01 6.19472400e-01 4.67929900e-01 5.89411300e-01 2.97126600e-01 3.06290400e-01 3.42048500e+01 1.08982600e+02 3.43640400e+01 9.75019100e+00 3.96076100e+02 2.29806800e+01 1.15182800e+04 7.06778900e+02 4.79105400e-02 1.09677200e+00 4.84924800e+00 4.97673100e+00 1.19470900e+04 5.99393100e+00
1.10998600e+00 6.33385000e+03 2.23555200e-02 1.21193500e-01 1.04039900e+00 5.59072900e-02 3.19637000e+00 3.05206800e+00 9.66979700e-01 9.99256200e-01 2.70257100e+02 4.25339100e+01 8.08848300e+01 4.79030600e+01 1.44225900e+00 4.02887100e-01 8.09066900e-01 2.13387600e-01 5.25638800e+00 8.64202800e-01 1.04565500e+00 9.56376900e-01 9.96031700e-01 9.97966700e-01 1.00081800e+00 9.98013900e-01 9.99273300e-01 6.84930400e+01 6.92634800e-01 3.07365200e-01 1.44194100e-01 9.87629400e-02 8.14034500e-01 8.23966400e-01 4.51305000e-01 6.06117000e-01 9.83602400e-01 1.00032100e+02 2.43815600e+00 7.88421600e+00 2.11590600e+00 1.89206400e+00 1.23466000e+03 5.76035200e+03 2.53906300e+03 8.13104700e+02 2.28466100e+02 9.66979700e-01 2.47381200e-01 2.48714900e-01 2.64023800e+00 1.36648600e+01 1.09018800e+03 1.43394900e+02 1.04049500e+00 1.37814100e+01 1.06012300e+03 1.46047100e+02 1.41387800e-01 1.61229400e-01 3.36249200e+03 1.03657600e-02 8.20128200e-01 4.52949400e-01 7.37773600e+01 6.33238500e+02 8.39065400e+01 1.51121800e+03 9.06415900e+01 1.95829400e+03 9.62785200e+01 2.27927200e+03 2.37781900e+02 5.70739700e+03 4.56232800e-01 7.52625500e-01 4.75586000e-01 6.67596400e-01 4.74666900e-01 6.24946200e-01 4.70004300e-01 5.94765200e-01 3.00033400e-01 3.09515400e-01 3.21054800e+01 1.05197900e+02 3.16780100e+01 8.71817900e+00 3.96435300e+02 2.37719200e+01 1.15244400e+04 7.06642100e+02 8.78662200e-03 1.47275900e+00 3.93304300e+00 2.27806500e+00 1.19533700e+04 5.41458900e+00
1.16013600e+00 6.33307600e+03 2.20639000e-02 1.17833900e-01 1.04106500e+00 5.96323500e-02 2.96931000e+00 3.04681500e+00 9.59555400e-01 9.99190000e-01 2.75698900e+02 3.10327100e+01 9.04143200e+01 4.24065700e+01 1.63181700e+00 7.93056000e-01 2.91697200e-01 3.26417800e-01 9.13335000e+00 7.52824100e-01 7.49629300e-01 9.72079600e-01 1.01369300e+00 9.99638900e-01 1.00360600e+00 1.00416900e+00 9.97591900e-01 6.70208700e+01 6.87111900e-01 3.12888100e-01 1.40543000e-01 9.41931400e-02 8.07027800e-01 8.24180500e-01 4.51422300e-01 6.03581200e-01 9.85787800e-01 9.94602600e+01 2.45333400e+00 8.24127200e+00 2.10482000e+00 1.86818100e+00 1.23853400e+03 5.72411800e+03 2.52594400e+03 8.10721000e+02 2.28518500e+02 9.59555400e-01 2.44236600e-01 2.45558900e-01 2.61698400e+00 1.38955600e+01 1.09004100e+03 1.45618700e+02 1.04133100e+00 1.39839000e+01 1.05901700e+03 1.48401900e+02 1.39552000e-01 1.60985100e-01 3.37789700e+03 1.02565000e-02 8.16863500e-01 4.51474900e-01 7.22788400e+01 6.46772700e+02 8.23467600e+01 1.54216500e+03 8.90326200e+01 1.99751400e+03 9.46244100e+01 2.32419600e+03 2.34578600e+02 5.80438200e+03 4.55903100e-01 7.45601700e-01 4.73854900e-01 6.60768100e-01 4.72293800e-01 6.18306700e-01 4.67228300e-01 5.88293500e-01 2.96580100e-01 3.05691500e-01 2.88415700e+01 1.08141100e+02 3.52520800e+01 8.48131600e+00 3.97660800e+02 2.45912100e+01 1.15156600e+04 7.06790600e+02 4.37043300e-02 1.15641700e+00 4.64143200e+00 7.12503900e+00 1.19464000e+04 5.84155300e+00
7.80054600e-01 6.33190700e+03 2.27795300e-02 1.23133900e-01 1.04132200e+00 6.18041400e-02 3.34317900e+00 3.06223500e+00 9.82620900e-01 9.98437900e-01 2.25796600e+02 3.50124500e+01 9.72564100e+01 4.00937400e+01 3.81375500e+00 6.64355700e-01 7.16052400e-01 7.81083200e-01 5.44868500e+00 1.12085800e+00 1.06542400e+00 9.84097900e-01 1.03337900e+00 9.97170600e-01 1.00235700e+00 9.98271000e-01 9.97110300e-01 7.01849400e+01 7.02475000e-01 2.97525000e-01 1.46558600e-01 1.02862100e-01 8.24405400e-01 8.20997700e-01 4.49679000e-01 6.08866000e-01 9.84053800e-01 1.01333200e+02 2.40846800e+00 8.42437700e+00 2.13752800e+00 1.88898900e+00 1.19890200e+03 5.69705800e+03 2.53407800e+03 8.15965700e+02 2.30025000e+02 9.82620900e-01 2.49450800e-01 2.50792000e-01 2.61192100e+00 1.34576700e+01 1.08996600e+03 1.41887500e+02 1.04127800e+00 1.36262900e+01 1.06134400e+03 1.44380200e+02 1.42957900e-01 1.61273900e-01 3.35309900e+03 1.04361800e-02 8.23868100e-01 4.54604100e-01 7.54302100e+01 6.18672000e+02 8.55167800e+01 1.47876900e+03 9.22387700e+01 1.91776800e+03 9.78720000e+01 2.23335500e+03 2.40052000e+02 5.61963800e+03 4.55437500e-01 7.63220500e-01 4.77265400e-01 6.78108600e-01 4.77524900e-01 6.35251800e-01 4.73620000e-01 6.04861900e-01 3.05515000e-01 3.15650100e-01 2.70509900e+01 1.05836200e+02 3.04553000e+01 9.56286800e+00 3.97702100e+02 2.12940200e+01 1.15181600e+04 7.06502900e+02 2.96178700e-02 2.27128100e+00 3.50820900e+00 4.78322400e+00 1.19467200e+04 5.80910800e+00
5.11717400e-01 6.33320200e+03 2.27357500e-02 1.22451700e-01 1.04119300e+00 5.25448200e-02 3.25864400e+00 3.03905400e+00 9.77007600e-01 9.97856900e-01 2.70340600e+02 3.64239700e+01 8.05611500e+01 5.10431000e+01 4.32617900e+00 6.18784400e-01 6.83852100e-01 5.92458400e-02 1.97353400e+00 1.08078000e+00 1.13648500e+00 9.09401900e-01 1.01169200e+00 9.98379700e-01 1.00212200e+00 9.94482500e-01 9.85230600e-01 6.93609600e+01 6.96873200e-01 3.03126800e-01 1.45832600e-01 1.01150900e-01 8.13405700e-01 8.17633600e-01 4.47836400e-01 6.03550000e-01 9.76674000e-01 1.00578500e+02 2.39954200e+00 7.48443600e+00 2.08854800e+00 1.88020200e+00 1.20261700e+03 5.69006400e+03 2.52549300e+03 8.13405200e+02 2.29384900e+02 9.77007600e-01 2.48338700e-01 2.49675900e-01 2.59178800e+00 1.35464200e+01 1.08987900e+03 1.42492700e+02 1.04120900e+00 1.36853200e+01 1.06111500e+03 1.45007400e+02 1.42562600e-01 1.61023500e-01 3.37323200e+03 1.04413800e-02 8.19905800e-01 4.52568300e-01 7.46421900e+01 6.25599900e+02 8.47750600e+01 1.49399700e+03 9.15191700e+01 1.93664100e+03 9.71667900e+01 2.25461300e+03 2.39267800e+02 5.65740900e+03 4.53075800e-01 7.52470800e-01 4.73366400e-01 6.67929900e-01 4.72954100e-01 6.25454100e-01 4.68641500e-01 5.95370000e-01 3.00497800e-01 3.10197000e-01 2.98601800e+01 1.04046100e+02 3.26452700e+01 1.03467700e+01 3.95783000e+02 2.16370300e+01 1.15227500e+04 7.06562200e+02 3.38924000e-04 1.81943000e+00 3.48814300e+00 4.01649800e+00 1.19505200e+04 5.30791200e+00
4.33857800e-01 6.33817100e+03 2.27562100e-02 1.22536300e-01 1.04121200e+00 5.30317000e-02 3.26831600e+00 3.03985900e+00 9.77399800e-01 9.98365900e-01 2.08592400e+02 2.86310800e+01 9.96361300e+01 4.72308900e+01 6.69879300e+00 7.10482000e-01 7.43737400e-01 2.31557000e-01 2.10927800e+00 1.16257100e+00 1.33558800e+00 8.11756400e-01 9.60301400e-01 9.97756700e-01 9.99416400e-01 1.00122000e+00 9.91955700e-01 6.94671600e+01 6.97581600e-01 3.02418400e-01 1.45937600e-01 1.01378700e-01 8.13788500e-01 8.17061900e-01 4.47523300e-01 6.03481000e-01 9.76386500e-01 1.00668800e+02 2.39873900e+00 7.53326400e+00 2.09022900e+00 1.87988400e+00 1.20188900e+03 5.68926400e+03 2.52454400e+03 8.13055100e+02 2.29268600e+02 9.77399800e-01 2.48472900e-01 2.49810500e-01 2.59123900e+00 1.35344600e+01 1.08987000e+03 1.42410000e+02 1.04122300e+00 1.36771800e+01 1.06119200e+03 1.44915600e+02 1.42639300e-01 1.61032600e-01 3.37141700e+03 1.04423500e-02 8.20317400e-01 4.52768200e-01 7.47456900e+01 6.24682600e+02 8.48730700e+01 1.49197800e+03 9.16146400e+01 1.93413500e+03 9.72606600e+01 2.25178900e+03 2.39378000e+02 5.65232800e+03 4.52812200e-01 7.52897700e-01 4.73273500e-01 6.68389300e-01 4.72947000e-01 6.25917900e-01 4.68691500e-01 5.95832300e-01 3.00759500e-01 3.10501500e-01 2.75733000e+01 1.07099400e+02 3.22353500e+01 1.06873100e+01 3.95825000e+02 2.15341200e+01 1.15289000e+04 7.06551800e+02 1.38410300e-03 1.81943000e+00 3.45313400e+00 7.56757400e+00 1.19569500e+04 5.27394800e+00
9.90370700e-01 6.33004900e+03 2.23865700e-02 1.18212600e-01 1.04165800e+00 5.57030500e-02 2.93194500e+00 3.03469800e+00 9.60375500e-01 9.96960400e-01 2.43880200e+02 3.54514100e+01 8.01599600e+01 4.66136400e+01 4.16930100e+00 6.56274600e-01 7.92014400e-01 8.02732900e-01 4.83348700e+00 1.01728400e+00 1.08494100e+00 1.02963000e+00 1.17379900e+00 9.98253200e-01 1.00346000e+00 9.90185600e-01 9.84806300e-01 6.69073500e+01 6.84482600e-01 3.15517400e-01 1.41244300e-01 9.45028200e-02 8.03985900e-01 8.24516700e-01 4.51606400e-01 6.02565500e-01 9.82904900e-01 9.91098600e+01 2.44319000e+00 7.77740500e+00 2.07947000e+00 1.86024200e+00 1.22998600e+03 5.70321400e+03 2.51832500e+03 8.11801000e+02 2.29844600e+02 9.60375500e-01 2.43863500e-01 2.45184400e-01 2.54298300e+00 1.38863100e+01 1.08963200e+03 1.45460000e+02 1.04190700e+00 1.39609400e+01 1.05974200e+03 1.48130000e+02 1.40231900e-01 1.60468000e-01 3.41213400e+03 1.03341400e-02 8.12059900e-01 4.48738300e-01 7.21999900e+01 6.47670300e+02 8.23247200e+01 1.54367000e+03 8.90443100e+01 1.99904800e+03 9.46624400e+01 2.32564300e+03 2.35082500e+02 5.80079200e+03 4.55845700e-01 7.42534400e-01 4.73144600e-01 6.57768700e-01 4.71284000e-01 6.15383700e-01 4.66030500e-01 5.85440400e-01 2.95037600e-01 3.03990400e-01 2.69853700e+01 1.04733500e+02 3.04119400e+01 8.70973800e+00 3.96389300e+02 2.42121600e+01 1.15099800e+04 7.06878600e+02 7.88076400e-02 9.81866700e-01 5.40679100e+00 7.46348700e+00 1.19392900e+04 6.46746500e+00
5.69624200e-01 6.33485800e+03 2.26942500e-02 1.19579500e-01 1.04158100e+00 4.95071900e-02 3.06143800e+00 3.02468000e+00 9.72066900e-01 9.95712700e-01 2.14942200e+02 3.68869800e+01 8.22597800e+01 4.91080000e+01 5.29446200e+00 6.64799100e-01 8.78264500e-01 7.18601800e-01 1.72125800e+00 1.10383500e+00 8.06985700e-01 9.79668200e-01 1.02473800e+00 9.97930400e-01 1.00468600e+00 9.98999800e-01 9.86584600e-01 6.81707800e+01 6.92465900e-01 3.07534100e-01 1.42918900e-01 9.74289500e-02 8.02847700e-01 8.12866400e-01 4.45225300e-01 5.97869600e-01 9.72375500e-01 1.00051800e+02 2.39684900e+00 7.11517300e+00 2.05874200e+00 1.86466300e+00 1.20441700e+03 5.68142400e+03 2.52175300e+03 8.15502900e+02 2.31015000e+02 9.72066900e-01 2.45720700e-01 2.47048400e-01 2.53301700e+00 1.37274000e+01 1.08949500e+03 1.44215500e+02 1.04172000e+00 1.38439800e+01 1.06065800e+03 1.46766400e+02 1.41396800e-01 1.60490500e-01 3.39287200e+03 1.03661200e-02 8.16393700e-01 4.50773400e-01 7.34329700e+01 6.36220400e+02 8.35193200e+01 1.51829400e+03 9.02256200e+01 1.96743700e+03 9.58383800e+01 2.28989100e+03 2.36721600e+02 5.73352500e+03 4.50079800e-01 7.42267000e-01 4.69131300e-01 6.58391400e-01 4.68205800e-01 6.16322400e-01 4.63594200e-01 5.86553800e-01 2.95894200e-01 3.05231300e-01 2.48426300e+01 1.04147500e+02 2.88416200e+01 1.00486700e+01 3.95744700e+02 2.21082900e+01 1.15185900e+04 7.06645900e+02 7.91345300e-03 1.47275900e+00 3.86581100e+00 1.12336700e+01 1.19464900e+04 5.34648300e+00
6.33995600e-01 6.34563300e+03 2.24145100e-02 1.17951500e-01 1.04204500e+00 5.10090400e-02 2.90607900e+00 3.02785700e+00 9.69451900e-01 1.00009500e+00 2.58051100e+02 3.37371600e+01 1.14476000e+02 3.61935300e+01 1.72546000e+00 5.73586700e-01 4.99826000e-01 7.26227100e-01 5.88429600e+00 7.23512900e-01 1.02929000e+00 7.03756500e-01 6.22565200e-01 9.97201300e-01 9.97352600e-01 9.93124500e-01 9.86556400e-01 6.68487500e+01 6.84450900e-01 3.15549100e-01 1.41011200e-01 9.42642200e-02 8.04104800e-01 8.24680100e-01 4.51695900e-01 6.02669800e-01 9.83481100e-01 9.91373200e+01 2.41763300e+00 7.28607200e+00 2.06529200e+00 1.86498600e+00 1.20816500e+03 5.67046800e+03 2.53471200e+03 8.22068300e+02 2.33662200e+02 9.69451900e-01 2.43522200e-01 2.44841900e-01 2.52896700e+00 1.38981000e+01 1.08954700e+03 1.45639700e+02 1.04231400e+00 1.39727200e+01 1.05978000e+03 1.48300900e+02 1.40172800e-01 1.60400300e-01 3.41853300e+03 1.03352400e-02 8.11288600e-01 4.48323500e-01 7.21372700e+01 6.48235800e+02 8.22540000e+01 1.54501000e+03 8.89682400e+01 2.00077900e+03 9.45818900e+01 2.32765300e+03 2.34887200e+02 5.80571800e+03 4.55934900e-01 7.42641500e-01 4.73229700e-01 6.57860600e-01 4.71365300e-01 6.15468500e-01 4.66108600e-01 5.85520400e-01 2.95078600e-01 3.04030200e-01 2.62442600e+01 1.04601700e+02 2.65016900e+01 9.60069700e+00 3.95721200e+02 2.19347900e+01 1.15387300e+04 7.06879700e+02 7.53664000e-02 9.81866700e-01 5.29050000e+00 1.20510100e+01 1.19659900e+04 6.34773300e+00
9.61270600e-01 6.33969300e+03 2.24430800e-02 1.17523800e-01 1.04175300e+00 6.26653700e-02 2.90527900e+00 3.04974300e+00 9.70549800e-01 9.98851400e-01 2.27725100e+02 3.93044400e+01 9.69802900e+01 3.79368400e+01 3.60020600e+00 5.92685000e-01 9.04845400e-01 9.97313600e-01 5.23375600e+00 8.58850100e-01 5.92962600e-01 9.51749600e-01 8.12678600e-01 9.97054200e-01 1.00034900e+00 1.00031400e+00 9.90425900e-01 6.69146700e+01 6.85963800e-01 3.14036200e-01 1.40612000e-01 9.40900700e-02 8.11445900e-01 8.30211600e-01 4.54725600e-01 6.07441600e-01 9.91970800e-01 9.92935400e+01 2.43856700e+00 8.43353300e+00 2.11099200e+00 1.86232800e+00 1.20856100e+03 5.66952200e+03 2.53237800e+03 8.21513500e+02 2.33754000e+02 9.70549800e-01 2.43522300e-01 2.44842000e-01 2.52357900e+00 1.39029900e+01 1.08947300e+03 1.45734700e+02 1.04202200e+00 1.39857600e+01 1.05981800e+03 1.48388300e+02 1.40105900e-01 1.60327300e-01 3.40918200e+03 1.03064100e-02 8.12799300e-01 4.49084500e-01 7.21862200e+01 6.47684000e+02 8.22700800e+01 1.54406700e+03 8.89648300e+01 1.99980100e+03 9.45632600e+01 2.32671300e+03 2.34601200e+02 5.80759600e+03 4.59116000e-01 7.49573400e-01 4.76915500e-01 6.64167300e-01 4.75214700e-01 6.21437600e-01 4.70032600e-01 5.91241600e-01 2.98024700e-01 3.07129900e-01 2.59214000e+01 1.02830700e+02 2.81323000e+01 8.82035100e+00 3.98322800e+02 2.21696700e+01 1.15286900e+04 7.06827700e+02 5.87805800e-02 1.03858200e+00 4.99248500e+00 8.46386200e+00 1.19580000e+04 6.08984800e+00
1.04965400e+00 6.33864900e+03 2.23243700e-02 1.16812500e-01 1.04172500e+00 6.73464400e-02 2.90344000e+00 3.05453800e+00 9.70503200e-01 9.97874400e-01 1.64017700e+02 3.29051300e+01 1.10998100e+02 3.17078600e+01 4.98690500e+00 5.89573100e-01 6.17528800e-01 6.04590100e-01 1.14454700e+00 1.36521200e+00 1.07161200e+00 1.11266300e+00 1.18593400e+00 9.96387400e-01 1.00101400e+00 9.87896400e-01 9.86741600e-01 6.70391800e+01 6.88976000e-01 3.11024000e-01 1.39782000e-01 9.37087200e-02 8.11459300e-01 8.26234000e-01 4.52547000e-01 6.05989700e-01 9.91065600e-01 9.97049600e+01 2.43865500e+00 8.89740000e+00 2.12113800e+00 1.85384100e+00 1.20599200e+03 5.65091100e+03 2.52275000e+03 8.17453400e+02 2.32299300e+02 9.70503200e-01 2.43449100e-01 2.44768500e-01 2.54464900e+00 1.39150500e+01 1.08955600e+03 1.46025300e+02 1.04200400e+00 1.40139000e+01 1.05947500e+03 1.48726400e+02 1.39673000e-01 1.60501200e-01 3.38981200e+03 1.02465900e-02 8.15903400e-01 4.50792400e-01 7.22694900e+01 6.46719300e+02 8.22873300e+01 1.54249400e+03 8.89427700e+01 1.99823700e+03 9.45104400e+01 2.32528200e+03 2.33999800e+02 5.81230800e+03 4.57201800e-01 7.49882900e-01 4.75675600e-01 6.64767400e-01 4.74327600e-01 6.22134000e-01 4.69385200e-01 5.91987700e-01 2.98522800e-01 3.07771700e-01 2.33191600e+01 1.02625200e+02 2.48332000e+01 8.73717200e+00 4.00494300e+02 2.22215800e+01 1.15238800e+04 7.06734900e+02 2.51131600e-02 1.27934900e+00 4.21217500e+00 9.70837400e+00 1.19553400e+04 5.51663700e+00
1.35319200e+00 6.33854800e+03 2.23518400e-02 1.13998000e-01 1.04176300e+00 7.58815400e-02 2.81098200e+00 3.06569200e+00 9.68627400e-01 9.98386900e-01 1.84290200e+02 2.17208300e+01 1.06494300e+02 3.61308000e+01 3.26952400e+00 8.57340200e-01 2.03439800e-01 4.16224300e-01 4.78508800e+00 7.77053900e-01 1.21418700e+00 7.80162600e-01 9.09185600e-01 9.95148300e-01 9.96946500e-01 9.86699900e-01 9.93914800e-01 6.69879200e+01 6.94710500e-01 3.05289500e-01 1.36995000e-01 9.17701200e-02 8.08165400e-01 8.15259000e-01 4.46535700e-01 6.00728500e-01 9.87420200e-01 1.00451700e+02 2.44364200e+00 9.60540800e+00 2.14493100e+00 1.84290700e+00 1.21211800e+03 5.67550900e+03 2.52114900e+03 8.17986000e+02 2.32930400e+02 9.68627400e-01 2.42189200e-01 2.43503900e-01 2.50750100e+00 1.39984100e+01 1.08918100e+03 1.47245200e+02 1.04210700e+00 1.41295700e+01 1.05928400e+03 1.49955000e+02 1.38786000e-01 1.60204700e-01 3.36447900e+03 1.01054900e-02 8.20522800e-01 4.53181500e-01 7.21235600e+01 6.47605300e+02 8.19711400e+01 1.54601600e+03 8.85220900e+01 2.00372400e+03 9.40064100e+01 2.33242300e+03 2.31835000e+02 5.84644300e+03 4.51626800e-01 7.47414800e-01 4.71316500e-01 6.63214200e-01 4.70655500e-01 6.20944700e-01 4.66198100e-01 5.91019900e-01 2.98282700e-01 3.07772700e-01 2.23849200e+01 1.01507100e+02 2.75222500e+01 8.36484200e+00 4.05140700e+02 2.26398400e+01 1.15161700e+04 7.06599200e+02 2.22395400e-05 1.74777200e+00 3.43532600e+00 1.30004400e+01 1.19523100e+04 5.18312000e+00
7.63950000e-01 6.33689800e+03 2.22885500e-02 1.15225900e-01 1.04166300e+00 6.43754800e-02 2.71417400e+00 3.05195700e+00 9.61919500e-01 1.00233400e+00 2.00653900e+02 2.54716100e+01 9.39178400e+01 4.25711400e+01 6.44869700e+00 6.67025700e-01 8.32392500e-01 3.73304000e-01 6.49325400e-01 7.78394800e-01 1.03617800e+00 1.03975900e+00 1.11045500e+00 9.96056200e-01 1.00282600e+00 9.92481100e-01 9.85707100e-01 6.53179900e+01 6.76171300e-01 3.23828700e-01 1.38159600e-01 9.02430800e-02 8.08266300e-01 8.39753000e-01 4.59951700e-01 6.09724100e-01 1.00008800e+00 9.81085000e+01 2.47136100e+00 8.56781000e+00 2.11567100e+00 1.86008300e+00 1.22772000e+03 5.70138000e+03 2.54245900e+03 8.26181100e+02 2.35946800e+02 9.61919500e-01 2.40811500e-01 2.42121200e-01 2.48550000e+00 1.41199800e+01 1.08927300e+03 1.47472200e+02 1.04207300e+00 1.41518100e+01 1.05913200e+03 1.50201300e+02 1.38871800e-01 1.59854100e-01 3.43939100e+03 1.02608800e-02 8.06827100e-01 4.46070900e-01 7.06181200e+01 6.62796300e+02 8.07295600e+01 1.57767600e+03 8.74278800e+01 2.04176000e+03 9.30224600e+01 2.37425200e+03 2.32258900e+02 5.89922800e+03 4.63519700e-01 7.45684200e-01 4.79050200e-01 6.59686100e-01 4.76218200e-01 6.16819000e-01 4.70287500e-01 5.86585200e-01 2.95329500e-01 3.03931500e-01 2.22868900e+01 1.03371300e+02 2.81313900e+01 8.87861900e+00 3.99401600e+02 2.32252000e+01 1.15166500e+04 7.07228900e+02 2.34507500e-01 5.37244800e-01 8.38444900e+00 9.25346300e+00 1.19481600e+04 9.15620100e+00
9.04496300e-01 6.33588000e+03 2.21974500e-02 1.18416100e-01 1.04079500e+00 5.31075800e-02 2.93992800e+00 3.03745800e+00 9.62483600e-01 1.00222800e+00 2.12584300e+02 4.90254300e+01 1.21679400e+02 2.69835500e+01 3.17041000e+00 6.46494400e-01 4.24736900e-01 6.34319300e-01 2.66759200e+00 1.15073800e+00 1.06982100e+00 1.11822900e+00 1.17620400e+00 9.96525400e-01 9.99337700e-01 1.00104500e+00 9.94923800e-01 6.64898700e+01 6.80475400e-01 3.19524600e-01 1.41258700e-01 9.39227400e-02 8.06063200e-01 8.31879900e-01 4.55639400e-01 6.06031500e-01 9.88533400e-01 9.85692900e+01 2.44672400e+00 7.55767800e+00 2.08521700e+00 1.87509200e+00 1.23093300e+03 5.71809300e+03 2.53796900e+03 8.18014900e+02 2.31408800e+02 9.62483600e-01 2.43893200e-01 2.45214200e-01 2.58134100e+00 1.39236100e+01 1.08989400e+03 1.45511900e+02 1.04107100e+00 1.39771400e+01 1.05932200e+03 1.48247100e+02 1.39933200e-01 1.60624100e-01 3.40877300e+03 1.03295800e-02 8.11476500e-01 4.48553400e-01 7.18160800e+01 6.51425000e+02 8.19892100e+01 1.55164900e+03 8.87348700e+01 2.00875300e+03 9.43720000e+01 2.33641900e+03 2.34975800e+02 5.81678600e+03 4.59542400e-01 7.44064600e-01 4.75992800e-01 6.58701000e-01 4.73664100e-01 6.16081500e-01 4.68083600e-01 5.85996700e-01 2.95167500e-01 3.03957000e-01 3.06081600e+01 1.04432200e+02 3.13889100e+01 8.73575300e+00 3.95923800e+02 2.32916400e+01 1.15228000e+04 7.07034000e+02 1.53123900e-01 7.19420900e-01 6.95577200e+00 6.14856400e+00 1.19507500e+04 7.82831700e+00
8.19736800e-01 6.33807500e+03 2.20670500e-02 1.15194200e-01 1.04129500e+00 4.69738500e-02 2.76886900e+00 3.02153600e+00 9.56415500e-01 1.00389400e+00 2.18388000e+02 2.74712800e+01 9.94976800e+01 4.57522400e+01 7.64052000e+00 8.41179100e-01 6.64898700e-01 7.46131900e-01 3.80775000e+00 1.21892600e+00 1.45051700e+00 7.79159700e-01 1.11695700e+00 9.97179500e-01 9.98000400e-01 9.86370800e-01 9.89520100e-01 6.56805400e+01 6.80323200e-01 3.19676800e-01 1.37906400e-01 9.05777000e-02 7.93249900e-01 8.18851100e-01 4.48503200e-01 5.96468900e-01 9.78794800e-01 9.86333800e+01 2.43737800e+00 6.87408400e+00 2.05228000e+00 1.86825200e+00 1.24282200e+03 5.75342500e+03 2.54675600e+03 8.22322800e+02 2.33096700e+02 9.56415500e-01 2.41485100e-01 2.42797300e-01 2.54571100e+00 1.40934100e+01 1.08960300e+03 1.47365900e+02 1.04169700e+00 1.41467100e+01 1.05867400e+03 1.50171400e+02 1.38517400e-01 1.60320900e-01 3.40686900e+03 1.02028600e-02 8.11707700e-01 4.48778300e-01 7.09432100e+01 6.59452100e+02 8.09968200e+01 1.57072900e+03 8.76629900e+01 2.03342700e+03 9.32335700e+01 2.36509700e+03 2.32165800e+02 5.88773700e+03 4.52358500e-01 7.32224600e-01 4.68515600e-01 6.48206700e-01 4.66207100e-01 6.06261600e-01 4.60703800e-01 5.76653700e-01 2.90479000e-01 2.99109300e-01 2.55418300e+01 1.06558200e+02 2.93105600e+01 8.92616300e+00 3.95804200e+02 2.40016600e+01 1.15141900e+04 7.07040400e+02 1.42148700e-01 7.19420900e-01 6.59624000e+00 1.87287500e+01 1.19429200e+04 7.45781000e+00
6.90725300e-01 6.32957300e+03 2.22146700e-02 1.15152900e-01 1.04158200e+00 5.06359400e-02 2.82667800e+00 3.02967200e+00 9.64170100e-01 1.00427500e+00 2.27218400e+02 1.92570000e+01 9.37150400e+01 4.60253700e+01 6.40322700e+00 8.63174400e-01 3.53719600e-01 8.93234900e-02 3.33488200e+00 1.01096900e+00 9.90750300e-01 9.21291100e-01 1.22866600e+00 9.98186400e-01 1.00185900e+00 9.88389200e-01 9.87655200e-01 6.65887500e+01 6.88744100e-01 3.11255900e-01 1.38012800e-01 9.19009600e-02 7.96528500e-01 8.11333700e-01 4.44385800e-01 5.94950400e-01 9.76114900e-01 9.96885100e+01 2.41913600e+00 7.23419200e+00 2.06904500e+00 1.86976900e+00 1.22833300e+03 5.74509700e+03 2.55092100e+03 8.25474600e+02 2.34220400e+02 9.64170100e-01 2.42347600e-01 2.43662900e-01 2.53849800e+00 1.40061300e+01 1.08947000e+03 1.46956400e+02 1.04192600e+00 1.41043000e+01 1.05905500e+03 1.49707800e+02 1.38876500e-01 1.60387200e-01 3.38223900e+03 1.01698600e-02 8.16790400e-01 4.51332400e-01 7.17887700e+01 6.51066100e+02 8.17456800e+01 1.55280800e+03 8.83603000e+01 2.01156300e+03 9.38936800e+01 2.34076000e+03 2.32507400e+02 5.85037700e+03 4.48938900e-01 7.36065300e-01 4.67026100e-01 6.52496900e-01 4.65678300e-01 6.10641900e-01 4.60809900e-01 5.81047300e-01 2.93008400e-01 3.02071600e-01 2.40909400e+01 1.06652700e+02 3.08360500e+01 9.56749700e+00 3.95709000e+02 2.26482500e+01 1.15103100e+04 7.06741500e+02 2.59901500e-02 1.27934900e+00 4.21755300e+00 8.64457200e+00 1.19382400e+04 5.52289200e+00
3.52759700e-01 6.33392500e+03 2.21304900e-02 1.09016500e-01 1.04189500e+00 5.90177300e-02 2.54985000e+00 3.02586800e+00 9.57593900e-01 1.00257400e+00 1.95128800e+02 1.92675300e+01 1.01726000e+02 3.45433600e+01 5.03254400e+00 6.05247400e-01 6.31735200e-01 2.02969500e-01 4.75488200e+00 1.03657200e+00 9.59520000e-01 1.04933700e+00 9.28028200e-01 9.97636000e-01 1.00190000e+00 1.00353100e+00 9.86120600e-01 6.55413800e+01 6.93197900e-01 3.06802100e-01 1.31792200e-01 8.63784000e-02 7.80589800e-01 7.89389600e-01 4.32366500e-01 5.80948300e-01 9.64195400e-01 1.00327600e+02 2.41468300e+00 7.95440700e+00 2.06118900e+00 1.83170500e+00 1.23029200e+03 5.74029800e+03 2.53392600e+03 8.23737700e+02 2.35004300e+02 9.57593900e-01 2.38406700e-01 2.39707400e-01 2.45680500e+00 1.42874400e+01 1.08874100e+03 1.50243000e+02 1.04244200e+00 1.44126000e+01 1.05817800e+03 1.53075200e+02 1.36519800e-01 1.59665800e-01 3.35763100e+03 9.90073800e-03 8.21046300e-01 4.53618900e-01 7.05912800e+01 6.61775100e+02 8.02680200e+01 1.57946700e+03 8.67030900e+01 2.04683100e+03 9.20893700e+01 2.38240000e+03 2.27343100e+02 5.96734300e+03 4.37193900e-01 7.21772500e-01 4.55895300e-01 6.40308200e-01 4.55088200e-01 5.99435900e-01 4.50667500e-01 5.70509200e-01 2.87912100e-01 2.96985300e-01 2.25910500e+01 1.03247400e+02 2.66626700e+01 1.10231900e+01 3.96928200e+02 2.33782000e+01 1.15194100e+04 7.06629800e+02 8.07261500e-04 1.67729600e+00 3.44985800e+00 5.35242800e+00 1.19507400e+04 5.12796200e+00
2.11474700e-01 6.33731900e+03 2.22292200e-02 1.11217300e-01 1.04178800e+00 4.66879200e-02 2.62465000e+00 3.00974000e+00 9.55625200e-01 1.00393900e+00 1.88474500e+02 1.67368700e+01 8.36550300e+01 4.73923900e+01 7.50117700e+00 9.30161500e-01 2.79776500e-01 3.36930300e-03 2.60755700e+00 9.20171400e-01 9.69196800e-01 1.08005400e+00 1.45628300e+00 9.95646500e-01 1.00383600e+00 9.93206500e-01 9.84703800e-01 6.56805400e+01 6.89166200e-01 3.10833800e-01 1.34091600e-01 8.80721100e-02 7.78818700e-01 7.92756600e-01 4.34210700e-01 5.81525000e-01 9.60988100e-01 9.97668100e+01 2.40790500e+00 6.73675500e+00 2.02821300e+00 1.84740000e+00 1.23913000e+03 5.77090800e+03 2.54200300e+03 8.24511000e+02 2.34699100e+02 9.55625200e-01 2.39519300e-01 2.40824200e-01 2.46511200e+00 1.42052400e+01 1.08889700e+03 1.49118400e+02 1.04226700e+00 1.43071200e+01 1.05863600e+03 1.51897100e+02 1.37466600e-01 1.59735100e-01 3.38014600e+03 1.00205700e-02 8.17208200e-01 4.51539700e-01 7.08029300e+01 6.60099900e+02 8.06123300e+01 1.57445800e+03 8.71295800e+01 2.03967900e+03 9.25818000e+01 2.37353300e+03 2.29193100e+02 5.93349300e+03 4.38718600e-01 7.19744000e-01 4.56500200e-01 6.38078100e-01 4.55232500e-01 5.97169200e-01 4.50506400e-01 5.68240800e-01 2.86595200e-01 2.95462000e-01 2.39358800e+01 1.05975900e+02 3.09232100e+01 1.19467700e+01 3.95864400e+02 2.36662100e+01 1.15109500e+04 7.06729500e+02 2.09506500e-02 1.34256300e+00 4.07179200e+00 2.00484900e+01 1.19424200e+04 5.43530600e+00
5.07108000e-01 6.33412600e+03 2.20780200e-02 1.11024600e-01 1.04136400e+00 4.77673700e-02 2.55678100e+00 3.00428500e+00 9.52388400e-01 9.99610900e-01 2.20810700e+02 1.67483200e+01 1.09424800e+02 2.83245400e+01 3.46326800e+00 3.81830400e-01 8.60502300e-01 9.93455200e-03 5.51181000e+00 7.87751100e-01 9.91668500e-01 1.15029600e+00 9.53088100e-01 9.96684100e-01 1.00153700e+00 9.95245500e-01 9.82384400e-01 6.46807900e+01 6.80305000e-01 3.19695000e-01 1.33747700e-01 8.65090800e-02 7.77562100e-01 8.02679800e-01 4.39645800e-01 5.84681100e-01 9.66824000e-01 9.86422000e+01 2.42054800e+00 6.86798100e+00 2.01717900e+00 1.83338800e+00 1.23468800e+03 5.71860600e+03 2.52569600e+03 8.19697400e+02 2.33540700e+02 9.52388400e-01 2.38485000e-01 2.39786100e-01 2.46877900e+00 1.43111600e+01 1.08899800e+03 1.49669300e+02 1.04189800e+00 1.43650600e+01 1.05821600e+03 1.52506200e+02 1.37018200e-01 1.59611500e-01 3.40431800e+03 1.00433600e-02 8.12065300e-01 4.48953400e-01 6.98624900e+01 6.69655600e+02 7.97636900e+01 1.59502500e+03 8.63287600e+01 2.06487500e+03 9.18148300e+01 2.40167100e+03 2.28637200e+02 5.97870200e+03 4.43456500e-01 7.17745100e-01 4.59293300e-01 6.35391400e-01 4.57029500e-01 5.94277300e-01 4.51634300e-01 5.65256000e-01 2.84768100e-01 2.93210100e-01 2.14420800e+01 1.03518600e+02 2.53978100e+01 9.88593700e+00 3.95671900e+02 2.43318100e+01 1.15176400e+04 7.07041100e+02 1.40928100e-01 7.68898900e-01 6.55422500e+00 6.21151800e+00 1.19475300e+04 7.46405200e+00
4.73034300e-01 6.33698200e+03 2.20800100e-02 1.16826600e-01 1.04122700e+00 4.65541300e-02 2.83532000e+00 3.00855500e+00 9.62699300e-01 9.96325700e-01 2.31037100e+02 2.48741600e+01 1.35704100e+02 1.81133000e+01 4.82379300e+00 7.14894100e-01 5.73357200e-01 7.05674500e-01 4.99829700e+00 8.59234500e-01 1.08456400e+00 1.13076300e+00 9.11006000e-01 9.99148600e-01 9.99359300e-01 9.95135600e-01 9.86984200e-01 6.58709700e+01 6.78376900e-01 3.21623100e-01 1.39551800e-01 9.19241200e-02 7.93383600e-01 8.21478600e-01 4.49942400e-01 5.97475400e-01 9.77543800e-01 9.83809800e+01 2.41357000e+00 6.85882600e+00 2.02581100e+00 1.84570600e+00 1.20900200e+03 5.62841000e+03 2.51142600e+03 8.12271100e+02 2.30184200e+02 9.62699300e-01 2.42412200e-01 2.43727800e-01 2.56672900e+00 1.40286000e+01 1.08979900e+03 1.46564900e+02 1.04157600e+00 1.40714600e+01 1.05886500e+03 1.49354100e+02 1.39104000e-01 1.60498600e-01 3.41605900e+03 1.02776600e-02 8.10109600e-01 4.47932900e-01 7.11798300e+01 6.57403900e+02 8.13162800e+01 1.56537500e+03 8.80344600e+01 2.02618700e+03 9.36471400e+01 2.35642500e+03 2.33490000e+02 5.86085000e+03 4.53627200e-01 7.32160800e-01 4.69354800e-01 6.47946400e-01 4.66823200e-01 6.05934000e-01 4.61168800e-01 5.76290200e-01 2.90213000e-01 2.98762500e-01 2.24295100e+01 1.04696600e+02 2.73083200e+01 9.94074300e+00 3.95889000e+02 2.27445200e+01 1.15246600e+04 7.07125400e+02 1.83934000e-01 6.25207500e-01 7.42138800e+00 5.37569300e+00 1.19532300e+04 8.23052900e+00
1.00666800e-01 6.33510000e+03 2.24557900e-02 1.15195600e-01 1.04162700e+00 4.45812400e-02 2.85653300e+00 3.00136400e+00 9.64959000e-01 9.95533800e-01 2.59021000e+02 4.03846100e+01 1.19592400e+02 3.13457500e+01 2.90374700e+00 4.59099600e-01 8.42744600e-01 1.01440900e-01 1.65067800e+00 1.00573100e+00 8.71940700e-01 1.02462200e+00 7.73228000e-01 9.98249300e-01 1.00110200e+00 1.00202800e+00 9.93554800e-01 6.71380600e+01 6.93186900e-01 3.06813100e-01 1.38296600e-01 9.28496400e-02 7.83795600e-01 7.92645700e-01 4.34150000e-01 5.83339400e-01 9.56573700e-01 1.00213800e+02 2.37688400e+00 6.55365000e+00 2.01129400e+00 1.83972500e+00 1.20799000e+03 5.67607600e+03 2.50989200e+03 8.12814900e+02 2.30525100e+02 9.64959000e-01 2.42859300e-01 2.44176600e-01 2.50455800e+00 1.39479600e+01 1.08920600e+03 1.46599100e+02 1.04192200e+00 1.40700600e+01 1.05962800e+03 1.49265300e+02 1.39396700e-01 1.60177500e-01 3.37528700e+03 1.01699000e-02 8.18774800e-01 4.52189100e-01 7.23065700e+01 6.46080300e+02 8.22199200e+01 1.54199500e+03 8.88122600e+01 1.99826100e+03 9.43301200e+01 2.32585900e+03 2.32884100e+02 5.82556200e+03 4.38984100e-01 7.24724600e-01 4.57740900e-01 6.42911800e-01 4.56920000e-01 6.01866000e-01 4.52474100e-01 5.72817000e-01 2.89023100e-01 2.98157300e-01 2.73837300e+01 1.04810300e+02 2.75976100e+01 1.35308900e+01 3.96263100e+02 2.25411400e+01 1.15188200e+04 7.06630000e+02 3.05733500e-03 1.53969800e+00 3.63963900e+00 7.22692100e+00 1.19511600e+04 5.18239500e+00
3.91514200e-01 6.33567500e+03 2.22218900e-02 1.26252700e-01 1.04004700e+00 4.46816000e-02 3.40070500e+00 3.02311100e+00 9.75519800e-01 9.93922400e-01 2.58959300e+02 5.97162400e+01 1.01198800e+02 4.37341000e+01 2.00582200e+00 6.14666800e-01 6.02154800e-01 7.44392800e-01 5.17541700e+00 1.11970200e+00 1.10050400e+00 9.14002700e-01 1.11190400e+00 9.97089600e-01 1.00000900e+00 1.00548300e+00 9.94536900e-01 6.88446000e+01 6.85373400e-01 3.14626600e-01 1.49119800e-01 1.02660900e-01 8.15516100e-01 8.35159800e-01 4.57435900e-01 6.10775200e-01 9.82873400e-01 9.90897200e+01 2.40223600e+00 6.82220500e+00 2.05551300e+00 1.87979400e+00 1.19393800e+03 5.60236300e+03 2.50312100e+03 8.00427800e+02 2.23818300e+02 9.75519800e-01 2.49971300e-01 2.51314300e-01 2.73719300e+00 1.35061300e+01 1.09099800e+03 1.41267200e+02 1.04002200e+00 1.35830900e+01 1.06031400e+03 1.43932400e+02 1.42798300e-01 1.61967600e-01 3.38681400e+03 1.05801400e-02 8.15241600e-01 4.50495500e-01 7.42769000e+01 6.29496400e+02 8.46689100e+01 1.50056600e+03 9.15673000e+01 1.94336700e+03 9.73355900e+01 2.26097800e+03 2.41577100e+02 5.64189700e+03 4.61757200e-01 7.53265500e-01 4.79498400e-01 6.67362400e-01 4.77713100e-01 6.24394400e-01 4.72453700e-01 5.94034000e-01 2.99346500e-01 3.08502000e-01 3.77768900e+01 1.09371300e+02 3.58826700e+01 1.05968500e+01 3.96255200e+02 2.17855200e+01 1.15197600e+04 7.06847600e+02 8.23193300e-02 9.26576500e-01 5.67713900e+00 9.42412000e+00 1.19483900e+04 6.68603500e+00
5.84653900e-01 6.33547100e+03 2.20114500e-02 1.22201000e-01 1.04034600e+00 5.24113100e-02 3.12962300e+00 3.02672600e+00 9.64562400e-01 9.93805100e-01 2.26588200e+02 3.51238700e+01 8.88201500e+01 4.31947300e+01 5.03415500e+00 3.46977300e-01 9.25575800e-01 2.30167400e-02 8.81080000e+00 1.25216400e+00 1.02453500e+00 1.01767000e+00 1.00975900e+00 9.96607900e-01 1.00210200e+00 1.00070000e+00 9.90977500e-01 6.70648200e+01 6.77928900e-01 3.22071100e-01 1.44857600e-01 9.71484700e-02 8.09562800e-01 8.38814200e-01 4.59437500e-01 6.09871700e-01 9.88560300e-01 9.82480100e+01 2.43587800e+00 7.60955800e+00 2.06295900e+00 1.85766200e+00 1.20874800e+03 5.59806300e+03 2.49218300e+03 7.98585800e+02 2.24296600e+02 9.64562400e-01 2.46356400e-01 2.47686400e-01 2.68360900e+00 1.37731900e+01 1.09065400e+03 1.43726100e+02 1.04051500e+00 1.38129700e+01 1.05932200e+03 1.46497100e+02 1.40893600e-01 1.61425300e-01 3.40797800e+03 1.04597000e-02 8.10905500e-01 4.48386500e-01 7.24794200e+01 6.45647200e+02 8.28119200e+01 1.53727800e+03 8.96593800e+01 1.98975300e+03 9.53797700e+01 2.31399900e+03 2.37875600e+02 5.75419500e+03 4.63113200e-01 7.47045000e-01 4.79058700e-01 6.61066800e-01 4.76423300e-01 6.18181700e-01 4.70618600e-01 5.87924700e-01 2.96018200e-01 3.04742500e-01 3.53720300e+01 1.08790900e+02 3.45056600e+01 9.49657300e+00 3.95950900e+02 2.31776100e+01 1.15083700e+04 7.07145900e+02 2.08650600e-01 5.80430900e-01 8.04437000e+00 1.79690100e+01 1.19369900e+04 8.83345200e+00
6.03292200e-01 6.33924700e+03 2.20636200e-02 1.25258700e-01 1.04024400e+00 5.18792200e-02 3.31028000e+00 3.03504300e+00 9.65465400e-01 9.94160200e-01 2.55657400e+02 5.78797000e+01 9.21051800e+01 4.95153400e+01 4.61013500e+00 7.07883900e-01 5.06850800e-01 1.91528000e-01 3.54561300e+00 9.08576700e-01 9.77282000e-01 8.26437700e-01 1.01875300e+00 9.97058800e-01 9.99426100e-01 9.98284700e-01 9.97321800e-01 6.80902100e+01 6.80848400e-01 3.19151600e-01 1.47967500e-01 1.00751400e-01 8.17414600e-01 8.43102300e-01 4.61786200e-01 6.14386500e-01 9.90604000e-01 9.85805500e+01 2.44250300e+00 7.60955800e+00 2.08018800e+00 1.87517100e+00 1.21663100e+03 5.62667600e+03 2.49612300e+03 7.95640900e+02 2.22357300e+02 9.65465400e-01 2.48739600e-01 2.50078200e-01 2.73698200e+00 1.36011200e+01 1.09103100e+03 1.42051700e+02 1.04028500e+00 1.36550800e+01 1.05981800e+03 1.44779300e+02 1.42087600e-01 1.61919600e-01 3.39992900e+03 1.05593900e-02 8.12537600e-01 4.49202900e-01 7.35351000e+01 6.36172600e+02 8.39429000e+01 1.51539900e+03 9.08447000e+01 1.96187500e+03 9.66125400e+01 2.28193700e+03 2.40502100e+02 5.68203700e+03 4.65758900e-01 7.54569900e-01 4.82509300e-01 6.68028500e-01 4.80183900e-01 6.24816000e-01 4.74549400e-01 5.94310600e-01 2.99320300e-01 3.08274600e-01 3.95691300e+01 1.07528500e+02 3.79864000e+01 9.56118400e+00 3.95904700e+02 2.36015800e+01 1.15255900e+04 7.07018500e+02 1.52701300e-01 7.19420900e-01 7.01219800e+00 8.93518600e+00 1.19546600e+04 7.88432000e+00
7.28143500e-01 6.33274500e+03 2.19517900e-02 1.14942800e-01 1.04121900e+00 5.51631400e-02 2.73963600e+00 3.02101800e+00 9.54829700e-01 9.97253500e-01 2.27206400e+02 2.42133100e+01 9.69387200e+01 3.92620900e+01 5.77883400e+00 8.12837500e-01 2.17073500e-01 3.49593300e-01 6.12748400e+00 1.23577100e+00 9.05608800e-01 8.80960700e-01 1.16779600e+00 9.98043900e-01 9.98964500e-01 1.00082500e+00 9.90530900e-01 6.53070100e+01 6.77515700e-01 3.22484300e-01 1.37539700e-01 8.98230700e-02 7.93152800e-01 8.22338300e-01 4.50413200e-01 5.97701000e-01 9.81469900e-01 9.83091000e+01 2.44381800e+00 7.74078400e+00 2.05121600e+00 1.83695000e+00 1.22707900e+03 5.65453000e+03 2.50549900e+03 8.08740600e+02 2.29204800e+02 9.54829700e-01 2.41024800e-01 2.42335300e-01 2.55680400e+00 1.41392800e+01 1.08969500e+03 1.47681100e+02 1.04164200e+00 1.41777200e+01 1.05833100e+03 1.50533800e+02 1.38177400e-01 1.60363800e-01 3.41167400e+03 1.01964000e-02 8.10445100e-01 4.48200600e-01 7.05817100e+01 6.63040700e+02 8.06552000e+01 1.57857900e+03 8.73303200e+01 2.04313700e+03 9.29064200e+01 2.37602300e+03 2.31775300e+02 5.90717800e+03 4.54052300e-01 7.31865600e-01 4.69582300e-01 6.47596600e-01 4.66952000e-01 6.05570800e-01 4.61232200e-01 5.75922600e-01 2.90011100e-01 2.98510400e-01 2.58499900e+01 1.03472400e+02 2.94051800e+01 9.03857000e+00 3.96372100e+02 2.43161200e+01 1.15110100e+04 7.07165000e+02 1.96868800e-01 6.25207500e-01 7.60394100e+00 9.16128300e+00 1.19407400e+04 8.42601800e+00
1.04538800e+00 6.33259500e+03 2.20192400e-02 1.13123400e-01 1.04133600e+00 6.71769800e-02 2.67997500e+00 3.04073300e+00 9.55889100e-01 9.98082300e-01 2.18045900e+02 2.05258100e+01 9.54930600e+01 4.17536900e+01 6.11569200e+00 9.92839200e-01 1.53946500e-01 2.08461700e-01 4.93112300e+00 1.19244000e+00 1.09076000e+00 9.12451200e-01 1.26637000e+00 9.96869300e-01 1.00059100e+00 9.97561200e-01 9.88928400e-01 6.53399700e+01 6.81944500e-01 3.18055500e-01 1.35787800e-01 8.87237000e-02 7.96628800e-01 8.20251100e-01 4.49270000e-01 5.98248700e-01 9.85522500e-01 9.88533300e+01 2.45736500e+00 8.85467500e+00 2.09205700e+00 1.82904500e+00 1.22699100e+03 5.66056800e+03 2.50498500e+03 8.10378000e+02 2.30358000e+02 9.55889100e-01 2.40217200e-01 2.41524700e-01 2.52313200e+00 1.41873300e+01 1.08938600e+03 1.48450600e+02 1.04179300e+00 1.42495300e+01 1.05833100e+03 1.51290800e+02 1.37698700e-01 1.60110500e-01 3.39637700e+03 1.01082200e-02 8.13396000e-01 4.49695200e-01 7.05486500e+01 6.63020100e+02 8.05058500e+01 1.57962500e+03 8.71104700e+01 2.04520200e+03 9.26307300e+01 2.37900400e+03 2.30422300e+02 5.92680800e+03 4.53297100e-01 7.35500400e-01 4.69883000e-01 6.51278200e-01 4.67750600e-01 6.09205200e-01 4.62349500e-01 5.79497400e-01 2.91989300e-01 3.00720600e-01 2.50758100e+01 1.04707400e+02 3.16931700e+01 8.50615000e+00 4.00953800e+02 2.42750500e+01 1.15080400e+04 7.06974100e+02 1.10272200e-01 8.20176000e-01 5.94428400e+00 9.56785300e+00 1.19417700e+04 6.87473200e+00
6.92639400e-01 6.33140100e+03 2.21644700e-02 1.20931100e-01 1.04074800e+00 5.01170500e-02 3.08873900e+00 3.02688500e+00 9.66515300e-01 9.95944500e-01 2.25248500e+02 4.19243100e+01 8.03599300e+01 5.37169100e+01 4.53127700e+00 7.19322400e-01 6.68980900e-01 2.71076300e-01 1.32611100e+00 9.66854600e-01 9.28553800e-01 8.50690000e-01 1.02327100e+00 9.98126900e-01 1.00170900e+00 9.98651500e-01 9.98637000e-01 6.72955300e+01 6.82599800e-01 3.17400200e-01 1.43740700e-01 9.67310500e-02 8.07117400e-01 8.30194200e-01 4.54716100e-01 6.05812900e-01 9.83883300e-01 9.88315700e+01 2.42479900e+00 7.31048600e+00 2.06328600e+00 1.86650200e+00 1.21238300e+03 5.64658600e+03 2.51260200e+03 8.07483200e+02 2.27407100e+02 9.66515300e-01 2.45881900e-01 2.47210200e-01 2.63967400e+00 1.37828200e+01 1.09030500e+03 1.44135700e+02 1.04092600e+00 1.38468700e+01 1.05955100e+03 1.46862000e+02 1.40786700e-01 1.61152400e-01 3.40003500e+03 1.04069800e-02 8.13018700e-01 4.49386100e-01 7.26517800e+01 6.43777800e+02 8.28882200e+01 1.53394400e+03 8.96791100e+01 1.98616300e+03 9.53555300e+01 2.31041500e+03 2.37095200e+02 5.75775900e+03 4.58786900e-01 7.45242400e-01 4.75732600e-01 6.59965800e-01 4.73646500e-01 6.17355700e-01 4.68224700e-01 5.87264800e-01 2.95867800e-01 3.04777900e-01 2.99941900e+01 1.04708200e+02 3.37608600e+01 9.35500200e+00 3.95767900e+02 2.28948900e+01 1.15156500e+04 7.06948500e+02 1.14039200e-01 8.20176000e-01 6.18553700e+00 5.06884900e+00 1.19436700e+04 7.11975300e+00
2.50693000e-01 6.33348100e+03 2.23605900e-02 1.20397300e-01 1.04084400e+00 4.80556800e-02 3.17574300e+00 3.02387200e+00 9.73413100e-01 9.97346900e-01 2.76807600e+02 4.12126600e+01 9.83265500e+01 3.54099900e+01 1.59028900e+00 3.40030300e-01 7.38440100e-01 2.81313800e-01 8.91748600e+00 1.01671700e+00 6.96792500e-01 9.84412800e-01 8.65757900e-01 9.98263800e-01 1.00036100e+00 9.95954700e-01 9.89712500e-01 6.86871300e+01 6.96046300e-01 3.03953700e-01 1.43403000e-01 9.84994200e-02 8.02988700e-01 8.08262700e-01 4.42703700e-01 5.96226500e-01 9.68883900e-01 1.00524400e+02 2.38611300e+00 7.05413800e+00 2.05708000e+00 1.86857500e+00 1.20237000e+03 5.66874500e+03 2.51770800e+03 8.09646500e+02 2.27768800e+02 9.73413100e-01 2.47112500e-01 2.48445200e-01 2.63213700e+00 1.36688500e+01 1.09009400e+03 1.43693900e+02 1.04094800e+00 1.38041500e+01 1.06004700e+03 1.46351200e+02 1.41148000e-01 1.61237400e-01 3.35305900e+03 1.03226600e-02 8.22196800e-01 4.54034700e-01 7.39308400e+01 6.31678600e+02 8.39893800e+01 1.50831500e+03 9.06827300e+01 1.95507000e+03 9.62872500e+01 2.27596100e+03 2.37239600e+02 5.70864900e+03 4.47825700e-01 7.42753900e-01 4.67676200e-01 6.59216600e-01 4.67172900e-01 6.17258500e-01 4.62849400e-01 5.87546200e-01 2.96531600e-01 3.06056900e-01 3.25875300e+01 1.05100100e+02 2.94665300e+01 1.17606000e+01 3.95825200e+02 2.17866700e+01 1.15203800e+04 7.06575500e+02 6.92285700e-05 1.74777200e+00 3.47399300e+00 5.40754300e+00 1.19497600e+04 5.22183400e+00
1.66834100e-01 6.33525500e+03 2.24304800e-02 1.16092100e-01 1.04145400e+00 4.90095000e-02 2.94556800e+00 3.01653500e+00 9.67634600e-01 9.97505900e-01 2.68548400e+02 3.79141200e+01 1.17065800e+02 2.46166400e+01 1.43029200e+00 5.13471900e-01 7.50115900e-01 8.45318800e-01 9.00620300e+00 6.44397500e-01 9.96113800e-01 1.12736900e+00 9.09997100e-01 9.96348600e-01 1.00010100e+00 9.92397300e-01 9.93409100e-01 6.77899200e+01 6.97163400e-01 3.02836600e-01 1.39167800e-01 9.43417100e-02 7.90882300e-01 7.94612500e-01 4.35227200e-01 5.86697100e-01 9.60570600e-01 1.00725300e+02 2.38378100e+00 7.05108600e+00 2.04204100e+00 1.85137900e+00 1.21060200e+03 5.69670600e+03 2.51832900e+03 8.13674600e+02 2.30225500e+02 9.67634600e-01 2.44065900e-01 2.45387500e-01 2.53970600e+00 1.38641800e+01 1.08940300e+03 1.45917600e+02 1.04169700e+00 1.40076800e+01 1.05970400e+03 1.48584500e+02 1.39736100e-01 1.60500000e-01 3.35549100e+03 1.01720800e-02 8.22245300e-01 4.54016200e-01 7.29456500e+01 6.40129500e+02 8.28408000e+01 1.52876300e+03 8.94271100e+01 1.98175300e+03 9.49427900e+01 2.30716800e+03 2.33745300e+02 5.79008400e+03 4.40387000e-01 7.31668400e-01 4.60185100e-01 6.49503700e-01 4.59820400e-01 6.08216900e-01 4.55651800e-01 5.78973000e-01 2.92278700e-01 3.01700600e-01 2.98922900e+01 1.06184300e+02 3.11800500e+01 1.25926900e+01 3.95702500e+02 2.23617800e+01 1.15193200e+04 7.06557800e+02 2.50626800e-03 1.89191900e+00 3.36923800e+00 8.71180900e+00 1.19499800e+04 5.26366300e+00
4.65809300e-01 6.33111100e+03 2.22871000e-02 1.16713600e-01 1.04116700e+00 5.23043100e-02 2.94842000e+00 3.02900100e+00 9.65465300e-01 1.00055900e+00 2.56694700e+02 3.22250500e+01 1.07510700e+02 2.69242500e+01 1.53399300e+00 4.42932700e-01 2.31113000e-01 7.08365300e-03 8.18400200e+00 8.95299600e-01 1.18227900e+00 1.13933500e+00 1.24167000e+00 9.97181100e-01 9.99253800e-01 1.00083500e+00 9.93342100e-01 6.73870800e+01 6.92479200e-01 3.07520800e-01 1.39645800e-01 9.41032300e-02 7.97621300e-01 8.07557300e-01 4.42317400e-01 5.93971200e-01 9.71646800e-01 1.00110900e+02 2.41042500e+00 7.42950400e+00 2.06765700e+00 1.86229100e+00 1.22120000e+03 5.71522800e+03 2.52857700e+03 8.15513900e+02 2.30541900e+02 9.65465300e-01 2.44046000e-01 2.45367600e-01 2.56729100e+00 1.38869700e+01 1.08964000e+03 1.45849100e+02 1.04142800e+00 1.40047300e+01 1.05943700e+03 1.48561000e+02 1.39640800e-01 1.60643400e-01 3.36576700e+03 1.02052000e-02 8.19749200e-01 4.52815800e-01 7.25908600e+01 6.43598400e+02 8.25606200e+01 1.53590900e+03 8.91894700e+01 1.99026900e+03 9.47374200e+01 2.31647100e+03 2.33996800e+02 5.80017200e+03 4.47145500e-01 7.37441700e-01 4.66085000e-01 6.54119600e-01 4.65171500e-01 6.12327400e-01 4.60593900e-01 5.82754400e-01 2.94001700e-01 3.03269000e-01 2.96446100e+01 1.03594400e+02 2.88042700e+01 1.04513500e+01 3.95764600e+02 2.27218400e+01 1.15158700e+04 7.06645600e+02 5.63212000e-03 1.53969800e+00 3.73886200e+00 5.48245600e+00 1.19448100e+04 5.28419300e+00
1.13430300e+00 6.33666300e+03 2.26260400e-02 1.18228800e-01 1.04115600e+00 5.12981700e-02 3.01915900e+00 3.04101400e+00 9.67529400e-01 1.00235300e+00 1.98687600e+02 2.59714600e+01 1.13514400e+02 2.98064100e+01 3.19031100e+00 7.35486900e-01 2.48983800e-01 2.72146500e-01 7.49240900e+00 1.17081900e+00 7.41113900e-01 1.11710200e+00 1.03963600e+00 9.99127500e-01 1.00347000e+00 1.00257100e+00 9.88123100e-01 6.79547100e+01 6.93579900e-01 3.06420100e-01 1.41500000e-01 9.61558900e-02 8.04619000e-01 8.13182900e-01 4.45398600e-01 5.98645300e-01 9.76068900e-01 1.00172600e+02 2.42112500e+00 7.28607200e+00 2.09264600e+00 1.88859400e+00 1.23375000e+03 5.79501900e+03 2.55647800e+03 8.25074700e+02 2.33616200e+02 9.67529400e-01 2.45129100e-01 2.46454600e-01 2.53072200e+00 1.37849500e+01 1.08942300e+03 1.44829000e+02 1.04133600e+00 1.39080100e+01 1.06039000e+03 1.47410800e+02 1.40825500e-01 1.60399800e-01 3.37816200e+03 1.02919300e-02 8.18493800e-01 4.51907900e-01 7.31830600e+01 6.38311600e+02 8.32052900e+01 1.52355600e+03 8.98706800e+01 1.97443400e+03 9.54500100e+01 2.29818200e+03 2.35579700e+02 5.75743200e+03 4.50351600e-01 7.44017800e-01 4.69697200e-01 6.60069400e-01 4.68902900e-01 6.17945300e-01 4.64372100e-01 5.88130700e-01 2.96743700e-01 3.06153600e-01 2.53243900e+01 1.07901700e+02 3.15887500e+01 8.69527000e+00 3.95713400e+02 2.30428200e+01 1.15256400e+04 7.06621700e+02 4.13151400e-03 1.53969800e+00 3.75999900e+00 8.30756500e+00 1.19530900e+04 5.30382900e+00
2.59017300e-01 6.34164800e+03 2.25692000e-02 1.20726300e-01 1.04095900e+00 4.51298100e-02 3.21329000e+00 3.02657900e+00 9.73802400e-01 1.00039300e+00 2.53418000e+02 5.49461600e+01 6.45823500e+01 6.15014600e+01 3.27294400e+00 5.20869800e-01 7.19694000e-01 1.39834700e-01 4.04440200e+00 1.07380700e+00 1.05055000e+00 8.92748400e-01 1.27324700e+00 9.96607300e-01 1.00328600e+00 9.97527800e-01 9.96207800e-01 6.92218000e+01 6.99601600e-01 3.00398400e-01 1.43940600e-01 9.96382900e-02 8.03412600e-01 8.03945800e-01 4.40339300e-01 5.94789100e-01 9.65644300e-01 1.00961000e+02 2.38369700e+00 6.70929000e+00 2.06265500e+00 1.88463600e+00 1.21328700e+03 5.73503000e+03 2.53666000e+03 8.15672700e+02 2.29537000e+02 9.73802400e-01 2.47682200e-01 2.49017000e-01 2.60676400e+00 1.36082200e+01 1.08989500e+03 1.43269500e+02 1.04101300e+00 1.37625000e+01 1.06058100e+03 1.45851400e+02 1.41697700e-01 1.61097800e-01 3.34909300e+03 1.03359600e-02 8.23623200e-01 4.54623700e-01 7.44444300e+01 6.27068800e+02 8.44770800e+01 1.49815200e+03 9.11586600e+01 1.94245300e+03 9.67559200e+01 2.26172900e+03 2.37801300e+02 5.68288200e+03 4.45744100e-01 7.43499400e-01 4.66386800e-01 6.60269400e-01 4.66300900e-01 6.18407600e-01 4.62262000e-01 5.88741400e-01 2.97272300e-01 3.06989100e-01 3.92496600e+01 1.08396100e+02 3.70553100e+01 1.17440400e+01 3.96256000e+02 2.18863000e+01 1.15334200e+04 7.06526700e+02 9.29448700e-03 2.04033800e+00 3.39785700e+00 8.01282600e+00 1.19633100e+04 5.44748900e+00
8.51826300e-01 6.33969000e+03 2.22555100e-02 1.21506500e-01 1.04074100e+00 4.95387900e-02 3.17179100e+00 3.04025900e+00 9.69938400e-01 1.00132900e+00 2.11165800e+02 3.89062500e+01 1.48085100e+02 2.03101200e+01 8.70020800e+00 7.96094600e-01 7.12506100e-01 5.01241600e-01 1.13184700e+00 1.39583700e+00 1.08487800e+00 1.19524100e+00 9.63293100e-01 9.99675700e-01 1.00101300e+00 1.00377000e+00 9.99909500e-01 6.81304900e+01 6.88895900e-01 3.11104100e-01 1.44407200e-01 9.83853400e-02 8.12641300e-01 8.27544100e-01 4.53264600e-01 6.06911400e-01 9.84528100e-01 9.96048900e+01 2.42505300e+00 7.24945100e+00 2.09106700e+00 1.89382100e+00 1.22358400e+03 5.72686900e+03 2.54475000e+03 8.16918100e+02 2.29795700e+02 9.69938400e-01 2.47019100e-01 2.48351500e-01 2.65102900e+00 1.36913400e+01 1.09031900e+03 1.43511200e+02 1.04085000e+00 1.37878800e+01 1.05989500e+03 1.46197200e+02 1.41243400e-01 1.61318500e-01 3.37841400e+03 1.03979800e-02 8.17203600e-01 4.51505700e-01 7.34450400e+01 6.36375400e+02 8.36285800e+01 1.51779800e+03 9.03939300e+01 1.96622900e+03 9.60534900e+01 2.28802100e+03 2.37837300e+02 5.71888400e+03 4.57905600e-01 7.50960400e-01 4.76376800e-01 6.65705100e-01 4.75012000e-01 6.23003800e-01 4.70052300e-01 5.92810200e-01 2.98897400e-01 3.08174500e-01 2.86742200e+01 1.09995000e+02 3.36056200e+01 9.15252300e+00 3.95757600e+02 2.25904000e+01 1.15302800e+04 7.06737200e+02 3.28828000e-02 1.21731700e+00 4.49976800e+00 9.10986800e+00 1.19577800e+04 5.74996800e+00
9.01799100e-01 6.33017500e+03 2.22467200e-02 1.19857400e-01 1.04085500e+00 5.63794500e-02 3.04386400e+00 3.04609700e+00 9.67160800e-01 1.00018600e+00 2.08131900e+02 2.31638300e+01 1.22690000e+02 2.68150200e+01 7.05684800e+00 8.01567100e-01 4.50115200e-01 3.69989300e-01 3.02088800e+00 1.08254300e+00 1.03012800e+00 1.17824200e+00 1.20666600e+00 9.97924400e-01 1.00112300e+00 9.96069500e-01 9.97237500e-01 6.72552500e+01 6.84411300e-01 3.15588700e-01 1.42749200e-01 9.60063500e-02 8.12630000e-01 8.33475700e-01 4.56513400e-01 6.09078400e-01 9.90899800e-01 9.90523800e+01 2.44341200e+00 7.91778600e+00 2.10330800e+00 1.87902400e+00 1.22273900e+03 5.70177100e+03 2.53546200e+03 8.16362300e+02 2.30568900e+02 9.67160800e-01 2.45316600e-01 2.46642800e-01 2.60820900e+00 1.38136800e+01 1.09006100e+03 1.44572900e+02 1.04104700e+00 1.38872600e+01 1.05962800e+03 1.47278300e+02 1.40584100e-01 1.60915300e-01 3.39682300e+03 1.03659700e-02 8.13861700e-01 4.49766700e-01 7.25754800e+01 6.44325600e+02 8.27550200e+01 1.53567700e+03 8.95108700e+01 1.98868600e+03 9.51592700e+01 2.31357700e+03 2.36329700e+02 5.77046500e+03 4.60790800e-01 7.50508300e-01 4.78255100e-01 6.64821500e-01 4.76363900e-01 6.21977400e-01 4.71046700e-01 5.91710300e-01 2.98183100e-01 3.07234600e-01 2.30324100e+01 1.06250000e+02 2.94211500e+01 8.89453800e+00 3.96527100e+02 2.29137500e+01 1.15124000e+04 7.06881200e+02 8.62926100e-02 9.26576500e-01 5.63368400e+00 6.08297800e+00 1.19407400e+04 6.64655300e+00
