4.03571900e-01 6.33379300e+03 2.21664300e-02 1.16384500e-01 1.04176900e+00 4.68499100e-02 2.86882100e+00 3.01701500e+00 9.60078400e-01 1.00053400e+00 2.53202400e+02 3.78204300e+01 1.01533400e+02 3.95752100e+01 5.55012900e+00 8.69703200e-01 1.14347900e-01 3.78263400e-01 4.75074000e+00 8.66706100e-01 7.01282200e-01 8.76785900e-01 1.11884000e+00 9.97554400e-01 9.98758000e-01 9.91991700e-01 9.89829000e-01 6.66693100e+01 6.86833600e-01 3.13166400e-01 1.39196100e-01 9.28010700e-02 7.93624200e-01 8.10852400e-01 4.44122100e-01 5.93688500e-01 9.71967800e-01 9.94721800e+01 2.41661300e+00 6.87103300e+00 2.04302100e+00 1.86028500e+00 1.22958700e+03 5.71467000e+03 2.52870200e+03 8.15493000e+02 2.30659200e+02 9.60078400e-01 2.42908600e-01 2.44226000e-01 2.56230000e+00 1.39649200e+01 1.08968200e+03 1.46442000e+02 1.04209700e+00 1.40526300e+01 1.05905500e+03 1.49202400e+02 1.39195100e-01 1.60608400e-01 3.39160800e+03 1.02277000e-02 8.15157200e-01 4.50520900e-01 7.19086700e+01 6.50119200e+02 8.19310200e+01 1.55008800e+03 8.85862600e+01 2.00773900e+03 9.41522800e+01 2.33606300e+03 2.33444200e+02 5.83337600e+03 4.48485300e-01 7.33197100e-01 4.66089500e-01 6.49752000e-01 4.64528200e-01 6.07989200e-01 4.59529100e-01 5.78471200e-01 2.91628600e-01 3.00572700e-01 2.96136300e+01 1.04455800e+02 3.28834300e+01 1.05844300e+01 3.95878700e+02 2.34776200e+01 1.15174600e+04 7.06799400e+02 4.17123000e-02 1.15641700e+00 4.53743100e+00 7.64927700e+00 1.19474000e+04 5.73556000e+00
1.14243100e+00 6.32956000e+03 2.26308100e-02 1.19538600e-01 1.04136900e+00 5.65924300e-02 3.09264300e+00 3.05538100e+00 9.69592100e-01 1.00379700e+00 2.48427200e+02 3.37801300e+01 1.03053800e+02 4.12397100e+01 6.36085500e+00 7.16527400e-01 6.61089900e-01 1.97230900e-01 6.69654600e-01 8.37074500e-01 9.18057300e-01 1.01552200e+00 9.64011100e-01 9.98935200e-01 1.00185300e+00 1.00103000e+00 9.94917500e-01 6.84271200e+01 6.94988700e-01 3.05011300e-01 1.42814600e-01 9.77239000e-02 8.13472700e-01 8.20238800e-01 4.49263300e-01 6.04535700e-01 9.83396900e-01 1.00375900e+02 2.43410600e+00 7.85369900e+00 2.12292800e+00 1.89574400e+00 1.23393400e+03 5.79337900e+03 2.55845400e+03 8.24521800e+02 2.33195800e+02 9.69592100e-01 2.46113600e-01 2.47442700e-01 2.55481600e+00 1.37078000e+01 1.08960000e+03 1.44119000e+02 1.04149200e+00 1.38377500e+01 1.06054300e+03 1.46690200e+02 1.41310000e-01 1.60661400e-01 3.37626400e+03 1.03369300e-02 8.19067600e-01 4.52210100e-01 7.36650700e+01 6.34036000e+02 8.37165800e+01 1.51368200e+03 9.04035700e+01 1.96185400e+03 9.60019600e+01 2.28371700e+03 2.36716100e+02 5.72504300e+03 4.54395300e-01 7.52341900e-01 4.74261300e-01 6.67605400e-01 4.73621600e-01 6.25063100e-01 4.69152700e-01 5.94943900e-01 3.00227300e-01 3.09816000e-01 2.66713900e+01 1.05710200e+02 3.12171400e+01 8.70865300e+00 3.96433900e+02 2.28437200e+01 1.15147000e+04 7.06594000e+02 5.48047000e-04 1.67729600e+00 3.57564100e+00 4.58758500e+00 1.19426800e+04 5.25348600e+00
1.01382300e+00 6.33209400e+03 2.26691000e-02 1.22411500e-01 1.04085000e+00 6.55396100e-02 3.28040200e+00 3.07610100e+00 9.73886100e-01 1.00275000e+00 2.70335900e+02 3.19976500e+01 1.15340500e+02 3.48375400e+01 3.73685300e+00 8.28096900e-01 5.94698400e-02 1.22992600e-01 6.25572800e+00 9.41578100e-01 1.06844100e+00 1.01391900e+00 1.15591500e+00 9.96740300e-01 1.00171100e+00 9.98891700e-01 9.90995300e-01 6.94561800e+01 6.97925200e-01 3.02074800e-01 1.45725700e-01 1.01215500e-01 8.26757800e-01 8.29611800e-01 4.54397100e-01 6.12924500e-01 9.92025600e-01 1.00701800e+02 2.44793300e+00 8.79058800e+00 2.16737300e+00 1.90110700e+00 1.22862700e+03 5.77115700e+03 2.54794300e+03 8.17812500e+02 2.30386000e+02 9.73886100e-01 2.48594900e-01 2.49933000e-01 2.61137500e+00 1.35412100e+01 1.08998000e+03 1.42447800e+02 1.04086000e+00 1.36855800e+01 1.06096300e+03 1.44986000e+02 1.42455000e-01 1.61142000e-01 3.36120200e+03 1.04189200e-02 8.21657900e-01 4.53523400e-01 7.47247000e+01 6.24836000e+02 8.48407600e+01 1.49241800e+03 9.15752900e+01 1.93475500e+03 9.72156500e+01 2.25255000e+03 2.39214800e+02 5.65511000e+03 4.59820100e-01 7.64928900e-01 4.80678800e-01 6.79105900e-01 4.80385200e-01 6.35968600e-01 4.76088000e-01 6.05409200e-01 3.05608800e-01 3.15521500e-01 2.94369100e+01 1.10256800e+02 3.51138500e+01 8.99452100e+00 3.99649900e+02 2.26340000e+01 1.15145600e+04 7.06547000e+02 1.81790100e-03 1.89191900e+00 3.45289600e+00 6.45037700e+00 1.19458400e+04 5.34663300e+00
1.09947300e+00 6.32782200e+03 2.25947200e-02 1.21056300e-01 1.04060700e+00 6.28690000e-02 3.18619300e+00 3.06632100e+00 9.69722500e-01 1.00152500e+00 2.68441900e+02 4.00235300e+01 1.04589400e+02 4.01221300e+01 1.62812800e+00 6.21523100e-01 6.30424000e-01 4.43823300e-01 6.02492200e+00 1.04086300e+00 9.89277000e-01 8.16109800e-01 6.95470400e-01 9.98239300e-01 9.98590000e-01 9.97753200e-01 9.93352200e-01 6.86944600e+01 6.94218500e-01 3.05781500e-01 1.44296100e-01 9.91234400e-02 8.19746700e-01 8.27608000e-01 4.53299600e-01 6.09582500e-01 9.89051300e-01 1.00204500e+02 2.44828300e+00 8.51593000e+00 2.14628000e+00 1.89268800e+00 1.23223900e+03 5.76866900e+03 2.54307700e+03 8.16825000e+02 2.30346200e+02 9.69722500e-01 2.47336800e-01 2.48670300e-01 2.59297400e+00 1.36446800e+01 1.08986500e+03 1.43299100e+02 1.04068200e+00 1.37697300e+01 1.06065800e+03 1.45869800e+02 1.41799200e-01 1.60897900e-01 3.36939500e+03 1.03800800e-02 8.19691500e-01 4.52546300e-01 7.39668400e+01 6.31503700e+02 8.40799000e+01 1.50745400e+03 9.08066600e+01 1.95366400e+03 9.64378000e+01 2.27408500e+03 2.37916500e+02 5.69877500e+03 4.58394800e-01 7.58066000e-01 4.78240200e-01 6.72597700e-01 4.77503400e-01 6.29701000e-01 4.72937100e-01 5.99335600e-01 3.02402500e-01 3.12031200e-01 3.02096700e+01 1.06293800e+02 3.27002300e+01 8.77057600e+00 3.98590400e+02 2.31871100e+01 1.15081000e+04 7.06608800e+02 3.53108200e-03 1.53969800e+00 3.78339900e+00 5.05998700e+00 1.19386500e+04 5.32662900e+00
9.20302800e-01 6.33355200e+03 2.25680000e-02 1.24126300e-01 1.04004500e+00 5.32044500e-02 3.35702400e+00 3.05557400e+00 9.73723000e-01 1.00159800e+00 2.11173200e+02 5.25448800e+01 1.24649000e+02 3.19603900e+01 4.04517400e+00 7.73590500e-01 1.03341700e-01 7.46013200e-01 1.78517100e+00 8.17195400e-01 1.03011500e+00 1.02249700e+00 1.25308100e+00 9.96709800e-01 9.99414600e-01 1.00679200e+00 1.00130700e+00 6.93756100e+01 6.93870400e-01 3.06129600e-01 1.47339400e-01 1.02217600e-01 8.21335800e-01 8.29684100e-01 4.54436700e-01 6.10937900e-01 9.86091800e-01 1.00105500e+02 2.42966000e+00 7.62481700e+00 2.12333700e+00 1.90900100e+00 1.22669000e+03 5.76655300e+03 2.54889400e+03 8.16015300e+02 2.29023700e+02 9.73723000e-01 2.49543100e-01 2.50884600e-01 2.65585000e+00 1.35061700e+01 1.09032800e+03 1.41735100e+02 1.04001900e+00 1.36281300e+01 1.06092500e+03 1.44295000e+02 1.42840300e-01 1.61384900e-01 3.36503200e+03 1.04826600e-02 8.20104200e-01 4.52772100e-01 7.47084100e+01 6.25258400e+02 8.49317200e+01 1.49246900e+03 9.17313000e+01 1.93419200e+03 9.74231600e+01 2.25137700e+03 2.40402100e+02 5.64096900e+03 4.59482400e-01 7.59499500e-01 4.79288100e-01 6.73829200e-01 4.78508900e-01 6.30836600e-01 4.73905800e-01 6.00405600e-01 3.02906900e-01 3.12549400e-01 3.13231000e+01 1.07720900e+02 3.25247000e+01 9.11935200e+00 3.95908300e+02 2.25647100e+01 1.15215100e+04 7.06615800e+02 6.38768700e-03 1.47275900e+00 3.93919800e+00 5.96400500e+00 1.19491100e+04 5.41834400e+00
5.65114100e-01 6.33139200e+03 2.22768900e-02 1.23948000e-01 1.04027400e+00 5.82429900e-02 3.28184000e+00 3.07001700e+00 9.67536300e-01 1.00556300e+00 2.72404000e+02 4.45336200e+01 1.07326200e+02 4.07775600e+01 3.01594500e+00 4.86301700e-01 7.09655500e-01 1.92592000e-02 5.60350500e+00 7.46503900e-01 1.06094800e+00 1.07366200e+00 1.13228500e+00 9.96657700e-01 1.00140500e+00 9.93520700e-01 9.97302000e-01 6.84051500e+01 6.86125800e-01 3.13874200e-01 1.46870100e-01 1.00466700e-01 8.28289600e-01 8.47226300e-01 4.64044900e-01 6.19970600e-01 1.00147000e+00 9.91966800e+01 2.47216500e+00 8.19549600e+00 2.15422700e+00 1.91735400e+00 1.24499800e+03 5.78376100e+03 2.55868900e+03 8.17503400e+02 2.29401500e+02 9.67536300e-01 2.48464800e-01 2.49802400e-01 2.68508200e+00 1.36020800e+01 1.09061100e+03 1.42352000e+02 1.04031500e+00 1.36835500e+01 1.06020000e+03 1.45013500e+02 1.42113100e-01 1.61553800e-01 3.38708700e+03 1.05001100e-02 8.15425200e-01 4.50552700e-01 7.37903300e+01 6.33593400e+02 8.40943400e+01 1.51051100e+03 9.09354800e+01 1.95636400e+03 9.66564400e+01 2.27619400e+03 2.39771000e+02 5.68189500e+03 4.68509800e-01 7.65141800e-01 4.86704800e-01 6.77970100e-01 4.84983100e-01 6.34354800e-01 4.79703400e-01 6.03532300e-01 3.04179000e-01 3.13506000e-01 3.47814700e+01 1.12895300e+02 3.55429400e+01 9.88810200e+00 3.97192700e+02 2.35241200e+01 1.15081700e+04 7.06822400e+02 7.01212700e-02 9.81866700e-01 5.40002200e+00 1.07298900e+01 1.19387800e+04 6.45201000e+00
9.27403800e-01 6.33047100e+03 2.22400600e-02 1.20438100e-01 1.04058300e+00 5.43874700e-02 3.12102700e+00 3.04883400e+00 9.70965200e-01 1.00090500e+00 2.36463300e+02 4.86184000e+01 1.25120200e+02 2.49831500e+01 3.79472700e+00 6.43630700e-01 1.59605100e-01 5.51553500e-01 1.75600000e+00 1.07773800e+00 6.75057200e-01 1.18693300e+00 1.18772000e+00 9.98721400e-01 1.00101400e+00 9.99157500e-01 9.97131700e-01 6.78521700e+01 6.88692800e-01 3.11307200e-01 1.43323300e-01 9.72479600e-02 8.14347200e-01 8.29551900e-01 4.54364300e-01 6.08284700e-01 9.88616200e-01 9.95690400e+01 2.43233500e+00 7.73468000e+00 2.10907400e+00 1.89169700e+00 1.22173700e+03 5.72583700e+03 2.54865800e+03 8.19731000e+02 2.31068100e+02 9.70965200e-01 2.46342300e-01 2.47672200e-01 2.63636400e+00 1.37449800e+01 1.09019800e+03 1.44044500e+02 1.04072700e+00 1.38407500e+01 1.05974200e+03 1.46744100e+02 1.40845500e-01 1.61156300e-01 3.37556300e+03 1.03543400e-02 8.17513400e-01 4.51674100e-01 7.31483300e+01 6.38971400e+02 8.32960800e+01 1.52394100e+03 9.00373400e+01 1.97415400e+03 9.56766100e+01 2.29721800e+03 2.36936600e+02 5.74131200e+03 4.59005300e-01 7.52517600e-01 4.77470800e-01 6.67064800e-01 4.76079600e-01 6.24267800e-01 4.71093600e-01 5.94007800e-01 2.99501500e-01 3.08783700e-01 2.88200700e+01 1.04606300e+02 2.89188700e+01 8.97669100e+00 3.96078100e+02 2.25396100e+01 1.15151000e+04 7.06743000e+02 3.56687900e-02 1.21731700e+00 4.57665500e+00 5.67495600e+00 1.19426900e+04 5.82964100e+00
3.82075500e-01 6.33287200e+03 2.21545200e-02 1.13862300e-01 1.04134800e+00 4.82184100e-02 2.73059300e+00 3.01497600e+00 9.61900300e-01 1.00246500e+00 1.66953300e+02 3.01082200e+01 1.23345500e+02 2.49141500e+01 6.91409200e+00 6.89430600e-01 4.72256200e-01 3.66694700e-01 3.33479700e+00 1.14548300e+00 9.17551100e-01 1.16575800e+00 1.06843400e+00 9.96189400e-01 1.00068300e+00 1.00068200e+00 9.84948900e-01 6.57867400e+01 6.84230000e-01 3.15770000e-01 1.36662000e-01 8.99054600e-02 7.88587700e-01 8.09048900e-01 4.43134400e-01 5.91143200e-01 9.72256300e-01 9.91074600e+01 2.41110100e+00 6.96258500e+00 2.03886000e+00 1.85142200e+00 1.22073000e+03 5.70265100e+03 2.53527800e+03 8.22201900e+02 2.33734500e+02 9.61900300e-01 2.40985400e-01 2.42295700e-01 2.51601400e+00 1.41194300e+01 1.08933600e+03 1.47865600e+02 1.04176200e+00 1.41938000e+01 1.05875000e+03 1.50649600e+02 1.38248900e-01 1.60099300e-01 3.39409100e+03 1.01374500e-02 8.14235100e-01 4.50034600e-01 7.09970100e+01 6.58661600e+02 8.09588800e+01 1.56981000e+03 8.75700300e+01 2.03286300e+03 9.30973500e+01 2.36495200e+03 2.31230900e+02 5.89820000e+03 4.47284700e-01 7.28295900e-01 4.64208100e-01 6.45137900e-01 4.62359600e-01 6.03560200e-01 4.57190500e-01 5.74188500e-01 2.89391200e-01 2.98145900e-01 2.58493700e+01 1.04786600e+02 2.86183600e+01 1.06056100e+01 3.95748300e+02 2.25401100e+01 1.15140900e+04 7.06887700e+02 7.83492100e-02 9.81866700e-01 5.35334400e+00 9.45441500e+00 1.19429900e+04 6.41356000e+00
8.38364200e-01 6.33412500e+03 2.20239200e-02 1.12662400e-01 1.04237100e+00 4.82011400e-02 2.62249500e+00 3.02125800e+00 9.55436500e-01 1.00552900e+00 2.04999700e+02 2.90461100e+01 1.05505800e+02 3.29207900e+01 4.98069800e+00 5.79658500e-01 5.64458900e-01 1.39034300e-01 4.02465200e+00 9.46750600e-01 1.06370600e+00 1.17699600e+00 1.22173200e+00 9.96302700e-01 1.00165300e+00 9.91645900e-01 9.84684800e-01 6.51605200e+01 6.81265200e-01 3.18734800e-01 1.35331400e-01 8.81826600e-02 7.89899700e-01 8.14190500e-01 4.45950500e-01 5.93511700e-01 9.78542400e-01 9.88693300e+01 2.43743200e+00 6.95953400e+00 2.05171000e+00 1.86315500e+00 1.24454100e+03 5.76435800e+03 2.55835300e+03 8.29561900e+02 2.36199200e+02 9.55436500e-01 2.39403600e-01 2.40708100e-01 2.50190900e+00 1.42179800e+01 1.08927800e+03 1.48888000e+02 1.04286500e+00 1.42768300e+01 1.05825400e+03 1.51731900e+02 1.37487200e-01 1.60050100e-01 3.41260500e+03 1.01152100e-02 8.11279300e-01 4.48607500e-01 7.03644300e+01 6.64807700e+02 8.03129700e+01 1.58371300e+03 8.69108300e+01 2.05038300e+03 9.24249500e+01 2.38494000e+03 2.30014100e+02 5.93967900e+03 4.49897800e-01 7.29222200e-01 4.66192200e-01 6.45647600e-01 4.63999300e-01 6.03909100e-01 4.58590800e-01 5.74441600e-01 2.89418400e-01 2.98043400e-01 2.68109500e+01 1.05276500e+02 2.98882700e+01 8.92028400e+00 3.95727500e+02 2.38990800e+01 1.15133700e+04 7.07001300e+02 1.07133600e-01 8.72797100e-01 5.72540800e+00 1.26284900e+01 1.19419200e+04 6.70533900e+00
1.05852100e+00 6.33657300e+03 2.19734000e-02 1.09400200e-01 1.04241100e+00 5.36665500e-02 2.47290500e+00 3.02572100e+00 9.53152500e-01 1.00606700e+00 2.17588200e+02 2.86179200e+01 1.10325700e+02 3.33665500e+01 4.97635600e+00 8.84230500e-01 2.00971300e-01 6.28985800e-01 9.54498100e-01 8.61478600e-01 1.00266700e+00 1.00541300e+00 1.06506600e+00 9.97620800e-01 9.99318000e-01 9.89128500e-01 9.94157600e-01 6.45159900e+01 6.82823600e-01 3.17176400e-01 1.32018700e-01 8.51732000e-02 7.84403000e-01 8.06545800e-01 4.41763300e-01 5.88659900e-01 9.76574900e-01 9.90862200e+01 2.44176700e+00 7.46002200e+00 2.06088700e+00 1.85114300e+00 1.24796500e+03 5.78051800e+03 2.56219300e+03 8.33480200e+02 2.38198900e+02 9.53152500e-01 2.37224300e-01 2.38520600e-01 2.45797800e+00 1.43799000e+01 1.08889100e+03 1.50692600e+02 1.04301300e+00 1.44478100e+01 1.05775800e+03 1.53584000e+02 1.36213200e-01 1.59635100e-01 3.40108200e+03 9.97317700e-03 8.13096100e-01 4.49592500e-01 6.96441400e+01 6.71565600e+02 7.94520700e+01 1.60020200e+03 8.59589600e+01 2.07198500e+03 9.13981200e+01 2.41027400e+03 2.27226300e+02 6.00715700e+03 4.45830700e-01 7.24298900e-01 4.62356500e-01 6.41454500e-01 4.60357200e-01 6.00055900e-01 4.55106700e-01 5.70819100e-01 2.87676800e-01 2.96299200e-01 2.09265400e+01 1.01570200e+02 2.60645200e+01 8.51543900e+00 3.95941000e+02 2.41969800e+01 1.15229000e+04 7.06939800e+02 7.98260100e-02 9.81866700e-01 5.16155000e+00 8.42674600e+00 1.19515600e+04 6.22324300e+00
9.41349800e-01 6.33237600e+03 2.20134600e-02 1.11916300e-01 1.04196100e+00 5.12290200e-02 2.59482100e+00 3.02591900e+00 9.55161500e-01 1.00629700e+00 2.36221400e+02 3.85129500e+01 1.13876900e+02 3.24629100e+01 4.39667600e+00 7.27715500e-01 7.26407100e-02 2.34026700e-01 2.20809200e+00 1.13582100e+00 9.38748100e-01 9.31101300e-01 1.03461200e+00 9.98131800e-01 9.98701900e-01 9.91679100e-01 9.85611600e-01 6.49554400e+01 6.81042300e-01 3.18957700e-01 1.34574900e-01 8.74137400e-02 7.89590300e-01 8.14156100e-01 4.45931700e-01 5.93382900e-01 9.79702000e-01 9.88059000e+01 2.44228400e+00 7.25860600e+00 2.06129400e+00 1.86055700e+00 1.24523500e+03 5.76901600e+03 2.55874300e+03 8.30144300e+02 2.36537400e+02 9.55161500e-01 2.39003800e-01 2.40306700e-01 2.49401300e+00 1.42595900e+01 1.08919600e+03 1.49258400e+02 1.04248500e+00 1.43175600e+01 1.05814000e+03 1.52113300e+02 1.37209500e-01 1.59917700e-01 3.40685500e+03 1.00782700e-02 8.11937100e-01 4.48949300e-01 7.01509900e+01 6.66843600e+02 8.00737300e+01 1.58851900e+03 8.66542300e+01 2.05657800e+03 9.21537200e+01 2.39212200e+03 2.29365400e+02 5.95707900e+03 4.49834500e-01 7.28920700e-01 4.66085100e-01 6.45363700e-01 4.63873700e-01 6.03636600e-01 4.58454100e-01 5.74178200e-01 2.89285300e-01 2.97895900e-01 2.79304500e+01 1.01966800e+02 2.87831800e+01 8.67944700e+00 3.95711700e+02 2.38644600e+01 1.15135800e+04 7.07010400e+02 1.15198900e-01 8.20176000e-01 5.93503000e+00 9.03968400e+00 1.19418300e+04 6.87040500e+00
4.44208700e-01 6.33531900e+03 2.20522400e-02 1.12009300e-01 1.04178300e+00 5.27207800e-02 2.65780600e+00 3.02524700e+00 9.62655400e-01 1.00582300e+00 2.33712600e+02 4.45611000e+01 1.10266400e+02 3.59491400e+01 5.71938400e+00 7.51999800e-01 5.75128300e-01 7.15939100e-01 4.53921700e-01 1.19251000e+00 1.09497300e+00 9.79293200e-01 1.01278100e+00 9.97323600e-01 9.99087500e-01 9.81580800e-01 9.82178000e-01 6.56512500e+01 6.87461700e-01 3.12538300e-01 1.34706700e-01 8.84366200e-02 7.89467400e-01 8.05796200e-01 4.41352700e-01 5.90282600e-01 9.74344900e-01 9.95892500e+01 2.41583800e+00 7.41119400e+00 2.05990900e+00 1.85376800e+00 1.22383200e+03 5.72479900e+03 2.55001000e+03 8.28438600e+02 2.35936100e+02 9.62655400e-01 2.39917600e-01 2.41224000e-01 2.50921100e+00 1.41897300e+01 1.08922100e+03 1.48856500e+02 1.04226500e+00 1.42820200e+01 1.05829200e+03 1.51694400e+02 1.37407600e-01 1.60084500e-01 3.37978000e+03 1.00430900e-02 8.16808200e-01 4.51464300e-01 7.07984000e+01 6.60269300e+02 8.06506100e+01 1.57443900e+03 8.71937600e+01 2.03937700e+03 9.26664600e+01 2.37295600e+03 2.29666800e+02 5.92721100e+03 4.45785100e-01 7.29419800e-01 4.63435900e-01 6.46474900e-01 4.61954900e-01 6.04952500e-01 4.57030800e-01 5.75600600e-01 2.90238800e-01 2.99147200e-01 2.78338500e+01 1.02997300e+02 2.91649600e+01 1.04122200e+01 3.95806700e+02 2.22763500e+01 1.15195900e+04 7.06779700e+02 3.25255200e-02 1.21731700e+00 4.29281400e+00 1.02345900e+01 1.19480800e+04 5.54265700e+00
1.03060500e+00 6.32863000e+03 2.21955200e-02 1.15916900e-01 1.04150900e+00 6.09990000e-02 2.82117300e+00 3.04589200e+00 9.65949300e-01 1.00061700e+00 2.05573800e+02 2.74944500e+01 1.07366000e+02 3.34922500e+01 4.26063300e+00 8.05836300e-01 2.16859000e-01 4.22844900e-01 4.98319700e+00 7.56547000e-01 8.09995500e-01 9.95921600e-01 9.99786600e-01 9.96655100e-01 1.00175500e+00 9.94989100e-01 9.85509500e-01 6.62115500e+01 6.83488800e-01 3.16511200e-01 1.38757500e-01 9.18735200e-02 8.06376200e-01 8.28269400e-01 4.53661800e-01 6.04832300e-01 9.90993500e-01 9.90177500e+01 2.44437000e+00 8.29010000e+00 2.10287700e+00 1.86136200e+00 1.21850100e+03 5.68744500e+03 2.53792000e+03 8.22452900e+02 2.33839600e+02 9.65949300e-01 2.42263500e-01 2.43578600e-01 2.54015500e+00 1.40195800e+01 1.08955800e+03 1.46793300e+02 1.04185900e+00 1.40895600e+01 1.05905500e+03 1.49547600e+02 1.39049400e-01 1.60355300e-01 3.40317400e+03 1.02288900e-02 8.12926100e-01 4.49326100e-01 7.14673000e+01 6.54382000e+02 8.15141100e+01 1.55942900e+03 8.81805300e+01 2.01930200e+03 9.37535300e+01 2.34907900e+03 2.32974900e+02 5.85656600e+03 4.57832700e-01 7.44649700e-01 4.74969000e-01 6.59542400e-01 4.72991200e-01 6.17002200e-01 4.67646300e-01 5.86955100e-01 2.95783200e-01 3.04706900e-01 2.41693600e+01 1.03904700e+02 2.90233000e+01 8.59393200e+00 3.97855900e+02 2.26818000e+01 1.15074500e+04 7.06914800e+02 8.89268800e-02 9.26576500e-01 5.56291900e+00 7.18837500e+00 1.19365800e+04 6.57842200e+00
9.18346700e-01 6.33721100e+03 2.20802900e-02 1.15393900e-01 1.04113800e+00 5.54066200e-02 2.80224600e+00 3.03030100e+00 9.63752200e-01 9.99349200e-01 2.16878700e+02 3.80214300e+01 1.25244700e+02 2.83036000e+01 3.86276200e-01 5.90516100e-01 5.84852700e-01 5.93776900e-01 3.95099400e+00 9.63357200e-01 1.18552500e+00 1.02088100e+00 8.47524600e-01 9.97084600e-01 9.99855300e-01 9.97232100e-01 9.92978400e-01 6.59625200e+01 6.82561300e-01 3.17438700e-01 1.38119300e-01 9.11070000e-02 7.98406400e-01 8.21283900e-01 4.49835800e-01 5.99292700e-01 9.83049500e-01 9.88952900e+01 2.42972600e+00 7.74993900e+00 2.07034600e+00 1.85317900e+00 1.21667600e+03 5.67248800e+03 2.52832600e+03 8.18429400e+02 2.32292800e+02 9.63752200e-01 2.41954700e-01 2.43268600e-01 2.55501800e+00 1.40613400e+01 1.08963500e+03 1.47125200e+02 1.04150800e+00 1.41261700e+01 1.05871200e+03 1.49926500e+02 1.38648100e-01 1.60402600e-01 3.39634400e+03 1.01949900e-02 8.13515400e-01 4.49710400e-01 7.12087800e+01 6.56829900e+02 8.12440500e+01 1.56502300e+03 8.79013600e+01 2.02639000e+03 9.34660700e+01 2.35719800e+03 2.32409800e+02 5.87411600e+03 4.53922300e-01 7.37196500e-01 4.70673700e-01 6.52839200e-01 4.68603400e-01 6.10689400e-01 4.63235500e-01 5.80924000e-01 2.92711300e-01 3.01499900e-01 2.66214600e+01 1.06501200e+02 3.05822600e+01 8.78941000e+00 3.96265200e+02 2.27842400e+01 1.15262200e+04 7.06950000e+02 1.05560600e-01 8.72797100e-01 5.90794200e+00 6.52804500e+00 1.19540600e+04 6.88630000e+00
7.03425700e-01 6.32933000e+03 2.21517000e-02 1.13212600e-01 1.04141200e+00 5.48001100e-02 2.73662000e+00 3.02798700e+00 9.63257400e-01 1.00154000e+00 2.24795100e+02 4.08388500e+01 8.84924500e+01 4.66093000e+01 4.12141000e+00 8.15979400e-01 3.08725900e-01 5.63433600e-01 4.59495100e-01 1.07093500e+00 7.17826800e-01 8.93506900e-01 1.15116800e+00 9.97228400e-01 1.00236500e+00 9.98968700e-01 9.91208900e-01 6.61126700e+01 6.88828700e-01 3.11171300e-01 1.36009400e-01 8.99194500e-02 7.91720400e-01 8.06326500e-01 4.41643200e-01 5.91318800e-01 9.73709700e-01 9.97024700e+01 2.41631000e+00 7.63092000e+00 2.06556000e+00 1.85113900e+00 1.22119100e+03 5.71222000e+03 2.53703000e+03 8.22610900e+02 2.33851800e+02 9.63257400e-01 2.41068700e-01 2.42379400e-01 2.51865300e+00 1.41082900e+01 1.08928500e+03 1.48015500e+02 1.04182000e+00 1.42074000e+01 1.05867400e+03 1.50806900e+02 1.38064800e-01 1.60159300e-01 3.37495000e+03 1.00845600e-02 8.17722200e-01 4.51859900e-01 7.12719000e+01 6.55783100e+02 8.11555500e+01 1.56407300e+03 8.77215900e+01 2.02616600e+03 9.32143600e+01 2.35776100e+03 2.30815600e+02 5.89304400e+03 4.46202400e-01 7.31630200e-01 4.64196800e-01 6.48574700e-01 4.62865500e-01 6.06975500e-01 4.58032100e-01 5.77561300e-01 2.91268300e-01 3.00271900e-01 2.54804800e+01 1.01669300e+02 2.83023500e+01 9.53348200e+00 3.96053600e+02 2.26984800e+01 1.15106000e+04 7.06739100e+02 2.53021900e-02 1.27934900e+00 4.19876500e+00 7.52989600e+00 1.19388900e+04 5.50341600e+00
1.14520800e+00 6.33238700e+03 2.22882600e-02 1.17674200e-01 1.04073500e+00 6.19130800e-02 2.96923300e+00 3.05626200e+00 9.65956800e-01 1.00282700e+00 1.99368900e+02 3.97417900e+01 1.17644300e+02 3.57550500e+01 6.39855900e+00 8.60179300e-01 2.69845600e-01 3.98286400e-01 5.51699200e-02 1.23957100e+00 1.05263400e+00 8.90464800e-01 9.47170000e-01 9.96899700e-01 9.97694500e-01 9.90529800e-01 9.93596000e-01 6.71490500e+01 6.88161900e-01 3.11838100e-01 1.40607600e-01 9.44166800e-02 8.10878400e-01 8.26722400e-01 4.52814500e-01 6.05951700e-01 9.89545600e-01 9.95105900e+01 2.44976900e+00 8.40911900e+00 2.12479900e+00 1.87733100e+00 1.23034500e+03 5.74024900e+03 2.54343700e+03 8.20039900e+02 2.32085900e+02 9.65956800e-01 2.44328700e-01 2.45651300e-01 2.57430600e+00 1.38822700e+01 1.08974500e+03 1.45487600e+02 1.04097000e+00 1.39761500e+01 1.05951300e+03 1.48193600e+02 1.39945100e-01 1.60621900e-01 3.37949300e+03 1.02613000e-02 8.16934600e-01 4.51335700e-01 7.23988900e+01 6.45624400e+02 8.24565000e+01 1.53967900e+03 8.91370800e+01 1.99445800e+03 9.47251900e+01 2.32077600e+03 2.34664400e+02 5.79871600e+03 4.57409200e-01 7.49262100e-01 4.75680300e-01 6.64124800e-01 4.74234100e-01 6.21494300e-01 4.69227600e-01 5.91355300e-01 2.98164000e-01 3.07369500e-01 2.75588800e+01 1.03948500e+02 3.08385100e+01 8.53927600e+00 3.98242100e+02 2.30626600e+01 1.15150200e+04 7.06758600e+02 4.02680200e-02 1.15641700e+00 4.67053200e+00 7.28072400e+00 1.19448700e+04 5.86721700e+00
6.93648300e-01 6.32841900e+03 2.22582800e-02 1.16431100e-01 1.04107900e+00 5.11972000e-02 2.86313000e+00 3.02580100e+00 9.63209400e-01 1.00082300e+00 2.32506700e+02 1.84921800e+01 8.72564600e+01 3.92990400e+01 2.27523400e+00 7.22684000e-01 5.38400100e-01 8.78206400e-01 9.77720500e+00 1.12910600e+00 1.16209700e+00 1.02571000e+00 1.08672300e+00 9.97325000e-01 1.00326300e+00 9.95737000e-01 9.84554200e-01 6.64312700e+01 6.84271600e-01 3.15728400e-01 1.39334500e-01 9.25617000e-02 7.97338800e-01 8.17973200e-01 4.48022400e-01 5.97683500e-01 9.78265200e-01 9.90578800e+01 2.42370700e+00 7.30743400e+00 2.06105000e+00 1.86045500e+00 1.22236500e+03 5.70315600e+03 2.53079100e+03 8.18158400e+02 2.31965900e+02 9.63209400e-01 2.42868500e-01 2.44185800e-01 2.54303800e+00 1.39829600e+01 1.08956500e+03 1.46387300e+02 1.04139300e+00 1.40568700e+01 1.05928400e+03 1.49113300e+02 1.39377900e-01 1.60349500e-01 3.39765700e+03 1.02419300e-02 8.13779500e-01 4.49716200e-01 7.16919200e+01 6.52274200e+02 8.17502200e+01 1.55459700e+03 8.84254400e+01 2.01316900e+03 9.40063600e+01 2.34204600e+03 2.33482400e+02 5.84118600e+03 4.52206000e-01 7.36379200e-01 4.69322800e-01 6.52298900e-01 4.67456900e-01 6.10259600e-01 4.62232800e-01 5.80561600e-01 2.92585000e-01 3.01448800e-01 2.31849900e+01 1.05470700e+02 2.92140900e+01 9.41440900e+00 3.95709700e+02 2.28632300e+01 1.15072000e+04 7.06886200e+02 8.47249300e-02 9.26576500e-01 5.56503000e+00 8.18370800e+00 1.19351900e+04 6.57633200e+00
5.01164100e-01 6.32785700e+03 2.21451200e-02 1.14481900e-01 1.04128000e+00 5.12112500e-02 2.80471600e+00 3.01825100e+00 9.63354700e-01 9.98109400e-01 2.21060300e+02 4.05565900e+01 1.01803100e+02 3.67105200e+01 3.33787600e+00 7.39186000e-01 3.20463700e-01 6.08992600e-01 3.52032300e+00 8.81605200e-01 8.31726800e-01 9.56233800e-01 1.06443400e+00 9.97431200e-01 1.00061500e+00 9.98115300e-01 9.98961800e-01 6.64129600e+01 6.88773300e-01 3.11226700e-01 1.37272200e-01 9.11665300e-02 7.90058100e-01 8.04705200e-01 4.40755200e-01 5.90103600e-01 9.69466000e-01 9.96797700e+01 2.40541900e+00 7.29522700e+00 2.04554800e+00 1.84641000e+00 1.21562500e+03 5.68293300e+03 2.52224200e+03 8.16082000e+02 2.31379400e+02 9.63354700e-01 2.42015200e-01 2.43329300e-01 2.54379600e+00 1.40435600e+01 1.08947500e+03 1.47309500e+02 1.04164300e+00 1.41420300e+01 1.05882600e+03 1.50090800e+02 1.38518100e-01 1.60373100e-01 3.37425200e+03 1.01304400e-02 8.17781500e-01 4.51894400e-01 7.15988000e+01 6.52791400e+02 8.15286200e+01 1.55693000e+03 8.81252800e+01 2.01690700e+03 9.36436600e+01 2.34698300e+03 2.31883800e+02 5.86601100e+03 4.45278000e-01 7.30089600e-01 4.63225700e-01 6.47203800e-01 4.61892600e-01 6.05690200e-01 4.57066300e-01 5.76336700e-01 2.90639400e-01 2.99627900e-01 2.74569600e+01 1.02324100e+02 2.98667000e+01 1.02099400e+01 3.95697900e+02 2.28207900e+01 1.15111100e+04 7.06740700e+02 2.66444900e-02 1.27934900e+00 4.24687300e+00 3.58318100e+00 1.19398400e+04 5.55286600e+00
9.64712500e-01 6.33160600e+03 2.24734800e-02 1.17644900e-01 1.04143800e+00 6.15092400e-02 2.99843200e+00 3.04754700e+00 9.67839800e-01 9.98479100e-01 2.30211200e+02 3.17913600e+01 9.34163400e+01 4.93871800e+01 6.41754100e+00 6.49931200e-01 6.50928400e-01 1.40495300e-01 1.80908300e+00 7.93680400e-01 1.13637500e+00 8.25725200e-01 1.03326700e+00 9.96521200e-01 1.00036000e+00 1.00781700e+00 9.88005400e-01 6.78887900e+01 6.94582500e-01 3.05417500e-01 1.40763500e-01 9.55626500e-02 8.06868700e-01 8.14121400e-01 4.45912700e-01 5.99827500e-01 9.79273100e-01 1.00369200e+02 2.42663500e+00 8.32977300e+00 2.10636100e+00 1.86254400e+00 1.21901200e+03 5.70932500e+03 2.52417800e+03 8.14470400e+02 2.30543900e+02 9.67839800e-01 2.44796500e-01 2.46120800e-01 2.55025700e+00 1.38112400e+01 1.08954100e+03 1.45203800e+02 1.04164300e+00 1.39398800e+01 1.05997100e+03 1.47843500e+02 1.40338000e-01 1.60588900e-01 3.36990700e+03 1.02524400e-02 8.19767500e-01 4.52692600e-01 7.30933300e+01 6.39024100e+02 8.30773100e+01 1.52549400e+03 8.97187600e+01 1.97710200e+03 9.52787500e+01 2.30141400e+03 2.34997400e+02 5.76829200e+03 4.50976500e-01 7.46196700e-01 4.70595900e-01 6.62111500e-01 4.69915800e-01 6.19902600e-01 4.65451900e-01 5.90021800e-01 2.97742900e-01 3.07225800e-01 2.86521200e+01 1.06372000e+02 3.15540700e+01 9.03918100e+00 3.97893800e+02 2.28919500e+01 1.15145700e+04 7.06601700e+02 5.55755400e-04 1.67729600e+00 3.53990900e+00 6.99450400e+00 1.19444000e+04 5.21776200e+00
8.49916000e-01 6.33229500e+03 2.20332700e-02 1.17950500e-01 1.04114400e+00 5.68931600e-02 2.86134700e+00 3.03580700e+00 9.54296200e-01 9.98166100e-01 2.17851500e+02 3.24391200e+01 1.04414600e+02 3.63446500e+01 4.78683000e+00 7.19546100e-01 4.01758600e-01 7.53119000e-02 5.66054300e+00 1.19339400e+00 8.43193800e-01 1.08156600e+00 1.09407700e+00 9.97374100e-01 1.00303600e+00 1.00506600e+00 9.94345800e-01 6.57171600e+01 6.74375500e-01 3.25624500e-01 1.40628900e-01 9.24173600e-02 8.04893100e-01 8.38563900e-01 4.59300300e-01 6.08019500e-01 9.92884700e-01 9.78942700e+01 2.47084500e+00 7.96356200e+00 2.08177800e+00 1.85788000e+00 1.23944200e+03 5.68614700e+03 2.51503300e+03 8.08942500e+02 2.28730700e+02 9.54296200e-01 2.42750900e-01 2.44067800e-01 2.58468300e+00 1.40121200e+01 1.08998400e+03 1.46165800e+02 1.04148800e+00 1.40343200e+01 1.05886500e+03 1.48963000e+02 1.39367600e-01 1.60618900e-01 3.43022000e+03 1.03387800e-02 8.07451000e-01 4.46575500e-01 7.10792700e+01 6.58628100e+02 8.13016700e+01 1.56731900e+03 8.80708200e+01 2.02807600e+03 9.37233100e+01 2.35811100e+03 2.34275100e+02 5.85433600e+03 4.62675600e-01 7.42398300e-01 4.77737000e-01 6.56590300e-01 4.74710300e-01 6.13846600e-01 4.68665600e-01 5.83710500e-01 2.93797000e-01 3.02294500e-01 2.95458700e+01 1.07625600e+02 3.43341400e+01 8.57547900e+00 3.96968700e+02 2.51877200e+01 1.15083400e+04 7.07318800e+02 2.78357900e-01 4.55610600e-01 9.19736900e+00 8.26904200e+00 1.19390700e+04 9.93133700e+00
8.87918100e-01 6.32934400e+03 2.19485700e-02 1.17492200e-01 1.04141500e+00 5.86210200e-02 2.87126100e+00 3.04718600e+00 9.56828700e-01 1.00195100e+00 2.50232400e+02 3.42860700e+01 1.02371700e+02 3.90787100e+01 1.32368000e+00 7.89794100e-01 1.64016500e-01 8.67792200e-01 9.38398500e+00 9.33919000e-01 9.43512700e-01 8.44021900e-01 9.54970600e-01 9.97798900e-01 1.00042500e+00 9.93085900e-01 9.85675500e-01 6.60137900e+01 6.78541500e-01 3.21458500e-01 1.40085900e-01 9.24760000e-02 8.09017300e-01 8.37451500e-01 4.58691100e-01 6.09170700e-01 9.95727400e-01 9.84487100e+01 2.47334600e+00 8.14971900e+00 2.10560100e+00 1.87265800e+00 1.24454600e+03 5.72454500e+03 2.53736800e+03 8.16074400e+02 2.30670200e+02 9.56828700e-01 2.42847400e-01 2.44164600e-01 2.60418000e+00 1.40003800e+01 1.09006200e+03 1.46302700e+02 1.04175000e+00 1.40439300e+01 1.05863600e+03 1.49133500e+02 1.39087300e-01 1.60832500e-01 3.41225000e+03 1.02916500e-02 8.10593500e-01 4.48288400e-01 7.13304100e+01 6.56004800e+02 8.14844500e+01 1.56208000e+03 8.82145100e+01 2.02194700e+03 9.38372200e+01 2.35151300e+03 2.33941000e+02 5.84904600e+03 4.62467000e-01 7.46602300e-01 4.78538200e-01 6.60742100e-01 4.75974200e-01 6.17906300e-01 4.70220200e-01 5.87680500e-01 2.95951600e-01 3.04678000e-01 2.91181200e+01 1.07984200e+02 3.30708700e+01 8.68872900e+00 3.97455800e+02 2.47342700e+01 1.15089500e+04 7.07118000e+02 1.71816200e-01 6.71532900e-01 7.10276400e+00 3.79111200e+00 1.19398300e+04 7.94611400e+00
5.09443600e-01 6.33484500e+03 2.21539500e-02 1.23248800e-01 1.04052700e+00 5.25668700e-02 3.16800200e+00 3.04984800e+00 9.65227700e-01 1.00226900e+00 2.32724700e+02 5.63402600e+01 1.17983800e+02 4.06233000e+01 3.92548200e+00 7.85835900e-01 5.21232000e-01 5.35976400e-01 1.49710400e+00 8.83532100e-01 8.52110100e-01 8.54770400e-01 8.13117500e-01 9.95817900e-01 9.98799200e-01 9.99392200e-01 1.00047400e+00 6.73248300e+01 6.77785800e-01 3.22214200e-01 1.46047800e-01 9.83264600e-02 8.21047300e-01 8.50902600e-01 4.66058600e-01 6.18592000e-01 1.00064600e+00 9.82123500e+01 2.46489000e+00 7.61566200e+00 2.11121400e+00 1.90052300e+00 1.23473600e+03 5.72078100e+03 2.54403400e+03 8.15114700e+02 2.29254700e+02 9.65227700e-01 2.46927000e-01 2.48259100e-01 2.66942600e+00 1.37184000e+01 1.09059800e+03 1.43167000e+02 1.04065700e+00 1.37573600e+01 1.05978000e+03 1.45878300e+02 1.41517400e-01 1.61363300e-01 3.41869100e+03 1.05192700e-02 8.09573000e-01 4.47589600e-01 7.27616000e+01 6.43154500e+02 8.31383200e+01 1.53130600e+03 9.00148500e+01 1.98200000e+03 9.57594100e+01 2.30496200e+03 2.38846200e+02 5.73131500e+03 4.69774900e-01 7.57626200e-01 4.85909700e-01 6.70412000e-01 4.83218000e-01 6.26913000e-01 4.77318300e-01 5.96223900e-01 3.00183100e-01 3.09027700e-01 3.35285500e+01 1.09314000e+02 3.64773900e+01 9.76540100e+00 3.95982400e+02 2.34688600e+01 1.15161300e+04 7.07152500e+02 2.16034000e-01 5.80430900e-01 8.22339700e+00 8.17391300e+00 1.19453400e+04 9.01986200e+00
5.94696500e-01 6.33550800e+03 2.22003500e-02 1.20395100e-01 1.04052000e+00 4.37710500e-02 3.09028200e+00 3.02619800e+00 9.69598900e-01 1.00318700e+00 2.77237900e+02 5.48735200e+01 1.01224600e+02 4.52699400e+01 3.53451000e+00 5.64134000e-01 8.46562900e-01 2.94445200e-01 2.47191900e+00 6.59389300e-01 8.59353800e-01 1.01520500e+00 9.63874600e-01 9.97187900e-01 1.00348400e+00 9.99326300e-01 9.83098600e-01 6.74566700e+01 6.85213300e-01 3.14786700e-01 1.43240600e-01 9.66253400e-02 8.05627700e-01 8.25243300e-01 4.52004400e-01 6.03446100e-01 9.80893800e-01 9.91314900e+01 2.41286300e+00 6.61163300e+00 2.06186900e+00 1.88904300e+00 1.21905800e+03 5.71447400e+03 2.54690100e+03 8.19696800e+02 2.31010300e+02 9.69598900e-01 2.45917400e-01 2.47245800e-01 2.63330900e+00 1.37824000e+01 1.09021500e+03 1.44238100e+02 1.04068700e+00 1.38598900e+01 1.05958900e+03 1.46955800e+02 1.40711400e-01 1.61087000e-01 3.38745200e+03 1.03695400e-02 8.15187200e-01 4.50486800e-01 7.27786500e+01 6.42469600e+02 8.29660800e+01 1.53144400e+03 8.97283800e+01 1.98332700e+03 9.53827300e+01 2.30744400e+03 2.36760500e+02 5.75731900e+03 4.56314300e-01 7.44118300e-01 4.73804200e-01 6.59244900e-01 4.72021000e-01 6.16794800e-01 4.66812000e-01 5.86801300e-01 2.95734300e-01 3.04748800e-01 3.51624500e+01 1.10361100e+02 3.56132000e+01 9.75532400e+00 3.96409400e+02 2.20656300e+01 1.15183900e+04 7.06853100e+02 7.74748200e-02 9.81866700e-01 5.48383000e+00 1.09940800e+01 1.19466300e+04 6.54317200e+00
5.61013400e-01 6.33453200e+03 2.24970000e-02 1.19031700e-01 1.04059200e+00 5.47258000e-02 3.05739300e+00 3.03860900e+00 9.72004400e-01 1.00179500e+00 2.24177100e+02 3.12436400e+01 8.83764100e+01 4.65937100e+01 3.99881700e+00 5.63335100e-01 7.21114400e-01 1.42116900e-01 4.30321400e+00 7.74147000e-01 1.19542300e+00 9.67849500e-01 9.76451300e-01 9.95989900e-01 1.00286900e+00 9.93019900e-01 9.92920700e-01 6.78228800e+01 6.90922500e-01 3.09077500e-01 1.42173900e-01 9.64264000e-02 8.06623000e-01 8.18735500e-01 4.48439900e-01 6.01433200e-01 9.79450500e-01 9.98011600e+01 2.41319800e+00 7.67974900e+00 2.08761900e+00 1.87118600e+00 1.20945000e+03 5.69721300e+03 2.53105400e+03 8.17345700e+02 2.31251800e+02 9.72004400e-01 2.45595700e-01 2.46922900e-01 2.56634700e+00 1.37787400e+01 1.08968700e+03 1.44527600e+02 1.04075100e+00 1.38868600e+01 1.06016200e+03 1.47149700e+02 1.40857900e-01 1.60607000e-01 3.37692900e+03 1.03146300e-02 8.17935700e-01 4.51700400e-01 7.30801600e+01 6.39406000e+02 8.31597000e+01 1.52551500e+03 8.98590600e+01 1.97654500e+03 9.54648600e+01 2.30028800e+03 2.36054200e+02 5.75515600e+03 4.53221400e-01 7.45601600e-01 4.72011600e-01 6.61178000e-01 4.70896300e-01 6.18860000e-01 4.66136500e-01 5.88924900e-01 2.97033900e-01 3.06333700e-01 2.87773500e+01 1.06641900e+02 3.17198800e+01 1.00422000e+01 3.96034500e+02 2.17020600e+01 1.15197000e+04 7.06682800e+02 2.02587300e-02 1.34256300e+00 4.26480100e+00 9.27056300e+00 1.19474800e+04 5.62762300e+00
9.50043000e-01 6.33026600e+03 2.25012100e-02 1.22136200e-01 1.04039400e+00 5.73958700e-02 3.23593600e+00 3.05367200e+00 9.72106600e-01 1.00026100e+00 2.94586600e+02 5.55620000e+01 8.12842300e+01 5.13256200e+01 3.88128700e+00 6.75418800e-01 7.49895800e-01 8.06173800e-01 2.90291400e+00 9.38692600e-01 9.61994400e-01 9.80243000e-01 1.19128400e+00 9.99904800e-01 1.00353600e+00 1.00229700e+00 9.93991700e-01 6.87384000e+01 6.92521600e-01 3.07478400e-01 1.45282600e-01 9.98649100e-02 8.17649400e-01 8.27777800e-01 4.53392600e-01 6.08864700e-01 9.86205400e-01 9.99818400e+01 2.43140500e+00 8.02154500e+00 2.11930100e+00 1.88946700e+00 1.22005300e+03 5.72543800e+03 2.53466400e+03 8.13681900e+02 2.29028600e+02 9.72106600e-01 2.47952400e-01 2.49288200e-01 2.62676900e+00 1.36147900e+01 1.09012400e+03 1.42856100e+02 1.04044100e+00 1.37303400e+01 1.06054300e+03 1.45452700e+02 1.41989200e-01 1.61143700e-01 3.37044200e+03 1.04172800e-02 8.19108300e-01 4.52308400e-01 7.40423900e+01 6.30980700e+02 8.42112800e+01 1.50580000e+03 9.09725400e+01 1.95125400e+03 9.66313100e+01 2.27106200e+03 2.38673500e+02 5.68649700e+03 4.58334700e-01 7.55954100e-01 4.77744400e-01 6.70533900e-01 4.76805900e-01 6.27689500e-01 4.72112000e-01 5.97372000e-01 3.01336500e-01 3.10857400e-01 3.38100200e+01 1.06910800e+02 3.36910600e+01 9.02683100e+00 3.96699300e+02 2.24931100e+01 1.15159000e+04 7.06644700e+02 1.10361900e-02 1.40705700e+00 4.03737800e+00 4.31354200e+00 1.19441200e+04 5.45547200e+00
9.66207600e-01 6.32855000e+03 2.20287600e-02 1.15313900e-01 1.04123300e+00 5.37369100e-02 2.76006800e+00 3.02752400e+00 9.55671000e-01 9.99985800e-01 2.32202300e+02 2.72459800e+01 8.62459700e+01 4.93932000e+01 5.00123900e+00 8.46390800e-01 3.16784900e-01 1.25289400e-01 2.80155600e+00 7.64738100e-01 8.04752100e-01 8.49561000e-01 1.12008100e+00 9.97054600e-01 1.00106900e+00 9.91082500e-01 9.84445100e-01 6.54827900e+01 6.78199700e-01 3.21800300e-01 1.37987800e-01 9.03582800e-02 7.96266900e-01 8.24691000e-01 4.51701900e-01 5.99729300e-01 9.84000000e-01 9.83756400e+01 2.44952700e+00 7.58819600e+00 2.06460400e+00 1.85422100e+00 1.23625000e+03 5.70556300e+03 2.52685500e+03 8.15738000e+02 2.31289700e+02 9.55671000e-01 2.41346100e-01 2.42657800e-01 2.54972000e+00 1.41097900e+01 1.08965200e+03 1.47410100e+02 1.04163600e+00 1.41517900e+01 1.05855900e+03 1.50231300e+02 1.38463100e-01 1.60326200e-01 3.41307900e+03 1.02151800e-02 8.10437600e-01 4.48140600e-01 7.07609000e+01 6.61310900e+02 8.08427500e+01 1.57462900e+03 8.75244400e+01 2.03813300e+03 9.31065000e+01 2.37029200e+03 2.32172100e+02 5.89479100e+03 4.55409700e-01 7.34803900e-01 4.71151900e-01 6.50266800e-01 4.68589100e-01 6.08096500e-01 4.62899300e-01 5.78342300e-01 2.91251000e-01 2.99816300e-01 2.53967700e+01 1.04583200e+02 3.11080200e+01 8.50428900e+00 3.96034400e+02 2.43965000e+01 1.15060900e+04 7.07133500e+02 1.85261100e-01 6.25207500e-01 7.41698400e+00 6.70998900e+00 1.19350300e+04 8.22745200e+00
3.17976900e-01 6.33279000e+03 2.19248700e-02 1.13704300e-01 1.04143800e+00 4.68005300e-02 2.67567500e+00 3.00103500e+00 9.53367500e-01 9.97092500e-01 2.37720900e+02 3.63208700e+01 8.17894500e+01 4.69982100e+01 3.28988800e+00 7.72810600e-01 4.75262300e-01 8.04103200e-01 5.00592500e+00 7.93667200e-01 8.93126500e-01 9.34494000e-01 1.22804200e+00 9.97845000e-01 1.00154200e+00 9.94145200e-01 9.86576700e-01 6.50396700e+01 6.77850700e-01 3.22149300e-01 1.36274300e-01 8.86323400e-02 7.82909400e-01 8.11296200e-01 4.44365200e-01 5.89828500e-01 9.70783300e-01 9.83783800e+01 2.42110100e+00 6.85272200e+00 2.01063300e+00 1.83097500e+00 1.22561600e+03 5.65575100e+03 2.50565300e+03 8.09929400e+02 2.29690100e+02 9.53367500e-01 2.40111700e-01 2.41418800e-01 2.53904300e+00 1.42012300e+01 1.08955200e+03 1.48387600e+02 1.04191500e+00 1.42418100e+01 1.05814000e+03 1.51259000e+02 1.37675400e-01 1.60224200e-01 3.41067800e+03 1.01476900e-02 8.10671400e-01 4.48342600e-01 7.02909100e+01 6.65756100e+02 8.03136200e+01 1.58513500e+03 8.69556400e+01 2.05168300e+03 9.25043500e+01 2.38600900e+03 2.30717000e+02 5.93302200e+03 4.47970300e-01 7.22449800e-01 4.63382400e-01 6.39304400e-01 4.60828400e-01 5.97833200e-01 4.55211000e-01 5.68574000e-01 2.86332500e-01 2.94734300e-01 2.66434300e+01 1.04076400e+02 3.06924500e+01 1.07111300e+01 3.95788900e+02 2.41635800e+01 1.15132000e+04 7.07149400e+02 1.83057800e-01 6.25207500e-01 7.28754400e+00 6.46717300e+00 1.19438700e+04 8.09581000e+00
4.41367600e-01 6.33193000e+03 2.19917400e-02 1.11358200e-01 1.04158700e+00 5.61627400e-02 2.62664700e+00 3.01733000e+00 9.56683000e-01 9.98018900e-01 2.33144900e+02 4.03145000e+01 9.02801700e+01 4.75531100e+01 5.22350600e+00 6.90881500e-01 5.67951600e-01 8.92142000e-02 9.36611100e-02 8.74845400e-01 9.49312700e-01 8.02374000e-01 9.00346300e-01 9.97660800e-01 9.99110700e-01 9.95733800e-01 9.87026800e-01 6.54022200e+01 6.86740800e-01 3.13259200e-01 1.33995100e-01 8.76357400e-02 7.83423700e-01 8.00549100e-01 4.38478800e-01 5.86101200e-01 9.68724900e-01 9.94939500e+01 2.41824500e+00 7.75604200e+00 2.04366600e+00 1.82653300e+00 1.22270000e+03 5.67689000e+03 2.51280500e+03 8.14348800e+02 2.31530300e+02 9.56683000e-01 2.39448500e-01 2.40753100e-01 2.50928200e+00 1.42345200e+01 1.08920500e+03 1.49259600e+02 1.04209300e+00 1.43230600e+01 1.05806400e+03 1.52126300e+02 1.37054800e-01 1.60036900e-01 3.37673900e+03 1.00119000e-02 8.17006100e-01 4.51607700e-01 7.05412500e+01 6.62730200e+02 8.03759500e+01 1.58012700e+03 8.69064000e+01 2.04662900e+03 9.23679800e+01 2.38129800e+03 2.29037800e+02 5.94600400e+03 4.42824900e-01 7.23767600e-01 4.60184900e-01 6.41390900e-01 4.58633700e-01 6.00164400e-01 4.53691900e-01 5.71025800e-01 2.87910700e-01 2.96714100e-01 2.94709400e+01 1.01193500e+02 3.11802900e+01 1.04024200e+01 3.96405800e+02 2.36925900e+01 1.15164400e+04 7.06802300e+02 3.99672300e-02 1.15641700e+00 4.45960800e+00 4.46258000e+00 1.19469400e+04 5.65599200e+00
1.10283700e+00 6.33400100e+03 2.20202600e-02 1.16779000e-01 1.04109700e+00 5.87482800e-02 2.89440300e+00 3.03348400e+00 9.56949200e-01 9.94217900e-01 2.77617900e+02 5.15351300e+01 1.04119800e+02 3.80555100e+01 2.99534400e+00 5.64928200e-01 5.43454100e-01 3.09170500e-01 1.60347100e+00 8.84842500e-01 1.08222500e+00 1.04395100e+00 1.23008900e+00 9.97745600e-01 1.00172100e+00 9.95965900e-01 9.97135700e-01 6.64898700e+01 6.84579400e-01 3.15420600e-01 1.39444400e-01 9.27163800e-02 7.99841900e-01 8.20141000e-01 4.49209700e-01 5.99413700e-01 9.80903800e-01 9.91553200e+01 2.44520800e+00 8.13751200e+00 2.07694800e+00 1.84670500e+00 1.23054600e+03 5.67456100e+03 2.50355800e+03 8.04494600e+02 2.27000200e+02 9.56949200e-01 2.43198400e-01 2.44516900e-01 2.59882000e+00 1.39744500e+01 1.08992800e+03 1.46317800e+02 1.04141900e+00 1.40498500e+01 1.05875000e+03 1.49128500e+02 1.39060200e-01 1.60796100e-01 3.38577300e+03 1.02280500e-02 8.15290700e-01 4.50684700e-01 7.17502200e+01 6.51721500e+02 8.18088100e+01 1.55335400e+03 8.84846900e+01 2.01160900e+03 9.40663700e+01 2.34027200e+03 2.33584000e+02 5.83760500e+03 4.53430800e-01 7.38720600e-01 4.70669500e-01 6.54405500e-01 4.68833300e-01 6.12243800e-01 4.63616900e-01 5.82457500e-01 2.93551400e-01 3.02458100e-01 3.27016800e+01 1.04609200e+02 3.13918300e+01 8.49801900e+00 3.97467900e+02 2.50543000e+01 1.15134500e+04 7.06875200e+02 7.29242300e-02 9.81866700e-01 5.23649300e+00 1.03646200e+01 1.19444700e+04 6.29128400e+00
8.92070800e-01 6.34297900e+03 2.20833000e-02 1.14761700e-01 1.04147300e+00 5.46838500e-02 2.78317900e+00 3.02454100e+00 9.48972300e-01 9.97268500e-01 3.00670400e+02 5.75654100e+01 1.16642400e+02 4.22045800e+01 4.85431900e+00 8.55684600e-01 4.76550800e-01 7.19604800e-01 1.51551100e+00 7.68353100e-01 9.82183400e-01 6.86392800e-01 7.35207100e-01 9.98124900e-01 9.96731500e-01 1.00222900e+00 9.92149400e-01 6.60723900e+01 6.85057400e-01 3.14942600e-01 1.37490100e-01 9.08430000e-02 7.90461400e-01 8.09908200e-01 4.43605000e-01 5.92159300e-01 9.72457600e-01 9.92402100e+01 2.44866300e+00 7.66449000e+00 2.05845600e+00 1.84520200e+00 1.25201600e+03 5.73995400e+03 2.51044800e+03 8.06615100e+02 2.27900600e+02 9.48972300e-01 2.41691100e-01 2.43004000e-01 2.54773500e+00 1.40690000e+01 1.08955700e+03 1.47395600e+02 1.04185400e+00 1.41474300e+01 1.05867400e+03 1.50199200e+02 1.38446300e-01 1.60395000e-01 3.38976700e+03 1.01617800e-02 8.14947200e-01 4.50464000e-01 7.12898200e+01 6.55896800e+02 8.12722400e+01 1.56341800e+03 8.78982400e+01 2.02471400e+03 9.34385300e+01 2.35557700e+03 2.31954700e+02 5.87705000e+03 4.47840700e-01 7.30102600e-01 4.64979700e-01 6.46821300e-01 4.63218200e-01 6.05169200e-01 4.58098800e-01 5.75740200e-01 2.90196900e-01 2.99013100e-01 3.39921100e+01 1.06857600e+02 3.59362900e+01 8.93898400e+00 3.96331500e+02 2.65938200e+01 1.15306400e+04 7.06858400e+02 6.39991300e-02 1.03858200e+00 5.01911400e+00 1.04764000e+01 1.19625000e+04 6.12169500e+00
3.42141300e-01 6.33670000e+03 2.26086200e-02 1.21440200e-01 1.04010500e+00 5.07449200e-02 3.27713000e+00 3.03351200e+00 9.69941000e-01 9.97824800e-01 2.99760100e+02 4.94582000e+01 1.04326100e+02 4.07596200e+01 8.69444600e-01 6.56226000e-01 3.39342200e-01 9.88437300e-01 6.48520300e+00 9.57613700e-01 1.13148700e+00 9.52086200e-01 1.18608600e+00 9.96646800e-01 1.00082800e+00 9.93444900e-01 9.96583300e-01 6.94525100e+01 7.00032400e-01 2.99967600e-01 1.44693900e-01 1.00493600e-01 8.04553700e-01 8.04510200e-01 4.40648400e-01 5.95420300e-01 9.65408400e-01 1.00923800e+02 2.39756900e+00 7.31048600e+00 2.07700400e+00 1.87655300e+00 1.21981100e+03 5.73455600e+03 2.51611500e+03 8.05642400e+02 2.26021300e+02 9.69941000e-01 2.48528700e-01 2.49866600e-01 2.62131000e+00 1.35681200e+01 1.08996800e+03 1.42750800e+02 1.04012700e+00 1.37243600e+01 1.06077200e+03 1.45313400e+02 1.42064400e-01 1.61128500e-01 3.33871100e+03 1.03470200e-02 8.25029300e-01 4.55307000e-01 7.46887200e+01 6.24984900e+02 8.47417000e+01 1.49328400e+03 9.14375500e+01 1.93621300e+03 9.70470900e+01 2.25452400e+03 2.38438700e+02 5.66608100e+03 4.46068100e-01 7.44601300e-01 4.66841400e-01 6.61298600e-01 4.66809900e-01 6.19392700e-01 4.62802700e-01 5.89692200e-01 2.97765900e-01 3.07523800e-01 3.37296300e+01 1.09925400e+02 3.44100100e+01 1.11918300e+01 3.95692000e+02 2.27835600e+01 1.15261500e+04 7.06522200e+02 7.78339800e-03 2.04033800e+00 3.44442700e+00 5.56898600e+00 1.19558200e+04 5.49254800e+00
2.51719300e-01 6.33269600e+03 2.24247300e-02 1.18202300e-01 1.04074800e+00 5.05616200e-02 3.09346100e+00 3.02974200e+00 9.65403100e-01 1.00048200e+00 2.47455100e+02 4.84299800e+01 1.05200700e+02 3.66996800e+01 1.02597200e+00 4.59752300e-01 9.54186700e-01 6.54834200e-01 7.96176700e+00 8.95398900e-01 1.18702900e+00 1.00195800e+00 8.06972300e-01 9.97102200e-01 1.00085600e+00 9.97680500e-01 9.94282400e-01 6.85333300e+01 6.99217100e-01 3.00782900e-01 1.41272200e-01 9.68185300e-02 7.97591000e-01 7.98631000e-01 4.37428200e-01 5.90668100e-01 9.63450300e-01 1.00927500e+02 2.40121000e+00 7.26165800e+00 2.06918900e+00 1.87017800e+00 1.22848300e+03 5.75349000e+03 2.52517600e+03 8.10554900e+02 2.28068100e+02 9.65403100e-01 2.46049600e-01 2.47378500e-01 2.59172200e+00 1.37400100e+01 1.08974000e+03 1.44617300e+02 1.04090200e+00 1.38934600e+01 1.05997100e+03 1.47267800e+02 1.40538900e-01 1.60895100e-01 3.33926000e+03 1.02242400e-02 8.24775100e-01 4.55325900e-01 7.37103900e+01 6.33341100e+02 8.36544500e+01 1.51304400e+03 9.02764500e+01 1.96170000e+03 9.58235100e+01 2.28409000e+03 2.35574000e+02 5.73796900e+03 4.42780100e-01 7.38076100e-01 4.63192200e-01 6.55414000e-01 4.63063200e-01 6.13844100e-01 4.59023300e-01 5.84387000e-01 2.95077200e-01 3.04693800e-01 3.53955600e+01 1.08842900e+02 3.44253100e+01 1.17969500e+01 3.95730500e+02 2.31262100e+01 1.15182700e+04 7.06530900e+02 8.07658000e-03 2.04033800e+00 3.38831600e+00 4.49571600e+00 1.19489300e+04 5.43673000e+00
9.45890600e-01 6.32703400e+03 2.23467400e-02 1.18575100e-01 1.04101400e+00 6.01465100e-02 3.08231600e+00 3.05063900e+00 9.67893300e-01 1.00016400e+00 2.46826100e+02 3.24965000e+01 9.27811800e+01 3.87426000e+01 3.69799500e+00 6.06386200e-01 4.08558200e-01 2.41256800e-01 7.53608600e+00 8.56867300e-01 9.88438500e-01 1.07167700e+00 1.23710300e+00 9.98009100e-01 1.00146300e+00 1.00288100e+00 9.91697600e-01 6.82916300e+01 6.96452200e-01 3.03547800e-01 1.41567000e-01 9.66783900e-02 8.08933700e-01 8.13702900e-01 4.45683400e-01 6.00440100e-01 9.78879500e-01 1.00601100e+02 2.42699600e+00 8.25347900e+00 2.11288400e+00 1.87341100e+00 1.22497200e+03 5.73108700e+03 2.53016600e+03 8.13286200e+02 2.29272700e+02 9.67893300e-01 2.45871100e-01 2.47199300e-01 2.60243700e+00 1.37531600e+01 1.08985900e+03 1.44636100e+02 1.04118100e+00 1.38915300e+01 1.05981800e+03 1.47311000e+02 1.40476000e-01 1.60989500e-01 3.35124500e+03 1.02532900e-02 8.22552000e-01 4.54232400e-01 7.34984300e+01 6.35365600e+02 8.34872900e+01 1.51721700e+03 9.01349000e+01 1.96667400e+03 9.57014100e+01 2.28952200e+03 2.35729100e+02 5.74381100e+03 4.50885400e-01 7.48295500e-01 4.70976100e-01 6.64182400e-01 4.70518400e-01 6.21928400e-01 4.66196600e-01 5.92003800e-01 2.98812000e-01 3.08421000e-01 3.02507200e+01 1.06251600e+02 3.22027000e+01 9.11145100e+00 3.97524200e+02 2.30091200e+01 1.15071000e+04 7.06568800e+02 5.97718100e-04 1.81943000e+00 3.42381800e+00 5.50874800e+00 1.19367500e+04 5.24384500e+00
6.70121900e-01 6.32952300e+03 2.21947300e-02 1.19458200e-01 1.04093300e+00 5.16402900e-02 3.06995500e+00 3.03268400e+00 9.66660300e-01 9.99293700e-01 2.53838200e+02 2.93624900e+01 8.25304500e+01 4.87401200e+01 1.05053100e+00 6.00769800e-01 6.07682900e-01 7.74189100e-01 9.77893200e+00 1.25988600e+00 1.07646900e+00 7.22157600e-01 8.00967300e-01 9.97645700e-01 9.99377000e-01 9.88885300e-01 9.92781100e-01 6.76837200e+01 6.89379100e-01 3.10620900e-01 1.42298100e-01 9.63126400e-02 8.05254800e-01 8.19385000e-01 4.48795700e-01 6.01161300e-01 9.78793800e-01 9.97044500e+01 2.41976100e+00 7.43866000e+00 2.07528600e+00 1.87164700e+00 1.21987200e+03 5.69454800e+03 2.52534100e+03 8.11602900e+02 2.28593600e+02 9.66660300e-01 2.45644100e-01 2.46971500e-01 2.62729300e+00 1.37875300e+01 1.09011800e+03 1.44585300e+02 1.04112300e+00 1.38874400e+01 1.05951300e+03 1.47309400e+02 1.40409100e-01 1.61113700e-01 3.37421100e+03 1.03150100e-02 8.17871800e-01 4.51902600e-01 7.29577500e+01 6.40589200e+02 8.30604300e+01 1.52797000e+03 8.97728400e+01 1.97948600e+03 9.53884800e+01 2.30351300e+03 2.36109700e+02 5.75900400e+03 4.53430900e-01 7.44186400e-01 4.71849700e-01 6.59757600e-01 4.70557700e-01 6.17461900e-01 4.65684200e-01 5.87551900e-01 2.96280700e-01 3.05490600e-01 2.86625700e+01 1.06210100e+02 3.20073700e+01 9.64594900e+00 3.95757700e+02 2.28234200e+01 1.15113300e+04 7.06723600e+02 2.54472100e-02 1.27934900e+00 4.27871700e+00 7.18334700e+00 1.19395600e+04 5.58351300e+00
8.04296200e-01 6.32736500e+03 2.24291700e-02 1.22261500e-01 1.04057700e+00 4.95726100e-02 3.27391800e+00 3.04366500e+00 9.72749000e-01 1.00179700e+00 2.58584600e+02 4.31473600e+01 1.01255900e+02 4.14169400e+01 8.75284600e-01 6.42962700e-01 4.63893400e-01 9.15985300e-01 8.89645200e+00 8.87809900e-01 7.50418200e-01 9.10000300e-01 8.66102500e-01 9.97174100e-01 1.00302400e+00 9.99848100e-01 9.98334800e-01 6.91339100e+01 6.95918200e-01 3.04081800e-01 1.45335800e-01 1.00476300e-01 8.13533200e-01 8.19048900e-01 4.48611600e-01 6.04119500e-01 9.78429900e-01 1.00461100e+02 2.41281900e+00 7.24029500e+00 2.09820000e+00 1.90015300e+00 1.22375500e+03 5.75501100e+03 2.54716100e+03 8.16450400e+02 2.29239300e+02 9.72749000e-01 2.48419300e-01 2.49756800e-01 2.65305300e+00 1.35791200e+01 1.09026500e+03 1.42695100e+02 1.04060400e+00 1.37127200e+01 1.06042900e+03 1.45313800e+02 1.41939700e-01 1.61406900e-01 3.35499800e+03 1.03953000e-02 8.21894300e-01 4.53820800e-01 7.44116000e+01 6.27608100e+02 8.45396000e+01 1.49856000e+03 9.12789300e+01 1.94240200e+03 9.69218500e+01 2.26119500e+03 2.38828300e+02 5.67119300e+03 4.53794200e-01 7.52490500e-01 4.73869400e-01 6.67838800e-01 4.73340400e-01 6.25323700e-01 4.68947200e-01 5.95217900e-01 3.00383900e-01 3.10033400e-01 3.20705400e+01 1.10566100e+02 3.43572200e+01 9.42696400e+00 3.95769400e+02 2.23735500e+01 1.15078900e+04 7.06577600e+02 3.88467300e-05 1.74777200e+00 3.54763500e+00 7.39987400e+00 1.19354600e+04 5.29544600e+00
1.06195700e+00 6.33170200e+03 2.26582800e-02 1.22572300e-01 1.04004600e+00 6.09728500e-02 3.27499000e+00 3.06542300e+00 9.70881700e-01 1.00205100e+00 2.53046500e+02 3.88596500e+01 1.01415300e+02 4.43874600e+01 2.67354900e+00 4.74813000e-01 8.28683300e-01 3.23237100e-01 6.55873100e+00 1.05987900e+00 1.02174400e+00 8.98771500e-01 8.65003800e-01 9.97864800e-01 1.00182500e+00 9.98828600e-01 9.86620000e-01 6.90533400e+01 6.94076100e-01 3.05923900e-01 1.45875700e-01 1.00732000e-01 8.21390500e-01 8.29460600e-01 4.54314300e-01 6.10875900e-01 9.88455900e-01 1.00114600e+02 2.44551900e+00 8.35113500e+00 2.14435300e+00 1.89817400e+00 1.23142200e+03 5.77197800e+03 2.54130600e+03 8.14715900e+02 2.29279900e+02 9.70881700e-01 2.48520400e-01 2.49858300e-01 2.61153200e+00 1.35721900e+01 1.09000300e+03 1.42441900e+02 1.04005300e+00 1.36956400e+01 1.06096300e+03 1.44981500e+02 1.42470900e-01 1.61005800e-01 3.36704900e+03 1.04333600e-02 8.19918000e-01 4.52605000e-01 7.43534000e+01 6.28232200e+02 8.45237400e+01 1.49960600e+03 9.12883400e+01 1.94346600e+03 9.69510500e+01 2.26219400e+03 2.39210000e+02 5.66852200e+03 4.59413700e-01 7.59567900e-01 4.79259600e-01 6.73909900e-01 4.78500700e-01 6.30920700e-01 4.73911200e-01 6.00491000e-01 3.02967500e-01 3.12613000e-01 3.16220800e+01 1.11057600e+02 3.30145000e+01 8.83717300e+00 3.97822100e+02 2.29738000e+01 1.15176200e+04 7.06611600e+02 6.37783300e-03 1.47275900e+00 3.95754800e+00 4.10835800e+00 1.19472500e+04 5.43668500e+00
1.21314000e+00 6.32819500e+03 2.24861900e-02 1.18576800e-01 1.04060500e+00 5.92561700e-02 3.06675000e+00 3.05368000e+00 9.67543300e-01 1.00169300e+00 2.50217800e+02 3.39325900e+01 1.01259400e+02 4.00458000e+01 3.64276300e+00 6.27581900e-01 7.24913800e-01 5.36497600e-01 3.79326500e+00 1.25174700e+00 9.63519800e-01 1.05260400e+00 1.06019800e+00 9.98259800e-01 1.00222400e+00 9.93449700e-01 9.89126200e-01 6.80865500e+01 6.94316300e-01 3.05683700e-01 1.41708200e-01 9.64841900e-02 8.09570900e-01 8.17203800e-01 4.47600900e-01 6.01967400e-01 9.81124700e-01 1.00246600e+02 2.43421200e+00 8.12835700e+00 2.11931800e+00 1.88246500e+00 1.23161600e+03 5.76849600e+03 2.54299500e+03 8.18446900e+02 2.31156600e+02 9.67543300e-01 2.45716700e-01 2.47044300e-01 2.57147200e+00 1.37675200e+01 1.08967000e+03 1.44606800e+02 1.04076700e+00 1.38942600e+01 1.06012300e+03 1.47234000e+02 1.40723500e-01 1.60674900e-01 3.36159700e+03 1.02742500e-02 8.20713000e-01 4.53157600e-01 7.33129200e+01 6.37127800e+02 8.33333900e+01 1.52090800e+03 8.99987500e+01 1.97111900e+03 9.55785800e+01 2.29441900e+03 2.35777100e+02 5.75006800e+03 4.52640800e-01 7.48670300e-01 4.72269900e-01 6.64278000e-01 4.71557900e-01 6.21919100e-01 4.67058900e-01 5.91933700e-01 2.98690500e-01 3.08197000e-01 2.58886500e+01 1.07412800e+02 3.05092100e+01 8.57573900e+00 3.97171200e+02 2.31529900e+01 1.15109300e+04 7.06606800e+02 2.45215500e-03 1.60798500e+00 3.71136800e+00 4.63442600e+00 1.19398300e+04 5.32180500e+00
9.54673600e-01 6.32814400e+03 2.26032800e-02 1.22076800e-01 1.04033900e+00 5.78310300e-02 3.29578200e+00 3.05691600e+00 9.77725200e-01 1.00029100e+00 2.44162200e+02 4.30973900e+01 1.10577400e+02 3.85997500e+01 5.69501500e+00 6.68850600e-01 8.94114300e-01 7.43461400e-01 2.95476000e+00 9.75686400e-01 1.14720400e+00 9.55083800e-01 9.35533200e-01 9.97410400e-01 1.00103800e+00 1.00090300e+00 9.92368300e-01 6.95184300e+01 6.99294800e-01 3.00705200e-01 1.45325200e-01 1.01027800e-01 8.18319700e-01 8.19280900e-01 4.48738700e-01 6.05979900e-01 9.81461000e-01 1.00848600e+02 2.41314900e+00 8.04901100e+00 2.12618800e+00 1.89395800e+00 1.21207400e+03 5.73500800e+03 2.54182400e+03 8.16718300e+02 2.29833200e+02 9.77725200e-01 2.48768200e-01 2.50107000e-01 2.62860200e+00 1.35461700e+01 1.09004800e+03 1.42506200e+02 1.04034200e+00 1.36980200e+01 1.06081000e+03 1.45067400e+02 1.42257300e-01 1.61219400e-01 3.34522100e+03 1.03797700e-02 8.24007700e-01 4.54785000e-01 7.47697600e+01 6.24361400e+02 8.48543400e+01 1.49161300e+03 9.15700500e+01 1.93392800e+03 9.71956800e+01 2.25176500e+03 2.38932600e+02 5.65701000e+03 4.54206200e-01 7.57263300e-01 4.75163500e-01 6.72457200e-01 4.75039500e-01 6.29807800e-01 4.70900600e-01 5.99585200e-01 3.02727000e-01 3.12612300e-01 2.95639500e+01 1.07464200e+02 3.15586200e+01 9.13171700e+00 3.96650400e+02 2.18186100e+01 1.15132000e+04 7.06530100e+02 5.25289200e-03 1.96545900e+00 3.43992600e+00 3.55010300e+00 1.19408000e+04 5.41063800e+00
4.95745100e-01 6.33364600e+03 2.25433000e-02 1.16024700e-01 1.04121800e+00 5.62818600e-02 2.95826500e+00 3.03643500e+00 9.69738000e-01 1.00011600e+00 2.10359300e+02 2.68737500e+01 9.48071800e+01 3.86792400e+01 3.45475500e+00 4.64248500e-01 6.33235900e-01 2.51044700e-01 6.27676500e+00 9.21546500e-01 8.56836100e-01 1.08161700e+00 1.15358200e+00 9.95731400e-01 1.00198300e+00 1.00245900e+00 9.97185200e-01 6.79803500e+01 6.98759400e-01 3.01240600e-01 1.39213100e-01 9.46375800e-02 7.98091100e-01 7.99739500e-01 4.38035400e-01 5.91263200e-01 9.67967400e-01 1.00889600e+02 2.40042600e+00 7.76519800e+00 2.08308400e+00 1.86132000e+00 1.21524400e+03 5.73069800e+03 2.53208300e+03 8.18852700e+02 2.32060800e+02 9.69738000e-01 2.44278600e-01 2.45601000e-01 2.52430300e+00 1.38458000e+01 1.08927200e+03 1.45782500e+02 1.04144800e+00 1.39980600e+01 1.05997100e+03 1.48409900e+02 1.39952800e-01 1.60361700e-01 3.35079900e+03 1.01666300e-02 8.23251100e-01 4.54449800e-01 7.31242800e+01 6.38449900e+02 8.30011700e+01 1.52514000e+03 8.95777600e+01 1.97731200e+03 9.50864500e+01 2.30220800e+03 2.33835700e+02 5.78220300e+03 4.43362200e-01 7.38496300e-01 4.63691800e-01 6.55740600e-01 4.63511400e-01 6.14130800e-01 4.59433700e-01 5.84648100e-01 2.95207600e-01 3.04797800e-01 2.59123300e+01 1.06128300e+02 2.86220100e+01 1.04360900e+01 3.96215900e+02 2.22440300e+01 1.15189200e+04 7.06536300e+02 6.86879200e-03 1.96545900e+00 3.37694100e+00 7.58753200e+00 1.19478200e+04 5.34926900e+00
1.03404800e+00 6.32829200e+03 2.23915400e-02 1.15737900e-01 1.04141700e+00 6.20734500e-02 2.89455800e+00 3.04492700e+00 9.67397900e-01 9.98673300e-01 2.02311300e+02 3.25694900e+01 1.09015400e+02 3.60058500e+01 5.96008100e+00 5.28437500e-01 5.97420400e-01 1.18628500e-02 1.82231900e+00 9.77634200e-01 7.58602600e-01 8.99584200e-01 8.29857200e-01 9.97049800e-01 9.98858400e-01 9.95168700e-01 9.92273600e-01 6.72699000e+01 6.93332000e-01 3.06668000e-01 1.38774600e-01 9.33535300e-02 8.02602500e-01 8.11473000e-01 4.44462100e-01 5.97265800e-01 9.78566000e-01 1.00225300e+02 2.42417600e+00 8.35418700e+00 2.10085000e+00 1.85557600e+00 1.21655100e+03 5.70294200e+03 2.52713300e+03 8.17653200e+02 2.32029800e+02 9.67397900e-01 2.43355600e-01 2.44674700e-01 2.52915500e+00 1.39220100e+01 1.08937200e+03 1.46305800e+02 1.04170300e+00 1.40448700e+01 1.05955100e+03 1.48989900e+02 1.39485700e-01 1.60362400e-01 3.36935800e+03 1.01785900e-02 8.19543000e-01 4.52634200e-01 7.24507400e+01 6.44780800e+02 8.23788900e+01 1.53893900e+03 8.89813600e+01 1.99433200e+03 9.45078400e+01 2.32131100e+03 2.33292500e+02 5.81470600e+03 4.49392700e-01 7.42132500e-01 4.68641100e-01 6.58374700e-01 4.67822600e-01 6.16350000e-01 4.63285200e-01 5.86607100e-01 2.95986700e-01 3.05350200e-01 2.71190900e+01 1.02163300e+02 2.70593300e+01 8.87513500e+00 3.98087500e+02 2.27273200e+01 1.15092100e+04 7.06626900e+02 2.65732400e-03 1.60798500e+00 3.62872300e+00 5.81981400e+00 1.19389000e+04 5.23936600e+00
4.25708200e-01 6.32593000e+03 2.23291400e-02 1.16475000e-01 1.04151900e+00 5.37223900e-02 2.95035100e+00 3.03015200e+00 9.68272200e-01 9.99430400e-01 2.51884300e+02 3.37453800e+01 8.62012600e+01 4.94213200e+01 4.10595800e+00 6.81963700e-01 5.64140400e-01 1.90489200e-01 2.47448700e+00 1.00358300e+00 1.06876100e+00 9.28865700e-01 1.13872000e+00 9.97263700e-01 1.00303400e+00 9.96544200e-01 9.91237600e-01 6.76470900e+01 6.95268000e-01 3.04732000e-01 1.39449300e-01 9.43333900e-02 7.98162700e-01 8.04432800e-01 4.40606000e-01 5.93022100e-01 9.70435900e-01 1.00502500e+02 2.40235100e+00 7.56378200e+00 2.07003800e+00 1.85915500e+00 1.21365400e+03 5.70027800e+03 2.52722100e+03 8.16268800e+02 2.30975200e+02 9.68272200e-01 2.44089900e-01 2.45411600e-01 2.56002800e+00 1.38690900e+01 1.08956700e+03 1.45870100e+02 1.04177200e+00 1.40021100e+01 1.05951300e+03 1.48568900e+02 1.39656400e-01 1.60655500e-01 3.36012500e+03 1.01894300e-02 8.21171200e-01 4.53534400e-01 7.28241500e+01 6.41334700e+02 8.27526700e+01 1.53118200e+03 8.93583100e+01 1.98458700e+03 9.48888300e+01 2.31022000e+03 2.33920700e+02 5.79236800e+03 4.45660800e-01 7.38216600e-01 4.65226000e-01 6.55109700e-01 4.64636800e-01 6.13380200e-01 4.60278200e-01 5.83834500e-01 2.94657000e-01 3.04069700e-01 2.77848500e+01 1.05875000e+02 3.20615900e+01 1.06880600e+01 3.95898600e+02 2.23331200e+01 1.15059800e+04 7.06588900e+02 2.79371100e-05 1.74777200e+00 3.42615600e+00 5.19560800e+00 1.19349000e+04 5.17395600e+00
5.46931700e-01 6.33493900e+03 2.23360000e-02 1.18171500e-01 1.04147500e+00 5.28473900e-02 2.99112300e+00 3.02782900e+00 9.64850800e-01 9.97300400e-01 2.15197000e+02 2.82300500e+01 1.03691600e+02 3.68767400e+01 6.95446100e-01 3.66448900e-01 6.10233200e-01 1.18404200e-01 9.69529900e+00 7.67472700e-01 8.41019000e-01 9.01350300e-01 8.34183400e-01 9.97526600e-01 1.00088900e+00 9.94366800e-01 9.90480400e-01 6.75152600e+01 6.90340100e-01 3.09659900e-01 1.41152600e-01 9.52995400e-02 8.00683000e-01 8.13471700e-01 4.45556800e-01 5.97285300e-01 9.74450100e-01 9.98519100e+01 2.41602200e+00 7.50579800e+00 2.06523500e+00 1.85809100e+00 1.21811900e+03 5.68506400e+03 2.51528200e+03 8.10423600e+02 2.28952800e+02 9.64850800e-01 2.44644400e-01 2.45968200e-01 2.57287400e+00 1.38342100e+01 1.08974800e+03 1.45209000e+02 1.04169400e+00 1.39397000e+01 1.05966600e+03 1.47895300e+02 1.40208100e-01 1.60739700e-01 3.38260900e+03 1.02859900e-02 8.17104000e-01 4.51406600e-01 7.27581900e+01 6.42277900e+02 8.28086000e+01 1.53222600e+03 8.94877200e+01 1.98514700e+03 9.50761600e+01 2.31022400e+03 2.35186300e+02 5.77839200e+03 4.50262900e-01 7.40054600e-01 4.68786800e-01 6.56197300e-01 4.67612400e-01 6.14172600e-01 4.62841600e-01 5.84448500e-01 2.94760600e-01 3.03959400e-01 2.80102600e+01 1.07926900e+02 2.91669900e+01 1.00781100e+01 3.95879300e+02 2.30764400e+01 1.15224400e+04 7.06697800e+02 1.68093700e-02 1.34256300e+00 4.03971800e+00 6.30312000e+00 1.19514800e+04 5.39909100e+00
3.33860600e-01 6.33522200e+03 2.21863400e-02 1.15025200e-01 1.04151300e+00 4.97347200e-02 2.85329000e+00 3.02127800e+00 9.63084200e-01 1.00123800e+00 2.63384500e+02 3.53921700e+01 8.33976300e+01 4.27007400e+01 2.95966600e+00 2.99431500e-01 8.85825800e-01 1.21213200e-01 7.70854800e+00 9.06416200e-01 1.25335500e+00 1.00915900e+00 1.02705100e+00 9.98553400e-01 1.00112600e+00 9.97220600e-01 9.92105700e-01 6.69036900e+01 6.92016200e-01 3.07983800e-01 1.37856700e-01 9.22312400e-02 7.91682900e-01 8.02148100e-01 4.39354600e-01 5.89770700e-01 9.67890500e-01 1.00112900e+02 2.40549900e+00 7.14874300e+00 2.05174900e+00 1.85748400e+00 1.22417400e+03 5.72139400e+03 2.53224500e+03 8.17833800e+02 2.31508800e+02 9.63084200e-01 2.42703100e-01 2.44019800e-01 2.55312100e+00 1.39814000e+01 1.08952300e+03 1.46873600e+02 1.04184900e+00 1.40974000e+01 1.05897900e+03 1.49637400e+02 1.38826600e-01 1.60523300e-01 3.36600200e+03 1.01396700e-02 8.19623200e-01 4.52832000e-01 7.20776400e+01 6.48215100e+02 8.19889700e+01 1.54681300e+03 8.85782600e+01 2.00432500e+03 9.40927800e+01 2.33276900e+03 2.32478400e+02 5.83967000e+03 4.44121500e-01 7.31907900e-01 4.62821000e-01 6.49163800e-01 4.61861800e-01 6.07668900e-01 4.57282300e-01 5.78308900e-01 2.91754100e-01 3.00922900e-01 3.29512700e+01 1.04724700e+02 3.08809100e+01 1.11068100e+01 3.95680700e+02 2.28760600e+01 1.15248400e+04 7.06656300e+02 5.40202100e-03 1.53969800e+00 3.67612500e+00 4.06752500e+00 1.19545000e+04 5.22122600e+00
9.88942600e-01 6.32889300e+03 2.20754600e-02 1.16396300e-01 1.04121400e+00 5.76126000e-02 2.82016000e+00 3.04263700e+00 9.59054800e-01 1.00259700e+00 2.17357800e+02 4.52727400e+01 9.80599300e+01 3.78873500e+01 5.76798900e+00 6.58898700e-01 8.90887400e-01 8.41570400e-01 3.12862700e+00 1.29992800e+00 1.14070600e+00 1.09994500e+00 1.12122900e+00 9.96758900e-01 1.00075000e+00 9.92974900e-01 9.84129400e-01 6.58380100e+01 6.79058100e-01 3.20941900e-01 1.39116900e-01 9.15917900e-02 8.04943700e-01 8.32564800e-01 4.56014600e-01 6.05859700e-01 9.92035300e-01 9.84670100e+01 2.46099900e+00 7.99408000e+00 2.09604400e+00 1.86792200e+00 1.23713400e+03 5.72217500e+03 2.53984800e+03 8.19827300e+02 2.32452100e+02 9.59054800e-01 2.42200900e-01 2.43515700e-01 2.56223700e+00 1.40441400e+01 1.08975100e+03 1.46763400e+02 1.04157400e+00 1.40905400e+01 1.05878800e+03 1.49559500e+02 1.38950700e-01 1.60457900e-01 3.41251000e+03 1.02562200e-02 8.10702800e-01 4.48245900e-01 7.11322600e+01 6.57794000e+02 8.12450100e+01 1.56646700e+03 8.79484800e+01 2.02770700e+03 9.35493400e+01 2.35827900e+03 2.33145300e+02 5.86728000e+03 4.59821100e-01 7.42893900e-01 4.75928600e-01 6.57515800e-01 4.73437700e-01 6.14912100e-01 4.67753300e-01 5.84847100e-01 2.94551100e-01 3.03253400e-01 3.00686700e+01 1.04285400e+02 3.06864500e+01 8.49624600e+00 3.96970900e+02 2.38940400e+01 1.15044800e+04 7.07095000e+02 1.69430900e-01 6.71532900e-01 7.14050500e+00 8.86699600e+00 1.19338400e+04 7.98146900e+00
7.64728200e-01 6.33511500e+03 2.20473500e-02 1.18299900e-01 1.04112200e+00 5.42182800e-02 2.90693500e+00 3.04262700e+00 9.61048800e-01 1.00219600e+00 1.84924400e+02 4.16074500e+01 9.85078300e+01 3.98858600e+01 5.61741200e+00 8.12435100e-01 6.96441500e-01 9.50686100e-01 2.80859700e+00 1.48233000e+00 9.19263900e-01 1.02460100e+00 1.14651500e+00 9.96908900e-01 1.00068000e+00 9.96570300e-01 9.86339600e-01 6.61309800e+01 6.77606800e-01 3.22393200e-01 1.40992400e-01 9.32396800e-02 8.09366200e-01 8.39029800e-01 4.59555600e-01 6.09876000e-01 9.95273900e-01 9.82822700e+01 2.46094300e+00 7.69805900e+00 2.09602400e+00 1.88062800e+00 1.23672500e+03 5.72389800e+03 2.54663700e+03 8.20564600e+02 2.32152400e+02 9.61048800e-01 2.43381600e-01 2.44700800e-01 2.59812800e+00 1.39641000e+01 1.09004200e+03 1.45827400e+02 1.04142400e+00 1.40026900e+01 1.05894100e+03 1.48617600e+02 1.39559400e-01 1.60760500e-01 3.41767600e+03 1.03332600e-02 8.09707400e-01 4.47745900e-01 7.14719500e+01 6.54774500e+02 8.16698700e+01 1.55892400e+03 8.84276100e+01 2.01771400e+03 9.40727900e+01 2.34647000e+03 2.34669600e+02 5.83398200e+03 4.63248000e-01 7.46832700e-01 4.79114100e-01 6.60846400e-01 4.76440000e-01 6.17962700e-01 4.70610200e-01 5.87708800e-01 2.95924300e-01 3.04615200e-01 2.66726300e+01 1.04568100e+02 3.11890700e+01 8.94474600e+00 3.96178500e+02 2.38008200e+01 1.15147000e+04 7.07160700e+02 2.02063000e-01 5.80430900e-01 7.77525300e+00 1.08887900e+01 1.19436200e+04 8.55774700e+00
6.97637200e-01 6.33231300e+03 2.20483100e-02 1.19447900e-01 1.04087400e+00 4.98591800e-02 2.94374500e+00 3.03496200e+00 9.59543700e-01 1.00155000e+00 2.45784100e+02 5.09399400e+01 8.66366600e+01 4.88974600e+01 3.23995000e+00 7.95484000e-01 5.41008100e-01 9.25979200e-01 2.77790900e+00 1.04456900e+00 8.91198000e-01 9.04905900e-01 1.06423800e+00 9.98220500e-01 1.00348000e+00 9.89663700e-01 9.98422100e-01 6.60797100e+01 6.74475100e-01 3.25524900e-01 1.42141400e-01 9.39266100e-02 8.08235200e-01 8.41917000e-01 4.61136900e-01 6.10497400e-01 9.94268600e-01 9.78758900e+01 2.45998800e+00 7.26776100e+00 2.08001800e+00 1.88260900e+00 1.23854500e+03 5.71961400e+03 2.54217000e+03 8.17817700e+02 2.31013800e+02 9.59543700e-01 2.43883300e-01 2.45204300e-01 2.61093400e+00 1.39369900e+01 1.09018100e+03 1.45336400e+02 1.04114700e+00 1.39592500e+01 1.05905500e+03 1.48117900e+02 1.39937100e-01 1.60825500e-01 3.42839400e+03 1.03917100e-02 8.07657900e-01 4.46668100e-01 7.14641600e+01 6.55077900e+02 8.17409300e+01 1.55888100e+03 8.85461500e+01 2.01716300e+03 9.42287800e+01 2.34542700e+03 2.35532900e+02 5.82294800e+03 4.64563000e-01 7.45483300e-01 4.79693800e-01 6.59320800e-01 4.76658200e-01 6.16400000e-01 4.70590900e-01 5.86138800e-01 2.95009100e-01 3.03550000e-01 3.05006400e+01 1.05374700e+02 3.24087000e+01 8.97545200e+00 3.95753700e+02 2.40665600e+01 1.15129700e+04 7.07313700e+02 2.84960200e-01 4.55610600e-01 9.39166300e+00 5.41469000e+00 1.19417600e+04 1.01322300e+01
7.18277500e-01 6.33058500e+03 2.20158800e-02 1.18098000e-01 1.04108800e+00 5.60666400e-02 2.88942100e+00 3.04398400e+00 9.63234900e-01 1.00237000e+00 1.85919400e+02 4.15925600e+01 1.23308200e+02 3.49720600e+01 7.75323500e+00 8.93478800e-01 6.70529100e-01 8.64278000e-01 6.27107500e-01 9.03840300e-01 8.72219400e-01 1.00737700e+00 9.57117900e-01 9.97477700e-01 1.00182300e+00 9.98563500e-01 9.86674200e-01 6.59625200e+01 6.76494600e-01 3.23505400e-01 1.40759000e-01 9.28481800e-02 8.10511200e-01 8.41664800e-01 4.60998800e-01 6.11264800e-01 9.97953700e-01 9.81497800e+01 2.45966200e+00 7.89032000e+00 2.09887000e+00 1.87623300e+00 1.22815000e+03 5.69600200e+03 2.54388900e+03 8.21024600e+02 2.32560500e+02 9.63234900e-01 2.43128300e-01 2.44446500e-01 2.59788600e+00 1.39863700e+01 1.09004700e+03 1.45995300e+02 1.04140300e+00 1.40191000e+01 1.05886500e+03 1.48796300e+02 1.39415700e-01 1.60737800e-01 3.42018600e+03 1.03284500e-02 8.09136200e-01 4.47469000e-01 7.13053100e+01 6.56388500e+02 8.15082200e+01 1.56249000e+03 8.82675500e+01 2.02215000e+03 9.39132700e+01 2.35148400e+03 2.34442400e+02 5.84338900e+03 4.64617800e-01 7.47779300e-01 4.80249900e-01 6.61564800e-01 4.77440400e-01 6.18585700e-01 4.71513600e-01 5.88271200e-01 2.96167500e-01 3.04817800e-01 2.59318600e+01 1.08596000e+02 3.20419800e+01 9.01749500e+00 3.96545100e+02 2.31436300e+01 1.15103900e+04 7.07213300e+02 2.27808200e-01 5.37244800e-01 8.25694700e+00 5.84183800e+00 1.19390900e+04 9.02200000e+00
6.86337500e-01 6.33358700e+03 2.20425800e-02 1.17180700e-01 1.04136200e+00 4.99181400e-02 2.75920500e+00 3.02853500e+00 9.48265100e-01 1.00194300e+00 2.91813800e+02 4.21786900e+01 9.18724300e+01 3.93568500e+01 2.45911900e+00 6.87556000e-01 3.79286400e-01 9.18216400e-01 8.52143900e+00 9.45837100e-01 9.22149600e-01 1.01345100e+00 1.19943900e+00 9.99237000e-01 1.00185900e+00 9.99573400e-01 9.92761200e-01 6.48712200e+01 6.67634800e-01 3.32365200e-01 1.39868400e-01 9.07343200e-02 8.00860400e-01 8.42954100e-01 4.61705000e-01 6.08080000e-01 9.94330600e-01 9.71114500e+01 2.48438300e+00 7.21893300e+00 2.06669400e+00 1.87032800e+00 1.26006300e+03 5.74922500e+03 2.53716100e+03 8.16943900e+02 2.31526900e+02 9.48265100e-01 2.41340000e-01 2.42651600e-01 2.54684500e+00 1.41129700e+01 1.08980100e+03 1.46897000e+02 1.04176300e+00 1.41008000e+01 1.05875000e+03 1.49698800e+02 1.39018300e-01 1.60263400e-01 3.46024300e+03 1.03556700e-02 8.02333900e-01 4.43892600e-01 7.02662000e+01 6.66754800e+02 8.05394700e+01 1.58499600e+03 8.73321700e+01 2.04987900e+03 9.29996500e+01 2.38259300e+03 2.33452200e+02 5.89705500e+03 4.64502100e-01 7.38037300e-01 4.77971900e-01 6.52042300e-01 4.74190500e-01 6.09312600e-01 4.67660700e-01 5.79225900e-01 2.91303500e-01 2.99462300e-01 3.15959100e+01 1.06172400e+02 3.25840900e+01 8.62209400e+00 3.95757300e+02 2.63540800e+01 1.15113600e+04 7.07699700e+02 4.73687700e-01 2.23498600e-01 1.27474100e+01 3.93968300e+00 1.19420900e+04 1.34446000e+01
8.98080100e-01 6.32842500e+03 2.18986900e-02 1.16193300e-01 1.04135200e+00 5.12594000e-02 2.78150300e+00 3.02757400e+00 9.54646400e-01 1.00143200e+00 2.18810800e+02 3.74784100e+01 1.04324100e+02 3.89968600e+01 5.43725900e+00 5.10376700e-01 9.67466700e-01 4.35271200e-01 2.42336200e+00 1.21450600e+00 1.19498700e+00 1.05894500e+00 1.09223300e+00 9.97439900e-01 1.00103800e+00 1.00068600e+00 9.96146400e-01 6.53582800e+01 6.75218400e-01 3.24781600e-01 1.38737100e-01 9.06761800e-02 7.98991000e-01 8.31336700e-01 4.55341900e-01 6.03170000e-01 9.88306400e-01 9.80520500e+01 2.45726400e+00 7.37762500e+00 2.06470700e+00 1.86352500e+00 1.24168400e+03 5.71220900e+03 2.53429700e+03 8.16743500e+02 2.31195600e+02 9.54646400e-01 2.41581500e-01 2.42894000e-01 2.58164700e+00 1.40996200e+01 1.08992100e+03 1.47159800e+02 1.04175500e+00 1.41261400e+01 1.05833100e+03 1.50022400e+02 1.38492400e-01 1.60583300e-01 3.42146300e+03 1.02555700e-02 8.08711100e-01 4.47336600e-01 7.06755800e+01 6.62329200e+02 8.08194400e+01 1.57632700e+03 8.75378000e+01 2.03986200e+03 9.31484500e+01 2.37192000e+03 2.32717100e+02 5.89082300e+03 4.58790500e-01 7.37034400e-01 4.73926500e-01 6.51933300e-01 4.71016400e-01 6.09528700e-01 4.65079300e-01 5.79626800e-01 2.91784400e-01 3.00249400e-01 2.85350700e+01 1.06646500e+02 2.98961200e+01 8.50801400e+00 3.95820200e+02 2.46111600e+01 1.15064700e+04 7.07276000e+02 2.45070100e-01 4.95667100e-01 8.45991700e+00 4.96706400e+00 1.19354100e+04 9.20065400e+00
6.77587800e-01 6.32938900e+03 2.20289000e-02 1.13160800e-01 1.04164800e+00 5.50135300e-02 2.69612700e+00 3.02470100e+00 9.59460000e-01 1.00068800e+00 2.73488300e+02 3.66915400e+01 8.16228500e+01 4.60178100e+01 8.38656100e-01 6.96458600e-01 4.71964500e-01 8.75306900e-01 5.67736700e+00 1.04609100e+00 1.15899200e+00 8.89802200e-01 9.98171500e-01 9.97315500e-01 1.00099900e+00 9.95926600e-01 9.90330000e-01 6.56292700e+01 6.84633100e-01 3.15366900e-01 1.35834900e-01 8.91474300e-02 7.91164200e-01 8.11174000e-01 4.44298300e-01 5.92885200e-01 9.76602500e-01 9.92191400e+01 2.42700800e+00 7.67364500e+00 2.05878600e+00 1.84428100e+00 1.22435800e+03 5.69182900e+03 2.52797100e+03 8.18973400e+02 2.32750400e+02 9.59460000e-01 2.40449300e-01 2.41757700e-01 2.52707000e+00 1.41587500e+01 1.08939300e+03 1.48345500e+02 1.04209600e+00 1.42353000e+01 1.05836900e+03 1.51181200e+02 1.37751700e-01 1.60208800e-01 3.38982800e+03 1.01002300e-02 8.14853000e-01 4.50457400e-01 7.08172900e+01 6.60305700e+02 8.07446000e+01 1.57381900e+03 8.73333800e+01 2.03811400e+03 9.28422400e+01 2.37111000e+03 2.30541100e+02 5.91458500e+03 4.48522000e-01 7.30711600e-01 4.65582800e-01 6.47317600e-01 4.63770800e-01 6.05616000e-01 4.58613700e-01 5.76154500e-01 2.90402600e-01 2.99199500e-01 2.80295100e+01 1.02802300e+02 3.10510000e+01 9.47415400e+00 3.96169900e+02 2.32425800e+01 1.15128200e+04 7.06873300e+02 6.60893200e-02 1.03858200e+00 5.01815400e+00 4.07462000e+00 1.19417100e+04 6.12282600e+00
1.27395600e+00 6.33040800e+03 2.22987000e-02 1.15880200e-01 1.04164400e+00 6.73802800e-02 2.91476100e+00 3.05922900e+00 9.66957300e-01 1.00018200e+00 2.64625300e+02 2.65462000e+01 8.85604200e+01 4.21122900e+01 1.14047500e+00 7.29295800e-01 1.98619900e-01 7.98487700e-02 7.09666300e+00 9.95219800e-01 8.34094700e-01 8.38019800e-01 8.90065000e-01 9.98373800e-01 1.00068300e+00 1.00298200e+00 9.99238400e-01 6.74603300e+01 6.94952300e-01 3.05047700e-01 1.38824000e-01 9.36511600e-02 8.08704800e-01 8.15479900e-01 4.46656800e-01 6.01010400e-01 9.84613500e-01 1.00482900e+02 2.44044300e+00 8.89129600e+00 2.13111200e+00 1.86243200e+00 1.22400900e+03 5.72027200e+03 2.53368600e+03 8.18327600e+02 2.31952900e+02 9.66957300e-01 2.43592800e-01 2.44912700e-01 2.55339900e+00 1.39037800e+01 1.08951800e+03 1.46235800e+02 1.04192200e+00 1.40352000e+01 1.05936100e+03 1.48951100e+02 1.39376600e-01 1.60598500e-01 3.36125700e+03 1.01681700e-02 8.20948200e-01 4.53443200e-01 7.26248400e+01 6.43120200e+02 8.25353800e+01 1.53536000e+03 8.91285300e+01 1.98994500e+03 9.46483300e+01 2.31641200e+03 2.33384400e+02 5.80690100e+03 4.51779900e-01 7.47932600e-01 4.71526700e-01 6.63694100e-01 4.70888700e-01 6.21402300e-01 4.66444600e-01 5.91460500e-01 2.98498100e-01 3.08013400e-01 2.57129700e+01 1.02474100e+02 2.99674700e+01 8.49003900e+00 4.00597000e+02 2.30761800e+01 1.15144000e+04 7.06594700e+02 2.81430400e-07 1.74777200e+00 3.42329800e+00 2.49062300e+00 1.19465600e+04 5.17107000e+00
1.23224600e+00 6.33278000e+03 2.23606200e-02 1.16792300e-01 1.04162900e+00 6.74522800e-02 2.95455900e+00 3.06587100e+00 9.68042200e-01 1.00067800e+00 2.06265800e+02 4.15910900e+01 1.19213800e+02 3.07396000e+01 4.54512800e+00 9.11266400e-01 1.74668000e-01 9.47241100e-01 4.80606400e-01 1.21631200e+00 1.10663800e+00 9.84955400e-01 1.08325400e+00 9.97495500e-01 9.99804300e-01 1.00352900e+00 9.95741900e-01 6.76470900e+01 6.94505900e-01 3.05494100e-01 1.39798000e-01 9.45693100e-02 8.13416800e-01 8.20831300e-01 4.49587800e-01 6.04733300e-01 9.88982500e-01 1.00404500e+02 2.44811800e+00 8.90350300e+00 2.14531400e+00 1.87457400e+00 1.22856700e+03 5.74500500e+03 2.54540900e+03 8.21845000e+02 2.32939500e+02 9.68042200e-01 2.44160000e-01 2.45482000e-01 2.55559900e+00 1.38593900e+01 1.08956000e+03 1.45739800e+02 1.04188100e+00 1.39881400e+01 1.05962800e+03 1.48424000e+02 1.39813000e-01 1.60635700e-01 3.36664200e+03 1.02121100e-02 8.20165300e-01 4.52988700e-01 7.28366200e+01 6.41280300e+02 8.27869700e+01 1.53086700e+03 8.94059800e+01 1.98405600e+03 9.49471300e+01 2.30950300e+03 2.34188400e+02 5.78840900e+03 4.54678400e-01 7.52248000e-01 4.74446100e-01 6.67476100e-01 4.73754500e-01 6.24923400e-01 4.69250400e-01 5.94799600e-01 3.00159600e-01 3.09712500e-01 2.46873900e+01 1.02194700e+02 2.96543300e+01 8.54818200e+00 4.00668800e+02 2.32317900e+01 1.15176500e+04 7.06603100e+02 2.17582600e-04 1.67729600e+00 3.47756300e+00 3.69988600e+00 1.19501000e+04 5.15507700e+00
8.39385500e-01 6.33051100e+03 2.21497200e-02 1.14609700e-01 1.04157700e+00 5.47558300e-02 2.82245000e+00 3.03395700e+00 9.61743800e-01 1.00204500e+00 2.13170900e+02 4.78448000e+01 1.03530000e+02 4.50242500e+01 3.68290200e+00 9.64730300e-01 2.90146600e-01 9.85071900e-01 2.11741400e+00 1.19457500e+00 9.40534100e-01 7.59919900e-01 1.00812700e+00 9.97482500e-01 1.00005600e+00 9.92486500e-01 9.88082600e-01 6.66803000e+01 6.90966000e-01 3.09034000e-01 1.37404600e-01 9.16218000e-02 7.96041700e-01 8.07938500e-01 4.42526100e-01 5.93522700e-01 9.74848300e-01 9.99907300e+01 2.42492600e+00 7.66143800e+00 2.07792900e+00 1.86238900e+00 1.23214500e+03 5.74278900e+03 2.54077500e+03 8.20620200e+02 2.32517400e+02 9.61743800e-01 2.42262700e-01 2.43577700e-01 2.54916500e+00 1.40149600e+01 1.08949800e+03 1.47177500e+02 1.04193700e+00 1.41253700e+01 1.05886500e+03 1.49955400e+02 1.38589700e-01 1.60479300e-01 3.36923100e+03 1.01278000e-02 8.18958800e-01 4.52513500e-01 7.18527900e+01 6.50321700e+02 8.17607400e+01 1.55158000e+03 8.83461900e+01 2.01033000e+03 9.38567400e+01 2.33961800e+03 2.32063700e+02 5.85381000e+03 4.47247600e-01 7.35834100e-01 4.65817000e-01 6.52532300e-01 4.64729400e-01 6.10774900e-01 4.60040700e-01 5.81235700e-01 2.93193700e-01 3.02358300e-01 2.82911000e+01 1.05717200e+02 3.35458800e+01 9.23745700e+00 3.96126100e+02 2.33859900e+01 1.15148400e+04 7.06681700e+02 9.73238100e-03 1.47275900e+00 3.79243900e+00 5.47488400e+00 1.19435900e+04 5.27493000e+00
5.59625200e-01 6.33133600e+03 2.23183800e-02 1.15026700e-01 1.04149800e+00 5.35857600e-02 2.83526300e+00 3.02773700e+00 9.63470700e-01 1.00055800e+00 2.44209300e+02 2.24570900e+01 1.02134600e+02 3.11359300e+01 2.66810500e+00 6.20038500e-01 3.79141000e-01 5.63679700e-02 7.19070500e+00 8.60488100e-01 1.05536900e+00 1.18312900e+00 1.18506300e+00 9.96747600e-01 1.00107700e+00 9.94822600e-01 9.84701700e-01 6.67938200e+01 6.90703000e-01 3.09297000e-01 1.37990200e-01 9.21689300e-02 7.94323200e-01 8.06537300e-01 4.41758700e-01 5.92367400e-01 9.71916800e-01 9.99101500e+01 2.41484600e+00 7.51495400e+00 2.06504500e+00 1.85517800e+00 1.22292600e+03 5.71832700e+03 2.53039200e+03 8.18628900e+02 2.32265800e+02 9.63470700e-01 2.42510500e-01 2.43826400e-01 2.52209900e+00 1.39879200e+01 1.08933800e+03 1.46864100e+02 1.04183300e+00 1.40967000e+01 1.05928400e+03 1.49579900e+02 1.39052400e-01 1.60270700e-01 3.37767100e+03 1.01621600e-02 8.17850100e-01 4.51806300e-01 7.19782200e+01 6.49208600e+02 8.19105900e+01 1.54885700e+03 8.85118600e+01 2.00675800e+03 9.40354400e+01 2.33542500e+03 2.32549000e+02 5.84254600e+03 4.46453200e-01 7.34218200e-01 4.64921400e-01 6.51069100e-01 4.63804000e-01 6.09392700e-01 4.59103600e-01 5.79912400e-01 2.92511400e-01 3.01644600e-01 2.51228300e+01 1.05139700e+02 3.04306600e+01 1.00416100e+01 3.95889900e+02 2.29166800e+01 1.15154500e+04 7.06688400e+02 1.35463000e-02 1.40705700e+00 3.94181100e+00 6.32120300e+00 1.19443000e+04 5.36241500e+00
8.11153800e-01 6.32622200e+03 2.25941100e-02 1.21697100e-01 1.04079700e+00 6.17715300e-02 3.26698100e+00 3.05627600e+00 9.77475400e-01 9.97766100e-01 2.13581500e+02 3.62693300e+01 1.02431000e+02 4.08703600e+01 7.69551600e+00 6.13841900e-01 8.23325400e-01 1.29139800e-01 2.10778200e+00 1.08446800e+00 8.84548200e-01 1.03517000e+00 1.00005800e+00 9.98113300e-01 1.00212200e+00 1.00148400e+00 9.92452000e-01 6.94708300e+01 6.99688300e-01 3.00311700e-01 1.44936300e-01 1.00688400e-01 8.18021300e-01 8.18446200e-01 4.48281400e-01 6.05560700e-01 9.81439200e-01 1.00951000e+02 2.41283800e+00 8.43048100e+00 2.12482800e+00 1.87788800e+00 1.20395700e+03 5.68861100e+03 2.52324200e+03 8.11407300e+02 2.28529100e+02 9.77475400e-01 2.48391400e-01 2.49728800e-01 2.62050700e+00 1.35605300e+01 1.09000100e+03 1.42746300e+02 1.04082300e+00 1.37147500e+01 1.06073400e+03 1.45314200e+02 1.42093800e-01 1.61208100e-01 3.34875800e+03 1.03712900e-02 8.23675800e-01 4.54629700e-01 7.47107900e+01 6.24827000e+02 8.47769700e+01 1.49281700e+03 9.14810300e+01 1.93554900e+03 9.70971700e+01 2.25370200e+03 2.38625400e+02 5.66295600e+03 4.53786500e-01 7.57026700e-01 4.74822900e-01 6.72291100e-01 4.74745500e-01 6.29670600e-01 4.70640100e-01 5.99466100e-01 3.02685900e-01 3.12586200e-01 3.05173500e+01 1.06806400e+02 3.30877000e+01 9.46183600e+00 3.97886800e+02 2.17789200e+01 1.15051400e+04 7.06525800e+02 8.83131600e-03 2.04033800e+00 3.40776600e+00 6.19498100e+00 1.19342700e+04 5.45693500e+00
2.97900700e-01 6.33211100e+03 2.24296600e-02 1.20681500e-01 1.04073300e+00 5.43495000e-02 3.24022600e+00 3.03590700e+00 9.71178600e-01 9.96528800e-01 2.72231500e+02 5.83545200e+01 9.27536100e+01 4.70561400e+01 3.45567600e+00 7.25554400e-01 7.24952200e-01 8.29824600e-01 3.22273600e+00 1.00370800e+00 1.18968800e+00 9.05361400e-01 1.01204800e+00 9.97055400e-01 9.99890900e-01 9.93447500e-01 9.94337600e-01 6.93573000e+01 7.01157300e-01 2.98842700e-01 1.43756300e-01 9.97055000e-02 8.05764300e-01 8.04208600e-01 4.40483200e-01 5.95756400e-01 9.67524500e-01 1.01181400e+02 2.39655100e+00 7.70721400e+00 2.08198500e+00 1.86754200e+00 1.21160700e+03 5.69362000e+03 2.50938000e+03 8.04076000e+02 2.25626500e+02 9.71178600e-01 2.47981900e-01 2.49317700e-01 2.64136400e+00 1.36012300e+01 1.09009400e+03 1.43254400e+02 1.04078900e+00 1.37640200e+01 1.06027600e+03 1.45884300e+02 1.41454900e-01 1.61356500e-01 3.33299400e+03 1.03044600e-02 8.26049700e-01 4.55989600e-01 7.45651500e+01 6.25942000e+02 8.45714300e+01 1.49583500e+03 9.12379000e+01 1.93969500e+03 9.68236300e+01 2.25872100e+03 2.37702300e+02 5.67976300e+03 4.46014400e-01 7.45834100e-01 4.67064800e-01 6.62518600e-01 4.67165200e-01 6.20587800e-01 4.63242900e-01 5.90862700e-01 2.98408700e-01 3.08236800e-01 3.57092700e+01 1.06776000e+02 3.56860900e+01 1.14789200e+01 3.96044500e+02 2.25163900e+01 1.15165400e+04 7.06512100e+02 2.02168200e-02 2.19351700e+00 3.43660800e+00 5.47557700e+00 1.19465800e+04 5.65034200e+00
7.44695800e-01 6.33080600e+03 2.24063800e-02 1.17914900e-01 1.04110300e+00 5.45294900e-02 2.97669600e+00 3.03536100e+00 9.63682900e-01 1.00024900e+00 2.61165200e+02 3.20937400e+01 9.14634000e+01 4.37134000e+01 2.85439500e+00 3.74521200e-01 9.23423600e-01 4.42847600e-02 6.82866500e+00 1.38260400e+00 1.14408900e+00 9.41797000e-01 7.91461100e-01 9.98904700e-01 1.00002500e+00 9.90724700e-01 9.84966000e-01 6.73687700e+01 6.89402100e-01 3.10597900e-01 1.40966500e-01 9.49673800e-02 8.02284500e-01 8.16332300e-01 4.47123600e-01 5.98932700e-01 9.77460200e-01 9.96769000e+01 2.42794000e+00 7.65228300e+00 2.08085000e+00 1.86585100e+00 1.22725700e+03 5.72384100e+03 2.52632700e+03 8.14120600e+02 2.30215200e+02 9.63682900e-01 2.44478000e-01 2.45801200e-01 2.55480800e+00 1.38520800e+01 1.08962300e+03 1.45295300e+02 1.04133200e+00 1.39528200e+01 1.05981800e+03 1.47957100e+02 1.40250700e-01 1.60539800e-01 3.38473300e+03 1.02824000e-02 8.16620700e-01 4.51092700e-01 7.26201300e+01 6.43564000e+02 8.26748600e+01 1.53507700e+03 8.93554700e+01 1.98870000e+03 9.49445400e+01 2.31424200e+03 2.35003300e+02 5.78595600e+03 4.51737200e-01 7.41447100e-01 4.70099900e-01 6.57335700e-01 4.68818800e-01 6.15198200e-01 4.63967400e-01 5.85399700e-01 2.95207400e-01 3.04379700e-01 3.06646100e+01 1.07106300e+02 3.16984000e+01 9.43557600e+00 3.96039500e+02 2.32641600e+01 1.15136500e+04 7.06723000e+02 2.72168200e-02 1.27934900e+00 4.35552600e+00 6.84000200e+00 1.19423900e+04 5.66209100e+00
1.06702700e+00 6.32854000e+03 2.22670300e-02 1.16206300e-01 1.04164100e+00 5.31509000e-02 2.85792200e+00 3.03375100e+00 9.57099200e-01 1.00108900e+00 2.38333100e+02 2.98750700e+01 9.83790400e+01 3.90322900e+01 1.52991000e+00 6.40937800e-01 5.96121500e-01 5.43250300e-01 9.91207300e+00 8.98401100e-01 7.64850800e-01 8.76531600e-01 7.28567800e-01 9.97708200e-01 1.00097400e+00 9.93370700e-01 9.91443200e-01 6.66436800e+01 6.86767400e-01 3.13232600e-01 1.39118500e-01 9.27136800e-02 7.98569400e-01 8.15991200e-01 4.46936800e-01 5.97419500e-01 9.78212400e-01 9.94272500e+01 2.44273200e+00 7.50274700e+00 2.07750000e+00 1.86799100e+00 1.24519500e+03 5.76474600e+03 2.53756600e+03 8.17659700e+02 2.31472000e+02 9.57099200e-01 2.42800600e-01 2.44117600e-01 2.53957700e+00 1.39698000e+01 1.08953100e+03 1.46467700e+02 1.04195400e+00 1.40570200e+01 1.05928400e+03 1.49192300e+02 1.39324200e-01 1.60409500e-01 3.39479700e+03 1.02296400e-02 8.14748000e-01 4.50228700e-01 7.18786900e+01 6.50397800e+02 8.18994600e+01 1.55072700e+03 8.85534900e+01 2.00855100e+03 9.41184300e+01 2.33699500e+03 2.33375900e+02 5.83542500e+03 4.51344300e-01 7.37756000e-01 4.69036000e-01 6.53781400e-01 4.67453400e-01 6.11755200e-01 4.62415400e-01 5.82051600e-01 2.93431000e-01 3.02425100e-01 2.80795300e+01 1.07303500e+02 3.30617100e+01 8.63776600e+00 3.95941900e+02 2.46892100e+01 1.15083200e+04 7.06801500e+02 4.63307800e-02 1.15641700e+00 4.68467200e+00 6.80526800e+00 1.19375900e+04 5.88742000e+00
7.43960000e-01 6.33199900e+03 2.21404700e-02 1.12404500e-01 1.04156100e+00 4.77364200e-02 2.61298400e+00 3.01375300e+00 9.56216800e-01 1.00259800e+00 2.22399800e+02 3.76804900e+01 1.19932200e+02 3.26633600e+01 2.39741100e+00 7.64490900e-01 4.70897600e-01 9.06851200e-01 2.50550500e-01 1.27421000e+00 9.73946300e-01 9.90529800e-01 9.14769000e-01 9.96065200e-01 1.00045700e+00 9.92173300e-01 9.89155900e-01 6.49700900e+01 6.79728600e-01 3.20271400e-01 1.35190200e-01 8.78331700e-02 7.85312600e-01 8.11411200e-01 4.44428200e-01 5.90775000e-01 9.74284500e-01 9.85751400e+01 2.42713100e+00 6.88018800e+00 2.03636900e+00 1.85094300e+00 1.23481600e+03 5.73642300e+03 2.54365300e+03 8.26033000e+02 2.35453800e+02 9.56216800e-01 2.39316100e-01 2.40620300e-01 2.47723200e+00 1.42403100e+01 1.08910000e+03 1.48918600e+02 1.04205200e+00 1.42909000e+01 1.05848300e+03 1.51723900e+02 1.37622800e-01 1.59734900e-01 3.41364800e+03 1.01114500e-02 8.10781900e-01 4.48242200e-01 7.01828800e+01 6.66642700e+02 8.01441900e+01 1.58770300e+03 8.67482500e+01 2.05530100e+03 9.22665000e+01 2.39045800e+03 2.29849800e+02 5.94916200e+03 4.48228100e-01 7.24842200e-01 4.64092100e-01 6.41611700e-01 4.61738500e-01 6.00069200e-01 4.56244100e-01 5.70748900e-01 2.87503100e-01 2.96008100e-01 2.19114900e+01 1.04229700e+02 2.77866500e+01 9.09483200e+00 3.95761200e+02 2.36381100e+01 1.15100300e+04 7.07065700e+02 1.51652700e-01 7.19420900e-01 6.75426400e+00 1.07870200e+01 1.19385200e+04 7.62533800e+00
9.83761800e-01 6.32838400e+03 2.23006000e-02 1.13185200e-01 1.04144900e+00 5.65437300e-02 2.70323800e+00 3.02873600e+00 9.59427000e-01 9.99535700e-01 2.35409400e+02 2.35470800e+01 1.05273400e+02 3.44601300e+01 3.94937400e+00 6.31770300e-01 7.00781200e-01 6.63007000e-01 5.87408900e+00 1.07400400e+00 9.42000500e-01 9.38401400e-01 8.38001400e-01 9.98360800e-01 1.00074500e+00 9.87538200e-01 9.84216900e-01 6.58526600e+01 6.86086300e-01 3.13913700e-01 1.36131000e-01 8.96458800e-02 7.91218000e-01 8.09358100e-01 4.43303700e-01 5.92241400e-01 9.75011000e-01 9.93190800e+01 2.42951800e+00 7.76519800e+00 2.06710900e+00 1.84607800e+00 1.22831600e+03 5.72211700e+03 2.52988700e+03 8.20543800e+02 2.33641200e+02 9.59427000e-01 2.40663000e-01 2.41972200e-01 2.47948300e+00 1.41289800e+01 1.08906600e+03 1.48083200e+02 1.04185600e+00 1.42134100e+01 1.05901700e+03 1.50820100e+02 1.38292900e-01 1.59827600e-01 3.39385500e+03 1.01172900e-02 8.14732100e-01 4.50187000e-01 7.10363500e+01 6.58160600e+02 8.09570600e+01 1.56906800e+03 8.75436300e+01 2.03219700e+03 9.30516700e+01 2.36441800e+03 2.30835800e+02 5.90198800e+03 4.47635000e-01 7.30901900e-01 4.65018500e-01 6.47639800e-01 4.63374100e-01 6.05980900e-01 4.58330400e-01 5.76540800e-01 2.90650300e-01 2.99517300e-01 2.23605100e+01 1.03559800e+02 2.63682500e+01 8.77815300e+00 3.96447200e+02 2.36393100e+01 1.15113600e+04 7.06823600e+02 5.65451100e-02 1.09677200e+00 4.93239400e+00 3.63382700e+00 1.19402200e+04 6.08571100e+00
6.94026100e-01 6.33056700e+03 2.22005800e-02 1.17762600e-01 1.04135200e+00 7.13010500e-02 2.94970400e+00 3.07753300e+00 9.67892500e-01 1.00408500e+00 2.27342400e+02 3.25548000e+01 1.14317400e+02 3.27117600e+01 3.46271600e+00 6.24537300e-01 2.14003500e-01 1.35061000e-01 5.63914000e+00 9.60036400e-01 9.38592300e-01 1.07888300e+00 1.19412800e+00 9.97934000e-01 1.00162500e+00 9.95327300e-01 9.93375300e-01 6.70208700e+01 6.86966400e-01 3.13033600e-01 1.40608400e-01 9.42369500e-02 8.22012900e-01 8.39679400e-01 4.59911400e-01 6.14860200e-01 1.00409200e+00 9.94367200e+01 2.47544900e+00 9.32464600e+00 2.17048000e+00 1.88202100e+00 1.23061300e+03 5.72944900e+03 2.55167800e+03 8.23674200e+02 2.33539800e+02 9.67892500e-01 2.44027300e-01 2.45348800e-01 2.58416500e+00 1.38933200e+01 1.08984100e+03 1.45631900e+02 1.04162400e+00 1.39812400e+01 1.05932200e+03 1.48366800e+02 1.39769800e-01 1.60764800e-01 3.38849000e+03 1.02749700e-02 8.15550600e-01 4.50693100e-01 7.22857100e+01 6.46718600e+02 8.23571700e+01 1.54201200e+03 8.90452300e+01 1.99729900e+03 9.46387900e+01 2.32393400e+03 2.34629700e+02 5.80345200e+03 4.64434400e-01 7.59436300e-01 4.82697000e-01 6.73017700e-01 4.81095000e-01 6.29764600e-01 4.75927400e-01 5.99192400e-01 3.02072200e-01 3.11346300e-01 2.82276000e+01 1.08525100e+02 3.07617400e+01 9.50431400e+00 4.02976600e+02 2.29706300e+01 1.15069000e+04 7.06795200e+02 4.51397800e-02 1.15641700e+00 4.67742700e+00 6.10635200e+00 1.19423500e+04 5.87898400e+00
7.06776600e-01 6.33091000e+03 2.24280500e-02 1.15725500e-01 1.04131300e+00 5.41823500e-02 2.85874700e+00 3.03026700e+00 9.66765700e-01 1.00021500e+00 1.94493900e+02 2.78511700e+01 1.05902700e+02 3.81544200e+01 4.49535400e+00 5.66580900e-01 5.31548200e-01 3.90959600e-01 4.25064100e+00 1.16594200e+00 9.69403500e-01 9.11944300e-01 1.05887800e+00 9.96579900e-01 1.00060900e+00 9.95588800e-01 9.85037800e-01 6.68487500e+01 6.89401800e-01 3.10598200e-01 1.38798700e-01 9.27852300e-02 7.97360400e-01 8.11322400e-01 4.44379600e-01 5.95256800e-01 9.75232100e-01 9.96962000e+01 2.41392300e+00 7.56378200e+00 2.07027600e+00 1.85765900e+00 1.21564300e+03 5.70623200e+03 2.53241100e+03 8.20726100e+02 2.33197800e+02 9.66765700e-01 2.42879200e-01 2.44196500e-01 2.51021700e+00 1.39600700e+01 1.08928800e+03 1.46466700e+02 1.04161600e+00 1.40614900e+01 1.05962800e+03 1.49137000e+02 1.39497400e-01 1.60159300e-01 3.38657100e+03 1.02054400e-02 8.16420400e-01 4.50974200e-01 7.20573100e+01 6.48592300e+02 8.20347000e+01 1.54706500e+03 8.86638900e+01 2.00422700e+03 9.42099200e+01 2.33230800e+03 2.33188400e+02 5.83106300e+03 4.48992300e-01 7.36896400e-01 4.67240300e-01 6.53301800e-01 4.65965600e-01 6.11423400e-01 4.61143000e-01 5.81808200e-01 2.93411600e-01 3.02518100e-01 2.47862400e+01 1.05298800e+02 2.66565400e+01 9.54010300e+00 3.95934700e+02 2.23883900e+01 1.15165800e+04 7.06723000e+02 2.60586200e-02 1.27934900e+00 4.30632700e+00 5.04446500e+00 1.19444400e+04 5.61173500e+00
8.70595500e-01 6.33216600e+03 2.25267600e-02 1.19298000e-01 1.04084600e+00 5.44185000e-02 3.03083700e+00 3.03713600e+00 9.69592900e-01 9.98749100e-01 1.97622100e+02 2.42165300e+01 1.11528000e+02 3.29223000e+01 5.01028400e+00 6.85690500e-01 3.94668400e-02 1.75228200e-01 5.44022800e+00 1.03731100e+00 8.56371000e-01 9.16189900e-01 1.12411700e+00 9.97514300e-01 9.99665900e-01 9.93241000e-01 9.90900800e-01 6.75262500e+01 6.87552000e-01 3.12448000e-01 1.42469900e-01 9.62045500e-02 8.07086600e-01 8.23660800e-01 4.51137600e-01 6.03412900e-01 9.82163600e-01 9.93845300e+01 2.42241900e+00 7.64312700e+00 2.08454500e+00 1.86957900e+00 1.21304600e+03 5.69425600e+03 2.52813800e+03 8.16604100e+02 2.31254800e+02 9.69592900e-01 2.45250900e-01 2.46576900e-01 2.55201400e+00 1.37968300e+01 1.08964900e+03 1.44568800e+02 1.04101900e+00 1.38872300e+01 1.06023800e+03 1.47179100e+02 1.40952400e-01 1.60495100e-01 3.39608600e+03 1.03546500e-02 8.14752800e-01 4.50023400e-01 7.28189300e+01 6.41942000e+02 8.29499700e+01 1.53075800e+03 8.96784300e+01 1.98281200e+03 9.53061900e+01 2.30715000e+03 2.36195100e+02 5.76308500e+03 4.55628900e-01 7.45699800e-01 4.73683200e-01 6.60902500e-01 4.72175100e-01 6.18451800e-01 4.67145500e-01 5.88443300e-01 2.96659900e-01 3.05800900e-01 2.50900200e+01 1.04043500e+02 2.68241400e+01 9.06921500e+00 3.96030200e+02 2.23590100e+01 1.15189800e+04 7.06776900e+02 5.11829300e-02 1.09677200e+00 4.97744800e+00 4.99490100e+00 1.19464400e+04 6.12540300e+00
1.01761900e+00 6.34023800e+03 2.22167500e-02 1.12232300e-01 1.04160100e+00 5.05022100e-02 2.56707800e+00 3.01094500e+00 9.49197900e-01 9.96898800e-01 1.88578600e+02 1.68287000e+01 9.39912700e+01 4.02518200e+01 6.38441000e+00 8.92670200e-01 3.53354100e-01 3.41235000e-01 1.87099500e+00 1.44103800e+00 1.20205300e+00 8.50457800e-01 1.06956000e+00 9.98267600e-01 9.98933800e-01 9.98235100e-01 9.86003600e-01 6.45562700e+01 6.75839700e-01 3.24160300e-01 1.35094200e-01 8.72117800e-02 7.82765200e-01 8.13674600e-01 4.45668000e-01 5.90638100e-01 9.74231800e-01 9.80836000e+01 2.44409500e+00 7.14263900e+00 2.03065900e+00 1.83557200e+00 1.24324300e+03 5.72611900e+03 2.52157000e+03 8.17829500e+02 2.33219100e+02 9.49197900e-01 2.38690400e-01 2.39992300e-01 2.44720900e+00 1.42829200e+01 1.08894700e+03 1.49156700e+02 1.04210600e+00 1.43130100e+01 1.05863600e+03 1.51935000e+02 1.37651000e-01 1.59455500e-01 3.43368500e+03 1.01374600e-02 8.07452800e-01 4.46445200e-01 6.97952400e+01 6.70639200e+02 7.97982700e+01 1.59625000e+03 8.64242100e+01 2.06573700e+03 9.19580700e+01 2.40208400e+03 2.29657100e+02 5.96734000e+03 4.49143100e-01 7.22125100e-01 4.64104400e-01 6.38809600e-01 4.61320900e-01 5.97285400e-01 4.55549700e-01 5.68000800e-01 2.85980200e-01 2.94283900e-01 2.01795500e+01 9.85536500e+01 2.46339800e+01 8.28898300e+00 3.95667200e+02 2.57436300e+01 1.15239500e+04 7.07245100e+02 2.40684600e-01 4.95667100e-01 8.47168200e+00 1.03774400e+01 1.19536500e+04 9.20803400e+00
9.96633100e-01 6.33702800e+03 2.21409500e-02 1.12040400e-01 1.04170300e+00 5.08446700e-02 2.52801200e+00 3.00981800e+00 9.46909600e-01 9.96544200e-01 2.10290900e+02 2.92867800e+01 8.52245400e+01 4.42755100e+01 5.68372300e+00 9.26808300e-01 4.71284800e-01 8.04330900e-01 5.74593500e-01 1.00229600e+00 9.35024300e-01 8.33924700e-01 1.07943600e+00 9.98835100e-01 1.00025100e+00 9.95221100e-01 9.86889700e-01 6.41314700e+01 6.72182000e-01 3.27818000e-01 1.34826500e-01 8.64662100e-02 7.82659400e-01 8.18141800e-01 4.48114700e-01 5.92217200e-01 9.77320900e-01 9.76699900e+01 2.45300900e+00 7.18536400e+00 2.02837100e+00 1.83224800e+00 1.24564200e+03 5.71627300e+03 2.51890400e+03 8.17032700e+02 2.33106900e+02 9.46909600e-01 2.38095800e-01 2.39395400e-01 2.44721100e+00 1.43319300e+01 1.08898300e+03 1.49487700e+02 1.04224000e+00 1.43429200e+01 1.05840700e+03 1.52296500e+02 1.37390400e-01 1.59424800e-01 3.44616600e+03 1.01457400e-02 8.05111000e-01 4.45276900e-01 6.93924600e+01 6.74808600e+02 7.94275300e+01 1.60526300e+03 8.60693300e+01 2.07681200e+03 9.16139300e+01 2.41448300e+03 2.29327800e+02 5.98815100e+03 4.51284200e-01 7.21687100e-01 4.65444400e-01 6.38054300e-01 4.62253300e-01 5.96428700e-01 4.56209100e-01 5.67093600e-01 2.85396600e-01 2.93540300e-01 2.02564400e+01 9.69262800e+01 2.51779100e+01 8.14064700e+00 3.95732200e+02 2.62193000e+01 1.15220400e+04 7.07435100e+02 3.30156500e-01 3.80658100e-01 1.00722700e+01 3.70868600e+00 1.19521300e+04 1.07830900e+01
8.46474600e-01 6.33732000e+03 2.20920900e-02 1.14481300e-01 1.04156000e+00 5.41141000e-02 2.63134000e+00 3.02395000e+00 9.49074000e-01 1.00098100e+00 2.04476700e+02 2.81931000e+01 9.66287800e+01 4.02812700e+01 2.74446100e+00 8.36714000e-01 1.13558800e-02 3.71206400e-01 7.60789700e+00 8.65471200e-01 9.62816600e-01 9.47243500e-01 1.23956600e+00 9.96129900e-01 1.00130900e+00 9.90796300e-01 9.89499300e-01 6.44134500e+01 6.69280600e-01 3.30719400e-01 1.37218500e-01 8.83871900e-02 7.94075900e-01 8.33741000e-01 4.56658800e-01 6.02180800e-01 9.89404100e-01 9.73180900e+01 2.47247500e+00 7.58209200e+00 2.05723900e+00 1.84621300e+00 1.24637100e+03 5.70846800e+03 2.52316000e+03 8.16410700e+02 2.32420600e+02 9.49074000e-01 2.39558100e-01 2.40863200e-01 2.49255000e+00 1.42334500e+01 1.08936700e+03 1.48277200e+02 1.04204000e+00 1.42295000e+01 1.05855900e+03 1.51083500e+02 1.38155600e-01 1.59805400e-01 3.45608200e+03 1.02504800e-02 8.03235700e-01 4.44330300e-01 6.97437100e+01 6.71627200e+02 7.99005700e+01 1.59698100e+03 8.66186900e+01 2.06563800e+03 9.22250600e+01 2.40111900e+03 2.31274200e+02 5.94725500e+03 4.59600600e-01 7.31940400e-01 4.73322800e-01 6.46823800e-01 4.69758300e-01 6.04505000e-01 4.63407300e-01 5.74698100e-01 2.89103800e-01 2.97251700e-01 2.71829500e+01 1.06991200e+02 3.17452900e+01 8.30203900e+00 3.96198500e+02 2.54126200e+01 1.15172700e+04 7.07600300e+02 4.17576200e-01 2.51495800e-01 1.16908100e+01 7.49983400e+00 1.19471800e+04 1.23598800e+01
5.24129000e-01 6.33404600e+03 2.18730900e-02 1.14310500e-01 1.04154000e+00 5.28658500e-02 2.76421500e+00 3.01591200e+00 9.57212700e-01 9.96135600e-01 2.48305700e+02 5.59769100e+01 8.11794100e+01 5.12895000e+01 4.11238600e+00 7.78667300e-01 8.14444000e-01 9.30221500e-01 3.49163300e+00 9.94909500e-01 8.06113600e-01 9.59094400e-01 9.99583200e-01 9.98429800e-01 1.00404500e+00 9.99164800e-01 9.91067700e-01 6.58636500e+01 6.84582400e-01 3.15417600e-01 1.36828800e-01 9.01204200e-02 7.89554500e-01 8.09588600e-01 4.43430000e-01 5.91702700e-01 9.72879900e-01 9.92364300e+01 2.42160200e+00 7.51800500e+00 2.04076900e+00 1.83601000e+00 1.22223700e+03 5.65472900e+03 2.50668900e+03 8.08524700e+02 2.28705100e+02 9.57212700e-01 2.41327100e-01 2.42638700e-01 2.58029300e+00 1.41072500e+01 1.08976400e+03 1.47786500e+02 1.04196700e+00 1.41834100e+01 1.05814000e+03 1.50669500e+02 1.37881200e-01 1.60643800e-01 3.38230800e+03 1.01260500e-02 8.15748900e-01 4.51041900e-01 7.10755500e+01 6.57906800e+02 8.10391700e+01 1.56810000e+03 8.76520400e+01 2.03070800e+03 9.31810500e+01 2.36249300e+03 2.31383200e+02 5.89307700e+03 4.47605300e-01 7.29223500e-01 4.64629000e-01 6.45997500e-01 4.62819700e-01 6.04380000e-01 4.57672400e-01 5.74978100e-01 2.89801300e-01 2.98584800e-01 3.33015400e+01 1.06950700e+02 3.56502100e+01 9.98594300e+00 3.95916500e+02 2.39784100e+01 1.15169900e+04 7.06875100e+02 6.32833500e-02 1.03858200e+00 4.92648300e+00 8.31505500e+00 1.19468700e+04 6.02834900e+00
9.31770800e-01 6.32920400e+03 2.22510400e-02 1.17002100e-01 1.04125900e+00 5.52749500e-02 2.95012900e+00 3.03420600e+00 9.62631100e-01 9.97693700e-01 2.64302600e+02 5.85950000e+01 9.40952400e+01 4.69566700e+01 4.21519400e+00 7.27547200e-01 7.99366100e-01 8.75221100e-01 2.05351900e-01 1.31341400e+00 8.93897600e-01 8.67453500e-01 9.18961200e-01 9.98039400e-01 1.00015900e+00 9.98187700e-01 9.90074200e-01 6.73065200e+01 6.91185100e-01 3.08814900e-01 1.39898300e-01 9.41606900e-02 8.00024400e-01 8.11692900e-01 4.44582500e-01 5.96386500e-01 9.75157300e-01 9.99608600e+01 2.42495800e+00 7.74688700e+00 2.07844600e+00 1.86091900e+00 1.22755800e+03 5.71641700e+03 2.52323000e+03 8.12427100e+02 2.29485500e+02 9.62631100e-01 2.44054000e-01 2.45375700e-01 2.57473000e+00 1.38874300e+01 1.08971100e+03 1.45791900e+02 1.04151900e+00 1.39980000e+01 1.05936100e+03 1.48515900e+02 1.39654300e-01 1.60705100e-01 3.37109900e+03 1.02225500e-02 8.18751100e-01 4.52324100e-01 7.25228800e+01 6.44297800e+02 8.25178000e+01 1.53725800e+03 8.91613700e+01 1.99180700e+03 9.47207000e+01 2.31808800e+03 2.34166800e+02 5.80052200e+03 4.49337000e-01 7.39533500e-01 4.68041900e-01 6.55832000e-01 4.66971600e-01 6.13870900e-01 4.62275100e-01 5.84186500e-01 2.94671500e-01 3.03901800e-01 3.19432100e+01 1.03732500e+02 3.23857200e+01 9.03407700e+00 3.96271100e+02 2.37533900e+01 1.15112300e+04 7.06676300e+02 1.12807200e-02 1.40705700e+00 3.89172800e+00 6.13613900e+00 1.19402900e+04 5.31006600e+00
1.16132900e+00 6.32733400e+03 2.24354300e-02 1.17562200e-01 1.04140400e+00 6.27449900e-02 2.99889900e+00 3.05577200e+00 9.68578500e-01 1.00111000e+00 2.28325900e+02 3.39334500e+01 1.12679100e+02 3.71860500e+01 3.44142900e+00 7.67002400e-01 2.83454000e-01 4.38218500e-01 5.60588200e+00 1.02143500e+00 8.11667900e-01 8.43276600e-01 8.63646500e-01 9.98614700e-01 1.00089000e+00 9.95729700e-01 9.92698500e-01 6.78814700e+01 6.94778700e-01 3.05221300e-01 1.40642700e-01 9.54703600e-02 8.10247200e-01 8.17267600e-01 4.47635900e-01 6.02242300e-01 9.83426500e-01 1.00402000e+02 2.43467100e+00 8.45489500e+00 2.12375800e+00 1.87329200e+00 1.22453800e+03 5.73738800e+03 2.53923000e+03 8.19335800e+02 2.31962900e+02 9.68578500e-01 2.44788700e-01 2.46113000e-01 2.55719200e+00 1.38154300e+01 1.08958000e+03 1.45252600e+02 1.04160700e+00 1.39450400e+01 1.05985600e+03 1.47907900e+02 1.40241200e-01 1.60640300e-01 3.36679000e+03 1.02432800e-02 8.20196900e-01 4.52944200e-01 7.30799600e+01 6.39128400e+02 8.30574900e+01 1.52578500e+03 8.96949300e+01 1.97750700e+03 9.52516800e+01 2.30190900e+03 2.34902300e+02 5.77002200e+03 4.52751400e-01 7.49338800e-01 4.72492100e-01 6.64918900e-01 4.71829900e-01 6.22539200e-01 4.67361600e-01 5.92536400e-01 2.99019800e-01 3.08550900e-01 2.72607300e+01 1.07275200e+02 3.13690600e+01 8.67192100e+00 3.98378200e+02 2.28206600e+01 1.15096900e+04 7.06598000e+02 3.05003400e-04 1.67729600e+00 3.51519700e+00 3.31996900e+00 1.19395600e+04 5.19279800e+00
1.11864500e+00 6.32743700e+03 2.22699300e-02 1.15181200e-01 1.04154300e+00 6.12693800e-02 2.86117900e+00 3.04691700e+00 9.66041100e-01 1.00113400e+00 2.45958200e+02 3.10147800e+01 1.15549300e+02 3.64573600e+01 5.65987900e+00 6.82149400e-01 4.83089400e-01 7.01208200e-05 1.02970900e+00 9.11474000e-01 8.55732100e-01 9.51197700e-01 9.51495500e-01 9.97525400e-01 9.99556900e-01 9.99486200e-01 9.86496400e-01 6.70208700e+01 6.92559100e-01 3.07440900e-01 1.38096200e-01 9.25533100e-02 8.02721400e-01 8.12615400e-01 4.45087800e-01 5.97730300e-01 9.80527500e-01 1.00166500e+02 2.43017700e+00 8.29315200e+00 2.10503400e+00 1.86226400e+00 1.22361400e+03 5.72519800e+03 2.53893700e+03 8.21225800e+02 2.33013600e+02 9.66041100e-01 2.42846600e-01 2.44163800e-01 2.54016800e+00 1.39643200e+01 1.08943900e+03 1.46724700e+02 1.04185800e+00 1.40829800e+01 1.05920800e+03 1.49455700e+02 1.39042800e-01 1.60437800e-01 3.36821700e+03 1.01518500e-02 8.19478300e-01 4.52694100e-01 7.21905500e+01 6.47164700e+02 8.21044000e+01 1.54442900e+03 8.86961200e+01 2.00131500e+03 9.42130300e+01 2.32933100e+03 2.32695800e+02 5.83247500e+03 4.49991800e-01 7.42162100e-01 4.69062500e-01 6.58312600e-01 4.68148300e-01 6.16255300e-01 4.63544800e-01 5.86494300e-01 2.95902700e-01 3.05224000e-01 2.58764500e+01 1.05795900e+02 3.02471400e+01 8.70096800e+00 3.97826100e+02 2.28645300e+01 1.15105300e+04 7.06643800e+02 4.14209400e-03 1.53969800e+00 3.65005200e+00 3.11502000e+00 1.19399200e+04 5.19389300e+00
7.73478700e-01 6.32824200e+03 2.22699600e-02 1.14237100e-01 1.04160800e+00 5.82930200e-02 2.82222000e+00 3.03559500e+00 9.64717300e-01 9.99659600e-01 2.51610900e+02 3.36221600e+01 1.24935800e+02 2.97930100e+01 4.95885400e+00 6.80486200e-01 1.64063600e-01 1.17213300e-01 1.68128400e+00 8.84513200e-01 1.08551300e+00 9.53610100e-01 1.08356600e+00 9.97852600e-01 9.97765600e-01 9.94633500e-01 9.86671500e-01 6.69183300e+01 6.93724400e-01 3.06275600e-01 1.37152200e-01 9.17799400e-02 7.95683300e-01 8.03962600e-01 4.40348400e-01 5.91927300e-01 9.72674900e-01 1.00327300e+02 2.41628800e+00 7.97882100e+00 2.08133600e+00 1.85229200e+00 1.22091300e+03 5.71527500e+03 2.53059000e+03 8.18975000e+02 2.32424500e+02 9.64717300e-01 2.42309400e-01 2.43624600e-01 2.52659000e+00 1.40001800e+01 1.08931600e+03 1.47185300e+02 1.04195700e+00 1.41258500e+01 1.05909300e+03 1.49924900e+02 1.38715000e-01 1.60328800e-01 3.36311800e+03 1.01092700e-02 8.20432300e-01 4.53192800e-01 7.20657600e+01 6.48196400e+02 8.19309100e+01 1.54718800e+03 8.84920800e+01 2.00508500e+03 9.39842600e+01 2.33387900e+03 2.31937100e+02 5.84730500e+03 4.45276100e-01 7.35774800e-01 4.64447000e-01 6.52779300e-01 4.63682300e-01 6.11130700e-01 4.59215800e-01 5.81651400e-01 2.93513100e-01 3.02809900e-01 2.66095200e+01 1.04327100e+02 2.84707200e+01 9.46401000e+00 3.96830800e+02 2.29163800e+01 1.15117900e+04 7.06618700e+02 8.84661600e-04 1.67729600e+00 3.50594800e+00 3.68169400e+00 1.19410000e+04 5.18412900e+00
7.71340000e-01 6.33284400e+03 2.24231300e-02 1.20566100e-01 1.04066600e+00 5.47778500e-02 3.21277900e+00 3.04654800e+00 9.70746700e-01 1.00049200e+00 2.10894400e+02 4.14507600e+01 1.06600400e+02 3.81002700e+01 4.66703500e+00 6.33293500e-01 3.32398600e-01 6.97297100e-02 3.37861200e+00 1.23888900e+00 1.16224400e+00 1.04645500e+00 1.34015300e+00 9.97530500e-01 1.00133500e+00 9.99273500e-01 9.90055400e-01 6.90533400e+01 6.98776500e-01 3.01223500e-01 1.43634400e-01 9.91843200e-02 8.10331300e-01 8.11982000e-01 4.44740900e-01 6.00322800e-01 9.75147300e-01 1.00856100e+02 2.41396200e+00 7.74688700e+00 2.10425800e+00 1.88590400e+00 1.22382500e+03 5.74670500e+03 2.53521800e+03 8.12952200e+02 2.28450900e+02 9.70746700e-01 2.47621400e-01 2.48956000e-01 2.63313100e+00 1.36311600e+01 1.09006700e+03 1.43422300e+02 1.04073500e+00 1.37808600e+01 1.06023800e+03 1.46055400e+02 1.41371200e-01 1.61254800e-01 3.34215700e+03 1.03142200e-02 8.24260100e-01 4.55059500e-01 7.42748100e+01 6.28561400e+02 8.43075300e+01 1.50151500e+03 9.09878500e+01 1.94667900e+03 9.65834300e+01 2.26654000e+03 2.37520100e+02 5.69257200e+03 4.50145800e-01 7.49816700e-01 4.70777800e-01 6.65784900e-01 4.70590200e-01 6.23533900e-01 4.66447100e-01 5.93597200e-01 2.99692600e-01 3.09446600e-01 3.26113400e+01 1.07444500e+02 3.33689200e+01 9.55214700e+00 3.96078200e+02 2.26816900e+01 1.15179800e+04 7.06536100e+02 5.51631300e-03 1.96545900e+00 3.39800000e+00 7.48990800e+00 1.19462900e+04 5.36897500e+00
2.34071800e-01 6.33886200e+03 2.20183800e-02 1.17072400e-01 1.04168400e+00 4.39925300e-02 2.93707900e+00 3.01067500e+00 9.62863000e-01 9.98762100e-01 2.42618200e+02 4.67469300e+01 9.86876400e+01 4.21918400e+01 1.29545800e+00 7.62474000e-01 1.25181000e-01 4.23738800e-01 7.05132200e+00 1.34736600e+00 9.39114100e-01 1.04942000e+00 1.35640600e+00 9.98144100e-01 1.00338100e+00 1.00229800e+00 9.96565900e-01 6.70794700e+01 6.89451800e-01 3.10548200e-01 1.39736000e-01 9.37341400e-02 7.92757400e-01 8.06573900e-01 4.41778700e-01 5.91796700e-01 9.67933400e-01 9.98321100e+01 2.39955600e+00 6.61163300e+00 2.03011000e+00 1.85912300e+00 1.22032800e+03 5.68456700e+03 2.52241400e+03 8.11892500e+02 2.28882700e+02 9.62863000e-01 2.43779500e-01 2.45100100e-01 2.61426000e+00 1.39123200e+01 1.08999900e+03 1.46020800e+02 1.04198300e+00 1.40137400e+01 1.05882600e+03 1.48826600e+02 1.39201900e-01 1.61046200e-01 3.37315600e+03 1.02197000e-02 8.18059000e-01 4.52147900e-01 7.23086200e+01 6.46332100e+02 8.23186300e+01 1.54169400e+03 8.89696300e+01 1.99728300e+03 9.45339600e+01 2.32423700e+03 2.33977500e+02 5.81111600e+03 4.46340700e-01 7.32649600e-01 4.64500300e-01 6.49544500e-01 4.63242100e-01 6.07909900e-01 4.58453500e-01 5.78466800e-01 2.91721000e-01 3.00784400e-01 3.40603800e+01 1.11241700e+02 3.75118200e+01 1.17516400e+01 3.96328100e+02 2.30160400e+01 1.15242400e+04 7.06721600e+02 1.69225000e-02 1.34256300e+00 3.94317200e+00 1.03679800e+01 1.19553300e+04 5.30265800e+00
5.51455100e-01 6.33263100e+03 2.21277600e-02 1.18266100e-01 1.04092500e+00 5.49773000e-02 3.07622900e+00 3.04452300e+00 9.69886300e-01 1.00435500e+00 2.57369700e+02 3.77176600e+01 9.98985400e+01 4.07908900e+01 5.12400700e-01 5.88751400e-01 5.54698000e-01 4.99673200e-01 8.33640400e+00 7.33760700e-01 1.39109300e+00 9.39043800e-01 9.66340100e-01 9.94381900e-01 1.00023400e+00 9.95501900e-01 9.98558400e-01 6.81231700e+01 6.96086700e-01 3.03913300e-01 1.41039000e-01 9.60802600e-02 8.07072800e-01 8.12319500e-01 4.44925700e-01 5.99239000e-01 9.77834300e-01 1.00596800e+02 2.41544800e+00 7.78045700e+00 2.10000000e+00 1.88133700e+00 1.22216100e+03 5.73168600e+03 2.54357800e+03 8.17551200e+02 2.30176700e+02 9.69886300e-01 2.45699700e-01 2.47027400e-01 2.64235300e+00 1.37827300e+01 1.09010600e+03 1.44914600e+02 1.04111900e+00 1.39191100e+01 1.05928400e+03 1.47669000e+02 1.39955900e-01 1.61267600e-01 3.34140500e+03 1.02190400e-02 8.23674200e-01 4.54982400e-01 7.33209100e+01 6.36932000e+02 8.32959700e+01 1.52086300e+03 8.99337900e+01 1.97133900e+03 9.54918300e+01 2.29490200e+03 2.35276800e+02 5.75621000e+03 4.50104700e-01 7.46535800e-01 4.70063600e-01 6.62578400e-01 4.69561200e-01 6.20408900e-01 4.65218100e-01 5.90546600e-01 2.98064000e-01 3.07630000e-01 3.23222700e+01 1.09435300e+02 3.48736100e+01 1.01846100e+01 3.96129700e+02 2.21492100e+01 1.15082800e+04 7.06574800e+02 5.57452600e-04 1.81943000e+00 3.39775900e+00 1.67256900e+01 1.19367400e+04 5.21774600e+00
4.12113300e-01 6.33070000e+03 2.24028100e-02 1.25589800e-01 1.04050700e+00 4.54059000e-02 3.42922800e+00 3.03485700e+00 9.79620400e-01 9.99418000e-01 2.53421100e+02 3.18106000e+01 8.67812600e+01 4.48180700e+01 3.42499700e+00 4.27455400e-01 8.25947000e-01 6.00693100e-02 9.72312000e+00 1.41085700e+00 8.98626400e-01 9.51204800e-01 8.33486300e-01 9.98444400e-01 1.00204600e+00 9.98695400e-01 9.95578900e-01 6.97088600e+01 6.94118600e-01 3.05881400e-01 1.48637700e-01 1.03613700e-01 8.18487200e-01 8.26471300e-01 4.52677000e-01 6.08695600e-01 9.80320100e-01 1.00219400e+02 2.39516900e+00 6.86187700e+00 2.07980000e+00 1.89925200e+00 1.20097000e+03 5.67684900e+03 2.53298700e+03 8.11168800e+02 2.27114000e+02 9.79620400e-01 2.50401200e-01 2.51745800e-01 2.71152100e+00 1.34447500e+01 1.09073200e+03 1.41161700e+02 1.04044300e+00 1.35674700e+01 1.06069600e+03 1.43768600e+02 1.43017100e-01 1.61906100e-01 3.36351800e+03 1.05265800e-02 8.20334100e-01 4.53029100e-01 7.50619600e+01 6.22296700e+02 8.53271900e+01 1.48545500e+03 9.21550300e+01 1.92513900e+03 9.78707200e+01 2.24087000e+03 2.41466900e+02 5.61529300e+03 4.57724800e-01 7.56888300e-01 4.77513900e-01 6.71537500e-01 4.76765100e-01 6.28701400e-01 4.72196900e-01 5.98379700e-01 3.01884800e-01 3.11511500e-01 3.28688100e+01 1.08929700e+02 3.44607000e+01 1.07311500e+01 3.96220200e+02 2.13363300e+01 1.15106200e+04 7.06610800e+02 3.07774100e-03 1.53969800e+00 3.73953700e+00 1.06028100e+01 1.19389100e+04 5.28231300e+00
4.41082500e-01 6.32813200e+03 2.23776800e-02 1.19750100e-01 1.04112500e+00 5.08414600e-02 3.13179100e+00 3.02743900e+00 9.71575800e-01 9.95790000e-01 2.58883300e+02 4.54897400e+01 9.73350700e+01 4.45469200e+01 4.51231600e+00 8.91522300e-01 3.87564100e-01 7.72538700e-01 2.25752300e+00 9.68832000e-01 1.08584000e+00 8.76308900e-01 1.17834700e+00 9.97602800e-01 1.00021900e+00 9.95128600e-01 9.94580500e-01 6.85150100e+01 6.95859500e-01 3.04140500e-01 1.42772900e-01 9.78208600e-02 8.03193400e-01 8.08717100e-01 4.42952600e-01 5.96470100e-01 9.70347400e-01 1.00524700e+02 2.39422100e+00 7.32879600e+00 2.06443000e+00 1.86483300e+00 1.20588400e+03 5.67255700e+03 2.51594600e+03 8.09541200e+02 2.28019200e+02 9.71575800e-01 2.46539700e-01 2.47870400e-01 2.61370500e+00 1.37007300e+01 1.08997400e+03 1.44062900e+02 1.04126000e+00 1.38354400e+01 1.06000900e+03 1.46719200e+02 1.40938000e-01 1.61112400e-01 3.35773200e+03 1.03070200e-02 8.21581500e-01 4.53706700e-01 7.37498100e+01 6.33241800e+02 8.37884200e+01 1.51200500e+03 9.04682400e+01 1.95982600e+03 9.60613000e+01 2.28147500e+03 2.36711900e+02 5.72198400e+03 4.48058200e-01 7.42926300e-01 4.67875700e-01 6.59351000e-01 4.67351800e-01 6.17376800e-01 4.63013300e-01 5.87654000e-01 2.96583900e-01 3.06099800e-01 2.92916600e+01 1.04970700e+02 3.33582100e+01 1.06274500e+01 3.95724800e+02 2.22476100e+01 1.15100800e+04 7.06578600e+02 8.44393600e-05 1.74777200e+00 3.45461000e+00 5.80360400e+00 1.19386800e+04 5.20246600e+00
8.63824200e-01 6.32703200e+03 2.21526100e-02 1.19680500e-01 1.04088200e+00 5.03265200e-02 3.05037900e+00 3.03299500e+00 9.63273000e-01 9.99737600e-01 2.53685800e+02 4.65785700e+01 1.15344800e+02 3.11446200e+01 3.28973000e+00 6.83814500e-01 4.19024700e-01 9.66109100e-01 7.05654900e+00 8.77004600e-01 6.42957800e-01 1.04898600e+00 1.03648000e+00 9.99714800e-01 1.00141600e+00 9.98297700e-01 9.96484900e-01 6.73248300e+01 6.85661100e-01 3.14338900e-01 1.42478300e-01 9.59232500e-02 8.05800400e-01 8.24832700e-01 4.51779500e-01 6.03360700e-01 9.82064100e-01 9.92352100e+01 2.43282500e+00 7.31048600e+00 2.07593100e+00 1.87715400e+00 1.23007100e+03 5.71524000e+03 2.53056700e+03 8.12436600e+02 2.28774500e+02 9.63273000e-01 2.45364900e-01 2.46691300e-01 2.62852700e+00 1.38145000e+01 1.09017100e+03 1.44658000e+02 1.04109300e+00 1.38948200e+01 1.05939900e+03 1.47397600e+02 1.40360000e-01 1.61084400e-01 3.38738000e+03 1.03416800e-02 8.15328800e-01 4.50604300e-01 7.26336400e+01 6.43716300e+02 8.27879300e+01 1.53453500e+03 8.95289600e+01 1.98740800e+03 9.51658900e+01 2.31225500e+03 2.36144600e+02 5.77067300e+03 4.56102300e-01 7.44326800e-01 4.73707400e-01 6.59483400e-01 4.71981900e-01 6.17040300e-01 4.66811100e-01 5.87048700e-01 2.95883700e-01 3.04920500e-01 3.09311700e+01 1.08213200e+02 3.23924800e+01 9.02395100e+00 3.95741100e+02 2.35575300e+01 1.15075400e+04 7.06837800e+02 6.48960200e-02 1.03858200e+00 5.14934300e+00 5.11252500e+00 1.19358600e+04 6.25282100e+00
8.60621500e-01 6.32767000e+03 2.22157500e-02 1.16675000e-01 1.04103700e+00 5.22113800e-02 2.92036600e+00 3.03115700e+00 9.59878200e-01 1.00054800e+00 2.30151900e+02 4.37555200e+01 1.00019000e+02 3.91606000e+01 1.24516800e+00 6.51606200e-01 5.56163000e-01 9.44027000e-01 7.73095000e+00 1.09006800e+00 8.90155300e-01 8.85549600e-01 7.75926300e-01 9.96387900e-01 9.99374700e-01 9.99331500e-01 9.98062600e-01 6.69696000e+01 6.88878200e-01 3.11121800e-01 1.39535900e-01 9.34466200e-02 7.97731100e-01 8.12383500e-01 4.44960800e-01 5.95784400e-01 9.74804900e-01 9.96489800e+01 2.42961100e+00 7.43255600e+00 2.07212000e+00 1.86665800e+00 1.23697100e+03 5.74614900e+03 2.53185500e+03 8.14792900e+02 2.30134900e+02 9.59878200e-01 2.43634300e-01 2.44954400e-01 2.57104000e+00 1.39281400e+01 1.08969700e+03 1.46059200e+02 1.04131600e+00 1.40264000e+01 1.05924600e+03 1.48797300e+02 1.39449600e-01 1.60615100e-01 3.37599100e+03 1.02166400e-02 8.17566000e-01 4.51725800e-01 7.21972100e+01 6.47373100e+02 8.22073000e+01 1.54403200e+03 8.88574500e+01 2.00021600e+03 9.44206500e+01 2.32757300e+03 2.33791400e+02 5.81779100e+03 4.49521900e-01 7.37188100e-01 4.67664000e-01 6.53504400e-01 4.66328800e-01 6.11589700e-01 4.61463100e-01 5.81952000e-01 2.93458100e-01 3.02547700e-01 3.14089700e+01 1.06319400e+02 3.29759200e+01 9.13149500e+00 3.95798500e+02 2.40232700e+01 1.15085400e+04 7.06737700e+02 2.90176100e-02 1.21731700e+00 4.35314400e+00 5.51086400e+00 1.19374900e+04 5.59947900e+00
5.14166900e-01 6.33166500e+03 2.24106100e-02 1.17112000e-01 1.04102600e+00 4.95548600e-02 2.97126900e+00 3.02489400e+00 9.65775800e-01 9.99432300e-01 1.97868400e+02 3.58064000e+01 9.40131900e+01 4.20483600e+01 8.61644300e+00 6.04498500e-01 6.34522000e-01 2.72185100e-01 4.70492700e-01 9.00337700e-01 6.84191600e-01 1.08513000e+00 1.31938500e+00 9.99014900e-01 1.00164400e+00 9.98139600e-01 9.87401300e-01 6.75701900e+01 6.93000400e-01 3.06999600e-01 1.40167700e-01 9.47116000e-02 7.96090600e-01 8.05324200e-01 4.41094300e-01 5.92580000e-01 9.68467300e-01 1.00135800e+02 2.40430500e+00 7.12738000e+00 2.05918200e+00 1.86488400e+00 1.22191400e+03 5.72829200e+03 2.52988600e+03 8.16058300e+02 2.30722800e+02 9.65775800e-01 2.44406300e-01 2.45729200e-01 2.55216500e+00 1.38561500e+01 1.08954400e+03 1.45530900e+02 1.04126000e+00 1.39764300e+01 1.05978000e+03 1.48195200e+02 1.40025400e-01 1.60526600e-01 3.36793800e+03 1.02276300e-02 8.19606900e-01 4.52645700e-01 7.27773100e+01 6.41913300e+02 8.27595400e+01 1.53200900e+03 8.93974300e+01 1.98529500e+03 9.49533100e+01 2.31074600e+03 2.34449500e+02 5.78724200e+03 4.45964500e-01 7.36075000e-01 4.64976800e-01 6.52960600e-01 4.64122800e-01 6.11264600e-01 4.59593500e-01 5.81756500e-01 2.93513600e-01 3.02790000e-01 2.78024000e+01 1.03663000e+02 2.85415700e+01 1.02653800e+01 3.95690000e+02 2.28529200e+01 1.15132200e+04 7.06634000e+02 5.11049900e-03 1.53969800e+00 3.76065800e+00 9.36236100e+00 1.19420300e+04 5.30546700e+00
7.77875900e-01 6.33392400e+03 2.17589200e-02 1.13648600e-01 1.04121300e+00 4.57027100e-02 2.65404800e+00 3.01209700e+00 9.50172400e-01 1.00267200e+00 2.52730000e+02 3.99397500e+01 1.12669700e+02 3.92623100e+01 3.67510400e+00 6.57490600e-01 5.40382400e-01 5.89954600e-02 4.34415900e+00 9.14338300e-01 8.36076200e-01 8.24325600e-01 7.17100500e-01 9.97702100e-01 9.99048300e-01 9.99409400e-01 9.87658600e-01 6.46038800e+01 6.74020800e-01 3.25979200e-01 1.36052700e-01 8.78953200e-02 7.87348800e-01 8.20732300e-01 4.49533600e-01 5.94928400e-01 9.79575400e-01 9.79311300e+01 2.44628700e+00 6.76422100e+00 2.03299800e+00 1.85541100e+00 1.24804600e+03 5.73001700e+03 2.53766600e+03 8.18771400e+02 2.32004100e+02 9.50172400e-01 2.39718600e-01 2.41024200e-01 2.56225400e+00 1.42496500e+01 1.08973700e+03 1.48652700e+02 1.04172200e+00 1.42699100e+01 1.05772000e+03 1.51587100e+02 1.37304500e-01 1.60340800e-01 3.41554200e+03 1.01466200e-02 8.09160300e-01 4.47668800e-01 6.98762000e+01 6.69998000e+02 7.99355500e+01 1.59427600e+03 8.65961400e+01 2.06289400e+03 9.21577000e+01 2.39854200e+03 2.30420500e+02 5.95361600e+03 4.52862000e-01 7.26183100e-01 4.67512400e-01 6.42214700e-01 4.64508900e-01 6.00393400e-01 4.58567100e-01 5.70909800e-01 2.87371800e-01 2.95650900e-01 3.10428700e+01 1.07686700e+02 3.38287100e+01 8.73429600e+00 3.95900900e+02 2.50083900e+01 1.15145000e+04 7.07337100e+02 2.70471200e-01 4.55610600e-01 8.88141500e+00 6.75660000e+00 1.19441500e+04 9.60749700e+00
9.67219200e-01 6.34039700e+03 2.18082100e-02 1.14178900e-01 1.04106400e+00 4.91042500e-02 2.71740500e+00 3.02152400e+00 9.56495300e-01 1.00186300e+00 2.50000500e+02 2.77422800e+01 1.27659900e+02 2.91565600e+01 6.74642900e+00 4.82364100e-01 9.81506200e-01 3.09887300e-02 1.32410900e-01 8.52119100e-01 8.11715700e-01 1.12238300e+00 8.48848100e-01 9.98538600e-01 1.00053600e+00 9.99868300e-01 1.00140600e+00 6.51532000e+01 6.78129100e-01 3.21870900e-01 1.36632200e-01 8.90202700e-02 7.92391700e-01 8.20767500e-01 4.49552900e-01 5.96843300e-01 9.81684800e-01 9.84050100e+01 2.43881400e+00 7.13043200e+00 2.05225400e+00 1.86028600e+00 1.23666000e+03 5.71825800e+03 2.54234800e+03 8.21086600e+02 2.32669000e+02 9.56495300e-01 2.40637300e-01 2.41946400e-01 2.57574600e+00 1.41800500e+01 1.08978600e+03 1.48124600e+02 1.04153000e+00 1.42218300e+01 1.05791100e+03 1.51036400e+02 1.37646400e-01 1.60483100e-01 3.39963500e+03 1.01446100e-02 8.12056300e-01 4.49146400e-01 7.04081100e+01 6.64628000e+02 8.04408800e+01 1.58251500e+03 8.70899700e+01 2.04833300e+03 9.26447500e+01 2.38214800e+03 2.31027800e+02 5.92414900e+03 4.53230100e-01 7.31224900e-01 4.68887200e-01 6.47096600e-01 4.66332200e-01 6.05131000e-01 4.60667000e-01 5.75521500e-01 2.89838100e-01 2.98355500e-01 2.35655900e+01 1.06884500e+02 2.62585800e+01 8.49896400e+00 3.95694600e+02 2.39840300e+01 1.15336800e+04 7.07136700e+02 1.78868900e-01 6.25207500e-01 7.22294600e+00 3.77061900e+00 1.19618600e+04 8.02702200e+00
8.61442200e-01 6.34001000e+03 2.17749900e-02 1.14385200e-01 1.04089600e+00 5.23581600e-02 2.68731300e+00 3.02567500e+00 9.55934700e-01 1.00274900e+00 2.32913800e+02 2.44770000e+01 1.04865400e+02 4.47431200e+01 8.57343500e+00 7.10729300e-01 5.55960300e-01 4.38464900e-02 9.22760700e-02 1.28833200e+00 8.25675400e-01 9.18307300e-01 1.15450600e+00 9.99895000e-01 1.00001900e+00 1.00387800e+00 9.88794600e-01 6.46441700e+01 6.72625900e-01 3.27374100e-01 1.36805300e-01 8.84366600e-02 7.95461300e-01 8.30960900e-01 4.55136100e-01 6.01700200e-01 9.89360100e-01 9.77277100e+01 2.45340900e+00 7.47528100e+00 2.06079200e+00 1.85590800e+00 1.23373200e+03 5.69153100e+03 2.53699500e+03 8.20193900e+02 2.32758900e+02 9.55934700e-01 2.40196700e-01 2.41504100e-01 2.57119900e+00 1.42236600e+01 1.08981600e+03 1.48255400e+02 1.04137300e+00 1.42365300e+01 1.05783500e+03 1.51177900e+02 1.37595300e-01 1.60377000e-01 3.41841400e+03 1.01790500e-02 8.08472700e-01 4.47290200e-01 6.99403700e+01 6.69488900e+02 8.00437500e+01 1.59271700e+03 8.67314100e+01 2.06065200e+03 9.23146100e+01 2.39575300e+03 2.31017900e+02 5.94288800e+03 4.58382700e-01 7.33531700e-01 4.72870400e-01 6.48568900e-01 4.69676200e-01 6.06274500e-01 4.63566000e-01 5.76465500e-01 2.90113300e-01 2.98418600e-01 2.49344300e+01 1.07344800e+02 3.00314800e+01 8.45626700e+00 3.95874300e+02 2.37635200e+01 1.15267800e+04 7.07411000e+02 3.16625600e-01 3.80658100e-01 9.81210000e+00 7.22897900e+00 1.19548700e+04 1.05093800e+01
8.34350800e-01 6.33810500e+03 2.17760000e-02 1.14542700e-01 1.04096200e+00 5.21914800e-02 2.70968700e+00 3.02735600e+00 9.56233600e-01 1.00434100e+00 2.11292400e+02 2.38503300e+01 9.55626600e+01 4.23207800e+01 8.07912300e+00 5.87091200e-01 6.32932900e-01 2.19670900e-01 4.90130000e+00 1.19510600e+00 7.75783200e-01 1.03459300e+00 1.20615600e+00 9.98233800e-01 1.00190800e+00 1.00190900e+00 9.90694500e-01 6.48748800e+01 6.74573500e-01 3.25426500e-01 1.36963900e-01 8.88551500e-02 7.96160800e-01 8.29214000e-01 4.54179200e-01 6.01331600e-01 9.88467800e-01 9.79679900e+01 2.45213200e+00 7.46612500e+00 2.06425700e+00 1.85964800e+00 1.23591900e+03 5.70328900e+03 2.54010900e+03 8.20545100e+02 2.32663300e+02 9.56233600e-01 2.40511900e-01 2.41820500e-01 2.57905700e+00 1.41967000e+01 1.08985200e+03 1.48090900e+02 1.04143700e+00 1.42198600e+01 1.05787300e+03 1.51010700e+02 1.37675500e-01 1.60471600e-01 3.41162800e+03 1.01748700e-02 8.09754000e-01 4.47962700e-01 7.01629500e+01 6.67216700e+02 8.02492500e+01 1.58780000e+03 8.69285500e+01 2.05460600e+03 9.25061200e+01 2.38898000e+03 2.31207200e+02 5.93144300e+03 4.57571800e-01 7.34364400e-01 4.72513300e-01 6.49508000e-01 4.69541200e-01 6.07235400e-01 4.63576600e-01 5.77430200e-01 2.90668600e-01 2.99068800e-01 2.69184300e+01 1.07690900e+02 2.95890100e+01 8.62258200e+00 3.95875900e+02 2.36266600e+01 1.15152800e+04 7.07308600e+02 2.62487600e-01 4.95667100e-01 8.79599800e+00 1.59374200e+01 1.19434100e+04 9.55415300e+00
1.11284000e+00 6.33433100e+03 2.20974600e-02 1.16404600e-01 1.04127900e+00 5.91270200e-02 2.83873700e+00 3.05141400e+00 9.53825600e-01 1.00482100e+00 2.26580600e+02 3.88750700e+01 9.84717100e+01 4.40498300e+01 6.32355100e+00 5.15174800e-01 8.07825500e-01 2.29375900e-01 4.12433000e+00 1.20211500e+00 9.95693000e-01 9.18655400e-01 1.01874900e+00 9.97044300e-01 9.98621800e-01 9.85312500e-01 9.97332500e-01 6.60907000e+01 6.81438100e-01 3.18561900e-01 1.39147200e-01 9.19633600e-02 8.06368200e-01 8.30940000e-01 4.55124600e-01 6.05803600e-01 9.91889300e-01 9.87617300e+01 2.47888700e+00 8.14056400e+00 2.11452300e+00 1.87869100e+00 1.25998000e+03 5.79098200e+03 2.54907200e+03 8.19810600e+02 2.31968300e+02 9.53825600e-01 2.42466600e-01 2.43782400e-01 2.56466500e+00 1.40197600e+01 1.08974200e+03 1.46646900e+02 1.04162300e+00 1.40786900e+01 1.05886500e+03 1.49433600e+02 1.39023400e-01 1.60509100e-01 3.40449900e+03 1.02453000e-02 8.12250100e-01 4.49040500e-01 7.13684500e+01 6.55440600e+02 8.14539600e+01 1.56144700e+03 8.81429500e+01 2.02158700e+03 9.37333700e+01 2.35147000e+03 2.33240800e+02 5.85685600e+03 4.59129600e-01 7.44440700e-01 4.75802500e-01 6.59137400e-01 4.73584600e-01 6.16532600e-01 4.68077300e-01 5.86452400e-01 2.95448400e-01 3.04277200e-01 3.23409000e+01 1.07578900e+02 3.21011000e+01 8.36082200e+00 3.97592300e+02 2.54918100e+01 1.15124100e+04 7.06994400e+02 1.23172700e-01 8.20176000e-01 6.24348500e+00 1.06284700e+01 1.19438500e+04 7.18683400e+00
1.03680600e+00 6.33510400e+03 2.19842100e-02 1.13633000e-01 1.04191100e+00 5.66862400e-02 2.68303900e+00 3.02682400e+00 9.48516600e-01 9.98416700e-01 2.01842400e+02 5.05784200e+01 9.25976900e+01 4.45495400e+01 6.65431800e+00 6.36698400e-01 8.63545400e-01 7.59761200e-01 1.29235100e+00 9.48306800e-01 9.28926800e-01 9.76089700e-01 1.17653100e+00 9.97257900e-01 9.99475300e-01 9.98854700e-01 9.98971400e-01 6.53546100e+01 6.80976000e-01 3.19024000e-01 1.36262400e-01 8.90537400e-02 7.91377400e-01 8.16083700e-01 4.46987500e-01 5.94756900e-01 9.78916200e-01 9.87960100e+01 2.45871400e+00 7.85675000e+00 2.06316100e+00 1.84202700e+00 1.25049200e+03 5.72582800e+03 2.51644000e+03 8.10976800e+02 2.29867300e+02 9.48516600e-01 2.40244700e-01 2.41552300e-01 2.53068600e+00 1.41720000e+01 1.08947900e+03 1.48320200e+02 1.04237500e+00 1.42290700e+01 1.05829200e+03 1.51169100e+02 1.37781300e-01 1.60244500e-01 3.40683300e+03 1.01415200e-02 8.11890600e-01 4.48947600e-01 7.05797400e+01 6.62800400e+02 8.05657100e+01 1.57886300e+03 8.71879800e+01 2.04405900e+03 9.27223100e+01 2.37754700e+03 2.30796200e+02 5.92050000e+03 4.50905000e-01 7.30558900e-01 4.67167500e-01 6.46800900e-01 4.64938400e-01 6.04975300e-01 4.59498100e-01 5.75447900e-01 2.89908400e-01 2.98540300e-01 3.11077100e+01 1.03972100e+02 3.01170300e+01 8.48353700e+00 3.96806800e+02 2.63269800e+01 1.15206600e+04 7.07013200e+02 1.17387700e-01 8.20176000e-01 5.98163300e+00 4.00322100e+00 1.19522700e+04 6.91919700e+00
5.61625600e-01 6.32829300e+03 2.23132900e-02 1.16295600e-01 1.04147500e+00 5.08453000e-02 2.89265300e+00 3.02426100e+00 9.63050000e-01 9.99444800e-01 2.24234200e+02 3.45258500e+01 9.21743200e+01 4.38326200e+01 3.50331800e+00 8.08463600e-01 5.03906900e-01 6.30319700e-01 4.90741200e+00 9.48824400e-01 9.62372700e-01 7.91794300e-01 8.07527400e-01 9.97650900e-01 9.99985500e-01 1.00309500e+00 9.90229700e-01 6.70062300e+01 6.89846000e-01 3.10154000e-01 1.39254000e-01 9.33088700e-02 7.95441900e-01 8.08791500e-01 4.42993300e-01 5.93612200e-01 9.71741800e-01 9.97967900e+01 2.41413800e+00 7.26165800e+00 2.05788000e+00 1.85890100e+00 1.22417200e+03 5.71541500e+03 2.52747300e+03 8.16086700e+02 2.31079900e+02 9.63050000e-01 2.43296900e-01 2.44615800e-01 2.54297900e+00 1.39329600e+01 1.08951400e+03 1.46227600e+02 1.04176500e+00 1.40365300e+01 1.05939900e+03 1.48936600e+02 1.39489300e-01 1.60453500e-01 3.38194000e+03 1.02152500e-02 8.17086800e-01 4.51412300e-01 7.22187400e+01 6.47110900e+02 8.22072100e+01 1.54363700e+03 8.88444300e+01 1.99985500e+03 9.43974800e+01 2.32727700e+03 2.33584100e+02 5.81969400e+03 4.47633900e-01 7.35165100e-01 4.65932600e-01 6.51812600e-01 4.64710900e-01 6.10048500e-01 4.59933800e-01 5.80511600e-01 2.92770200e-01 3.01878200e-01 2.68261600e+01 1.02757900e+02 3.09255100e+01 1.00119800e+01 3.95713500e+02 2.31565000e+01 1.15116100e+04 7.06710900e+02 1.97152200e-02 1.34256300e+00 4.10364000e+00 3.91624500e+00 1.19404900e+04 5.46591900e+00
3.44528100e-01 6.33361600e+03 2.25241300e-02 1.15733500e-01 1.04101800e+00 4.70445600e-02 2.91832900e+00 3.02073800e+00 9.65968500e-01 1.00151200e+00 2.45525600e+02 3.85927100e+01 1.10742900e+02 4.13676600e+01 3.03079600e+00 9.47801800e-01 6.09414900e-02 6.37147400e-01 1.84528300e+00 7.55875200e-01 8.21775500e-01 8.68114200e-01 1.10653100e+00 9.97668300e-01 1.00165600e+00 1.00409800e+00 9.92785800e-01 6.75299100e+01 6.95407900e-01 3.04592100e-01 1.38902800e-01 9.38009000e-02 7.90854300e-01 7.96884100e-01 4.36471400e-01 5.87524700e-01 9.62384100e-01 1.00427600e+02 2.39375300e+00 6.81610100e+00 2.05064300e+00 1.86649800e+00 1.22463000e+03 5.76196200e+03 2.54023900e+03 8.21215200e+02 2.32671500e+02 9.65968500e-01 2.43729300e-01 2.45049800e-01 2.51393700e+00 1.38953900e+01 1.08923200e+03 1.46080500e+02 1.04126200e+00 1.40291700e+01 1.05989500e+03 1.48715700e+02 1.39774200e-01 1.60210400e-01 3.36153300e+03 1.01714800e-02 8.21033100e-01 4.53302100e-01 7.26911700e+01 6.42500900e+02 8.25990300e+01 1.53399000e+03 8.91910700e+01 1.98824100e+03 9.47102600e+01 2.31448700e+03 2.33464800e+02 5.80334000e+03 4.41521500e-01 7.31467100e-01 4.60929100e-01 6.49131000e-01 4.60356700e-01 6.07787100e-01 4.56045900e-01 5.78513700e-01 2.91978700e-01 3.01308400e-01 2.49787700e+01 1.07385800e+02 3.20706800e+01 1.11137200e+01 3.95900700e+02 2.26207100e+01 1.15193300e+04 7.06586400e+02 1.75907500e-04 1.67729600e+00 3.54485300e+00 6.45937500e+00 1.19489600e+04 5.22232600e+00
1.06671400e+00 6.33313300e+03 2.22557300e-02 1.18896900e-01 1.04097400e+00 5.09654400e-02 3.00252000e+00 3.04454900e+00 9.62198500e-01 1.00512900e+00 2.43553300e+02 3.61708900e+01 1.03510900e+02 3.45854800e+01 4.76469500e-01 4.82050100e-01 2.63233200e-01 7.52663500e-01 8.48334900e+00 8.84763200e-01 8.47887000e-01 1.08095600e+00 1.19575900e+00 9.98796100e-01 1.00307000e+00 1.00054500e+00 9.92318400e-01 6.71563700e+01 6.85591100e-01 3.14408900e-01 1.41797700e-01 9.52262100e-02 8.08587800e-01 8.27778200e-01 4.53392800e-01 6.05481500e-01 9.86696500e-01 9.92115900e+01 2.44879800e+00 7.33795200e+00 2.10005500e+00 1.89654300e+00 1.24705300e+03 5.79523100e+03 2.56114700e+03 8.23485700e+02 2.32485700e+02 9.62198500e-01 2.44764700e-01 2.46088900e-01 2.59208700e+00 1.38485100e+01 1.08992400e+03 1.45023400e+02 1.04119100e+00 1.39286000e+01 1.05955100e+03 1.47732200e+02 1.40272500e-01 1.60794000e-01 3.39291400e+03 1.03252600e-02 8.14644900e-01 4.50170900e-01 7.24507700e+01 6.45347900e+02 8.25818900e+01 1.53840200e+03 8.93074100e+01 1.99240100e+03 9.49313000e+01 2.31805300e+03 2.35576900e+02 5.78489000e+03 4.57743500e-01 7.46893100e-01 4.75389600e-01 6.61748100e-01 4.73647700e-01 6.19155600e-01 4.68451800e-01 5.89058900e-01 2.96898500e-01 3.05959100e-01 2.90065400e+01 1.08158100e+02 2.90626300e+01 8.59966100e+00 3.95786200e+02 2.38259200e+01 1.15157600e+04 7.06840200e+02 6.79161400e-02 1.03858200e+00 5.23497900e+00 9.11635900e+00 1.19439700e+04 6.34147700e+00
9.56233000e-01 6.33211500e+03 2.23415300e-02 1.19848500e-01 1.04032900e+00 4.98260600e-02 3.03290000e+00 3.04180800e+00 9.63094200e-01 1.00503900e+00 2.81618400e+02 4.95224700e+01 1.05630700e+02 3.76207900e+01 2.82465600e+00 6.12047700e-01 6.49434100e-01 4.90801300e-01 2.43343700e+00 9.81366400e-01 1.02843400e+00 1.10066400e+00 1.15030100e+00 9.97744800e-01 1.00042600e+00 9.96529700e-01 9.85752000e-01 6.70318600e+01 6.82113200e-01 3.17886800e-01 1.42835100e-01 9.57450500e-02 8.09059000e-01 8.32829000e-01 4.56159200e-01 6.07502900e-01 9.88188000e-01 9.86900300e+01 2.44876800e+00 7.21893300e+00 2.09430700e+00 1.89566700e+00 1.24224200e+03 5.77963300e+03 2.55549000e+03 8.21909400e+02 2.32097900e+02 9.63094200e-01 2.45208600e-01 2.46534400e-01 2.58630600e+00 1.38310700e+01 1.08993000e+03 1.44557700e+02 1.04052400e+00 1.38927800e+01 1.05985600e+03 1.47228500e+02 1.40750100e-01 1.60661600e-01 3.40389000e+03 1.03798800e-02 8.12448100e-01 4.48945500e-01 7.23749900e+01 6.46275300e+02 8.25850100e+01 1.53977800e+03 8.93576300e+01 1.99364000e+03 9.50184300e+01 2.31905000e+03 2.36332400e+02 5.77796100e+03 4.60204400e-01 7.46988400e-01 4.77082600e-01 6.61461200e-01 4.74935100e-01 6.18733800e-01 4.69462200e-01 5.88562900e-01 2.96509900e-01 3.05414900e-01 3.14545500e+01 1.06772400e+02 3.28033700e+01 8.69106500e+00 3.95718500e+02 2.34687800e+01 1.15142400e+04 7.06967400e+02 1.35542800e-01 7.68898900e-01 6.75447900e+00 7.48491700e+00 1.19421200e+04 7.65892000e+00
8.87452200e-01 6.33455800e+03 2.22949800e-02 1.21755100e-01 1.04014000e+00 4.88389500e-02 3.20984300e+00 3.03810700e+00 9.66846800e-01 1.00070600e+00 2.78360200e+02 5.91203300e+01 1.26321100e+02 3.58153700e+01 1.82810800e+00 5.24283800e-01 8.41025800e-01 6.32491600e-01 2.38764500e+00 9.61402800e-01 1.05126000e+00 9.50923200e-01 8.75588800e-01 9.98868300e-01 1.00040400e+00 1.00364500e+00 9.99459700e-01 6.83136000e+01 6.89944200e-01 3.10055800e-01 1.44695200e-01 9.88465200e-02 8.09801400e-01 8.23261600e-01 4.50918900e-01 6.04280400e-01 9.79771800e-01 9.96728700e+01 2.42567100e+00 7.17315700e+00 2.08657000e+00 1.89239600e+00 1.23128800e+03 5.74682300e+03 2.53715700e+03 8.12114000e+02 2.27910600e+02 9.66846800e-01 2.47534200e-01 2.48868500e-01 2.65657900e+00 1.36673700e+01 1.09032800e+03 1.43232900e+02 1.04023000e+00 1.37693500e+01 1.06000900e+03 1.45904900e+02 1.41444600e-01 1.61305800e-01 3.36826000e+03 1.03927400e-02 8.18716000e-01 4.52252200e-01 7.36274000e+01 6.34722300e+02 8.38078300e+01 1.51411100e+03 9.05727700e+01 1.96162000e+03 9.62327600e+01 2.28279500e+03 2.38108400e+02 5.70875600e+03 4.55611500e-01 7.48442100e-01 4.74257900e-01 6.63589000e-01 4.73023900e-01 6.21071600e-01 4.68167400e-01 5.91001400e-01 2.98024600e-01 3.07323900e-01 3.46964800e+01 1.11228600e+02 3.30868700e+01 9.09953700e+00 3.95738800e+02 2.32549800e+01 1.15255700e+04 7.06708300e+02 2.81866400e-02 1.27934900e+00 4.46613400e+00 2.97300100e+00 1.19536600e+04 5.77367000e+00
8.24705300e-01 6.32974300e+03 2.24468800e-02 1.24308500e-01 1.04006000e+00 5.21809200e-02 3.32835400e+00 3.05097000e+00 9.71097900e-01 1.00003300e+00 2.26040600e+02 4.60765200e+01 9.48070300e+01 4.32046200e+01 5.88290700e+00 6.95453600e-01 5.37540900e-01 3.54004200e-01 3.82648800e+00 8.60123500e-01 7.96716300e-01 1.02605700e+00 1.15276300e+00 9.97780000e-01 1.00294300e+00 9.98611200e-01 9.94157900e-01 6.88848900e+01 6.89364500e-01 3.10635500e-01 1.47400500e-01 1.01536700e-01 8.20513500e-01 8.34931100e-01 4.57310600e-01 6.12559800e-01 9.88607100e-01 9.95489100e+01 2.43659800e+00 7.54547100e+00 2.11358500e+00 1.90412700e+00 1.22730400e+03 5.74336500e+03 2.54123600e+03 8.13010400e+02 2.28083200e+02 9.71097900e-01 2.49128700e-01 2.50468700e-01 2.66845800e+00 1.35469100e+01 1.09046800e+03 1.41915800e+02 1.04005500e+00 1.36450400e+01 1.06065800e+03 1.44514900e+02 1.42611600e-01 1.61443400e-01 3.37892100e+03 1.05064500e-02 8.17233000e-01 4.51365200e-01 7.42527900e+01 6.29417700e+02 8.45352000e+01 1.50132000e+03 9.13670000e+01 1.94495800e+03 9.70825100e+01 2.26333200e+03 2.40305500e+02 5.65850500e+03 4.62003400e-01 7.58281600e-01 4.80761300e-01 6.72245500e-01 4.79440300e-01 6.29145100e-01 4.74471500e-01 5.98666200e-01 3.01848900e-01 3.11250900e-01 3.33555300e+01 1.07025800e+02 3.41066400e+01 9.23039600e+00 3.95865800e+02 2.29608800e+01 1.15115900e+04 7.06724100e+02 3.77045200e-02 1.15641700e+00 4.75650600e+00 7.16435800e+00 1.19396500e+04 5.95062700e+00
8.33406800e-01 6.33297700e+03 2.24526800e-02 1.15540100e-01 1.04126700e+00 5.08416400e-02 2.87998000e+00 3.03138600e+00 9.65278900e-01 1.00255100e+00 1.75364900e+02 2.75230900e+01 1.25839400e+02 2.56515500e+01 7.47319000e+00 9.27781100e-01 1.85933100e-01 6.63268800e-01 1.01770100e+00 7.79832600e-01 7.58863500e-01 1.11140600e+00 1.15324600e+00 9.97254800e-01 9.99880600e-01 1.00165000e+00 9.97103200e-01 6.71710200e+01 6.92731500e-01 3.07268500e-01 1.38637900e-01 9.31244800e-02 7.95921000e-01 8.05505200e-01 4.41193400e-01 5.92583400e-01 9.71133600e-01 1.00119100e+02 2.41256500e+00 7.21893300e+00 2.07259500e+00 1.87220700e+00 1.22979300e+03 5.77152700e+03 2.55023700e+03 8.25037800e+02 2.34079000e+02 9.65278900e-01 2.43180000e-01 2.44498400e-01 2.51317500e+00 1.39351900e+01 1.08926200e+03 1.46386900e+02 1.04155400e+00 1.40546600e+01 1.05966600e+03 1.49051100e+02 1.39523500e-01 1.60207200e-01 3.37276200e+03 1.01786900e-02 8.18964000e-01 4.52282200e-01 7.23506100e+01 6.45719600e+02 8.22816300e+01 1.54102500e+03 8.88850500e+01 1.99693300e+03 9.44118700e+01 2.32425600e+03 2.33157400e+02 5.82028700e+03 4.46058200e-01 7.35892200e-01 4.65006900e-01 6.52770100e-01 4.64121400e-01 6.11074700e-01 4.59571400e-01 5.81568800e-01 2.93419700e-01 3.02673900e-01 2.07193100e+01 1.03363500e+02 2.75616300e+01 9.29353000e+00 3.95697100e+02 2.28714600e+01 1.15182800e+04 7.06639900e+02 5.61762200e-03 1.53969800e+00 3.76168100e+00 7.86124700e+00 1.19461500e+04 5.30699700e+00
1.08409200e+00 6.33098700e+03 2.23926900e-02 1.13880600e-01 1.04160100e+00 5.69669900e-02 2.76195800e+00 3.03719100e+00 9.61889400e-01 1.00210800e+00 2.36842400e+02 2.89623500e+01 1.20768200e+02 3.15440800e+01 7.35510700e+00 9.40939600e-01 1.17814500e-01 5.66430000e-01 2.21409200e+00 1.08215300e+00 8.53192600e-01 8.59029800e-01 9.23392000e-01 9.98656100e-01 9.97503400e-01 9.91924100e-01 9.82365800e-01 6.64276100e+01 6.89712200e-01 3.10287800e-01 1.36918400e-01 9.09516500e-02 7.95646000e-01 8.09173400e-01 4.43202500e-01 5.93828500e-01 9.76215200e-01 9.97762400e+01 2.43023500e+00 7.80792200e+00 2.08465900e+00 1.86017700e+00 1.23252000e+03 5.75799000e+03 2.54444800e+03 8.24832300e+02 2.34741500e+02 9.61889400e-01 2.41525100e-01 2.42837500e-01 2.48312900e+00 1.40524200e+01 1.08907200e+03 1.47504600e+02 1.04197200e+00 1.41562900e+01 1.05932200e+03 1.50203000e+02 1.38756600e-01 1.59936200e-01 3.38560300e+03 1.01343100e-02 8.16645500e-01 4.51122600e-01 7.15994900e+01 6.52715800e+02 8.15051800e+01 1.55698000e+03 8.80872100e+01 2.01712400e+03 9.35940100e+01 2.34735800e+03 2.31613200e+02 5.86959800e+03 4.47833900e-01 7.35345200e-01 4.66116200e-01 6.51963600e-01 4.64882700e-01 6.10186600e-01 4.60096500e-01 5.80641200e-01 2.92849700e-01 3.01944700e-01 2.34415100e+01 1.02726600e+02 2.77535000e+01 8.69305300e+00 3.96464400e+02 2.33671900e+01 1.15140000e+04 7.06714500e+02 2.07147600e-02 1.34256300e+00 4.13127200e+00 7.24428000e+00 1.19425200e+04 5.49455000e+00
1.27662400e+00 6.32969500e+03 2.23856400e-02 1.14132600e-01 1.04160200e+00 6.05663300e-02 2.74830800e+00 3.04482300e+00 9.60708200e-01 1.00231700e+00 2.37960200e+02 3.40253800e+01 1.33916200e+02 2.26577500e+01 4.04594800e+00 7.25026800e-01 1.30693900e-01 3.08770900e-01 1.44944600e+00 6.84019200e-01 6.95704200e-01 1.09869800e+00 9.57771900e-01 9.98016900e-01 1.00036500e+00 9.93076100e-01 9.84065600e-01 6.61676000e+01 6.86709300e-01 3.13290700e-01 1.37163400e-01 9.07577400e-02 7.99693400e-01 8.17215500e-01 4.47607400e-01 5.98288100e-01 9.83107000e-01 9.93919400e+01 2.44703700e+00 8.16192600e+00 2.10063100e+00 1.86098400e+00 1.23594600e+03 5.75645200e+03 2.54453700e+03 8.24899900e+02 2.34947600e+02 9.60708200e-01 2.41331700e-01 2.42643300e-01 2.47967500e+00 1.40693700e+01 1.08908900e+03 1.47513500e+02 1.04198000e+00 1.41570400e+01 1.05932200e+03 1.50212400e+02 1.38794900e-01 1.59883600e-01 3.39816600e+03 1.01622100e-02 8.14360000e-01 4.49934500e-01 7.13683900e+01 6.55050800e+02 8.13189000e+01 1.56181300e+03 8.79262300e+01 2.02290400e+03 9.34520900e+01 2.35369100e+03 2.31728900e+02 5.87701700e+03 4.52014400e-01 7.38793100e-01 4.69726100e-01 6.54699500e-01 4.68138500e-01 6.12614200e-01 4.63091300e-01 5.82868900e-01 2.93857600e-01 3.02854100e-01 2.31577300e+01 1.04272500e+02 2.79907800e+01 8.27724000e+00 3.97671900e+02 2.36931700e+01 1.15090100e+04 7.06803300e+02 4.93856200e-02 1.09677200e+00 4.78594600e+00 8.00577200e+00 1.19386500e+04 5.93210300e+00
9.54865200e-01 6.32625800e+03 2.21426700e-02 1.17137400e-01 1.04101800e+00 6.07521200e-02 2.94210300e+00 3.04718500e+00 9.69378300e-01 1.00095700e+00 2.42536300e+02 3.37405500e+01 1.10226400e+02 3.41414900e+01 1.61107000e+00 6.64167600e-01 5.35075400e-01 8.15366700e-01 6.94639800e+00 1.01808200e+00 1.08639100e+00 9.75153000e-01 9.07194300e-01 9.97231900e-01 1.00093000e+00 9.98679400e-01 9.89959300e-01 6.69952400e+01 6.88248900e-01 3.11751100e-01 1.39925200e-01 9.37432200e-02 8.08225300e-01 8.23902500e-01 4.51270000e-01 6.03927000e-01 9.87439500e-01 9.95826300e+01 2.43156700e+00 8.31756600e+00 2.10559900e+00 1.86469200e+00 1.21230300e+03 5.67683800e+03 2.53271200e+03 8.18189900e+02 2.31659900e+02 9.69378300e-01 2.43900400e-01 2.45221500e-01 2.59247700e+00 1.39150100e+01 1.08985300e+03 1.45881200e+02 1.04128900e+00 1.40096700e+01 1.05913200e+03 1.48641300e+02 1.39470600e-01 1.60782700e-01 3.37543600e+03 1.02301100e-02 8.17464500e-01 4.51727800e-01 7.22339100e+01 6.47091000e+02 8.22657500e+01 1.54320300e+03 8.89293800e+01 1.99904100e+03 9.45033900e+01 2.32612200e+03 2.34097600e+02 5.81237900e+03 4.55846300e-01 7.46822200e-01 4.74083200e-01 6.61975100e-01 4.72654900e-01 6.19488100e-01 4.67673900e-01 5.89449700e-01 2.97212400e-01 3.06390800e-01 2.70082800e+01 1.07187600e+02 3.12877100e+01 8.90539100e+00 3.97710500e+02 2.21471600e+01 1.15083400e+04 7.06756000e+02 3.38734500e-02 1.21731700e+00 4.44921700e+00 2.96052700e+00 1.19371000e+04 5.70040800e+00
9.31969900e-01 6.33004300e+03 2.23812400e-02 1.19482600e-01 1.04093100e+00 5.90270400e-02 3.03814600e+00 3.05559600e+00 9.68533200e-01 1.00222300e+00 2.26880500e+02 3.80790100e+01 1.20189000e+02 3.18237000e+01 4.12318100e+00 8.84604200e-01 2.76768100e-01 9.17717200e-01 1.82830000e+00 1.17347300e+00 1.14497400e+00 1.07964800e+00 1.24077700e+00 9.97891300e-01 1.00201100e+00 1.00570900e+00 9.95105400e-01 6.74566700e+01 6.86821000e-01 3.13179000e-01 1.42509000e-01 9.61318400e-02 8.15349500e-01 8.33066200e-01 4.56289100e-01 6.09946800e-01 9.92730500e-01 9.93327100e+01 2.44843000e+00 8.14361600e+00 2.12338300e+00 1.88694000e+00 1.22721400e+03 5.73761700e+03 2.54870100e+03 8.21760200e+02 2.32512100e+02 9.68533200e-01 2.45294800e-01 2.46621000e-01 2.58067100e+00 1.38018700e+01 1.08985200e+03 1.44595800e+02 1.04112600e+00 1.38884100e+01 1.05993300e+03 1.47254100e+02 1.40732100e-01 1.60732700e-01 3.39368600e+03 1.03524200e-02 8.14859000e-01 4.50189400e-01 7.27569500e+01 6.42541100e+02 8.28981800e+01 1.53201300e+03 8.96323200e+01 1.98432400e+03 9.52643100e+01 2.30881600e+03 2.36205400e+02 5.76526900e+03 4.60759200e-01 7.53262600e-01 4.78835500e-01 6.67526800e-01 4.77226800e-01 6.24618200e-01 4.72087800e-01 5.94290400e-01 2.99579800e-01 3.08779000e-01 2.45171300e+01 1.06792300e+02 3.14464400e+01 8.91011700e+00 3.97193500e+02 2.28129500e+01 1.15121300e+04 7.06799800e+02 5.55588300e-02 1.09677200e+00 5.01760700e+00 6.06887200e+00 1.19410500e+04 6.16993800e+00
9.26818900e-01 6.32919900e+03 2.24013100e-02 1.19992200e-01 1.04091800e+00 5.84725400e-02 3.04283600e+00 3.05127700e+00 9.66513500e-01 1.00157000e+00 2.47555600e+02 3.53936800e+01 1.03837600e+02 3.50188500e+01 3.22357100e+00 5.06697400e-01 5.53792400e-01 5.17261300e-01 8.25552900e+00 8.17124300e-01 9.71825200e-01 1.11925000e+00 1.26422300e+00 9.97544300e-01 1.00262400e+00 9.97629100e-01 9.90380100e-01 6.73431400e+01 6.84596400e-01 3.15403600e-01 1.43038600e-01 9.63267000e-02 8.14436400e-01 8.35083400e-01 4.57394000e-01 6.10342800e-01 9.92454200e-01 9.90445600e+01 2.45122300e+00 8.09173600e+00 2.11423300e+00 1.88089300e+00 1.22721000e+03 5.72087700e+03 2.53735400e+03 8.17455900e+02 2.31192600e+02 9.66513500e-01 2.45365500e-01 2.46691900e-01 2.57856900e+00 1.37975000e+01 1.08987600e+03 1.44425300e+02 1.04110500e+00 1.38723100e+01 1.06000900e+03 1.47074500e+02 1.40920500e-01 1.60704100e-01 3.40421300e+03 1.03877900e-02 8.13026400e-01 4.49217500e-01 7.26718300e+01 6.43454500e+02 8.28588700e+01 1.53365700e+03 8.96200500e+01 1.98610500e+03 9.52730700e+01 2.31060500e+03 2.36575900e+02 5.76368200e+03 4.61665400e-01 7.52199100e-01 4.79220400e-01 6.66343700e-01 4.77352000e-01 6.23411600e-01 4.72041400e-01 5.93081000e-01 2.98881000e-01 3.07964200e-01 3.02918800e+01 1.09268600e+02 3.11190000e+01 8.84639800e+00 3.97104800e+02 2.30160400e+01 1.15073300e+04 7.06874600e+02 8.66944100e-02 9.26576500e-01 5.68733300e+00 8.52679300e+00 1.19363000e+04 6.70060300e+00
6.13114300e-01 6.33823000e+03 2.26764600e-02 1.27428300e-01 1.03988700e+00 4.99865300e-02 3.47385100e+00 3.05211400e+00 9.75933700e-01 9.99509300e-01 1.99909900e+02 5.10866900e+01 1.20355100e+02 3.50604500e+01 5.15046000e+00 7.19964200e-01 9.43693400e-01 9.04727100e-01 5.85473100e-01 8.67948000e-01 1.12480900e+00 9.85865800e-01 9.52316700e-01 9.96286300e-01 9.98631100e-01 9.98920100e-01 9.99816600e-01 6.96063200e+01 6.88857400e-01 3.11142600e-01 1.50749900e-01 1.04931400e-01 8.27246000e-01 8.42468800e-01 4.61439200e-01 6.17837900e-01 9.91540200e-01 9.94100100e+01 2.43253400e+00 7.32879600e+00 2.11600300e+00 1.91469000e+00 1.21970700e+03 5.73525900e+03 2.54220900e+03 8.13008600e+02 2.27896600e+02 9.75933700e-01 2.51074600e-01 2.52421600e-01 2.67507400e+00 1.34002600e+01 1.09058100e+03 1.40315600e+02 1.03977000e+00 1.34948700e+01 1.06149700e+03 1.42817500e+02 1.44113300e-01 1.61538900e-01 3.39220400e+03 1.06465200e-02 8.15455000e-01 4.50266100e-01 7.50401100e+01 6.22848800e+02 8.54449600e+01 1.48553500e+03 9.23573300e+01 1.92443300e+03 9.81398700e+01 2.23938400e+03 2.43004300e+02 5.59730200e+03 4.66103600e-01 7.64450200e-01 4.84897600e-01 6.77654800e-01 4.83504300e-01 6.34182600e-01 4.78453000e-01 6.03444000e-01 3.04215900e-01 3.13681100e-01 2.95765100e+01 1.06897300e+02 3.28495900e+01 9.80907900e+00 3.95743100e+02 2.23699700e+01 1.15306100e+04 7.06738300e+02 5.00001100e-02 1.09677200e+00 5.14272700e+00 4.89544900e+00 1.19585400e+04 6.28949900e+00
7.76233400e-01 6.33135200e+03 2.23769400e-02 1.22946700e-01 1.04052800e+00 5.33491400e-02 3.22732600e+00 3.04110400e+00 9.70973000e-01 9.97103300e-01 2.30069100e+02 4.43647200e+01 9.40637500e+01 4.57396600e+01 7.51543800e+00 6.21776000e-01 8.49836700e-01 4.35588000e-01 2.87129500e+00 9.54135900e-01 8.35139400e-01 1.09605600e+00 1.21041200e+00 9.98158000e-01 1.00552000e+00 9.91487600e-01 9.89429900e-01 6.82989500e+01 6.87081000e-01 3.12919000e-01 1.45968800e-01 9.96951300e-02 8.15704700e-01 8.33083000e-01 4.56298400e-01 6.10085800e-01 9.87020000e-01 9.93220800e+01 2.42810100e+00 7.64923100e+00 2.09283400e+00 1.88103300e+00 1.21263600e+03 5.67390500e+03 2.52087600e+03 8.09052600e+02 2.27563000e+02 9.70973000e-01 2.47794100e-01 2.49129300e-01 2.64685000e+00 1.36350400e+01 1.09034400e+03 1.42788100e+02 1.04059600e+00 1.37217600e+01 1.06031400e+03 1.45422600e+02 1.41958000e-01 1.61279900e-01 3.39026000e+03 1.04726000e-02 8.15290600e-01 4.50412700e-01 7.36588600e+01 6.34656600e+02 8.39195400e+01 1.51327100e+03 9.07333600e+01 1.96008500e+03 9.64321600e+01 2.28064300e+03 2.39063300e+02 5.69556100e+03 4.60786100e-01 7.53611100e-01 4.78919500e-01 6.67857000e-01 4.77336200e-01 6.24935500e-01 4.72212800e-01 5.94597300e-01 2.99718400e-01 3.08946700e-01 3.24712200e+01 1.09607600e+02 3.38575300e+01 9.28401700e+00 3.96002800e+02 2.25602800e+01 1.15062800e+04 7.06791600e+02 5.73277500e-02 1.03858200e+00 5.11711400e+00 1.55748500e+01 1.19341200e+04 6.21302300e+00
8.85784100e-01 6.32911600e+03 2.21899400e-02 1.20314100e-01 1.04069400e+00 5.79872300e-02 3.08727200e+00 3.05689200e+00 9.67075700e-01 1.00374200e+00 2.11503000e+02 5.65885700e+01 1.25554000e+02 3.48601100e+01 6.48628000e+00 7.61279900e-01 6.31225500e-01 9.26841900e-01 2.11100800e-01 1.18762400e+00 9.96946600e-01 1.02103600e+00 1.13756000e+00 9.97950200e-01 1.00109600e+00 9.96286800e-01 9.90519200e-01 6.74969500e+01 6.85789500e-01 3.14210500e-01 1.43149200e-01 9.66213400e-02 8.17327300e-01 8.36461000e-01 4.58148600e-01 6.11929200e-01 9.94841600e-01 9.92210600e+01 2.45460300e+00 8.10394300e+00 2.12613700e+00 1.89332100e+00 1.23275200e+03 5.74149800e+03 2.54994500e+03 8.19275200e+02 2.30993600e+02 9.67075700e-01 2.45873000e-01 2.47201300e-01 2.63426200e+00 1.37809600e+01 1.09021800e+03 1.44281800e+02 1.04086600e+00 1.38617000e+01 1.05958900e+03 1.47000800e+02 1.40664100e-01 1.61120200e-01 3.38664100e+03 1.03649800e-02 8.15439800e-01 4.50630700e-01 7.28161100e+01 6.42094800e+02 8.29928500e+01 1.53069800e+03 8.97489700e+01 1.98245600e+03 9.53986000e+01 2.30650900e+03 2.36703600e+02 5.75665200e+03 4.62547800e-01 7.54985300e-01 4.80430500e-01 6.68939000e-01 4.78693900e-01 6.25892100e-01 4.73458300e-01 5.95473200e-01 3.00130400e-01 3.09304000e-01 3.16423900e+01 1.09378000e+02 3.26696700e+01 8.97805300e+00 3.96996700e+02 2.30258700e+01 1.15107100e+04 7.06833500e+02 6.68635600e-02 1.03858200e+00 5.23431700e+00 5.34671700e+00 1.19397100e+04 6.33976300e+00
9.11824000e-01 6.32840400e+03 2.24783900e-02 1.20243400e-01 1.04039000e+00 4.90034000e-02 3.08165800e+00 3.03261500e+00 9.67152300e-01 9.99669500e-01 2.01408300e+02 2.83324900e+01 1.18397700e+02 3.20726600e+01 3.95667100e+00 7.18236100e-01 1.05717300e-01 1.69500600e-01 4.87589900e+00 9.20237700e-01 9.44855000e-01 9.41582700e-01 1.07859200e+00 9.96820500e-01 9.98784200e-01 9.97237200e-01 9.88791600e-01 6.75958300e+01 6.86231600e-01 3.13768400e-01 1.43366900e-01 9.69100400e-02 8.05949200e-01 8.24236100e-01 4.51452700e-01 6.03198100e-01 9.80274600e-01 9.91821600e+01 2.42371600e+00 7.11517300e+00 2.07514200e+00 1.88141200e+00 1.22407700e+03 5.72974300e+03 2.53589400e+03 8.16534700e+02 2.30557800e+02 9.67152300e-01 2.45912500e-01 2.47240900e-01 2.57797600e+00 1.37663800e+01 1.08984000e+03 1.44108600e+02 1.04054100e+00 1.38494000e+01 1.06023800e+03 1.46728200e+02 1.41196800e-01 1.60654900e-01 3.39436100e+03 1.03847000e-02 8.14613800e-01 4.49977200e-01 7.29144100e+01 6.41197900e+02 8.30936100e+01 1.52866300e+03 8.98520300e+01 1.97988900e+03 9.55038900e+01 2.30357700e+03 2.36896500e+02 5.75051200e+03 4.55832300e-01 7.44517100e-01 4.73562100e-01 6.59709800e-01 4.71899800e-01 6.17275700e-01 4.66771200e-01 5.87287300e-01 2.96018800e-01 3.05086500e-01 2.58436700e+01 1.06282900e+02 2.95074100e+01 8.93477300e+00 3.95724100e+02 2.29117100e+01 1.15118300e+04 7.06818900e+02 7.21837800e-02 9.81866700e-01 5.48601300e+00 4.04596900e+00 1.19394000e+04 6.54006300e+00
1.71148900e-01 6.33494700e+03 2.21068600e-02 1.13398600e-01 1.04123000e+00 4.73441600e-02 2.76978100e+00 3.01149600e+00 9.57098500e-01 1.00152700e+00 2.56693300e+02 2.82408900e+01 7.22257600e+01 5.11214600e+01 4.93554800e+00 4.46271900e-01 8.66578100e-01 1.22019300e-01 6.22455200e+00 1.21940500e+00 1.26212000e+00 1.01856800e+00 1.06605500e+00 9.97296200e-01 1.00456700e+00 9.99226400e-01 9.96178900e-01 6.63433800e+01 6.90668300e-01 3.09331700e-01 1.36150600e-01 9.03269400e-02 7.83137300e-01 7.95224000e-01 4.35562100e-01 5.84041900e-01 9.61477400e-01 9.99300200e+01 2.40547800e+00 6.88018800e+00 2.03177700e+00 1.84821900e+00 1.23388800e+03 5.73768900e+03 2.52621200e+03 8.15203600e+02 2.30717200e+02 9.57098500e-01 2.41514100e-01 2.42826400e-01 2.53863200e+00 1.40823200e+01 1.08939000e+03 1.47822700e+02 1.04162900e+00 1.41914900e+01 1.05863600e+03 1.50625400e+02 1.38081300e-01 1.60319700e-01 3.36284900e+03 1.00717200e-02 8.19682700e-01 4.52914300e-01 7.14945300e+01 6.53602500e+02 8.13607600e+01 1.55933400e+03 8.79180400e+01 2.02032900e+03 9.34048000e+01 2.35121500e+03 2.30993200e+02 5.88198100e+03 4.40191100e-01 7.23878300e-01 4.58396500e-01 6.41900200e-01 4.57293200e-01 6.00811000e-01 4.52657800e-01 5.71746200e-01 2.88403900e-01 2.97401700e-01 3.06711600e+01 1.06525700e+02 3.29622700e+01 1.24101800e+01 3.95785100e+02 2.36974700e+01 1.15131400e+04 7.06689300e+02 1.24294400e-02 1.40705700e+00 3.88738500e+00 1.28638100e+01 1.19450300e+04 5.30687100e+00
3.08452300e-01 6.33628900e+03 2.22347800e-02 1.15902500e-01 1.04153700e+00 5.31124100e-02 2.87245800e+00 3.02268800e+00 9.64781200e-01 9.98989000e-01 2.69246700e+02 3.67677000e+01 7.19813600e+01 5.40581200e+01 1.95398500e+00 5.62801700e-01 9.71662200e-01 5.90677700e-01 5.08642700e+00 9.90467500e-01 1.52071400e+00 8.82542700e-01 8.40583200e-01 9.95875100e-01 1.00310100e+00 9.98590800e-01 9.87056200e-01 6.68634000e+01 6.89574500e-01 3.10425500e-01 1.38782400e-01 9.27946200e-02 7.94986800e-01 8.08682400e-01 4.42933600e-01 5.93402400e-01 9.72222600e-01 9.97864300e+01 2.40885300e+00 7.50274700e+00 2.05464400e+00 1.84758200e+00 1.21262800e+03 5.66903100e+03 2.51593900e+03 8.13298800e+02 2.30413000e+02 9.64781200e-01 2.42986700e-01 2.44304400e-01 2.55071600e+00 1.39591800e+01 1.08955700e+03 1.46499100e+02 1.04184600e+00 1.40614900e+01 1.05917000e+03 1.49239200e+02 1.39196500e-01 1.60505600e-01 3.37978600e+03 1.01946100e-02 8.17288000e-01 4.51577200e-01 7.20703200e+01 6.48462600e+02 8.20450300e+01 1.54679800e+03 8.86727100e+01 2.00390900e+03 9.42175800e+01 2.33196000e+03 2.33180200e+02 5.83067400e+03 4.47546000e-01 7.34719600e-01 4.65777600e-01 6.51390500e-01 4.64526800e-01 6.09642300e-01 4.59732100e-01 5.80118100e-01 2.92565600e-01 3.01653800e-01 3.01778300e+01 1.05416100e+02 3.39121200e+01 1.12031400e+01 3.95862600e+02 2.25068400e+01 1.15156500e+04 7.06718200e+02 2.00798800e-02 1.34256300e+00 4.08597400e+00 1.51897500e+01 1.19452200e+04 5.44861800e+00
6.80606500e-01 6.33386000e+03 2.18958200e-02 1.17185000e-01 1.04144900e+00 5.55344500e-02 2.78189700e+00 3.02966800e+00 9.54438300e-01 9.96926100e-01 1.99630000e+02 4.81708900e+01 1.12466600e+02 3.86725500e+01 8.34934500e+00 7.65673100e-01 7.81590900e-01 6.69326800e-01 1.84002700e+00 1.07478300e+00 8.86631000e-01 9.20542500e-01 9.54650800e-01 9.97910200e-01 9.99194300e-01 9.93229900e-01 9.94797000e-01 6.50470000e+01 6.69765300e-01 3.30234700e-01 1.39726000e-01 9.08875500e-02 8.03150000e-01 8.42650200e-01 4.61538500e-01 6.08838800e-01 9.95825000e-01 9.74063400e+01 2.46996400e+00 7.83538800e+00 2.06903700e+00 1.85153400e+00 1.23245200e+03 5.65165700e+03 2.51443300e+03 8.10746900e+02 2.29699200e+02 9.54438300e-01 2.41585400e-01 2.42898000e-01 2.58232800e+00 1.41005400e+01 1.09001100e+03 1.46891900e+02 1.04185500e+00 1.40990700e+01 1.05840700e+03 1.49747600e+02 1.38765600e-01 1.60574800e-01 3.44578300e+03 1.03287300e-02 8.04524900e-01 4.45149200e-01 7.04232700e+01 6.65109300e+02 8.06667800e+01 1.58160400e+03 8.74429700e+01 2.04582700e+03 9.30981300e+01 2.37815400e+03 2.33391900e+02 5.89168500e+03 4.64533300e-01 7.40349100e-01 4.78520700e-01 6.54301900e-01 4.74970600e-01 6.11512800e-01 4.68583900e-01 5.81371800e-01 2.92459800e-01 3.00732400e-01 3.18153600e+01 1.06651900e+02 3.32423300e+01 8.76666600e+00 3.96608900e+02 2.48861400e+01 1.15108200e+04 7.07571900e+02 3.93368100e-01 2.81231800e-01 1.11698800e+01 7.22728300e+00 1.19410800e+04 1.18444800e+01
6.17618200e-01 6.33414900e+03 2.18491500e-02 1.18078300e-01 1.04098700e+00 4.98868300e-02 2.84577600e+00 3.01828600e+00 9.59315000e-01 9.96998000e-01 2.40866400e+02 3.95840300e+01 1.05626100e+02 4.11469900e+01 5.69435200e+00 9.60051400e-01 3.65438000e-01 9.00246800e-01 4.76268400e+00 9.42401800e-01 8.87506600e-01 7.89877300e-01 9.21973600e-01 9.98665500e-01 9.99591100e-01 9.97527600e-01 9.93297700e-01 6.52923600e+01 6.70256700e-01 3.29743300e-01 1.40572600e-01 9.17831700e-02 8.00816200e-01 8.39576300e-01 4.59854900e-01 6.06843700e-01 9.91063900e-01 9.74299500e+01 2.44510800e+00 7.27996800e+00 2.04562100e+00 1.85137300e+00 1.21708400e+03 5.61639500e+03 2.51090900e+03 8.09747100e+02 2.29033100e+02 9.59315000e-01 2.42444100e-01 2.43759800e-01 2.61397400e+00 1.40535800e+01 1.09021500e+03 1.46355700e+02 1.04134900e+00 1.40544300e+01 1.05840700e+03 1.49221100e+02 1.39018700e-01 1.60791600e-01 3.43620600e+03 1.03457100e-02 8.05755200e-01 4.45818400e-01 7.06800800e+01 6.62657200e+02 8.09490400e+01 1.57589000e+03 8.77427800e+01 2.03851000e+03 9.34129100e+01 2.36970900e+03 2.34111500e+02 5.87202700e+03 4.62886200e-01 7.38242300e-01 4.76938900e-01 6.52487700e-01 4.73453000e-01 6.09836500e-01 4.67120900e-01 5.79790000e-01 2.91674300e-01 2.99947500e-01 2.78404500e+01 1.06031400e+02 3.26679100e+01 8.98937800e+00 3.95751900e+02 2.34387200e+01 1.15148700e+04 7.07543400e+02 3.88643800e-01 3.12612500e-01 1.11703900e+01 5.83721100e+00 1.19430500e+04 1.18716400e+01
6.26640300e-01 6.33653500e+03 2.18677100e-02 1.17939100e-01 1.04098400e+00 5.02333300e-02 2.84850700e+00 3.01839400e+00 9.60299400e-01 9.96812300e-01 2.18510600e+02 4.33051600e+01 1.06557000e+02 3.87152600e+01 6.79431300e+00 8.62477500e-01 3.81230200e-01 6.15982200e-01 2.52898100e+00 8.96534800e-01 9.99635900e-01 9.89410200e-01 1.30543100e+00 9.97828500e-01 1.00097800e+00 9.98396700e-01 9.97599400e-01 6.53875700e+01 6.71498500e-01 3.28501500e-01 1.40451900e-01 9.18381100e-02 8.00545400e-01 8.37710500e-01 4.58832900e-01 6.06066500e-01 9.90007200e-01 9.75736300e+01 2.44124600e+00 7.31048600e+00 2.04584000e+00 1.85028900e+00 1.21459600e+03 5.61360500e+03 2.51050300e+03 8.09954100e+02 2.29138000e+02 9.60299400e-01 2.42491800e-01 2.43807700e-01 2.61141800e+00 1.40479100e+01 1.09018200e+03 1.46364300e+02 1.04135300e+00 1.40552000e+01 1.05844500e+03 1.49223500e+02 1.39020100e-01 1.60781100e-01 3.43194900e+03 1.03348400e-02 8.06558500e-01 4.46225700e-01 7.07658600e+01 6.61760100e+02 8.10157100e+01 1.57406400e+03 8.77986900e+01 2.03634800e+03 9.34607200e+01 2.36735700e+03 2.34046200e+02 5.86955100e+03 4.61957300e-01 7.38112700e-01 4.76288900e-01 6.52502500e-01 4.72948100e-01 6.09903300e-01 4.66714400e-01 5.79886000e-01 2.91768600e-01 3.00093300e-01 3.01748100e+01 1.06079300e+02 3.40298200e+01 9.03081100e+00 3.95732200e+02 2.32543600e+01 1.15190200e+04 7.07473000e+02 3.52110800e-01 3.45745400e-01 1.05078800e+01 7.35727200e+00 1.19470300e+04 1.12057400e+01
9.97092400e-02 6.34419000e+03 2.21648800e-02 1.15305900e-01 1.04151300e+00 4.62361300e-02 2.80634900e+00 2.99568000e+00 9.65035200e-01 9.92823000e-01 2.64725700e+02 4.79506200e+01 1.01355200e+02 4.13942100e+01 3.74644300e+00 5.76117300e-01 7.33918200e-01 3.38575600e-01 8.79091300e-01 8.07308400e-01 1.31924500e+00 9.69530200e-01 1.11849500e+00 9.97351000e-01 1.00161300e+00 9.92931300e-01 9.92027600e-01 6.62298600e+01 6.85126600e-01 3.14873400e-01 1.38115900e-01 9.14739500e-02 7.84644200e-01 8.03859400e-01 4.40291900e-01 5.87769100e-01 9.64152700e-01 9.92315700e+01 2.38216900e+00 6.78253200e+00 1.99989600e+00 1.82325500e+00 1.19252900e+03 5.58443700e+03 2.49017800e+03 8.07145000e+02 2.28957100e+02 9.65035200e-01 2.42045800e-01 2.43360000e-01 2.54068300e+00 1.40360900e+01 1.08952700e+03 1.47060700e+02 1.04187900e+00 1.41149600e+01 1.05894100e+03 1.49829100e+02 1.38794200e-01 1.60361100e-01 3.39432600e+03 1.01918300e-02 8.14413800e-01 4.50126100e-01 7.14620100e+01 6.54308700e+02 8.14658700e+01 1.55965800e+03 8.81062600e+01 2.01986200e+03 9.36586600e+01 2.34994500e+03 2.32485000e+02 5.86328800e+03 4.44477100e-01 7.24738900e-01 4.61511800e-01 6.42079700e-01 4.59774700e-01 6.00737100e-01 4.54700900e-01 5.71526100e-01 2.88072000e-01 2.96830800e-01 3.18157900e+01 1.04373800e+02 3.16464700e+01 1.33239600e+01 3.95987300e+02 2.21448600e+01 1.15283700e+04 7.06856000e+02 6.44792100e-02 1.03858200e+00 5.05149000e+00 1.55468300e+01 1.19598200e+04 6.15455100e+00
9.30000100e-02 6.33678800e+03 2.22373200e-02 1.15777000e-01 1.04143500e+00 5.59202300e-02 2.90873800e+00 3.01855300e+00 9.71618800e-01 9.95272700e-01 2.67653700e+02 3.69962900e+01 1.13167000e+02 3.09140200e+01 1.78816700e+00 5.38691800e-01 4.53804200e-01 6.01644800e-01 6.12411100e+00 9.42522400e-01 1.22436800e+00 1.04549400e+00 1.12250300e+00 9.96481900e-01 1.00044700e+00 9.94055600e-01 9.86517800e-01 6.73065200e+01 6.93919700e-01 3.06080300e-01 1.38659500e-01 9.33268800e-02 7.93734400e-01 8.01737600e-01 4.39129800e-01 5.90383200e-01 9.67490300e-01 1.00340800e+02 2.38305900e+00 7.78961200e+00 2.04616600e+00 1.82965400e+00 1.18604000e+03 5.59054500e+03 2.49470400e+03 8.08049500e+02 2.28953200e+02 9.71618800e-01 2.43484600e-01 2.44804100e-01 2.56289900e+00 1.39221300e+01 1.08957800e+03 1.46342600e+02 1.04173000e+00 1.40480400e+01 1.05920800e+03 1.49080300e+02 1.39219400e-01 1.60632900e-01 3.36002000e+03 1.01602500e-02 8.20837700e-01 4.53427000e-01 7.24783500e+01 6.44493900e+02 8.23954500e+01 1.53839300e+03 8.89914300e+01 1.99371400e+03 9.45128800e+01 2.32066600e+03 2.33213900e+02 5.81469100e+03 4.44065700e-01 7.33988100e-01 4.63225500e-01 6.51210900e-01 4.62481800e-01 6.09669100e-01 4.58039500e-01 5.80264400e-01 2.92808400e-01 3.02097300e-01 2.87047800e+01 1.06095800e+02 2.92457000e+01 1.37045800e+01 3.96222800e+02 2.13713200e+01 1.15214100e+04 7.06614700e+02 7.81604700e-04 1.67729600e+00 3.50965900e+00 9.06004300e+00 1.19527100e+04 5.18773700e+00
6.02572700e-01 6.34041500e+03 2.24623800e-02 1.14141300e-01 1.04116700e+00 6.11936700e-02 2.80413700e+00 3.03204800e+00 9.67934700e-01 9.96581300e-01 2.76017900e+02 4.06804400e+01 1.14736800e+02 3.09217300e+01 1.19898600e+00 4.91639800e-01 6.29903800e-01 7.12462100e-01 1.05207800e+00 7.85101700e-01 7.61705400e-01 1.04462400e+00 9.63071900e-01 9.97897900e-01 9.99983400e-01 1.00170300e+00 9.84564400e-01 6.67462200e+01 6.91925700e-01 3.08074300e-01 1.37248800e-01 9.16084100e-02 7.94269100e-01 8.04886700e-01 4.40854600e-01 5.91740800e-01 9.72197200e-01 1.00002000e+02 2.40766800e+00 8.21075400e+00 2.07396600e+00 1.83505700e+00 1.20274400e+03 5.65857700e+03 2.51097400e+03 8.15565700e+02 2.32188100e+02 9.67934700e-01 2.42138700e-01 2.43453300e-01 2.48537800e+00 1.40135900e+01 1.08905200e+03 1.47154800e+02 1.04149200e+00 1.41292200e+01 1.05955100e+03 1.49824300e+02 1.39028400e-01 1.59929300e-01 3.37394700e+03 1.01291100e-02 8.18629700e-01 4.52096100e-01 7.19060500e+01 6.49771100e+02 8.17970000e+01 1.55049600e+03 8.83725500e+01 2.00907700e+03 9.38754900e+01 2.33828300e+03 2.31961100e+02 5.85312400e+03 4.45656200e-01 7.34287400e-01 4.64390600e-01 6.51261800e-01 4.63414300e-01 6.09627700e-01 4.58810300e-01 5.80169900e-01 2.92694600e-01 3.01883200e-01 2.36182100e+01 1.02098100e+02 2.46555600e+01 9.92373200e+00 3.97606300e+02 2.21713100e+01 1.15281100e+04 7.06658400e+02 9.83210700e-03 1.47275900e+00 3.90443500e+00 1.09729300e+01 1.19578100e+04 5.38702700e+00
5.45446700e-01 6.32991100e+03 2.24789500e-02 1.20305100e-01 1.04075100e+00 5.08598100e-02 3.14721100e+00 3.03065900e+00 9.68688000e-01 9.97379000e-01 2.26626600e+02 3.67241300e+01 8.85031600e+01 4.67601900e+01 4.43651300e+00 6.47377200e-01 6.73667800e-01 4.58468300e-01 8.25497300e+00 7.84596300e-01 8.57075400e-01 9.11220300e-01 9.80140400e-01 9.96949200e-01 1.00160100e+00 1.00287800e+00 9.95601200e-01 6.84564200e+01 6.93938100e-01 3.06061900e-01 1.43429200e-01 9.81865200e-02 8.04233500e-01 8.12318200e-01 4.44925000e-01 5.98183600e-01 9.72019700e-01 1.00211400e+02 2.40673300e+00 7.31964100e+00 2.07108900e+00 1.87077900e+00 1.21665100e+03 5.70524900e+03 2.51884800e+03 8.09406800e+02 2.27921200e+02 9.68688000e-01 2.46781100e-01 2.48112700e-01 2.60038000e+00 1.36882800e+01 1.08990700e+03 1.43768300e+02 1.04086800e+00 1.38123500e+01 1.06027600e+03 1.46387100e+02 1.41310100e-01 1.60956800e-01 3.36635200e+03 1.03440400e-02 8.20009900e-01 4.52802000e-01 7.37185800e+01 6.33648200e+02 8.38043100e+01 1.51251400e+03 9.05125200e+01 1.96018200e+03 9.61279400e+01 2.28164000e+03 2.37192700e+02 5.71701700e+03 4.49885100e-01 7.43696200e-01 4.69300800e-01 6.59822000e-01 4.68549200e-01 6.17729300e-01 4.64049600e-01 5.87934600e-01 2.96645000e-01 3.06077000e-01 3.21300100e+01 1.09372700e+02 3.48060900e+01 1.01669300e+01 3.95718600e+02 2.27551100e+01 1.15094800e+04 7.06614400e+02 3.14793400e-03 1.53969800e+00 3.72827400e+00 9.82051100e+00 1.19381200e+04 5.27112000e+00
7.36987500e-01 6.32981900e+03 2.21671400e-02 1.16470000e-01 1.04129100e+00 5.45300600e-02 2.91918500e+00 3.03431900e+00 9.63906600e-01 1.00085600e+00 2.15370200e+02 2.27958900e+01 1.12306100e+02 3.30912800e+01 6.22853500e+00 9.23291700e-01 2.88433300e-01 3.60714900e-01 5.61351800e+00 1.27466000e+00 1.19818100e+00 1.00190600e+00 1.14968700e+00 9.97777900e-01 9.99985300e-01 1.00143800e+00 9.91558800e-01 6.70758100e+01 6.90426300e-01 3.09573700e-01 1.39282300e-01 9.34247100e-02 7.99971400e-01 8.12635600e-01 4.45098900e-01 5.96713000e-01 9.76768200e-01 9.98871200e+01 2.42318900e+00 7.67669700e+00 2.07868300e+00 1.86390600e+00 1.22563600e+03 5.71647700e+03 2.53188500e+03 8.16226700e+02 2.30745200e+02 9.63906600e-01 2.43598300e-01 2.44918300e-01 2.57981600e+00 1.39254800e+01 1.08974000e+03 1.46157700e+02 1.04158600e+00 1.40322300e+01 1.05909300e+03 1.48916800e+02 1.39296300e-01 1.60725100e-01 3.37036900e+03 1.01988100e-02 8.18655300e-01 4.52337500e-01 7.22877300e+01 6.46448400e+02 8.22697500e+01 1.54220700e+03 8.89036000e+01 1.99810000e+03 9.44542800e+01 2.32531400e+03 2.33627300e+02 5.81650300e+03 4.49789900e-01 7.39411600e-01 4.68328800e-01 6.55644000e-01 4.67171700e-01 6.13661900e-01 4.62416300e-01 5.83967100e-01 2.94536400e-01 3.03727000e-01 2.56282700e+01 1.06424800e+02 3.24337700e+01 9.48385500e+00 3.96093600e+02 2.30721800e+01 1.15098500e+04 7.06695500e+02 1.45174800e-02 1.40705700e+00 3.95414300e+00 9.06933000e+00 1.19385000e+04 5.37571700e+00
6.70407900e-01 6.32943100e+03 2.20434300e-02 1.16347600e-01 1.04116200e+00 5.13958500e-02 2.91751700e+00 3.02644300e+00 9.64214600e-01 9.99196800e-01 2.18786500e+02 3.29043000e+01 9.54159600e+01 4.11108500e+01 5.56922100e+00 8.33962900e-01 2.66716400e-01 1.24880400e-01 2.51982800e+00 1.15391700e+00 7.44253300e-01 1.02298600e+00 1.20530900e+00 9.97960400e-01 1.00208200e+00 9.98362000e-01 9.96314100e-01 6.69549600e+01 6.89856800e-01 3.10143200e-01 1.39036100e-01 9.30915800e-02 7.96965900e-01 8.10326800e-01 4.43834300e-01 5.94744300e-01 9.73976300e-01 9.98300500e+01 2.41339800e+00 7.38067600e+00 2.06237500e+00 1.86091200e+00 1.22113900e+03 5.69763100e+03 2.52854700e+03 8.14773700e+02 2.30055300e+02 9.64214600e-01 2.43524300e-01 2.44844000e-01 2.60260400e+00 1.39435200e+01 1.08988300e+03 1.46295700e+02 1.04146300e+00 1.40471300e+01 1.05878800e+03 1.49100300e+02 1.39017500e-01 1.60876500e-01 3.36515000e+03 1.01818600e-02 8.19147900e-01 4.52684800e-01 7.21655900e+01 6.47585100e+02 8.21458600e+01 1.54477600e+03 8.87776800e+01 2.00133600e+03 9.43262300e+01 2.32900500e+03 2.33402900e+02 5.82410500e+03 4.48471300e-01 7.36577100e-01 4.66812700e-01 6.53068500e-01 4.65592700e-01 6.11225700e-01 4.60809100e-01 5.81632800e-01 2.93338100e-01 3.02465300e-01 2.72442600e+01 1.04050900e+02 3.26227400e+01 9.65814900e+00 3.95774600e+02 2.30037800e+01 1.15123600e+04 7.06710600e+02 1.74911900e-02 1.34256300e+00 4.01369400e+00 5.97628000e+00 1.19408000e+04 5.37374900e+00
6.56850300e-01 6.32945200e+03 2.21263600e-02 1.16612400e-01 1.04112800e+00 5.06970900e-02 2.93901900e+00 3.03207100e+00 9.65784700e-01 1.00325200e+00 2.31173200e+02 3.38715200e+01 9.73228000e+01 3.97125400e+01 2.64053800e+00 6.61246700e-01 9.32173900e-01 9.92682700e-01 7.61662000e+00 9.53011100e-01 1.03251200e+00 9.80323300e-01 7.48993500e-01 9.96336400e-01 1.00324200e+00 9.99596100e-01 9.97502400e-01 6.71710200e+01 6.91078000e-01 3.08922000e-01 1.39383900e-01 9.36256000e-02 7.99543100e-01 8.11345200e-01 4.44392100e-01 5.96079400e-01 9.75553100e-01 9.99629400e+01 2.41544100e+00 7.29522700e+00 2.07401400e+00 1.87403100e+00 1.22618800e+03 5.73561100e+03 2.54527300e+03 8.20545900e+02 2.31814200e+02 9.65784700e-01 2.43851800e-01 2.45172700e-01 2.59448200e+00 1.39141900e+01 1.08982300e+03 1.46049400e+02 1.04140800e+00 1.40242200e+01 1.05905500e+03 1.48818500e+02 1.39285600e-01 1.60829200e-01 3.36372700e+03 1.01924900e-02 8.19630300e-01 4.52873800e-01 7.23775000e+01 6.45600600e+02 8.23554800e+01 1.54033700e+03 8.89876100e+01 1.99577800e+03 9.45372800e+01 2.32269400e+03 2.33732300e+02 5.81171500e+03 4.49145400e-01 7.39077600e-01 4.67813500e-01 6.55415600e-01 4.66730300e-01 6.13476300e-01 4.62027400e-01 5.83807900e-01 2.94479200e-01 3.03696900e-01 2.71532800e+01 1.07433000e+02 3.23511400e+01 9.73067100e+00 3.95742500e+02 2.26251600e+01 1.15088700e+04 7.06678900e+02 1.12087900e-02 1.40705700e+00 3.87449400e+00 9.96703000e+00 1.19369600e+04 5.29276000e+00
8.89888600e-01 6.32756200e+03 2.21300300e-02 1.19018100e-01 1.04110000e+00 5.28581900e-02 3.00511100e+00 3.03510200e+00 9.65392500e-01 9.98943100e-01 2.71128100e+02 3.77499300e+01 1.12037100e+02 3.21181300e+01 2.46367800e+00 6.83913500e-01 4.79772500e-01 8.31474000e-01 6.71283800e+00 9.59852500e-01 8.58220700e-01 9.67791500e-01 8.27122500e-01 9.97961600e-01 1.00056100e+00 9.97862100e-01 9.97349700e-01 6.70831300e+01 6.84914200e-01 3.15085800e-01 1.41793200e-01 9.51193400e-02 8.06717100e-01 8.26751600e-01 4.52830500e-01 6.04405600e-01 9.84950900e-01 9.91665600e+01 2.43220300e+00 7.56378200e+00 2.08031000e+00 1.87161300e+00 1.22167300e+03 5.68910400e+03 2.52966600e+03 8.14229300e+02 2.29785100e+02 9.65392500e-01 2.44747700e-01 2.46071900e-01 2.61697900e+00 1.38552300e+01 1.09009900e+03 1.45075000e+02 1.04132800e+00 1.39317300e+01 1.05928400e+03 1.47826400e+02 1.40066100e-01 1.60994800e-01 3.39161900e+03 1.03231300e-02 8.14630300e-01 4.50260000e-01 7.23827200e+01 6.46003900e+02 8.25219000e+01 1.53980200e+03 8.92517400e+01 1.99410800e+03 9.48787500e+01 2.31995100e+03 2.35552600e+02 5.78777000e+03 4.57116100e-01 7.45098700e-01 4.74569700e-01 6.60085800e-01 4.72752800e-01 6.17570300e-01 4.67515300e-01 5.87532200e-01 2.96103500e-01 3.05110700e-01 2.77940600e+01 1.05719000e+02 3.05688600e+01 8.93888000e+00 3.95911500e+02 2.30757800e+01 1.15112200e+04 7.06863400e+02 7.24008700e-02 9.81866700e-01 5.27097900e+00 2.78918000e+00 1.19391500e+04 6.32524600e+00
1.12952200e+00 6.33225300e+03 2.21776800e-02 1.16670000e-01 1.04140200e+00 6.04931100e-02 2.90173500e+00 3.04886900e+00 9.61846100e-01 1.00215100e+00 2.55766200e+02 4.23485300e+01 1.22851300e+02 2.72434500e+01 2.53082900e+00 6.25282300e-01 3.54244100e-01 8.12416800e-01 8.95568400e+00 6.04248300e-01 7.58137800e-01 9.71685600e-01 8.06992600e-01 9.96994800e-01 9.98343800e-01 9.99842900e-01 9.90242600e-01 6.68450900e+01 6.87814400e-01 3.12185600e-01 1.39492800e-01 9.32441100e-02 8.06465200e-01 8.22680900e-01 4.50600900e-01 6.02821700e-01 9.86395000e-01 9.95587800e+01 2.44984000e+00 8.27179000e+00 2.10914700e+00 1.86880200e+00 1.23497500e+03 5.73377300e+03 2.53687100e+03 8.17592600e+02 2.31375600e+02 9.61846100e-01 2.43364300e-01 2.44683400e-01 2.57171500e+00 1.39409300e+01 1.08972900e+03 1.46186000e+02 1.04169600e+00 1.40334600e+01 1.05913200e+03 1.48939500e+02 1.39348500e-01 1.60650800e-01 3.38355500e+03 1.02264900e-02 8.16367700e-01 4.51136800e-01 7.20779000e+01 6.48524300e+02 8.20996200e+01 1.54651300e+03 8.87558600e+01 2.00325700e+03 9.43233700e+01 2.33097000e+03 2.33721700e+02 5.82325300e+03 4.55142000e-01 7.45152200e-01 4.73239900e-01 6.60447000e-01 4.71762800e-01 6.18038400e-01 4.66757200e-01 5.88058100e-01 2.96496700e-01 3.05631400e-01 3.14718000e+01 1.08074600e+02 3.15734500e+01 8.55646100e+00 3.97830100e+02 2.36788300e+01 1.15103500e+04 7.06769000e+02 3.56191600e-02 1.21731700e+00 4.45134500e+00 1.16165000e+01 1.19404200e+04 5.70428200e+00
1.19052200e+00 6.32931600e+03 2.21924300e-02 1.17416100e-01 1.04140400e+00 6.17989000e-02 2.94685100e+00 3.05036600e+00 9.62101700e-01 9.98660800e-01 2.32449500e+02 3.83896500e+01 9.64381800e+01 4.40499500e+01 5.19127700e+00 6.31908900e-01 5.84478400e-01 7.03768700e-02 1.16193400e+00 9.16004900e-01 9.39199600e-01 9.37399400e-01 9.93495300e-01 9.97164000e-01 1.00042500e+00 1.00585700e+00 9.92075500e-01 6.71234100e+01 6.88709200e-01 3.11290800e-01 1.40253700e-01 9.41430600e-02 8.08265200e-01 8.23334600e-01 4.50958900e-01 6.03733700e-01 9.86544900e-01 9.96696900e+01 2.45051000e+00 8.41522200e+00 2.11230700e+00 1.86672000e+00 1.23314200e+03 5.72094800e+03 2.52888800e+03 8.13930200e+02 2.30038700e+02 9.62101700e-01 2.43985200e-01 2.45306600e-01 2.58471300e+00 1.38943300e+01 1.08981800e+03 1.45744500e+02 1.04167200e+00 1.39914000e+01 1.05924600e+03 1.48487200e+02 1.39652100e-01 1.60783500e-01 3.38121300e+03 1.02509200e-02 8.16870300e-01 4.51389500e-01 7.23635000e+01 6.45899400e+02 8.24016400e+01 1.54047100e+03 8.90701300e+01 1.99557200e+03 9.46485300e+01 2.32214500e+03 2.34386000e+02 5.80368900e+03 4.55577600e-01 7.46903100e-01 4.73915500e-01 6.62094800e-01 4.72539800e-01 6.19620000e-01 4.67594300e-01 5.89587500e-01 2.97296800e-01 3.06498700e-01 2.93732200e+01 1.04313300e+02 3.11930100e+01 8.47767100e+00 3.98383600e+02 2.41472100e+01 1.15123500e+04 7.06742600e+02 2.75841600e-02 1.27934900e+00 4.27175400e+00 2.95353100e+00 1.19433600e+04 5.57868700e+00
1.01362200e+00 6.33553300e+03 2.20848300e-02 1.17866700e-01 1.04115600e+00 6.55763600e-02 2.93824100e+00 3.06150600e+00 9.56377700e-01 1.00150900e+00 2.75648100e+02 5.15287500e+01 8.43531200e+01 4.61189600e+01 9.72206300e-01 7.67486500e-01 1.37337700e-01 9.50028700e-01 8.23810200e+00 8.23632100e-01 7.82276600e-01 9.31713000e-01 1.26839400e+00 9.96744100e-01 1.00232600e+00 9.98191400e-01 1.00427100e+00 6.66912800e+01 6.83891100e-01 3.16108900e-01 1.40596600e-01 9.37657000e-02 8.13096300e-01 8.34641000e-01 4.57151700e-01 6.09678900e-01 9.95651700e-01 9.90576000e+01 2.48339700e+00 8.81500200e+00 2.13597100e+00 1.87342500e+00 1.25139900e+03 5.74992900e+03 2.53189800e+03 8.12356100e+02 2.29283700e+02 9.56377700e-01 2.43824100e-01 2.45144900e-01 2.60207000e+00 1.39238100e+01 1.08998800e+03 1.45752500e+02 1.04144000e+00 1.39952800e+01 1.05901700e+03 1.48531600e+02 1.39557600e-01 1.60847700e-01 3.39349700e+03 1.02821200e-02 8.14165400e-01 4.50050700e-01 7.19775200e+01 6.49714800e+02 8.20860100e+01 1.54840100e+03 8.87939500e+01 2.00508400e+03 9.44019400e+01 2.33259000e+03 2.34526000e+02 5.81652200e+03 4.61386500e-01 7.50891900e-01 4.78751300e-01 6.65110500e-01 4.76801700e-01 6.22227200e-01 4.71442700e-01 5.91935300e-01 2.98293600e-01 3.07317900e-01 3.54412700e+01 1.07316400e+02 3.55900200e+01 8.64196400e+00 4.00547100e+02 2.54713700e+01 1.15147000e+04 7.06900000e+02 8.44638400e-02 9.26576500e-01 5.48896300e+00 8.31034900e+00 1.19493600e+04 6.50000300e+00
8.41044200e-01 6.33973200e+03 2.21914000e-02 1.21389500e-01 1.04103400e+00 5.79216700e-02 3.12216200e+00 3.05872500e+00 9.61283200e-01 1.00304300e+00 2.51219900e+02 3.85440400e+01 9.51310200e+01 4.01764100e+01 2.33780500e+00 8.01280800e-01 6.76946100e-02 1.12903400e-01 8.30097100e+00 1.22398400e+00 1.15034500e+00 1.03497100e+00 1.24843900e+00 9.97196100e-01 1.00082900e+00 1.01087700e+00 1.00183200e+00 6.76434300e+01 6.84795500e-01 3.15204500e-01 1.44226000e-01 9.75594400e-02 8.19011600e-01 8.39509500e-01 4.59818300e-01 6.13674600e-01 9.95811700e-01 9.91292400e+01 2.47189600e+00 8.12225300e+00 2.13003900e+00 1.89704400e+00 1.24901100e+03 5.76719000e+03 2.54482900e+03 8.14375700e+02 2.29032000e+02 9.61283200e-01 2.46337200e-01 2.47667100e-01 2.64616000e+00 1.37389000e+01 1.09034300e+03 1.43833000e+02 1.04119300e+00 1.38142500e+01 1.05966600e+03 1.46546700e+02 1.41014200e-01 1.61272200e-01 3.39641500e+03 1.04190600e-02 8.13993100e-01 4.49882900e-01 7.29903700e+01 6.40633700e+02 8.32174700e+01 1.52697600e+03 9.00055100e+01 1.97748100e+03 9.56811000e+01 2.30059300e+03 2.37561600e+02 5.73918400e+03 4.64137600e-01 7.56441000e-01 4.81829700e-01 6.70119000e-01 4.79971000e-01 6.26950700e-01 4.74644200e-01 5.96452200e-01 3.00577600e-01 3.09725400e-01 3.38915200e+01 1.08622400e+02 3.71975500e+01 9.04762500e+00 3.97158900e+02 2.45735600e+01 1.15273300e+04 7.06867600e+02 7.65908800e-02 9.81866700e-01 5.38964200e+00 8.03396400e+00 1.19581200e+04 6.44810000e+00
4.78666500e-01 6.33579500e+03 2.22786200e-02 1.21371800e-01 1.04039900e+00 6.82537800e-02 3.13114700e+00 3.07689600e+00 9.66629800e-01 1.00256900e+00 1.83952700e+02 3.70338200e+01 9.57972500e+01 3.78252700e+01 1.80395000e+00 6.60589200e-01 1.18394500e-01 2.81737100e-01 9.05172500e+00 1.15216200e+00 8.62291000e-01 1.01995500e+00 1.19254700e+00 9.95377000e-01 1.00210500e+00 9.94615800e-01 9.87352100e-01 6.76104700e+01 6.84336100e-01 3.15663900e-01 1.44295500e-01 9.75589000e-02 8.26844100e-01 8.48155500e-01 4.64553900e-01 6.19769000e-01 1.00558000e+00 9.89874400e+01 2.48315900e+00 9.11102300e+00 2.16909600e+00 1.89231900e+00 1.23611700e+03 5.73491500e+03 2.54136500e+03 8.15528900e+02 2.29993600e+02 9.66629800e-01 2.46492000e-01 2.47822500e-01 2.63242500e+00 1.37400600e+01 1.09023800e+03 1.43727500e+02 1.04053400e+00 1.38128500e+01 1.05989500e+03 1.46408400e+02 1.41192600e-01 1.61084700e-01 3.39400600e+03 1.04178900e-02 8.14167300e-01 4.49893900e-01 7.29611800e+01 6.40924000e+02 8.31965000e+01 1.52755500e+03 8.99892700e+01 1.97815700e+03 9.56684900e+01 2.30132000e+03 2.37604500e+02 5.73971900e+03 4.68883600e-01 7.63627800e-01 4.86636700e-01 6.76434100e-01 4.84703900e-01 6.32837600e-01 4.79288100e-01 6.02039500e-01 3.03375700e-01 3.12587400e-01 3.17286800e+01 1.07091500e+02 3.31124400e+01 1.01586100e+01 4.01620000e+02 2.36068500e+01 1.15118300e+04 7.06883900e+02 9.46760900e-02 8.72797100e-01 5.89199100e+00 1.06290200e+01 1.19472200e+04 6.85946400e+00
4.43960600e-01 6.33802600e+03 2.26035900e-02 1.24084700e-01 1.04008200e+00 7.40649400e-02 3.37289200e+00 3.09961900e+00 9.78151200e-01 1.00498600e+00 2.42471900e+02 4.01108300e+01 1.19417800e+02 3.70525000e+01 3.89534000e+00 6.12772100e-01 7.45286600e-01 2.58497900e-01 2.85120500e+00 1.14363900e+00 1.28510400e+00 9.15659200e-01 8.77767100e-01 9.97069600e-01 9.98219700e-01 1.00512200e+00 1.00043600e+00 6.96136500e+01 6.95972600e-01 3.04027400e-01 1.47333500e-01 1.02564200e-01 8.40351200e-01 8.45973000e-01 4.63358500e-01 6.24006300e-01 1.00719500e+00 1.00375600e+02 2.47168700e+00 9.65728800e+00 2.21894900e+00 1.91344200e+00 1.22662200e+03 5.76495400e+03 2.55583000e+03 8.19326100e+02 2.30593000e+02 9.78151200e-01 2.49760600e-01 2.51102800e-01 2.65465900e+00 1.34859000e+01 1.09029500e+03 1.41644000e+02 1.04004100e+00 1.36190700e+01 1.06103900e+03 1.44189500e+02 1.42921300e-01 1.61400600e-01 3.35802700e+03 1.04715400e-02 8.21521000e-01 4.53484900e-01 7.49304500e+01 6.23256200e+02 8.51267200e+01 1.48818900e+03 9.19116200e+01 1.92897300e+03 9.75927500e+01 2.24557300e+03 2.40467000e+02 5.63225100e+03 4.68684600e-01 7.77303400e-01 4.89439300e-01 6.89867900e-01 4.88902600e-01 6.45953300e-01 4.84371300e-01 6.14855900e-01 3.10286800e-01 3.20263800e-01 3.02522000e+01 1.09049500e+02 3.29077400e+01 1.06163400e+01 4.04290400e+02 2.21745800e+01 1.15169300e+04 7.06576700e+02 5.91485300e-04 1.67729600e+00 3.68139100e+00 1.01008300e+01 1.19540200e+04 5.35927900e+00
8.38773700e-01 6.33317000e+03 2.24283200e-02 1.21065000e-01 1.04079400e+00 7.25828700e-02 3.22381100e+00 3.08800800e+00 9.74590500e-01 1.00296000e+00 2.58313100e+02 3.96477900e+01 8.70732800e+01 4.74325500e+01 2.50174200e+00 5.26181200e-01 8.00274500e-01 2.92989300e-01 4.19452400e+00 1.08923600e+00 1.18320000e+00 1.04704600e+00 1.13546900e+00 9.97590400e-01 1.00437400e+00 9.87786800e-01 9.95738400e-01 6.90496800e+01 6.97687200e-01 3.02312800e-01 1.44138500e-01 9.95271500e-02 8.30006300e-01 8.33199600e-01 4.56362200e-01 6.15453900e-01 9.98850700e-01 1.00721500e+02 2.45964500e+00 9.48638900e+00 2.19333300e+00 1.89696800e+00 1.22648800e+03 5.75145500e+03 2.54936000e+03 8.18659800e+02 2.30721200e+02 9.74590500e-01 2.47767400e-01 2.49102500e-01 2.63596300e+00 1.36178100e+01 1.09011300e+03 1.43238600e+02 1.04085900e+00 1.37615700e+01 1.06027600e+03 1.45868200e+02 1.41534600e-01 1.61294400e-01 3.34909100e+03 1.03430900e-02 8.23111100e-01 4.54460000e-01 7.42924900e+01 6.28487300e+02 8.43562000e+01 1.50108500e+03 9.10555200e+01 1.94595500e+03 9.66662300e+01 2.26556000e+03 2.37901200e+02 5.68713000e+03 4.61789900e-01 7.67912600e-01 4.82680700e-01 6.81730900e-01 4.82359100e-01 6.38417100e-01 4.78026500e-01 6.07734100e-01 3.06784800e-01 3.16718400e-01 3.05986400e+01 1.08339200e+02 3.36088100e+01 9.37032800e+00 4.03447500e+02 2.25661200e+01 1.15093000e+04 7.06550300e+02 2.30174900e-03 1.89191900e+00 3.41397000e+00 9.79425200e+00 1.19446900e+04 5.30819000e+00
7.30277000e-01 6.33505600e+03 2.24155900e-02 1.21078400e-01 1.04090300e+00 7.27765000e-02 3.21285700e+00 3.08728700e+00 9.77461100e-01 1.00245600e+00 2.43802700e+02 4.52828300e+01 1.01297800e+02 4.39190100e+01 3.65621600e+00 5.04453700e-01 6.80948100e-01 2.90409300e-01 2.10028500e+00 7.22094400e-01 1.05395900e+00 9.24709000e-01 1.05240500e+00 9.95479000e-01 1.00033400e+00 9.91063800e-01 9.89877700e-01 6.89434800e+01 6.96753800e-01 3.03246200e-01 1.44139100e-01 9.93745100e-02 8.31165200e-01 8.35649900e-01 4.57704300e-01 6.16788400e-01 1.00101500e+00 1.00610900e+02 2.45493000e+00 9.50775100e+00 2.19175400e+00 1.89486800e+00 1.21719800e+03 5.72529700e+03 2.54949100e+03 8.20307900e+02 2.31490800e+02 9.77461100e-01 2.47619600e-01 2.48954200e-01 2.63456300e+00 1.36271300e+01 1.09012000e+03 1.43298100e+02 1.04097000e+00 1.37658200e+01 1.06023800e+03 1.45932500e+02 1.41498200e-01 1.61286000e-01 3.35392400e+03 1.03505700e-02 8.22262400e-01 4.54029400e-01 7.41926700e+01 6.29400300e+02 8.42683400e+01 1.50303900e+03 9.09741500e+01 1.94834000e+03 9.65896100e+01 2.26821400e+03 2.37870300e+02 5.69114000e+03 4.63073600e-01 7.68887000e-01 4.83777300e-01 6.82488000e-01 4.83339900e-01 6.39080900e-01 4.78922000e-01 6.08338100e-01 3.07051000e-01 3.16947500e-01 3.12246800e+01 1.06963400e+02 2.99223300e+01 9.63360900e+00 4.03436000e+02 2.20169000e+01 1.15141600e+04 7.06564100e+02 6.33947100e-04 1.81943000e+00 3.44227800e+00 9.03919600e+00 1.19492500e+04 5.26234200e+00
1.19597300e+00 6.33616600e+03 2.22826200e-02 1.13867000e-01 1.04182800e+00 6.03839600e-02 2.69255100e+00 3.04453900e+00 9.56614200e-01 1.00193800e+00 2.14327000e+02 2.35388400e+01 8.69830900e+01 4.17566800e+01 2.15784400e+00 4.40077300e-01 6.58471200e-01 5.58695400e-01 3.42425900e+00 9.01609500e-01 9.96872800e-01 1.01123200e+00 1.08115100e+00 9.97383800e-01 1.00214500e+00 9.96811400e-01 9.85479000e-01 6.55926500e+01 6.82049800e-01 3.17950200e-01 1.36794800e-01 8.97273200e-02 7.99851100e-01 8.23432700e-01 4.51012700e-01 6.00618800e-01 9.87601100e-01 9.88515900e+01 2.46262700e+00 8.15582300e+00 2.10003500e+00 1.86113400e+00 1.24467200e+03 5.76230000e+03 2.54652900e+03 8.25238900e+02 2.35159700e+02 9.56614200e-01 2.40504600e-01 2.41813200e-01 2.47905600e+00 1.41339100e+01 1.08913900e+03 1.47966000e+02 1.04225200e+00 1.41967600e+01 1.05901700e+03 1.50705300e+02 1.38438900e-01 1.59846200e-01 3.41562500e+03 1.01745100e-02 8.11099800e-01 4.48311800e-01 7.08209300e+01 6.60462400e+02 8.08135700e+01 1.57356100e+03 8.74418800e+01 2.03736900e+03 9.29820200e+01 2.36990700e+03 2.31278100e+02 5.90447300e+03 4.55050800e-01 7.38485700e-01 4.71728500e-01 6.53932400e-01 4.69600400e-01 6.11692300e-01 4.64186200e-01 5.81865800e-01 2.93179100e-01 3.01954700e-01 2.03852200e+01 1.01511100e+02 2.31683700e+01 8.24119700e+00 3.97751600e+02 2.46294400e+01 1.15226500e+04 7.06969900e+02 1.10441900e-01 8.20176000e-01 5.97098500e+00 5.19002300e+00 1.19532700e+04 6.90160300e+00
2.68935500e-01 6.33686600e+03 2.27089300e-02 1.23340200e-01 1.04065900e+00 4.59406100e-02 3.40668700e+00 3.03746400e+00 9.82362800e-01 1.00163500e+00 2.20040700e+02 4.53761000e+01 7.65525200e+01 4.81982800e+01 4.30841200e+00 7.70072100e-01 7.06259700e-01 8.62739300e-01 6.03885000e+00 6.98002800e-01 9.47685800e-01 9.75107000e-01 1.13899900e+00 9.95604700e-01 1.00203300e+00 1.00178400e+00 9.95733100e-01 7.05548100e+01 7.05313700e-01 2.94686300e-01 1.46694300e-01 1.03499900e-01 8.12672100e-01 8.05442800e-01 4.41159200e-01 5.98763500e-01 9.67502400e-01 1.01672300e+02 2.37305700e+00 6.82525600e+00 2.08522900e+00 1.90217400e+00 1.20418400e+03 5.74373400e+03 2.54773700e+03 8.18076900e+02 2.29604900e+02 9.82362800e-01 2.50235400e-01 2.51579400e-01 2.64641900e+00 1.34228400e+01 1.09013000e+03 1.41588900e+02 1.04058100e+00 1.36067200e+01 1.06123000e+03 1.44104000e+02 1.42969000e-01 1.61493300e-01 3.32891800e+03 1.04033300e-02 8.27658400e-01 4.56615900e-01 7.57803200e+01 6.15613800e+02 8.58345400e+01 1.47213200e+03 9.25394500e+01 1.90960600e+03 9.81605000e+01 2.22421700e+03 2.40263200e+02 5.60471200e+03 4.47036300e-01 7.52650200e-01 4.69188100e-01 6.69042400e-01 4.69787400e-01 6.26895100e-01 4.66175300e-01 5.96990100e-01 3.01654100e-01 3.11805100e-01 3.17794800e+01 1.04648000e+02 3.42368000e+01 1.17022100e+01 3.96216100e+02 2.10915100e+01 1.15214000e+04 7.06493400e+02 5.81740600e-02 2.50994400e+00 3.76226600e+00 1.04996200e+01 1.19504100e+04 6.33038400e+00
5.48527100e-01 6.33375300e+03 2.26022900e-02 1.21564100e-01 1.04104200e+00 5.93640500e-02 3.26973600e+00 3.04994100e+00 9.77381600e-01 9.97647800e-01 2.30780800e+02 4.43180600e+01 9.97437100e+01 3.70125700e+01 2.74434900e+00 5.13714400e-01 9.23555800e-01 9.21174200e-01 7.74208200e+00 7.55910900e-01 1.17672000e+00 1.04917100e+00 9.93329400e-01 9.96110500e-01 1.00231600e+00 1.00560900e+00 9.85975800e-01 6.96392800e+01 7.01396800e-01 2.98603200e-01 1.44811500e-01 1.00845700e-01 8.15064300e-01 8.13164600e-01 4.45388600e-01 6.02511700e-01 9.76707900e-01 1.01202300e+02 2.40291500e+00 8.18939200e+00 2.11141100e+00 1.87503700e+00 1.20236600e+03 5.68509200e+03 2.52003100e+03 8.10253200e+02 2.28095400e+02 9.77381600e-01 2.48430300e-01 2.49767800e-01 2.61995400e+00 1.35491000e+01 1.08998200e+03 1.42760100e+02 1.04106900e+00 1.37128400e+01 1.06077200e+03 1.45323500e+02 1.42077000e-01 1.61249700e-01 3.34465900e+03 1.03604600e-02 8.24651900e-01 4.55138100e-01 7.48653900e+01 6.23414000e+02 8.49051100e+01 1.48985300e+03 9.15942400e+01 1.93197800e+03 9.71991600e+01 2.24976700e+03 2.38581300e+02 5.65795800e+03 4.50989400e-01 7.54467000e-01 4.72337500e-01 6.70214200e-01 4.72468800e-01 6.27807500e-01 4.68521600e-01 5.97743500e-01 3.01887700e-01 3.11845400e-01 3.26324000e+01 1.07453900e+02 3.21127000e+01 1.02598500e+01 3.97023300e+02 2.16905500e+01 1.15166800e+04 7.06510200e+02 2.14978300e-02 2.19351700e+00 3.44815100e+00 9.68119800e+00 1.19456500e+04 5.66316600e+00
2.51621800e-01 6.33381700e+03 2.23103000e-02 1.15875000e-01 1.04129200e+00 4.94538400e-02 2.92342000e+00 3.01671100e+00 9.66429800e-01 9.97125300e-01 2.44407700e+02 3.50600800e+01 1.06125600e+02 3.54978500e+01 6.59783300e+00 8.44280900e-01 7.57764200e-01 8.02866600e-01 2.23087900e+00 1.08737100e+00 1.25277800e+00 1.06842500e+00 1.06368500e+00 9.99091500e-01 1.00089900e+00 9.88392100e-01 9.88680700e-01 6.74566700e+01 6.94905100e-01 3.05094900e-01 1.38830400e-01 9.36503900e-02 7.90903100e-01 7.97590800e-01 4.36858500e-01 5.87803300e-01 9.62965800e-01 1.00438900e+02 2.38932700e+00 7.11517300e+00 2.04240100e+00 1.85006000e+00 1.21163800e+03 5.68852400e+03 2.51751300e+03 8.13036300e+02 2.29951900e+02 9.66429800e-01 2.43715800e-01 2.45036200e-01 2.55422400e+00 1.39040400e+01 1.08951000e+03 1.46183400e+02 1.04155900e+00 1.40350600e+01 1.05939900e+03 1.48894000e+02 1.39409800e-01 1.60561800e-01 3.35743900e+03 1.01626300e-02 8.21403800e-01 4.53663700e-01 7.26205400e+01 6.43162500e+02 8.25320300e+01 1.53544700e+03 8.91257200e+01 1.99004900e+03 9.46459500e+01 2.31652400e+03 2.33388100e+02 5.80701700e+03 4.41871400e-01 7.31463000e-01 4.61170500e-01 6.49073000e-01 4.60539700e-01 6.07710200e-01 4.56188600e-01 5.78426500e-01 2.91915800e-01 3.01220500e-01 2.56636600e+01 1.04155400e+02 3.09924600e+01 1.17330700e+01 3.95726100e+02 2.25447200e+01 1.15202900e+04 7.06595600e+02 9.12038700e-05 1.67729600e+00 3.47661000e+00 5.59545600e+00 1.19502900e+04 5.15399800e+00
6.10233900e-01 6.33196900e+03 2.23790900e-02 1.14917300e-01 1.04149000e+00 5.28191200e-02 2.84320400e+00 3.02722400e+00 9.65735200e-01 1.00007900e+00 2.35595700e+02 2.95141800e+01 1.15215400e+02 2.60275900e+01 4.57925300e+00 6.38526200e-01 4.22697800e-01 2.05737400e-01 5.43185600e+00 8.64909300e-01 5.80301800e-01 1.09650100e+00 8.67855400e-01 9.98688900e-01 9.99738400e-01 1.00186300e+00 9.94228500e-01 6.69732700e+01 6.92466800e-01 3.07533200e-01 1.37941500e-01 9.23839400e-02 7.93873500e-01 8.03779100e-01 4.40248000e-01 5.91186300e-01 9.70064400e-01 1.00123700e+02 2.40684200e+00 7.42340100e+00 2.06398500e+00 1.85707100e+00 1.21915000e+03 5.72184600e+03 2.53455900e+03 8.20893200e+02 2.33063800e+02 9.65735200e-01 2.42645600e-01 2.43962100e-01 2.51367400e+00 1.39731900e+01 1.08926100e+03 1.46804300e+02 1.04180100e+00 1.40913900e+01 1.05943700e+03 1.49497900e+02 1.39149800e-01 1.60218800e-01 3.37277300e+03 1.01529900e-02 8.18896700e-01 4.52306700e-01 7.21396200e+01 6.47629200e+02 8.20491800e+01 1.54551200e+03 8.86378900e+01 2.00270200e+03 9.41522000e+01 2.33093200e+03 2.32562000e+02 5.83619000e+03 4.45098500e-01 7.33971700e-01 4.63936400e-01 6.51036600e-01 4.63020300e-01 6.09439600e-01 4.58459400e-01 5.80005000e-01 2.92625100e-01 3.01838400e-01 2.55065600e+01 1.02773900e+02 2.87133200e+01 9.91095400e+00 3.95787100e+02 2.26239000e+01 1.15164500e+04 7.06645900e+02 5.48718600e-03 1.53969800e+00 3.72291900e+00 7.24892300e+00 1.19447800e+04 5.26810400e+00
5.22920000e-01 6.32996300e+03 2.22845000e-02 1.14841300e-01 1.04180100e+00 5.18288600e-02 2.78056200e+00 3.02519300e+00 9.61191100e-01 1.00265200e+00 2.20966900e+02 3.85108900e+01 9.60456900e+01 3.69800600e+01 3.44929400e+00 6.28379500e-01 6.49710800e-01 8.19282200e-01 7.10307200e+00 6.98191700e-01 9.60395300e-01 1.11534900e+00 1.16369300e+00 9.96978400e-01 1.00307700e+00 9.94507600e-01 9.86773500e-01 6.62811300e+01 6.86398700e-01 3.13601300e-01 1.37770900e-01 9.13161300e-02 7.94016500e-01 8.11816400e-01 4.44650200e-01 5.94188200e-01 9.75291800e-01 9.93959700e+01 2.42366700e+00 7.33184800e+00 2.05979700e+00 1.85697700e+00 1.22777900e+03 5.72344100e+03 2.53575800e+03 8.21180200e+02 2.33338500e+02 9.61191100e-01 2.41737900e-01 2.43051000e-01 2.50937000e+00 1.40414700e+01 1.08931200e+03 1.47228600e+02 1.04216300e+00 1.41272200e+01 1.05913200e+03 1.49961200e+02 1.38854400e-01 1.60152400e-01 3.39796300e+03 1.01844900e-02 8.14293600e-01 4.49980300e-01 7.14946800e+01 6.53917500e+02 8.14710800e+01 1.55903200e+03 8.80951100e+01 2.01925000e+03 9.36347100e+01 2.34939700e+03 2.32231900e+02 5.86539600e+03 4.49004200e-01 7.33516700e-01 4.66518200e-01 6.49988700e-01 4.64904300e-01 6.08191700e-01 4.59867600e-01 5.78652100e-01 2.91713900e-01 3.00634400e-01 2.93517800e+01 1.06513000e+02 3.14907400e+01 1.00523000e+01 3.95753400e+02 2.30055100e+01 1.15077500e+04 7.06813400e+02 4.88338500e-02 1.09677200e+00 4.71830800e+00 1.06888100e+01 1.19365600e+04 5.86391400e+00
1.01943300e+00 6.33101900e+03 2.22606000e-02 1.17423500e-01 1.04102200e+00 4.97124000e-02 2.89867200e+00 3.03079100e+00 9.59378000e-01 1.00168100e+00 2.47851600e+02 2.98590000e+01 1.11647300e+02 3.48302900e+01 6.24283600e+00 8.95463400e-01 2.69061700e-01 3.24638400e-01 2.84575100e+00 8.62294200e-01 9.21292200e-01 1.09268300e+00 1.12983300e+00 9.97471500e-01 1.00312400e+00 9.98138900e-01 9.88039500e-01 6.64825400e+01 6.82507900e-01 3.17492100e-01 1.40329200e-01 9.32944400e-02 8.00425900e-01 8.23430500e-01 4.51011500e-01 6.00833800e-01 9.81674100e-01 9.88313000e+01 2.44116600e+00 7.17315700e+00 2.07136100e+00 1.87532400e+00 1.24028600e+03 5.75446400e+03 2.54225700e+03 8.19366700e+02 2.31875300e+02 9.59378000e-01 2.43356800e-01 2.44675900e-01 2.55498700e+00 1.39504700e+01 1.08968500e+03 1.45936900e+02 1.04131000e+00 1.40147400e+01 1.05936100e+03 1.48657500e+02 1.39715700e-01 1.60442600e-01 3.40537100e+03 1.02902400e-02 8.12392900e-01 4.48989600e-01 7.17732900e+01 6.51665900e+02 8.18888900e+01 1.55271200e+03 8.85994300e+01 2.01044500e+03 9.42086200e+01 2.33864600e+03 2.34260800e+02 5.82780300e+03 4.55075300e-01 7.39056000e-01 4.71859300e-01 6.54479600e-01 4.69779100e-01 6.12221000e-01 4.64394500e-01 5.82378900e-01 2.93426300e-01 3.02244300e-01 2.56002600e+01 1.07033900e+02 3.21889100e+01 8.57849600e+00 3.95680700e+02 2.40648900e+01 1.15122900e+04 7.06952000e+02 1.14445100e-01 8.20176000e-01 6.17658100e+00 7.35760800e+00 1.19406200e+04 7.11120200e+00
6.15202500e-01 6.33109800e+03 2.21169600e-02 1.12410000e-01 1.04175200e+00 4.61955300e-02 2.63748600e+00 3.01684900e+00 9.52540600e-01 1.00629800e+00 2.26118000e+02 3.43331700e+01 1.15462600e+02 3.29238700e+01 4.44357900e+00 5.87898100e-01 4.24667700e-01 5.47896400e-02 3.92660700e+00 9.44238100e-01 9.59316200e-01 9.90673000e-01 9.67362900e-01 9.96005400e-01 9.98746700e-01 9.86926500e-01 9.87264600e-01 6.53033400e+01 6.83031400e-01 3.16968600e-01 1.35172100e-01 8.82719100e-02 7.85026900e-01 8.06922800e-01 4.41969900e-01 5.89031600e-01 9.71441800e-01 9.90101300e+01 2.43360600e+00 6.72454800e+00 2.04268300e+00 1.86241300e+00 1.25312800e+03 5.79738800e+03 2.55507700e+03 8.27000400e+02 2.35145500e+02 9.52540600e-01 2.39655700e-01 2.40961100e-01 2.49016300e+00 1.42092500e+01 1.08915500e+03 1.48802400e+02 1.04222400e+00 1.42773900e+01 1.05844500e+03 1.51615700e+02 1.37616600e-01 1.59893300e-01 3.40130800e+03 1.00924900e-02 8.13074100e-01 4.49462800e-01 7.04897000e+01 6.63495100e+02 8.04117900e+01 1.58102100e+03 8.69947000e+01 2.04718000e+03 9.24975500e+01 2.38144400e+03 2.29930100e+02 5.93584800e+03 4.46043400e-01 7.24890200e-01 4.62620500e-01 6.41993700e-01 4.60639800e-01 6.00566300e-01 4.55399000e-01 5.71308100e-01 2.87904500e-01 2.96556400e-01 2.87174600e+01 1.05887100e+02 2.98156600e+01 9.60868000e+00 3.95860700e+02 2.44557700e+01 1.15068300e+04 7.06931900e+02 9.02271500e-02 9.26576500e-01 5.51651700e+00 1.19711200e+01 1.19367600e+04 6.53332100e+00
9.67026800e-01 6.32879000e+03 2.23838600e-02 1.21058600e-01 1.04074100e+00 5.38308100e-02 3.18526200e+00 3.05453100e+00 9.72547700e-01 1.00520400e+00 2.38969100e+02 3.73981700e+01 9.67248000e+01 4.80726700e+01 6.48313800e+00 6.89152900e-01 5.61543600e-01 1.20208500e-02 3.07523300e-01 8.41711600e-01 1.02901100e+00 8.40647900e-01 9.38774000e-01 9.96386700e-01 1.00047600e+00 9.96219900e-01 9.93356500e-01 6.85516400e+01 6.93386600e-01 3.06613400e-01 1.44087600e-01 9.87744400e-02 8.16869500e-01 8.25824200e-01 4.52322500e-01 6.07855600e-01 9.86606000e-01 1.00158200e+02 2.42967400e+00 7.66449000e+00 2.12112400e+00 1.90462400e+00 1.22797500e+03 5.77089700e+03 2.56157900e+03 8.23197800e+02 2.31878800e+02 9.72547700e-01 2.47246300e-01 2.48579600e-01 2.63101000e+00 1.36625700e+01 1.09013100e+03 1.43461800e+02 1.04084100e+00 1.37832600e+01 1.06016200e+03 1.46106200e+02 1.41390700e-01 1.61204500e-01 3.36491700e+03 1.03656500e-02 8.20027100e-01 4.52883300e-01 7.38280000e+01 6.32750200e+02 8.39440400e+01 1.51023300e+03 9.06715100e+01 1.95713600e+03 9.63026500e+01 2.27802000e+03 2.37718100e+02 5.70635000e+03 4.57327900e-01 7.55322500e-01 4.76918500e-01 6.70072500e-01 4.76086100e-01 6.27298900e-01 4.71468700e-01 5.97025900e-01 3.01204800e-01 3.10757700e-01 3.03045200e+01 1.05513400e+02 3.23415800e+01 9.01028700e+00 3.95973500e+02 2.22185200e+01 1.15091100e+04 7.06625800e+02 4.54211800e-03 1.53969800e+00 3.76560200e+00 9.33101400e+00 1.19363100e+04 5.30984200e+00
9.13570200e-01 6.32746800e+03 2.23754800e-02 1.21112600e-01 1.04101000e+00 5.20012300e-02 3.14869200e+00 3.05183600e+00 9.71464500e-01 1.00566600e+00 2.42158200e+02 3.97460400e+01 1.02893700e+02 4.17228900e+01 2.28652200e+00 7.02173700e-01 3.92155600e-01 3.42409200e-01 3.80777100e+00 1.06073800e+00 1.07500800e+00 9.01163500e-01 9.98287700e-01 9.95843000e-01 1.00032300e+00 1.00087700e+00 9.96109600e-01 6.81927500e+01 6.90052900e-01 3.09947100e-01 1.44133200e-01 9.82883700e-02 8.16972100e-01 8.30405800e-01 4.54832000e-01 6.09577800e-01 9.89323000e-01 9.97532300e+01 2.43467700e+00 7.47222900e+00 2.11541500e+00 1.90646100e+00 1.22987800e+03 5.77058100e+03 2.56560500e+03 8.25352700e+02 2.32784200e+02 9.71464500e-01 2.46762000e-01 2.48093500e-01 2.61996100e+00 1.36930800e+01 1.09011000e+03 1.43633800e+02 1.04112700e+00 1.37959900e+01 1.06012300e+03 1.46281300e+02 1.41335700e-01 1.61118400e-01 3.38229000e+03 1.03940200e-02 8.17034600e-01 4.51333600e-01 7.34942000e+01 6.35865700e+02 8.36536100e+01 1.51686200e+03 9.04047300e+01 1.96519900e+03 9.60532200e+01 2.28697300e+03 2.37648100e+02 5.71947600e+03 4.59586000e-01 7.55079800e-01 4.78420500e-01 6.69485700e-01 4.77187500e-01 6.26595300e-01 4.72296200e-01 5.96260700e-01 3.00685600e-01 3.10068900e-01 2.91548300e+01 1.06705500e+02 3.22424200e+01 9.04445000e+00 3.95788200e+02 2.22959500e+01 1.15050900e+04 7.06705300e+02 2.26803100e-02 1.27934900e+00 4.25415400e+00 1.04589000e+01 1.19322200e+04 5.55618300e+00
7.84607900e-01 6.33238700e+03 2.23116300e-02 1.21779300e-01 1.04121800e+00 5.09710100e-02 3.13385200e+00 3.04461400e+00 9.68864400e-01 1.00303000e+00 2.06429200e+02 3.20526800e+01 9.32442900e+01 4.62547800e+01 4.98838400e+00 8.92455200e-01 4.42406200e-01 4.72670900e-01 4.03737900e+00 9.75850600e-01 1.10202100e+00 8.71311800e-01 1.03038200e+00 9.95840900e-01 1.00120100e+00 1.00308000e+00 9.99265300e-01 6.78045700e+01 6.85182400e-01 3.14817600e-01 1.44736100e-01 9.81376800e-02 8.16307700e-01 8.36224200e-01 4.58018900e-01 6.11460800e-01 9.91344100e-01 9.91656600e+01 2.43988400e+00 7.38678000e+00 2.10019300e+00 1.89664600e+00 1.22704800e+03 5.72939800e+03 2.54948300e+03 8.19681200e+02 2.31111700e+02 9.68864400e-01 2.46541000e-01 2.47871700e-01 2.62700200e+00 1.37110000e+01 1.09023700e+03 1.43585600e+02 1.04135500e+00 1.37883500e+01 1.06000900e+03 1.46252200e+02 1.41375500e-01 1.61162400e-01 3.40319500e+03 1.04479600e-02 8.13266800e-01 4.49418700e-01 7.31578900e+01 6.39138800e+02 8.33983200e+01 1.52350500e+03 9.01957900e+01 1.97304700e+03 9.58795500e+01 2.29548400e+03 2.37993000e+02 5.72748800e+03 4.62353200e-01 7.53981700e-01 4.80074000e-01 6.67981700e-01 4.78266900e-01 6.24968100e-01 4.72988500e-01 5.94576400e-01 2.99643500e-01 3.08781700e-01 2.71882800e+01 1.06308600e+02 3.29179400e+01 9.20001400e+00 3.95729700e+02 2.26358300e+01 1.15163800e+04 7.06854100e+02 7.26453100e-02 9.81866700e-01 5.32558200e+00 7.59566200e+00 1.19439500e+04 6.38009400e+00
8.34046300e-01 6.33230900e+03 2.23679900e-02 1.22065300e-01 1.04114500e+00 5.33843800e-02 3.17775500e+00 3.05172300e+00 9.70670200e-01 1.00281900e+00 2.36480700e+02 4.97891900e+01 1.05160800e+02 4.65679100e+01 3.08271000e+00 7.24670200e-01 6.17401500e-01 9.17993900e-01 1.55394000e+00 1.23433700e+00 1.00940200e+00 8.61075900e-01 1.04854600e+00 9.97055700e-01 1.00222100e+00 9.94063600e-01 9.90306900e-01 6.82330300e+01 6.88388500e-01 3.11611500e-01 1.45078400e-01 9.89913900e-02 8.19132500e-01 8.34834200e-01 4.57257500e-01 6.12008600e-01 9.91646300e-01 9.95517800e+01 2.44002400e+00 7.63702400e+00 2.11517500e+00 1.90097900e+00 1.22723800e+03 5.74240400e+03 2.55287400e+03 8.20326800e+02 2.31162800e+02 9.70670200e-01 2.47141700e-01 2.48474600e-01 2.63142500e+00 1.36640900e+01 1.09023100e+03 1.43256300e+02 1.04124700e+00 1.37581500e+01 1.06020000e+03 1.45899700e+02 1.41626800e-01 1.61229500e-01 3.39152100e+03 1.04424100e-02 8.15484900e-01 4.50534400e-01 7.35684700e+01 6.35341000e+02 8.37813600e+01 1.51522000e+03 9.05655000e+01 1.96281700e+03 9.62404400e+01 2.28399200e+03 2.38374500e+02 5.70755000e+03 4.61861800e-01 7.56911900e-01 4.80374700e-01 6.70929200e-01 4.78943500e-01 6.27871200e-01 4.73906500e-01 5.97428300e-01 3.01203800e-01 3.10533300e-01 2.91951600e+01 1.09404000e+02 3.21157200e+01 9.18006200e+00 3.95956700e+02 2.26039900e+01 1.15163900e+04 7.06751900e+02 3.62940800e-02 1.21731700e+00 4.56277800e+00 7.92117600e+00 1.19441300e+04 5.81639000e+00
5.91488900e-01 6.33270900e+03 2.26757300e-02 1.23818000e-01 1.04076200e+00 4.94984000e-02 3.33191800e+00 3.04092400e+00 9.79781900e-01 9.99755900e-01 2.36714600e+02 2.41156800e+01 1.14910200e+02 2.83042600e+01 1.95742600e+00 4.74037400e-01 7.02638500e-01 3.63887800e-01 9.63806200e+00 1.19747600e+00 1.02023000e+00 1.09431700e+00 9.47695900e-01 9.97649800e-01 1.00142600e+00 1.00736400e+00 9.94782300e-01 6.95330800e+01 6.95670200e-01 3.04329800e-01 1.47138900e-01 1.02310200e-01 8.17252400e-01 8.23128800e-01 4.50846200e-01 6.07005100e-01 9.80077700e-01 1.00389700e+02 2.39884100e+00 7.20977800e+00 2.09245600e+00 1.89523300e+00 1.20252500e+03 5.70271300e+03 2.53909900e+03 8.16865300e+02 2.29954100e+02 9.79781900e-01 2.49263500e-01 2.50604000e-01 2.62749800e+00 1.34979900e+01 1.09014300e+03 1.41849800e+02 1.04073900e+00 1.36297200e+01 1.06111500e+03 1.44376900e+02 1.42929800e-01 1.61265000e-01 3.37134000e+03 1.04853000e-02 8.19801600e-01 4.52550300e-01 7.48465400e+01 6.23977800e+02 8.50401700e+01 1.48983500e+03 9.18228100e+01 1.93105700e+03 9.75018100e+01 2.24795700e+03 2.40297000e+02 5.63733700e+03 4.56016700e-01 7.55905000e-01 4.76128000e-01 6.70840400e-01 4.75567200e-01 6.28121900e-01 4.71133800e-01 5.97873600e-01 3.01702900e-01 3.11389500e-01 2.61931300e+01 1.08630100e+02 2.98973000e+01 1.00373800e+01 3.95747700e+02 2.13338200e+01 1.15218500e+04 7.06581900e+02 4.49125800e-04 1.67729600e+00 3.62682100e+00 4.56613500e+00 1.19489700e+04 5.30456700e+00
6.45645800e-01 6.33468300e+03 2.22611600e-02 1.23558000e-01 1.04021900e+00 5.40705400e-02 3.24455600e+00 3.05486100e+00 9.72765100e-01 1.00390200e+00 2.55540200e+02 4.25412700e+01 1.26327600e+02 3.08389500e+01 3.79709100e+00 6.45064600e-01 3.30302200e-01 2.45548300e-01 4.78444000e+00 1.44673400e+00 9.96368700e-01 1.13755000e+00 1.26392400e+00 9.97760800e-01 1.00212800e+00 9.94577700e-01 9.89221100e-01 6.80828900e+01 6.84022700e-01 3.15977300e-01 1.46464300e-01 9.97171400e-02 8.23432900e-01 8.45075600e-01 4.62867000e-01 6.17365300e-01 9.97951100e-01 9.89321900e+01 2.44608000e+00 7.76214600e+00 2.12182400e+00 1.90433900e+00 1.22093100e+03 5.71451700e+03 2.54954600e+03 8.18074900e+02 2.30101200e+02 9.72765100e-01 2.47974200e-01 2.49310000e-01 2.67521700e+00 1.36407800e+01 1.09056300e+03 1.42639100e+02 1.04029000e+00 1.37114800e+01 1.06008500e+03 1.45311400e+02 1.41923500e-01 1.61440000e-01 3.39415800e+03 1.04964700e-02 8.14046600e-01 4.49842500e-01 7.34772800e+01 6.36443900e+02 8.37929600e+01 1.51680500e+03 9.06385800e+01 1.96418900e+03 9.63617800e+01 2.28503200e+03 2.39374400e+02 5.69828300e+03 4.67132200e-01 7.60445300e-01 4.84740100e-01 6.73579200e-01 4.82778100e-01 6.30151700e-01 4.77359500e-01 5.99474900e-01 3.02055100e-01 3.11223200e-01 3.16858800e+01 1.12481900e+02 3.45789900e+01 9.54879500e+00 3.96095400e+02 2.20827800e+01 1.15151100e+04 7.06895200e+02 1.01710800e-01 8.72797100e-01 6.06185000e+00 1.25942200e+01 1.19428400e+04 7.03635700e+00
9.64699300e-01 6.33552400e+03 2.22816200e-02 1.18467500e-01 1.04152300e+00 4.48825000e-02 2.90060300e+00 3.02694900e+00 9.55107900e-01 1.00236800e+00 2.41663200e+02 4.59761700e+01 1.27054200e+02 2.87831900e+01 3.43679700e+00 6.96485100e-01 1.81060600e-02 3.09366400e-03 4.22777800e+00 9.13128000e-01 8.26305500e-01 9.70588800e-01 9.09324900e-01 9.98116100e-01 9.98837500e-01 9.89703500e-01 9.96323600e-01 6.63214100e+01 6.78542000e-01 3.21458000e-01 1.41394300e-01 9.37746700e-02 8.01422800e-01 8.29589300e-01 4.54384800e-01 6.03452000e-01 9.84089900e-01 9.83802200e+01 2.45349800e+00 6.66961700e+00 2.06341800e+00 1.88626500e+00 1.25506000e+03 5.78768100e+03 2.55086400e+03 8.20875700e+02 2.32182100e+02 9.55107900e-01 2.43392200e-01 2.44711400e-01 2.55169300e+00 1.39354700e+01 1.08975300e+03 1.45634300e+02 1.04180500e+00 1.39790400e+01 1.05951300e+03 1.48338600e+02 1.40053400e-01 1.60464400e-01 3.43043600e+03 1.03673300e-02 8.08411700e-01 4.46905400e-01 7.16627800e+01 6.52962200e+02 8.18641000e+01 1.55483600e+03 8.86255000e+01 2.01257000e+03 9.42744000e+01 2.34060800e+03 2.35030500e+02 5.82192400e+03 4.58116900e-01 7.39592300e-01 4.74035600e-01 6.54536500e-01 4.71494900e-01 6.12102000e-01 4.65794500e-01 5.82159400e-01 2.93160700e-01 3.01810300e-01 3.27342900e+01 1.07007800e+02 3.34772200e+01 8.52290700e+00 3.96019700e+02 2.52168100e+01 1.15222900e+04 7.07118000e+02 1.84734800e-01 6.25207500e-01 7.47738100e+00 3.59683000e+00 1.19520500e+04 8.28732300e+00
7.05120100e-01 6.33504600e+03 2.23876000e-02 1.20255000e-01 1.04168900e+00 4.69266700e-02 3.08042000e+00 3.03348400e+00 9.66299000e-01 1.00297700e+00 2.31911600e+02 4.17818200e+01 1.12445700e+02 3.81270100e+01 5.34197900e+00 7.14883300e-01 3.02517800e-01 1.10678900e-01 5.12231200e+00 9.37481800e-01 8.92169800e-01 8.90891500e-01 1.02963000e+00 9.96872700e-01 9.97139800e-01 9.91078500e-01 9.95301100e-01 6.79364000e+01 6.89541200e-01 3.10458800e-01 1.43287800e-01 9.73445500e-02 8.07693700e-01 8.21652300e-01 4.50037500e-01 6.02903400e-01 9.79930900e-01 9.97534800e+01 2.42395200e+00 6.91680900e+00 2.07694600e+00 1.89088600e+00 1.23218000e+03 5.75458500e+03 2.54854400e+03 8.19811200e+02 2.31278300e+02 9.66299000e-01 2.45861900e-01 2.47190100e-01 2.59409400e+00 1.37381800e+01 1.08995200e+03 1.44180900e+02 1.04184900e+00 1.38389400e+01 1.06000900e+03 1.46833600e+02 1.41021500e-01 1.60976200e-01 3.39303900e+03 1.03798000e-02 8.15614100e-01 4.50597700e-01 7.32285700e+01 6.38207500e+02 8.33641700e+01 1.52233100e+03 9.00987100e+01 1.97220800e+03 9.57329900e+01 2.29506600e+03 2.36934300e+02 5.73836700e+03 4.54686900e-01 7.46456500e-01 4.73198900e-01 6.61787700e-01 4.71922900e-01 6.19368900e-01 4.67048200e-01 5.89370800e-01 2.97197700e-01 3.06447000e-01 3.37677700e+01 1.08566200e+02 3.53015400e+01 9.54862300e+00 3.95885800e+02 2.29640100e+01 1.15207000e+04 7.06719200e+02 2.20813600e-02 1.27934900e+00 4.16549500e+00 8.80177200e+00 1.19491000e+04 5.46692500e+00
8.46488300e-01 6.33381000e+03 2.23376900e-02 1.23176100e-01 1.04102400e+00 5.35372500e-02 3.23399200e+00 3.05059000e+00 9.66880700e-01 1.00066900e+00 2.49052300e+02 4.44271800e+01 1.07249500e+02 3.79861900e+01 1.33140200e+00 6.60876100e-01 6.75502300e-01 5.16486500e-01 7.58050100e+00 8.97159600e-01 7.32675000e-01 9.56949300e-01 6.90808700e-01 9.97529000e-01 1.00133400e+00 9.90748700e-01 9.90805700e-01 6.84307900e+01 6.87879400e-01 3.12120600e-01 1.46159000e-01 1.00017700e-01 8.19470600e-01 8.35860800e-01 4.57819800e-01 6.12511100e-01 9.90621200e-01 9.94813900e+01 2.44770500e+00 7.68280000e+00 2.11278000e+00 1.89824600e+00 1.23419800e+03 5.74045600e+03 2.53929000e+03 8.12759400e+02 2.28294200e+02 9.66880700e-01 2.47866200e-01 2.49201700e-01 2.65667800e+00 1.36185600e+01 1.09042100e+03 1.42727900e+02 1.04109000e+00 1.37094700e+01 1.06023800e+03 1.45375200e+02 1.41954300e-01 1.61428700e-01 3.39173400e+03 1.04817300e-02 8.15310600e-01 4.50464300e-01 7.37878400e+01 6.33490100e+02 8.40453000e+01 1.51067900e+03 9.08582200e+01 1.95685200e+03 9.65568500e+01 2.27698400e+03 2.39244000e+02 5.68858900e+03 4.62392600e-01 7.57170000e-01 4.80790900e-01 6.71098200e-01 4.79295200e-01 6.28004400e-01 4.74212700e-01 5.97539500e-01 3.01231300e-01 3.10542300e-01 3.22420700e+01 1.09715700e+02 3.65581300e+01 9.13530800e+00 3.96048800e+02 2.35523900e+01 1.15192500e+04 7.06767000e+02 4.23371200e-02 1.15641700e+00 4.70763500e+00 6.96080000e+00 1.19479900e+04 5.90638900e+00
3.21917100e-01 6.33307000e+03 2.24409200e-02 1.21823100e-01 1.04093900e+00 4.33346700e-02 3.26373300e+00 3.02714700e+00 9.69563000e-01 1.00082500e+00 2.67131100e+02 3.39486900e+01 8.41226300e+01 5.00244200e+01 2.17450300e+00 8.21621000e-01 3.38749600e-01 2.30621800e-01 9.89300300e+00 9.46711000e-01 9.89752000e-01 8.63443500e-01 1.02829300e+00 9.96907800e-01 1.00185400e+00 9.95612800e-01 9.98270300e-01 6.93060300e+01 6.98315000e-01 3.01685000e-01 1.44909200e-01 1.00430800e-01 8.04979500e-01 8.07237000e-01 4.42141900e-01 5.96586300e-01 9.66939500e-01 1.00815800e+02 2.39554600e+00 6.55670200e+00 2.06382700e+00 1.89248900e+00 1.22676900e+03 5.75786300e+03 2.53725800e+03 8.12218000e+02 2.27707200e+02 9.69563000e-01 2.48291600e-01 2.49628600e-01 2.64735800e+00 1.35755400e+01 1.09019900e+03 1.42845200e+02 1.04097600e+00 1.37222500e+01 1.06039000e+03 1.45464700e+02 1.41825300e-01 1.61425000e-01 3.34954600e+03 1.03715300e-02 8.23206400e-01 4.54504600e-01 7.45554900e+01 6.26227100e+02 8.46383700e+01 1.49583100e+03 9.13513900e+01 1.93923900e+03 9.69740200e+01 2.25782000e+03 2.38556600e+02 5.66940200e+03 4.47461700e-01 7.44818100e-01 4.67855700e-01 6.61294600e-01 4.67615100e-01 6.19306700e-01 4.63462100e-01 5.89559300e-01 2.97625800e-01 3.07297000e-01 3.29446000e+01 1.11064100e+02 3.84306000e+01 1.12940500e+01 3.96541200e+02 2.27346400e+01 1.15180300e+04 7.06541900e+02 4.45761800e-03 1.96545900e+00 3.39056000e+00 5.64006800e+00 1.19486000e+04 5.36047600e+00
3.61783500e-01 6.33379700e+03 2.24323200e-02 1.20449600e-01 1.04114800e+00 4.57408600e-02 3.17433900e+00 3.02658200e+00 9.65997600e-01 9.99867400e-01 2.70824600e+02 5.92136500e+01 1.08996200e+02 4.05650100e+01 3.38157000e+00 5.80250900e-01 7.57305300e-01 2.52806200e-01 2.66783700e+00 1.26209900e+00 1.14466000e+00 9.52740200e-01 9.53045700e-01 9.96844200e-01 9.98681700e-01 9.93709900e-01 9.99757700e-01 6.88189700e+01 6.96947700e-01 3.03052300e-01 1.43527100e-01 9.87738700e-02 8.01898900e-01 8.05968000e-01 4.41446900e-01 5.94975400e-01 9.66641800e-01 1.00659300e+02 2.40317100e+00 6.79168700e+00 2.06266100e+00 1.88233900e+00 1.23053700e+03 5.75478900e+03 2.53054200e+03 8.10913000e+02 2.27761300e+02 9.65997600e-01 2.47121100e-01 2.48453900e-01 2.61818700e+00 1.36544500e+01 1.09000500e+03 1.43633400e+02 1.04124300e+00 1.37944200e+01 1.06020000e+03 1.46266700e+02 1.41299200e-01 1.61178400e-01 3.35659600e+03 1.03325900e-02 8.21985700e-01 4.53877600e-01 7.40531700e+01 6.30573600e+02 8.41052500e+01 1.50588200e+03 9.07956300e+01 1.95205300e+03 9.63982800e+01 2.27255900e+03 2.37370300e+02 5.70252800e+03 4.46657600e-01 7.41831300e-01 4.66670800e-01 6.58492000e-01 4.66269200e-01 6.16619400e-01 4.62020900e-01 5.86962200e-01 2.96269700e-01 3.05826800e-01 3.80191900e+01 1.08304900e+02 3.60856400e+01 1.10413500e+01 3.96019100e+02 2.32908200e+01 1.15198500e+04 7.06561100e+02 1.20700500e-03 1.81943000e+00 3.41164300e+00 5.60223800e+00 1.19502000e+04 5.23228000e+00
1.08011100e+00 6.32758300e+03 2.23372500e-02 1.19801400e-01 1.04063700e+00 5.74491800e-02 3.15870100e+00 3.05159200e+00 9.70364100e-01 1.00025700e+00 2.23805900e+02 4.67686700e+01 1.18331900e+02 3.86242000e+01 6.20022100e+00 8.61878100e-01 4.07897800e-01 6.02876900e-01 2.06962300e-01 9.75313200e-01 1.03103300e+00 8.99832300e-01 1.05849600e+00 9.97624100e-01 9.98977700e-01 9.99969000e-01 9.93230600e-01 6.86138900e+01 6.96712200e-01 3.03287800e-01 1.42783800e-01 9.79695400e-02 8.11645300e-01 8.16080700e-01 4.46985800e-01 6.02323800e-01 9.79851500e-01 1.00599900e+02 2.42329600e+00 8.01544200e+00 2.11489900e+00 1.88534100e+00 1.22460100e+03 5.74401000e+03 2.53948400e+03 8.15231400e+02 2.29400800e+02 9.70364100e-01 2.46879200e-01 2.48211100e-01 2.63069800e+00 1.36922700e+01 1.09005400e+03 1.43947600e+02 1.04074900e+00 1.38311500e+01 1.05993300e+03 1.46617400e+02 1.40911800e-01 1.61192200e-01 3.34603700e+03 1.02894600e-02 8.23238800e-01 4.54590300e-01 7.38364100e+01 6.32441700e+02 8.38654000e+01 1.51028700e+03 9.05400500e+01 1.95772500e+03 9.61293500e+01 2.27913200e+03 2.36747500e+02 5.71835500e+03 4.52246700e-01 7.50824600e-01 4.72451500e-01 6.66449800e-01 4.72017400e-01 6.24060800e-01 4.67698500e-01 5.94039300e-01 2.99838800e-01 3.09496500e-01 2.94269400e+01 1.07291200e+02 3.35217300e+01 8.85016900e+00 3.96704800e+02 2.28162700e+01 1.15127400e+04 7.06564700e+02 4.87191700e-04 1.81943000e+00 3.45253200e+00 2.21698900e+00 1.19411100e+04 5.27244900e+00
3.79958800e-01 6.33170900e+03 2.21710600e-02 1.19162800e-01 1.04052000e+00 5.34303300e-02 3.12399600e+00 3.03156900e+00 9.70873100e-01 9.97640700e-01 2.12546500e+02 3.70405100e+01 1.09661200e+02 3.73548500e+01 6.66013400e+00 6.39103700e-01 6.48072100e-01 5.89182800e-02 8.62081700e-01 1.06462300e+00 9.82556100e-01 1.14979800e+00 1.19736400e+00 9.97041100e-01 1.00265000e+00 9.93362200e-01 9.90879800e-01 6.82586700e+01 6.95274600e-01 3.04725400e-01 1.41979000e-01 9.69129900e-02 8.03216200e-01 8.09517300e-01 4.43390900e-01 5.96773600e-01 9.72195400e-01 1.00438000e+02 2.39927000e+00 7.63092000e+00 2.07297400e+00 1.86288000e+00 1.20649200e+03 5.66504300e+03 2.51408700e+03 8.07611100e+02 2.27067900e+02 9.70873100e-01 2.46353000e-01 2.47683000e-01 2.65073100e+00 1.37449800e+01 1.09017700e+03 1.44410000e+02 1.04067800e+00 1.38765200e+01 1.05947500e+03 1.47143200e+02 1.40360500e-01 1.61296300e-01 3.34243100e+03 1.02547600e-02 8.23323800e-01 4.54757800e-01 7.34813100e+01 6.35599500e+02 8.34995700e+01 1.51748800e+03 9.01649100e+01 1.96683700e+03 9.57454100e+01 2.28955700e+03 2.36033600e+02 5.74054200e+03 4.48470300e-01 7.42887800e-01 4.68154900e-01 6.59251100e-01 4.67559900e-01 6.17256000e-01 4.63172400e-01 5.87522200e-01 2.96498800e-01 3.05981600e-01 2.93991300e+01 1.07845300e+02 3.28733800e+01 1.09155400e+01 3.95892900e+02 2.21214400e+01 1.15154600e+04 7.06588900e+02 9.00873400e-05 1.67729600e+00 3.51156100e+00 7.25201400e+00 1.19443900e+04 5.18894800e+00
9.34482900e-01 6.33531200e+03 2.23344900e-02 1.20865700e-01 1.04008800e+00 6.65254100e-02 3.16891900e+00 3.06202500e+00 9.73564500e-01 9.98850600e-01 2.64886200e+02 4.95010500e+01 8.28031200e+01 5.56380200e+01 5.29380200e+00 7.10996300e-01 8.45732100e-01 4.23643300e-01 5.62357700e-01 1.19732700e+00 1.33844700e+00 7.97605300e-01 9.50235000e-01 9.95840300e-01 1.00009300e+00 9.99596900e-01 9.90674100e-01 6.81671100e+01 6.90439100e-01 3.09560900e-01 1.43845400e-01 9.80552400e-02 8.19671300e-01 8.32630100e-01 4.56050300e-01 6.11401100e-01 9.92778300e-01 9.97232700e+01 2.43990600e+00 8.92791700e+00 2.13707900e+00 1.87084300e+00 1.20673500e+03 5.65977200e+03 2.51772200e+03 8.09742000e+02 2.28301300e+02 9.73564500e-01 2.47012600e-01 2.48345000e-01 2.63476500e+00 1.37029000e+01 1.09015900e+03 1.43628200e+02 1.04019700e+00 1.38077800e+01 1.06000900e+03 1.46292400e+02 1.41216300e-01 1.61117000e-01 3.36648400e+03 1.03593100e-02 8.19072200e-01 4.52406000e-01 7.34613600e+01 6.36121400e+02 8.36057100e+01 1.51756700e+03 9.03474400e+01 1.96617500e+03 9.59883700e+01 2.28816000e+03 2.37423700e+02 5.72353700e+03 4.60846100e-01 7.57614800e-01 4.79833500e-01 6.71777700e-01 4.78644200e-01 6.28759000e-01 4.73769200e-01 5.98331100e-01 3.01748500e-01 3.11181400e-01 3.36066100e+01 1.05840600e+02 3.53803900e+01 9.00931800e+00 4.00208900e+02 2.20252400e+01 1.15172800e+04 7.06695200e+02 2.49045100e-02 1.27934900e+00 4.40031000e+00 9.70447000e+00 1.19485200e+04 5.70456300e+00
6.87315500e-01 6.33016500e+03 2.22656700e-02 1.23050600e-01 1.03984400e+00 5.86519100e-02 3.21466400e+00 3.05287300e+00 9.68197100e-01 9.97901400e-01 2.34815000e+02 4.58079100e+01 1.03988900e+02 4.14690600e+01 6.29351600e+00 6.44760700e-01 7.60443400e-01 2.22669500e-01 1.66242800e+00 9.70267200e-01 9.16683500e-01 9.36040700e-01 9.08652800e-01 9.97530700e-01 1.00030700e+00 9.96723700e-01 9.96886100e-01 6.77899200e+01 6.82380000e-01 3.17620000e-01 1.45961400e-01 9.89471100e-02 8.20127000e-01 8.43867700e-01 4.62205400e-01 6.15684300e-01 9.96090000e-01 9.86885700e+01 2.45381100e+00 8.21380600e+00 2.11761000e+00 1.88322300e+00 1.22060500e+03 5.68007400e+03 2.52088700e+03 8.07737900e+02 2.27088000e+02 9.68197100e-01 2.47585700e-01 2.48920200e-01 2.66395300e+00 1.36797200e+01 1.09048500e+03 1.42906400e+02 1.03992500e+00 1.37419900e+01 1.06004700e+03 1.45580000e+02 1.41751300e-01 1.61277200e-01 3.39572400e+03 1.04807700e-02 8.13455700e-01 4.49520700e-01 7.31879800e+01 6.39077900e+02 8.35060400e+01 1.52269000e+03 9.03507100e+01 1.97155500e+03 9.60719300e+01 2.29339300e+03 2.38913000e+02 5.71471700e+03 4.66318300e-01 7.57229600e-01 4.83481600e-01 6.70553400e-01 4.81333200e-01 6.27248000e-01 4.75804900e-01 5.96667400e-01 3.00581200e-01 3.09631400e-01 3.27223000e+01 1.05668900e+02 3.37296700e+01 9.36189400e+00 3.97285200e+02 2.31376600e+01 1.15124800e+04 7.06957000e+02 1.36513700e-01 7.68898900e-01 6.83572600e+00 3.36371700e+00 1.19422700e+04 7.74113900e+00
5.77712800e-01 6.33455700e+03 2.23533400e-02 1.24627200e-01 1.04002300e+00 5.83495900e-02 3.29800400e+00 3.06467700e+00 9.71201200e-01 1.00394400e+00 2.37640700e+02 3.20450300e+01 1.05981600e+02 4.64496700e+01 7.73768000e+00 6.27790200e-01 7.38909600e-01 4.05324300e-02 3.34518600e+00 1.01357900e+00 1.08814500e+00 8.26632200e-01 9.19513100e-01 9.97175900e-01 9.98123200e-01 1.00043300e+00 9.89534200e-01 6.83355700e+01 6.83868100e-01 3.16131900e-01 1.47625700e-01 1.00880900e-01 8.28424900e-01 8.50406700e-01 4.65787000e-01 6.21184000e-01 1.00214300e+00 9.88694800e+01 2.46221800e+00 8.20159900e+00 2.14275400e+00 1.90673600e+00 1.22760500e+03 5.72712100e+03 2.54477600e+03 8.14861600e+02 2.28978100e+02 9.71201200e-01 2.48703000e-01 2.50041500e-01 2.67579900e+00 1.35883700e+01 1.09058600e+03 1.42051000e+02 1.04005100e+00 1.36580700e+01 1.06042900e+03 1.44682300e+02 1.42471800e-01 1.61447600e-01 3.39744700e+03 1.05432800e-02 8.13600700e-01 4.49537700e-01 7.37536700e+01 6.34069100e+02 8.41119300e+01 1.51111100e+03 9.09855900e+01 1.95679400e+03 9.67321300e+01 2.27641100e+03 2.40317200e+02 5.67640000e+03 4.70051200e-01 7.65040000e-01 4.87731500e-01 6.77631800e-01 4.85739800e-01 6.33935700e-01 4.80276300e-01 6.03070100e-01 3.03853500e-01 3.13073800e-01 3.16553600e+01 1.10622800e+02 3.45993100e+01 9.76550900e+00 3.97183200e+02 2.25521100e+01 1.15144200e+04 7.06900900e+02 1.10350700e-01 8.20176000e-01 6.31032900e+00 1.10567000e+01 1.19439200e+04 7.24085600e+00
8.20897900e-01 6.32919100e+03 2.25813200e-02 1.22829900e-01 1.04036200e+00 5.11800800e-02 3.26043600e+00 3.04393400e+00 9.73861200e-01 1.00061800e+00 2.70632600e+02 4.14901700e+01 1.02465000e+02 3.75287500e+01 2.29735700e+00 4.90941200e-01 7.71252300e-01 2.76022100e-01 5.99156700e+00 1.14564800e+00 1.07937400e+00 1.03293500e+00 9.56452200e-01 9.96113600e-01 1.00067100e+00 9.91396600e-01 9.92857100e-01 6.88372800e+01 6.91771300e-01 3.08228700e-01 1.46056400e-01 1.00541200e-01 8.15444300e-01 8.26552100e-01 4.52721300e-01 6.07592800e-01 9.82839200e-01 9.98611600e+01 2.41817200e+00 7.38067600e+00 2.09876400e+00 1.89456300e+00 1.21652800e+03 5.72839500e+03 2.53996500e+03 8.16113100e+02 2.29759300e+02 9.73861200e-01 2.48301500e-01 2.49638500e-01 2.62060400e+00 1.35860500e+01 1.09010700e+03 1.42505100e+02 1.04038700e+00 1.36973200e+01 1.06081000e+03 1.45068400e+02 1.42372000e-01 1.61097800e-01 3.37764300e+03 1.04562500e-02 8.18022000e-01 4.51681800e-01 7.41602600e+01 6.30032200e+02 8.43657400e+01 1.50335500e+03 9.11501400e+01 1.94796700e+03 9.68277400e+01 2.26713900e+03 2.39283600e+02 5.67457900e+03 4.57593000e-01 7.53838200e-01 4.76777700e-01 6.68571800e-01 4.75750500e-01 6.25817400e-01 4.71007100e-01 5.95568200e-01 3.00390600e-01 3.09850100e-01 3.19317300e+01 1.07209300e+02 3.24445900e+01 9.30166400e+00 3.95773200e+02 2.21160200e+01 1.15139100e+04 7.06662100e+02 1.70473700e-02 1.34256300e+00 4.23378100e+00 5.02799800e+00 1.19411000e+04 5.59339200e+00
1.21586600e+00 6.33209100e+03 2.23395500e-02 1.18044400e-01 1.04094300e+00 5.91199000e-02 2.98671200e+00 3.05669600e+00 9.62027400e-01 1.00462900e+00 2.56884500e+02 5.02565500e+01 8.79423200e+01 5.23663700e+01 8.01470600e+00 8.09179600e-01 7.56896700e-01 7.87735800e-01 9.75988800e-02 1.05518000e+00 7.71618200e-01 8.11541300e-01 1.02872900e+00 1.00005000e+00 1.00004500e+00 1.00133200e+00 9.91685800e-01 6.73321500e+01 6.88925900e-01 3.11074100e-01 1.41029100e-01 9.49579500e-02 8.10655000e-01 8.25481500e-01 4.52134900e-01 6.05413400e-01 9.87926900e-01 9.96162500e+01 2.45784100e+00 8.13140900e+00 2.12572000e+00 1.88866600e+00 1.24750400e+03 5.79632600e+03 2.55366600e+03 8.21386100e+02 2.32145700e+02 9.62027400e-01 2.44586300e-01 2.45909900e-01 2.57067600e+00 1.38538600e+01 1.08972900e+03 1.45261800e+02 1.04116500e+00 1.39518600e+01 1.05966600e+03 1.47947500e+02 1.40173800e-01 1.60639000e-01 3.38165400e+03 1.02800200e-02 8.16866600e-01 4.51267200e-01 7.25861500e+01 6.43901600e+02 8.26492100e+01 1.53576100e+03 8.93346100e+01 1.98950800e+03 9.49273200e+01 2.31511700e+03 2.35040100e+02 5.78675700e+03 4.56772500e-01 7.49133300e-01 4.75214800e-01 6.64095500e-01 4.73861400e-01 6.21502100e-01 4.68919300e-01 5.91384300e-01 2.98205700e-01 3.07449200e-01 2.99164700e+01 1.04886100e+02 3.08415100e+01 8.44174000e+00 3.97315200e+02 2.40537100e+01 1.15147300e+04 7.06736400e+02 3.17324700e-02 1.21731700e+00 4.46305900e+00 7.19646300e+00 1.19445400e+04 5.71210900e+00
1.27499300e+00 6.33479100e+03 2.24352200e-02 1.17199600e-01 1.04118900e+00 6.06510100e-02 2.92921100e+00 3.05838400e+00 9.60046900e-01 1.00518100e+00 2.30727800e+02 3.77607900e+01 6.54015000e+01 6.62036100e+01 5.75788600e+00 8.46344800e-01 6.39648600e-01 3.95860000e-01 1.46865500e+00 9.43308900e-01 1.01737100e+00 6.64522500e-01 9.65275100e-01 9.97191800e-01 1.00178100e+00 9.91376200e-01 9.82343600e-01 6.71197500e+01 6.88616900e-01 3.11383100e-01 1.40280000e-01 9.41555900e-02 8.09429000e-01 8.24642400e-01 4.51675300e-01 6.04647900e-01 9.87992400e-01 9.95808000e+01 2.46430800e+00 8.23822000e+00 2.12931200e+00 1.88607300e+00 1.25269200e+03 5.81298600e+03 2.55523700e+03 8.23087900e+02 2.33144300e+02 9.60046900e-01 2.43845500e-01 2.45166300e-01 2.53322100e+00 1.38940600e+01 1.08947800e+03 1.45703900e+02 1.04143800e+00 1.39906400e+01 1.05978000e+03 1.48362900e+02 1.40034600e-01 1.60353000e-01 3.38998900e+03 1.02651800e-02 8.15780000e-01 4.50633200e-01 7.23599000e+01 6.45939100e+02 8.24002400e+01 1.54054000e+03 8.90700300e+01 1.99564600e+03 9.46494400e+01 2.32221700e+03 2.34404500e+02 5.80358300e+03 4.56300300e-01 7.47968100e-01 4.74641300e-01 6.63027600e-01 4.73251300e-01 6.20488200e-01 4.68290400e-01 5.90410700e-01 2.97707800e-01 3.06917400e-01 2.92789400e+01 1.06253000e+02 3.30942000e+01 8.33792000e+00 3.97871800e+02 2.44284500e+01 1.15153100e+04 7.06745200e+02 3.46251000e-02 1.21731700e+00 4.52642200e+00 1.11115400e+01 1.19459500e+04 5.77836400e+00
4.45447400e-01 6.33572100e+03 2.25676200e-02 1.13792700e-01 1.04209800e+00 4.90790900e-02 2.75762700e+00 3.01775000e+00 9.59209000e-01 1.00013400e+00 2.44734400e+02 3.25143800e+01 9.93205800e+01 4.49161500e+01 1.97296000e+00 9.48651800e-01 1.36048700e-01 8.30156000e-01 4.79562800e+00 1.00657500e+00 9.54137800e-01 7.01054800e-01 9.10668300e-01 9.98262000e-01 9.99642700e-01 9.98640600e-01 9.86814100e-01 6.67095900e+01 6.92134400e-01 3.07865600e-01 1.37005400e-01 9.13957700e-02 7.86657100e-01 7.96902900e-01 4.36481700e-01 5.85970500e-01 9.63144100e-01 1.00098900e+02 2.40933000e+00 6.97479200e+00 2.04452300e+00 1.85337100e+00 1.23463700e+03 5.76781900e+03 2.53501200e+03 8.21651900e+02 2.33803300e+02 9.59209000e-01 2.41528100e-01 2.42840500e-01 2.45146000e+00 1.40237500e+01 1.08884700e+03 1.47413000e+02 1.04245000e+00 1.41410100e+01 1.05970400e+03 1.50051700e+02 1.39057600e-01 1.59762400e-01 3.38981400e+03 1.01438400e-02 8.16759200e-01 4.51063300e-01 7.18654700e+01 6.50120900e+02 8.17448100e+01 1.55138800e+03 8.83130000e+01 2.01026900e+03 9.38099400e+01 2.33970200e+03 2.31762000e+02 5.85733600e+03 4.41239700e-01 7.27272700e-01 4.59845100e-01 6.45065000e-01 4.58904800e-01 6.03837400e-01 4.54363200e-01 5.74665800e-01 2.89927300e-01 2.99038500e-01 2.45489200e+01 1.05039300e+02 3.05402400e+01 1.05328900e+01 3.95663600e+02 2.38014000e+01 1.15255400e+04 7.06653500e+02 5.97558900e-03 1.53969800e+00 3.72106700e+00 3.98274900e+00 1.19555400e+04 5.26674100e+00
1.00363900e+00 6.32963300e+03 2.26720500e-02 1.20710000e-01 1.04111300e+00 5.49801900e-02 3.16311300e+00 3.04939800e+00 9.71488100e-01 1.00104800e+00 2.59523400e+02 3.11945800e+01 1.02982000e+02 3.96365700e+01 2.50580100e-01 6.42437500e-01 3.27486200e-01 1.88520300e-01 7.11866100e+00 1.26167300e+00 1.16376500e+00 9.28682800e-01 9.78162200e-01 9.96915500e-01 1.00115000e+00 1.00241600e+00 9.90880800e-01 6.87823500e+01 6.95567900e-01 3.04432100e-01 1.44027200e-01 9.90652900e-02 8.12990500e-01 8.18973900e-01 4.48570500e-01 6.03890300e-01 9.80272800e-01 1.00415400e+02 2.42281600e+00 7.71026600e+00 2.11026400e+00 1.89052200e+00 1.22467000e+03 5.76113800e+03 2.54513000e+03 8.19403000e+02 2.31357100e+02 9.71488100e-01 2.47062300e-01 2.48394900e-01 2.57129600e+00 1.36441600e+01 1.08971800e+03 1.43441300e+02 1.04118700e+00 1.37767100e+01 1.06077200e+03 1.45990000e+02 1.41818700e-01 1.60794400e-01 3.37334700e+03 1.03764400e-02 8.19564400e-01 4.52433700e-01 7.40390000e+01 6.30791600e+02 8.41256800e+01 1.50607700e+03 9.08369800e+01 1.95209100e+03 9.64561600e+01 2.27242900e+03 2.37738400e+02 5.69839200e+03 4.53730400e-01 7.51954300e-01 4.73715400e-01 6.67325500e-01 4.73145700e-01 6.24827700e-01 4.68727300e-01 5.94736200e-01 3.00137200e-01 3.09755600e-01 2.79057400e+01 1.08384100e+02 3.23227000e+01 8.97811500e+00 3.96076600e+02 2.25933000e+01 1.15137100e+04 7.06583600e+02 2.43541000e-04 1.67729600e+00 3.57720100e+00 6.06464900e+00 1.19413600e+04 5.25474100e+00
9.14153800e-01 6.32934100e+03 2.26556200e-02 1.18054200e-01 1.04119000e+00 5.55123700e-02 3.02604100e+00 3.04224500e+00 9.66134700e-01 1.00066500e+00 2.33584100e+02 3.51696400e+01 8.31090100e+01 4.77629500e+01 3.39911200e+00 5.89059400e-01 7.32613800e-01 5.79815500e-01 6.37172900e+00 8.35707000e-01 1.09542300e+00 9.42745800e-01 1.03682500e+00 9.97253900e-01 1.00300700e+00 1.00378200e+00 9.90928200e-01 6.81341600e+01 6.95504100e-01 3.04495900e-01 1.41355000e-01 9.63110400e-02 8.03770400e-01 8.09770800e-01 4.43529700e-01 5.97072900e-01 9.73754800e-01 1.00424000e+02 2.42217800e+00 7.70721400e+00 2.09522400e+00 1.87505100e+00 1.23088500e+03 5.76966700e+03 2.53706200e+03 8.17963300e+02 2.31446300e+02 9.66134700e-01 2.45232100e-01 2.46558100e-01 2.52788100e+00 1.37732700e+01 1.08937800e+03 1.44817100e+02 1.04135300e+00 1.39066200e+01 1.06042900e+03 1.47391600e+02 1.40843200e-01 1.60395500e-01 3.37155800e+03 1.02765700e-02 8.19798400e-01 4.52566500e-01 7.33411700e+01 6.36798900e+02 8.33347600e+01 1.52040200e+03 8.99840100e+01 1.97064700e+03 9.55511800e+01 2.29401900e+03 2.35520000e+02 5.75232300e+03 4.48648400e-01 7.43421500e-01 4.68393700e-01 6.59748300e-01 4.67823200e-01 6.17731300e-01 4.63449800e-01 5.87980800e-01 2.96744100e-01 3.06239700e-01 2.93560900e+01 1.06812200e+02 3.16434300e+01 9.16378100e+00 3.96160200e+02 2.32460900e+01 1.15122200e+04 7.06584700e+02 1.93304500e-04 1.67729600e+00 3.55890200e+00 6.06931400e+00 1.19407900e+04 5.23639200e+00
1.28226300e+00 6.33261900e+03 2.23823100e-02 1.14781500e-01 1.04137800e+00 7.46930800e-02 2.90586500e+00 3.07102700e+00 9.69126800e-01 1.00174300e+00 2.05006200e+02 3.64071400e+01 1.15551800e+02 3.41878600e+01 6.65463700e+00 7.84770000e-01 5.20372300e-01 8.39048600e-01 3.40861800e+00 1.15215400e+00 9.55411600e-01 1.01542600e+00 1.16837800e+00 9.97402000e-01 1.00053100e+00 1.00081000e+00 9.84035600e-01 6.77313200e+01 6.99601100e-01 3.00398900e-01 1.37808900e-01 9.33398200e-02 8.09871900e-01 8.10410100e-01 4.43879900e-01 5.99571400e-01 9.84060000e-01 1.01057800e+02 2.44100700e+00 9.51995800e+00 2.15640400e+00 1.85717300e+00 1.22133900e+03 5.72503100e+03 2.53178700e+03 8.18650900e+02 2.32329100e+02 9.69126800e-01 2.43506400e-01 2.44826000e-01 2.53475000e+00 1.39075800e+01 1.08930700e+03 1.46511700e+02 1.04166100e+00 1.40652000e+01 1.05947500e+03 1.49203900e+02 1.39211100e-01 1.60446400e-01 3.34061900e+03 1.00996200e-02 8.24757700e-01 4.55360100e-01 7.28426100e+01 6.40857400e+02 8.26591000e+01 1.53109700e+03 8.91967500e+01 1.98517000e+03 9.46734300e+01 2.31146900e+03 2.32681100e+02 5.80789300e+03 4.49358300e-01 7.49484200e-01 4.70177800e-01 6.65593700e-01 4.70096300e-01 6.23399100e-01 4.66028100e-01 5.93496800e-01 2.99722300e-01 3.09492000e-01 2.61128900e+01 1.07137200e+02 2.95864000e+01 8.54507100e+00 4.04390000e+02 2.26611300e+01 1.15110800e+04 7.06526700e+02 1.40080100e-02 2.11648900e+00 3.37143400e+00 6.53231400e+00 1.19466800e+04 5.50193100e+00
1.17439600e+00 6.33362100e+03 2.24676100e-02 1.18139900e-01 1.04104000e+00 7.45448100e-02 3.05969100e+00 3.07968600e+00 9.71327700e-01 1.00021900e+00 2.35089500e+02 3.76086400e+01 1.04742000e+02 3.20187100e+01 6.05761600e+00 7.91278100e-01 3.98185400e-01 9.26906200e-01 5.69891300e+00 1.25946200e+00 1.09255000e+00 1.12290500e+00 1.33249600e+00 9.98595000e-01 1.00114600e+00 9.85832600e-01 9.90205200e-01 6.82916300e+01 6.97126100e-01 3.02873900e-01 1.41252700e-01 9.64637500e-02 8.20512000e-01 8.24432700e-01 4.51560400e-01 6.08695900e-01 9.92890200e-01 1.00666100e+02 2.45434500e+00 9.57489000e+00 2.17515700e+00 1.87388000e+00 1.22311400e+03 5.72937900e+03 2.53528800e+03 8.17285500e+02 2.31301900e+02 9.71327700e-01 2.45615700e-01 2.46943000e-01 2.57235100e+00 1.37617300e+01 1.08964900e+03 1.44769800e+02 1.04121100e+00 1.39039900e+01 1.06004700e+03 1.47406200e+02 1.40555300e-01 1.60754500e-01 3.35390900e+03 1.02459200e-02 8.22406500e-01 4.54065000e-01 7.34872800e+01 6.35413400e+02 8.34566100e+01 1.51749400e+03 9.00922600e+01 1.96714000e+03 9.56492400e+01 2.29015300e+03 2.35489200e+02 5.74730400e+03 4.56892100e-01 7.59075100e-01 4.77423400e-01 6.73826800e-01 4.77040700e-01 6.30991200e-01 4.72713100e-01 6.00650400e-01 3.03207900e-01 3.12987300e-01 2.84059000e+01 1.04549200e+02 3.05587700e+01 8.68911000e+00 4.04556000e+02 2.29053700e+01 1.15088300e+04 7.06558400e+02 1.39327400e-03 1.81943000e+00 3.41713600e+00 1.04657200e+01 1.19449800e+04 5.23795900e+00
6.88211700e-01 6.32848200e+03 2.21367900e-02 1.18024900e-01 1.04127700e+00 4.98459300e-02 2.94775400e+00 3.02547400e+00 9.66807400e-01 9.99008600e-01 2.54423700e+02 3.05600900e+01 9.58234700e+01 3.71743000e+01 2.28567800e+00 6.05843800e-01 3.41007800e-01 4.21499800e-01 7.97658200e+00 9.54572200e-01 7.71226700e-01 9.98640800e-01 1.14743500e+00 9.98208300e-01 1.00117600e+00 9.96187200e-01 9.92855300e-01 6.68304400e+01 6.84735600e-01 3.15264400e-01 1.40806800e-01 9.41018200e-02 8.01710200e-01 8.21853200e-01 4.50147600e-01 6.00739400e-01 9.80686600e-01 9.91629600e+01 2.41742500e+00 7.22808800e+00 2.06037600e+00 1.86488000e+00 1.21343600e+03 5.67028300e+03 2.52887700e+03 8.16281300e+02 2.30837400e+02 9.66807400e-01 2.43974800e-01 2.45296100e-01 2.59557200e+00 1.39055200e+01 1.08994700e+03 1.45621700e+02 1.04154500e+00 1.39813100e+01 1.05917000e+03 1.48379900e+02 1.39718300e-01 1.60823200e-01 3.39419600e+03 1.02909000e-02 8.14283700e-01 4.50076800e-01 7.21118200e+01 6.48444700e+02 8.22179500e+01 1.54557400e+03 8.89255700e+01 2.00155200e+03 9.45338800e+01 2.32858700e+03 2.34725900e+02 5.80879400e+03 4.54405100e-01 7.40456700e-01 4.71709300e-01 6.55954600e-01 4.69882200e-01 6.13697500e-01 4.64662600e-01 5.83843100e-01 2.94244000e-01 3.03182700e-01 2.72504000e+01 1.05068700e+02 3.02098600e+01 9.44662900e+00 3.95718500e+02 2.24722300e+01 1.15122700e+04 7.06869700e+02 7.28132800e-02 9.81866700e-01 5.25297400e+00 3.87889300e+00 1.19399100e+04 6.30765400e+00
6.94532600e-01 6.32890800e+03 2.21393700e-02 1.15783100e-01 1.04148500e+00 5.05543900e-02 2.84942900e+00 3.02113900e+00 9.63827200e-01 9.97919200e-01 2.33965300e+02 3.43984300e+01 1.05502300e+02 3.68962700e+01 2.05775000e+00 6.46607000e-01 3.35339000e-01 2.62716900e-01 4.02121700e+00 1.04646900e+00 9.00711300e-01 1.03733500e+00 1.17032800e+00 9.97494000e-01 1.00358600e+00 9.96496300e-01 9.91628900e-01 6.65411400e+01 6.87045400e-01 3.12954600e-01 1.38567600e-01 9.22044900e-02 7.94754200e-01 8.11732500e-01 4.44604200e-01 5.94433400e-01 9.74288900e-01 9.94788500e+01 2.41257700e+00 7.25555400e+00 2.05146500e+00 1.85418500e+00 1.21728300e+03 5.68299100e+03 2.52598100e+03 8.16493900e+02 2.31303500e+02 9.63827200e-01 2.42630900e-01 2.43947300e-01 2.56057400e+00 1.39948200e+01 1.08964300e+03 1.46726000e+02 1.04182300e+00 1.40835800e+01 1.05894100e+03 1.49499800e+02 1.38943400e-01 1.60545800e-01 3.38524900e+03 1.01949100e-02 8.15981800e-01 4.50964700e-01 7.17636300e+01 6.51420100e+02 8.17612100e+01 1.55323300e+03 8.84002500e+01 2.01184000e+03 9.39528600e+01 2.34085900e+03 2.32922100e+02 5.84584400e+03 4.49016200e-01 7.34259000e-01 4.66685500e-01 6.50712900e-01 4.65142800e-01 6.08896600e-01 4.60150800e-01 5.79339700e-01 2.92078100e-01 3.01041100e-01 2.61976400e+01 1.06230400e+02 3.04610400e+01 9.50535300e+00 3.95724200e+02 2.29498000e+01 1.15098100e+04 7.06792700e+02 4.17719700e-02 1.15641700e+00 4.56505800e+00 7.27591900e+00 1.19379800e+04 5.76324600e+00
1.52738700e-01 6.33312800e+03 2.20786400e-02 1.14824600e-01 1.04152500e+00 4.89402000e-02 2.84803300e+00 3.01404900e+00 9.67070500e-01 9.99583600e-01 2.06026600e+02 2.63825100e+01 1.01797700e+02 3.51691400e+01 1.84447600e+00 4.92927000e-01 6.68667000e-01 3.27502900e-01 7.64940200e+00 1.01932600e+00 1.00542100e+00 1.04964300e+00 1.01281100e+00 9.96923600e-01 1.00083000e+00 9.93786200e-01 9.91680900e-01 6.68304400e+01 6.92031100e-01 3.07968900e-01 1.37548400e-01 9.19242200e-02 7.89941400e-01 8.00364300e-01 4.38377600e-01 5.88466300e-01 9.66290500e-01 1.00141400e+02 2.38861300e+00 7.08465600e+00 2.03697100e+00 1.84703900e+00 1.20623200e+03 5.66214800e+03 2.52208100e+03 8.15940300e+02 2.31025400e+02 9.67070500e-01 2.42587000e-01 2.43903200e-01 2.57146600e+00 1.39969100e+01 1.08963300e+03 1.47040500e+02 1.04187600e+00 1.41130600e+01 1.05871200e+03 1.49844000e+02 1.38551900e-01 1.60663200e-01 3.36087200e+03 1.01205500e-02 8.20260500e-01 4.53246400e-01 7.19985000e+01 6.48926500e+02 8.18985700e+01 1.54851500e+03 8.84803900e+01 2.00653200e+03 9.39886700e+01 2.33533900e+03 2.32218900e+02 5.84614600e+03 4.43137100e-01 7.30299800e-01 4.61799200e-01 6.47739600e-01 4.60843900e-01 6.06336600e-01 4.56275800e-01 5.77041600e-01 2.91117600e-01 3.00266100e-01 2.58534900e+01 1.06550400e+02 2.98358800e+01 1.26711400e+01 3.95726400e+02 2.19429900e+01 1.15210400e+04 7.06655900e+02 4.51306000e-03 1.53969800e+00 3.62411300e+00 3.04603200e+00 1.19513900e+04 5.16832400e+00
9.00535500e-01 6.33268700e+03 2.17915700e-02 1.16159200e-01 1.04084700e+00 4.90856300e-02 2.83342200e+00 3.02350700e+00 9.58102100e-01 1.00054200e+00 1.93193800e+02 2.91004700e+01 1.12157700e+02 3.74522500e+01 6.25675000e+00 7.74302300e-01 4.07998000e-01 2.24044500e-01 2.01994900e+00 1.02303900e+00 1.00006500e+00 9.95707300e-01 1.12155500e+00 9.97762200e-01 1.00140800e+00 9.90485800e-01 9.98240200e-01 6.57318100e+01 6.79226000e-01 3.20774000e-01 1.38595900e-01 9.11016000e-02 7.96705300e-01 8.23828200e-01 4.51229300e-01 5.99580500e-01 9.82674900e-01 9.85180900e+01 2.43774100e+00 7.17620800e+00 2.05632900e+00 1.86404900e+00 1.23337000e+03 5.70103600e+03 2.53395800e+03 8.15703100e+02 2.30314200e+02 9.58102100e-01 2.42242400e-01 2.43557400e-01 2.62055400e+00 1.40690000e+01 1.09010800e+03 1.46980700e+02 1.04123000e+00 1.41160600e+01 1.05814000e+03 1.49878900e+02 1.38349700e-01 1.60863700e-01 3.39343500e+03 1.02082700e-02 8.13038600e-01 4.49670600e-01 7.10137600e+01 6.58880200e+02 8.11057300e+01 1.56909200e+03 8.77956700e+01 2.03112900e+03 9.33853200e+01 2.36227900e+03 2.32713400e+02 5.87765400e+03 4.55020700e-01 7.35306000e-01 4.70998400e-01 6.50817000e-01 4.68551100e-01 6.08654400e-01 4.62937000e-01 5.78899700e-01 2.91563800e-01 3.00184000e-01 2.55902100e+01 1.07032900e+02 3.07039900e+01 8.69089500e+00 3.95695700e+02 2.39282600e+01 1.15191000e+04 7.07087600e+02 1.60783200e-01 6.71532900e-01 6.92005000e+00 3.12339000e+00 1.19474100e+04 7.75236600e+00
5.22758400e-01 6.33298200e+03 2.23265000e-02 1.21646300e-01 1.03992000e+00 4.39467200e-02 3.19792700e+00 3.02624300e+00 9.68636200e-01 1.00143200e+00 2.46961900e+02 4.54747700e+01 9.12745000e+01 4.67015800e+01 5.30176600e-01 5.05309600e-01 7.29569500e-01 6.97726100e-01 8.83187100e+00 1.16857000e+00 8.73733100e-01 8.58869000e-01 7.53085300e-01 9.97907100e-01 1.00171700e+00 1.00141600e+00 9.87435800e-01 6.81634500e+01 6.88743100e-01 3.11256900e-01 1.44617900e-01 9.85765600e-02 8.05222200e-01 8.20190100e-01 4.49236700e-01 6.01444300e-01 9.75303800e-01 9.94878400e+01 2.40914000e+00 6.63604700e+00 2.06196300e+00 1.88846600e+00 1.22260300e+03 5.72729800e+03 2.53471500e+03 8.12744100e+02 2.28275200e+02 9.68636200e-01 2.47390500e-01 2.48724200e-01 2.64634900e+00 1.36822800e+01 1.09026700e+03 1.43294700e+02 1.04001700e+00 1.37781100e+01 1.06008500e+03 1.45954800e+02 1.41459300e-01 1.61186500e-01 3.37173100e+03 1.03953000e-02 8.17993900e-01 4.51846200e-01 7.34887600e+01 6.36003800e+02 8.36809300e+01 1.51688800e+03 9.04518800e+01 1.96503500e+03 9.61160400e+01 2.28662000e+03 2.38007900e+02 5.71511400e+03 4.53785700e-01 7.44094600e-01 4.72066200e-01 6.59608000e-01 4.70702300e-01 6.17293300e-01 4.65780000e-01 5.87373600e-01 2.96150200e-01 3.05339500e-01 3.44997000e+01 1.10034800e+02 3.48751900e+01 1.01246700e+01 3.96375600e+02 2.24948200e+01 1.15185000e+04 7.06741600e+02 4.21187100e-02 1.15641700e+00 4.83485900e+00 5.69403000e+00 1.19475000e+04 6.03339500e+00
2.23888500e-01 6.32871300e+03 2.22336000e-02 1.16573500e-01 1.04130700e+00 4.80179000e-02 2.95389800e+00 3.01373600e+00 9.64716500e-01 9.96212400e-01 2.54613800e+02 3.84205600e+01 1.09434700e+02 3.47320300e+01 2.81301500e+00 6.66304600e-01 3.61538200e-01 7.40375100e-02 4.81157700e+00 1.02925800e+00 9.04309100e-01 9.75460300e-01 9.50587900e-01 9.97166400e-01 9.99997500e-01 9.97052700e-01 9.89257900e-01 6.75079300e+01 6.94003800e-01 3.05996200e-01 1.39452300e-01 9.41413600e-02 7.91043000e-01 7.98909300e-01 4.37580600e-01 5.88341000e-01 9.62770300e-01 1.00339300e+02 2.39120000e+00 6.99310300e+00 2.03633300e+00 1.84986900e+00 1.21418400e+03 5.68169200e+03 2.51189200e+03 8.09421400e+02 2.28442700e+02 9.64716500e-01 2.44097900e-01 2.45419700e-01 2.57935800e+00 1.38817700e+01 1.08970000e+03 1.45899800e+02 1.04156900e+00 1.40076900e+01 1.05928400e+03 1.48633400e+02 1.39505600e-01 1.60765000e-01 3.35857700e+03 1.01872000e-02 8.21023900e-01 4.53524900e-01 7.26927400e+01 6.42587800e+02 8.26372500e+01 1.53386000e+03 8.92515800e+01 1.98785200e+03 9.47884400e+01 2.31385200e+03 2.33882100e+02 5.79782500e+03 4.42507800e-01 7.31505600e-01 4.61617400e-01 6.49015000e-01 4.60884200e-01 6.07616000e-01 4.56462400e-01 5.78311900e-01 2.91818900e-01 3.01083900e-01 2.98618900e+01 1.05427100e+02 3.28187400e+01 1.19491800e+01 3.95780900e+02 2.29153400e+01 1.15100200e+04 7.06613000e+02 8.32818300e-04 1.67729600e+00 3.52247900e+00 4.94310100e+00 1.19406700e+04 5.20060800e+00
6.34850700e-01 6.33479800e+03 2.24521900e-02 1.23385700e-01 1.04058800e+00 5.76397000e-02 3.22590700e+00 3.05910200e+00 9.72250700e-01 1.00171500e+00 1.76202500e+02 3.50472400e+01 1.15615900e+02 3.77910100e+01 7.71724800e+00 7.89102800e-01 8.22637400e-01 6.57821100e-01 1.46673300e+00 9.78620600e-01 1.04607400e+00 1.09994700e+00 1.13690400e+00 9.95734300e-01 1.00332700e+00 9.99299800e-01 9.85916700e-01 6.82147200e+01 6.85202500e-01 3.14797500e-01 1.46483100e-01 9.99230200e-02 8.24707700e-01 8.44802200e-01 4.62717200e-01 6.17743100e-01 9.98529700e-01 9.90727600e+01 2.45136900e+00 8.07647700e+00 2.13084100e+00 1.89882900e+00 1.22143300e+03 5.71646100e+03 2.54397900e+03 8.17476200e+02 2.30438100e+02 9.72250700e-01 2.47803500e-01 2.49138800e-01 2.63227000e+00 1.36288000e+01 1.09028500e+03 1.42629400e+02 1.04065400e+00 1.37057500e+01 1.06050500e+03 1.45236600e+02 1.42224300e-01 1.61165900e-01 3.40289500e+03 1.05106400e-02 8.13288700e-01 4.49313300e-01 7.36001000e+01 6.35297200e+02 8.39019100e+01 1.51435300e+03 9.07401500e+01 1.96119700e+03 9.64580200e+01 2.28170000e+03 2.39425800e+02 5.69314900e+03 4.67088300e-01 7.61740700e-01 4.84993900e-01 6.74855700e-01 4.83169600e-01 6.31399200e-01 4.77838100e-01 6.00694500e-01 3.02716100e-01 3.11955100e-01 2.58816600e+01 1.10465800e+02 3.21289500e+01 9.62428600e+00 3.96851200e+02 2.24239500e+01 1.15159800e+04 7.06853500e+02 8.42784100e-02 9.26576500e-01 5.71163500e+00 1.11349600e+01 1.19448800e+04 6.72248900e+00
6.22703600e-01 6.32921200e+03 2.22138800e-02 1.21141700e-01 1.04037100e+00 4.60759000e-02 3.10920300e+00 3.02479200e+00 9.67562400e-01 9.99287600e-01 2.60638500e+02 4.71721100e+01 1.04455700e+02 3.81690600e+01 7.01763800e-01 6.51130800e-01 2.70005200e-01 4.98876400e-01 5.43414100e+00 1.04418000e+00 1.23484100e+00 9.60891800e-01 1.15439400e+00 9.95476400e-01 9.99782300e-01 1.00188900e+00 9.96826200e-01 6.73761000e+01 6.82785600e-01 3.17214400e-01 1.44000700e-01 9.70220700e-02 8.06130100e-01 8.28936000e-01 4.54026900e-01 6.04983300e-01 9.82092100e-01 9.88067400e+01 2.41939800e+00 6.87408400e+00 2.05897300e+00 1.87771500e+00 1.21614200e+03 5.67930100e+03 2.52650100e+03 8.12041800e+02 2.28658000e+02 9.67562400e-01 2.46174600e-01 2.47504000e-01 2.63730100e+00 1.37688200e+01 1.09027900e+03 1.43943200e+02 1.04053300e+00 1.38336100e+01 1.05970400e+03 1.46649500e+02 1.40970600e-01 1.61096400e-01 3.39693400e+03 1.04116800e-02 8.13430600e-01 4.49556200e-01 7.27334800e+01 6.43042900e+02 8.29772000e+01 1.53223200e+03 8.97731700e+01 1.98397100e+03 9.54539600e+01 2.30788600e+03 2.37314600e+02 5.75189600e+03 4.58121000e-01 7.44346400e-01 4.75082100e-01 6.59189300e-01 4.73017300e-01 6.16636300e-01 4.67614800e-01 5.86584700e-01 2.95529100e-01 3.04437300e-01 3.31194300e+01 1.06742200e+02 3.38671100e+01 9.57501400e+00 3.95965800e+02 2.25375600e+01 1.15078400e+04 7.06941400e+02 1.18622800e-01 8.20176000e-01 6.35868200e+00 8.26703800e+00 1.19359200e+04 7.29748000e+00
8.78426100e-01 6.32651800e+03 2.22519500e-02 1.19519800e-01 1.04086400e+00 5.52753700e-02 3.00054700e+00 3.04251100e+00 9.64537700e-01 9.99771700e-01 2.68768100e+02 4.57817000e+01 1.08795500e+02 3.93590400e+01 3.43140600e+00 6.47146200e-01 6.88574400e-01 4.41207400e-01 2.09779400e+00 1.20234500e+00 7.95609500e-01 9.96613700e-01 9.07049200e-01 9.99140200e-01 1.00203100e+00 1.00188100e+00 9.89631000e-01 6.68780500e+01 6.81584500e-01 3.18415500e-01 1.42416900e-01 9.52456100e-02 8.10521800e-01 8.35028200e-01 4.57363800e-01 6.08854100e-01 9.91112400e-01 9.86986900e+01 2.44842700e+00 7.79266400e+00 2.09578000e+00 1.87643800e+00 1.22679500e+03 5.70509100e+03 2.53393400e+03 8.16181400e+02 2.30722300e+02 9.64537700e-01 2.44736500e-01 2.46060700e-01 2.59212200e+00 1.38566100e+01 1.08998200e+03 1.44873900e+02 1.04109000e+00 1.39156100e+01 1.05958900e+03 1.47580100e+02 1.40437100e-01 1.60755500e-01 3.40870900e+03 1.03719300e-02 8.11736700e-01 4.48652000e-01 7.22151900e+01 6.47745600e+02 8.24168900e+01 1.54314700e+03 8.91831500e+01 1.99791600e+03 9.48382500e+01 2.32395400e+03 2.35969400e+02 5.78868500e+03 4.61389700e-01 7.48285300e-01 4.78174600e-01 6.62551400e-01 4.75959000e-01 6.19729600e-01 4.70432900e-01 5.89495400e-01 2.96962600e-01 3.05855600e-01 2.93454900e+01 1.07428400e+02 3.22999700e+01 8.83978800e+00 3.96331300e+02 2.33350800e+01 1.15058600e+04 7.06988500e+02 1.33772900e-01 7.68898900e-01 6.59067600e+00 4.19297300e+00 1.19343600e+04 7.49334800e+00
8.47266400e-01 6.33585200e+03 2.22679000e-02 1.19827900e-01 1.04068700e+00 5.49680200e-02 3.01016800e+00 3.04638600e+00 9.63553200e-01 1.00251500e+00 1.88674700e+02 3.36750100e+01 8.24728100e+01 4.91415400e+01 1.89912600e+00 7.78399500e-01 5.79065600e-01 9.12759100e-01 9.77598100e+00 1.31223600e+00 1.07011500e+00 7.94843400e-01 8.84918600e-01 9.96143800e-01 1.00101100e+00 9.92128400e-01 9.91956100e-01 6.68341100e+01 6.80440200e-01 3.19559800e-01 1.42740900e-01 9.53996100e-02 8.12288300e-01 8.38350500e-01 4.59183500e-01 6.10728600e-01 9.93599000e-01 9.85341000e+01 2.45687200e+00 7.76214600e+00 2.10391700e+00 1.88488100e+00 1.23429900e+03 5.73261000e+03 2.54280300e+03 8.18460300e+02 2.31318000e+02 9.63553200e-01 2.44872800e-01 2.46197400e-01 2.59242300e+00 1.38516900e+01 1.09000000e+03 1.44733200e+02 1.04089600e+00 1.39046700e+01 1.05966600e+03 1.47430900e+02 1.40569000e-01 1.60731000e-01 3.41206700e+03 1.03888900e-02 8.11049000e-01 4.48276700e-01 7.21862000e+01 6.48089300e+02 8.24132600e+01 1.54369000e+03 8.91946000e+01 1.99843900e+03 9.48615000e+01 2.32441600e+03 2.36203700e+02 5.78674300e+03 4.63119800e-01 7.49803800e-01 4.79682200e-01 6.63773400e-01 4.77327800e-01 6.20822200e-01 4.71699100e-01 5.90503500e-01 2.97424900e-01 3.06284800e-01 2.99460700e+01 1.08015600e+02 3.50216800e+01 8.86500000e+00 3.96286900e+02 2.34390100e+01 1.15176300e+04 7.07035500e+02 1.59871700e-01 6.71532900e-01 7.14536200e+00 1.04662400e+01 1.19462300e+04 7.97676700e+00
9.26277400e-01 6.33060300e+03 2.20766500e-02 1.15824400e-01 1.04110600e+00 5.23441700e-02 2.83064700e+00 3.03058000e+00 9.59707300e-01 1.00212600e+00 2.68186600e+02 2.96153000e+01 1.12382700e+02 3.12737400e+01 2.04162300e+00 8.59062300e-01 9.32423900e-02 8.50001400e-01 7.38659300e+00 6.45860000e-01 1.08767300e+00 1.04626500e+00 1.05964700e+00 9.98041300e-01 1.00174800e+00 9.93309000e-01 9.88922700e-01 6.61309800e+01 6.83200500e-01 3.16799500e-01 1.38546200e-01 9.16219300e-02 7.97945700e-01 8.19983200e-01 4.49123300e-01 5.98645200e-01 9.81230100e-01 9.89705300e+01 2.43749100e+00 7.45086700e+00 2.07092300e+00 1.86508400e+00 1.23411400e+03 5.72739000e+03 2.53816300e+03 8.18975700e+02 2.31905100e+02 9.59707300e-01 2.42346300e-01 2.43661700e-01 2.56571100e+00 1.40332700e+01 1.08970800e+03 1.46862200e+02 1.04146500e+00 1.41014900e+01 1.05878800e+03 1.49658300e+02 1.38806100e-01 1.60500400e-01 3.39351300e+03 1.02065500e-02 8.14016200e-01 4.49975000e-01 7.13827000e+01 6.55180600e+02 8.14255800e+01 1.56125500e+03 8.80889200e+01 2.02161700e+03 9.36591400e+01 2.35173300e+03 2.32788400e+02 5.86231900e+03 4.53242100e-01 7.36834600e-01 4.70130200e-01 6.52587900e-01 4.68137100e-01 6.10482800e-01 4.62823800e-01 5.80744900e-01 2.92642100e-01 3.01458600e-01 2.53928400e+01 1.07268400e+02 3.17287100e+01 8.79658600e+00 3.95863400e+02 2.36207100e+01 1.15128400e+04 7.06925600e+02 9.53771500e-02 8.72797100e-01 5.71063800e+00 6.48233200e+00 1.19411200e+04 6.67881300e+00
1.14914300e+00 6.34089200e+03 2.21966700e-02 1.15134500e-01 1.04127100e+00 5.62610400e-02 2.84692600e+00 3.04431100e+00 9.67206200e-01 1.00454800e+00 1.90981700e+02 2.66957700e+01 1.24740300e+02 2.57991400e+01 8.03211400e+00 8.44272600e-01 9.03400400e-01 8.49210000e-01 3.44858800e+00 1.14540900e+00 1.13186800e+00 1.09682800e+00 8.29274400e-01 9.97510000e-01 1.00195100e+00 9.98458700e-01 9.98632100e-01 6.67169200e+01 6.90020900e-01 3.09979100e-01 1.37976300e-01 9.20535100e-02 8.02379500e-01 8.15615400e-01 4.46730900e-01 5.98705100e-01 9.82340000e-01 9.98270300e+01 2.42802900e+00 7.81402600e+00 2.09955500e+00 1.87611600e+00 1.22666800e+03 5.75209600e+03 2.55959700e+03 8.28636900e+02 2.35206800e+02 9.67206200e-01 2.42619600e-01 2.43936000e-01 2.54895600e+00 1.39954800e+01 1.08951200e+03 1.46869400e+02 1.04159700e+00 1.41004000e+01 1.05901700e+03 1.49627800e+02 1.38867200e-01 1.60442300e-01 3.37189400e+03 1.01529500e-02 8.18377000e-01 4.52167400e-01 7.19052300e+01 6.49918600e+02 8.18455300e+01 1.55038000e+03 8.84510100e+01 2.00862100e+03 9.39776400e+01 2.33750200e+03 2.32515900e+02 5.84578700e+03 4.51426700e-01 7.41596700e-01 4.69928300e-01 6.57537000e-01 4.68718500e-01 6.15415400e-01 4.63915100e-01 5.85624600e-01 2.95366200e-01 3.04557800e-01 2.30836600e+01 1.04968000e+02 2.83969200e+01 8.58478800e+00 3.96355700e+02 2.24456400e+01 1.15294000e+04 7.06706200e+02 1.78754000e-02 1.34256300e+00 4.04903100e+00 1.28855700e+01 1.19567800e+04 5.40947000e+00
9.25920000e-01 6.33393600e+03 2.21211400e-02 1.18287400e-01 1.04093800e+00 5.55675100e-02 2.95473500e+00 3.05315800e+00 9.65481100e-01 1.00811600e+00 2.38362300e+02 3.51668400e+01 1.11137000e+02 3.16946800e+01 1.87659500e+00 4.80272900e-01 4.03323100e-01 7.23340700e-02 7.92364900e+00 1.24237800e+00 8.89498600e-01 1.08686100e+00 1.05448800e+00 9.98304500e-01 1.00007300e+00 1.00264400e+00 9.94196500e-01 6.66912800e+01 6.82863400e-01 3.17136600e-01 1.41053700e-01 9.40705400e-02 8.12989400e-01 8.35886800e-01 4.57834100e-01 6.10093700e-01 9.95520900e-01 9.88963700e+01 2.45632300e+00 7.82623300e+00 2.11821400e+00 1.89541600e+00 1.23762400e+03 5.76421100e+03 2.56651500e+03 8.27386900e+02 2.34094200e+02 9.65481100e-01 2.44063100e-01 2.45384800e-01 2.60098900e+00 1.39110700e+01 1.08999400e+03 1.45529200e+02 1.04120400e+00 1.39770200e+01 1.05917000e+03 1.48289800e+02 1.39769600e-01 1.60813500e-01 3.39695000e+03 1.03041400e-02 8.13487300e-01 4.49664300e-01 7.19940700e+01 6.49640700e+02 8.21313500e+01 1.54797500e+03 8.88568300e+01 2.00437000e+03 9.44787600e+01 2.33162600e+03 2.34876000e+02 5.81130900e+03 4.61980000e-01 7.50691700e-01 4.79109600e-01 6.64822200e-01 4.77039400e-01 6.21911600e-01 4.71599100e-01 5.91606800e-01 2.98084900e-01 3.07061400e-01 3.02201800e+01 1.08420700e+02 3.06785200e+01 8.78457200e+00 3.96361600e+02 2.27225300e+01 1.15125100e+04 7.06938400e+02 1.05118100e-01 8.72797100e-01 5.95568100e+00 1.36224800e+01 1.19403800e+04 6.93359600e+00
8.16770600e-01 6.33305300e+03 2.21190000e-02 1.15023900e-01 1.04188300e+00 5.10390400e-02 2.78715000e+00 3.02511000e+00 9.54631000e-01 1.00110900e+00 2.51002300e+02 4.54633500e+01 1.02825700e+02 3.82852000e+01 3.61398300e+00 6.22005500e-01 4.22205800e-01 4.15560300e-01 5.32865000e+00 1.34215900e+00 7.87318300e-01 1.07523200e+00 1.14878200e+00 9.98679300e-01 1.00283300e+00 1.00330500e+00 9.98634700e-01 6.61895800e+01 6.85491600e-01 3.14508400e-01 1.37788000e-01 9.12013100e-02 7.93388900e-01 8.12347100e-01 4.44940800e-01 5.94147400e-01 9.75194600e-01 9.93260100e+01 2.43841000e+00 7.28912400e+00 2.05962800e+00 1.85976000e+00 1.24540700e+03 5.75117700e+03 2.53353200e+03 8.16657600e+02 2.31233500e+02 9.54631000e-01 2.41760800e-01 2.43074000e-01 2.54248800e+00 1.40495600e+01 1.08953800e+03 1.47275000e+02 1.04226100e+00 1.41303400e+01 1.05878800e+03 1.50062900e+02 1.38595300e-01 1.60416500e-01 3.39527300e+03 1.01810900e-02 8.14385700e-01 4.50153700e-01 7.14093100e+01 6.54767200e+02 8.13973400e+01 1.56083200e+03 8.80277100e+01 2.02143400e+03 9.35719700e+01 2.35181900e+03 2.32218700e+02 5.86888000e+03 4.49225500e-01 7.32848100e-01 4.66523300e-01 6.49299100e-01 4.64804900e-01 6.07506200e-01 4.59700400e-01 5.77975100e-01 2.91337500e-01 3.00207900e-01 3.23271900e+01 1.08318100e+02 3.24200200e+01 9.13027200e+00 3.95748700e+02 2.48444100e+01 1.15158800e+04 7.06843500e+02 5.51547800e-02 1.09677200e+00 4.79394400e+00 7.71215200e+00 1.19456000e+04 5.94587100e+00
9.08061100e-01 6.33063900e+03 2.22730700e-02 1.20107200e-01 1.04101300e+00 4.89951700e-02 3.00663000e+00 3.03892100e+00 9.56415100e-01 1.00274100e+00 2.52035600e+02 3.29502500e+01 9.38233000e+01 4.17529900e+01 3.65738300e+00 7.54642200e-01 3.42033000e-01 3.43417000e-01 7.10314600e+00 1.06151000e+00 7.49044400e-01 1.00477800e+00 1.12533200e+00 9.99175400e-01 1.00313300e+00 9.90437600e-01 9.95892800e-01 6.68084700e+01 6.79557500e-01 3.20442500e-01 1.43025400e-01 9.55530700e-02 8.08418700e-01 8.35508300e-01 4.57626700e-01 6.08238400e-01 9.89055300e-01 9.84543900e+01 2.46438300e+00 7.14569100e+00 2.08827100e+00 1.89334700e+00 1.25643600e+03 5.78969300e+03 2.54847700e+03 8.17520400e+02 2.30557900e+02 9.56415100e-01 2.44827300e-01 2.46151800e-01 2.59020300e+00 1.38461100e+01 1.09001400e+03 1.44674700e+02 1.04122700e+00 1.38946300e+01 1.05970400e+03 1.47368100e+02 1.40651400e-01 1.60752800e-01 3.42053300e+03 1.04121700e-02 8.09819900e-01 4.47638300e-01 7.21738600e+01 6.48263600e+02 8.24215600e+01 1.54389500e+03 8.92152600e+01 1.99856800e+03 9.48918700e+01 2.32445500e+03 2.36413000e+02 5.78449800e+03 4.61460400e-01 7.46146700e-01 4.77747300e-01 6.60443300e-01 4.75302700e-01 6.17669400e-01 4.69632400e-01 5.87481100e-01 2.95867300e-01 3.04645900e-01 2.88912500e+01 1.07818700e+02 3.35583700e+01 8.68874400e+00 3.95728500e+02 2.52714000e+01 1.15088500e+04 7.07073100e+02 1.72406500e-01 6.71532900e-01 7.33492400e+00 7.48512200e+00 1.19385400e+04 8.17886300e+00
8.22688500e-01 6.33277200e+03 2.24976800e-02 1.23538900e-01 1.04049900e+00 4.72334100e-02 3.25548700e+00 3.03452800e+00 9.64465700e-01 9.98763400e-01 2.72261000e+02 3.96463600e+01 1.11380700e+02 3.69575800e+01 1.69291400e+00 5.06597300e-01 7.48051400e-01 1.70368100e-01 7.30458200e+00 1.13642900e+00 1.23494900e+00 9.69988100e-01 8.90595900e-01 9.96552600e-01 1.00135600e+00 9.88570400e-01 9.91697200e-01 6.85076900e+01 6.87465900e-01 3.12534100e-01 1.46681700e-01 1.00488300e-01 8.11568000e-01 8.28348300e-01 4.53705100e-01 6.06805200e-01 9.80517300e-01 9.93388600e+01 2.43282200e+00 6.99005100e+00 2.07911500e+00 1.89170000e+00 1.23515200e+03 5.74448900e+03 2.52700100e+03 8.08121800e+02 2.26788900e+02 9.64465700e-01 2.48205500e-01 2.49542200e-01 2.63410500e+00 1.35981000e+01 1.09026800e+03 1.42415400e+02 1.04053600e+00 1.36867300e+01 1.06065800e+03 1.45004000e+02 1.42396500e-01 1.61194700e-01 3.39436700e+03 1.05046100e-02 8.14886000e-01 4.50111600e-01 7.38787400e+01 6.32739400e+02 8.41595300e+01 1.50879300e+03 9.09873200e+01 1.95434700e+03 9.66980900e+01 2.27401800e+03 2.39658800e+02 5.68008700e+03 4.58189600e-01 7.49827700e-01 4.76319200e-01 6.64546100e-01 4.74790200e-01 6.21854600e-01 4.69724300e-01 5.91676600e-01 2.98255900e-01 3.07459600e-01 3.27895000e+01 1.10587500e+02 3.44407600e+01 9.17974700e+00 3.95853500e+02 2.39217800e+01 1.15171600e+04 7.06779600e+02 5.58001300e-02 1.09677200e+00 5.12744000e+00 6.37087100e+00 1.19461100e+04 6.28001200e+00
7.61790000e-01 6.32644700e+03 2.25766200e-02 1.20416600e-01 1.04091700e+00 5.21525100e-02 3.19267300e+00 3.04671900e+00 9.73527500e-01 1.00341800e+00 2.63870900e+02 4.45723400e+01 1.06937100e+02 3.95132500e+01 4.38723200e+00 5.13972600e-01 9.31953000e-01 3.64884500e-01 2.83513300e+00 8.85759200e-01 9.80319000e-01 1.04939500e+00 9.72052800e-01 9.97866100e-01 1.00246200e+00 9.95221200e-01 9.98505700e-01 6.90863000e+01 6.99055400e-01 3.00944600e-01 1.43638400e-01 9.92344300e-02 8.10959800e-01 8.12235500e-01 4.44879700e-01 6.00649300e-01 9.75670900e-01 1.00884100e+02 2.40891900e+00 7.43866000e+00 2.10461700e+00 1.89615600e+00 1.22347600e+03 5.77438000e+03 2.55340100e+03 8.21345400e+02 2.31476700e+02 9.73527500e-01 2.47415000e-01 2.48748900e-01 2.59841700e+00 1.36280900e+01 1.08984000e+03 1.43442800e+02 1.04098700e+00 1.37795000e+01 1.06054300e+03 1.46026200e+02 1.41596600e-01 1.61013900e-01 3.35110000e+03 1.03281500e-02 8.23229400e-01 4.54411400e-01 7.43067100e+01 6.28270800e+02 8.43358900e+01 1.50089000e+03 9.10143000e+01 1.94591500e+03 9.66084900e+01 2.26568800e+03 2.37532800e+02 5.69125300e+03 4.50303100e-01 7.50427700e-01 4.71015800e-01 6.66359900e-01 4.70862800e-01 6.24086000e-01 4.66740200e-01 5.94131300e-01 2.99974100e-01 3.09750700e-01 3.11108500e+01 1.08485200e+02 3.19020600e+01 9.58038500e+00 3.95759100e+02 2.21012900e+01 1.15085300e+04 7.06532800e+02 6.43409600e-03 1.96545900e+00 3.40045000e+00 5.01613300e+00 1.19359700e+04 5.37234300e+00
8.25728400e-01 6.33354300e+03 2.27260900e-02 1.23700800e-01 1.04040000e+00 5.43599600e-02 3.32803200e+00 3.05399600e+00 9.74977800e-01 1.00247300e+00 2.60508800e+02 3.81964500e+01 9.36872700e+01 4.52421600e+01 6.42250300e-01 4.54517800e-01 7.83936000e-01 5.88510600e-01 7.16205400e+00 1.11823000e+00 1.33732200e+00 1.03053600e+00 1.04242900e+00 9.95089600e-01 1.00399700e+00 9.96010400e-01 9.88643800e-01 6.94488500e+01 6.95070100e-01 3.04929900e-01 1.47072000e-01 1.02139800e-01 8.20229200e-01 8.26941100e-01 4.52934300e-01 6.09516200e-01 9.84243800e-01 1.00263100e+02 2.42401300e+00 7.70111100e+00 2.11998900e+00 1.90159100e+00 1.22056300e+03 5.75326600e+03 2.54350100e+03 8.16348500e+02 2.29686600e+02 9.74977800e-01 2.49233800e-01 2.50574100e-01 2.61683900e+00 1.35072200e+01 1.09006600e+03 1.41859800e+02 1.04036600e+00 1.36355600e+01 1.06123000e+03 1.44369700e+02 1.42989100e-01 1.61129100e-01 3.37149600e+03 1.04831500e-02 8.19618400e-01 4.52407900e-01 7.47625600e+01 6.24723500e+02 8.49619200e+01 1.49146600e+03 9.17473700e+01 1.93307200e+03 9.74282600e+01 2.25022200e+03 2.40221500e+02 5.64126700e+03 4.58098200e-01 7.58594000e-01 4.78139700e-01 6.73155800e-01 4.77500800e-01 6.30260300e-01 4.72999200e-01 5.99890700e-01 3.02696000e-01 3.12384100e-01 3.13991100e+01 1.11622900e+02 3.33944600e+01 9.35942800e+00 3.96020800e+02 2.20664500e+01 1.15128400e+04 7.06592600e+02 2.41146600e-03 1.60798500e+00 3.78261700e+00 1.48163400e+01 1.19402800e+04 5.39301300e+00
9.67861000e-01 6.32808000e+03 2.24900400e-02 1.18449500e-01 1.04117300e+00 5.37291400e-02 2.99157700e+00 3.03611500e+00 9.64398500e-01 9.99086500e-01 2.28997100e+02 4.76630800e+01 9.06889700e+01 5.00706300e+01 5.15866000e+00 6.06240700e-01 8.30858700e-01 4.66638500e-01 2.37582900e-01 1.08023900e+00 1.05634200e+00 9.63108900e-01 1.12635000e+00 9.98474700e-01 1.00326500e+00 9.97423100e-01 9.89599200e-01 6.74456800e+01 6.88750900e-01 3.11249100e-01 1.41584700e-01 9.54927600e-02 8.03875900e-01 8.18808600e-01 4.48480000e-01 6.00435100e-01 9.78840600e-01 9.95806800e+01 2.42930900e+00 7.56378200e+00 2.08241800e+00 1.87024900e+00 1.22771900e+03 5.73131000e+03 2.53031200e+03 8.15831500e+02 2.30847100e+02 9.64398500e-01 2.44710100e-01 2.46034100e-01 2.54498900e+00 1.38280400e+01 1.08958000e+03 1.45015400e+02 1.04138600e+00 1.39252300e+01 1.06004700e+03 1.47645800e+02 1.40584300e-01 1.60476100e-01 3.39280600e+03 1.03173000e-02 8.15470400e-01 4.50432200e-01 7.27147700e+01 6.42772900e+02 8.27993500e+01 1.53303500e+03 8.94988300e+01 1.98595400e+03 9.51032200e+01 2.31096300e+03 2.35498000e+02 5.77598500e+03 4.53040000e-01 7.42854200e-01 4.71295800e-01 6.58513200e-01 4.69936900e-01 6.16271100e-01 4.65024700e-01 5.86402600e-01 2.95684100e-01 3.04845200e-01 3.08162000e+01 1.07102600e+02 3.19432400e+01 8.89299800e+00 3.95968000e+02 2.34076500e+01 1.15109100e+04 7.06741300e+02 3.40540200e-02 1.21731700e+00 4.53197800e+00 4.45324900e+00 1.19391800e+04 5.78335000e+00
5.49129300e-01 6.33148900e+03 2.25144700e-02 1.19456900e-01 1.04100200e+00 4.79958700e-02 3.03899800e+00 3.02272500e+00 9.66317100e-01 9.97926700e-01 2.30596100e+02 4.94627500e+01 1.04415200e+02 4.13019100e+01 8.33466000e+00 6.40219600e-01 9.70123800e-01 5.84605000e-01 1.53291700e+00 1.29068800e+00 9.53939600e-01 9.31102900e-01 8.94558800e-01 9.99198300e-01 1.00015300e+00 9.93989100e-01 9.86794000e-01 6.76104700e+01 6.88009200e-01 3.11990800e-01 1.42616500e-01 9.64236900e-02 8.00789700e-01 8.16636500e-01 4.47290200e-01 5.98485900e-01 9.73893600e-01 9.94608500e+01 2.41117000e+00 6.98700000e+00 2.05472200e+00 1.86665600e+00 1.21768500e+03 5.70000000e+03 2.52124400e+03 8.12818700e+02 2.29728400e+02 9.66317100e-01 2.45355900e-01 2.46682300e-01 2.55696400e+00 1.37854300e+01 1.08968600e+03 1.44496200e+02 1.04117600e+00 1.38781700e+01 1.06023800e+03 1.47108600e+02 1.40985000e-01 1.60562800e-01 3.39586900e+03 1.03596700e-02 8.14889800e-01 4.50108100e-01 7.29011600e+01 6.41185700e+02 8.30319400e+01 1.52906200e+03 8.97609200e+01 1.98068500e+03 9.53894300e+01 2.30473200e+03 2.36330400e+02 5.75827400e+03 4.51788900e-01 7.39925400e-01 4.69801100e-01 6.55832200e-01 4.68356500e-01 6.13726900e-01 4.63401400e-01 5.83959800e-01 2.94414800e-01 3.03507200e-01 3.30575600e+01 1.05482200e+02 3.16429400e+01 1.00047500e+01 3.95776700e+02 2.28129300e+01 1.15144700e+04 7.06763100e+02 4.43753300e-02 1.15641700e+00 4.80139700e+00 7.14494600e+00 1.19430700e+04 6.00218900e+00
6.85429200e-01 6.33181400e+03 2.23695200e-02 1.19403900e-01 1.04067200e+00 5.44243300e-02 3.01960800e+00 3.03202400e+00 9.67113100e-01 9.97790000e-01 2.43310600e+02 4.45247100e+01 1.01114700e+02 3.93857700e+01 2.22606000e+00 4.14942800e-01 9.89103900e-01 3.09808600e-01 4.08055300e+00 1.25300200e+00 1.39349400e+00 9.93132700e-01 9.02543600e-01 9.96041100e-01 1.00006000e+00 9.97382600e-01 9.82682900e-01 6.71710200e+01 6.84352300e-01 3.15647700e-01 1.42418500e-01 9.56639800e-02 8.05447200e-01 8.26185800e-01 4.52520600e-01 6.03723000e-01 9.82756900e-01 9.89995000e+01 2.42571200e+00 7.67974900e+00 2.07391700e+00 1.86002600e+00 1.21104900e+03 5.65945100e+03 2.51347000e+03 8.10600400e+02 2.29203400e+02 9.67113100e-01 2.45041500e-01 2.46366700e-01 2.57644800e+00 1.38301700e+01 1.08984200e+03 1.44718200e+02 1.04086800e+00 1.39036000e+01 1.05985600e+03 1.47384200e+02 1.40660400e-01 1.60638900e-01 3.39999300e+03 1.03587300e-02 8.13473100e-01 4.49467700e-01 7.24866600e+01 6.45118500e+02 8.26549900e+01 1.53755600e+03 8.94033100e+01 1.99111000e+03 9.50453900e+01 2.31639200e+03 2.36054200e+02 5.77735700e+03 4.56750000e-01 7.43870200e-01 4.74049700e-01 6.58936600e-01 4.72169800e-01 6.16469900e-01 4.66896000e-01 5.86469700e-01 2.95542600e-01 3.04510600e-01 3.25464200e+01 1.05800300e+02 3.11480800e+01 9.44112800e+00 3.96074100e+02 2.25219900e+01 1.15102800e+04 7.06883300e+02 9.30539100e-02 9.26576500e-01 5.84284800e+00 1.15606500e+01 1.19383200e+04 6.86247800e+00
7.84217800e-01 6.33259900e+03 2.25774100e-02 1.25094500e-01 1.03981200e+00 5.68365500e-02 3.44248500e+00 3.06621100e+00 9.80381200e-01 1.00192500e+00 2.66895600e+02 5.10976300e+01 1.13133400e+02 3.38049800e+01 3.61555700e+00 6.92495300e-01 5.78838600e-01 7.54653300e-01 4.58624100e+00 8.15299500e-01 7.59146300e-01 1.03096900e+00 1.02184400e+00 9.98835600e-01 1.00077100e+00 9.99725600e-01 9.97828500e-01 6.99432400e+01 6.96820700e-01 3.03179300e-01 1.48317000e-01 1.03737700e-01 8.28301400e-01 8.32678900e-01 4.56077000e-01 6.14629400e-01 9.90411200e-01 1.00467100e+02 2.42533400e+00 8.02154500e+00 2.14604300e+00 1.91545000e+00 1.21536500e+03 5.75124300e+03 2.55460800e+03 8.18218600e+02 2.29525200e+02 9.80381200e-01 2.50636500e-01 2.51981900e-01 2.68310400e+00 1.34330500e+01 1.09048100e+03 1.41091600e+02 1.03972300e+00 1.35701100e+01 1.06107700e+03 1.43640900e+02 1.43244500e-01 1.61617500e-01 3.35055400e+03 1.04948900e-02 8.22650700e-01 4.54088200e-01 7.52685800e+01 6.20398100e+02 8.54882600e+01 1.48155900e+03 9.22900400e+01 1.92050800e+03 9.79859100e+01 2.23582300e+03 2.41296200e+02 5.61008000e+03 4.61401700e-01 7.66241900e-01 4.82046200e-01 6.80143600e-01 4.81617200e-01 6.36886500e-01 4.77219500e-01 6.06249500e-01 3.05968800e-01 3.15852200e-01 3.21874600e+01 1.07099300e+02 3.40233300e+01 9.49210300e+00 3.96513600e+02 2.17130500e+01 1.15220900e+04 7.06563000e+02 4.44085000e-05 1.67729600e+00 3.63480800e+00 3.51568900e+00 1.19498100e+04 5.31214900e+00
6.91048700e-01 6.33034400e+03 2.24652400e-02 1.25162400e-01 1.04026100e+00 6.21917700e-02 3.42718900e+00 3.07691200e+00 9.79631200e-01 1.00408100e+00 2.67156800e+02 3.84912900e+01 9.40402400e+01 4.37203200e+01 1.93898300e+00 5.56148400e-01 8.03226100e-01 6.78133200e-01 7.31982600e+00 1.12008000e+00 1.22590300e+00 9.33927000e-01 9.05754600e-01 9.96933700e-01 1.00214700e+00 9.97622900e-01 9.99679500e-01 6.98040800e+01 6.95701500e-01 3.04298500e-01 1.48272700e-01 1.03500400e-01 8.34043000e-01 8.39996900e-01 4.60085200e-01 6.19460100e-01 9.98270000e-01 1.00389800e+02 2.44265600e+00 8.58306900e+00 2.16913200e+00 1.91543300e+00 1.21772000e+03 5.74020500e+03 2.55426300e+03 8.17718400e+02 2.29406900e+02 9.79631200e-01 2.50398300e-01 2.51742900e-01 2.69892600e+00 1.34461500e+01 1.09061500e+03 1.41228700e+02 1.04018800e+00 1.35772300e+01 1.06081000e+03 1.43816500e+02 1.43022000e-01 1.61784000e-01 3.35609400e+03 1.05019800e-02 8.21663600e-01 4.53669100e-01 7.51354700e+01 6.21577700e+02 8.53682000e+01 1.48410700e+03 9.21768700e+01 1.92363400e+03 9.78776700e+01 2.23931600e+03 2.41222000e+02 5.61569200e+03 4.65372800e-01 7.71435100e-01 4.85898200e-01 6.84622700e-01 4.85326600e-01 6.41026400e-01 4.80802600e-01 6.10156400e-01 3.07894400e-01 3.17784400e-01 3.09970700e+01 1.08554900e+02 3.32332800e+01 9.72676500e+00 3.98238000e+02 2.16882100e+01 1.15109000e+04 7.06581300e+02 4.82834100e-04 1.67729600e+00 3.63333200e+00 8.24387900e+00 1.19405500e+04 5.31111100e+00
7.79590400e-01 6.34018600e+03 2.27272800e-02 1.24856000e-01 1.04055700e+00 6.65417700e-02 3.49562500e+00 3.07784900e+00 9.88795600e-01 9.98880200e-01 2.79769000e+02 5.67705500e+01 1.20525400e+02 3.31348100e+01 4.96985500e+00 7.38651700e-01 3.02234300e-01 8.40731900e-01 6.81097300e-01 1.45724000e+00 7.95907400e-01 1.02550800e+00 1.21996600e+00 9.99107600e-01 1.00007900e+00 9.94639600e-01 9.90536300e-01 7.10272200e+01 7.06179600e-01 2.93820400e-01 1.48228400e-01 1.05282500e-01 8.33674700e-01 8.25043700e-01 4.51895100e-01 6.13786200e-01 9.89200300e-01 1.01774700e+02 2.40926200e+00 8.94622800e+00 2.17116600e+00 1.90062100e+00 1.19272800e+03 5.69520200e+03 2.53990200e+03 8.15776300e+02 2.29191600e+02 9.88795600e-01 2.51370700e-01 2.52718700e-01 2.67272900e+00 1.33443900e+01 1.09032000e+03 1.40792500e+02 1.04043300e+00 1.35321100e+01 1.06145900e+03 1.43289700e+02 1.43545900e-01 1.61731100e-01 3.32600900e+03 1.04532500e-02 8.28246700e-01 4.56907800e-01 7.62739400e+01 6.11568500e+02 8.63691000e+01 1.46266500e+03 9.31027000e+01 1.89746200e+03 9.87484600e+01 2.21018500e+03 2.41547600e+02 5.57183700e+03 4.57974600e-01 7.72192800e-01 4.80897200e-01 6.86515600e-01 4.81619900e-01 6.43310000e-01 4.77989200e-01 6.12648400e-01 3.09595300e-01 3.20062600e-01 3.13211300e+01 1.06036500e+02 3.09707700e+01 9.57375100e+00 3.99608500e+02 2.08696000e+01 1.15290300e+04 7.06493200e+02 6.87918800e-02 2.59136600e+00 3.86595800e+00 8.27451400e+00 1.19590800e+04 6.52611600e+00
8.97663600e-01 6.33016000e+03 2.25386700e-02 1.21829200e-01 1.04084900e+00 6.18275100e-02 3.29182600e+00 3.06285700e+00 9.77949400e-01 1.00041800e+00 2.73850300e+02 6.32774400e+01 1.02055300e+02 4.35433800e+01 1.48700200e+00 6.07485500e-01 7.27316600e-01 6.92685800e-01 3.25816100e+00 1.11016100e+00 7.24996700e-01 9.44191400e-01 7.99141600e-01 9.98056700e-01 1.00223600e+00 9.96638300e-01 9.94165700e-01 6.96795700e+01 7.01326900e-01 2.98673100e-01 1.45013000e-01 1.01044400e-01 8.20840400e-01 8.19023100e-01 4.48597400e-01 6.06817000e-01 9.83345200e-01 1.01187600e+02 2.41729200e+00 8.45489500e+00 2.13885700e+00 1.89007500e+00 1.21084700e+03 5.72163500e+03 2.53777800e+03 8.15157700e+02 2.29341700e+02 9.77949400e-01 2.48692000e-01 2.50030500e-01 2.63904300e+00 1.35404800e+01 1.09010400e+03 1.42635200e+02 1.04086000e+00 1.37035900e+01 1.06065800e+03 1.45218500e+02 1.42057700e-01 1.61380400e-01 3.33971800e+03 1.03600400e-02 8.25241800e-01 4.55489400e-01 7.49087500e+01 6.23058900e+02 8.49564900e+01 1.48898500e+03 9.16508400e+01 1.93084000e+03 9.72600700e+01 2.24843200e+03 2.38744700e+02 5.65437000e+03 4.54238600e-01 7.59805200e-01 4.75719700e-01 6.74946800e-01 4.75842000e-01 6.32236800e-01 4.71860000e-01 6.01958200e-01 3.04011700e-01 3.14036400e-01 3.64280400e+01 1.08405100e+02 3.50991600e+01 9.27419400e+00 3.97910600e+02 2.17861800e+01 1.15119100e+04 7.06510700e+02 2.04942800e-02 2.19351700e+00 3.44408200e+00 7.27315200e+00 1.19408800e+04 5.65809400e+00
1.15888400e+00 6.33538100e+03 2.24067300e-02 1.20133300e-01 1.04075500e+00 6.64961000e-02 3.20032900e+00 3.07121700e+00 9.73954700e-01 1.00121800e+00 3.01600900e+02 3.86501000e+01 1.01256000e+02 4.03717600e+01 1.95255300e+00 6.59290100e-01 6.78629900e-01 4.24763400e-01 4.35491300e+00 1.05540600e+00 1.12722000e+00 9.88880700e-01 8.37199200e-01 9.97472300e-01 1.00132400e+00 9.92023600e-01 9.95250900e-01 6.90789800e+01 6.99941300e-01 3.00058700e-01 1.43185200e-01 9.89108700e-02 8.20457700e-01 8.20538000e-01 4.49427200e-01 6.07236300e-01 9.87150200e-01 1.01025900e+02 2.43540900e+00 8.89740000e+00 2.15681300e+00 1.88822900e+00 1.22167700e+03 5.74246800e+03 2.54195700e+03 8.16412100e+02 2.29908500e+02 9.73954700e-01 2.47452500e-01 2.48786400e-01 2.63190300e+00 1.36405500e+01 1.09003600e+03 1.43605500e+02 1.04084600e+00 1.37970000e+01 1.06016200e+03 1.46246900e+02 1.41200000e-01 1.61261400e-01 3.33711200e+03 1.02902300e-02 8.25214700e-01 4.55571700e-01 7.42862900e+01 6.28378700e+02 8.42881400e+01 1.50136500e+03 9.09497600e+01 1.94667400e+03 9.65305500e+01 2.26669000e+03 2.37188500e+02 5.69634000e+03 4.54970700e-01 7.59310200e-01 4.76131600e-01 6.74351200e-01 4.76086900e-01 6.31613900e-01 4.71991800e-01 6.01324900e-01 3.03647900e-01 3.13585700e-01 2.87562800e+01 1.06962500e+02 3.29973300e+01 8.75094200e+00 4.00102100e+02 2.24668300e+01 1.15233800e+04 7.06523200e+02 1.21953500e-02 2.04033800e+00 3.39552800e+00 4.08926600e+00 1.19547000e+04 5.44806100e+00
6.04805900e-01 6.32942200e+03 2.23362000e-02 1.17859000e-01 1.04138200e+00 5.43033000e-02 3.05051200e+00 3.04035400e+00 9.67643100e-01 1.00160900e+00 2.39547700e+02 4.85599700e+01 8.90216600e+01 4.53928900e+01 6.97491500e+00 7.92631900e-01 6.58808100e-01 8.05613600e-01 4.20748100e+00 8.87564500e-01 1.09458100e+00 1.01006500e+00 1.30876500e+00 9.98736800e-01 1.00167900e+00 9.98266500e-01 9.95888000e-01 6.82916300e+01 6.98010200e-01 3.01989800e-01 1.40840400e-01 9.61821800e-02 8.03602800e-01 8.06263400e-01 4.41608700e-01 5.95716300e-01 9.72428600e-01 1.00850000e+02 2.41251500e+00 7.65533400e+00 2.09126500e+00 1.87603900e+00 1.22656500e+03 5.74868400e+03 2.53843800e+03 8.16633700e+02 2.30291700e+02 9.67643100e-01 2.45442400e-01 2.46769000e-01 2.59341700e+00 1.37729900e+01 1.08978000e+03 1.44990200e+02 1.04157500e+00 1.39202800e+01 1.05970400e+03 1.47675500e+02 1.40209100e-01 1.60962900e-01 3.34819100e+03 1.02221700e-02 8.23352900e-01 4.54666300e-01 7.34726600e+01 6.35476000e+02 8.34163800e+01 1.51785700e+03 9.00363200e+01 1.96775200e+03 9.55808000e+01 2.29098000e+03 2.35174300e+02 5.75189500e+03 4.46898800e-01 7.43520800e-01 4.67203100e-01 6.60117900e-01 4.66933000e-01 6.18194900e-01 4.62766400e-01 5.88495000e-01 2.97107800e-01 3.06732300e-01 3.32932200e+01 1.06551400e+02 3.40999200e+01 1.00288200e+01 3.96030200e+02 2.28093100e+01 1.15097900e+04 7.06545900e+02 5.81006900e-03 1.96545900e+00 3.34772200e+00 8.31786400e+00 1.19386600e+04 5.31899100e+00
7.76208600e-01 6.32787300e+03 2.23283300e-02 1.19306300e-01 1.04138200e+00 5.45621300e-02 3.05280600e+00 3.03407000e+00 9.65404600e-01 9.96374400e-01 2.15899300e+02 5.40625300e+01 8.52847500e+01 5.35193400e+01 7.24536700e+00 8.27332300e-01 9.85360100e-01 9.36504900e-01 1.14718200e+00 9.65971100e-01 9.12187400e-01 8.57602200e-01 9.59526400e-01 9.97633300e-01 1.00202600e+00 9.94995900e-01 9.89613800e-01 6.77972400e+01 6.90458400e-01 3.09541600e-01 1.42279800e-01 9.64617500e-02 8.05272400e-01 8.17978200e-01 4.48025100e-01 6.00651600e-01 9.77995400e-01 9.98575600e+01 2.42321900e+00 7.70721400e+00 2.07816400e+00 1.86332100e+00 1.21969700e+03 5.68634200e+03 2.51508400e+03 8.08886700e+02 2.28143800e+02 9.65404600e-01 2.45469800e-01 2.46796600e-01 2.59570800e+00 1.37780300e+01 1.08991700e+03 1.44608400e+02 1.04156300e+00 1.38837900e+01 1.05978000e+03 1.47288500e+02 1.40601600e-01 1.60935400e-01 3.38153600e+03 1.03255200e-02 8.17253200e-01 4.51489500e-01 7.30612800e+01 6.39604100e+02 8.31501500e+01 1.52587800e+03 8.98550200e+01 1.97694400e+03 9.54651100e+01 2.30069400e+03 2.36127700e+02 5.75491400e+03 4.52753800e-01 7.44308200e-01 4.71411300e-01 6.59981600e-01 4.70244700e-01 6.17719600e-01 4.65456500e-01 5.87826800e-01 2.96461500e-01 3.05723600e-01 3.15060100e+01 1.06684600e+02 3.46291500e+01 9.38098800e+00 3.96132200e+02 2.33291900e+01 1.15080100e+04 7.06694700e+02 1.64580900e-02 1.34256300e+00 4.04028600e+00 6.79739500e+00 1.19368500e+04 5.39930800e+00
3.64824300e-01 6.33181100e+03 2.22439200e-02 1.14116500e-01 1.04131500e+00 5.90490700e-02 2.82228800e+00 3.03095200e+00 9.62986700e-01 9.99170700e-01 2.39657400e+02 4.31710500e+01 9.45045800e+01 4.66993000e+01 2.97888300e+00 4.65744600e-01 9.51987100e-01 8.08526000e-02 7.46492100e-01 1.02836100e+00 1.22503200e+00 8.99857500e-01 8.29405300e-01 9.95676300e-01 1.00069200e+00 9.96177900e-01 9.93646700e-01 6.68450900e+01 6.93380900e-01 3.06619100e-01 1.37005600e-01 9.15815100e-02 7.92830400e-01 8.01529100e-01 4.39015600e-01 5.89970200e-01 9.69718100e-01 1.00260100e+02 2.41385400e+00 8.05816700e+00 2.07169400e+00 1.84092600e+00 1.21810700e+03 5.69042300e+03 2.51407200e+03 8.12742000e+02 2.30413500e+02 9.62986700e-01 2.42299200e-01 2.43614400e-01 2.53148500e+00 1.40111100e+01 1.08933600e+03 1.47238600e+02 1.04166800e+00 1.41348800e+01 1.05901700e+03 1.49988700e+02 1.38629800e-01 1.60324900e-01 3.35947400e+03 1.00983700e-02 8.20793200e-01 4.53393800e-01 7.19924500e+01 6.48881800e+02 8.18565200e+01 1.54873900e+03 8.84164500e+01 2.00704000e+03 9.39073700e+01 2.33610900e+03 2.31802400e+02 5.85191200e+03 4.43900000e-01 7.33103200e-01 4.62927100e-01 6.50372100e-01 4.62125300e-01 6.08861700e-01 4.57647600e-01 5.79482500e-01 2.92406300e-01 3.01652200e-01 3.04274700e+01 1.04820000e+02 3.13925700e+01 1.09598100e+01 3.97100000e+02 2.29238900e+01 1.15117600e+04 7.06625900e+02 1.92718300e-03 1.60798500e+00 3.57455700e+00 9.07150200e+00 1.19427400e+04 5.18446900e+00
9.39050400e-01 6.33204300e+03 2.22012000e-02 1.17404100e-01 1.04092400e+00 5.43543200e-02 2.89458600e+00 3.03377300e+00 9.60730800e-01 1.00013000e+00 2.27523600e+02 5.63821500e+01 1.12437800e+02 3.31946200e+01 2.88615600e+00 5.18298500e-01 8.06673600e-01 5.58298200e-01 2.01753200e+00 8.61589300e-01 6.91782900e-01 1.20884800e+00 1.09841700e+00 9.97753800e-01 1.00354800e+00 9.94150900e-01 9.91793700e-01 6.63616900e+01 6.81529400e-01 3.18470600e-01 1.40250500e-01 9.30725800e-02 8.02237000e-01 8.26564500e-01 4.52728000e-01 6.02656800e-01 9.84790800e-01 9.87120800e+01 2.44333900e+00 7.66143800e+00 2.07754700e+00 1.86354200e+00 1.22965500e+03 5.70563400e+03 2.52746300e+03 8.15032900e+02 2.30714000e+02 9.60730800e-01 2.43276100e-01 2.44594900e-01 2.56477800e+00 1.39638600e+01 1.08975400e+03 1.46009300e+02 1.04122000e+00 1.40229100e+01 1.05924600e+03 1.48748600e+02 1.39588700e-01 1.60495000e-01 3.40535700e+03 1.02873200e-02 8.12150500e-01 4.48904500e-01 7.16573700e+01 6.52793000e+02 8.17819700e+01 1.55515600e+03 8.84969900e+01 2.01345300e+03 9.41092300e+01 2.34201700e+03 2.34165700e+02 5.83349700e+03 4.56728200e-01 7.40632300e-01 4.73329400e-01 6.55771100e-01 4.71130000e-01 6.13386100e-01 4.65655800e-01 5.83460700e-01 2.93935400e-01 3.02726600e-01 3.24608000e+01 1.07400900e+02 3.11543000e+01 8.70410200e+00 3.96144400e+02 2.36320800e+01 1.15114300e+04 7.06990700e+02 1.31778900e-01 7.68898900e-01 6.51703500e+00 9.76311200e+00 1.19399100e+04 7.41771300e+00
9.35711600e-01 6.33813200e+03 2.22879900e-02 1.14560200e-01 1.04095700e+00 5.69585000e-02 2.74344300e+00 3.02616000e+00 9.56228700e-01 9.97282100e-01 2.41998300e+02 2.02514700e+01 1.00170200e+02 3.61919000e+01 2.76214200e-01 5.74114900e-01 2.33751100e-01 3.07506300e-01 8.18503800e+00 9.97354400e-01 1.15527200e+00 9.53015800e-01 9.85010900e-01 9.97758600e-01 1.00282200e+00 9.96467000e-01 9.89597300e-01 6.56695600e+01 6.81174300e-01 3.18825700e-01 1.37493300e-01 9.02912400e-02 7.92466800e-01 8.16953100e-01 4.47463700e-01 5.95483100e-01 9.77910400e-01 9.86574800e+01 2.44092600e+00 7.83844000e+00 2.06179100e+00 1.83980200e+00 1.22962300e+03 5.69486900e+03 2.51142200e+03 8.12407100e+02 2.30870900e+02 9.56228700e-01 2.41221600e-01 2.42532800e-01 2.49579800e+00 1.41062800e+01 1.08924300e+03 1.47499500e+02 1.04135200e+00 1.41642300e+01 1.05909300e+03 1.50233200e+02 1.38723600e-01 1.59884500e-01 3.40870000e+03 1.01902300e-02 8.11708400e-01 4.48606600e-01 7.09189800e+01 6.59613400e+02 8.09473400e+01 1.57132500e+03 8.75980500e+01 2.03433700e+03 9.31563000e+01 2.36626700e+03 2.31842800e+02 5.89302100e+03 4.51380900e-01 7.31584600e-01 4.67713100e-01 6.47730400e-01 4.65505600e-01 6.05853400e-01 4.60074400e-01 5.76288300e-01 2.90331000e-01 2.98989500e-01 2.35521000e+01 1.05353200e+02 2.70875400e+01 8.69684600e+00 3.96677000e+02 2.43409700e+01 1.15264700e+04 7.07005100e+02 1.39309400e-01 7.68898900e-01 6.68197500e+00 5.47951700e+00 1.19561900e+04 7.59018400e+00
8.36298600e-01 6.33058400e+03 2.24190200e-02 1.15997800e-01 1.04062500e+00 5.22230900e-02 2.90985000e+00 3.03067800e+00 9.65042200e-01 1.00065600e+00 1.92778800e+02 2.74374300e+01 1.19785600e+02 2.72154800e+01 5.43334000e+00 8.33889100e-01 2.01804000e-01 8.03329700e-01 6.70840800e+00 1.02553400e+00 7.69034600e-01 9.89018500e-01 9.36358100e-01 9.98009100e-01 1.00025600e+00 9.93027700e-01 9.87958500e-01 6.71160900e+01 6.91287000e-01 3.08713000e-01 1.39061900e-01 9.33329200e-02 7.95812600e-01 8.07286500e-01 4.42169000e-01 5.93197800e-01 9.71398700e-01 9.98728800e+01 2.41347500e+00 7.37762500e+00 2.07112700e+00 1.86571900e+00 1.22561200e+03 5.74652500e+03 2.53731900e+03 8.19770700e+02 2.32258200e+02 9.65042200e-01 2.43575400e-01 2.44895300e-01 2.52945400e+00 1.39281300e+01 1.08937300e+03 1.46135900e+02 1.04089000e+00 1.40395100e+01 1.05966600e+03 1.48806200e+02 1.39633600e-01 1.60253700e-01 3.36930700e+03 1.01891000e-02 8.19010800e-01 4.52317000e-01 7.23160400e+01 6.46133200e+02 8.22797900e+01 1.54166200e+03 8.89028000e+01 1.99752900e+03 9.44449900e+01 2.32476100e+03 2.33468900e+02 5.81750700e+03 4.46911300e-01 7.35651000e-01 4.65541300e-01 6.52401000e-01 4.64489000e-01 6.10664700e-01 4.59825500e-01 5.81138500e-01 2.93144000e-01 3.02327700e-01 2.40693600e+01 1.04955900e+02 2.82245000e+01 9.25279400e+00 3.95735800e+02 2.29329800e+01 1.15142100e+04 7.06673800e+02 1.58944300e-02 1.34256300e+00 4.12128400e+00 6.88435200e+00 1.19421300e+04 5.47974200e+00
1.13149100e+00 6.33138100e+03 2.24927000e-02 1.15356600e-01 1.04095100e+00 6.13124900e-02 2.89355000e+00 3.04864900e+00 9.67548900e-01 1.00182300e+00 2.41362600e+02 4.27332000e+01 1.15326400e+02 3.57863700e+01 1.92957700e+00 7.30153400e-01 2.21013400e-01 3.59671300e-01 2.18160600e+00 9.28838300e-01 9.39777500e-01 9.88216300e-01 1.02878500e+00 9.96775200e-01 1.00045100e+00 9.92989800e-01 9.88475700e-01 6.73248300e+01 6.94450400e-01 3.05549600e-01 1.38494400e-01 9.32411400e-02 8.01957000e-01 8.09340600e-01 4.43294100e-01 5.96240600e-01 9.77380000e-01 1.00302600e+02 2.42530100e+00 8.25042700e+00 2.10868300e+00 1.86533100e+00 1.22380400e+03 5.74976800e+03 2.54136200e+03 8.22574700e+02 2.33581800e+02 9.67548900e-01 2.43380200e-01 2.44699300e-01 2.51086800e+00 1.39254600e+01 1.08921100e+03 1.46334300e+02 1.04121600e+00 1.40541700e+01 1.05978000e+03 1.48983000e+02 1.39568600e-01 1.60161000e-01 3.36298700e+03 1.01586500e-02 8.20608300e-01 4.53102100e-01 7.24860100e+01 6.44389400e+02 8.23910900e+01 1.53826500e+03 8.89798200e+01 1.99362800e+03 9.44955700e+01 2.32063100e+03 2.33090700e+02 5.81601800e+03 4.48344800e-01 7.41641300e-01 4.67813500e-01 6.58055500e-01 4.67120800e-01 6.16099800e-01 4.62672500e-01 5.86399100e-01 2.95925500e-01 3.05334400e-01 2.78294300e+01 1.06868300e+02 3.15582100e+01 8.71771400e+00 3.97702600e+02 2.26536500e+01 1.15159700e+04 7.06604200e+02 1.51071600e-03 1.60798500e+00 3.63566100e+00 5.86787800e+00 1.19450400e+04 5.24515600e+00
1.40749000e-01 6.33948500e+03 2.22632000e-02 1.08744200e-01 1.04227400e+00 5.60635200e-02 2.53626800e+00 3.01642300e+00 9.58099800e-01 1.00119300e+00 1.92322800e+02 2.07979800e+01 9.43146200e+01 3.86904500e+01 5.10836500e+00 7.27344800e-01 4.46822700e-01 1.56890200e-01 6.84400300e+00 1.24783000e+00 7.57920500e-01 9.42649300e-01 8.40762200e-01 9.98029100e-01 1.00187100e+00 9.90820400e-01 9.76902600e-01 6.57025100e+01 6.95024200e-01 3.04975800e-01 1.31652600e-01 8.64990500e-02 7.76122000e-01 7.82531900e-01 4.28610400e-01 5.76761600e-01 9.57500500e-01 1.00575000e+02 2.39997300e+00 7.63092000e+00 2.04181200e+00 1.82523900e+00 1.22526200e+03 5.73196600e+03 2.52791500e+03 8.23051300e+02 2.35108400e+02 9.58099800e-01 2.38267100e-01 2.39567400e-01 2.42802600e+00 1.42762900e+01 1.08854200e+03 1.50288900e+02 1.04281200e+00 1.44118900e+01 1.05844500e+03 1.53076300e+02 1.36671500e-01 1.59496500e-01 3.36062300e+03 9.89987500e-03 8.21158500e-01 4.53585700e-01 7.07357700e+01 6.60286500e+02 8.03855000e+01 1.57637200e+03 8.68053100e+01 2.04311900e+03 9.21800800e+01 2.37832600e+03 2.27279200e+02 5.96245600e+03 4.33547600e-01 7.17816900e-01 4.52533600e-01 6.36992600e-01 4.51939000e-01 5.96412600e-01 4.47685700e-01 5.67681800e-01 2.86555800e-01 2.95665900e-01 2.51480100e+01 1.03662400e+02 2.94610100e+01 1.28972000e+01 3.96163600e+02 2.31712400e+01 1.15242800e+04 7.06593400e+02 5.02620600e-04 1.81943000e+00 3.32642300e+00 1.07175500e+01 1.19565100e+04 5.14635500e+00
6.68919500e-01 6.33157100e+03 2.24563300e-02 1.21665900e-01 1.04083900e+00 4.84326900e-02 3.07676400e+00 3.03978600e+00 9.67970900e-01 1.00250100e+00 1.97381300e+02 3.27081500e+01 9.60895800e+01 4.55006200e+01 6.49424200e+00 8.59204500e-01 4.47973600e-01 5.00261800e-01 1.28683100e+00 1.11408700e+00 8.81853100e-01 8.07614000e-01 1.01175200e+00 9.97450000e-01 9.98714100e-01 9.92158000e-01 9.85611300e-01 6.71746800e+01 6.79181400e-01 3.20818600e-01 1.44767400e-01 9.72470500e-02 8.14408500e-01 8.42192700e-01 4.61287900e-01 6.12924800e-01 9.93663900e-01 9.83478900e+01 2.44451800e+00 7.08160400e+00 2.09007800e+00 1.89711800e+00 1.22761000e+03 5.73508800e+03 2.55343600e+03 8.23321100e+02 2.32911000e+02 9.67970900e-01 2.45839300e-01 2.47167400e-01 2.58023700e+00 1.37660700e+01 1.08998500e+03 1.43786500e+02 1.04099100e+00 1.38124600e+01 1.06027600e+03 1.46406200e+02 1.41541700e-01 1.60692000e-01 3.42992200e+03 1.04900300e-02 8.08590700e-01 4.46859300e-01 7.25755700e+01 6.44702700e+02 8.28900200e+01 1.53532400e+03 8.97274000e+01 1.98741500e+03 9.54402400e+01 2.31143500e+03 2.37837100e+02 5.75109500e+03 4.65108500e-01 7.51636700e-01 4.81428600e-01 6.65260500e-01 4.78921000e-01 6.22157000e-01 4.73178400e-01 5.91738500e-01 2.97985700e-01 3.06817500e-01 2.48420700e+01 1.03045800e+02 2.89762600e+01 9.28361900e+00 3.95749800e+02 2.27284000e+01 1.15138000e+04 7.07089600e+02 1.91958200e-01 6.25207500e-01 7.83025700e+00 5.84097200e+00 1.19415600e+04 8.64742200e+00
9.34590100e-01 6.33286600e+03 2.23554400e-02 1.17057900e-01 1.04078300e+00 4.93589500e-02 2.83163200e+00 3.02430600e+00 9.57750300e-01 1.00004300e+00 2.30585200e+02 2.99279700e+01 1.07510400e+02 3.20408300e+01 1.85250800e+00 5.64273000e-01 5.04274600e-01 3.73275700e-01 5.88936400e+00 1.45064900e+00 8.44052600e-01 1.08673700e+00 1.00621400e+00 9.97244000e-01 1.00236200e+00 9.99255900e-01 9.82039000e-01 6.58233600e+01 6.76741900e-01 3.23258100e-01 1.40058500e-01 9.21912300e-02 7.97500400e-01 8.27837200e-01 4.53425100e-01 6.01337400e-01 9.82971400e-01 9.80751100e+01 2.44476100e+00 7.09991500e+00 2.05797100e+00 1.86451800e+00 1.23613000e+03 5.72948600e+03 2.53230900e+03 8.18247000e+02 2.32246700e+02 9.57750300e-01 2.42476200e-01 2.43792000e-01 2.51399500e+00 1.40187600e+01 1.08946800e+03 1.46307100e+02 1.04110400e+00 1.40530800e+01 1.05951300e+03 1.48997400e+02 1.39696200e-01 1.60027200e-01 3.43027300e+03 1.03177800e-02 8.08014900e-01 4.46625100e-01 7.11531900e+01 6.57771700e+02 8.13274700e+01 1.56584900e+03 8.80682400e+01 2.02654000e+03 9.36986400e+01 2.35662400e+03 2.33865800e+02 5.85689500e+03 4.56996000e-01 7.35801900e-01 4.72438300e-01 6.50997300e-01 4.69705200e-01 6.08716600e-01 4.63894600e-01 5.78893100e-01 2.91460400e-01 2.99981400e-01 2.48816500e+01 1.05253100e+02 2.87463300e+01 8.50287800e+00 3.95667500e+02 2.41339300e+01 1.15106900e+04 7.07201400e+02 2.43831300e-01 4.95667100e-01 8.77759700e+00 1.00223700e+01 1.19389900e+04 9.51709500e+00
1.29430500e+00 6.32969600e+03 2.22477100e-02 1.15538600e-01 1.04172700e+00 5.82254600e-02 2.83989600e+00 3.04982100e+00 9.59131400e-01 1.00504900e+00 2.35903000e+02 3.64869000e+01 1.04435700e+02 4.29776500e+01 7.18261300e+00 7.14452000e-01 8.74368600e-01 5.21540900e-01 2.52848300e+00 7.74775100e-01 9.28622900e-01 9.69847300e-01 9.47619100e-01 9.98295500e-01 1.00039800e+00 9.94779500e-01 9.88118700e-01 6.66839600e+01 6.88690800e-01 3.11309200e-01 1.38431400e-01 9.23115600e-02 8.04015900e-01 8.19030300e-01 4.48601400e-01 6.00568600e-01 9.84586600e-01 9.96882500e+01 2.45476100e+00 8.00323500e+00 2.11115600e+00 1.87908400e+00 1.25000800e+03 5.79812300e+03 2.55689900e+03 8.24833700e+02 2.33836100e+02 9.59131400e-01 2.42544000e-01 2.43860100e-01 2.53692000e+00 1.39856800e+01 1.08947600e+03 1.46756800e+02 1.04205800e+00 1.40833500e+01 1.05917000e+03 1.49493600e+02 1.39069800e-01 1.60402500e-01 3.38635700e+03 1.01915400e-02 8.16264700e-01 4.51036900e-01 7.18900100e+01 6.50154900e+02 8.18629300e+01 1.55061600e+03 8.84880700e+01 2.00871100e+03 9.40302000e+01 2.33743100e+03 2.32857400e+02 5.84184500e+03 4.53205200e-01 7.42976300e-01 4.71445000e-01 6.58614400e-01 4.70075400e-01 6.16363300e-01 4.65155100e-01 5.86489000e-01 2.95747100e-01 3.04892600e-01 2.79711200e+01 1.08768800e+02 3.24961400e+01 8.30999300e+00 3.97039700e+02 2.42944500e+01 1.15084600e+04 7.06743100e+02 2.62149300e-02 1.27934900e+00 4.21629500e+00 9.02323500e+00 1.19381000e+04 5.52185900e+00
9.50877200e-01 6.33066400e+03 2.25163400e-02 1.20171300e-01 1.04122100e+00 5.91312100e-02 3.08624000e+00 3.06684900e+00 9.66201800e-01 1.00681300e+00 2.45088300e+02 4.47687500e+01 1.18102000e+02 3.34244500e+01 3.37493900e+00 6.88095200e-01 4.61012900e-01 6.68801600e-01 5.11321500e+00 1.00430800e+00 7.28451400e-01 1.07634000e+00 1.03475100e+00 9.97316600e-01 1.00187300e+00 9.92616600e-01 9.88490800e-01 6.79840100e+01 6.89878500e-01 3.10121500e-01 1.43332800e-01 9.74433500e-02 8.19804400e-01 8.33519100e-01 4.56537200e-01 6.11777100e-01 9.94275700e-01 9.97211000e+01 2.46349700e+00 8.14056400e+00 2.14741300e+00 1.90789700e+00 1.24842500e+03 5.82182200e+03 2.56985800e+03 8.26642000e+02 2.33659700e+02 9.66201800e-01 2.45987100e-01 2.47315800e-01 2.57281300e+00 1.37326500e+01 1.08978900e+03 1.44075600e+02 1.04137000e+00 1.38352000e+01 1.06031400e+03 1.46683200e+02 1.41256000e-01 1.60752400e-01 3.39147100e+03 1.03790400e-02 8.15894500e-01 4.50637300e-01 7.32754800e+01 6.37773900e+02 8.34083600e+01 1.52138000e+03 9.01416400e+01 1.97103100e+03 9.57751100e+01 2.29374200e+03 2.36982500e+02 5.73601600e+03 4.61276600e-01 7.57684000e-01 4.80145500e-01 6.71780000e-01 4.78891900e-01 6.28736700e-01 4.73972500e-01 5.98294800e-01 3.01712400e-01 3.11117000e-01 3.00362300e+01 1.10344200e+02 3.30824700e+01 8.95975100e+00 3.97279300e+02 2.35282100e+01 1.15065400e+04 7.06710000e+02 2.44115400e-02 1.27934900e+00 4.30681700e+00 1.27040900e+01 1.19363000e+04 5.61057700e+00
9.53116600e-01 6.32870900e+03 2.20408300e-02 1.16659400e-01 1.04157800e+00 5.46634400e-02 2.82056600e+00 3.03996800e+00 9.56855900e-01 1.00239800e+00 2.53513300e+02 5.17267900e+01 1.08885100e+02 4.12305500e+01 3.79806200e+00 5.69277200e-01 8.85025600e-01 3.12455600e-01 7.63737400e-02 1.13611800e+00 1.05622500e+00 9.88528300e-01 8.53309400e-01 9.96746500e-01 1.00132600e+00 1.00002200e+00 9.94000800e-01 6.58416700e+01 6.78566700e-01 3.21433300e-01 1.39345400e-01 9.17473400e-02 8.04598100e-01 8.32844200e-01 4.56167600e-01 6.05831300e-01 9.91581800e-01 9.84479100e+01 2.46399000e+00 7.71026600e+00 2.09045700e+00 1.87396400e+00 1.24529100e+03 5.74309800e+03 2.54576700e+03 8.20739500e+02 2.32506300e+02 9.56855900e-01 2.42191900e-01 2.43506700e-01 2.56885700e+00 1.40371900e+01 1.08981800e+03 1.46717600e+02 1.04194500e+00 1.40811200e+01 1.05875000e+03 1.49522200e+02 1.38958000e-01 1.60556900e-01 3.41795100e+03 1.02728600e-02 8.09931700e-01 4.47876700e-01 7.11451500e+01 6.57710300e+02 8.12718600e+01 1.56615100e+03 8.79838700e+01 2.02722100e+03 9.35915200e+01 2.35765200e+03 2.33322700e+02 5.86441900e+03 4.59922000e-01 7.42528300e-01 4.75914800e-01 6.57141600e-01 4.73369500e-01 6.14541300e-01 4.67650000e-01 5.84481500e-01 2.94347200e-01 3.03024800e-01 3.20166000e+01 1.07206200e+02 3.23411000e+01 8.54816600e+00 3.96284400e+02 2.45855600e+01 1.15065100e+04 7.07116900e+02 1.71701100e-01 6.71532900e-01 7.10718100e+00 6.42366500e+00 1.19359300e+04 7.95041500e+00
8.04142300e-01 6.33058100e+03 2.21917800e-02 1.18757600e-01 1.04148900e+00 5.51856000e-02 2.92317500e+00 3.04460200e+00 9.60925800e-01 1.00208700e+00 2.43445600e+02 4.24402800e+01 1.15744000e+02 2.70565700e+01 2.83799200e+00 5.19936900e-01 8.96746000e-01 6.65887300e-01 5.98918400e+00 1.21065800e+00 9.60956300e-01 1.10919900e+00 8.28161700e-01 9.98320100e-01 1.00040000e+00 9.96162500e-01 9.91426700e-01 6.63983200e+01 6.78831900e-01 3.21168100e-01 1.41594500e-01 9.40163800e-02 8.10872500e-01 8.38992600e-01 4.59535200e-01 6.10429700e-01 9.95116800e-01 9.84337300e+01 2.46316100e+00 7.77435300e+00 2.10016600e+00 1.88070200e+00 1.23814500e+03 5.73029600e+03 2.54450700e+03 8.20116300e+02 2.32201700e+02 9.60925800e-01 2.43662700e-01 2.44982900e-01 2.57655600e+00 1.39227600e+01 1.08991500e+03 1.45511900e+02 1.04176600e+00 1.39678100e+01 1.05932200e+03 1.48247300e+02 1.39993700e-01 1.60662000e-01 3.42473200e+03 1.03660800e-02 8.09159700e-01 4.47362100e-01 7.17423700e+01 6.52215700e+02 8.19473300e+01 1.55313100e+03 8.87116000e+01 2.01041100e+03 9.43631000e+01 2.33813500e+03 2.35205900e+02 5.81658600e+03 4.63328000e-01 7.48342300e-01 4.79502400e-01 6.62311900e-01 4.76966900e-01 6.19386400e-01 4.71222900e-01 5.89095500e-01 2.96664500e-01 3.05430100e-01 3.01046200e+01 1.04749600e+02 2.99774800e+01 8.89994600e+00 3.96362000e+02 2.39188100e+01 1.15128100e+04 7.07105000e+02 1.74851200e-01 6.71532900e-01 7.25381000e+00 3.96438900e+00 1.19419900e+04 8.10019400e+00
1.09600300e+00 6.33469700e+03 2.21479600e-02 1.14584600e-01 1.04166800e+00 5.22081000e-02 2.72813500e+00 3.02759000e+00 9.54043700e-01 1.00110500e+00 1.97491000e+02 2.39697100e+01 9.97499300e+01 3.83280100e+01 8.21799000e+00 9.39763700e-01 5.94731600e-01 4.76367600e-01 4.99518000e-01 9.99613500e-01 9.72990000e-01 1.13132600e+00 1.22711300e+00 9.97420200e-01 1.00367100e+00 9.83205700e-01 9.89200600e-01 6.55999800e+01 6.80766100e-01 3.19233900e-01 1.37377700e-01 9.01197700e-02 7.94210800e-01 8.19274900e-01 4.48735400e-01 5.96984500e-01 9.80582100e-01 9.87059500e+01 2.44925000e+00 7.38983200e+00 2.06474100e+00 1.86002300e+00 1.24628100e+03 5.75256600e+03 2.53865700e+03 8.20169100e+02 2.32860400e+02 9.54043700e-01 2.40948300e-01 2.42258500e-01 2.51636300e+00 1.41164900e+01 1.08940600e+03 1.47685100e+02 1.04207500e+00 1.41722100e+01 1.05878800e+03 1.50466400e+02 1.38439100e-01 1.60123000e-01 3.41313400e+03 1.01925500e-02 8.11067000e-01 4.48390900e-01 7.08469100e+01 6.60317400e+02 8.08762800e+01 1.57289300e+03 8.75270000e+01 2.03629600e+03 9.30849600e+01 2.36848800e+03 2.31732300e+02 5.89733200e+03 4.52650200e-01 7.33152200e-01 4.68920300e-01 6.49072200e-01 4.66657200e-01 6.07089400e-01 4.61179900e-01 5.77452400e-01 2.90901500e-01 2.99558500e-01 2.14810300e+01 1.03652300e+02 2.94289800e+01 8.36381900e+00 3.95836000e+02 2.49483100e+01 1.15160900e+04 7.07021800e+02 1.31493900e-01 7.68898900e-01 6.36080000e+00 9.87519100e+00 1.19452400e+04 7.26119300e+00
1.02965200e+00 6.32921600e+03 2.21356800e-02 1.14536100e-01 1.04166400e+00 5.18223000e-02 2.72131100e+00 3.02574300e+00 9.53115000e-01 1.00124200e+00 2.44545300e+02 4.03766500e+01 1.21700000e+02 2.87461600e+01 4.06051600e+00 6.07518700e-01 6.28286100e-01 5.69121400e-01 4.90797000e+00 9.94945600e-01 7.27887000e-01 1.03934400e+00 8.39685200e-01 9.98237400e-01 1.00119400e+00 9.87735100e-01 9.93270900e-01 6.55267300e+01 6.80193800e-01 3.19806200e-01 1.37316900e-01 8.99792800e-02 7.93308600e-01 8.19077500e-01 4.48627200e-01 5.96573400e-01 9.80015400e-01 9.86379800e+01 2.44971300e+00 7.35015900e+00 2.06093100e+00 1.85802400e+00 1.24710800e+03 5.74997800e+03 2.53600000e+03 8.19096000e+02 2.32517900e+02 9.53115000e-01 2.40847600e-01 2.42157400e-01 2.51623300e+00 1.41251300e+01 1.08941000e+03 1.47744500e+02 1.04208100e+00 1.41778300e+01 1.05875000e+03 1.50530900e+02 1.38391400e-01 1.60114500e-01 3.41488300e+03 1.01928900e-02 8.10718000e-01 4.48217400e-01 7.07768500e+01 6.61013600e+02 8.08107500e+01 1.57441100e+03 8.74636100e+01 2.03816900e+03 9.30229700e+01 2.37059200e+03 2.31664300e+02 5.90099700e+03 4.52490700e-01 7.32264600e-01 4.68616100e-01 6.48227100e-01 4.66290300e-01 6.06274500e-01 4.60775100e-01 5.76662100e-01 2.90482800e-01 2.99103600e-01 2.84846600e+01 1.06596500e+02 2.97717100e+01 8.46472400e+00 3.95811800e+02 2.50484200e+01 1.15097900e+04 7.07045800e+02 1.41727500e-01 7.68898900e-01 6.55376200e+00 4.80564700e+00 1.19391200e+04 7.46438800e+00
5.19518200e-01 6.33265600e+03 2.25212800e-02 1.21100300e-01 1.04057100e+00 5.23467600e-02 3.18802400e+00 3.04005700e+00 9.74094200e-01 1.00172400e+00 2.26694400e+02 4.09389700e+01 8.32374500e+01 5.16435400e+01 3.38285000e+00 8.17787100e-01 5.77545600e-01 7.34497100e-01 7.43774900e+00 1.22548700e+00 9.45994200e-01 7.20278100e-01 7.76057500e-01 9.96053100e-01 9.99755800e-01 9.92325500e-01 9.90321800e-01 6.86248800e+01 6.93660400e-01 3.06339600e-01 1.44266800e-01 9.90028900e-02 8.10790600e-01 8.19312600e-01 4.48756000e-01 6.03197400e-01 9.78741300e-01 1.00145900e+02 2.40851400e+00 7.48138400e+00 2.09064300e+00 1.88283400e+00 1.21044000e+03 5.70833300e+03 2.53404500e+03 8.15726000e+02 2.29970800e+02 9.74094200e-01 2.47333500e-01 2.48667000e-01 2.60675500e+00 1.36514200e+01 1.08996400e+03 1.43334200e+02 1.04065000e+00 1.37735200e+01 1.06046700e+03 1.45932300e+02 1.41673100e-01 1.60996900e-01 3.36789400e+03 1.03767100e-02 8.19732500e-01 4.52622000e-01 7.39023200e+01 6.32094200e+02 8.40212200e+01 1.50873200e+03 9.07510100e+01 1.95523500e+03 9.63842900e+01 2.27584300e+03 2.37874600e+02 5.70165700e+03 4.53744700e-01 7.49729000e-01 4.73250500e-01 6.65140300e-01 4.72456800e-01 6.22694000e-01 4.67895900e-01 5.92650900e-01 2.99007200e-01 3.08503500e-01 3.17413400e+01 1.07065700e+02 3.49376100e+01 1.02586600e+01 3.95783000e+02 2.16800400e+01 1.15150300e+04 7.06620100e+02 5.01203500e-03 1.53969800e+00 3.82650400e+00 1.05674700e+01 1.19427500e+04 5.37121400e+00
1.09757200e+00 6.33368100e+03 2.24492300e-02 1.18185500e-01 1.04099200e+00 5.73111500e-02 2.97225000e+00 3.04563700e+00 9.66570000e-01 9.99795000e-01 2.03048700e+02 2.39145300e+01 1.15832600e+02 3.14400300e+01 6.89406800e+00 8.27852400e-01 7.60475900e-01 6.27042900e-01 3.40699400e+00 1.22004500e+00 8.70200400e-01 1.15354400e+00 1.02156400e+00 9.98595300e-01 1.00421600e+00 9.96961300e-01 9.82689900e-01 6.72186300e+01 6.87319300e-01 3.12680700e-01 1.41279900e-01 9.49664000e-02 8.08054700e-01 8.24955800e-01 4.51846900e-01 6.04249200e-01 9.85589300e-01 9.93889600e+01 2.43821200e+00 7.92694100e+00 2.10234100e+00 1.87466300e+00 1.22548700e+03 5.73072700e+03 2.53939300e+03 8.20008600e+02 2.32374600e+02 9.66570000e-01 2.44434400e-01 2.45757400e-01 2.54554400e+00 1.38570700e+01 1.08958900e+03 1.45213800e+02 1.04121400e+00 1.39465900e+01 1.05993300e+03 1.47859300e+02 1.40402900e-01 1.60437500e-01 3.39434100e+03 1.03084700e-02 8.14919500e-01 4.50170100e-01 7.24909800e+01 6.44863100e+02 8.25824500e+01 1.53766800e+03 8.92842900e+01 1.99172500e+03 9.48896000e+01 2.31749000e+03 2.35199400e+02 5.78827300e+03 4.56331700e-01 7.46572500e-01 4.74357100e-01 6.61652400e-01 4.72820600e-01 6.19143900e-01 4.67766800e-01 5.89096100e-01 2.96988800e-01 3.06124800e-01 2.16859200e+01 1.07430300e+02 2.95361000e+01 8.59868400e+00 3.96663000e+02 2.31050200e+01 1.15154900e+04 7.06784100e+02 5.04906900e-02 1.09677200e+00 4.91649900e+00 1.06564100e+01 1.19438600e+04 6.06376100e+00
9.40377700e-01 6.33160800e+03 2.20812200e-02 1.19236600e-01 1.04067800e+00 5.67511200e-02 3.04758000e+00 3.04376200e+00 9.67083100e-01 9.99624100e-01 2.78767000e+02 3.70049100e+01 1.10568400e+02 3.14336000e+01 1.83306000e-01 4.54488400e-01 6.41686700e-01 8.89126100e-01 6.93421900e+00 1.23006000e+00 1.29391200e+00 1.06171900e+00 9.99393400e-01 9.97216900e-01 9.99868800e-01 1.00416500e+00 9.92340700e-01 6.73211700e+01 6.86764000e-01 3.13236000e-01 1.41962900e-01 9.55711100e-02 8.10019500e-01 8.27695700e-01 4.53347600e-01 6.05987100e-01 9.87233000e-01 9.93719400e+01 2.43564300e+00 7.98187300e+00 2.09840300e+00 1.87324900e+00 1.21995300e+03 5.68692600e+03 2.52907000e+03 8.13042300e+02 2.29138400e+02 9.67083100e-01 2.45297100e-01 2.46623300e-01 2.64122900e+00 1.38290200e+01 1.09022100e+03 1.44841700e+02 1.04089300e+00 1.39151500e+01 1.05920800e+03 1.47608800e+02 1.40092600e-01 1.61156100e-01 3.37633700e+03 1.03060400e-02 8.16953300e-01 4.51501500e-01 7.26106300e+01 6.43841000e+02 8.27332600e+01 1.53509600e+03 8.94549500e+01 1.98830600e+03 9.50764800e+01 2.31344000e+03 2.35750800e+02 5.77662500e+03 4.57793800e-01 7.48332300e-01 4.75737200e-01 6.63151000e-01 4.74131200e-01 6.20521000e-01 4.69020500e-01 5.90390600e-01 2.97614300e-01 3.06749300e-01 2.93220500e+01 1.06504000e+02 3.00379800e+01 8.89031200e+00 3.96651000e+02 2.28448100e+01 1.15157000e+04 7.06801600e+02 5.16157100e-02 1.09677200e+00 4.86982000e+00 6.30525500e+00 1.19440900e+04 6.01820800e+00
5.90785000e-01 6.33696500e+03 2.23141900e-02 1.20329900e-01 1.04047800e+00 5.72247300e-02 3.21410400e+00 3.05213900e+00 9.78625000e-01 1.00325400e+00 2.51744400e+02 4.35408100e+01 1.00524300e+02 4.15126600e+01 3.37632300e-01 5.82377700e-01 2.41570400e-01 6.00724600e-01 7.77638100e+00 8.98475800e-01 1.10359900e+00 9.50323800e-01 1.32556900e+00 9.94863000e-01 1.00013500e+00 9.95674200e-01 9.88563700e-01 6.89947500e+01 6.98989600e-01 3.01010400e-01 1.43289300e-01 9.88620700e-02 8.14541900e-01 8.15912400e-01 4.46893600e-01 6.03335400e-01 9.80630500e-01 1.00891200e+02 2.40418900e+00 8.01544200e+00 2.11605600e+00 1.88722000e+00 1.20481500e+03 5.70530200e+03 2.54334300e+03 8.18277200e+02 2.30325600e+02 9.78625000e-01 2.47597500e-01 2.48932000e-01 2.65433100e+00 1.36450000e+01 1.09018300e+03 1.43558100e+02 1.04056500e+00 1.37961700e+01 1.05997100e+03 1.46230200e+02 1.41094000e-01 1.61392400e-01 3.33350900e+03 1.02884300e-02 8.25409400e-01 4.55737400e-01 7.42127700e+01 6.29068500e+02 8.42302000e+01 1.50278800e+03 9.09007400e+01 1.94837000e+03 9.64883100e+01 2.26854200e+03 2.37243300e+02 5.69832100e+03 4.52316900e-01 7.53739300e-01 4.73114000e-01 6.69297300e-01 4.72956400e-01 6.26835800e-01 4.68812900e-01 5.96748300e-01 3.01296700e-01 3.11114000e-01 3.33384600e+01 1.10103500e+02 3.40759600e+01 1.00880400e+01 3.96471100e+02 2.11646800e+01 1.15222500e+04 7.06533600e+02 6.89972800e-03 1.96545900e+00 3.39114200e+00 1.20629300e+01 1.19499700e+04 5.36350100e+00
7.87113700e-01 6.33189500e+03 2.22484100e-02 1.19783800e-01 1.04093500e+00 5.63439100e-02 3.10799300e+00 3.05093700e+00 9.73273700e-01 1.00454100e+00 2.42660700e+02 3.89457100e+01 1.00889000e+02 3.65405600e+01 4.81320300e-01 5.13931700e-01 5.22068300e-01 8.03923600e-01 7.20006700e+00 1.07484600e+00 1.12254400e+00 1.12585100e+00 1.22967500e+00 9.96711800e-01 1.00344500e+00 9.97646500e-01 9.98608400e-01 6.80535900e+01 6.91927400e-01 3.08072600e-01 1.42677400e-01 9.70970700e-02 8.14410300e-01 8.25294900e-01 4.52032600e-01 6.06745500e-01 9.87228700e-01 1.00019500e+02 2.42519800e+00 7.92083700e+00 2.11351300e+00 1.88827500e+00 1.21590500e+03 5.71615500e+03 2.54883900e+03 8.20926100e+02 2.31615400e+02 9.73273700e-01 2.46172800e-01 2.47502100e-01 2.63021100e+00 1.37442400e+01 1.09011500e+03 1.44270800e+02 1.04109000e+00 1.38576600e+01 1.05970400e+03 1.46971600e+02 1.40659600e-01 1.61172400e-01 3.36611000e+03 1.03164000e-02 8.19518100e-01 4.52722400e-01 7.33156400e+01 6.37277500e+02 8.34001700e+01 1.52068600e+03 9.01044500e+01 1.97045200e+03 9.57151100e+01 2.29333100e+03 2.36505200e+02 5.74063200e+03 4.56915700e-01 7.52903500e-01 4.76120600e-01 6.67766900e-01 4.75117700e-01 6.25074400e-01 4.70396000e-01 5.94867900e-01 3.00068500e-01 3.09513000e-01 3.00359100e+01 1.08551500e+02 3.19696400e+01 9.38941100e+00 3.96401100e+02 2.17126900e+01 1.15128100e+04 7.06658400e+02 9.00359600e-03 1.47275900e+00 3.86279700e+00 1.14783700e+01 1.19403100e+04 5.34456000e+00
7.55739100e-01 6.33164600e+03 2.23920100e-02 1.19990900e-01 1.04065200e+00 5.43681600e-02 3.12352300e+00 3.03926600e+00 9.71002300e-01 9.98866700e-01 2.76020900e+02 3.65940400e+01 9.57636100e+01 4.44853700e+01 2.19174900e+00 5.54196300e-01 8.85157900e-01 3.99859100e-01 4.36018400e+00 1.18041800e+00 1.11382900e+00 7.85538800e-01 6.05126300e-01 9.96820300e-01 9.98055500e-01 1.00166800e+00 9.92421100e-01 6.81854200e+01 6.92363400e-01 3.07636600e-01 1.43028000e-01 9.75242700e-02 8.08338300e-01 8.18561900e-01 4.48344800e-01 6.02008500e-01 9.78920400e-01 1.00015600e+02 2.41454000e+00 7.69195600e+00 2.08899100e+00 1.87375600e+00 1.21276000e+03 5.69580300e+03 2.52648900e+03 8.13080300e+02 2.29252500e+02 9.71002300e-01 2.46435800e-01 2.47766100e-01 2.60815700e+00 1.37231300e+01 1.08996600e+03 1.44031500e+02 1.04078400e+00 1.38387500e+01 1.06004700e+03 1.46681800e+02 1.41019300e-01 1.60980900e-01 3.36745800e+03 1.03312000e-02 8.19463000e-01 4.52579100e-01 7.34504800e+01 6.36076200e+02 8.35419800e+01 1.51792500e+03 9.02515600e+01 1.96694200e+03 9.58669800e+01 2.28930300e+03 2.36809500e+02 5.73176000e+03 4.53223600e-01 7.47333000e-01 4.72382300e-01 6.62873700e-01 4.71438200e-01 6.20513600e-01 4.66786700e-01 5.90539600e-01 2.97899600e-01 3.07296900e-01 2.83015200e+01 1.04339500e+02 3.11230600e+01 9.48086800e+00 3.96047600e+02 2.22847300e+01 1.15131000e+04 7.06648300e+02 9.36539600e-03 1.47275900e+00 3.93237100e+00 1.03108600e+01 1.19409200e+04 5.41449500e+00
1.14859800e+00 6.33347200e+03 2.23640200e-02 1.17523300e-01 1.04093400e+00 6.03580100e-02 2.95183900e+00 3.05185100e+00 9.64874000e-01 1.00259100e+00 2.27148200e+02 3.59203800e+01 1.20622500e+02 3.38217800e+01 4.33847400e+00 8.04701100e-01 3.99183700e-01 7.30140300e-01 3.37410500e+00 6.96197700e-01 1.03089200e+00 7.71552100e-01 7.59173600e-01 9.96694800e-01 9.96012000e-01 9.85962300e-01 9.84288500e-01 6.71270800e+01 6.88124500e-01 3.11875500e-01 1.40532500e-01 9.43353400e-02 8.08746900e-01 8.24598600e-01 4.51651300e-01 6.04377000e-01 9.87105900e-01 9.95079600e+01 2.44698500e+00 8.23211700e+00 2.11544600e+00 1.87488900e+00 1.23158900e+03 5.74444100e+03 2.54144700e+03 8.19866600e+02 2.32213000e+02 9.64874000e-01 2.44124500e-01 2.45446400e-01 2.55402700e+00 1.38861400e+01 1.08961700e+03 1.45557700e+02 1.04118200e+00 1.39800400e+01 1.05966600e+03 1.48238200e+02 1.40021900e-01 1.60489000e-01 3.38566800e+03 1.02679100e-02 8.16181200e-01 4.50890300e-01 7.23780600e+01 6.45811300e+02 8.24331500e+01 1.54012100e+03 8.91120400e+01 1.99502900e+03 9.46987200e+01 2.32143700e+03 2.34601000e+02 5.80033000e+03 4.56216800e-01 7.47291200e-01 4.74436600e-01 6.62376300e-01 4.72992500e-01 6.19857400e-01 4.67998100e-01 5.89797300e-01 2.97378500e-01 3.06558500e-01 2.56707300e+01 1.04133300e+02 2.92738400e+01 8.53226300e+00 3.97630400e+02 2.31946000e+01 1.15109100e+04 7.06759700e+02 4.01668100e-02 1.15641700e+00 4.66467500e+00 1.40510300e+01 1.19402700e+04 5.86125900e+00
7.35459500e-01 6.33189800e+03 2.23740100e-02 1.20351100e-01 1.04085100e+00 5.70144900e-02 3.04699600e+00 3.04576200e+00 9.68816100e-01 9.97050800e-01 1.97580400e+02 3.61265300e+01 1.06807600e+02 3.11002400e+01 3.89468000e+00 8.13125200e-01 2.56857400e-02 8.71605300e-01 5.39458000e+00 8.55145600e-01 7.17297400e-01 9.76601100e-01 1.10569600e+00 9.97185800e-01 9.99467400e-01 9.97869100e-01 9.95369800e-01 6.72222900e+01 6.82727500e-01 3.17272500e-01 1.43370200e-01 9.63767600e-02 8.14017500e-01 8.37123000e-01 4.58511200e-01 6.10930500e-01 9.92835000e-01 9.88098200e+01 2.44308500e+00 7.96051000e+00 2.10260600e+00 1.87601200e+00 1.21632200e+03 5.68360900e+03 2.53124900e+03 8.16474000e+02 2.31012200e+02 9.68816100e-01 2.45410500e-01 2.46737000e-01 2.58508000e+00 1.37994200e+01 1.08994800e+03 1.44332700e+02 1.04103500e+00 1.38643400e+01 1.05997100e+03 1.46989700e+02 1.40975100e-01 1.60734100e-01 3.41023700e+03 1.04090700e-02 8.11830500e-01 4.48611700e-01 7.25706200e+01 6.44488500e+02 8.27923000e+01 1.53566800e+03 8.95735900e+01 1.98841500e+03 9.52420800e+01 2.31305100e+03 2.36792900e+02 5.76467700e+03 4.62630300e-01 7.51626400e-01 4.79750400e-01 6.65633500e-01 4.77661700e-01 6.22663400e-01 4.72203900e-01 5.92317400e-01 2.98422100e-01 3.07411800e-01 2.56091300e+01 1.01391000e+02 2.80507700e+01 9.23996600e+00 3.96666100e+02 2.28981800e+01 1.15139700e+04 7.06943600e+02 1.17546900e-01 8.20176000e-01 6.31864700e+00 6.82526500e+00 1.19427700e+04 7.25637000e+00
8.49108500e-01 6.33256200e+03 2.21065900e-02 1.18092900e-01 1.04140200e+00 5.29327100e-02 2.86216400e+00 3.03094500e+00 9.55049100e-01 9.99337700e-01 2.38013300e+02 2.33568600e+01 1.02061400e+02 4.34720200e+01 6.97121900e+00 7.14577800e-01 7.52049200e-01 1.70268100e-02 3.49506600e+00 1.01320800e+00 9.68403400e-01 8.45312900e-01 7.73918500e-01 9.97814600e-01 9.99113800e-01 9.93998700e-01 9.82265100e-01 6.58233600e+01 6.74927600e-01 3.25072400e-01 1.40844600e-01 9.27086800e-02 8.03536500e-01 8.36440500e-01 4.58137300e-01 6.06737200e-01 9.90411200e-01 9.79688500e+01 2.46333700e+00 7.54547100e+00 2.07168000e+00 1.86357100e+00 1.24037700e+03 5.70240600e+03 2.52330500e+03 8.12358200e+02 2.29856100e+02 9.55049100e-01 2.42792900e-01 2.44109900e-01 2.57119800e+00 1.39965800e+01 1.08990200e+03 1.46066900e+02 1.04173500e+00 1.40215000e+01 1.05905500e+03 1.48836000e+02 1.39550900e-01 1.60554600e-01 3.43512000e+03 1.03541300e-02 8.06991200e-01 4.46287100e-01 7.11819800e+01 6.57639600e+02 8.14061500e+01 1.56509300e+03 8.81772500e+01 2.02527600e+03 9.38317200e+01 2.35492100e+03 2.34469200e+02 5.84779500e+03 4.61575400e-01 7.41196200e-01 4.76726800e-01 6.55580200e-01 4.73764200e-01 6.12924000e-01 4.67769400e-01 5.82846500e-01 2.93379100e-01 3.01886000e-01 2.67838100e+01 1.06580300e+02 3.29144300e+01 8.60553400e+00 3.96009800e+02 2.49015800e+01 1.15115000e+04 7.07290600e+02 2.63522500e-01 4.55610600e-01 8.90593800e+00 7.18798200e+00 1.19410200e+04 9.62507100e+00
8.57887600e-01 6.33220400e+03 2.18965700e-02 1.12695100e-01 1.04193100e+00 5.10382400e-02 2.52853600e+00 3.01997300e+00 9.45430500e-01 1.00152100e+00 2.07535000e+02 4.40064200e+01 1.19044900e+02 2.97162000e+01 6.72615800e+00 7.88815500e-01 5.54710700e-01 8.17130200e-01 1.14975200e+00 6.80285600e-01 7.58463500e-01 1.03093300e+00 9.09699300e-01 9.97825000e-01 9.99897100e-01 9.97780600e-01 9.86393800e-01 6.37872300e+01 6.67625700e-01 3.32374300e-01 1.35236800e-01 8.62638100e-02 7.89778100e-01 8.31300700e-01 4.55322100e-01 5.99669400e-01 9.88867700e-01 9.72061100e+01 2.47648200e+00 7.26776100e+00 2.04907300e+00 1.85023200e+00 1.25809100e+03 5.74228700e+03 2.53971700e+03 8.22235900e+02 2.34266600e+02 9.45430500e-01 2.37994800e-01 2.39294000e-01 2.49173700e+00 1.43527100e+01 1.08934600e+03 1.49496900e+02 1.04249800e+00 1.43402500e+01 1.05787300e+03 1.52391200e+02 1.37109100e-01 1.59781600e-01 3.45644600e+03 1.01763800e-02 8.02836500e-01 4.44268900e-01 6.90921800e+01 6.78085100e+02 7.91940100e+01 1.61192800e+03 8.58733500e+01 2.08470900e+03 9.14462300e+01 2.42307400e+03 2.29553800e+02 5.99722700e+03 4.58108900e-01 7.27828300e-01 4.71396600e-01 6.43028500e-01 4.67669100e-01 6.00892500e-01 4.61230600e-01 5.71223700e-01 2.87313300e-01 2.95341000e-01 2.68675000e+01 1.02691600e+02 2.89973000e+01 8.17536100e+00 3.95759300e+02 2.64419900e+01 1.15067400e+04 7.07700200e+02 4.44987000e-01 2.51495800e-01 1.19736800e+01 6.91827900e+00 1.19371200e+04 1.26701600e+01
4.38580500e-01 6.33639000e+03 2.20795000e-02 1.20344500e-01 1.04130300e+00 5.60197800e-02 2.93254600e+00 3.03940700e+00 9.58631400e-01 9.97475100e-01 2.17901600e+02 5.45252800e+01 1.00174300e+02 4.54507700e+01 6.14757400e+00 7.78267500e-01 8.47796100e-01 9.15390200e-01 1.24622100e+00 1.22284800e+00 1.06942100e+00 9.20089800e-01 1.10848300e+00 9.96928900e-01 9.99668300e-01 9.87161400e-01 9.86786800e-01 6.58050500e+01 6.69609500e-01 3.30390500e-01 1.43069200e-01 9.41467500e-02 8.13278000e-01 8.53477700e-01 4.67469000e-01 6.16589200e-01 1.00255800e+00 9.73243300e+01 2.47673000e+00 7.91473400e+00 2.08928400e+00 1.86783900e+00 1.23042000e+03 5.65745600e+03 2.51940600e+03 8.11072200e+02 2.29445400e+02 9.58631400e-01 2.43744400e-01 2.45064900e-01 2.60107600e+00 1.39359000e+01 1.09020900e+03 1.45135000e+02 1.04159000e+00 1.39339800e+01 1.05920800e+03 1.47898000e+02 1.40231900e-01 1.60778500e-01 3.45615000e+03 1.04678300e-02 8.03239100e-01 4.44342700e-01 7.12498400e+01 6.57402100e+02 8.16165700e+01 1.56324800e+03 8.84740900e+01 2.02206400e+03 9.41970400e+01 2.35051600e+03 2.36164300e+02 5.82290300e+03 4.70444700e-01 7.49670300e-01 4.84577000e-01 6.62522900e-01 4.80966600e-01 6.19188700e-01 4.74489100e-01 5.88664700e-01 2.96100300e-01 3.04484000e-01 3.19914200e+01 1.07028800e+02 3.43245400e+01 9.63642200e+00 3.96724900e+02 2.44079500e+01 1.15156700e+04 7.07581000e+02 4.14784200e-01 2.81231800e-01 1.17192200e+01 6.34807100e+00 1.19464400e+04 1.24152300e+01
6.76606900e-01 6.33514400e+03 2.20455400e-02 1.20951500e-01 1.04044400e+00 4.38511300e-02 3.01081400e+00 3.01516200e+00 9.57854700e-01 9.95002600e-01 2.42945500e+02 4.04330400e+01 1.12147300e+02 3.25350200e+01 2.72394500e+00 6.81676700e-01 1.81426000e-01 2.59414000e-02 4.81194400e+00 6.34902100e-01 8.09464100e-01 1.07930900e+00 1.12154900e+00 9.96384800e-01 1.00266200e+00 9.99560800e-01 9.95126400e-01 6.61895800e+01 6.72129000e-01 3.27871000e-01 1.43642200e-01 9.50761800e-02 8.02266900e-01 8.38706000e-01 4.59378200e-01 6.07078200e-01 9.86107100e-01 9.75505300e+01 2.44308100e+00 6.64825400e+00 2.03924000e+00 1.86801300e+00 1.22969200e+03 5.66571400e+03 2.51271100e+03 8.06163700e+02 2.26965900e+02 9.57854700e-01 2.44788400e-01 2.46112700e-01 2.63511600e+00 1.38853600e+01 1.09038200e+03 1.44609400e+02 1.04067700e+00 1.38957000e+01 1.05920800e+03 1.47380500e+02 1.40445500e-01 1.60976200e-01 3.43341700e+03 1.04543300e-02 8.06492100e-01 4.46051800e-01 7.16226500e+01 6.53798500e+02 8.19809900e+01 1.55527600e+03 8.88367000e+01 2.01213700e+03 9.45598700e+01 2.33928900e+03 2.36707100e+02 5.80158000e+03 4.62552100e-01 7.39755500e-01 4.77048900e-01 6.54013900e-01 4.73769600e-01 6.11339700e-01 4.67568600e-01 5.81266000e-01 2.92461600e-01 3.00843300e-01 3.03670800e+01 1.06637600e+02 3.35151100e+01 8.91222600e+00 3.96190600e+02 2.46156100e+01 1.15076500e+04 7.07438100e+02 3.60445400e-01 3.45745400e-01 1.09006800e+01 1.38738300e+01 1.19373700e+04 1.16068800e+01
7.45584100e-01 6.33288100e+03 2.22513000e-02 1.19586900e-01 1.04052000e+00 4.96148200e-02 2.98353600e+00 3.02022600e+00 9.63538900e-01 9.94539600e-01 2.34161800e+02 3.10290200e+01 1.02857800e+02 3.56468500e+01 4.67877200e+00 9.17678700e-01 2.16366500e-01 5.79141200e-01 3.29063800e+00 1.08811800e+00 9.89162100e-01 1.02979800e+00 1.20531900e+00 9.98389400e-01 1.00138800e+00 1.00107000e+00 9.97341600e-01 6.65411400e+01 6.78201700e-01 3.21798300e-01 1.42483400e-01 9.48100500e-02 8.01629000e-01 8.30241900e-01 4.54742200e-01 6.03767000e-01 9.82716600e-01 9.82468600e+01 2.42775400e+00 7.20672600e+00 2.04959200e+00 1.85597700e+00 1.21309100e+03 5.64195900e+03 2.50705900e+03 8.07978400e+02 2.28330700e+02 9.63538900e-01 2.44506700e-01 2.45829900e-01 2.58631900e+00 1.38852700e+01 1.08997400e+03 1.44942600e+02 1.04075200e+00 1.39267100e+01 1.05958900e+03 1.47648300e+02 1.40431000e-01 1.60634200e-01 3.41816400e+03 1.03887400e-02 8.09777000e-01 4.47619800e-01 7.19056900e+01 6.50781300e+02 8.21503100e+01 1.54956000e+03 8.89398900e+01 2.00568800e+03 9.46120900e+01 2.33256000e+03 2.35924600e+02 5.80099100e+03 4.58440600e-01 7.39749000e-01 4.74286000e-01 6.54638300e-01 4.71705000e-01 6.12181900e-01 4.65976400e-01 5.82226000e-01 2.93174400e-01 3.01814900e-01 2.43170600e+01 1.03049000e+02 3.07975100e+01 9.02278200e+00 3.95686100e+02 2.32522300e+01 1.15143500e+04 7.07133400e+02 2.10493900e-01 5.80430900e-01 8.15160600e+00 7.37534900e+00 1.19423100e+04 8.94253100e+00
1.02025000e+00 6.33091500e+03 2.23651600e-02 1.22720800e-01 1.04021200e+00 5.48649500e-02 3.27440800e+00 3.05281700e+00 9.67377800e-01 1.00066600e+00 2.52241700e+02 3.97847400e+01 1.02593200e+02 4.10332600e+01 1.25916100e+00 7.03410500e-01 6.46061400e-02 1.00900300e-01 7.48930800e+00 1.06219200e+00 9.22039700e-01 8.92627200e-01 1.16329500e+00 9.98187400e-01 1.00017500e+00 1.01086900e+00 9.99388000e-01 6.88006600e+01 6.92130200e-01 3.07869800e-01 1.45731100e-01 1.00264000e-01 8.16990100e-01 8.27636700e-01 4.53315300e-01 6.08567300e-01 9.84964400e-01 9.99427300e+01 2.44020500e+00 7.81097400e+00 2.11749000e+00 1.89743200e+00 1.23541100e+03 5.75928000e+03 2.53701500e+03 8.10706400e+02 2.27304500e+02 9.67377800e-01 2.48402000e-01 2.49739400e-01 2.66536900e+00 1.35975000e+01 1.09038400e+03 1.42626300e+02 1.04025200e+00 1.37107500e+01 1.06031400e+03 1.45264200e+02 1.41940100e-01 1.61429700e-01 3.36395100e+03 1.04233700e-02 8.19798900e-01 4.52767600e-01 7.41171100e+01 6.30371800e+02 8.43064700e+01 1.50425600e+03 9.10807400e+01 1.94919400e+03 9.67501400e+01 2.26861500e+03 2.39029600e+02 5.67932000e+03 4.58212100e-01 7.55305900e-01 4.77519500e-01 6.69916000e-01 4.76535900e-01 6.27093300e-01 4.71814700e-01 5.96793500e-01 3.01025600e-01 3.10521900e-01 3.21982200e+01 1.09150800e+02 3.45504700e+01 8.87527500e+00 3.96262200e+02 2.35844200e+01 1.15185600e+04 7.06653600e+02 1.26511400e-02 1.40705700e+00 4.07220500e+00 2.39970400e+00 1.19472900e+04 5.49191300e+00
8.91941100e-01 6.33177700e+03 2.19616300e-02 1.16424400e-01 1.04150600e+00 4.76956700e-02 2.85373800e+00 3.02653100e+00 9.56934300e-01 1.00319800e+00 2.52128700e+02 5.33313500e+01 1.16266700e+02 3.86986100e+01 4.24613300e+00 6.38595200e-01 6.79074800e-01 2.88626500e-01 3.33957500e-01 7.60367700e-01 8.00419200e-01 9.99030900e-01 8.66802200e-01 9.97845500e-01 1.00058800e+00 1.00092200e+00 9.92339600e-01 6.62262000e+01 6.83005000e-01 3.16995000e-01 1.39031100e-01 9.20750400e-02 7.97726800e-01 8.20011200e-01 4.49138600e-01 5.98573200e-01 9.80255500e-01 9.90114100e+01 2.43974900e+00 7.00225800e+00 2.06255700e+00 1.87489900e+00 1.24522200e+03 5.75383100e+03 2.54611000e+03 8.19250000e+02 2.31384000e+02 9.56934300e-01 2.42613100e-01 2.43929400e-01 2.59548800e+00 1.40104300e+01 1.08993100e+03 1.46669800e+02 1.04186200e+00 1.40776700e+01 1.05855900e+03 1.49504900e+02 1.38786000e-01 1.60795400e-01 3.39461200e+03 1.02261300e-02 8.13832200e-01 4.49974600e-01 7.14908600e+01 6.54202000e+02 8.15533700e+01 1.55888100e+03 8.82294700e+01 2.01851600e+03 9.38102300e+01 2.34810200e+03 2.33190400e+02 5.85279600e+03 4.53222300e-01 7.36615300e-01 4.70066900e-01 6.52374800e-01 4.68054200e-01 6.10275600e-01 4.62728800e-01 5.80542900e-01 2.92529600e-01 3.01338000e-01 3.23535600e+01 1.08545900e+02 3.32168400e+01 8.86474400e+00 3.95748000e+02 2.43141800e+01 1.15146600e+04 7.06933000e+02 8.90965100e-02 9.26576500e-01 5.48477200e+00 6.53215000e+00 1.19435900e+04 6.50044500e+00
9.10173400e-01 6.33095000e+03 2.21447100e-02 1.18768700e-01 1.04130600e+00 5.02039700e-02 3.04180700e+00 3.03752700e+00 9.64648000e-01 1.00235800e+00 2.54495200e+02 5.01569500e+01 1.24477100e+02 3.20878100e+01 2.56784900e+00 6.61512900e-01 1.24677400e-01 1.80073200e-02 4.14985100e+00 1.14842500e+00 8.76816000e-01 9.98899600e-01 1.05735400e+00 9.98886000e-01 1.00024800e+00 9.93217500e-01 9.91211600e-01 6.76800500e+01 6.90960000e-01 3.09040000e-01 1.41558600e-01 9.58069100e-02 8.05677700e-01 8.17726500e-01 4.47887300e-01 6.00710300e-01 9.79334400e-01 9.99573200e+01 2.42707400e+00 7.28607200e+00 2.08536100e+00 1.88614300e+00 1.23504600e+03 5.75448200e+03 2.54719300e+03 8.18088500e+02 2.30398600e+02 9.64648000e-01 2.45246800e-01 2.46572800e-01 2.62703900e+00 1.38077300e+01 1.09009300e+03 1.44943800e+02 1.04152100e+00 1.39165500e+01 1.05932200e+03 1.47691000e+02 1.40078300e-01 1.61156400e-01 3.36928400e+03 1.02805300e-02 8.18897700e-01 4.52484300e-01 7.29313200e+01 6.40704200e+02 8.29878800e+01 1.52863500e+03 8.96721200e+01 1.98060200e+03 9.52653300e+01 2.30502100e+03 2.35546000e+02 5.76725700e+03 4.52633100e-01 7.44737700e-01 4.71422700e-01 6.60422800e-01 4.70320000e-01 6.18157700e-01 4.65573400e-01 5.88259400e-01 2.96705200e-01 3.05997500e-01 3.41665100e+01 1.09477000e+02 3.48322600e+01 9.07535600e+00 3.95740800e+02 2.33684300e+01 1.15190500e+04 7.06681900e+02 1.11757800e-02 1.40705700e+00 3.86312700e+00 2.70688800e+00 1.19472300e+04 5.28136000e+00
6.45051000e-01 6.33333500e+03 2.20100400e-02 1.17595500e-01 1.04134600e+00 4.66978900e-02 2.95618900e+00 3.02481600e+00 9.63748300e-01 1.00187200e+00 2.07781000e+02 4.23218700e+01 1.15132100e+02 3.50793700e+01 5.18829400e+00 6.82092400e-01 3.55285400e-01 1.11781400e-01 1.81865600e+00 6.92576700e-01 1.05286900e+00 1.01740400e+00 1.14514800e+00 9.97028000e-01 1.00109700e+00 1.00322400e+00 9.96433900e-01 6.69989000e+01 6.87557900e-01 3.12442100e-01 1.40250700e-01 9.39664200e-02 7.99451400e-01 8.15861100e-01 4.46865500e-01 5.97701700e-01 9.76693300e-01 9.95569200e+01 2.41767100e+00 6.91375700e+00 2.05902200e+00 1.87542500e+00 1.22827800e+03 5.72107700e+03 2.54155200e+03 8.17864000e+02 2.30634800e+02 9.63748300e-01 2.44035000e-01 2.45356600e-01 2.62260300e+00 1.39054800e+01 1.09007700e+03 1.45790400e+02 1.04162600e+00 1.39964200e+01 1.05886500e+03 1.48594900e+02 1.39361200e-01 1.61061200e-01 3.37684800e+03 1.02441900e-02 8.17113100e-01 4.51652200e-01 7.22501800e+01 6.46995000e+02 8.23019500e+01 1.54280900e+03 8.89777800e+01 1.99842200e+03 9.45615100e+01 2.32531400e+03 2.34348900e+02 5.80847200e+03 4.51326900e-01 7.38648100e-01 4.69214400e-01 6.54656200e-01 4.67722400e-01 6.12608500e-01 4.62741600e-01 5.82884900e-01 2.93872200e-01 3.02920700e-01 3.11291200e+01 1.06363200e+02 3.26842300e+01 9.66907400e+00 3.95884300e+02 2.30329300e+01 1.15195100e+04 7.06776800e+02 3.52617700e-02 1.21731700e+00 4.40556900e+00 6.13661000e+00 1.19481000e+04 5.65814800e+00
1.03069900e+00 6.33330200e+03 2.20642900e-02 1.15570000e-01 1.04209300e+00 5.39964800e-02 2.81116300e+00 3.03389400e+00 9.60352300e-01 1.00098500e+00 2.14863100e+02 2.14237300e+01 1.12215300e+02 3.09530100e+01 4.03653500e+00 7.16785100e-01 1.40339500e-01 2.31914400e-01 4.52948700e+00 1.01926200e+00 1.19948200e+00 1.02656200e+00 1.19697600e+00 9.96993800e-01 9.99119900e-01 9.97047400e-01 9.95326000e-01 6.63031000e+01 6.85449800e-01 3.14550200e-01 1.38279500e-01 9.16835700e-02 8.00136100e-01 8.19310000e-01 4.48754600e-01 5.99220100e-01 9.82645700e-01 9.93532500e+01 2.43858500e+00 7.61871300e+00 2.07779800e+00 1.86510200e+00 1.23356400e+03 5.72389300e+03 2.54120000e+03 8.20680700e+02 2.32611500e+02 9.60352300e-01 2.42071700e-01 2.43386000e-01 2.56114900e+00 1.40246400e+01 1.08968200e+03 1.47042900e+02 1.04246800e+00 1.41052700e+01 1.05871200e+03 1.49847100e+02 1.38681600e-01 1.60601600e-01 3.39609700e+03 1.02005600e-02 8.14276600e-01 4.50143200e-01 7.15358500e+01 6.53609400e+02 8.15417600e+01 1.55807000e+03 8.81840000e+01 2.01785700e+03 9.37381700e+01 2.34765500e+03 2.32632300e+02 5.85847100e+03 4.53047800e-01 7.39079400e-01 4.70490500e-01 6.54818600e-01 4.68756500e-01 6.12669900e-01 4.63607800e-01 5.82887400e-01 2.93810200e-01 3.02757200e-01 2.30015500e+01 1.03857300e+02 2.68721100e+01 8.66358000e+00 3.96056900e+02 2.37693600e+01 1.15205200e+04 7.06845000e+02 5.17696000e-02 1.09677200e+00 4.67988800e+00 4.92222800e+00 1.19490100e+04 5.82842900e+00
1.00243800e+00 6.33277500e+03 2.18798500e-02 1.12061300e-01 1.04222300e+00 5.47996100e-02 2.56392300e+00 3.02028300e+00 9.51292600e-01 9.98760800e-01 2.26082900e+02 3.21699100e+01 1.09178600e+02 3.45684200e+01 4.14415800e+00 6.74528400e-01 4.13225800e-01 5.60471200e-01 3.42374600e+00 8.84355000e-01 1.03270600e+00 1.00227600e+00 1.12945000e+00 9.97515800e-01 1.00154000e+00 1.00134900e+00 1.00044300e+00 6.45159900e+01 6.76655000e-01 3.23345000e-01 1.34586300e-01 8.68296800e-02 7.88585600e-01 8.18693400e-01 4.48416800e-01 5.94655400e-01 9.81782200e-01 9.83228500e+01 2.45082400e+00 7.64923100e+00 2.04970900e+00 1.83693600e+00 1.23816100e+03 5.69374000e+03 2.52547900e+03 8.18344400e+02 2.32993800e+02 9.51292600e-01 2.38496200e-01 2.39797300e-01 2.50744300e+00 1.43018900e+01 1.08934500e+03 1.49495400e+02 1.04277200e+00 1.43363500e+01 1.05779600e+03 1.52400700e+02 1.36946700e-01 1.60014700e-01 3.42225900e+03 1.01014500e-02 8.09012300e-01 4.47522800e-01 6.97401500e+01 6.71106600e+02 7.97148200e+01 1.59756800e+03 8.63232000e+01 2.06757600e+03 9.18429500e+01 2.40433100e+03 2.29248400e+02 5.97519100e+03 4.51982100e-01 7.27573200e-01 4.67237500e-01 6.43714400e-01 4.64526900e-01 6.01906600e-01 4.58775700e-01 5.72417100e-01 2.88237600e-01 2.96637700e-01 2.48573900e+01 1.04413400e+02 2.75980900e+01 8.35858500e+00 3.96285100e+02 2.50429100e+01 1.15173500e+04 7.07205600e+02 1.92413800e-01 6.25207500e-01 7.29462900e+00 3.20070000e+00 1.19470300e+04 8.11225000e+00
8.45202900e-01 6.33109500e+03 2.21905800e-02 1.20480300e-01 1.04131100e+00 5.41501100e-02 3.12866200e+00 3.04511400e+00 9.73280800e-01 1.00021000e+00 2.44028300e+02 4.52816500e+01 1.16693500e+02 3.04334800e+01 8.07727200e-01 5.34599200e-01 3.13243400e-01 5.51719600e-01 6.98754500e+00 1.01640500e+00 8.12141800e-01 1.04505900e+00 1.02441000e+00 9.98149700e-01 1.00174300e+00 1.00297800e+00 9.96905400e-01 6.81268300e+01 6.91213500e-01 3.08786500e-01 1.43316000e-01 9.76366400e-02 8.14359600e-01 8.26199100e-01 4.52527900e-01 6.07058900e-01 9.86636400e-01 9.99766300e+01 2.42077300e+00 7.72552500e+00 2.10124300e+00 1.88556800e+00 1.21210500e+03 5.69167200e+03 2.54206600e+03 8.18140700e+02 2.30578400e+02 9.73280800e-01 2.46423000e-01 2.47753200e-01 2.64858900e+00 1.37205500e+01 1.09027100e+03 1.44033600e+02 1.04145800e+00 1.38299900e+01 1.05962800e+03 1.46750700e+02 1.40770600e-01 1.61367500e-01 3.37196800e+03 1.03485600e-02 8.18606500e-01 4.52299700e-01 7.34063100e+01 6.36541800e+02 8.35222400e+01 1.51875900e+03 9.02462900e+01 1.96784300e+03 9.58729900e+01 2.29020200e+03 2.37011000e+02 5.73081900e+03 4.57350100e-01 7.52784400e-01 4.76392000e-01 6.67581800e-01 4.75304000e-01 6.24867900e-01 4.70524400e-01 5.94650800e-01 2.99926100e-01 3.09336200e-01 3.16125900e+01 1.07999100e+02 3.11031700e+01 9.22978600e+00 3.96034800e+02 2.20351300e+01 1.15201500e+04 7.06675600e+02 1.05594100e-02 1.40705700e+00 3.85978700e+00 2.78869500e+00 1.19474500e+04 5.27740400e+00
5.79936000e-01 6.33034300e+03 2.19274900e-02 1.17996500e-01 1.04120600e+00 5.10680200e-02 2.95868600e+00 3.03029600e+00 9.68138300e-01 1.00188400e+00 2.26432800e+02 3.82426000e+01 1.01997700e+02 4.09752700e+01 2.34329700e+00 6.29859700e-01 4.86544500e-01 5.32420800e-01 7.74311600e+00 9.15196100e-01 7.98008500e-01 8.60635800e-01 8.71562700e-01 9.96997000e-01 1.00035500e+00 9.95529500e-01 9.94701800e-01 6.67718500e+01 6.84715200e-01 3.15284800e-01 1.40569100e-01 9.38605900e-02 8.04542900e-01 8.24783700e-01 4.51752600e-01 6.02871800e-01 9.84583400e-01 9.92026900e+01 2.42016600e+00 7.40203900e+00 2.07033500e+00 1.86932000e+00 1.21207900e+03 5.66250800e+03 2.53464500e+03 8.17248900e+02 2.30737700e+02 9.68138300e-01 2.44028400e-01 2.45350000e-01 2.63926100e+00 1.39170100e+01 1.09022100e+03 1.45735500e+02 1.04149800e+00 1.39928700e+01 1.05867400e+03 1.48569600e+02 1.39315300e-01 1.61155100e-01 3.38340400e+03 1.02658200e-02 8.15599000e-01 4.50919600e-01 7.20534600e+01 6.48968000e+02 8.21507600e+01 1.54682700e+03 8.88525600e+01 2.00318000e+03 9.44560100e+01 2.33048400e+03 2.34528800e+02 5.81359400e+03 4.55995700e-01 7.43075800e-01 4.73367100e-01 6.58277900e-01 4.71536600e-01 6.15872500e-01 4.66300700e-01 5.85913100e-01 2.95289800e-01 3.04260900e-01 3.03649200e+01 1.08425400e+02 3.23367800e+01 9.78825300e+00 3.95745200e+02 2.20209000e+01 1.15145600e+04 7.06870400e+02 6.72945800e-02 1.03858200e+00 5.07765300e+00 5.51279700e+00 1.19421200e+04 6.18353000e+00
8.65400900e-01 6.33590700e+03 2.18160600e-02 1.14207300e-01 1.04174700e+00 5.82469900e-02 2.72204900e+00 3.03308300e+00 9.61120000e-01 1.00077900e+00 2.06665100e+02 2.36089200e+01 9.57703200e+01 3.47024500e+01 3.55107900e+00 7.92169600e-01 2.36031600e-01 6.17887900e-01 7.94952700e+00 9.96814500e-01 7.81119000e-01 1.13952400e+00 1.31071700e+00 9.98538500e-01 1.00313000e+00 9.97168200e-01 9.91019000e-01 6.54241900e+01 6.80705400e-01 3.19294600e-01 1.36668500e-01 8.94142400e-02 7.98871500e-01 8.24161000e-01 4.51411600e-01 6.00516300e-01 9.87660600e-01 9.87858600e+01 2.44111700e+00 8.06732200e+00 2.07611500e+00 1.84781600e+00 1.21960300e+03 5.65603900e+03 2.52818300e+03 8.18267400e+02 2.32273300e+02 9.61120000e-01 2.40706700e-01 2.42016000e-01 2.57593300e+00 1.41531800e+01 1.08978400e+03 1.48085500e+02 1.04220900e+00 1.42088100e+01 1.05794900e+03 1.50992800e+02 1.37677500e-01 1.60594000e-01 3.39832400e+03 1.01440100e-02 8.12849200e-01 4.49571500e-01 7.06625600e+01 6.62041100e+02 8.06661700e+01 1.57699600e+03 8.72997900e+01 2.04160500e+03 9.28434600e+01 2.37466200e+03 2.31133300e+02 5.91266400e+03 4.55319500e-01 7.37454100e-01 4.71683300e-01 6.52880700e-01 4.69405900e-01 6.10651600e-01 4.63895700e-01 5.80840800e-01 2.92613900e-01 3.01318500e-01 2.37991500e+01 1.05505700e+02 3.00348400e+01 8.83374200e+00 3.97102100e+02 2.29707400e+01 1.15197000e+04 7.07024400e+02 1.17718200e-01 8.20176000e-01 5.94848000e+00 9.29716900e+00 1.19486100e+04 6.88637400e+00
2.87621200e-01 6.34368600e+03 2.20483600e-02 1.20862400e-01 1.04095900e+00 7.18639600e-02 3.10828800e+00 3.08805000e+00 9.73479000e-01 1.00589700e+00 1.96450900e+02 4.55301300e+01 1.31733700e+02 2.40886400e+01 7.62215600e+00 6.72904700e-01 5.08022500e-01 4.57950300e-01 1.71546900e+00 7.63173800e-01 8.68996400e-01 1.29263700e+00 1.29959900e+00 9.98290200e-01 1.00094300e+00 9.97295500e-01 9.92438000e-01 6.75225800e+01 6.85136000e-01 3.14864000e-01 1.43555900e-01 9.69326700e-02 8.34256700e-01 8.54674100e-01 4.68124300e-01 6.24928700e-01 1.01525500e+00 9.91990500e+01 2.48251800e+00 9.50470000e+00 2.19342500e+00 1.89977700e+00 1.22357700e+03 5.70700300e+03 2.55909200e+03 8.23552800e+02 2.32590200e+02 9.73479000e-01 2.46091100e-01 2.47420200e-01 2.66892800e+00 1.37677700e+01 1.09046700e+03 1.44144600e+02 1.04113700e+00 1.38449200e+01 1.05928400e+03 1.46912400e+02 1.40566900e-01 1.61427100e-01 3.38680400e+03 1.03800100e-02 8.15245900e-01 4.50642100e-01 7.28532900e+01 6.41815200e+02 8.30526000e+01 1.52987100e+03 8.98227000e+01 1.98128200e+03 9.54835300e+01 2.30505700e+03 2.37019300e+02 5.75121500e+03 4.72565500e-01 7.70555600e-01 4.90664300e-01 6.82660500e-01 4.88811200e-01 6.38700000e-01 4.83412600e-01 6.07639600e-01 3.06235000e-01 3.15565900e-01 3.10035600e+01 1.08780600e+02 3.22529500e+01 1.12054700e+01 4.03385900e+02 2.21431800e+01 1.15224300e+04 7.06855800e+02 6.88208500e-02 1.03858200e+00 5.19011400e+00 1.50566400e+01 1.19591600e+04 6.29751700e+00
5.31576200e-01 6.33610600e+03 2.24640900e-02 1.23197900e-01 1.04077800e+00 6.93375300e-02 3.32539300e+00 3.08610100e+00 9.82616400e-01 1.00222400e+00 2.22880300e+02 3.91147100e+01 1.27948100e+02 2.54508400e+01 6.51549500e+00 5.40715500e-01 7.45250300e-01 1.50487100e-01 2.50314600e+00 6.97563700e-01 7.95645800e-01 1.12190900e+00 9.39739800e-01 9.97888400e-01 9.98836500e-01 9.95027300e-01 9.97169800e-01 6.95001200e+01 6.97103500e-01 3.02896500e-01 1.46307100e-01 1.01683600e-01 8.35847300e-01 8.39872600e-01 4.60017200e-01 6.20084000e-01 1.00261500e+00 1.00629000e+02 2.44491600e+00 9.22699000e+00 2.18915500e+00 1.90568300e+00 1.20833800e+03 5.71431300e+03 2.55532800e+03 8.21815800e+02 2.31565600e+02 9.82616400e-01 2.49096900e-01 2.50436800e-01 2.66423900e+00 1.35223500e+01 1.09034800e+03 1.42190400e+02 1.04077900e+00 1.36619200e+01 1.06061900e+03 1.44789600e+02 1.42337300e-01 1.61554600e-01 3.35502300e+03 1.04301700e-02 8.22192600e-01 4.53956100e-01 7.47858200e+01 6.24383600e+02 8.49325400e+01 1.49114200e+03 9.16861800e+01 1.93297200e+03 9.73419400e+01 2.25036900e+03 2.39664400e+02 5.64733800e+03 4.65432000e-01 7.73252600e-01 4.86330100e-01 6.86400500e-01 4.85931900e-01 6.42759900e-01 4.81517900e-01 6.11849500e-01 3.08822000e-01 3.18801400e-01 2.95875600e+01 1.05694100e+02 2.94358300e+01 1.02740800e+01 4.01366600e+02 2.14087600e+01 1.15199000e+04 7.06558700e+02 8.05123900e-04 1.81943000e+00 3.45445800e+00 7.42523100e+00 1.19529500e+04 5.27469300e+00
9.02381400e-01 6.33379400e+03 2.22116900e-02 1.17092800e-01 1.04115600e+00 5.34484200e-02 2.93837500e+00 3.04092300e+00 9.67463800e-01 1.00466200e+00 2.29049900e+02 3.24749300e+01 6.12501800e+01 6.10586500e+01 7.67946900e+00 5.94105500e-01 9.31102400e-01 3.93753700e-01 2.73542900e+00 9.99133000e-01 7.78280100e-01 7.85762900e-01 8.45883900e-01 9.99040200e-01 1.00229100e+00 9.89714700e-01 9.89926600e-01 6.70721400e+01 6.88908900e-01 3.11091100e-01 1.39949700e-01 9.38672500e-02 8.04926400e-01 8.19670500e-01 4.48952100e-01 6.01143400e-01 9.82845100e-01 9.96656700e+01 2.42705200e+00 7.56988500e+00 2.09245600e+00 1.88031900e+00 1.22579400e+03 5.74051800e+03 2.55328500e+03 8.24483500e+02 2.33399000e+02 9.67463800e-01 2.43877900e-01 2.45198900e-01 2.57810000e+00 1.39072400e+01 1.08975700e+03 1.45858700e+02 1.04143500e+00 1.40055400e+01 1.05928400e+03 1.48594700e+02 1.39585900e-01 1.60697200e-01 3.37774400e+03 1.02345000e-02 8.17354300e-01 4.51621800e-01 7.23072600e+01 6.46385600e+02 8.23318000e+01 1.54168400e+03 8.89916100e+01 1.99718000e+03 9.45629000e+01 2.32404400e+03 2.34138700e+02 5.80905500e+03 4.53554800e-01 7.43840000e-01 4.71866800e-01 6.59404100e-01 4.70523000e-01 6.17112100e-01 4.65615700e-01 5.87207500e-01 2.96106800e-01 3.05281200e-01 2.81774600e+01 1.03145700e+02 3.02335700e+01 9.03760500e+00 3.95904700e+02 2.23684500e+01 1.15160300e+04 7.06736800e+02 2.77876200e-02 1.27934900e+00 4.30951000e+00 1.18966100e+01 1.19433400e+04 5.61664700e+00
7.48976700e-01 6.32910200e+03 2.21696600e-02 1.19518700e-01 1.04078500e+00 5.76924500e-02 3.13675500e+00 3.04782400e+00 9.75224100e-01 1.00050600e+00 2.11519800e+02 3.81074900e+01 1.03148000e+02 4.65764600e+01 6.46629000e+00 4.76906000e-01 9.41746600e-01 1.21538000e-02 2.10996300e-01 1.02714700e+00 1.02393300e+00 8.82978900e-01 8.39755800e-01 9.97514400e-01 9.99804900e-01 9.95432200e-01 1.00199600e+00 6.83685300e+01 6.95494800e-01 3.04505200e-01 1.42333500e-01 9.73113500e-02 8.12186300e-01 8.18262100e-01 4.48180600e-01 6.03329200e-01 9.82262500e-01 1.00492500e+02 2.41102700e+00 8.07342500e+00 2.10694600e+00 1.87733700e+00 1.20557900e+03 5.68025100e+03 2.53457400e+03 8.15658100e+02 2.29725200e+02 9.75224100e-01 2.46521300e-01 2.47851900e-01 2.65545900e+00 1.37258900e+01 1.09022300e+03 1.44255900e+02 1.04092700e+00 1.38584000e+01 1.05951300e+03 1.46986500e+02 1.40475400e-01 1.61375100e-01 3.34514500e+03 1.02717800e-02 8.23034300e-01 4.54614300e-01 7.35936600e+01 6.34614800e+02 8.36219400e+01 1.51518500e+03 9.02942500e+01 1.96388300e+03 9.58807300e+01 2.28614400e+03 2.36334500e+02 5.73254500e+03 4.53346500e-01 7.51203800e-01 4.73295000e-01 6.66652600e-01 4.72716900e-01 6.24194900e-01 4.68296600e-01 5.94132400e-01 2.99840800e-01 3.09440500e-01 3.03663600e+01 1.07714900e+02 3.13729700e+01 9.56216800e+00 3.96676800e+02 2.16188400e+01 1.15157500e+04 7.06584900e+02 1.96632300e-06 1.74777200e+00 3.46365400e+00 2.79842200e+00 1.19436100e+04 5.21142800e+00
9.14802300e-01 6.33379500e+03 2.23769000e-02 1.22300700e-01 1.04048400e+00 6.09842100e-02 3.28054000e+00 3.06605900e+00 9.76797700e-01 1.00276400e+00 2.42028500e+02 4.69151000e+01 9.37860900e+01 4.89392000e+01 6.84620900e+00 4.16183600e-01 9.68962600e-01 2.42474800e-01 1.75054500e+00 8.52898600e-01 1.14262400e+00 9.23266700e-01 1.05458800e+00 9.98042600e-01 9.99569500e-01 1.00167000e+00 9.99762400e-01 6.91229200e+01 6.95848800e-01 3.04151200e-01 1.45322800e-01 1.00451400e-01 8.24062300e-01 8.29744000e-01 4.54469500e-01 6.11973200e-01 9.91171900e-01 1.00455600e+02 2.43204800e+00 8.41827400e+00 2.14571800e+00 1.89933800e+00 1.21595400e+03 5.72756000e+03 2.54778300e+03 8.17750400e+02 2.29958700e+02 9.76797700e-01 2.48485800e-01 2.49823500e-01 2.66523500e+00 1.35803000e+01 1.09033900e+03 1.42692700e+02 1.04052400e+00 1.37135500e+01 1.06031400e+03 1.45329000e+02 1.41856500e-01 1.61491900e-01 3.35180300e+03 1.03898900e-02 8.22273300e-01 4.54056100e-01 7.44020700e+01 6.27692700e+02 8.45303600e+01 1.49874800e+03 9.12698000e+01 1.94263700e+03 9.69127600e+01 2.26146000e+03 2.38815800e+02 5.67169400e+03 4.59707400e-01 7.62223600e-01 4.80029200e-01 6.76470500e-01 4.79486400e-01 6.33403200e-01 4.75031500e-01 6.02906700e-01 3.04263200e-01 3.14033500e-01 3.48592200e+01 1.08011600e+02 3.12418000e+01 9.16830200e+00 3.97768900e+02 2.18314000e+01 1.15223700e+04 7.06578800e+02 4.78248700e-05 1.67729600e+00 3.54668400e+00 4.64581100e+00 1.19511400e+04 5.22402800e+00
5.32620200e-01 6.33654900e+03 2.24254900e-02 1.23333000e-01 1.03981400e+00 5.08607700e-02 3.37245900e+00 3.04732400e+00 9.77255600e-01 1.00357200e+00 2.81337400e+02 3.92753000e+01 8.80409300e+01 4.59929900e+01 5.24231700e-01 6.30600900e-01 5.59071100e-01 7.12776700e-01 8.75202300e+00 9.53406800e-01 1.16963000e+00 1.02485100e+00 1.19806700e+00 9.97354700e-01 1.00447800e+00 1.00378900e+00 9.97644500e-01 6.96283000e+01 6.98018500e-01 3.01981500e-01 1.46403600e-01 1.01938300e-01 8.16411800e-01 8.19103500e-01 4.48641400e-01 6.05207500e-01 9.78399800e-01 1.00665400e+02 2.40441100e+00 7.40203900e+00 2.10589200e+00 1.90221200e+00 1.21417700e+03 5.73776600e+03 2.54399600e+03 8.14452800e+02 2.28195300e+02 9.77255600e-01 2.49686400e-01 2.51028400e-01 2.68764900e+00 1.35085500e+01 1.09045400e+03 1.41962000e+02 1.03979200e+00 1.36529200e+01 1.06054300e+03 1.44575400e+02 1.42366200e-01 1.61628300e-01 3.33692000e+03 1.04054500e-02 8.24689600e-01 4.55264700e-01 7.49117400e+01 6.23267000e+02 8.50497500e+01 1.48870000e+03 9.17990700e+01 1.92995500e+03 9.74519200e+01 2.24697700e+03 2.39775600e+02 5.64146300e+03 4.53977900e-01 7.55368800e-01 4.74602600e-01 6.70631700e-01 4.74327200e-01 6.28038200e-01 4.70093700e-01 5.97863300e-01 3.01797700e-01 3.11598200e-01 3.25990900e+01 1.11176200e+02 3.71991300e+01 1.02831100e+01 3.95760300e+02 2.15358000e+01 1.15230300e+04 7.06545800e+02 1.25502000e-03 1.81943000e+00 3.49568100e+00 1.06246100e+01 1.19506100e+04 5.31636600e+00
7.60468600e-01 6.33410800e+03 2.23080600e-02 1.22302500e-01 1.04064000e+00 5.50166500e-02 3.32299800e+00 3.05657500e+00 9.78047400e-01 1.00358900e+00 2.53598400e+02 4.03383800e+01 1.09391200e+02 3.68467800e+01 4.70908300e+00 6.04793300e-01 7.33594500e-01 5.80193000e-02 5.01544300e+00 1.04980000e+00 9.57287000e-01 1.17182400e+00 1.09893200e+00 9.96974100e-01 1.00387300e+00 9.93726500e-01 1.00440000e+00 6.96063200e+01 7.00197200e-01 2.99802800e-01 1.45255700e-01 1.01107100e-01 8.19730100e-01 8.19460600e-01 4.48837100e-01 6.06568400e-01 9.82531600e-01 1.01069100e+02 2.41106900e+00 7.83844000e+00 2.12546300e+00 1.90399900e+00 1.21522300e+03 5.74029600e+03 2.55289000e+03 8.18187300e+02 2.29491500e+02 9.78047400e-01 2.49008500e-01 2.50348100e-01 2.69325000e+00 1.35404200e+01 1.09046800e+03 1.42539700e+02 1.04065600e+00 1.36971000e+01 1.06016200e+03 1.45201000e+02 1.41783200e-01 1.61769500e-01 3.33183200e+03 1.03564900e-02 8.25915100e-01 4.56012300e-01 7.48490800e+01 6.23635700e+02 8.49197300e+01 1.49009400e+03 9.16275700e+01 1.93210000e+03 9.72472700e+01 2.24975300e+03 2.38906300e+02 5.65449500e+03 4.54383000e-01 7.58661100e-01 4.75580000e-01 6.73801300e-01 4.75565000e-01 6.31109600e-01 4.71494100e-01 6.00851400e-01 3.03403200e-01 3.13355000e-01 3.29253200e+01 1.11523300e+02 3.67691800e+01 9.59602900e+00 3.96137100e+02 2.15983400e+01 1.15184600e+04 7.06520600e+02 1.42705100e-02 2.11648900e+00 3.39960400e+00 1.03709500e+01 1.19457900e+04 5.53036300e+00
3.99755800e-01 6.33793600e+03 2.23661500e-02 1.24039600e-01 1.04037000e+00 5.84727300e-02 3.47958900e+00 3.05714300e+00 9.89275200e-01 9.99265700e-01 2.53064100e+02 4.11901200e+01 1.00817200e+02 4.80094100e+01 5.64130000e+00 8.62326200e-01 2.28145700e-01 1.45160100e-01 2.52816400e+00 8.93240200e-01 1.02638400e+00 8.82329900e-01 1.27914100e+00 9.97952400e-01 1.00195700e+00 9.99324600e-01 1.00876400e+00 7.07525600e+01 7.06246200e-01 2.93753800e-01 1.47050900e-01 1.04042300e-01 8.24308900e-01 8.15682400e-01 4.46767600e-01 6.06856300e-01 9.79983800e-01 1.01852200e+02 2.38143100e+00 8.22296100e+00 2.12667100e+00 1.89195800e+00 1.18204800e+03 5.65092000e+03 2.53190400e+03 8.12076700e+02 2.27372900e+02 9.89275200e-01 2.51024900e-01 2.52371700e-01 2.73599000e+00 1.33969100e+01 1.09069600e+03 1.41328800e+02 1.04028800e+00 1.35855500e+01 1.06054300e+03 1.43955500e+02 1.42596300e-01 1.62167800e-01 3.30617900e+03 1.03804000e-02 8.30779200e-01 4.58499500e-01 7.59790200e+01 6.13937100e+02 8.60330200e+01 1.46834800e+03 9.27392800e+01 1.90484600e+03 9.83621800e+01 2.21879600e+03 2.40589500e+02 5.59376000e+03 4.52782500e-01 7.63526800e-01 4.75466200e-01 6.78821600e-01 4.76190700e-01 6.36104800e-01 4.72607700e-01 6.05789500e-01 3.06139100e-01 3.16491000e-01 3.23630300e+01 1.10159200e+02 3.66810800e+01 1.09095300e+01 3.96695300e+02 2.04752900e+01 1.15292400e+04 7.06493300e+02 7.82557800e-02 2.67357500e+00 3.95918700e+00 5.35071000e+00 1.19573200e+04 6.71101800e+00
5.86277500e-01 6.32787000e+03 2.22102700e-02 1.20573200e-01 1.04065900e+00 5.04433200e-02 3.16449000e+00 3.03390000e+00 9.73940000e-01 9.99212700e-01 2.41290800e+02 3.68902400e+01 1.08485300e+02 3.28875000e+01 2.19868000e+00 6.37269900e-01 8.85371000e-02 2.55165300e-01 8.75536700e+00 7.92667400e-01 5.77327700e-01 1.00315800e+00 1.06495800e+00 9.98018800e-01 1.00177200e+00 1.00109600e+00 9.98097900e-01 6.83099400e+01 6.92625400e-01 3.07374600e-01 1.43428600e-01 9.79759900e-02 8.08562400e-01 8.18440100e-01 4.48278100e-01 6.02047200e-01 9.78298900e-01 1.00092600e+02 2.40232200e+00 7.33795200e+00 2.07781100e+00 1.87841500e+00 1.20567100e+03 5.67586300e+03 2.53074500e+03 8.13770200e+02 2.28953600e+02 9.73940000e-01 2.46904500e-01 2.48236500e-01 2.65727300e+00 1.37015900e+01 1.09028800e+03 1.43818300e+02 1.04078500e+00 1.38182500e+01 1.05970400e+03 1.46527200e+02 1.40886300e-01 1.61372100e-01 3.35864900e+03 1.03321800e-02 8.20600800e-01 4.53311200e-01 7.35780200e+01 6.34956300e+02 8.36806700e+01 1.51531000e+03 9.03980300e+01 1.96359200e+03 9.60201300e+01 2.28543400e+03 2.37148900e+02 5.72273900e+03 4.53190700e-01 7.47563800e-01 4.72407700e-01 6.63104300e-01 4.71491500e-01 6.20740200e-01 4.66858000e-01 5.90761900e-01 2.98017700e-01 3.07432100e-01 3.03942100e+01 1.07460900e+02 3.21149000e+01 9.99458500e+00 3.95734600e+02 2.17583900e+01 1.15079500e+04 7.06642300e+02 6.55498300e-03 1.47275900e+00 3.80425100e+00 8.37878800e+00 1.19354400e+04 5.28356500e+00
9.49560400e-01 6.32928100e+03 2.23059800e-02 1.18929900e-01 1.04029900e+00 5.76059700e-02 3.00366400e+00 3.04481800e+00 9.67971400e-01 1.00026600e+00 2.20877400e+02 3.19359600e+01 1.04566000e+02 3.69008600e+01 5.18986000e+00 6.49109100e-01 3.40643300e-01 4.24856200e-02 1.63704700e+00 1.05054900e+00 9.30396900e-01 1.13247400e+00 1.32112700e+00 9.96851900e-01 1.00364900e+00 9.98111800e-01 9.86332800e-01 6.69769300e+01 6.83718600e-01 3.16281400e-01 1.41881000e-01 9.50275200e-02 8.09678400e-01 8.31359300e-01 4.55354300e-01 6.07198900e-01 9.89349900e-01 9.88993500e+01 2.43922000e+00 8.00323500e+00 2.10062000e+00 1.87202500e+00 1.21759300e+03 5.69327500e+03 2.53199300e+03 8.16864500e+02 2.31138200e+02 9.67971400e-01 2.44801100e-01 2.46125400e-01 2.58290300e+00 1.38625100e+01 1.08986600e+03 1.44970300e+02 1.04051300e+00 1.39325800e+01 1.05966600e+03 1.47661800e+02 1.40382000e-01 1.60622700e-01 3.39439100e+03 1.03305500e-02 8.13995200e-01 4.49778200e-01 7.22863400e+01 6.46953400e+02 8.24432600e+01 1.54177300e+03 8.91830400e+01 1.99647000e+03 9.48175100e+01 2.32254400e+03 2.35588900e+02 5.79093700e+03 4.59564100e-01 7.47715100e-01 4.76810200e-01 6.62274100e-01 4.74845200e-01 6.19564100e-01 4.69492700e-01 5.89396000e-01 2.96996800e-01 3.05979100e-01 2.64787600e+01 1.05520100e+02 2.98092200e+01 8.76620300e+00 3.96821500e+02 2.25493200e+01 1.15068700e+04 7.06906300e+02 1.06469500e-01 8.72797100e-01 6.15228800e+00 9.51634200e+00 1.19350100e+04 7.13155500e+00
1.09064300e+00 6.33435000e+03 2.24776400e-02 1.18425400e-01 1.04040800e+00 5.91700100e-02 3.01347500e+00 3.05576000e+00 9.70533300e-01 1.00412700e+00 2.32364600e+02 2.51342900e+01 1.25426800e+02 2.93807400e+01 3.71729700e+00 7.82293500e-01 1.48565900e-02 1.46576800e-01 3.60795500e+00 9.67050500e-01 1.01235100e+00 1.00845600e+00 1.06000500e+00 9.97906000e-01 9.98436500e-01 9.92850300e-01 9.87072200e-01 6.74456800e+01 6.88831100e-01 3.11168900e-01 1.41548200e-01 9.54681500e-02 8.12276100e-01 8.27258300e-01 4.53108000e-01 6.06670300e-01 9.89069100e-01 9.95185100e+01 2.43923600e+00 8.11309800e+00 2.12373100e+00 1.88671000e+00 1.22434200e+03 5.75358100e+03 2.55459800e+03 8.25323500e+02 2.33908600e+02 9.70533300e-01 2.45000400e-01 2.46325400e-01 2.55469100e+00 1.38294600e+01 1.08961700e+03 1.44920400e+02 1.04059600e+00 1.39266800e+01 1.06004700e+03 1.47553600e+02 1.40587000e-01 1.60456400e-01 3.38191000e+03 1.02993900e-02 8.16803700e-01 4.51119000e-01 7.27089500e+01 6.42821800e+02 8.27918100e+01 1.53316000e+03 8.94902100e+01 1.98612100e+03 9.50937100e+01 2.31116300e+03 2.35469000e+02 5.77657900e+03 4.57751900e-01 7.50620400e-01 4.76206500e-01 6.65401700e-01 4.74837700e-01 6.22719400e-01 4.69877000e-01 5.92539400e-01 2.98780600e-01 3.08039100e-01 2.31914200e+01 1.07033800e+02 2.86580600e+01 8.65641400e+00 3.97122200e+02 2.22606600e+01 1.15228600e+04 7.06739100e+02 4.00366900e-02 1.15641700e+00 4.76343500e+00 5.10155800e+00 1.19509000e+04 5.95988800e+00
8.46099700e-01 6.33191100e+03 2.28070400e-02 1.24361400e-01 1.04045100e+00 5.33682500e-02 3.45230200e+00 3.05852800e+00 9.79045600e-01 1.00225000e+00 2.32928000e+02 5.03372100e+01 1.17794800e+02 3.37688700e+01 6.26062900e+00 8.88654400e-01 1.06262200e-01 8.06253100e-01 2.87714700e+00 1.08637900e+00 8.52024200e-01 1.01340400e+00 1.30792700e+00 9.98282200e-01 9.99683300e-01 9.96967400e-01 9.93685600e-01 7.07342500e+01 7.04569800e-01 2.95430200e-01 1.47813600e-01 1.04554800e-01 8.21649500e-01 8.15367500e-01 4.46595200e-01 6.05759600e-01 9.76948600e-01 1.01524200e+02 2.40661900e+00 7.60650600e+00 2.12961800e+00 1.91402100e+00 1.22182700e+03 5.79355200e+03 2.55437000e+03 8.17929200e+02 2.29397900e+02 9.79045600e-01 2.50856200e-01 2.52202400e-01 2.64312700e+00 1.33792800e+01 1.09013800e+03 1.41054700e+02 1.04034200e+00 1.35584900e+01 1.06157300e+03 1.43529000e+02 1.43503400e-01 1.61464200e-01 3.33495400e+03 1.04525800e-02 8.26688600e-01 4.56032400e-01 7.59869600e+01 6.13991100e+02 8.60890700e+01 1.46807900e+03 9.28247500e+01 1.90423400e+03 9.84710400e+01 2.21786500e+03 2.41152100e+02 5.58662400e+03 4.52469400e-01 7.60887200e-01 4.74699400e-01 6.76278000e-01 4.75215100e-01 6.33638400e-01 4.71500800e-01 6.03389000e-01 3.04849500e-01 3.15074500e-01 3.14755500e+01 1.07207500e+02 3.43095600e+01 9.40871700e+00 3.95878300e+02 2.19529800e+01 1.15178800e+04 7.06494500e+02 4.42503500e-02 2.42950100e+00 3.64616400e+00 6.08422600e+00 1.19451200e+04 6.11991600e+00
7.27271600e-01 6.33045200e+03 2.24054600e-02 1.17654200e-01 1.04081200e+00 4.56515700e-02 2.97280900e+00 3.02928900e+00 9.65297600e-01 1.00534400e+00 2.75568000e+02 4.32803100e+01 9.35552400e+01 4.31065000e+01 5.53916900e-01 5.42609700e-01 4.98623300e-01 6.61935100e-01 7.11958000e+00 1.18243400e+00 7.61133200e-01 9.23598900e-01 9.24595500e-01 9.97849300e-01 1.00300700e+00 9.91462400e-01 9.90371700e-01 6.73175000e+01 6.89506100e-01 3.10493900e-01 1.40704800e-01 9.47189900e-02 7.99328800e-01 8.13188700e-01 4.45401800e-01 5.96676200e-01 9.74230000e-01 9.96632000e+01 2.41629800e+00 6.72454800e+00 2.06825300e+00 1.88777900e+00 1.23521700e+03 5.78729200e+03 2.55835000e+03 8.25215500e+02 2.33407800e+02 9.65297600e-01 2.44425100e-01 2.45748100e-01 2.55363600e+00 1.38641500e+01 1.08959700e+03 1.45384300e+02 1.04103600e+00 1.39653500e+01 1.05978000e+03 1.48049500e+02 1.40169700e-01 1.60488500e-01 3.38020100e+03 1.02659300e-02 8.17196900e-01 4.51386800e-01 7.25609100e+01 6.44083300e+02 8.26053100e+01 1.53633500e+03 8.92791900e+01 1.99034300e+03 9.48626800e+01 2.31616500e+03 2.34787800e+02 5.79098900e+03 4.50022100e-01 7.38723800e-01 4.68335500e-01 6.54930500e-01 4.67068700e-01 6.12951000e-01 4.62241600e-01 5.83263800e-01 2.94134300e-01 3.03276800e-01 3.13603000e+01 1.07368000e+02 3.17819600e+01 9.48579200e+00 3.96056600e+02 2.27712900e+01 1.15089500e+04 7.06720100e+02 2.85706000e-02 1.27934900e+00 4.42052000e+00 1.11946800e+01 1.19372600e+04 5.72843900e+00
1.10449100e+00 6.33152500e+03 2.24076800e-02 1.16481300e-01 1.04120000e+00 5.04652000e-02 2.91225000e+00 3.03867300e+00 9.65114600e-01 1.00523600e+00 2.04139500e+02 3.56608400e+01 9.61379000e+01 4.34447100e+01 5.47110900e+00 8.53119700e-01 1.14440500e-01 4.03873600e-01 1.70032500e+00 9.44884500e-01 9.23281100e-01 9.82844200e-01 1.42856000e+00 9.96392500e-01 1.00152300e+00 9.98305700e-01 9.94477800e-01 6.71563700e+01 6.90610100e-01 3.09389900e-01 1.39534200e-01 9.37060800e-02 8.01195700e-01 8.13637600e-01 4.45647700e-01 5.97537400e-01 9.77676100e-01 9.98450600e+01 2.42595800e+00 7.20672600e+00 2.08775300e+00 1.88732000e+00 1.23810100e+03 5.80005400e+03 2.56515700e+03 8.28840200e+02 2.34960600e+02 9.65114600e-01 2.43603700e-01 2.44923700e-01 2.53233000e+00 1.39113400e+01 1.08943200e+03 1.46003300e+02 1.04147000e+00 1.40189600e+01 1.05966600e+03 1.48675500e+02 1.39752600e-01 1.60351900e-01 3.37969600e+03 1.02221800e-02 8.17556700e-01 4.51580900e-01 7.23692900e+01 6.45708000e+02 8.23583500e+01 1.54048000e+03 8.89971300e+01 1.99588800e+03 9.45520400e+01 2.32276100e+03 2.33843200e+02 5.81057200e+03 4.50373200e-01 7.40558800e-01 4.68976000e-01 6.56678300e-01 4.67835900e-01 6.14637000e-01 4.63085900e-01 5.84899300e-01 2.95011000e-01 3.04224200e-01 2.66035100e+01 1.05015200e+02 2.99780500e+01 8.67948000e+00 3.95669900e+02 2.30006600e+01 1.15103300e+04 7.06690800e+02 1.71781300e-02 1.34256300e+00 4.09237300e+00 1.32270100e+01 1.19376800e+04 5.45211400e+00
7.51736000e-01 6.33183200e+03 2.24196900e-02 1.14731200e-01 1.04118100e+00 5.52249600e-02 2.85300400e+00 3.03751400e+00 9.65219800e-01 1.00376100e+00 1.94918500e+02 3.90586000e+01 1.08815700e+02 3.86155800e+01 8.18325500e+00 7.56016800e-01 8.66650100e-01 6.69303400e-01 1.88663300e+00 6.67943700e-01 6.33333500e-01 9.43978900e-01 8.22406600e-01 9.97147500e-01 9.99592500e-01 9.93487600e-01 9.92698200e-01 6.70867900e+01 6.93830100e-01 3.06169900e-01 1.37796000e-01 9.24429100e-02 7.96408600e-01 8.04556500e-01 4.40673800e-01 5.92415700e-01 9.72338400e-01 1.00263100e+02 2.41721100e+00 7.65228300e+00 2.08533300e+00 1.86727200e+00 1.22909200e+03 5.76721000e+03 2.54757100e+03 8.24492100e+02 2.34058100e+02 9.65219800e-01 2.42797000e-01 2.44114000e-01 2.50972900e+00 1.39666000e+01 1.08920400e+03 1.46771600e+02 1.04149200e+00 1.40924300e+01 1.05951300e+03 1.49452800e+02 1.39188800e-01 1.60162100e-01 3.36464500e+03 1.01353800e-02 8.20259600e-01 4.52980100e-01 7.22431900e+01 6.46598400e+02 8.21304400e+01 1.54339400e+03 8.87064400e+01 2.00018100e+03 9.42111000e+01 2.32818200e+03 2.32483500e+02 5.83327000e+03 4.45624400e-01 7.36453000e-01 4.64830100e-01 6.53389100e-01 4.64074000e-01 6.11704800e-01 4.59609900e-01 5.82199900e-01 2.93788000e-01 3.03100100e-01 2.68457900e+01 1.05486800e+02 3.03300500e+01 9.52320000e+00 3.96055900e+02 2.27182300e+01 1.15086200e+04 7.06616500e+02 2.03100500e-03 1.60798500e+00 3.62529100e+00 1.48998600e+01 1.19369100e+04 5.23530700e+00
7.05811500e-01 6.33440100e+03 2.23889800e-02 1.14805600e-01 1.04117900e+00 5.10330900e-02 2.85375200e+00 3.02847400e+00 9.64240400e-01 1.00195400e+00 1.91996700e+02 2.86225900e+01 8.95776700e+01 3.79782300e+01 5.91865600e+00 7.97791100e-01 4.18560200e-01 5.66713700e-01 4.26173000e+00 1.18915300e+00 7.24693100e-01 1.12707600e+00 1.29615800e+00 9.97201200e-01 1.00386900e+00 9.95632600e-01 9.92402300e-01 6.70428500e+01 6.93331300e-01 3.06668700e-01 1.37839700e-01 9.24116800e-02 7.92902200e-01 8.01666500e-01 4.39090800e-01 5.90047500e-01 9.68374600e-01 1.00205100e+02 2.40907100e+00 7.23724400e+00 2.06656800e+00 1.86604800e+00 1.22914700e+03 5.76433200e+03 2.54515700e+03 8.23243400e+02 2.33501300e+02 9.64240400e-01 2.42794900e-01 2.44111900e-01 2.51552100e+00 1.39693700e+01 1.08924900e+03 1.46771600e+02 1.04149200e+00 1.40924500e+01 1.05943700e+03 1.49464200e+02 1.39152300e-01 1.60203900e-01 3.36537100e+03 1.01380900e-02 8.20039400e-01 4.52888300e-01 7.22039600e+01 6.46986300e+02 8.20988900e+01 1.54419800e+03 8.86792400e+01 2.00114300e+03 9.41871800e+01 2.32923500e+03 2.32504600e+02 5.83448900e+03 4.43980900e-01 7.33161600e-01 4.62992700e-01 6.50415000e-01 4.62181900e-01 6.08898000e-01 4.57697800e-01 5.79514600e-01 2.92412700e-01 3.01659500e-01 2.41069800e+01 1.02189300e+02 2.88459400e+01 9.63889500e+00 3.95695500e+02 2.29653500e+01 1.15147800e+04 7.06626900e+02 3.22848600e-03 1.53969800e+00 3.66903900e+00 1.38800200e+01 1.19430800e+04 5.21196500e+00
3.18043200e-01 6.32786200e+03 2.20320400e-02 1.12761500e-01 1.04206100e+00 4.64248300e-02 2.63433800e+00 3.00337900e+00 9.53873500e-01 9.99245800e-01 2.41310900e+02 3.79840800e+01 9.89204100e+01 4.20114800e+01 5.24302500e+00 6.70323500e-01 6.95089300e-01 5.08700000e-01 3.34877600e+00 8.89268400e-01 1.03369200e+00 9.90720800e-01 1.10465000e+00 9.97816200e-01 1.00125600e+00 9.92678500e-01 9.85927600e-01 6.51715100e+01 6.81120000e-01 3.18880000e-01 1.35438700e-01 8.82674600e-02 7.81997600e-01 8.06229000e-01 4.41589800e-01 5.87641200e-01 9.68671500e-01 9.88188000e+01 2.41841400e+00 6.77337600e+00 2.01535300e+00 1.83665300e+00 1.23053300e+03 5.69254700e+03 2.52026900e+03 8.16367300e+02 2.32059300e+02 9.53873500e-01 2.39575700e-01 2.40880800e-01 2.50461400e+00 1.42134100e+01 1.08929100e+03 1.48789000e+02 1.04255400e+00 1.42715900e+01 1.05829200e+03 1.51628800e+02 1.37550500e-01 1.60035200e-01 3.40957600e+03 1.01147500e-02 8.11614500e-01 4.48770100e-01 7.03819800e+01 6.64650200e+02 8.03357500e+01 1.58331100e+03 8.69369100e+01 2.04984500e+03 9.24537200e+01 2.38429900e+03 2.30102300e+02 5.93777900e+03 4.45463000e-01 7.21916700e-01 4.61570400e-01 6.39168000e-01 4.59387100e-01 5.97843700e-01 4.54024200e-01 5.68669100e-01 2.86504900e-01 2.95039400e-01 2.86466800e+01 1.06579600e+02 3.16026400e+01 1.08528800e+01 3.95861600e+02 2.40643200e+01 1.15076300e+04 7.07007300e+02 1.13635400e-01 8.20176000e-01 5.90021900e+00 3.47362300e+00 1.19384100e+04 6.83403100e+00
7.07216400e-01 6.33106300e+03 2.21658600e-02 1.13009400e-01 1.04217800e+00 5.11892000e-02 2.65901600e+00 3.01944600e+00 9.53714100e-01 1.00126900e+00 2.67281100e+02 3.77996200e+01 9.74347900e+01 4.52414300e+01 5.49932700e+00 8.28042800e-01 6.15309900e-01 6.82176200e-01 1.94938500e+00 7.80217700e-01 1.25580800e+00 8.48819800e-01 1.03788200e+00 9.98277800e-01 9.98943200e-01 9.97626600e-01 9.89804200e-01 6.55230700e+01 6.83643800e-01 3.16356200e-01 1.35820400e-01 8.89936800e-02 7.87936800e-01 8.09131200e-01 4.43179400e-01 5.90929200e-01 9.73406500e-01 9.91153900e+01 2.43504400e+00 7.24945100e+00 2.04799300e+00 1.84869900e+00 1.24182400e+03 5.74255100e+03 2.53366200e+03 8.20282600e+02 2.33308000e+02 9.53714100e-01 2.39981100e-01 2.41287700e-01 2.48877500e+00 1.41693300e+01 1.08917000e+03 1.48478400e+02 1.04263300e+00 1.42407100e+01 1.05863600e+03 1.51267900e+02 1.37915900e-01 1.59957100e-01 3.40728100e+03 1.01256500e-02 8.12498500e-01 4.49136300e-01 7.07172000e+01 6.61315000e+02 8.06558100e+01 1.57597700e+03 8.72505900e+01 2.04074800e+03 9.27637900e+01 2.37404200e+03 2.30498700e+02 5.91910600e+03 4.47313600e-01 7.27635000e-01 4.64085600e-01 6.44487500e-01 4.62166900e-01 6.02925000e-01 4.56953600e-01 5.73567700e-01 2.89061700e-01 2.97775700e-01 2.71790800e+01 1.04836000e+02 3.13427300e+01 9.35282900e+00 3.95737800e+02 2.45703000e+01 1.15141000e+04 7.06909000e+02 7.74577900e-02 9.81866700e-01 5.21986900e+00 5.17641400e+00 1.19437600e+04 6.27919400e+00
8.35922600e-01 6.33113800e+03 2.19741200e-02 1.09530700e-01 1.04252400e+00 5.44232300e-02 2.42798900e+00 3.01390200e+00 9.48475800e-01 1.00025900e+00 2.14140400e+02 2.90447300e+01 1.04296500e+02 3.68980500e+01 5.67071600e+00 7.25881000e-01 7.42275100e-01 4.58789700e-01 1.97459800e+00 1.03993800e+00 1.11628600e+00 1.00144000e+00 9.12189600e-01 9.96464600e-01 1.00042400e+00 9.92427400e-01 9.85926700e-01 6.39630100e+01 6.76995000e-01 3.23005000e-01 1.32150000e-01 8.45270900e-02 7.80509800e-01 8.09883000e-01 4.43591200e-01 5.88410800e-01 9.75919300e-01 9.83756900e+01 2.44654000e+00 7.53021200e+00 2.03667100e+00 1.82662600e+00 1.24190900e+03 5.71458800e+03 2.52853800e+03 8.22448200e+02 2.35175800e+02 9.48475800e-01 2.36567300e-01 2.37861100e-01 2.44186100e+00 1.44297300e+01 1.08885700e+03 1.50907800e+02 1.04315700e+00 1.44664500e+01 1.05772000e+03 1.53800900e+02 1.36184700e-01 1.59462900e-01 3.42687200e+03 1.00159000e-02 8.08584200e-01 4.47233000e-01 6.91382400e+01 6.76922300e+02 7.90181700e+01 1.61150100e+03 8.55642900e+01 2.08566600e+03 9.10322800e+01 2.42541300e+03 2.27173300e+02 6.02856300e+03 4.47156500e-01 7.20157600e-01 4.62335900e-01 6.37192800e-01 4.59693900e-01 5.95824900e-01 4.54029000e-01 5.66643700e-01 2.85362300e-01 2.93681500e-01 2.39941200e+01 1.03086800e+02 2.87132000e+01 8.73811700e+00 3.96157600e+02 2.51420600e+01 1.15125000e+04 7.07189300e+02 1.82547600e-01 6.25207500e-01 7.09039600e+00 4.65594300e+00 1.19425300e+04 7.89815100e+00
6.56611200e-01 6.33679700e+03 2.19653300e-02 1.10966400e-01 1.04228900e+00 5.12288800e-02 2.48743200e+00 3.00249100e+00 9.48506800e-01 9.95395100e-01 2.17721200e+02 2.77108400e+01 1.03109500e+02 3.15248500e+01 7.31102800e-01 5.73710100e-01 5.80811900e-01 8.96781300e-01 5.84281800e+00 8.19542200e-01 8.52252600e-01 1.02575500e+00 8.09371000e-01 9.98111800e-01 1.00163700e+00 1.00113100e+00 9.92881400e-01 6.40802000e+01 6.74700400e-01 3.25299600e-01 1.33576900e-01 8.55963200e-02 7.79077500e-01 8.11263300e-01 4.44347200e-01 5.88371400e-01 9.73237300e-01 9.80722900e+01 2.43695700e+00 7.24029500e+00 2.01356300e+00 1.81747400e+00 1.23227700e+03 5.66353900e+03 2.50685300e+03 8.14009900e+02 2.32238600e+02 9.48506800e-01 2.37432200e-01 2.38729300e-01 2.46460500e+00 1.43745200e+01 1.08905900e+03 1.50163700e+02 1.04288300e+00 1.43989100e+01 1.05787300e+03 1.53046200e+02 1.36678000e-01 1.59632600e-01 3.43417500e+03 1.00808100e-02 8.07146100e-01 4.46482800e-01 6.93003600e+01 6.75512800e+02 7.92598200e+01 1.60757200e+03 8.58552800e+01 2.08020900e+03 9.13629200e+01 2.41876500e+03 2.28332600e+02 6.00571600e+03 4.47706400e-01 7.18621100e-01 4.62357000e-01 6.35600000e-01 4.59463500e-01 5.94239700e-01 4.53636700e-01 5.65077000e-01 2.84480500e-01 2.92690900e-01 2.22418100e+01 1.01545400e+02 2.64911700e+01 9.10825900e+00 3.95736100e+02 2.53068300e+01 1.15191100e+04 7.07302100e+02 2.39829900e-01 5.37244800e-01 8.19359600e+00 8.05655000e+00 1.19492700e+04 8.97067000e+00
6.23051900e-01 6.33361200e+03 2.22646100e-02 1.15797300e-01 1.04163400e+00 6.67811200e-02 2.75117900e+00 3.06067600e+00 9.55688100e-01 1.00261600e+00 2.35888700e+02 3.64996000e+01 1.12913000e+02 3.37082800e+01 3.68373500e+00 5.08694000e-01 7.42756800e-01 1.57775300e-01 3.30771500e+00 6.91162700e-01 6.32276100e-01 1.08442400e+00 8.38270700e-01 9.97569400e-01 1.00335900e+00 9.97831400e-01 9.87484100e-01 6.55267300e+01 6.76956200e-01 3.23043800e-01 1.38707000e-01 9.08901700e-02 8.10845000e-01 8.41410500e-01 4.60859500e-01 6.11298300e-01 1.00167900e+00 9.82072900e+01 2.49425800e+00 8.81805400e+00 2.13419800e+00 1.86736600e+00 1.24976900e+03 5.75169000e+03 2.54297200e+03 8.22297700e+02 2.34097700e+02 9.55688100e-01 2.41319600e-01 2.42631100e-01 2.50281900e+00 1.40850000e+01 1.08938900e+03 1.47139400e+02 1.04201700e+00 1.41206400e+01 1.05913200e+03 1.49873600e+02 1.39043500e-01 1.60009100e-01 3.43522000e+03 1.02750400e-02 8.07493100e-01 4.46436600e-01 7.08280100e+01 6.60776600e+02 8.09506900e+01 1.57305200e+03 8.76575800e+01 2.03589500e+03 9.32598300e+01 2.36752800e+03 2.32740100e+02 5.88454400e+03 4.64525300e-01 7.48135200e-01 4.80273900e-01 6.61932200e-01 4.77519400e-01 6.18951000e-01 4.71628000e-01 5.88632200e-01 2.96383500e-01 3.05049100e-01 2.69291500e+01 1.06798700e+02 2.89286700e+01 9.32405500e+00 4.00954000e+02 2.51311900e+01 1.15033900e+04 7.07191200e+02 2.16362900e-01 5.80430900e-01 8.03809600e+00 1.24028900e+01 1.19388000e+04 8.83489000e+00
1.12264300e+00 6.33698600e+03 2.25327600e-02 1.18278800e-01 1.04130300e+00 6.03014300e-02 2.98074100e+00 3.04414500e+00 9.64773800e-01 9.96420500e-01 2.02379700e+02 3.00016600e+01 9.29848300e+01 4.36160000e+01 8.61982300e+00 5.58905500e-01 8.27531800e-01 1.98838600e-01 1.83265000e+00 1.51925400e+00 7.61560400e-01 9.58327000e-01 1.01812000e+00 9.98613300e-01 1.00266200e+00 9.98527500e-01 9.84906100e-01 6.74603300e+01 6.89167300e-01 3.10832700e-01 1.41456700e-01 9.54271600e-02 8.06898300e-01 8.21337200e-01 4.49864900e-01 6.02490900e-01 9.82414100e-01 9.96382200e+01 2.43790000e+00 8.20465100e+00 2.09920800e+00 1.86070900e+00 1.22306100e+03 5.70516800e+03 2.51872700e+03 8.12670200e+02 2.30213700e+02 9.64773800e-01 2.44578900e-01 2.45902500e-01 2.53382100e+00 1.38306800e+01 1.08950500e+03 1.45081800e+02 1.04151000e+00 1.39299400e+01 1.06012300e+03 1.47699000e+02 1.40604100e-01 1.60399300e-01 3.39470100e+03 1.03155000e-02 8.15337500e-01 4.50333800e-01 7.27192400e+01 6.42706400e+02 8.27947100e+01 1.53296600e+03 8.94887100e+01 1.98592300e+03 9.50887700e+01 2.31097600e+03 2.35403000e+02 5.77704700e+03 4.54505500e-01 7.45684000e-01 4.72913300e-01 6.61062200e-01 4.71593100e-01 6.18673300e-01 4.66692200e-01 5.88698800e-01 2.96858100e-01 3.06070600e-01 2.74485000e+01 1.03406400e+02 2.90615500e+01 8.60811700e+00 3.97612200e+02 2.36061200e+01 1.15144700e+04 7.06729500e+02 3.03396400e-02 1.21731700e+00 4.44142000e+00 1.72589700e+01 1.19443000e+04 5.68907700e+00
8.90067200e-01 6.33447400e+03 2.28253800e-02 1.23089800e-01 1.04069400e+00 5.91191600e-02 3.29272000e+00 3.06028800e+00 9.79164000e-01 1.00049600e+00 2.17370000e+02 3.40999000e+01 1.33330000e+02 2.51431100e+01 3.87529100e+00 6.78320800e-01 2.97389900e-01 6.85603100e-02 3.92612100e+00 9.18605300e-01 9.60428700e-01 1.08555200e+00 9.84037000e-01 9.97670700e-01 1.00037400e+00 1.00527200e+00 9.96080700e-01 6.94378700e+01 6.96035000e-01 3.03965000e-01 1.46560300e-01 1.01768300e-01 8.22989400e-01 8.28410200e-01 4.53738900e-01 6.11082900e-01 9.87634100e-01 1.00397200e+02 2.42210400e+00 8.14361600e+00 2.13337000e+00 1.89546600e+00 1.20869900e+03 5.72612200e+03 2.54270000e+03 8.19216200e+02 2.31289600e+02 9.79164000e-01 2.48818400e-01 2.50157300e-01 2.58653200e+00 1.35208400e+01 1.08985700e+03 1.42104600e+02 1.04068300e+00 1.36549400e+01 1.06138200e+03 1.44585600e+02 1.42961200e-01 1.60931900e-01 3.37513000e+03 1.04704600e-02 8.19447800e-01 4.52251400e-01 7.47401800e+01 6.24838400e+02 8.49088400e+01 1.49198200e+03 9.16754600e+01 1.93390000e+03 9.73413300e+01 2.25131600e+03 2.39836600e+02 5.64683200e+03 4.58963700e-01 7.61251300e-01 4.79304700e-01 6.75629300e-01 4.78787100e-01 6.32624500e-01 4.74354800e-01 6.02170900e-01 3.03892300e-01 3.13664000e-01 2.74206800e+01 1.08383600e+02 3.19069300e+01 9.22628500e+00 3.96951200e+02 2.15922900e+01 1.15272900e+04 7.06575600e+02 3.86387300e-04 1.67729600e+00 3.65313500e+00 1.97645800e+00 1.19550600e+04 5.33081700e+00
8.92351000e-01 6.33164400e+03 2.28358500e-02 1.23458000e-01 1.04067000e+00 5.94761200e-02 3.32234000e+00 3.06152900e+00 9.79734600e-01 9.99874700e-01 2.17038800e+02 4.94249000e+01 1.01526600e+02 3.90867500e+01 6.02047600e+00 5.17456400e-01 9.57790300e-01 5.67156400e-01 1.54802000e+00 7.65795100e-01 8.04375500e-01 1.10438100e+00 1.10225700e+00 9.97464600e-01 1.00182600e+00 9.98706800e-01 9.93786200e-01 6.96539300e+01 6.97137400e-01 3.02862600e-01 1.46939000e-01 1.02348800e-01 8.24033900e-01 8.27956000e-01 4.53490200e-01 6.11302900e-01 9.87352500e-01 1.00538200e+02 2.42110600e+00 8.18634000e+00 2.13601800e+00 1.89646400e+00 1.20823300e+03 5.72620500e+03 2.54163400e+03 8.18306700e+02 2.30855100e+02 9.79734600e-01 2.49205800e-01 2.50546100e-01 2.59444600e+00 1.34931400e+01 1.08990200e+03 1.41865300e+02 1.04062900e+00 1.36326600e+01 1.06145900e+03 1.44339600e+02 1.43124300e-01 1.61011200e-01 3.37091300e+03 1.04774800e-02 8.20236700e-01 4.52654200e-01 7.49484700e+01 6.23027700e+02 8.51168900e+01 1.48790700e+03 9.18850000e+01 1.92878100e+03 9.75528900e+01 2.24549100e+03 2.40181300e+02 5.63513400e+03 4.58841500e-01 7.62324500e-01 4.79446300e-01 6.76700300e-01 4.79054900e-01 6.33676600e-01 4.74704000e-01 6.03203000e-01 3.04453400e-01 3.14294500e-01 3.12235300e+01 1.05588100e+02 2.95398500e+01 9.23857600e+00 3.97052300e+02 2.16225900e+01 1.15177800e+04 7.06558200e+02 5.36839700e-05 1.74777200e+00 3.57056500e+00 5.71983100e+00 1.19456900e+04 5.31839000e+00
7.57333900e-01 6.33184700e+03 2.23478500e-02 1.20463900e-01 1.04037500e+00 6.86603100e-02 3.09705500e+00 3.06897400e+00 9.67590100e-01 9.99240900e-01 2.18478800e+02 4.51592000e+01 1.10568300e+02 4.09067800e+01 7.07025500e+00 7.48458400e-01 6.98662800e-01 7.20587700e-01 8.15325300e-01 7.93075200e-01 1.05753600e+00 8.48721000e-01 1.02931500e+00 9.97354400e-01 9.98398300e-01 9.99832800e-01 9.96865600e-01 6.75848400e+01 6.85932600e-01 3.14067400e-01 1.43456900e-01 9.69551100e-02 8.21681200e-01 8.40725400e-01 4.60484300e-01 6.15118900e-01 9.99490600e-01 9.91723100e+01 2.46791500e+00 9.11102300e+00 2.15198100e+00 1.87586200e+00 1.22477700e+03 5.69844000e+03 2.52529800e+03 8.11931300e+02 2.29285000e+02 9.67590100e-01 2.46067600e-01 2.47396600e-01 2.60733100e+00 1.37648100e+01 1.09003800e+03 1.44074900e+02 1.04053500e+00 1.38462300e+01 1.05997100e+03 1.46737500e+02 1.41027100e-01 1.60885100e-01 3.38952700e+03 1.03805800e-02 8.15124100e-01 4.50340800e-01 7.29085800e+01 6.41270000e+02 8.30945100e+01 1.52876600e+03 8.98569400e+01 1.97997700e+03 9.55119600e+01 2.30364300e+03 2.36962200e+02 5.74988800e+03 4.64917600e-01 7.59021200e-01 4.82927900e-01 6.72530100e-01 4.81199000e-01 6.29258400e-01 4.75947000e-01 5.98679700e-01 3.01751200e-01 3.10980600e-01 2.90896400e+01 1.05533400e+02 3.05929800e+01 9.29617100e+00 4.01674000e+02 2.33221200e+01 1.15110400e+04 7.06828700e+02 7.27884400e-02 9.81866700e-01 5.45709900e+00 5.02195900e+00 1.19453300e+04 6.51175400e+00
4.94993500e-01 6.32729600e+03 2.23865900e-02 1.16202400e-01 1.04116700e+00 5.84217900e-02 2.96283600e+00 3.04011000e+00 9.71527300e-01 1.00079100e+00 2.36909500e+02 4.97783600e+01 1.13376500e+02 3.49924400e+01 5.53738400e+00 7.58769200e-01 4.40568900e-01 7.19452800e-01 5.77666700e-01 1.02773300e+00 1.12312100e+00 1.03467000e+00 1.24486700e+00 9.97451000e-01 1.00039100e+00 1.00076200e+00 9.90520200e-01 6.78228800e+01 6.97313300e-01 3.02686700e-01 1.39234100e-01 9.44325900e-02 8.01224800e-01 8.04804500e-01 4.40809600e-01 5.94295900e-01 9.72895700e-01 1.00726800e+02 2.40357500e+00 8.01544200e+00 2.09075400e+00 1.86019500e+00 1.20892700e+03 5.70111900e+03 2.53070700e+03 8.18389200e+02 2.31807200e+02 9.71527300e-01 2.44282700e-01 2.45605200e-01 2.55365300e+00 1.38592500e+01 1.08948400e+03 1.45833800e+02 1.04140900e+00 1.40035000e+01 1.05962800e+03 1.48514500e+02 1.39708600e-01 1.60579500e-01 3.34922700e+03 1.01650100e-02 8.23061700e-01 4.54468700e-01 7.29798000e+01 6.39818300e+02 8.28753100e+01 1.52805900e+03 8.94621100e+01 1.98086600e+03 9.49783200e+01 2.30615700e+03 2.33806500e+02 5.78800400e+03 4.46041200e-01 7.41252700e-01 4.66133800e-01 6.58029400e-01 4.65783300e-01 6.16208000e-01 4.61573300e-01 5.86584500e-01 2.96128100e-01 3.05681200e-01 3.02257800e+01 1.04699500e+02 3.13109700e+01 1.04198000e+01 3.96736800e+02 2.18183300e+01 1.15098700e+04 7.06555600e+02 2.54236600e-03 1.89191900e+00 3.37908800e+00 3.91647800e+00 1.19388500e+04 5.27354900e+00
7.48587000e-01 6.33142600e+03 2.23828100e-02 1.15795600e-01 1.04139200e+00 5.87314400e-02 2.87010200e+00 3.03779000e+00 9.65372500e-01 1.00022200e+00 2.18294200e+02 3.39349900e+01 9.31113500e+01 4.18961200e+01 6.02345100e+00 8.06214800e-01 6.47593000e-01 9.57034200e-01 2.76499100e+00 1.26639600e+00 1.49782700e+00 9.81073000e-01 1.31419500e+00 9.95679200e-01 1.00022200e+00 9.92731200e-01 9.83929500e-01 6.69476300e+01 6.90263300e-01 3.09736700e-01 1.38823500e-01 9.29390700e-02 8.00109100e-01 8.12989400e-01 4.45292700e-01 5.96894200e-01 9.77871100e-01 9.98268400e+01 2.42460800e+00 8.03070100e+00 2.08591000e+00 1.85473600e+00 1.21876500e+03 5.70224400e+03 2.52603100e+03 8.17383000e+02 2.32017700e+02 9.65372500e-01 2.43017100e-01 2.44334900e-01 2.52229600e+00 1.39504400e+01 1.08936200e+03 1.46424100e+02 1.04168800e+00 1.40564200e+01 1.05951300e+03 1.49111800e+02 1.39448400e-01 1.60273500e-01 3.38188900e+03 1.01993000e-02 8.17206600e-01 4.51420300e-01 7.21488200e+01 6.47707400e+02 8.21167700e+01 1.54516200e+03 8.87409800e+01 2.00189800e+03 9.42834300e+01 2.32970800e+03 2.33235700e+02 5.82694400e+03 4.49996500e-01 7.39520000e-01 4.68495800e-01 6.55719400e-01 4.67315900e-01 6.13724000e-01 4.62544200e-01 5.84021000e-01 2.94560400e-01 3.03739900e-01 2.53177600e+01 1.03155200e+02 2.83755400e+01 9.44838000e+00 3.96947900e+02 2.27005500e+01 1.15047600e+04 7.06699800e+02 1.81421000e-02 1.34256300e+00 4.08941600e+00 1.68482400e+01 1.19338500e+04 5.45012200e+00
4.16393600e-01 6.33078400e+03 2.22789200e-02 1.16961100e-01 1.04098300e+00 4.91446800e-02 2.95464600e+00 3.01752200e+00 9.65464900e-01 9.96295900e-01 1.96808300e+02 4.72815200e+01 1.14675300e+02 3.21717600e+01 2.37477800e+00 6.62185800e-01 3.94042900e-01 8.79786500e-01 4.84055200e+00 8.84934900e-01 9.11852800e-01 1.00112000e+00 1.07026600e+00 9.95888700e-01 1.00131300e+00 9.97736600e-01 9.94824700e-01 6.73065200e+01 6.91214100e-01 3.08785900e-01 1.39885200e-01 9.41518500e-02 7.93586800e-01 8.05123600e-01 4.40984400e-01 5.91573600e-01 9.67310500e-01 9.99308100e+01 2.39852900e+00 7.10907000e+00 2.04405900e+00 1.85270700e+00 1.21327000e+03 5.68058300e+03 2.51466900e+03 8.11015500e+02 2.29134100e+02 9.65464900e-01 2.44127100e-01 2.45449000e-01 2.57100600e+00 1.38877900e+01 1.08967700e+03 1.45758000e+02 1.04124200e+00 1.39984800e+01 1.05943700e+03 1.48471200e+02 1.39703000e-01 1.60643500e-01 3.36871100e+03 1.02184500e-02 8.19051900e-01 4.52453700e-01 7.25224100e+01 6.44299800e+02 8.25165100e+01 1.53727000e+03 8.91595800e+01 1.99182700e+03 9.47185100e+01 2.31811500e+03 2.34156700e+02 5.80067000e+03 4.45702700e-01 7.33585600e-01 4.64263400e-01 6.50560400e-01 4.63205100e-01 6.08937900e-01 4.58548700e-01 5.79492800e-01 2.92304600e-01 3.01462600e-01 3.02877500e+01 1.05880200e+02 3.12922200e+01 1.06457000e+01 3.95708300e+02 2.28229300e+01 1.15126700e+04 7.06675600e+02 1.27646800e-02 1.40705700e+00 3.96628100e+00 7.66231500e+00 1.19418400e+04 5.38610200e+00
1.67673900e-01 6.33710100e+03 2.24253300e-02 1.22901400e-01 1.04042400e+00 4.37663500e-02 3.35033200e+00 3.02514400e+00 9.80999900e-01 9.99326600e-01 2.85552600e+02 5.31283500e+01 1.15541300e+02 4.15893400e+01 5.10698100e+00 7.53958200e-01 2.53288900e-01 7.00588100e-02 2.09262800e+00 1.31173600e+00 7.74366900e-01 8.43960200e-01 1.01621500e+00 9.99320200e-01 9.98351100e-01 9.97709500e-01 9.96721000e-01 6.97381600e+01 6.99856900e-01 3.00143100e-01 1.45971900e-01 1.01798100e-01 8.08399200e-01 8.08592000e-01 4.42884100e-01 5.98353700e-01 9.68034100e-01 1.00973300e+02 2.36867600e+00 6.62994400e+00 2.05969700e+00 1.88707200e+00 1.19398900e+03 5.67691200e+03 2.53073500e+03 8.12589000e+02 2.27879900e+02 9.80999900e-01 2.49403000e-01 2.50744000e-01 2.68006800e+00 1.35105400e+01 1.09039700e+03 1.42173400e+02 1.04041800e+00 1.36650300e+01 1.06050500e+03 1.44789200e+02 1.42216900e-01 1.61654600e-01 3.33653100e+03 1.03894200e-02 8.25229500e-01 4.55560700e-01 7.49966000e+01 6.22433200e+02 8.50964000e+01 1.48714000e+03 9.18231300e+01 1.92821600e+03 9.74584100e+01 2.24518700e+03 2.39482900e+02 5.64206100e+03 4.48323500e-01 7.48139300e-01 4.69150800e-01 6.64417300e-01 4.69094900e-01 6.22303700e-01 4.65052000e-01 5.92457400e-01 2.99144900e-01 3.08944200e-01 3.59500500e+01 1.09473900e+02 3.69930700e+01 1.26164600e+01 3.96649200e+02 2.09766800e+01 1.15266900e+04 7.06524000e+02 9.78739300e-03 2.04033800e+00 3.40849800e+00 5.29017900e+00 1.19569300e+04 5.45862300e+00
6.65676700e-01 6.33390300e+03 2.21839100e-02 1.17236200e-01 1.04131600e+00 5.07164600e-02 2.92199300e+00 3.02691900e+00 9.69358100e-01 9.99916200e-01 2.44090200e+02 4.65621100e+01 1.28612300e+02 2.51104200e+01 4.76404700e+00 5.74389100e-01 8.48316400e-01 7.23369500e-01 1.67079500e+00 4.83647100e-01 8.14544600e-01 1.09938200e+00 8.82501300e-01 9.98404100e-01 9.99764300e-01 1.00298300e+00 9.96330100e-01 6.68560800e+01 6.86636300e-01 3.13363700e-01 1.40065300e-01 9.36421600e-02 8.01116900e-01 8.18765600e-01 4.48456400e-01 5.99388000e-01 9.79772900e-01 9.93967100e+01 2.41043800e+00 7.29217500e+00 2.06335600e+00 1.86432800e+00 1.20843500e+03 5.67150300e+03 2.53436600e+03 8.19900000e+02 2.32279800e+02 9.69358100e-01 2.43643400e-01 2.44963500e-01 2.57762900e+00 1.39235400e+01 1.08978800e+03 1.45926300e+02 1.04160200e+00 1.40097900e+01 1.05920800e+03 1.48672700e+02 1.39548300e-01 1.60691700e-01 3.38811100e+03 1.02544400e-02 8.15517400e-01 4.50686500e-01 7.21121700e+01 6.48299800e+02 8.21683100e+01 1.54569900e+03 8.88456600e+01 2.00202100e+03 9.44300200e+01 2.32938300e+03 2.34165700e+02 5.81611600e+03 4.52847500e-01 7.40098200e-01 4.70570400e-01 6.55844300e-01 4.68969600e-01 6.13680200e-01 4.63906600e-01 5.83879700e-01 2.94341500e-01 3.03363100e-01 2.80878600e+01 1.04448200e+02 2.75988000e+01 9.57720500e+00 3.95705800e+02 2.19684200e+01 1.15190200e+04 7.06805700e+02 4.88380100e-02 1.09677200e+00 4.75572200e+00 8.82982900e+00 1.19462700e+04 5.90133200e+00
8.49091900e-01 6.33341800e+03 2.22994800e-02 1.15475000e-01 1.04137100e+00 4.59951600e-02 2.75816700e+00 3.01934100e+00 9.61077100e-01 1.00281100e+00 2.54935200e+02 3.58808200e+01 9.59376300e+01 4.26945000e+01 1.31783000e+00 6.24579800e-01 4.07123000e-01 4.01985000e-02 1.61462100e+00 7.43748700e-01 7.21650100e-01 8.48442300e-01 7.59799400e-01 9.97483800e-01 1.00124000e+00 9.88759700e-01 9.85660400e-01 6.56622300e+01 6.78954600e-01 3.21045400e-01 1.38419700e-01 9.08894300e-02 7.94046700e-01 8.21426400e-01 4.49913800e-01 5.97706100e-01 9.79914600e-01 9.84179100e+01 2.42825300e+00 6.72760000e+00 2.04777800e+00 1.86780700e+00 1.23028400e+03 5.73607600e+03 2.54977800e+03 8.27036600e+02 2.35370100e+02 9.61077100e-01 2.41432300e-01 2.42744300e-01 2.49880200e+00 1.40804800e+01 1.08932400e+03 1.47162700e+02 1.04174200e+00 1.41266000e+01 1.05920800e+03 1.49885100e+02 1.39029000e-01 1.59958300e-01 3.42472300e+03 1.02486600e-02 8.09231100e-01 4.47313500e-01 7.09439600e+01 6.59547500e+02 8.10325400e+01 1.57061800e+03 8.77198400e+01 2.03306300e+03 9.33071000e+01 2.36449500e+03 2.32556900e+02 5.88246600e+03 4.53664100e-01 7.32827700e-01 4.69531600e-01 6.48596700e-01 4.67063000e-01 6.06567000e-01 4.61447800e-01 5.76907500e-01 2.90553100e-01 2.99130500e-01 2.47302100e+01 1.01448500e+02 2.74322400e+01 8.79663300e+00 3.95934800e+02 2.30700500e+01 1.15103900e+04 7.07099500e+02 1.78381000e-01 6.25207500e-01 7.38022800e+00 1.33647500e+01 1.19381900e+04 8.18381600e+00
8.31046900e-01 6.32964700e+03 2.21130300e-02 1.15597400e-01 1.04162300e+00 5.18261100e-02 2.74669100e+00 3.02255300e+00 9.58067800e-01 9.99409600e-01 2.37849600e+02 2.66703700e+01 9.48887000e+01 4.08845700e+01 1.70568000e+00 7.83118000e-01 1.22536600e-01 2.85845800e-01 7.35323100e+00 1.01656300e+00 8.79838200e-01 7.47644800e-01 8.26690400e-01 9.98308200e-01 9.98974500e-01 9.97730500e-01 9.87654800e-01 6.54168700e+01 6.76691500e-01 3.23308500e-01 1.38355600e-01 9.05078800e-02 7.96335200e-01 8.26692200e-01 4.52798000e-01 6.00482300e-01 9.84580000e-01 9.82066400e+01 2.44218400e+00 7.37762500e+00 2.05436800e+00 1.85209200e+00 1.22735400e+03 5.68223400e+03 2.52623400e+03 8.17683100e+02 2.32340200e+02 9.58067800e-01 2.41194200e-01 2.42505300e-01 2.52935700e+00 1.41051400e+01 1.08955700e+03 1.47337100e+02 1.04202500e+00 1.41395000e+01 1.05878800e+03 1.50124300e+02 1.38687200e-01 1.60206200e-01 3.42862500e+03 1.02521100e-02 8.08220600e-01 4.46927700e-01 7.07156900e+01 6.61844000e+02 8.08283700e+01 1.57553400e+03 8.75282700e+01 2.03906800e+03 9.31245200e+01 2.37118700e+03 2.32438400e+02 5.89298700e+03 4.56362500e-01 7.34725000e-01 4.71776100e-01 6.50042900e-01 4.69043600e-01 6.07823800e-01 4.63239200e-01 5.78044000e-01 2.91044300e-01 2.99544500e-01 2.57709400e+01 1.02556900e+02 2.93556100e+01 8.73532300e+00 3.95805500e+02 2.37141200e+01 1.15109100e+04 7.07203800e+02 2.15219100e-01 5.80430900e-01 7.95187100e+00 4.17660900e+00 1.19391700e+04 8.74752100e+00
5.26186600e-01 6.33393900e+03 2.22375200e-02 1.20410200e-01 1.04056400e+00 4.51170100e-02 3.07761300e+00 3.01695200e+00 9.69693600e-01 9.96440600e-01 1.93586300e+02 1.88836500e+01 1.01120400e+02 3.83601300e+01 4.94324600e+00 6.72645700e-01 6.53507300e-01 7.40683000e-02 4.78877800e+00 9.08190900e-01 1.13100300e+00 1.02799100e+00 1.03020400e+00 9.97825100e-01 1.00177300e+00 9.99584800e-01 9.94828300e-01 6.73504600e+01 6.84104600e-01 3.15895400e-01 1.43292800e-01 9.65083800e-02 8.02253600e-01 8.23232800e-01 4.50903200e-01 6.01447100e-01 9.77555400e-01 9.89876400e+01 2.40341500e+00 6.74896200e+00 2.04289200e+00 1.86662600e+00 1.20445200e+03 5.64589300e+03 2.51807000e+03 8.11186700e+02 2.28741800e+02 9.69693600e-01 2.45764000e-01 2.47091800e-01 2.62173400e+00 1.37901500e+01 1.09015500e+03 1.44269000e+02 1.04074800e+00 1.38620500e+01 1.05966600e+03 1.46974000e+02 1.40769200e-01 1.60995900e-01 3.39443300e+03 1.03821200e-02 8.14072800e-01 4.49878000e-01 7.26854800e+01 6.43371000e+02 8.28878500e+01 1.53333400e+03 8.96584100e+01 1.98560600e+03 9.53189100e+01 2.30995800e+03 2.36770700e+02 5.76066700e+03 4.55082800e-01 7.40897000e-01 4.72259900e-01 6.56276600e-01 4.70359600e-01 6.13970400e-01 4.65087800e-01 5.84085000e-01 2.94324700e-01 3.03250200e-01 2.40003300e+01 1.06186300e+02 3.05842100e+01 9.96097600e+00 3.96170900e+02 2.21613000e+01 1.15199600e+04 7.06892200e+02 9.40888300e-02 9.26576500e-01 5.83337700e+00 5.88130700e+00 1.19482500e+04 6.85404200e+00
9.10651100e-01 6.33385800e+03 2.22433200e-02 1.20332400e-01 1.04021200e+00 6.20128000e-02 3.17860300e+00 3.05455500e+00 9.77851100e-01 9.98070100e-01 2.33649500e+02 3.60841700e+01 1.04049100e+02 3.96769600e+01 5.16181900e+00 9.64345200e-01 3.12531900e-01 9.37679900e-01 3.32061200e+00 7.84100000e-01 8.84511100e-01 8.36677700e-01 1.00175300e+00 9.98017000e-01 1.00047900e+00 1.00258800e+00 9.91892300e-01 6.84344500e+01 6.94186400e-01 3.05813600e-01 1.43220900e-01 9.80124100e-02 8.16398800e-01 8.24271200e-01 4.51471900e-01 6.07108800e-01 9.86881400e-01 1.00244900e+02 2.41587800e+00 8.50372300e+00 2.12117400e+00 1.87375500e+00 1.19742500e+03 5.65340000e+03 2.52629000e+03 8.13377600e+02 2.29184700e+02 9.77851100e-01 2.47103800e-01 2.48436500e-01 2.65576800e+00 1.36959800e+01 1.09023900e+03 1.43785200e+02 1.04033100e+00 1.38211000e+01 1.05978000e+03 1.46483000e+02 1.40904800e-01 1.61317500e-01 3.34751600e+03 1.03075400e-02 8.22392300e-01 4.54210700e-01 7.36885600e+01 6.33890000e+02 8.37641600e+01 1.51314500e+03 9.04659700e+01 1.96103600e+03 9.60762100e+01 2.28266300e+03 2.37028300e+02 5.72021000e+03 4.56542900e-01 7.54969000e-01 4.76303700e-01 6.69849200e-01 4.75568000e-01 6.27127600e-01 4.71019000e-01 5.96886400e-01 3.01173100e-01 3.10758700e-01 2.44961700e+01 1.03546600e+02 2.99996900e+01 9.14677400e+00 3.98055500e+02 2.14527200e+01 1.15226800e+04 7.06609400e+02 2.49635400e-03 1.60798500e+00 3.70037600e+00 4.46360700e+00 1.19513300e+04 5.31085700e+00
6.00329900e-01 6.33766800e+03 2.23768900e-02 1.20318100e-01 1.04014900e+00 5.77584000e-02 3.22676300e+00 3.04766500e+00 9.81337500e-01 9.99337600e-01 2.13260700e+02 4.89228500e+01 1.06630900e+02 4.10175700e+01 8.56772400e+00 7.91212900e-01 8.56506500e-01 7.73572600e-01 1.06655800e+00 8.54884800e-01 5.73701500e-01 1.06687700e+00 1.05155800e+00 9.99070800e-01 1.00344000e+00 9.87892600e-01 9.88590300e-01 6.90863000e+01 6.99680200e-01 3.00319800e-01 1.43340100e-01 9.90284000e-02 8.12599000e-01 8.13031900e-01 4.45315900e-01 6.01550700e-01 9.77643000e-01 1.00936500e+02 2.39175300e+00 8.05511500e+00 2.10661000e+00 1.87679000e+00 1.19221800e+03 5.66841600e+03 2.53083200e+03 8.15317700e+02 2.29623600e+02 9.81337500e-01 2.47786800e-01 2.49121900e-01 2.64666700e+00 1.36355600e+01 1.09011400e+03 1.43451900e+02 1.04022500e+00 1.37904800e+01 1.06012300e+03 1.46102000e+02 1.41231100e-01 1.61302200e-01 3.32916400e+03 1.02835600e-02 8.26141000e-01 4.56063100e-01 7.43008200e+01 6.28272900e+02 8.43111400e+01 1.50105500e+03 9.09780300e+01 1.94623400e+03 9.65630600e+01 2.26614600e+03 2.37309000e+02 5.69429100e+03 4.50771400e-01 7.52012700e-01 4.71675700e-01 6.67843100e-01 4.71602500e-01 6.25506900e-01 4.67526700e-01 5.95503700e-01 3.00696600e-01 3.10528100e-01 2.97168100e+01 1.08485600e+02 3.32009900e+01 1.00637000e+01 3.96580300e+02 2.09545000e+01 1.15234700e+04 7.06525900e+02 8.44229000e-03 2.04033800e+00 3.41364500e+00 1.22766000e+01 1.19510700e+04 5.46242500e+00
4.76103400e-01 6.33213800e+03 2.21793600e-02 1.17638500e-01 1.04036900e+00 5.09855400e-02 3.01287800e+00 3.02544300e+00 9.69494900e-01 9.98452700e-01 2.33021800e+02 2.49143700e+01 8.69101600e+01 4.85941200e+01 5.40656000e+00 6.43467300e-01 6.02540900e-01 2.31751400e-02 1.67179500e+00 1.02489400e+00 1.17488200e+00 9.69300500e-01 1.17419100e+00 9.97477000e-01 1.00254300e+00 1.00759900e+00 9.98244900e-01 6.74603300e+01 6.91351000e-01 3.08649000e-01 1.40463000e-01 9.47567700e-02 7.98351800e-01 8.09778300e-01 4.43533800e-01 5.95059700e-01 9.72008500e-01 9.99109800e+01 2.39907100e+00 7.33795200e+00 2.06031300e+00 1.86057800e+00 1.20763500e+03 5.67350000e+03 2.52172100e+03 8.12756400e+02 2.29305600e+02 9.69494900e-01 2.44872600e-01 2.46197200e-01 2.61028900e+00 1.38576100e+01 1.08992100e+03 1.45359200e+02 1.04060300e+00 1.39687400e+01 1.05928400e+03 1.48103300e+02 1.39787000e-01 1.60888800e-01 3.35612500e+03 1.02204800e-02 8.20631600e-01 4.53340200e-01 7.26881900e+01 6.42818800e+02 8.27009700e+01 1.53377500e+03 8.93567000e+01 1.98732400e+03 9.49263400e+01 2.31289500e+03 2.34645300e+02 5.78805000e+03 4.48273500e-01 7.38005400e-01 4.66980100e-01 6.54496500e-01 4.65933600e-01 6.12629000e-01 4.61261700e-01 5.83009600e-01 2.94080300e-01 3.03303900e-01 2.55416500e+01 1.05476900e+02 3.05280700e+01 1.03810400e+01 3.95734400e+02 2.20844500e+01 1.15185700e+04 7.06672200e+02 1.36813100e-02 1.40705700e+00 4.02889200e+00 5.38075700e+00 1.19467700e+04 5.44963100e+00
7.58260600e-01 6.33339800e+03 2.21243400e-02 1.15856500e-01 1.04080200e+00 5.72954800e-02 2.87527900e+00 3.03671000e+00 9.62971400e-01 1.00170900e+00 2.24834900e+02 4.84387600e+01 9.18999200e+01 4.66421200e+01 5.82744000e+00 6.02681100e-01 7.58713600e-01 3.48873100e-01 8.53072400e-01 1.28516400e+00 8.93419300e-01 1.14399600e+00 1.30416100e+00 9.96990000e-01 1.00369200e+00 1.00132500e+00 9.87855300e-01 6.65814200e+01 6.87292300e-01 3.12707700e-01 1.38626000e-01 9.22991700e-02 7.99612600e-01 8.16372400e-01 4.47145600e-01 5.97949200e-01 9.79948200e-01 9.94462200e+01 2.43126200e+00 7.94830300e+00 2.08365700e+00 1.85806200e+00 1.22434200e+03 5.70347500e+03 2.52757000e+03 8.15510300e+02 2.30800300e+02 9.62971400e-01 2.42980300e-01 2.44298000e-01 2.57247500e+00 1.39895500e+01 1.08969600e+03 1.46583100e+02 1.04111800e+00 1.40793900e+01 1.05894100e+03 1.49360300e+02 1.38974500e-01 1.60557600e-01 3.37465100e+03 1.01811000e-02 8.17331900e-01 4.51665500e-01 7.18019900e+01 6.51054800e+02 8.17988400e+01 1.55241900e+03 8.84377600e+01 2.01082400e+03 9.39904300e+01 2.33970700e+03 2.32978700e+02 5.84362200e+03 4.51611400e-01 7.38770500e-01 4.69440800e-01 6.54736100e-01 4.67916000e-01 6.12671700e-01 4.62912000e-01 5.82938000e-01 2.93901100e-01 3.02930400e-01 3.21996300e+01 1.08592700e+02 3.32086700e+01 9.33748500e+00 3.96725400e+02 2.29555000e+01 1.15133600e+04 7.06785000e+02 4.52061500e-02 1.15641700e+00 4.72143700e+00 1.17120000e+01 1.19423800e+04 5.92306000e+00
3.94461100e-01 6.32963500e+03 2.21530100e-02 1.15942000e-01 1.04144400e+00 5.22360400e-02 2.91081700e+00 3.02529300e+00 9.64380100e-01 9.99390400e-01 2.44491900e+02 4.54063700e+01 1.11699500e+02 3.70479000e+01 4.01435300e+00 6.18851100e-01 6.45451500e-01 5.32291100e-01 2.97982400e+00 1.23744100e+00 1.06410000e+00 1.04488000e+00 1.16563300e+00 9.97696700e-01 1.00228100e+00 1.00517600e+00 1.00032200e+00 6.72039800e+01 6.92806300e-01 3.07193700e-01 1.38740200e-01 9.32389200e-02 7.95139700e-01 8.04616400e-01 4.40706600e-01 5.91965600e-01 9.69942300e-01 1.00215200e+02 2.40725200e+00 7.43560800e+00 2.06000400e+00 1.85565100e+00 1.21960400e+03 5.69845800e+03 2.52373500e+03 8.13835400e+02 2.29980800e+02 9.64380100e-01 2.43478400e-01 2.44797900e-01 2.57955000e+00 1.39291800e+01 1.08970200e+03 1.46353300e+02 1.04173800e+00 1.40489500e+01 1.05901700e+03 1.49120900e+02 1.39107000e-01 1.60752300e-01 3.36102800e+03 1.01647400e-02 8.20421300e-01 4.53273500e-01 7.23860400e+01 6.45397200e+02 8.23196900e+01 1.54027700e+03 8.89249800e+01 1.99597700e+03 9.44534400e+01 2.32315400e+03 2.33246500e+02 5.81776800e+03 4.45564500e-01 7.35178100e-01 4.64513400e-01 6.52146000e-01 4.63638700e-01 6.10494200e-01 4.59099800e-01 5.81018700e-01 2.93144400e-01 3.02394900e-01 3.06382500e+01 1.08318200e+02 3.21771100e+01 1.07911800e+01 3.95785200e+02 2.28612600e+01 1.15129900e+04 7.06638300e+02 2.84404600e-03 1.60798500e+00 3.58823900e+00 5.00353500e+00 1.19424300e+04 5.19906800e+00
2.15409700e-01 6.33487600e+03 2.17634500e-02 1.13644400e-01 1.04115200e+00 4.83787800e-02 2.77458400e+00 3.01372200e+00 9.59955400e-01 1.00199200e+00 2.23006200e+02 3.03315300e+01 1.02632500e+02 4.13536400e+01 3.77981800e+00 7.01231400e-01 4.59149400e-01 3.49742500e-01 6.69960200e+00 8.35975500e-01 1.21904900e+00 8.26981700e-01 9.68607000e-01 9.96931700e-01 9.98677900e-01 9.94989400e-01 9.95847100e-01 6.60137900e+01 6.87795700e-01 3.12204300e-01 1.36053000e-01 8.98137700e-02 7.86995600e-01 8.02843900e-01 4.39735700e-01 5.88277200e-01 9.68623400e-01 9.96348500e+01 2.40673800e+00 7.06329300e+00 2.03630500e+00 1.84850900e+00 1.22346300e+03 5.68876900e+03 2.52696100e+03 8.14987500e+02 2.30252800e+02 9.59955400e-01 2.41412300e-01 2.42724200e-01 2.60479100e+00 1.41161100e+01 1.08985300e+03 1.48002400e+02 1.04158000e+00 1.42094200e+01 1.05783500e+03 1.50930400e+02 1.37491800e-01 1.60804000e-01 3.35817700e+03 1.00610900e-02 8.19512700e-01 4.53084000e-01 7.11829500e+01 6.56678500e+02 8.10804400e+01 1.56595600e+03 8.76541600e+01 2.02844100e+03 9.31526400e+01 2.36027300e+03 2.30822200e+02 5.89643400e+03 4.44178500e-01 7.27165600e-01 4.61842400e-01 6.44509100e-01 4.60401900e-01 6.03126100e-01 4.55517800e-01 5.73870800e-01 2.89366900e-01 2.98269900e-01 2.89756500e+01 1.07427400e+02 3.22038700e+01 1.18698900e+01 3.95728600e+02 2.29187700e+01 1.15196500e+04 7.06769500e+02 2.93549500e-02 1.21731700e+00 4.21894800e+00 7.34821400e+00 1.19501700e+04 5.46562000e+00
6.11203100e-01 6.33075300e+03 2.18042700e-02 1.10827200e-01 1.04189800e+00 5.37568000e-02 2.55591700e+00 3.01773900e+00 9.55009300e-01 1.00181100e+00 2.12005100e+02 3.92690200e+01 1.11617300e+02 3.15453800e+01 5.65586700e+00 6.76452700e-01 8.35156300e-01 8.72142000e-01 2.67130600e+00 1.13842700e+00 1.06281000e+00 1.07789200e+00 9.48502100e-01 9.97523800e-01 1.00035100e+00 9.94472100e-01 9.90261900e-01 6.47027600e+01 6.81647500e-01 3.18352500e-01 1.33276600e-01 8.62336200e-02 7.84578300e-01 8.08220400e-01 4.42680500e-01 5.89336500e-01 9.75382400e-01 9.89273900e+01 2.43022600e+00 7.53936800e+00 2.04450200e+00 1.83609400e+00 1.23016200e+03 5.69417100e+03 2.53154700e+03 8.21220300e+02 2.33751700e+02 9.55009300e-01 2.38342200e-01 2.39642700e-01 2.51847800e+00 1.43235200e+01 1.08931800e+03 1.49953700e+02 1.04246400e+00 1.43845400e+01 1.05752900e+03 1.52895200e+02 1.36430700e-01 1.60081700e-01 3.39268500e+03 1.00084300e-02 8.13795600e-01 4.50074700e-01 6.98630100e+01 6.69551200e+02 7.97314400e+01 1.59510600e+03 8.62767100e+01 2.06519300e+03 9.17471400e+01 2.40221400e+03 2.28272300e+02 5.98373500e+03 4.46652900e-01 7.24346900e-01 4.62921200e-01 6.41372400e-01 4.60786200e-01 5.99927600e-01 4.55443100e-01 5.70665100e-01 2.87545300e-01 2.96121300e-01 2.63851500e+01 1.03461600e+02 2.79634500e+01 9.56775300e+00 3.96009300e+02 2.36673300e+01 1.15149900e+04 7.06985900e+02 9.96217000e-02 8.72797100e-01 5.56480100e+00 3.74569500e+00 1.19442400e+04 6.53722000e+00
3.10480100e-01 6.33243100e+03 2.19748200e-02 1.13667300e-01 1.04161300e+00 4.96637900e-02 2.75733200e+00 3.01483100e+00 9.62810800e-01 1.00015900e+00 2.50499700e+02 3.15921400e+01 1.02467600e+02 4.11505900e+01 2.39845700e+00 5.42459200e-01 5.88015700e-01 6.49842000e-03 1.54706300e+00 9.88308500e-01 1.05501700e+00 9.01857800e-01 8.51140600e-01 9.97059900e-01 1.00066600e+00 1.00545100e+00 9.95485900e-01 6.61200000e+01 6.88262200e-01 3.11737800e-01 1.36287200e-01 9.01131000e-02 7.88333500e-01 8.03607700e-01 4.40154100e-01 5.89057000e-01 9.69490500e-01 9.96889500e+01 2.40293000e+00 7.15484600e+00 2.03856600e+00 1.84581100e+00 1.21563600e+03 5.67722300e+03 2.52690900e+03 8.17890100e+02 2.31890100e+02 9.62810800e-01 2.41283400e-01 2.42594800e-01 2.55879700e+00 1.40992800e+01 1.08956800e+03 1.47919900e+02 1.04203400e+00 1.41953100e+01 1.05833100e+03 1.50769800e+02 1.37883800e-01 1.60506200e-01 3.37209300e+03 1.00906300e-02 8.17926500e-01 4.52105300e-01 7.12911300e+01 6.55646600e+02 8.11913900e+01 1.56361300e+03 8.77676500e+01 2.02548300e+03 9.32686100e+01 2.35689400e+03 2.31034800e+02 5.88934300e+03 4.44632900e-01 7.28447600e-01 4.62431000e-01 6.45695500e-01 4.61042800e-01 6.04257000e-01 4.56187600e-01 5.74959700e-01 2.89932900e-01 2.98873800e-01 2.48125100e+01 1.03901000e+02 2.75160600e+01 1.11527000e+01 3.95696600e+02 2.25717400e+01 1.15180800e+04 7.06755600e+02 2.55939400e-02 1.27934900e+00 4.13946100e+00 5.15692500e+00 1.19475000e+04 5.44440300e+00
7.75533500e-01 6.33378800e+03 2.19471400e-02 1.14520800e-01 1.04149500e+00 4.84303500e-02 2.74820200e+00 3.00907900e+00 9.60168000e-01 9.97738300e-01 2.58469100e+02 3.80859700e+01 1.16194600e+02 3.56495000e+01 4.96042600e+00 6.88594700e-01 4.16663100e-01 2.15238400e-03 1.68658600e+00 5.81968000e-01 9.13782200e-01 9.92877100e-01 1.01759800e+00 9.97337700e-01 9.99583900e-01 1.00452800e+00 9.91736200e-01 6.56439200e+01 6.81807500e-01 3.18192500e-01 1.37113100e-01 9.00064000e-02 7.88552100e-01 8.12109700e-01 4.44810800e-01 5.92247000e-01 9.73269600e-01 9.88678700e+01 2.41199600e+00 7.04193100e+00 2.02687200e+00 1.83975600e+00 1.21480700e+03 5.64663500e+03 2.51465700e+03 8.13541000e+02 2.30648600e+02 9.60168000e-01 2.41142300e-01 2.42453200e-01 2.56071700e+00 1.41195700e+01 1.08967300e+03 1.47755100e+02 1.04192600e+00 1.41809500e+01 1.05829200e+03 1.50612400e+02 1.38061600e-01 1.60461700e-01 3.39696300e+03 1.01585400e-02 8.13280600e-01 4.49694200e-01 7.08824100e+01 6.59905800e+02 8.08892800e+01 1.57218100e+03 8.75267100e+01 2.03554700e+03 9.30743100e+01 2.36775900e+03 2.31541200e+02 5.89851300e+03 4.48755000e-01 7.28032500e-01 4.65148500e-01 6.44653000e-01 4.63025300e-01 6.03002800e-01 4.57670600e-01 5.73594100e-01 2.88999100e-01 2.97644100e-01 2.91271400e+01 1.06761100e+02 3.26664400e+01 1.04841800e+01 3.95740400e+02 2.30131600e+01 1.15171300e+04 7.06979500e+02 1.07162700e-01 8.72797100e-01 5.83138300e+00 7.42090900e+00 1.19463600e+04 6.81134300e+00
1.86555600e-01 6.33186200e+03 2.24022300e-02 1.18967400e-01 1.04064400e+00 5.18633300e-02 3.12967500e+00 3.03049800e+00 9.75898100e-01 1.00005900e+00 2.33132400e+02 3.30915000e+01 9.76543500e+01 4.68990300e+01 8.70233300e+00 6.59623800e-01 9.30215900e-01 2.73961900e-01 1.17078900e+00 1.33440100e+00 1.02782100e+00 9.90327000e-01 9.94455200e-01 9.98827200e-01 1.00276800e+00 1.00148200e+00 9.95772200e-01 6.86285400e+01 6.98474500e-01 3.01525500e-01 1.42014800e-01 9.74626800e-02 8.02637300e-01 8.04675500e-01 4.40738900e-01 5.94771800e-01 9.68873300e-01 1.00820900e+02 2.38339900e+00 7.41729700e+00 2.07075400e+00 1.86672600e+00 1.19835500e+03 5.67555400e+03 2.52395700e+03 8.13749200e+02 2.29457800e+02 9.75898100e-01 2.46521100e-01 2.47851700e-01 2.60837100e+00 1.37112600e+01 1.08987300e+03 1.44255800e+02 1.04078000e+00 1.38603600e+01 1.06000900e+03 1.46908200e+02 1.40764400e-01 1.61020900e-01 3.34075600e+03 1.02534900e-02 8.24385900e-01 4.55138700e-01 7.38274200e+01 6.32389000e+02 8.38066800e+01 1.51059600e+03 9.04510100e+01 1.95841100e+03 9.60162400e+01 2.28016600e+03 2.36168500e+02 5.72605900e+03 4.46051100e-01 7.42672900e-01 4.66432000e-01 6.59415100e-01 4.66216500e-01 6.17557500e-01 4.62092100e-01 5.87901100e-01 2.96817800e-01 3.06459900e-01 2.87708100e+01 1.08611900e+02 3.28652300e+01 1.23872100e+01 3.95700500e+02 2.12399900e+01 1.15138800e+04 7.06539800e+02 4.71130300e-03 1.96545900e+00 3.39753400e+00 8.60611000e+00 1.19432100e+04 5.36770400e+00
7.34195100e-01 6.33094000e+03 2.21499400e-02 1.12971100e-01 1.04170000e+00 5.54974400e-02 2.67948800e+00 3.02390500e+00 9.54418400e-01 9.99707900e-01 2.69934400e+02 3.20099900e+01 7.50067800e+01 5.14276400e+01 2.35855800e+00 3.42911700e-01 9.96416000e-01 4.08847300e-01 4.15930700e+00 1.24608800e+00 1.21609000e+00 9.62815500e-01 8.95472400e-01 9.96427600e-01 1.00353500e+00 9.91312900e-01 9.89331600e-01 6.56109600e+01 6.84616600e-01 3.15383400e-01 1.35766200e-01 8.90775000e-02 7.88775700e-01 8.08746300e-01 4.42968600e-01 5.91103100e-01 9.73790000e-01 9.91955300e+01 2.43629000e+00 7.68890400e+00 2.05714600e+00 1.84102900e+00 1.23665100e+03 5.72031800e+03 2.52193900e+03 8.15901100e+02 2.31871900e+02 9.54418400e-01 2.40264300e-01 2.41572000e-01 2.49889600e+00 1.41621600e+01 1.08920900e+03 1.48391100e+02 1.04215300e+00 1.42389000e+01 1.05859800e+03 1.51187400e+02 1.37906100e-01 1.59988900e-01 3.39606700e+03 1.01069500e-02 8.14105000e-01 4.49977200e-01 7.08011800e+01 6.60454600e+02 8.07257500e+01 1.57417900e+03 8.73127400e+01 2.03858300e+03 9.28201200e+01 2.37165800e+03 2.30483100e+02 5.91600500e+03 4.47156600e-01 7.28507400e-01 4.64170100e-01 6.45366900e-01 4.62365700e-01 6.03791700e-01 4.57225700e-01 5.74419500e-01 2.89529400e-01 2.98300000e-01 2.69540900e+01 1.05027600e+02 2.87151700e+01 9.31310800e+00 3.96323700e+02 2.45083800e+01 1.15086000e+04 7.06873900e+02 6.82037800e-02 1.03858200e+00 5.08974800e+00 1.00629500e+01 1.19387500e+04 6.19653400e+00
1.34397200e+00 6.33208200e+03 2.21375900e-02 1.12520700e-01 1.04173300e+00 5.53553300e-02 2.64776700e+00 3.02301400e+00 9.52639400e-01 1.00069600e+00 2.74959600e+02 3.73392000e+01 7.03667800e+01 5.81596900e+01 5.24170000e+00 4.30200900e-01 9.98949300e-01 1.39023900e-01 2.70668100e-01 8.53631000e-01 1.20482300e+00 1.00198100e+00 1.07385000e+00 9.96152900e-01 1.00515400e+00 9.92237900e-01 9.89184400e-01 6.53949000e+01 6.83611100e-01 3.16388900e-01 1.35303500e-01 8.84815700e-02 7.87442400e-01 8.08665300e-01 4.42924200e-01 5.90573700e-01 9.73748700e-01 9.90749100e+01 2.44003200e+00 7.66449000e+00 2.05531400e+00 1.83991300e+00 1.24063800e+03 5.72877100e+03 2.52296400e+03 8.16356000e+02 2.32118500e+02 9.52639400e-01 2.39810100e-01 2.41116000e-01 2.49000300e+00 1.41961000e+01 1.08915000e+03 1.48698800e+02 1.04221000e+00 1.42676400e+01 1.05852100e+03 1.51502500e+02 1.37704000e-01 1.59901000e-01 3.39966500e+03 1.00949800e-02 8.13429300e-01 4.49633300e-01 7.05850400e+01 6.62551300e+02 8.05044100e+01 1.57893000e+03 8.70864700e+01 2.04457500e+03 9.25890500e+01 2.37849800e+03 2.30060600e+02 5.93028800e+03 4.47020000e-01 7.27181500e-01 4.63787900e-01 6.44089400e-01 4.61873800e-01 6.02554100e-01 4.56666000e-01 5.73215900e-01 2.88889500e-01 2.97597200e-01 2.97073500e+01 1.06512800e+02 3.20106200e+01 9.45381000e+00 3.96283200e+02 2.47261200e+01 1.15077200e+04 7.06910200e+02 8.14222200e-02 9.81866700e-01 5.34929200e+00 1.26620700e+01 1.19381800e+04 6.41258100e+00
9.72740200e-01 6.33093100e+03 2.24056800e-02 1.15837100e-01 1.04141300e+00 5.85282700e-02 2.85255900e+00 3.03859500e+00 9.61578700e-01 1.00006400e+00 2.28195400e+02 3.38503100e+01 9.87818700e+01 4.08307700e+01 8.35796100e+00 5.31287000e-01 8.79901500e-01 2.45863300e-01 2.48822000e+00 7.53323000e-01 8.98723200e-01 1.03574100e+00 1.14520100e+00 9.98627100e-01 9.99465900e-01 9.94820100e-01 9.83939200e-01 6.67498800e+01 6.88280800e-01 3.11719200e-01 1.38887900e-01 9.27075100e-02 7.99911500e-01 8.15385600e-01 4.46605100e-01 5.97699400e-01 9.79076600e-01 9.95685200e+01 2.43649200e+00 8.00323500e+00 2.08758800e+00 1.85698300e+00 1.22947800e+03 5.72605500e+03 2.52731900e+03 8.16903700e+02 2.31860700e+02 9.61578700e-01 2.42785300e-01 2.44102300e-01 2.51208800e+00 1.39664800e+01 1.08931900e+03 1.46486400e+02 1.04172300e+00 1.40619400e+01 1.05955100e+03 1.49166600e+02 1.39477100e-01 1.60177600e-01 3.39164800e+03 1.02163800e-02 8.15520100e-01 4.50523200e-01 7.19699500e+01 6.49461100e+02 8.19639900e+01 1.54886600e+03 8.86025700e+01 2.00638400e+03 9.41556700e+01 2.33467200e+03 2.33229000e+02 5.83386800e+03 4.51135700e-01 7.39145100e-01 4.69195900e-01 6.55176000e-01 4.67788000e-01 6.13128000e-01 4.62862000e-01 5.83399600e-01 2.94171300e-01 3.03252700e-01 2.94646600e+01 1.05509200e+02 3.04846900e+01 8.86927000e+00 3.97009100e+02 2.35773700e+01 1.15118200e+04 7.06755000e+02 3.49307800e-02 1.21731700e+00 4.49496700e+00 8.08755600e+00 1.19412700e+04 5.74721500e+00
1.07751900e+00 6.33307500e+03 2.22919600e-02 1.16460700e-01 1.04128900e+00 5.51222500e-02 2.84108300e+00 3.03308000e+00 9.57485300e-01 9.98986100e-01 2.73266200e+02 3.86411300e+01 9.19072500e+01 4.50063100e+01 5.71789000e+00 6.26291100e-01 7.39024100e-01 3.95674400e-01 4.41308100e+00 1.41969900e+00 9.36161700e-01 9.21820700e-01 1.01691300e+00 9.98910400e-01 1.00064600e+00 9.98296800e-01 9.86794500e-01 6.62591600e+01 6.82485000e-01 3.17515000e-01 1.39397800e-01 9.23638200e-02 7.99364900e-01 8.22368600e-01 4.50429800e-01 6.00048100e-01 9.82024000e-01 9.88483700e+01 2.44750200e+00 7.69805900e+00 2.07610700e+00 1.85939300e+00 1.23736800e+03 5.72733400e+03 2.52629900e+03 8.15113800e+02 2.31067300e+02 9.57485300e-01 2.42579400e-01 2.43895600e-01 2.52904400e+00 1.39973500e+01 1.08950400e+03 1.46467600e+02 1.04160600e+00 1.40617000e+01 1.05932200e+03 1.49184500e+02 1.39418600e-01 1.60247400e-01 3.40955600e+03 1.02621800e-02 8.11894100e-01 4.48710600e-01 7.15313500e+01 6.53872600e+02 8.16137200e+01 1.55796100e+03 8.83021800e+01 2.01723600e+03 9.38928700e+01 2.34654200e+03 2.33480800e+02 5.84738500e+03 4.54499600e-01 7.38073800e-01 4.71255000e-01 6.53607400e-01 4.69174100e-01 6.11404300e-01 4.63794300e-01 5.81601500e-01 2.93040900e-01 3.01841300e-01 3.07831700e+01 1.05893200e+02 3.23619200e+01 8.46679300e+00 3.96277400e+02 2.45213900e+01 1.15153900e+04 7.06952900e+02 1.12102700e-01 8.20176000e-01 6.09788300e+00 7.50756300e+00 1.19446600e+04 7.03016200e+00
5.72631700e-01 6.33019400e+03 2.24421700e-02 1.16205000e-01 1.04138700e+00 5.81559200e-02 2.95109200e+00 3.03859900e+00 9.71463300e-01 9.99479700e-01 2.39555500e+02 4.67742100e+01 7.79606300e+01 5.04479900e+01 4.86240000e+00 8.16769700e-01 8.10031900e-01 9.54750300e-01 5.14486800e-01 1.15664200e+00 1.16686200e+00 1.00191800e+00 1.20003700e+00 9.96626700e-01 1.00269800e+00 9.95082000e-01 9.90916000e-01 6.78045700e+01 6.97023300e-01 3.02976700e-01 1.39292300e-01 9.44465500e-02 8.00928100e-01 8.04891800e-01 4.40857400e-01 5.94218000e-01 9.72666700e-01 1.00698000e+02 2.40297200e+00 7.97576900e+00 2.08759700e+00 1.85837400e+00 1.20790700e+03 5.69732100e+03 2.52918500e+03 8.18563100e+02 2.32070500e+02 9.71463300e-01 2.44145300e-01 2.45467200e-01 2.53951800e+00 1.38593900e+01 1.08940400e+03 1.45850200e+02 1.04163400e+00 1.40020500e+01 1.05974200e+03 1.48512100e+02 1.39798500e-01 1.60492900e-01 3.35598500e+03 1.01774000e-02 8.22145600e-01 4.53954100e-01 7.29637200e+01 6.39981200e+02 8.28650300e+01 1.52837500e+03 8.94552300e+01 1.98122700e+03 9.49740700e+01 2.30653800e+03 2.33845400e+02 5.78810100e+03 4.46072000e-01 7.40948100e-01 4.66090600e-01 6.57725700e-01 4.65704800e-01 6.15909700e-01 4.61471900e-01 5.86291900e-01 2.95968100e-01 3.05502100e-01 2.76623900e+01 1.02831600e+02 3.15009700e+01 1.01241100e+01 3.96635500e+02 2.19190400e+01 1.15124300e+04 7.06559900e+02 1.96383300e-03 1.89191900e+00 3.38052900e+00 7.44656500e+00 1.19411100e+04 5.27441200e+00
6.14198400e-01 6.32882200e+03 2.24512600e-02 1.21056200e-01 1.04089200e+00 5.15567800e-02 3.17795600e+00 3.03472500e+00 9.75155300e-01 9.97668900e-01 2.59356700e+02 4.63858700e+01 1.04835100e+02 4.10644000e+01 2.30353000e+00 6.73382400e-01 3.86078800e-01 6.68178900e-01 3.97041200e+00 8.57497200e-01 9.70647900e-01 8.65848700e-01 1.06282100e+00 9.96224500e-01 9.99424800e-01 9.93962300e-01 9.91811300e-01 6.85736100e+01 6.93444800e-01 3.06555200e-01 1.44152700e-01 9.88506700e-02 8.09693000e-01 8.18491300e-01 4.48306200e-01 6.02486800e-01 9.77781700e-01 1.00164400e+02 2.40098900e+00 7.41424600e+00 2.07952500e+00 1.87578300e+00 1.20235100e+03 5.67372700e+03 2.52637000e+03 8.13786700e+02 2.29429600e+02 9.75155300e-01 2.47175600e-01 2.48508600e-01 2.61595400e+00 1.36591500e+01 1.09003800e+03 1.43447400e+02 1.04097800e+00 1.37800600e+01 1.06031400e+03 1.46068400e+02 1.41510000e-01 1.61106000e-01 3.36968700e+03 1.03753500e-02 8.19451000e-01 4.52535200e-01 7.38484200e+01 6.32572600e+02 8.39662800e+01 1.50981700e+03 9.06950200e+01 1.95660300e+03 9.63272400e+01 2.27740500e+03 2.37772800e+02 5.70491200e+03 4.53286100e-01 7.48690400e-01 4.72712600e-01 6.64192900e-01 4.71891900e-01 6.21796200e-01 4.67318000e-01 5.91789800e-01 2.98564100e-01 3.08035100e-01 3.05187700e+01 1.06390400e+02 3.13845700e+01 9.91933600e+00 3.95771800e+02 2.17219000e+01 1.15120700e+04 7.06624500e+02 4.47682600e-03 1.53969800e+00 3.76521000e+00 6.23009800e+00 1.19394800e+04 5.30938500e+00
9.95019800e-01 6.33394400e+03 2.22506100e-02 1.18664200e-01 1.04123800e+00 5.25863500e-02 2.94347300e+00 3.03757500e+00 9.57359300e-01 9.99437200e-01 2.82134400e+02 4.39986000e+01 1.09823600e+02 3.52068700e+01 1.73424700e+00 4.96637800e-01 6.13166300e-01 7.14199700e-01 4.37455400e+00 1.27537400e+00 1.14391200e+00 1.11308000e+00 1.21003200e+00 9.97793000e-01 1.00256600e+00 9.96929000e-01 9.94224800e-01 6.66326900e+01 6.81165300e-01 3.18834700e-01 1.41559900e-01 9.43251700e-02 8.05569000e-01 8.30471800e-01 4.54868100e-01 6.05332700e-01 9.86868000e-01 9.86840700e+01 2.45735000e+00 7.49664300e+00 2.08546100e+00 1.87726800e+00 1.24602500e+03 5.75206500e+03 2.53635300e+03 8.15480000e+02 2.30415600e+02 9.57359300e-01 2.43963400e-01 2.45284700e-01 2.57249100e+00 1.39023700e+01 1.08985300e+03 1.45387500e+02 1.04149600e+00 1.39594900e+01 1.05947500e+03 1.48101600e+02 1.40112200e-01 1.60621800e-01 3.41442700e+03 1.03492000e-02 8.10961700e-01 4.48255300e-01 7.19581100e+01 6.50089600e+02 8.21339500e+01 1.54863300e+03 8.88824300e+01 2.00495400e+03 9.45223900e+01 2.33208800e+03 2.35246100e+02 5.80784100e+03 4.58831800e-01 7.43674000e-01 4.75423800e-01 6.58426300e-01 4.73175000e-01 6.15853900e-01 4.67650900e-01 5.85798200e-01 2.95090600e-01 3.03907000e-01 2.97910500e+01 1.08399200e+02 2.94583300e+01 8.57355400e+00 3.95940100e+02 2.50831800e+01 1.15163600e+04 7.07005400e+02 1.35178800e-01 7.68898900e-01 6.55318700e+00 7.47140700e+00 1.19459500e+04 7.45726500e+00
7.10502900e-01 6.33361300e+03 2.20996300e-02 1.15648300e-01 1.04100700e+00 5.08570500e-02 2.80123100e+00 3.02172900e+00 9.56434200e-01 1.00047100e+00 2.36005100e+02 3.09814400e+01 9.14262600e+01 4.57096000e+01 5.32138200e+00 7.59180800e-01 3.04885700e-01 8.22131200e-02 3.03209500e+00 1.06529100e+00 1.18340600e+00 1.09386600e+00 1.53618800e+00 9.95610300e-01 1.00244700e+00 9.96346000e-01 9.87225300e-01 6.58306900e+01 6.80656900e-01 3.19343100e-01 1.38393100e-01 9.11051000e-02 7.93572200e-01 8.18756100e-01 4.48451200e-01 5.96555400e-01 9.78075200e-01 9.86391700e+01 2.43687000e+00 7.28607200e+00 2.05267400e+00 1.85415600e+00 1.23447200e+03 5.71009300e+03 2.52371300e+03 8.14091000e+02 2.30546500e+02 9.56434200e-01 2.41948500e-01 2.43262400e-01 2.55105300e+00 1.40653000e+01 1.08963300e+03 1.47046200e+02 1.04138400e+00 1.41202700e+01 1.05878800e+03 1.49837700e+02 1.38756400e-01 1.60344400e-01 3.40358800e+03 1.02160100e-02 8.12180800e-01 4.48995500e-01 7.11012200e+01 6.57961000e+02 8.11684700e+01 1.56726200e+03 8.78442100e+01 2.02899400e+03 9.34230100e+01 2.35998600e+03 2.32585300e+02 5.87595600e+03 4.52325400e-01 7.32554600e-01 4.68564700e-01 6.48534200e-01 4.66294500e-01 6.06582300e-01 4.60815400e-01 5.76967600e-01 2.90646500e-01 2.99297800e-01 2.88093900e+01 1.08511100e+02 3.36647300e+01 9.22616100e+00 3.95691600e+02 2.40738900e+01 1.15080400e+04 7.07026400e+02 1.41471000e-01 7.68898900e-01 6.64420600e+00 1.56116400e+01 1.19370300e+04 7.55457600e+00
1.07546000e+00 6.33463500e+03 2.21676700e-02 1.15362000e-01 1.04153100e+00 5.16974000e-02 2.77926300e+00 3.02563200e+00 9.53032400e-01 9.99303100e-01 2.57749100e+02 2.96381000e+01 9.78362800e+01 3.77722100e+01 5.54560500e+00 7.13523100e-01 5.84762500e-01 2.52602800e-01 6.18031200e+00 1.14157000e+00 6.50729900e-01 9.80086600e-01 8.99212900e-01 1.00128200e+00 1.00162100e+00 9.93288800e-01 9.92590700e-01 6.59002700e+01 6.81833400e-01 3.18166600e-01 1.38174800e-01 9.10575900e-02 7.94010300e-01 8.17697700e-01 4.47871500e-01 5.96334300e-01 9.78098400e-01 9.88215500e+01 2.44768500e+00 7.35015900e+00 2.06070200e+00 1.85828100e+00 1.24754700e+03 5.74879100e+03 2.52959000e+03 8.15418100e+02 2.31021100e+02 9.53032400e-01 2.41670600e-01 2.42983500e-01 2.53066100e+00 1.40652100e+01 1.08950000e+03 1.47186000e+02 1.04191300e+00 1.41265100e+01 1.05890300e+03 1.49956200e+02 1.38774400e-01 1.60252800e-01 3.40859200e+03 1.02154100e-02 8.11869500e-01 4.48794100e-01 7.11565200e+01 6.57363500e+02 8.12020300e+01 1.56612400e+03 8.78650800e+01 2.02770600e+03 9.34341100e+01 2.35863900e+03 2.32435800e+02 5.87580100e+03 4.51853200e-01 7.33070700e-01 4.68359200e-01 6.49112800e-01 4.66220900e-01 6.07173700e-01 4.60829000e-01 5.77561000e-01 2.90990300e-01 2.99698500e-01 2.77872600e+01 1.04497500e+02 3.23651200e+01 8.44502500e+00 3.95772300e+02 2.54556000e+01 1.15169900e+04 7.06978500e+02 1.14601800e-01 8.20176000e-01 6.05778500e+00 8.63650000e+00 1.19466600e+04 6.99256300e+00
8.61803000e-01 6.33179800e+03 2.21227400e-02 1.14500600e-01 1.04172800e+00 5.26914900e-02 2.71393900e+00 3.02285900e+00 9.50565400e-01 1.00021100e+00 2.04508300e+02 4.98272100e+01 9.40681300e+01 4.66252900e+01 8.66312000e+00 8.56702900e-01 9.56641000e-01 9.38518500e-01 1.44445900e+00 1.28630200e+00 1.18924000e+00 8.83597800e-01 9.98573900e-01 9.96765300e-01 9.99778300e-01 9.86331400e-01 9.88093900e-01 6.54608200e+01 6.79662400e-01 3.20337600e-01 1.37268500e-01 8.98570500e-02 7.91658400e-01 8.18052400e-01 4.48065800e-01 5.95579600e-01 9.78469100e-01 9.85832600e+01 2.45227200e+00 7.44171100e+00 2.05499600e+00 1.84945500e+00 1.24819200e+03 5.73524600e+03 2.52316400e+03 8.14058900e+02 2.30929300e+02 9.50565400e-01 2.40738800e-01 2.42048300e-01 2.51603000e+00 1.41325000e+01 1.08941600e+03 1.47803800e+02 1.04215300e+00 1.41825500e+01 1.05867400e+03 1.50598900e+02 1.38345700e-01 1.60114200e-01 3.41720900e+03 1.01945500e-02 8.10316200e-01 4.48018200e-01 7.07163000e+01 6.61617300e+02 8.07543900e+01 1.57572400e+03 8.74092900e+01 2.03978800e+03 9.29699800e+01 2.37240900e+03 2.31608700e+02 5.90412600e+03 4.51862900e-01 7.30693100e-01 4.67842900e-01 6.46783300e-01 4.65464200e-01 6.04902600e-01 4.59921500e-01 5.75343900e-01 2.89800600e-01 2.98380100e-01 3.12992800e+01 1.04875300e+02 3.36064000e+01 8.79788600e+00 3.95936600e+02 2.55342200e+01 1.15082200e+04 7.07068600e+02 1.49526000e-01 7.19420900e-01 6.68339000e+00 1.04847500e+01 1.19384900e+04 7.55233700e+00
3.66556100e-01 6.33277400e+03 2.22604700e-02 1.17612200e-01 1.04063200e+00 4.48348400e-02 3.00476100e+00 3.01367000e+00 9.67926500e-01 9.97298200e-01 2.30296900e+02 3.72317800e+01 1.28615700e+02 2.50287600e+01 3.88331700e+00 6.57657700e-01 6.06195800e-02 2.73793400e-01 3.94049800e+00 1.18367000e+00 6.97048100e-01 9.75506800e-01 9.42130700e-01 9.98938800e-01 9.98093300e-01 9.92650000e-01 9.98495100e-01 6.75299100e+01 6.91866400e-01 3.08133600e-01 1.40517800e-01 9.48915300e-02 7.93245500e-01 8.03926700e-01 4.40328800e-01 5.91006600e-01 9.65293800e-01 9.99844700e+01 2.38788600e+00 6.66961700e+00 2.03619900e+00 1.86156000e+00 1.21122800e+03 5.69009000e+03 2.52316600e+03 8.13311700e+02 2.29466500e+02 9.67926500e-01 2.44796900e-01 2.46121200e-01 2.59196100e+00 1.38499500e+01 1.08980700e+03 1.45344800e+02 1.04086300e+00 1.39638700e+01 1.05947500e+03 1.48059500e+02 1.39925100e-01 1.60786100e-01 3.36112100e+03 1.02300900e-02 8.20146900e-01 4.53032000e-01 7.27536000e+01 6.42204200e+02 8.27621300e+01 1.53243100e+03 8.94158000e+01 1.98566200e+03 9.49840800e+01 2.31102700e+03 2.34706800e+02 5.78478900e+03 4.45084700e-01 7.33334200e-01 4.63782200e-01 6.50407900e-01 4.62800800e-01 6.08824400e-01 4.58198500e-01 5.79402800e-01 2.92279500e-01 3.01469300e-01 2.70659300e+01 1.03990000e+02 2.84269600e+01 1.09164200e+01 3.96248900e+02 2.24068900e+01 1.15181800e+04 7.06659800e+02 1.04390500e-02 1.40705700e+00 3.93099600e+00 5.78313300e+00 1.19477600e+04 5.34849200e+00
8.42238200e-01 6.32971500e+03 2.25497200e-02 1.21156300e-01 1.04062200e+00 5.35320200e-02 3.19887400e+00 3.04603800e+00 9.76348500e-01 1.00091400e+00 2.10932900e+02 3.95797200e+01 1.20835800e+02 2.91508500e+01 7.36759500e+00 7.35969700e-01 4.82204500e-01 3.49172200e-01 4.11294900e-01 1.01070100e+00 6.77588000e-01 1.16513800e+00 1.14035800e+00 9.97698400e-01 1.00054300e+00 9.94860800e-01 9.87261300e-01 6.87713600e+01 6.94785600e-01 3.05214400e-01 1.44351100e-01 9.92722400e-02 8.13722100e-01 8.20763300e-01 4.49550600e-01 6.04821600e-01 9.81233300e-01 1.00291700e+02 2.40974700e+00 7.59735100e+00 2.10318600e+00 1.88964600e+00 1.20996600e+03 5.72110400e+03 2.54412000e+03 8.19669100e+02 2.31245700e+02 9.76348500e-01 2.47486300e-01 2.48820400e-01 2.60535300e+00 1.36364000e+01 1.08994300e+03 1.43245800e+02 1.04068900e+00 1.37645100e+01 1.06054300e+03 1.45833600e+02 1.41759200e-01 1.61004500e-01 3.36506100e+03 1.03753900e-02 8.20373500e-01 4.52936300e-01 7.40413400e+01 6.30826900e+02 8.41490800e+01 1.50597700e+03 9.08731900e+01 1.95184000e+03 9.65025400e+01 2.27203600e+03 2.37980800e+02 5.69525100e+03 4.54645200e-01 7.52552900e-01 4.74474400e-01 6.67770500e-01 4.73812000e-01 6.25208400e-01 4.69326400e-01 5.95076300e-01 3.00275300e-01 3.09864200e-01 2.71869500e+01 1.04958100e+02 3.07766100e+01 9.31455300e+00 3.95906900e+02 2.16662700e+01 1.15140600e+04 7.06597800e+02 1.67586000e-03 1.60798500e+00 3.68871600e+00 6.58889200e+00 1.19409400e+04 5.29837700e+00
1.35579300e-01 6.32968700e+03 2.23723000e-02 1.13525800e-01 1.04147400e+00 5.36409700e-02 2.83650800e+00 3.02427300e+00 9.67361700e-01 1.00120500e+00 2.41875900e+02 2.89833400e+01 9.33365200e+01 4.50948000e+01 6.12656100e+00 6.79280800e-01 5.61136100e-01 2.02637900e-01 1.86911100e+00 8.72960900e-01 9.31093400e-01 9.61742700e-01 1.16023100e+00 9.98149600e-01 1.00140500e+00 1.00029100e+00 9.92169100e-01 6.73870800e+01 6.99311400e-01 3.00688600e-01 1.36543300e-01 9.20125200e-02 7.88427600e-01 7.89331900e-01 4.32334900e-01 5.83836300e-01 9.60447200e-01 1.01031900e+02 2.38733100e+00 7.48443600e+00 2.05790300e+00 1.84855800e+00 1.21364600e+03 5.71973200e+03 2.52917200e+03 8.19311500e+02 2.32476600e+02 9.67361700e-01 2.42550500e-01 2.43866600e-01 2.51259700e+00 1.39750900e+01 1.08914000e+03 1.47223400e+02 1.04179600e+00 1.41316900e+01 1.05932200e+03 1.49927800e+02 1.38728500e-01 1.60247000e-01 3.34150200e+03 1.00542400e-02 8.24581800e-01 4.55276500e-01 7.24748500e+01 6.44132100e+02 8.22500100e+01 1.53884500e+03 8.87596600e+01 1.99516500e+03 9.42126600e+01 2.32306500e+03 2.31599800e+02 5.83612500e+03 4.37667600e-01 7.29609300e-01 4.57869700e-01 6.47911100e-01 4.57754700e-01 6.06824200e-01 4.53769700e-01 5.77708700e-01 2.91744100e-01 3.01235900e-01 2.57533400e+01 1.05061200e+02 2.97947100e+01 1.30355500e+01 3.95804900e+02 2.20844000e+01 1.15129700e+04 7.06529900e+02 1.26613100e-02 2.11648900e+00 3.36034900e+00 3.45989900e+00 1.19438900e+04 5.48949800e+00
4.29372100e-01 6.32763000e+03 2.22572500e-02 1.12336500e-01 1.04141600e+00 5.05498900e-02 2.68839500e+00 3.01424300e+00 9.57278100e-01 9.99517100e-01 2.37406700e+02 2.64236000e+01 9.55845300e+01 4.55995700e+01 5.35411200e+00 6.28539700e-01 6.22495200e-01 1.53029300e-02 1.55525600e+00 1.00184000e+00 1.03297800e+00 8.85174900e-01 9.53621600e-01 9.97967300e-01 1.00139200e+00 9.92905400e-01 9.83545200e-01 6.59368900e+01 6.88939700e-01 3.11060300e-01 1.35238900e-01 8.91723000e-02 7.82473500e-01 7.96767000e-01 4.36407200e-01 5.84360400e-01 9.63619100e-01 9.96927000e+01 2.41066600e+00 7.15484600e+00 2.03736700e+00 1.84146000e+00 1.23091200e+03 5.73393800e+03 2.52643600e+03 8.18491300e+02 2.32681400e+02 9.57278100e-01 2.40434900e-01 2.41743200e-01 2.48226500e+00 1.41468700e+01 1.08902700e+03 1.48434200e+02 1.04185100e+00 1.42471700e+01 1.05882600e+03 1.51194100e+02 1.37941900e-01 1.59854600e-01 3.37856000e+03 1.00611900e-02 8.17333900e-01 4.51577000e-01 7.10851500e+01 6.57494300e+02 8.09388700e+01 1.56819300e+03 8.74852700e+01 2.03152900e+03 9.29617200e+01 2.36402300e+03 2.30165400e+02 5.90914000e+03 4.40897400e-01 7.23100900e-01 4.58716700e-01 6.41031100e-01 4.57419200e-01 5.99923100e-01 4.52654700e-01 5.70855300e-01 2.87897600e-01 2.96800700e-01 2.53668100e+01 1.04715000e+02 2.95877900e+01 1.05239300e+01 3.95690100e+02 2.38182100e+01 1.15101500e+04 7.06735900e+02 2.55913000e-02 1.27934900e+00 4.23079000e+00 2.81117800e+00 1.19401800e+04 5.53573000e+00
5.92968800e-01 6.33140900e+03 2.25220100e-02 1.14331600e-01 1.04156000e+00 5.92645000e-02 2.86497700e+00 3.04621800e+00 9.66317100e-01 1.00537900e+00 2.54213400e+02 2.19656500e+01 1.02327800e+02 3.58716500e+01 2.49286600e+00 6.64995500e-01 1.83581200e-01 1.25212900e-01 7.53261400e+00 9.43835600e-01 1.12036500e+00 1.03529500e+00 1.18664400e+00 9.97372100e-01 1.00246500e+00 9.91422900e-01 9.89068800e-01 6.75811800e+01 6.98944000e-01 3.01056000e-01 1.37498800e-01 9.29233000e-02 7.98266900e-01 7.99670600e-01 4.37997700e-01 5.91302800e-01 9.71035800e-01 1.00954800e+02 2.41766900e+00 8.02459700e+00 2.10356300e+00 1.86844000e+00 1.23116100e+03 5.78687400e+03 2.55037300e+03 8.25564500e+02 2.34476900e+02 9.66317100e-01 2.42998800e-01 2.44316600e-01 2.49601100e+00 1.39300900e+01 1.08905600e+03 1.46736600e+02 1.04184600e+00 1.40842900e+01 1.05974200e+03 1.49383000e+02 1.39288100e-01 1.60140400e-01 3.35181900e+03 1.01050800e-02 8.23194200e-01 4.54442200e-01 7.26907500e+01 6.42245000e+02 8.25044700e+01 1.53424900e+03 8.90392500e+01 1.98914900e+03 9.45130600e+01 2.31601300e+03 2.32396900e+02 5.81737900e+03 4.43356900e-01 7.38678000e-01 4.63731500e-01 6.55923500e-01 4.63572500e-01 6.14311200e-01 4.59508600e-01 5.84825800e-01 2.95317500e-01 3.04911800e-01 2.54236400e+01 1.07054300e+02 2.95961900e+01 1.00801500e+01 3.96939700e+02 2.25882500e+01 1.15111100e+04 7.06534100e+02 9.32820500e-03 2.04033800e+00 3.36047900e+00 1.01551000e+01 1.19407200e+04 5.41014500e+00
4.18249100e-01 6.33009300e+03 2.21081100e-02 1.15886700e-01 1.04157200e+00 5.49483000e-02 2.88665100e+00 3.02387400e+00 9.64032800e-01 9.96306400e-01 2.71354700e+02 4.49168900e+01 1.14376600e+02 3.77859400e+01 3.30346900e+00 6.03066000e-01 7.04420800e-01 3.54898100e-01 2.06718600e+00 8.50804000e-01 1.00502200e+00 8.93289100e-01 8.15257800e-01 9.97273000e-01 1.00015600e+00 9.91056100e-01 9.90932500e-01 6.69476300e+01 6.90672800e-01 3.09327200e-01 1.38640000e-01 9.28162000e-02 7.95333900e-01 8.07603000e-01 4.42342400e-01 5.93135700e-01 9.72035000e-01 9.99609100e+01 2.40990600e+00 7.71942100e+00 2.05708300e+00 1.84299600e+00 1.21183500e+03 5.65256600e+03 2.50803200e+03 8.09279300e+02 2.28837300e+02 9.64032800e-01 2.43129600e-01 2.44447900e-01 2.57952400e+00 1.39556100e+01 1.08972900e+03 1.46528700e+02 1.04188800e+00 1.40637600e+01 1.05890300e+03 1.49312100e+02 1.38967700e-01 1.60743900e-01 3.36972700e+03 1.01741900e-02 8.18796400e-01 4.52461400e-01 7.21422100e+01 6.47736800e+02 8.20985900e+01 1.54533200e+03 8.87157400e+01 2.00218300e+03 9.42525800e+01 2.33009400e+03 2.33094500e+02 5.82905900e+03 4.47050900e-01 7.35146700e-01 4.65530100e-01 6.51885900e-01 4.64404800e-01 6.10154400e-01 4.59694000e-01 5.80635500e-01 2.92869100e-01 3.02014300e-01 2.98887200e+01 1.06328400e+02 3.12655100e+01 1.06232000e+01 3.96185000e+02 2.29157500e+01 1.15118700e+04 7.06689200e+02 1.11833500e-02 1.40705700e+00 3.82552100e+00 6.66087300e+00 1.19415900e+04 5.24376100e+00
7.36622900e-01 6.33339300e+03 2.22871100e-02 1.20022600e-01 1.04097400e+00 5.32821600e-02 3.02247600e+00 3.03518200e+00 9.69817700e-01 9.98866800e-01 2.63939400e+02 4.37156300e+01 9.67122800e+01 4.85158700e+01 4.07658200e+00 8.21186000e-01 5.31700500e-01 4.56983000e-01 1.82401800e-01 9.93536600e-01 9.98078700e-01 9.02686300e-01 1.05532700e+00 9.96926300e-01 1.00387400e+00 1.00211400e+00 9.83247000e-01 6.70208700e+01 6.81742400e-01 3.18257600e-01 1.42954900e-01 9.58096000e-02 8.10141600e-01 8.34429600e-01 4.57035900e-01 6.08493100e-01 9.89591400e-01 9.87183700e+01 2.42957000e+00 7.59124800e+00 2.08047600e+00 1.87017600e+00 1.20817300e+03 5.65465400e+03 2.52711100e+03 8.15996100e+02 2.30905000e+02 9.69817700e-01 2.45046300e-01 2.46371600e-01 2.59303400e+00 1.38286900e+01 1.09000500e+03 1.44606300e+02 1.04118500e+00 1.38886300e+01 1.05974200e+03 1.47295000e+02 1.40678500e-01 1.60791400e-01 3.41154000e+03 1.03959000e-02 8.11437900e-01 4.48473100e-01 7.23702500e+01 6.46343800e+02 8.25888700e+01 1.53985400e+03 8.93666500e+01 1.99368300e+03 9.50315100e+01 2.31905400e+03 2.36420400e+02 5.77700100e+03 4.61048100e-01 7.47952700e-01 4.77867900e-01 6.62276800e-01 4.75675600e-01 6.19480900e-01 4.70167000e-01 5.89263800e-01 2.96849400e-01 3.05749200e-01 2.81769200e+01 1.07052500e+02 3.36280100e+01 9.19822800e+00 3.95891800e+02 2.21298500e+01 1.15169600e+04 7.06982100e+02 1.30031900e-01 7.68898900e-01 6.51460900e+00 8.21384500e+00 1.19441800e+04 7.41354000e+00
2.46927000e-01 6.33816200e+03 2.21112900e-02 1.18441900e-01 1.04082900e+00 4.33962300e-02 2.96421600e+00 3.00903700e+00 9.67256000e-01 9.98987500e-01 1.72309400e+02 3.89749300e+01 9.83778100e+01 4.56294100e+01 9.72583400e+00 9.00371100e-01 6.40153600e-01 5.46177500e-01 1.06191600e+00 1.10540900e+00 8.44716700e-01 8.74168000e-01 1.11108400e+00 9.98607500e-01 9.99387800e-01 1.00486700e+00 9.93115400e-01 6.67059300e+01 6.82677600e-01 3.17322400e-01 1.41198300e-01 9.41876700e-02 7.95964200e-01 8.18621700e-01 4.48377600e-01 5.97404800e-01 9.74566100e-01 9.88650700e+01 2.39930800e+00 6.54754600e+00 2.02678700e+00 1.85829400e+00 1.20516000e+03 5.63996700e+03 2.51828900e+03 8.12739000e+02 2.29574300e+02 9.67256000e-01 2.44187600e-01 2.45509700e-01 2.60618800e+00 1.39057200e+01 1.09003000e+03 1.45447900e+02 1.04109700e+00 1.39706400e+01 1.05917000e+03 1.48210300e+02 1.39807700e-01 1.60843200e-01 3.39607300e+03 1.03081100e-02 8.13545200e-01 4.49699800e-01 7.20128800e+01 6.49484600e+02 8.21575900e+01 1.54755800e+03 8.88877200e+01 2.00380100e+03 9.45134000e+01 2.33094000e+03 2.34990900e+02 5.80909300e+03 4.52420100e-01 7.34953100e-01 4.69149500e-01 6.50864200e-01 4.67101200e-01 6.08846300e-01 4.61760400e-01 5.79173200e-01 2.91810900e-01 3.00592400e-01 2.89137900e+01 1.05309200e+02 3.33142800e+01 1.14208400e+01 3.96479800e+02 2.19647700e+01 1.15243900e+04 7.06945500e+02 1.09409800e-01 8.20176000e-01 6.05462900e+00 8.14299100e+00 1.19542500e+04 6.98421500e+00
1.04115500e+00 6.33170300e+03 2.23012700e-02 1.19144200e-01 1.04107200e+00 5.84722600e-02 3.01883700e+00 3.04275200e+00 9.62146500e-01 9.97219700e-01 2.30140000e+02 5.60852900e+01 1.13668800e+02 3.81377400e+01 3.17372300e+00 6.31436800e-01 9.55776400e-01 8.62872300e-01 2.65482700e+00 1.06442100e+00 1.01716200e+00 1.09125600e+00 9.82278000e-01 9.96828000e-01 1.00185200e+00 9.97284600e-01 9.93696500e-01 6.73321500e+01 6.86584600e-01 3.13415400e-01 1.42090600e-01 9.56726600e-02 8.08086700e-01 8.25957100e-01 4.52395300e-01 6.04627700e-01 9.84797000e-01 9.93358600e+01 2.44563400e+00 8.09783900e+00 2.09628600e+00 1.86492900e+00 1.22911100e+03 5.70152700e+03 2.51687300e+03 8.08993200e+02 2.28317900e+02 9.62146500e-01 2.45003300e-01 2.46328400e-01 2.58906900e+00 1.38246700e+01 1.08990400e+03 1.44841800e+02 1.04128100e+00 1.39099600e+01 1.05970400e+03 1.47531100e+02 1.40454000e-01 1.60801400e-01 3.39247900e+03 1.03353000e-02 8.14944100e-01 4.50296100e-01 7.26242400e+01 6.43734100e+02 8.27537300e+01 1.53479500e+03 8.94796800e+01 1.98788600e+03 9.51046300e+01 2.31292800e+03 2.35850400e+02 5.77482400e+03 4.56823000e-01 7.46527700e-01 4.74680700e-01 6.61531000e-01 4.73056100e-01 6.18996400e-01 4.67942400e-01 5.88934700e-01 2.96872600e-01 3.05976000e-01 3.30093900e+01 1.10851000e+02 3.50857700e+01 8.68097300e+00 3.97169000e+02 2.40645400e+01 1.15151600e+04 7.06807400e+02 5.53203500e-02 1.09677200e+00 4.96845400e+00 5.40160000e+00 1.19450800e+04 6.12054600e+00
5.25924400e-01 6.33341700e+03 2.20856000e-02 1.16846900e-01 1.04093400e+00 5.40270400e-02 2.91039500e+00 3.02233700e+00 9.63192800e-01 9.95757400e-01 2.33226900e+02 3.53522000e+01 7.33445700e+01 5.97937500e+01 7.34439600e+00 7.92332800e-01 8.95850700e-01 6.35112200e-01 9.33710500e-01 8.21667000e-01 1.13741900e+00 7.37016600e-01 9.79577500e-01 9.97995600e-01 1.00060700e+00 9.93937400e-01 9.90727500e-01 6.66546600e+01 6.85837100e-01 3.14162900e-01 1.39577700e-01 9.30350400e-02 7.96552200e-01 8.15137900e-01 4.46469400e-01 5.96352400e-01 9.75661100e-01 9.92824200e+01 2.41696200e+00 7.64923100e+00 2.05392400e+00 1.84356000e+00 1.21142900e+03 5.63938900e+03 2.50316500e+03 8.06941600e+02 2.27994400e+02 9.63192800e-01 2.43445100e-01 2.44764500e-01 2.59212300e+00 1.39559300e+01 1.08986700e+03 1.46166000e+02 1.04123500e+00 1.40377600e+01 1.05894100e+03 1.48950500e+02 1.39230600e-01 1.60737600e-01 3.38161300e+03 1.02266800e-02 8.16102300e-01 4.51056300e-01 7.19044100e+01 6.50234300e+02 8.19530900e+01 1.55010800e+03 8.86242400e+01 2.00759800e+03 9.42028200e+01 2.33576400e+03 2.33732700e+02 5.82973700e+03 4.50795700e-01 7.35800700e-01 4.68233900e-01 6.51948200e-01 4.66546200e-01 6.09998300e-01 4.61446800e-01 5.80354200e-01 2.92536100e-01 3.01465100e-01 2.65805700e+01 1.04689200e+02 3.13131600e+01 1.00222900e+01 3.96053300e+02 2.30270200e+01 1.15163600e+04 7.06831900e+02 6.03960000e-02 1.03858200e+00 5.02126700e+00 8.41670800e+00 1.19454700e+04 6.12024500e+00
8.11809800e-01 6.33243200e+03 2.20616600e-02 1.17958500e-01 1.04085800e+00 6.26233900e-02 2.87914800e+00 3.04758300e+00 9.56898100e-01 9.98865300e-01 2.59979400e+02 3.94330800e+01 8.39985800e+01 4.88385000e+01 5.29365700e+00 5.69946900e-01 9.00974900e-01 1.13668900e-01 1.20113500e+00 1.24495100e+00 1.04923100e+00 1.02682000e+00 9.64054900e-01 9.97111500e-01 1.00277600e+00 9.94769400e-01 9.85513300e-01 6.58526600e+01 6.75630400e-01 3.24369600e-01 1.40665300e-01 9.26318200e-02 8.09510600e-01 8.41747800e-01 4.61044300e-01 6.10917500e-01 9.97552700e-01 9.80128800e+01 2.47761500e+00 8.52508500e+00 2.10643600e+00 1.85846500e+00 1.23564500e+03 5.68127800e+03 2.51608400e+03 8.09787700e+02 2.29125200e+02 9.56898100e-01 2.43007500e-01 2.44325300e-01 2.58562600e+00 1.39989100e+01 1.08996700e+03 1.46049700e+02 1.04118100e+00 1.40273100e+01 1.05894100e+03 1.48836600e+02 1.39451500e-01 1.60602500e-01 3.42272000e+03 1.03288200e-02 8.08634200e-01 4.47167300e-01 7.12025200e+01 6.57398100e+02 8.14119300e+01 1.56468800e+03 8.81743100e+01 2.02486400e+03 9.38219800e+01 2.35453100e+03 2.34340300e+02 5.84870700e+03 4.64570000e-01 7.46774900e-01 4.79993200e-01 6.60588300e-01 4.77090000e-01 6.17636500e-01 4.71105200e-01 5.87346400e-01 2.95672100e-01 3.04272800e-01 3.04399100e+01 1.05129400e+02 3.32879700e+01 8.73050100e+00 3.99050800e+02 2.47004800e+01 1.15091100e+04 7.07255500e+02 2.55149200e-01 4.95667100e-01 8.83684000e+00 6.42528100e+00 1.19416000e+04 9.58765600e+00
9.48334000e-01 6.33357800e+03 2.20363700e-02 1.17815500e-01 1.04077700e+00 6.41805400e-02 2.91840700e+00 3.05403100e+00 9.57851200e-01 9.99845700e-01 2.59769300e+02 3.31686600e+01 8.80460400e+01 4.63798300e+01 3.83277900e+00 7.30350300e-01 4.19720400e-01 1.54929300e-01 4.41706700e+00 1.09807100e+00 7.47852100e-01 9.36026900e-01 1.06392900e+00 9.97866200e-01 1.00267400e+00 1.00111700e+00 1.00057000e+00 6.63140900e+01 6.80511300e-01 3.19488700e-01 1.40497000e-01 9.31693200e-02 8.10782000e-01 8.36702900e-01 4.58281000e-01 6.09562200e-01 9.95637400e-01 9.86097000e+01 2.47561300e+00 8.68682900e+00 2.12006300e+00 1.86467100e+00 1.23968700e+03 5.70700200e+03 2.52269700e+03 8.10613000e+02 2.28965700e+02 9.57851200e-01 2.43533300e-01 2.44853100e-01 2.60425500e+00 1.39614000e+01 1.09002400e+03 1.45905400e+02 1.04107300e+00 1.40149100e+01 1.05890300e+03 1.48701000e+02 1.39418300e-01 1.60782800e-01 3.40027000e+03 1.02887100e-02 8.12504100e-01 4.49208700e-01 7.16211400e+01 6.53199000e+02 8.17669400e+01 1.55587200e+03 8.84944700e+01 2.01421700e+03 9.41164300e+01 2.34277400e+03 2.34341300e+02 5.83257500e+03 4.62244500e-01 7.48420200e-01 4.78789800e-01 6.62556700e-01 4.76446600e-01 6.19687800e-01 4.70832900e-01 5.89427000e-01 2.96901200e-01 3.05738300e-01 2.79925500e+01 1.05761200e+02 3.25891000e+01 8.64258900e+00 3.99757100e+02 2.47699400e+01 1.15142200e+04 7.07032500e+02 1.47363500e-01 7.19420900e-01 6.78155500e+00 5.08983300e+00 1.19473900e+04 7.64833900e+00
6.48551700e-01 6.33350200e+03 2.22950400e-02 1.19997700e-01 1.04066000e+00 7.23084300e-02 3.08583800e+00 3.07777400e+00 9.67412200e-01 9.99961900e-01 2.28399100e+02 3.31618400e+01 9.42357300e+01 4.11766900e+01 1.43610400e+00 6.30348200e-01 2.18371700e-01 9.11381100e-02 5.70122800e+00 1.37496800e+00 9.85749400e-01 9.63577100e-01 1.24457400e+00 9.97021100e-01 1.00171600e+00 9.86793400e-01 9.89963400e-01 6.76690700e+01 6.87847500e-01 3.12152500e-01 1.42937900e-01 9.67247100e-02 8.24498700e-01 8.41032500e-01 4.60652500e-01 6.16285100e-01 1.00229300e+00 9.94579600e+01 2.47615600e+00 9.45587200e+00 2.17100300e+00 1.87868500e+00 1.22934900e+03 5.71206600e+03 2.53089500e+03 8.13467400e+02 2.29720000e+02 9.67412200e-01 2.45897200e-01 2.47225500e-01 2.61352800e+00 1.37714600e+01 1.09005200e+03 1.44290500e+02 1.04082700e+00 1.38630600e+01 1.05978000e+03 1.46977000e+02 1.40777700e-01 1.60974500e-01 3.38226400e+03 1.03506000e-02 8.16492900e-01 4.51101200e-01 7.29670100e+01 6.40618800e+02 8.31112000e+01 1.52767100e+03 8.98488400e+01 1.97885800e+03 9.54844800e+01 2.30258500e+03 2.36592000e+02 5.75246100e+03 4.65270100e-01 7.61815700e-01 4.83778400e-01 6.75216500e-01 4.82271600e-01 6.31859100e-01 4.77156500e-01 6.01208000e-01 3.03104200e-01 3.12457600e-01 2.79975500e+01 1.05338200e+02 3.09531400e+01 9.66705500e+00 4.03777900e+02 2.35791400e+01 1.15082900e+04 7.06768000e+02 4.44852300e-02 1.15641700e+00 4.78077600e+00 8.94205800e+00 1.19453100e+04 5.98167800e+00
4.70989000e-01 6.32963500e+03 2.22369600e-02 1.17268100e-01 1.04096800e+00 5.58418600e-02 2.98178200e+00 3.02995700e+00 9.66268000e-01 9.97023600e-01 2.34608100e+02 3.03273200e+01 8.81558200e+01 3.87094500e+01 1.33539300e+00 3.25500100e-01 8.82067200e-01 2.84958900e-01 8.84330700e+00 1.00987000e+00 1.24338900e+00 1.07600800e+00 1.01766700e+00 9.95375200e-01 1.00159100e+00 9.95664100e-01 9.84684800e-01 6.74749800e+01 6.92171800e-01 3.07828200e-01 1.40150200e-01 9.45663400e-02 7.99059600e-01 8.09417800e-01 4.43336400e-01 5.95190900e-01 9.72764700e-01 1.00064000e+02 2.41059900e+00 7.81402600e+00 2.06963500e+00 1.85093100e+00 1.21186700e+03 5.66708900e+03 2.50959800e+03 8.08596000e+02 2.28304300e+02 9.66268000e-01 2.44477000e-01 2.45800200e-01 2.58844300e+00 1.38654200e+01 1.08978500e+03 1.45570500e+02 1.04120100e+00 1.39810100e+01 1.05936100e+03 1.48298000e+02 1.39749300e-01 1.60791000e-01 3.36272000e+03 1.02190700e-02 8.20025000e-01 4.52993300e-01 7.26860300e+01 6.42781400e+02 8.26781200e+01 1.53387400e+03 8.93212700e+01 1.98757600e+03 9.48809400e+01 2.31329000e+03 2.34408100e+02 5.79121700e+03 4.48175100e-01 7.38736300e-01 4.67070300e-01 6.55229100e-01 4.66113700e-01 6.13349900e-01 4.61499600e-01 5.83717400e-01 2.94470400e-01 3.03738700e-01 2.96393000e+01 1.05457900e+02 3.05790700e+01 1.04222000e+01 3.96307200e+02 2.27111100e+01 1.15079800e+04 7.06652700e+02 7.44486400e-03 1.47275900e+00 3.80422200e+00 9.91002200e+00 1.19374200e+04 5.28442600e+00
5.60690600e-01 6.33558800e+03 2.22361400e-02 1.18804600e-01 1.04072600e+00 6.26603400e-02 3.09298700e+00 3.04556900e+00 9.70508900e-01 9.97250600e-01 2.62519600e+02 2.87182200e+01 8.30921900e+01 4.72657100e+01 1.93929500e+00 7.84869700e-01 6.79858000e-03 5.13334500e-02 9.99936700e+00 8.74914600e-01 8.15720800e-01 7.95543000e-01 1.28914400e+00 9.97121500e-01 9.99710900e-01 9.95857100e-01 9.93039600e-01 6.81488000e+01 6.94922600e-01 3.05077400e-01 1.41685900e-01 9.65572300e-02 8.08363000e-01 8.15175000e-01 4.46489700e-01 6.00771000e-01 9.79213300e-01 1.00396600e+02 2.41766000e+00 8.53118900e+00 2.10219800e+00 1.85458900e+00 1.20541000e+03 5.64775800e+03 2.50526700e+03 8.05706500e+02 2.27015500e+02 9.70508900e-01 2.45968200e-01 2.47296800e-01 2.62735500e+00 1.37629100e+01 1.09003100e+03 1.44607700e+02 1.04089400e+00 1.38926400e+01 1.05958900e+03 1.47319700e+02 1.40341500e-01 1.61130900e-01 3.34929800e+03 1.02546400e-02 8.22378500e-01 4.54219100e-01 7.33665700e+01 6.36620500e+02 8.33791300e+01 1.51983600e+03 9.00401100e+01 1.96982000e+03 9.56166800e+01 2.29298100e+03 2.35777500e+02 5.74807500e+03 4.51590900e-01 7.47610800e-01 4.71318700e-01 6.63401400e-01 4.70675800e-01 6.21124900e-01 4.66230000e-01 5.91194200e-01 2.98340300e-01 3.07862300e-01 3.04838900e+01 1.06740100e+02 3.42211500e+01 1.01308900e+01 3.98401300e+02 2.22322800e+01 1.15193200e+04 7.06595300e+02 3.47071500e-04 1.67729600e+00 3.53685500e+00 9.28299300e+00 1.19500800e+04 5.21449800e+00
9.33427600e-01 6.33293200e+03 2.24689600e-02 1.19853500e-01 1.04118100e+00 6.08171900e-02 3.19304500e+00 3.05409800e+00 9.73916000e-01 9.97762500e-01 2.65453300e+02 3.78947300e+01 1.14206100e+02 3.33878400e+01 2.85157200e+00 6.96486800e-01 4.53079900e-01 2.94284500e-01 5.64158100e+00 1.13590300e+00 7.22567100e-01 9.79963900e-01 7.76790800e-01 9.99491600e-01 1.00277900e+00 1.00257500e+00 9.98182900e-01 6.92877200e+01 7.02199700e-01 2.97800300e-01 1.42967600e-01 9.90589900e-02 8.12776500e-01 8.09791200e-01 4.43540900e-01 6.00416200e-01 9.76434200e-01 1.01359200e+02 2.41159600e+00 8.32672100e+00 2.12020600e+00 1.87738300e+00 1.21412600e+03 5.71974700e+03 2.52970600e+03 8.13002700e+02 2.28913900e+02 9.73916000e-01 2.47380100e-01 2.48713800e-01 2.61792100e+00 1.36280900e+01 1.08992700e+03 1.43665400e+02 1.04126400e+00 1.37972100e+01 1.06027600e+03 1.46287400e+02 1.41232700e-01 1.61221700e-01 3.33521300e+03 1.02794500e-02 8.26068300e-01 4.55979100e-01 7.44739600e+01 6.26633300e+02 8.44393200e+01 1.49773900e+03 9.10801500e+01 1.94233100e+03 9.66451900e+01 2.26192900e+03 2.37084800e+02 5.69083600e+03 4.49196100e-01 7.52433000e-01 4.70666000e-01 6.68500900e-01 4.70894500e-01 6.26242000e-01 4.67025700e-01 5.96277700e-01 3.01193400e-01 3.11160400e-01 2.87807400e+01 1.07136500e+02 3.29076200e+01 9.20220000e+00 3.97600600e+02 2.24273100e+01 1.15178000e+04 7.06504600e+02 3.22779100e-02 2.27128100e+00 3.51203700e+00 6.51754300e+00 1.19470300e+04 5.81559600e+00
2.46172900e-01 6.33025300e+03 2.23566300e-02 1.19705500e-01 1.04115700e+00 5.34767500e-02 3.15125200e+00 3.02967700e+00 9.70145600e-01 9.96018900e-01 2.57321600e+02 4.61359300e+01 1.05146700e+02 3.78340700e+01 6.78488600e-01 5.54977900e-01 6.44065600e-01 8.81802200e-01 9.24286300e+00 1.15049700e+00 1.11453600e+00 9.38239100e-01 8.95656900e-01 9.97002800e-01 9.99624500e-01 9.96250400e-01 9.89704500e-01 6.87530500e+01 6.98100700e-01 3.01899300e-01 1.42707300e-01 9.81156100e-02 8.03022900e-01 8.05560900e-01 4.41223900e-01 5.95241900e-01 9.68460600e-01 1.00831500e+02 2.39602400e+00 7.60955800e+00 2.06905500e+00 1.85918600e+00 1.20745900e+03 5.66728400e+03 2.50594500e+03 8.04867500e+02 2.26359700e+02 9.70145600e-01 2.46788500e-01 2.48120100e-01 2.62442000e+00 1.36819100e+01 1.09001400e+03 1.43994200e+02 1.04127800e+00 1.38286000e+01 1.05997100e+03 1.46657500e+02 1.40912200e-01 1.61221500e-01 3.34753300e+03 1.02889900e-02 8.23428600e-01 4.54687200e-01 7.39653100e+01 6.31238400e+02 8.39738600e+01 1.50775200e+03 9.06370700e+01 1.95466200e+03 9.62178400e+01 2.27575000e+03 2.36730300e+02 5.71384900e+03 4.46520400e-01 7.42989400e-01 4.66822800e-01 6.59651300e-01 4.66560000e-01 6.17759800e-01 4.62401300e-01 5.88081900e-01 2.96888400e-01 3.06516700e-01 3.49157900e+01 1.09798200e+02 3.53727400e+01 1.18277700e+01 3.95899900e+02 2.24006000e+01 1.15120400e+04 7.06544700e+02 5.06010300e-03 1.96545900e+00 3.36481800e+00 6.45504600e+00 1.19421700e+04 5.33533800e+00
1.16697800e-01 6.33089200e+03 2.23859400e-02 1.17502400e-01 1.04140600e+00 4.76203300e-02 3.02695700e+00 3.01478200e+00 9.66811500e-01 9.96536100e-01 2.31779900e+02 4.38482500e+01 1.02762500e+02 3.89830000e+01 4.93264500e+00 6.24422500e-01 9.01563100e-01 6.85982600e-01 5.08829000e+00 8.81118800e-01 1.29146500e+00 9.64883900e-01 9.93298200e-01 9.96703300e-01 9.98872700e-01 9.99818400e-01 9.91810900e-01 6.81927500e+01 6.97793800e-01 3.02206200e-01 1.40533500e-01 9.58336400e-02 7.92447800e-01 7.95356300e-01 4.35634600e-01 5.87552300e-01 9.59625000e-01 1.00812400e+02 2.38357500e+00 6.94427500e+00 2.03846500e+00 1.85327900e+00 1.21240600e+03 5.69019800e+03 2.51072500e+03 8.08487500e+02 2.27983200e+02 9.66811500e-01 2.45146700e-01 2.46472300e-01 2.57593000e+00 1.37905300e+01 1.08966200e+03 1.45164400e+02 1.04160200e+00 1.39366400e+01 1.05978000e+03 1.47834500e+02 1.40169300e-01 1.60819600e-01 3.35145300e+03 1.02159500e-02 8.22887200e-01 4.54385500e-01 7.33664500e+01 6.36414000e+02 8.33024300e+01 1.52003700e+03 8.99168500e+01 1.97053800e+03 9.54565200e+01 2.29419200e+03 2.34909600e+02 5.75924900e+03 4.40857500e-01 7.33175500e-01 4.60826000e-01 6.50906100e-01 4.60530700e-01 6.09557000e-01 4.56402100e-01 5.80265200e-01 2.92944700e-01 3.02422000e-01 3.23660200e+01 1.06518200e+02 3.32321100e+01 1.33165200e+01 3.95800700e+02 2.26424700e+01 1.15091700e+04 7.06548800e+02 4.51961000e-03 1.96545900e+00 3.35540400e+00 8.97726000e+00 1.19409300e+04 5.32538200e+00
1.38105700e-01 6.33217600e+03 2.23457400e-02 1.16476400e-01 1.04111300e+00 4.49665700e-02 2.91904100e+00 3.00713600e+00 9.61820200e-01 9.97612600e-01 2.06131900e+02 2.97401300e+01 1.05924800e+02 3.47700100e+01 7.10888300e+00 6.72928200e-01 6.72376700e-01 2.69909100e-01 5.69058900e+00 1.15835900e+00 8.63434100e-01 1.02488400e+00 9.62250900e-01 9.98899800e-01 9.99773600e-01 9.97134100e-01 9.88877500e-01 6.71563700e+01 6.90758500e-01 3.09241500e-01 1.39467300e-01 9.36611500e-02 7.87655200e-01 7.99695100e-01 4.38011100e-01 5.87368500e-01 9.61153100e-01 9.98702200e+01 2.39383200e+00 6.64215100e+00 2.02293800e+00 1.84895000e+00 1.21976300e+03 5.69680300e+03 2.51121300e+03 8.09751700e+02 2.28837200e+02 9.61820200e-01 2.43671000e-01 2.44991200e-01 2.54607000e+00 1.39132000e+01 1.08951600e+03 1.46017800e+02 1.04137800e+00 1.40215900e+01 1.05951300e+03 1.48712900e+02 1.39642600e-01 1.60448100e-01 3.37493400e+03 1.02125200e-02 8.18176400e-01 4.51948600e-01 7.23668900e+01 6.45718600e+02 8.23517400e+01 1.54054100e+03 8.89879600e+01 1.99599100e+03 9.45408200e+01 2.32290100e+03 2.33791900e+02 5.81133600e+03 4.42668200e-01 7.28057600e-01 4.60988900e-01 6.45608800e-01 4.59885000e-01 6.04282800e-01 4.55226900e-01 5.75050200e-01 2.90048500e-01 2.99113800e-01 2.89651400e+01 1.05703500e+02 3.19893600e+01 1.28415100e+01 3.96134000e+02 2.31311900e+01 1.15110900e+04 7.06687000e+02 1.58259500e-02 1.34256300e+00 4.05066700e+00 9.05993900e+00 1.19432000e+04 5.40905600e+00
8.79991800e-01 6.33161500e+03 2.23768200e-02 1.23080500e-01 1.04013500e+00 5.78185500e-02 3.27159100e+00 3.05703400e+00 9.71152800e-01 1.00091900e+00 2.66297200e+02 4.21920400e+01 1.07571600e+02 3.29253400e+01 1.30886000e+00 4.08056200e-01 7.62054200e-01 3.65189200e-02 9.90563800e+00 1.26075000e+00 9.55602700e-01 1.09352500e+00 9.32101900e-01 9.98902700e-01 1.00193100e+00 9.86561300e-01 9.92650200e-01 6.86285400e+01 6.89795500e-01 3.10204500e-01 1.46102500e-01 1.00268000e-01 8.21051300e-01 8.34898500e-01 4.57292800e-01 6.12748600e-01 9.91101000e-01 9.96312500e+01 2.44205400e+00 8.11309800e+00 2.12644000e+00 1.89423000e+00 1.22323400e+03 5.72129000e+03 2.53472400e+03 8.11921900e+02 2.28087000e+02 9.71152800e-01 2.48369800e-01 2.49707100e-01 2.66216100e+00 1.36030300e+01 1.09039800e+03 1.42541700e+02 1.04017000e+00 1.37036900e+01 1.06035200e+03 1.45174700e+02 1.42058100e-01 1.61378800e-01 3.37380300e+03 1.04519700e-02 8.17977300e-01 4.51806400e-01 7.39670400e+01 6.31820000e+02 8.41989900e+01 1.50714700e+03 9.09979000e+01 1.95257100e+03 9.66861800e+01 2.27224300e+03 2.39258100e+02 5.68190000e+03 4.62045600e-01 7.58821000e-01 4.80910600e-01 6.72770600e-01 4.79638300e-01 6.29656100e-01 4.74700000e-01 5.99164800e-01 3.02125800e-01 3.11549700e-01 3.51456300e+01 1.09961700e+02 3.43891400e+01 9.11242200e+00 3.96901500e+02 2.26722800e+01 1.15172700e+04 7.06712300e+02 3.15275600e-02 1.21731700e+00 4.57552700e+00 4.73197900e+00 1.19459600e+04 5.82437200e+00
1.57264600e-01 6.33375400e+03 2.25278800e-02 1.18229200e-01 1.04140300e+00 4.58846600e-02 3.06386800e+00 3.02131600e+00 9.72402700e-01 1.00100800e+00 1.83336500e+02 3.48582100e+01 9.76361100e+01 3.85324600e+01 4.33414100e+00 7.25850300e-01 6.79024300e-01 7.86619900e-01 7.18367700e+00 8.62912100e-01 7.58645900e-01 9.76547600e-01 8.43304900e-01 9.96405500e-01 1.00207600e+00 9.91233000e-01 9.88340600e-01 6.84820600e+01 6.98489400e-01 3.01510600e-01 1.41402200e-01 9.68351500e-02 7.97491200e-01 7.99496500e-01 4.37902300e-01 5.90951100e-01 9.63690300e-01 1.00869800e+02 2.38032300e+00 6.74591100e+00 2.05182800e+00 1.87191500e+00 1.21006500e+03 5.72113700e+03 2.53566100e+03 8.18610900e+02 2.31295200e+02 9.72402700e-01 2.45693200e-01 2.47020800e-01 2.56312000e+00 1.37412400e+01 1.08958500e+03 1.44679600e+02 1.04155500e+00 1.38907300e+01 1.06020000e+03 1.47293800e+02 1.40701700e-01 1.60740600e-01 3.35559900e+03 1.02539500e-02 8.22547000e-01 4.54101300e-01 7.36650300e+01 6.33785100e+02 8.36230800e+01 1.51392400e+03 9.02532400e+01 1.96272200e+03 9.58065800e+01 2.28518100e+03 2.35657100e+02 5.73857600e+03 4.43212800e-01 7.37909000e-01 4.63457700e-01 6.55182800e-01 4.63240500e-01 6.13592900e-01 4.59140600e-01 5.84126300e-01 2.94915100e-01 3.04491300e-01 2.76420300e+01 1.05982400e+02 3.13547400e+01 1.27290100e+01 3.96091300e+02 2.17007800e+01 1.15151800e+04 7.06539600e+02 6.08312400e-03 1.96545900e+00 3.37008700e+00 9.92524300e+00 1.19457000e+04 5.34162900e+00
6.22901200e-01 6.33489700e+03 2.24900500e-02 1.13453000e-01 1.04186100e+00 5.11798000e-02 2.72671200e+00 3.02081400e+00 9.59266100e-01 1.00033900e+00 2.41213300e+02 4.47585500e+01 1.05963800e+02 3.63294600e+01 4.26020100e+00 5.53132900e-01 8.95895200e-01 6.51099100e-01 4.58511400e+00 9.55079600e-01 8.40631300e-01 9.43648300e-01 8.30560000e-01 9.97681700e-01 9.99751600e-01 9.93481600e-01 9.88564400e-01 6.63250700e+01 6.89502800e-01 3.10497200e-01 1.36588200e-01 9.05922200e-02 7.87789300e-01 8.01453400e-01 4.38974100e-01 5.88063900e-01 9.67322300e-01 9.97539800e+01 2.41621000e+00 7.19451900e+00 2.05079700e+00 1.85126400e+00 1.23258500e+03 5.75475600e+03 2.53513900e+03 8.22337400e+02 2.34182000e+02 9.59266100e-01 2.41069800e-01 2.42380400e-01 2.45398600e+00 1.40714900e+01 1.08888000e+03 1.47732600e+02 1.04224500e+00 1.41744600e+01 1.05947500e+03 1.50401600e+02 1.38765300e-01 1.59721100e-01 3.39409600e+03 1.01347100e-02 8.15566700e-01 4.50492500e-01 7.14923200e+01 6.53709700e+02 8.13885600e+01 1.55930000e+03 8.79640100e+01 2.02009500e+03 9.34651500e+01 2.35078800e+03 2.31327000e+02 5.87758500e+03 4.43545200e-01 7.28064000e-01 4.61601700e-01 6.45486200e-01 4.60356500e-01 6.04115300e-01 4.55601300e-01 5.74858200e-01 2.89927200e-01 2.98921100e-01 3.05399300e+01 1.04546200e+02 3.02604100e+01 9.79556300e+00 3.95699000e+02 2.36792300e+01 1.15247500e+04 7.06720200e+02 2.20228900e-02 1.27934900e+00 4.15829800e+00 3.69483900e+00 1.19539200e+04 5.45967000e+00
6.13920200e-01 6.32936300e+03 2.24012700e-02 1.13556100e-01 1.04178400e+00 5.15132700e-02 2.73579200e+00 3.01977900e+00 9.57005900e-01 9.99256400e-01 2.30135500e+02 2.67134400e+01 1.02508400e+02 3.56192500e+01 2.60611600e+00 5.59125100e-01 7.53133400e-01 5.41691800e-01 5.09129900e+00 1.03088400e+00 9.86129000e-01 1.03745600e+00 8.94172200e-01 9.97435500e-01 1.00162800e+00 1.00110500e+00 9.88757800e-01 6.62994400e+01 6.89230000e-01 3.10770000e-01 1.36602500e-01 9.05667100e-02 7.87140900e-01 8.01145400e-01 4.38805400e-01 5.87708800e-01 9.66712900e-01 9.97314300e+01 2.41973900e+00 7.24945100e+00 2.04867700e+00 1.84811700e+00 1.23593500e+03 5.74977800e+03 2.52816400e+03 8.18415100e+02 2.32648300e+02 9.57005900e-01 2.41163100e-01 2.42474100e-01 2.47255500e+00 1.40733300e+01 1.08900800e+03 1.47726200e+02 1.04217300e+00 1.41748200e+01 1.05928400e+03 1.50425800e+02 1.38640900e-01 1.59860400e-01 3.39013600e+03 1.01293300e-02 8.15979000e-01 4.50772100e-01 7.14702000e+01 6.53931400e+02 8.13701100e+01 1.55976400e+03 8.79476100e+01 2.02065500e+03 9.34502800e+01 2.35140500e+03 2.31331300e+02 5.87838800e+03 4.43344100e-01 7.27439500e-01 4.61328600e-01 6.44904800e-01 4.60054500e-01 6.03559600e-01 4.55282800e-01 5.74322400e-01 2.89646700e-01 2.98620900e-01 2.31854800e+01 1.04684300e+02 2.75418000e+01 9.81704100e+00 3.95655600e+02 2.42391600e+01 1.15137500e+04 7.06727700e+02 2.32273500e-02 1.27934900e+00 4.17328600e+00 3.06407100e+00 1.19434600e+04 5.47586200e+00
6.48619800e-01 6.33245400e+03 2.23879400e-02 1.15136500e-01 1.04140800e+00 4.91908500e-02 2.77073500e+00 3.01224300e+00 9.56501100e-01 9.96173300e-01 2.04854900e+02 2.39237500e+01 1.00087200e+02 3.68348400e+01 3.48809600e+00 6.79441700e-01 1.94393700e-01 3.20344700e-01 7.85616700e+00 1.00347900e+00 8.78554800e-01 8.54419900e-01 1.03573800e+00 9.96960200e-01 9.98357100e-01 9.99207100e-01 9.91331400e-01 6.60137900e+01 6.82938800e-01 3.17061200e-01 1.38169600e-01 9.12109900e-02 7.88126600e-01 8.10227300e-01 4.43779800e-01 5.91400600e-01 9.70015400e-01 9.88962800e+01 2.42236000e+00 7.04193100e+00 2.03329500e+00 1.84278100e+00 1.22908900e+03 5.70393900e+03 2.51299100e+03 8.12901800e+02 2.30879900e+02 9.56501100e-01 2.41645500e-01 2.42958300e-01 2.48701500e+00 1.40549400e+01 1.08920100e+03 1.47118400e+02 1.04176000e+00 1.41221000e+01 1.05939900e+03 1.49811500e+02 1.39122700e-01 1.59901500e-01 3.41251400e+03 1.02210900e-02 8.11672000e-01 4.48524900e-01 7.12603500e+01 6.56324800e+02 8.12926600e+01 1.56391800e+03 8.79486000e+01 2.02502400e+03 9.35124400e+01 2.35566100e+03 2.32463500e+02 5.87139400e+03 4.47829000e-01 7.27742800e-01 4.64452500e-01 6.44508700e-01 4.62454400e-01 6.02913900e-01 4.57186500e-01 5.73537900e-01 2.89003700e-01 2.97697400e-01 2.56898100e+01 1.03646200e+02 2.81742900e+01 9.49937400e+00 3.95655100e+02 2.43305700e+01 1.15133600e+04 7.06935400e+02 1.05496400e-01 8.72797100e-01 5.97932200e+00 8.17047000e+00 1.19428500e+04 6.95761500e+00
8.19726200e-01 6.33264200e+03 2.25232800e-02 1.18126400e-01 1.04130900e+00 6.06813500e-02 3.03337800e+00 3.04161200e+00 9.62842600e-01 9.95544200e-01 2.43125300e+02 4.15086100e+01 9.17224000e+01 3.80885000e+01 1.10661000e-01 3.90763800e-01 8.47177800e-01 7.94314900e-01 8.51334300e+00 9.84211900e-01 1.12165400e+00 1.07070100e+00 9.53352800e-01 9.96169600e-01 1.00208900e+00 9.95077200e-01 9.84675500e-01 6.81231700e+01 6.95535500e-01 3.04464500e-01 1.41294900e-01 9.62545500e-02 8.03203600e-01 8.09158000e-01 4.43194100e-01 5.96636500e-01 9.73146400e-01 1.00468100e+02 2.42802800e+00 8.25042700e+00 2.09389700e+00 1.85459100e+00 1.22689200e+03 5.71365500e+03 2.50610900e+03 8.05757800e+02 2.27455400e+02 9.62842600e-01 2.45283700e-01 2.46609900e-01 2.55349300e+00 1.37757700e+01 1.08955200e+03 1.44863100e+02 1.04148100e+00 1.39093400e+01 1.06016200e+03 1.47480100e+02 1.40619200e-01 1.60619700e-01 3.36679000e+03 1.02671100e-02 8.20393600e-01 4.52979200e-01 7.33299700e+01 6.36893100e+02 8.33209100e+01 1.52063700e+03 8.99684700e+01 1.97095800e+03 9.55342500e+01 2.29438700e+03 2.35471500e+02 5.75336500e+03 4.48304900e-01 7.42901500e-01 4.68045600e-01 6.59291500e-01 4.67480600e-01 6.17305600e-01 4.63113700e-01 5.87576800e-01 2.96542500e-01 3.06033300e-01 3.29361700e+01 1.06046400e+02 3.28497900e+01 9.38238400e+00 3.97773300e+02 2.41242100e+01 1.15129600e+04 7.06584200e+02 1.42049700e-05 1.74777200e+00 3.49848600e+00 9.21163300e+00 1.19442400e+04 5.24627100e+00
3.82628000e-02 6.34139400e+03 2.24244400e-02 1.17243400e-01 1.04097600e+00 5.89145300e-02 3.10800200e+00 3.02619200e+00 9.75132700e-01 9.92664100e-01 2.64900300e+02 4.29588900e+01 9.44253400e+01 3.87358900e+01 2.80465400e+00 5.96696200e-01 6.66460600e-01 8.03229900e-01 9.14228800e+00 1.41291800e+00 1.00973700e+00 1.06959500e+00 1.17949000e+00 9.97856700e-01 1.00344900e+00 9.97167900e-01 9.90046200e-01 6.91265900e+01 7.06365100e-01 2.93634900e-01 1.40313000e-01 9.69935800e-02 7.95578600e-01 7.87093400e-01 4.31108800e-01 5.85645700e-01 9.56886700e-01 1.01928300e+02 2.36556500e+00 8.09173600e+00 2.06185600e+00 1.83267700e+00 1.18526400e+03 5.61404000e+03 2.48430300e+03 8.00593100e+02 2.25578700e+02 9.75132700e-01 2.46242500e-01 2.47572100e-01 2.59678700e+00 1.37136100e+01 1.08967300e+03 1.44793800e+02 1.04112600e+00 1.39074300e+01 1.05989500e+03 1.47451700e+02 1.40292200e-01 1.61016100e-01 3.31005400e+03 1.01446700e-02 8.30409200e-01 4.58267700e-01 7.42309400e+01 6.28386200e+02 8.40503400e+01 1.50293500e+03 9.06003000e+01 1.94973400e+03 9.60922400e+01 2.27109800e+03 2.35016200e+02 5.72597100e+03 4.36958900e-01 7.36933000e-01 4.58886500e-01 6.55200000e-01 4.59603700e-01 6.13979700e-01 4.56157700e-01 5.84725400e-01 2.95546400e-01 3.05519300e-01 3.33447800e+01 1.08418500e+02 3.45080800e+01 1.56021900e+01 3.96823200e+02 2.14902900e+01 1.15154700e+04 7.06493400e+02 8.78652200e-02 2.67357500e+00 4.06344200e+00 2.00867500e+01 1.19493800e+04 6.82488200e+00
1.79748800e-01 6.34225300e+03 2.26636600e-02 1.20256300e-01 1.04082100e+00 6.68553200e-02 3.35181500e+00 3.05969200e+00 9.82873400e-01 9.96518500e-01 2.39400500e+02 3.75603900e+01 1.05551400e+02 3.86662300e+01 4.47587900e-01 5.67325800e-01 4.02678000e-01 3.17825200e-01 9.07968200e+00 1.33934900e+00 1.38687700e+00 8.79610200e-01 1.05746600e+00 9.94677300e-01 9.99010700e-01 9.90940100e-01 9.92986900e-01 7.10418700e+01 7.15540700e-01 2.84459300e-01 1.43565100e-01 1.01991400e-01 8.13288600e-01 7.91943500e-01 4.33765300e-01 5.93949800e-01 9.64911600e-01 1.03148100e+02 2.37800300e+00 8.88824500e+00 2.13209800e+00 1.86525100e+00 1.19242500e+03 5.68408100e+03 2.50976700e+03 8.05951400e+02 2.26329900e+02 9.82873400e-01 2.49514600e-01 2.50856000e-01 2.63643100e+00 1.34622200e+01 1.08987100e+03 1.42646000e+02 1.04079200e+00 1.37055300e+01 1.06088600e+03 1.45193400e+02 1.41952300e-01 1.61477300e-01 3.28063000e+03 1.02164000e-02 8.36726300e-01 4.61370800e-01 7.61281300e+01 6.12083700e+02 8.59404000e+01 1.46611800e+03 9.24998900e+01 1.90341900e+03 9.80066600e+01 2.21834500e+03 2.38056700e+02 5.61963400e+03 4.40379300e-01 7.54289200e-01 4.64822800e-01 6.71698700e-01 4.66670000e-01 6.29890800e-01 4.63922500e-01 6.00160000e-01 3.03717500e-01 3.14458100e-01 3.30875300e+01 1.09439800e+02 3.45759800e+01 1.24252700e+01 3.99583200e+02 2.12005900e+01 1.15175700e+04 7.06576100e+02 2.97284800e-01 3.61246300e+00 6.56497100e+00 1.66704500e+01 1.19507800e+04 1.04747200e+01
6.07728500e-01 6.34107000e+03 2.23796000e-02 1.21478400e-01 1.04026400e+00 5.93776600e-02 3.35888600e+00 3.05032000e+00 9.74173800e-01 9.95117500e-01 2.63986100e+02 5.39903500e+01 9.62060100e+01 4.06154200e+01 1.79689100e+00 4.99877200e-01 9.11664600e-01 6.64145400e-01 3.98560500e+00 8.86688100e-01 1.19978700e+00 1.13741300e+00 1.20320800e+00 9.96795500e-01 1.00297200e+00 1.00194100e+00 1.00506200e+00 7.02471900e+01 7.07167500e-01 2.92832500e-01 1.44503100e-01 1.01509400e-01 8.11427800e-01 8.01676000e-01 4.39096000e-01 5.96904300e-01 9.68133800e-01 1.01969600e+02 2.39760700e+00 8.25347900e+00 2.11221100e+00 1.87569600e+00 1.21266000e+03 5.71054200e+03 2.51229000e+03 8.02223100e+02 2.24260300e+02 9.74173800e-01 2.49496000e-01 2.50837300e-01 2.69175400e+00 1.35053100e+01 1.09034000e+03 1.42519500e+02 1.04024900e+00 1.37005200e+01 1.06031400e+03 1.45158200e+02 1.41748500e-01 1.61768600e-01 3.29915900e+03 1.02787600e-02 8.31953500e-01 4.59095000e-01 7.54183400e+01 6.18437600e+02 8.53731400e+01 1.47932600e+03 9.20146500e+01 1.91923100e+03 9.75839200e+01 2.23566900e+03 2.38527900e+02 5.63889400e+03 4.45110400e-01 7.51690400e-01 4.67642800e-01 6.68405100e-01 4.68466200e-01 6.26389000e-01 4.65015400e-01 5.96565000e-01 3.01532400e-01 3.11764400e-01 3.45611000e+01 1.07578700e+02 3.41298800e+01 1.00703900e+01 3.97206400e+02 2.26921200e+01 1.15264700e+04 7.06494700e+02 9.17624400e-02 2.75631800e+00 4.10244200e+00 1.22604100e+01 1.19564400e+04 6.95052200e+00
7.15621500e-02 6.33666500e+03 2.22906100e-02 1.19297300e-01 1.04075100e+00 4.85039600e-02 3.17862200e+00 3.02297400e+00 9.67714700e-01 9.98778800e-01 2.72378700e+02 4.38957800e+01 8.34975000e+01 4.85125600e+01 3.27419300e+00 3.74357700e-01 7.18137100e-01 4.09076900e-02 8.55826400e+00 8.05076800e-01 1.31006200e+00 1.01670300e+00 1.32095500e+00 9.96231900e-01 1.00211500e+00 1.00148500e+00 9.95073900e-01 6.90240500e+01 7.01461900e-01 2.98538100e-01 1.42233100e-01 9.81750300e-02 7.97304100e-01 7.95359100e-01 4.35636100e-01 5.89350900e-01 9.59674200e-01 1.01259000e+02 2.38571700e+00 7.09991500e+00 2.05523200e+00 1.86522300e+00 1.21789800e+03 5.71039300e+03 2.51174600e+03 8.04247000e+02 2.25456400e+02 9.67714700e-01 2.47123000e-01 2.48455800e-01 2.64659200e+00 1.36706800e+01 1.09008800e+03 1.44013800e+02 1.04086500e+00 1.38359700e+01 1.05981800e+03 1.46701100e+02 1.40709900e-01 1.61367400e-01 3.32430900e+03 1.02361200e-02 8.27240600e-01 4.56716000e-01 7.42029300e+01 6.28975000e+02 8.41520500e+01 1.50315900e+03 9.07809200e+01 1.94924200e+03 9.63354000e+01 2.26988000e+03 2.36450300e+02 5.70872400e+03 4.41132700e-01 7.38036100e-01 4.62033000e-01 6.55628600e-01 4.62170300e-01 6.14149600e-01 4.58315300e-01 5.84742700e-01 2.95340300e-01 3.05077400e-01 3.88631900e+01 1.11192900e+02 3.60972700e+01 1.43336800e+01 3.95761600e+02 2.26484700e+01 1.15153600e+04 7.06509700e+02 2.53191200e-02 2.27128100e+00 3.45839900e+00 1.29601300e+01 1.19481100e+04 5.75499900e+00
1.12649600e+00 6.33741400e+03 2.21345400e-02 1.18465300e-01 1.04077600e+00 5.63230200e-02 3.02758300e+00 3.04473100e+00 9.60222500e-01 1.00075100e+00 2.44630200e+02 5.67311100e+01 1.05669700e+02 4.82350200e+01 7.62133400e+00 7.49151700e-01 8.58354200e-01 4.02235000e-01 1.04781700e+00 8.18343900e-01 6.28892200e-01 8.28164600e-01 6.38657700e-01 9.98795800e-01 1.00044200e+00 1.00825700e+00 9.98196800e-01 6.74383500e+01 6.89430300e-01 3.10569700e-01 1.41245000e-01 9.52533000e-02 8.06199300e-01 8.20278500e-01 4.49285100e-01 6.01841600e-01 9.81722900e-01 9.97125900e+01 2.44567300e+00 7.91168200e+00 2.10043900e+00 1.87667200e+00 1.24219100e+03 5.75246400e+03 2.53218600e+03 8.11596200e+02 2.28399400e+02 9.60222500e-01 2.45051800e-01 2.46377000e-01 2.62399800e+00 1.38382200e+01 1.09006800e+03 1.45102300e+02 1.04099900e+00 1.39387500e+01 1.05924600e+03 1.47857400e+02 1.39954300e-01 1.61042300e-01 3.36822100e+03 1.02674700e-02 8.18633800e-01 4.52341100e-01 7.26935700e+01 6.42912700e+02 8.27580300e+01 1.53352700e+03 8.94451500e+01 1.98669500e+03 9.50396700e+01 2.31191100e+03 2.35236400e+02 5.78017100e+03 4.53928600e-01 7.45066400e-01 4.72384300e-01 6.60546000e-01 4.71098700e-01 6.18203200e-01 4.66224800e-01 5.88259500e-01 2.96647600e-01 3.05867500e-01 3.60507900e+01 1.10078300e+02 3.74605000e+01 8.60854800e+00 3.96629400e+02 2.44527100e+01 1.15223400e+04 7.06722200e+02 2.47910900e-02 1.27934900e+00 4.26071700e+00 1.05065400e+01 1.19520300e+04 5.56485700e+00
1.07100800e+00 6.33201500e+03 2.23309800e-02 1.20215600e-01 1.04055100e+00 5.26963100e-02 3.14341000e+00 3.04247100e+00 9.62869900e-01 1.00008500e+00 2.83656400e+02 4.98677500e+01 9.78528900e+01 4.47076800e+01 2.35074700e+00 4.83156200e-01 8.50000100e-01 1.80751200e-01 4.96264100e+00 7.29766700e-01 6.59574500e-01 9.29089800e-01 7.86526200e-01 9.98673100e-01 1.00106100e+00 1.00996200e+00 9.98628700e-01 6.82550000e+01 6.92638800e-01 3.07361200e-01 1.43191700e-01 9.77355300e-02 8.07446600e-01 8.17292800e-01 4.47649700e-01 6.01209800e-01 9.77342100e-01 1.00056500e+02 2.43389300e+00 7.53936800e+00 2.09569600e+00 1.88606600e+00 1.24122800e+03 5.77170000e+03 2.53445200e+03 8.11181200e+02 2.27875100e+02 9.62869900e-01 2.46675000e-01 2.48006200e-01 2.62660200e+00 1.37126800e+01 1.09008400e+03 1.43921800e+02 1.04067900e+00 1.38296000e+01 1.05993300e+03 1.46592200e+02 1.40993200e-01 1.61117200e-01 3.36244400e+03 1.03294400e-02 8.20144600e-01 4.52978800e-01 7.35197600e+01 6.35457800e+02 8.36137500e+01 1.51651200e+03 9.03253900e+01 1.96515400e+03 9.59427300e+01 2.28725500e+03 2.36953600e+02 5.72736900e+03 4.52550500e-01 7.46534800e-01 4.71746700e-01 6.62194300e-01 4.70834800e-01 6.19889600e-01 4.66209600e-01 5.89953100e-01 2.97612300e-01 3.07013700e-01 3.42592300e+01 1.08908200e+02 3.43032200e+01 8.78976700e+00 3.95878400e+02 2.42488500e+01 1.15160800e+04 7.06642000e+02 7.86527500e-03 1.47275900e+00 3.88150500e+00 7.03017100e+00 1.19450000e+04 5.36213000e+00
3.56791600e-01 6.33113400e+03 2.22930800e-02 1.15962300e-01 1.04116000e+00 5.03989000e-02 2.88436700e+00 3.01824700e+00 9.60921400e-01 9.98059800e-01 1.98990300e+02 4.19782100e+01 1.23943800e+02 2.86145500e+01 3.54289200e+00 6.62595500e-01 5.48106300e-01 6.48573000e-01 6.11764800e+00 1.20722100e+00 1.01034600e+00 9.37167700e-01 8.35862100e-01 9.96862000e-01 9.98170400e-01 9.92949800e-01 9.88284300e-01 6.69036900e+01 6.89684200e-01 3.10315800e-01 1.38900500e-01 9.29295800e-02 7.91350900e-01 8.04841600e-01 4.40829900e-01 5.90636200e-01 9.67484700e-01 9.97493600e+01 2.41020700e+00 7.21283000e+00 2.04554100e+00 1.84940600e+00 1.22365300e+03 5.70225300e+03 2.51461900e+03 8.11106300e+02 2.29448700e+02 9.60921400e-01 2.43174800e-01 2.44493200e-01 2.54388900e+00 1.39518200e+01 1.08950100e+03 1.46375600e+02 1.04146300e+00 1.40548100e+01 1.05932200e+03 1.49094000e+02 1.39343300e-01 1.60412700e-01 3.37714900e+03 1.01949900e-02 8.17645900e-01 4.51711800e-01 7.21153700e+01 6.48047000e+02 8.20925800e+01 1.54584200e+03 8.87221400e+01 2.00269300e+03 9.42686900e+01 2.33056400e+03 2.33284000e+02 5.82758500e+03 4.45407200e-01 7.31373100e-01 4.63586700e-01 6.48438600e-01 4.62358100e-01 6.06885800e-01 4.57596500e-01 5.77499000e-01 2.91248700e-01 3.00303300e-01 3.06494600e+01 1.06542500e+02 3.22282900e+01 1.09149600e+01 3.95690500e+02 2.34349700e+01 1.15132200e+04 7.06715200e+02 2.22286000e-02 1.27934900e+00 4.19303600e+00 6.79753100e+00 1.19432600e+04 5.49461400e+00
1.06936900e+00 6.33067900e+03 2.21568800e-02 1.14841000e-01 1.04135500e+00 6.38054300e-02 2.77844900e+00 3.03971200e+00 9.59286700e-01 9.97155500e-01 2.25200900e+02 2.20040000e+01 7.50942900e+01 4.56507400e+01 1.89987300e+00 2.65351700e-01 9.31088400e-01 2.77611800e-01 8.64594400e+00 1.07950900e+00 1.01442700e+00 9.04974300e-01 7.72345800e-01 9.96617600e-01 1.00236200e+00 9.93084000e-01 9.91497200e-01 6.60101300e+01 6.84112200e-01 3.15887800e-01 1.37643000e-01 9.08583200e-02 7.99456800e-01 8.20353100e-01 4.49325900e-01 5.99346900e-01 9.83987800e-01 9.90917700e+01 2.44773100e+00 8.54644800e+00 2.08992300e+00 1.83954100e+00 1.22367300e+03 5.66896700e+03 2.50964900e+03 8.11272600e+02 2.30313500e+02 9.59286700e-01 2.41655000e-01 2.42967800e-01 2.53238300e+00 1.40705100e+01 1.08946600e+03 1.47340900e+02 1.04173400e+00 1.41438200e+01 1.05886500e+03 1.50116000e+02 1.38603600e-01 1.60253900e-01 3.39579100e+03 1.01764900e-02 8.13977900e-01 4.49899700e-01 7.12365800e+01 6.56457900e+02 8.12359500e+01 1.56452000e+03 8.78717800e+01 2.02598800e+03 9.34196200e+01 2.35693500e+03 2.32054900e+02 5.87778000e+03 4.53540500e-01 7.38318100e-01 4.70662000e-01 6.53998200e-01 4.68769700e-01 6.11842100e-01 4.63517200e-01 5.82062700e-01 2.93348100e-01 3.02218800e-01 2.58591700e+01 1.02598700e+02 2.82010400e+01 8.54294700e+00 3.99204400e+02 2.39251600e+01 1.15082600e+04 7.06891900e+02 8.08171900e-02 9.81866700e-01 5.40654500e+00 8.06526400e+00 1.19399300e+04 6.46922900e+00
8.73641200e-01 6.33500800e+03 2.21708400e-02 1.20870700e-01 1.04104400e+00 6.78806400e-02 3.14612800e+00 3.06261800e+00 9.70830700e-01 9.98198400e-01 2.45383300e+02 3.52699000e+01 9.52776900e+01 4.39514100e+01 3.84879600e+00 3.74695600e-01 8.49861100e-01 7.31609400e-02 6.98960100e+00 1.04041300e+00 1.32229600e+00 9.71884700e-01 1.13605900e+00 9.95955500e-01 1.00067200e+00 1.00368600e+00 9.97371500e-01 6.80865500e+01 6.90048400e-01 3.09951600e-01 1.43686700e-01 9.78313100e-02 8.21340000e-01 8.34851600e-01 4.57267100e-01 6.12839100e-01 9.95387700e-01 9.98036300e+01 2.44857400e+00 9.09881600e+00 2.13834700e+00 1.86688600e+00 1.21027000e+03 5.64244100e+03 2.51184200e+03 8.06685000e+02 2.27186700e+02 9.70830700e-01 2.46645700e-01 2.47976800e-01 2.65850600e+00 1.37140400e+01 1.09034800e+03 1.43862600e+02 1.04118800e+00 1.38171600e+01 1.05962800e+03 1.46583500e+02 1.40865100e-01 1.61408900e-01 3.37290800e+03 1.03634400e-02 8.18190000e-01 4.52091200e-01 7.33832300e+01 6.36825200e+02 8.35265400e+01 1.51915800e+03 9.02670100e+01 1.96817800e+03 9.59066200e+01 2.29044400e+03 2.37280900e+02 5.72823300e+03 4.62027400e-01 7.59120100e-01 4.80969800e-01 6.73071800e-01 4.79734100e-01 6.29953400e-01 4.74819200e-01 5.99457300e-01 3.02303200e-01 3.11735700e-01 3.35355600e+01 1.09778100e+02 3.34811700e+01 9.13369900e+00 4.01101300e+02 2.24825900e+01 1.15157500e+04 7.06705500e+02 1.91063500e-02 1.34256300e+00 4.10768900e+00 9.37170300e+00 1.19484700e+04 5.46935900e+00
8.26024800e-01 6.32832500e+03 2.20357400e-02 1.14463400e-01 1.04118300e+00 5.32934000e-02 2.78795500e+00 3.02386500e+00 9.55818600e-01 9.98517800e-01 2.24399800e+02 2.58875900e+01 1.07536900e+02 3.65885200e+01 4.30061600e+00 6.98153400e-01 4.35495600e-01 3.44302300e-01 7.13387000e+00 1.10148900e+00 9.54082000e-01 8.98310300e-01 9.76178200e-01 9.97683700e-01 1.00017400e+00 9.98610500e-01 9.96390100e-01 6.61053500e+01 6.86162600e-01 3.13837400e-01 1.37144300e-01 9.06597300e-02 7.91030300e-01 8.09067600e-01 4.43144600e-01 5.92064800e-01 9.72914800e-01 9.93634900e+01 2.43114400e+00 7.53021200e+00 2.05706400e+00 1.84908900e+00 1.23635100e+03 5.71903800e+03 2.52112300e+03 8.12479100e+02 2.29849900e+02 9.55818600e-01 2.41737500e-01 2.43050600e-01 2.55828300e+00 1.40757900e+01 1.08959600e+03 1.47489500e+02 1.04157800e+00 1.41602000e+01 1.05855900e+03 1.50310800e+02 1.38276700e-01 1.60446900e-01 3.37895300e+03 1.01327400e-02 8.16546400e-01 4.51328900e-01 7.13088700e+01 6.55638900e+02 8.12654000e+01 1.56307800e+03 8.78758900e+01 2.02445200e+03 9.34039900e+01 2.35541900e+03 2.31696600e+02 5.87976700e+03 4.47466800e-01 7.30735900e-01 4.64863900e-01 6.47500500e-01 4.63229200e-01 6.05853700e-01 4.58193200e-01 5.76421600e-01 2.90584700e-01 2.99459000e-01 2.65542900e+01 1.06937500e+02 3.07887000e+01 9.13016000e+00 3.95978900e+02 2.45989100e+01 1.15096000e+04 7.06821100e+02 5.18342700e-02 1.09677200e+00 4.78551400e+00 4.58554800e+00 1.19393100e+04 5.93412000e+00
6.57086500e-01 6.33046600e+03 2.19653500e-02 1.10966600e-01 1.04187500e+00 5.77349000e-02 2.60375800e+00 3.02507000e+00 9.54999300e-01 1.00058300e+00 2.17499400e+02 3.10942000e+01 1.07608000e+02 3.60430500e+01 7.43604200e+00 6.88935200e-01 6.86736000e-01 3.49322500e-01 3.28229600e+00 1.06625700e+00 8.17793500e-01 1.00827400e+00 9.45181800e-01 9.98355800e-01 9.99999300e-01 9.88712100e-01 9.83429700e-01 6.53436300e+01 6.87157700e-01 3.12842300e-01 1.33577100e-01 8.72841200e-02 7.85684400e-01 8.02324900e-01 4.39451400e-01 5.87596900e-01 9.71955800e-01 9.95826400e+01 2.43065100e+00 7.90863000e+00 2.05954500e+00 1.83494600e+00 1.23364000e+03 5.71404800e+03 2.52598000e+03 8.18318400e+02 2.32742900e+02 9.54999300e-01 2.39109600e-01 2.40413000e-01 2.50598900e+00 1.42526300e+01 1.08917800e+03 1.49518200e+02 1.04240200e+00 1.43436100e+01 1.05794900e+03 1.52398400e+02 1.36855300e-01 1.60040500e-01 3.37715200e+03 9.99680500e-03 8.17066800e-01 4.51665600e-01 7.04714700e+01 6.63355200e+02 8.02858800e+01 1.58172200e+03 8.68034800e+01 2.04876100e+03 9.22545900e+01 2.38383400e+03 2.28692700e+02 5.95352000e+03 4.43845700e-01 7.25896600e-01 4.61347300e-01 6.43321900e-01 4.59839300e-01 6.01989600e-01 4.54915800e-01 5.72773900e-01 2.88811100e-01 2.97657700e-01 2.69610100e+01 1.05096800e+02 2.99580300e+01 9.61974000e+00 3.96814400e+02 2.41356100e+01 1.15117300e+04 7.06789100e+02 3.27999200e-02 1.21731700e+00 4.26190600e+00 6.33641000e+00 1.19423000e+04 5.51202400e+00
1.20685000e-01 6.33663600e+03 2.21967300e-02 1.12398500e-01 1.04150300e+00 5.60370900e-02 2.82179900e+00 3.02655600e+00 9.64390100e-01 1.00025700e+00 2.31366800e+02 4.24932200e+01 8.24958100e+01 5.06830700e+01 3.72739700e+00 6.98969200e-01 7.60371300e-01 8.48055600e-01 1.62410300e+00 1.12094300e+00 1.10797500e+00 9.07879100e-01 1.09000900e+00 9.98251100e-01 1.00293500e+00 9.94304200e-01 9.94057600e-01 6.74932900e+01 7.03117100e-01 2.96882900e-01 1.35240300e-01 9.12781600e-02 7.85731200e-01 7.81638500e-01 4.28121000e-01 5.79989700e-01 9.56409100e-01 1.01596400e+02 2.38830400e+00 7.74078400e+00 2.06260800e+00 1.84392600e+00 1.22083400e+03 5.73204100e+03 2.52511800e+03 8.15759800e+02 2.30888600e+02 9.64390100e-01 2.42272700e-01 2.43587800e-01 2.54014800e+00 1.40027000e+01 1.08924100e+03 1.47750500e+02 1.04185900e+00 1.41814300e+01 1.05878800e+03 1.50528200e+02 1.38045900e-01 1.60474600e-01 3.31619500e+03 9.96798500e-03 8.28800400e-01 4.57611200e-01 7.25279600e+01 6.43380800e+02 8.22091100e+01 1.53798900e+03 8.86619000e+01 1.99467500e+03 9.40699900e+01 2.32300600e+03 2.30618200e+02 5.84714200e+03 4.33711800e-01 7.27491800e-01 4.54670900e-01 6.46450700e-01 4.55000600e-01 6.05632500e-01 4.51335300e-01 5.76683800e-01 2.91387800e-01 3.01042400e-01 2.70053100e+01 1.04213100e+02 2.99072600e+01 1.32986100e+01 3.96207900e+02 2.27726500e+01 1.15236700e+04 7.06499500e+02 5.26955900e-02 2.50994400e+00 3.68540700e+00 4.57694700e+00 1.19559500e+04 6.24804600e+00
5.85727900e-01 6.33049500e+03 2.23200500e-02 1.13295100e-01 1.04174700e+00 5.57583400e-02 2.78295300e+00 3.03113900e+00 9.61308600e-01 1.00106200e+00 2.21591200e+02 3.12021400e+01 9.92164200e+01 3.34701300e+01 5.28365700e+00 6.57020600e-01 6.58005800e-01 6.91889900e-01 5.43962800e+00 7.19575600e-01 1.02995100e+00 1.10620700e+00 1.12991300e+00 9.97560500e-01 1.00190800e+00 9.88689800e-01 9.85847100e-01 6.68780500e+01 6.95349300e-01 3.04650700e-01 1.36260300e-01 9.11282600e-02 7.90771100e-01 7.96877000e-01 4.36467500e-01 5.87491200e-01 9.66961100e-01 1.00543500e+02 2.41447600e+00 7.69500700e+00 2.07208100e+00 1.85342800e+00 1.23167400e+03 5.75529400e+03 2.53570600e+03 8.20332400e+02 2.32862200e+02 9.61308600e-01 2.41786600e-01 2.43099900e-01 2.50362300e+00 1.40298600e+01 1.08913000e+03 1.47611600e+02 1.04210600e+00 1.41647400e+01 1.05913200e+03 1.50338500e+02 1.38481000e-01 1.60158900e-01 3.35940100e+03 1.00706300e-02 8.21319600e-01 4.53620000e-01 7.19926700e+01 6.48737400e+02 8.18062800e+01 1.54887100e+03 8.83355500e+01 2.00752300e+03 9.38021700e+01 2.33692700e+03 2.31232100e+02 5.85950300e+03 4.41514800e-01 7.31389200e-01 4.60916100e-01 6.49061500e-01 4.60341100e-01 6.07722300e-01 4.56028800e-01 5.78452300e-01 2.91967000e-01 3.01283000e-01 2.61263500e+01 1.02888900e+02 2.84575600e+01 1.00513300e+01 3.96192200e+02 2.34827800e+01 1.15113000e+04 7.06587500e+02 1.81217100e-04 1.74777200e+00 3.38902400e+00 8.23584000e+00 1.19410300e+04 5.13697700e+00
9.49959400e-01 6.33392400e+03 2.22203300e-02 1.12783800e-01 1.04190800e+00 5.93688700e-02 2.74042600e+00 3.03704600e+00 9.60029700e-01 1.00054100e+00 2.59438900e+02 3.98200500e+01 1.05148400e+02 3.47245100e+01 4.53939000e-01 5.18263900e-01 2.36671700e-01 5.53590400e-02 4.38862400e+00 9.32764700e-01 7.63098600e-01 9.52456600e-01 1.03948200e+00 9.99776100e-01 9.99313100e-01 9.94236100e-01 9.88862200e-01 6.65301500e+01 6.93535400e-01 3.06464600e-01 1.35649300e-01 9.02476500e-02 7.92852400e-01 8.01349400e-01 4.38917200e-01 5.89912300e-01 9.72037700e-01 1.00345200e+02 2.42687700e+00 8.06121800e+00 2.08435700e+00 1.85099400e+00 1.23366600e+03 5.74769300e+03 2.53569000e+03 8.20560100e+02 2.33095800e+02 9.60029700e-01 2.41150200e-01 2.42461100e-01 2.50727300e+00 1.40796600e+01 1.08916600e+03 1.48059100e+02 1.04231100e+00 1.42048800e+01 1.05882600e+03 1.50826700e+02 1.38079900e-01 1.60170200e-01 3.36417400e+03 1.00550500e-02 8.20267600e-01 4.53149400e-01 7.16485000e+01 6.51987000e+02 8.14620100e+01 1.55618300e+03 8.79885100e+01 2.01670800e+03 9.34515400e+01 2.34738000e+03 2.30656000e+02 5.88052700e+03 4.43836300e-01 7.33137900e-01 4.62894800e-01 6.50419000e-01 4.62109100e-01 6.08912600e-01 4.57642300e-01 5.79535200e-01 2.92448600e-01 3.01695600e-01 2.77534700e+01 1.02662900e+02 2.77910000e+01 9.04905700e+00 3.97256500e+02 2.38437500e+01 1.15216200e+04 7.06622600e+02 6.78738200e-04 1.67729600e+00 3.46250400e+00 4.31865100e+00 1.19517700e+04 5.14047900e+00
4.66799600e-01 6.32984800e+03 2.22545800e-02 1.16325500e-01 1.04124100e+00 6.08558300e-02 3.01129000e+00 3.04616900e+00 9.69197200e-01 1.00085400e+00 2.43681400e+02 5.09909200e+01 9.93429600e+01 4.65640600e+01 4.04717000e+00 4.36051400e-01 9.98263800e-01 8.77330500e-02 6.96559600e-01 9.42358600e-01 1.12318700e+00 9.01431500e-01 7.97099200e-01 9.96340800e-01 1.00041300e+00 9.95086900e-01 9.95428800e-01 6.82696500e+01 7.01281100e-01 2.98718900e-01 1.39225300e-01 9.50486000e-02 8.02506600e-01 8.00791200e-01 4.38611400e-01 5.93286300e-01 9.71258400e-01 1.01299600e+02 2.40903700e+00 8.29620400e+00 2.10346000e+00 1.86241100e+00 1.21798700e+03 5.71916600e+03 2.52797800e+03 8.14098800e+02 2.29719400e+02 9.69197200e-01 2.44882400e-01 2.46207000e-01 2.59536000e+00 1.38196400e+01 1.08970700e+03 1.45655700e+02 1.04146800e+00 1.39856200e+01 1.05936100e+03 1.48381500e+02 1.39560400e-01 1.60955500e-01 3.32711900e+03 1.01311000e-02 8.26872900e-01 4.56559900e-01 7.33926500e+01 6.35933700e+02 8.32385400e+01 1.51974000e+03 8.97983200e+01 1.97071200e+03 9.52947500e+01 2.29485400e+03 2.33929700e+02 5.77095300e+03 4.44162700e-01 7.42834500e-01 4.65159100e-01 6.59872700e-01 4.65275200e-01 6.18117800e-01 4.61379700e-01 5.88516600e-01 2.97262000e-01 3.07039000e-01 3.43320600e+01 1.06829100e+02 3.21262700e+01 1.05816300e+01 3.97628400e+02 2.24320100e+01 1.15108200e+04 7.06511100e+02 2.81677800e-02 2.27128100e+00 3.46269400e+00 5.95610200e+00 1.19414700e+04 5.76214300e+00
6.66547300e-01 6.34175700e+03 2.22746900e-02 1.24660000e-01 1.04063800e+00 5.87171300e-02 3.35847800e+00 3.05414400e+00 9.77147200e-01 9.97099800e-01 2.27061400e+02 6.14685400e+01 9.81641900e+01 4.74249200e+01 3.39518700e+00 5.01128200e-01 9.21322200e-01 1.58035900e-01 1.18544200e+00 1.39524500e+00 7.32016900e-01 9.05905100e-01 7.69810500e-01 9.95680300e-01 9.99932700e-01 1.00840900e+00 1.00201400e+00 6.91595500e+01 6.91452000e-01 3.08548000e-01 1.47579800e-01 1.02065500e-01 8.25275900e-01 8.36950800e-01 4.58416800e-01 6.15077500e-01 9.92368800e-01 9.99166500e+01 2.42675600e+00 8.26568600e+00 2.12030300e+00 1.88537200e+00 1.20110600e+03 5.64069500e+03 2.51821200e+03 8.06543900e+02 2.26165000e+02 9.77147200e-01 2.49451800e-01 2.50793000e-01 2.71209500e+00 1.35187900e+01 1.09075100e+03 1.41814100e+02 1.04062800e+00 1.36277500e+01 1.06027600e+03 1.44472700e+02 1.42412200e-01 1.61874500e-01 3.36991700e+03 1.04988600e-02 8.18861800e-01 4.52358900e-01 7.45128100e+01 6.27073900e+02 8.47754200e+01 1.49622000e+03 9.15973000e+01 1.93867300e+03 9.73060200e+01 2.25628100e+03 2.40518400e+02 5.64652700e+03 4.63313400e-01 7.62893300e-01 4.82654600e-01 6.76565200e-01 4.81575700e-01 6.33283700e-01 4.76748400e-01 6.02663800e-01 3.03946700e-01 3.13509200e-01 3.72706200e+01 1.07659000e+02 3.45518400e+01 9.71054300e+00 3.97145100e+02 2.17963100e+01 1.15283600e+04 7.06669800e+02 1.37899400e-02 1.40705700e+00 4.04094400e+00 1.43687400e+01 1.19570100e+04 5.46179100e+00
8.49762500e-01 6.33333200e+03 2.24051300e-02 1.20730200e-01 1.04135700e+00 5.66510800e-02 3.12020900e+00 3.05072300e+00 9.72520000e-01 1.00199100e+00 2.01539900e+02 5.01245500e+01 1.14267500e+02 3.83936600e+01 4.86772400e+00 6.30618100e-01 6.48922400e-01 4.36833400e-01 1.47751700e+00 8.88449900e-01 9.49297500e-01 1.14507700e+00 1.27476300e+00 9.95986200e-01 1.00326400e+00 9.92907600e-01 9.90371900e-01 6.81378200e+01 6.90312600e-01 3.09687400e-01 1.43780500e-01 9.79688900e-02 8.16641500e-01 8.29721900e-01 4.54457400e-01 6.09203400e-01 9.89321200e-01 9.98156700e+01 2.43124700e+00 7.93304400e+00 2.11306200e+00 1.88671300e+00 1.21623100e+03 5.70936500e+03 2.54306300e+03 8.19522500e+02 2.31497100e+02 9.72520000e-01 2.46397000e-01 2.47727100e-01 2.60456500e+00 1.37072500e+01 1.09001300e+03 1.43848800e+02 1.04149200e+00 1.38118000e+01 1.06012300e+03 1.46490900e+02 1.41246700e-01 1.61035300e-01 3.38675200e+03 1.03880800e-02 8.16565700e-01 4.51074500e-01 7.34318400e+01 6.36386100e+02 8.35754500e+01 1.51816900e+03 9.03164900e+01 1.96693500e+03 9.59567500e+01 2.28902800e+03 2.37365500e+02 5.72536200e+03 4.59225600e-01 7.54801700e-01 4.78114200e-01 6.69269400e-01 4.76914300e-01 6.26405500e-01 4.72047100e-01 5.96087900e-01 3.00612400e-01 3.10003500e-01 3.20471600e+01 1.11348500e+02 3.37560800e+01 9.19611800e+00 3.96454500e+02 2.20635900e+01 1.15162900e+04 7.06698500e+02 1.87453100e-02 1.34256300e+00 4.12301700e+00 1.04785000e+01 1.19440000e+04 5.48432500e+00
4.51745700e-01 6.33899300e+03 2.24907000e-02 1.18380400e-01 1.04103000e+00 5.09494100e-02 3.07648900e+00 3.03593200e+00 9.69282700e-01 1.00281400e+00 2.25754200e+02 2.47068000e+01 1.09812500e+02 4.08074800e+01 6.00138200e+00 8.42505900e-01 3.44561600e-01 2.36944000e-02 5.46410200e+00 1.23135300e+00 8.17020400e-01 8.23358600e-01 8.13634100e-01 1.00042600e+00 1.00009900e+00 1.01022100e+00 9.94719400e-01 6.84198000e+01 6.97696900e-01 3.02303100e-01 1.41516200e-01 9.68251100e-02 8.02350600e-01 8.05424600e-01 4.41149200e-01 5.94942300e-01 9.70003500e-01 1.00736100e+02 2.40445500e+00 7.28912400e+00 2.08203600e+00 1.88033100e+00 1.22451300e+03 5.76018400e+03 2.54245000e+03 8.18754300e+02 2.31059700e+02 9.69282700e-01 2.45848100e-01 2.47176300e-01 2.57401200e+00 1.37433200e+01 1.08965900e+03 1.44605300e+02 1.04118700e+00 1.38885000e+01 1.06012300e+03 1.47232400e+02 1.40693000e-01 1.60776300e-01 3.35264900e+03 1.02535900e-02 8.22707800e-01 4.54204700e-01 7.36146100e+01 6.34274000e+02 8.35862200e+01 1.51490800e+03 9.02242400e+01 1.96387700e+03 9.57836200e+01 2.28642600e+03 2.35727200e+02 5.73954100e+03 4.46410500e-01 7.42329200e-01 4.66610600e-01 6.59023100e-01 4.66302200e-01 6.17154200e-01 4.62115500e-01 5.87494600e-01 2.96584700e-01 3.06179900e-01 2.75653800e+01 1.08890500e+02 3.35396600e+01 1.06081200e+01 3.95708800e+02 2.23908200e+01 1.15285200e+04 7.06550200e+02 2.62286900e-03 1.89191900e+00 3.40236200e+00 8.91212400e+00 1.19572300e+04 5.29690400e+00
8.75669100e-01 6.33391400e+03 2.26540100e-02 1.22989700e-01 1.04068400e+00 4.66467100e-02 3.26226500e+00 3.05120400e+00 9.75709100e-01 1.00705000e+00 2.07658000e+02 3.22233600e+01 1.25215200e+02 3.36983100e+01 8.94822500e+00 8.10079600e-01 5.81981200e-01 4.73824500e-01 1.41108300e-01 1.01352600e+00 1.04482100e+00 1.05245100e+00 1.13505500e+00 9.97929500e-01 9.99694600e-01 9.96410700e-01 9.91323700e-01 6.89727800e+01 6.92492400e-01 3.07507600e-01 1.46288900e-01 1.00899500e-01 8.19485000e-01 8.29675500e-01 4.54432000e-01 6.10246000e-01 9.86738600e-01 9.99709000e+01 2.42326500e+00 6.88934300e+00 2.11407700e+00 1.92576800e+00 1.23093500e+03 5.81548800e+03 2.58276100e+03 8.30955100e+02 2.34284100e+02 9.75709100e-01 2.48353500e-01 2.49690700e-01 2.60801900e+00 1.35681800e+01 1.09003000e+03 1.42402700e+02 1.04070200e+00 1.36833400e+01 1.06096300e+03 1.44942500e+02 1.42558300e-01 1.61051700e-01 3.38223800e+03 1.04717200e-02 8.17648500e-01 4.51440600e-01 7.42953300e+01 6.28834600e+02 8.44997300e+01 1.50067200e+03 9.12845500e+01 1.94460400e+03 9.69630300e+01 2.26331800e+03 2.39497400e+02 5.66702900e+03 4.59377000e-01 7.57647300e-01 4.78822400e-01 6.72031200e-01 4.77877700e-01 6.29089100e-01 4.73170600e-01 5.98702600e-01 3.01998900e-01 3.11543600e-01 2.53926600e+01 1.08694400e+02 3.01965300e+01 9.18922000e+00 3.96009100e+02 2.19287200e+01 1.15160000e+04 7.06645300e+02 1.15402900e-02 1.40705700e+00 4.05975300e+00 1.25787900e+01 1.19431300e+04 5.47835000e+00
7.40108900e-01 6.33765100e+03 2.26403800e-02 1.23528200e-01 1.04071800e+00 5.28853400e-02 3.27607400e+00 3.06397500e+00 9.75595300e-01 1.00774700e+00 2.74085000e+02 3.89316300e+01 9.98323000e+01 4.41856300e+01 1.99504700e+00 3.56555400e-01 9.78514500e-01 2.26447500e-01 2.96110300e+00 9.72299800e-01 1.17875700e+00 9.07096800e-01 8.26082700e-01 9.98065600e-01 1.00014100e+00 1.00427900e+00 9.96436400e-01 6.89434800e+01 6.91126700e-01 3.08873300e-01 1.46813800e-01 1.01218500e-01 8.26133500e-01 8.38262000e-01 4.59135000e-01 6.15878900e-01 9.94955400e-01 9.97975800e+01 2.44190400e+00 7.55767800e+00 2.14125100e+00 1.92633600e+00 1.23227600e+03 5.80753100e+03 2.58041200e+03 8.29748300e+02 2.33992300e+02 9.75595300e-01 2.48527500e-01 2.49865300e-01 2.61516700e+00 1.35570800e+01 1.09010700e+03 1.42213400e+02 1.04072400e+00 1.36648500e+01 1.06100100e+03 1.44752700e+02 1.42700500e-01 1.61108900e-01 3.38832500e+03 1.05000000e-02 8.16549000e-01 4.50878600e-01 7.42865500e+01 6.29006200e+02 8.45264000e+01 1.50075600e+03 9.13326700e+01 1.94450200e+03 9.70280900e+01 2.26302500e+03 2.39882500e+02 5.66254700e+03 4.64007300e-01 7.63654700e-01 4.83297700e-01 6.77206100e-01 4.82180200e-01 6.33869500e-01 4.77322300e-01 6.03212600e-01 3.04216200e-01 3.13769200e-01 2.88441200e+01 1.07006200e+02 2.89081400e+01 9.49320000e+00 3.95862300e+02 2.19892400e+01 1.15219600e+04 7.06677700e+02 2.04091500e-02 1.34256300e+00 4.30149600e+00 1.36549700e+01 1.19493000e+04 5.66446800e+00
7.81666200e-01 6.33665900e+03 2.25814100e-02 1.23645600e-01 1.04066500e+00 5.17041800e-02 3.27527900e+00 3.05896100e+00 9.74498200e-01 1.00732400e+00 2.37066400e+02 5.08401100e+01 9.78977000e+01 4.26995300e+01 4.17694000e+00 5.88468100e-01 8.22326500e-01 5.20509700e-01 2.35391400e+00 1.42559700e+00 8.64922000e-01 1.11145700e+00 1.14154000e+00 9.98432900e-01 1.00400000e+00 9.99932200e-01 9.96403800e-01 6.88262900e+01 6.89950800e-01 3.10049200e-01 1.46872100e-01 1.01086600e-01 8.24309200e-01 8.38001500e-01 4.58992400e-01 6.15102900e-01 9.93603200e-01 9.96556600e+01 2.43973600e+00 7.45086700e+00 2.13054000e+00 1.92123300e+00 1.23059000e+03 5.78980300e+03 2.57236500e+03 8.26550000e+02 2.32890900e+02 9.74498200e-01 2.48494200e-01 2.49831900e-01 2.62562900e+00 1.35656700e+01 1.09019300e+03 1.42231800e+02 1.04067800e+00 1.36672200e+01 1.06084800e+03 1.44793000e+02 1.42618500e-01 1.61173500e-01 3.39003000e+03 1.05047400e-02 8.16039200e-01 4.50655400e-01 7.41798500e+01 6.29994800e+02 8.44364700e+01 1.50283600e+03 9.12520500e+01 1.94701300e+03 9.69544100e+01 2.26579800e+03 2.39892600e+02 5.66626900e+03 4.63758000e-01 7.61849200e-01 4.82737400e-01 6.75474100e-01 4.81480900e-01 6.32194000e-01 4.76537300e-01 6.01584500e-01 3.03347700e-01 3.12820200e-01 3.22458000e+01 1.08272000e+02 3.32330500e+01 9.35358800e+00 3.95799800e+02 2.20049300e+01 1.15146400e+04 7.06708100e+02 2.94971800e-02 1.21731700e+00 4.51994900e+00 1.90495800e+01 1.19417900e+04 5.76676400e+00
8.43547400e-01 6.33236200e+03 2.26741100e-02 1.24469600e-01 1.04039100e+00 5.01730000e-02 3.40152800e+00 3.05211600e+00 9.80103400e-01 1.00164600e+00 2.53289700e+02 3.90083800e+01 1.11260400e+02 3.80634800e+01 3.84604300e+00 6.80584100e-01 4.70827700e-01 1.04090300e-01 1.37564000e+00 8.59799400e-01 7.39586200e-01 9.20728300e-01 9.15361400e-01 9.98184200e-01 9.98918900e-01 1.00442700e+00 9.98939500e-01 6.99762000e+01 6.98184900e-01 3.01815100e-01 1.47788800e-01 1.03417000e-01 8.21710200e-01 8.24192200e-01 4.51428700e-01 6.09051400e-01 9.82298600e-01 1.00684600e+02 2.40735800e+00 7.29827900e+00 2.11600800e+00 1.91398100e+00 1.21453800e+03 5.76033300e+03 2.55778900e+03 8.20796900e+02 2.30563900e+02 9.80103400e-01 2.50155300e-01 2.51499000e-01 2.65121200e+00 1.34435900e+01 1.09026700e+03 1.41363500e+02 1.04032600e+00 1.35883900e+01 1.06123000e+03 1.43884100e+02 1.43204200e-01 1.61445600e-01 3.35609200e+03 1.04847500e-02 8.22338100e-01 4.53865600e-01 7.52820500e+01 6.20190200e+02 8.54658800e+01 1.48138800e+03 9.22459600e+01 1.92049900e+03 9.79246900e+01 2.23598900e+03 2.40912000e+02 5.61431100e+03 4.56812500e-01 7.60285700e-01 4.77604700e-01 6.75013000e-01 4.77345700e-01 6.32147600e-01 4.73097300e-01 6.01779200e-01 3.03772000e-01 3.13648200e-01 2.73671500e+01 1.05115100e+02 3.13342600e+01 9.36571000e+00 3.95750800e+02 2.16456100e+01 1.15215500e+04 7.06543600e+02 1.51635100e-03 1.81943000e+00 3.49135600e+00 4.55634100e+00 1.19483100e+04 5.31230200e+00
6.53789700e-01 6.33480400e+03 2.25561300e-02 1.23306100e-01 1.04049800e+00 4.59293400e-02 3.32816700e+00 3.04075400e+00 9.79554700e-01 1.00296200e+00 2.22406100e+02 5.56667200e+01 1.14721000e+02 4.02841700e+01 3.22642100e+00 7.76137800e-01 4.04831000e-01 9.46456700e-01 2.81793300e+00 7.94740500e-01 7.14404500e-01 7.53510900e-01 7.62721200e-01 9.96820100e-01 9.99827700e-01 1.00054200e+00 9.98996700e-01 6.94744900e+01 6.96465000e-01 3.03535000e-01 1.46507400e-01 1.01785200e-01 8.15775700e-01 8.20567900e-01 4.49443600e-01 6.05512300e-01 9.78719200e-01 1.00496200e+02 2.39644700e+00 6.84356700e+00 2.09210100e+00 1.90848600e+00 1.21074100e+03 5.74458100e+03 2.55803400e+03 8.22181900e+02 2.31164600e+02 9.79554700e-01 2.49167700e-01 2.50507800e-01 2.64822400e+00 1.35192600e+01 1.09024300e+03 1.42082200e+02 1.04048600e+00 1.36553700e+01 1.06081000e+03 1.44652000e+02 1.42550200e-01 1.61390700e-01 3.35843200e+03 1.04426400e-02 8.21604600e-01 4.53573300e-01 7.47701100e+01 6.24559300e+02 8.49317600e+01 1.49141200e+03 9.16943600e+01 1.93322500e+03 9.73571600e+01 2.25058200e+03 2.39807400e+02 5.64612600e+03 4.54669600e-01 7.54620200e-01 4.74924100e-01 6.69790000e-01 4.74459900e-01 6.27176000e-01 4.70100000e-01 5.96996600e-01 3.01296000e-01 3.11005300e-01 3.16268200e+01 1.06736400e+02 3.22746000e+01 9.85033000e+00 3.96170700e+02 2.13408200e+01 1.15201600e+04 7.06568600e+02 4.49833600e-07 1.74777200e+00 3.55430200e+00 1.02174900e+01 1.19475200e+04 5.30207400e+00
8.16666100e-01 6.32996000e+03 2.25265100e-02 1.19645000e-01 1.04114800e+00 5.39735100e-02 3.17100000e+00 3.04577500e+00 9.76767400e-01 1.00034700e+00 2.40238400e+02 4.02468100e+01 1.03595200e+02 4.17822700e+01 4.72253600e+00 6.67892500e-01 8.81107200e-01 5.16580800e-01 1.69620400e+00 9.25291100e-01 7.83324700e-01 9.22247000e-01 7.33539200e-01 9.98599900e-01 1.00072900e+00 1.00328000e+00 9.97802900e-01 6.91449000e+01 7.01284000e-01 2.98716000e-01 1.42816600e-01 9.87504100e-02 8.10042000e-01 8.08306600e-01 4.42727800e-01 5.98855700e-01 9.74153700e-01 1.01220800e+02 2.39742400e+00 7.62176500e+00 2.10263100e+00 1.88748000e+00 1.21124000e+03 5.73923600e+03 2.54806000e+03 8.21186200e+02 2.31657100e+02 9.76767400e-01 2.47111800e-01 2.48444600e-01 2.59999700e+00 1.36448600e+01 1.08981500e+03 1.43783400e+02 1.04123800e+00 1.38088900e+01 1.06035200e+03 1.46389500e+02 1.41253400e-01 1.61061700e-01 3.34137300e+03 1.02834800e-02 8.25046100e-01 4.55401200e-01 7.43323900e+01 6.27894500e+02 8.43045600e+01 1.50052600e+03 9.09484500e+01 1.94579500e+03 9.65153600e+01 2.26583900e+03 2.36927300e+02 5.69796400e+03 4.48317500e-01 7.49805300e-01 4.69504600e-01 6.66059300e-01 4.69618800e-01 6.23910100e-01 4.65684700e-01 5.94029500e-01 3.00019600e-01 3.09901500e-01 2.69181300e+01 1.05544700e+02 3.10334800e+01 9.46299400e+00 3.95903400e+02 2.17531500e+01 1.15167000e+04 7.06511100e+02 2.24748200e-02 2.19351700e+00 3.44349400e+00 3.92722000e+00 1.19438200e+04 5.65948600e+00
8.36943800e-01 6.33237700e+03 2.22565700e-02 1.16173100e-01 1.04137000e+00 4.91052400e-02 2.85529500e+00 3.02503200e+00 9.64384900e-01 1.00091200e+00 2.11537300e+02 3.29022400e+01 1.06076200e+02 4.12980200e+01 6.47696900e+00 7.67373600e-01 5.11693400e-01 4.76372800e-01 1.96178200e-01 9.54081000e-01 6.83233100e-01 9.15662200e-01 1.00793900e+00 9.97609300e-01 1.00065200e+00 9.82339000e-01 9.86398300e-01 6.65264900e+01 6.85761700e-01 3.14238300e-01 1.39074800e-01 9.25215700e-02 7.97006900e-01 8.15701000e-01 4.46777900e-01 5.96728600e-01 9.77157900e-01 9.92761300e+01 2.41850800e+00 7.08465600e+00 2.05946600e+00 1.86682000e+00 1.22358000e+03 5.72053800e+03 2.54197300e+03 8.22425500e+02 2.33288400e+02 9.64384900e-01 2.42760000e-01 2.44076900e-01 2.54062700e+00 1.39817900e+01 1.08953700e+03 1.46498600e+02 1.04168600e+00 1.40636000e+01 1.05924600e+03 1.49228000e+02 1.39289800e-01 1.60374000e-01 3.39495400e+03 1.02282600e-02 8.14476600e-01 4.50088200e-01 7.17684600e+01 6.51470700e+02 8.17997700e+01 1.55304000e+03 8.84592900e+01 2.01138600e+03 9.40281100e+01 2.34016200e+03 2.33308800e+02 5.84054000e+03 4.51096300e-01 7.36215000e-01 4.68531100e-01 6.52309100e-01 4.66835300e-01 6.10333500e-01 4.61728200e-01 5.80671600e-01 2.92697400e-01 3.01626100e-01 2.31979100e+01 1.04673100e+02 2.74608100e+01 9.09058700e+00 3.95717300e+02 2.28265100e+01 1.15183800e+04 7.06834400e+02 6.08170400e-02 1.03858200e+00 5.02535400e+00 5.77576000e+00 1.19460200e+04 6.12475300e+00
7.56631900e-01 6.33112900e+03 2.20081100e-02 1.15793300e-01 1.04115800e+00 4.42334500e-02 2.76916400e+00 3.01018300e+00 9.56208500e-01 9.99204100e-01 2.41957100e+02 4.42296300e+01 1.22106600e+02 3.41084300e+01 6.40221000e+00 8.36357800e-01 3.44009900e-01 7.48126200e-01 1.16458500e+00 1.17542300e+00 7.13257000e-01 8.65360300e-01 9.59357700e-01 9.99757800e-01 9.99591000e-01 9.99094700e-01 9.88342500e-01 6.53802500e+01 6.76116300e-01 3.23883700e-01 1.38446600e-01 9.05167100e-02 7.90909400e-01 8.21789600e-01 4.50112700e-01 5.96656000e-01 9.78145500e-01 9.81176200e+01 2.43074600e+00 6.59942600e+00 2.02911100e+00 1.85731300e+00 1.23286800e+03 5.70075200e+03 2.52997300e+03 8.16981000e+02 2.31480100e+02 9.56208500e-01 2.41463800e-01 2.42775900e-01 2.55678500e+00 1.41061600e+01 1.08972900e+03 1.47247700e+02 1.04155900e+00 1.41372400e+01 1.05855900e+03 1.50072300e+02 1.38572100e-01 1.60364900e-01 3.42013900e+03 1.02428000e-02 8.09084300e-01 4.47446400e-01 7.06829300e+01 6.62195400e+02 8.08059600e+01 1.57622300e+03 8.75118200e+01 2.03986500e+03 9.31126300e+01 2.37203700e+03 2.32498100e+02 5.89347300e+03 4.53618300e-01 7.29662200e-01 4.68794300e-01 6.45502100e-01 4.66012500e-01 6.03552700e-01 4.60202000e-01 5.73966500e-01 2.88967900e-01 2.97385200e-01 2.71421600e+01 1.04900300e+02 3.02382500e+01 8.89515200e+00 3.96161300e+02 2.41124700e+01 1.15125300e+04 7.07231600e+02 2.33513200e-01 5.37244800e-01 8.33521800e+00 4.22355200e+00 1.19417000e+04 9.10597600e+00
1.03741100e+00 6.33164300e+03 2.21772700e-02 1.18374000e-01 1.04093200e+00 5.24068900e-02 2.98550800e+00 3.04060200e+00 9.63476900e-01 1.00270300e+00 2.25945200e+02 4.02639500e+01 1.21919800e+02 2.19881900e+01 2.05264000e+00 4.76378900e-01 4.90593300e-01 1.59018300e-01 7.92817000e+00 8.44725300e-01 9.65001300e-01 1.27016900e+00 1.18244200e+00 9.96596700e-01 1.00065300e+00 9.99379400e-01 9.94290500e-01 6.70648200e+01 6.86069000e-01 3.13931000e-01 1.41196400e-01 9.46931400e-02 8.06441000e-01 8.24952800e-01 4.51845300e-01 6.03644400e-01 9.84748300e-01 9.92871600e+01 2.43988800e+00 7.49359100e+00 2.09178300e+00 1.88363500e+00 1.23584900e+03 5.75061400e+03 2.54751100e+03 8.19675600e+02 2.31410500e+02 9.63476900e-01 2.44502700e-01 2.45826000e-01 2.60111300e+00 1.38730200e+01 1.08996000e+03 1.45306600e+02 1.04118300e+00 1.39559200e+01 1.05932200e+03 1.48046600e+02 1.39948500e-01 1.60850800e-01 3.38623700e+03 1.02931100e-02 8.15589900e-01 4.50721900e-01 7.23476500e+01 6.46230300e+02 8.24510700e+01 1.54063000e+03 8.91589700e+01 1.99536700e+03 9.47684900e+01 2.32157000e+03 2.35092600e+02 5.79507300e+03 4.56205100e-01 7.44961000e-01 4.73919800e-01 6.60092100e-01 4.72242700e-01 6.17629300e-01 4.67101500e-01 5.87621200e-01 2.96197800e-01 3.05257000e-01 3.18251100e+01 1.07722900e+02 3.20540500e+01 8.67134300e+00 3.95858600e+02 2.34472100e+01 1.15144900e+04 7.06824200e+02 5.94055800e-02 1.03858200e+00 5.03196100e+00 7.86978200e+00 1.19424600e+04 6.12994900e+00
8.38060300e-01 6.32654000e+03 2.22537200e-02 1.21934800e-01 1.04047800e+00 5.33775800e-02 3.18266500e+00 3.05011900e+00 9.70366700e-01 1.00293700e+00 2.34475300e+02 4.65680300e+01 1.05484000e+02 3.73644200e+01 2.16085700e+00 6.19474500e-01 5.33471500e-01 4.87128300e-01 6.70800500e+00 9.56443700e-01 9.15880500e-01 9.46825300e-01 8.90350900e-01 9.96763200e-01 1.00081400e+00 9.93541700e-01 9.91933900e-01 6.80169700e+01 6.86934700e-01 3.13065300e-01 1.44833700e-01 9.85114600e-02 8.17641000e-01 8.35255800e-01 4.57488400e-01 6.11605500e-01 9.91411600e-01 9.93283700e+01 2.43922500e+00 7.65838600e+00 2.11178500e+00 1.89795700e+00 1.22521500e+03 5.72964000e+03 2.54813500e+03 8.17930100e+02 2.30174400e+02 9.70366700e-01 2.47161400e-01 2.48494300e-01 2.65515900e+00 1.36898700e+01 1.09037200e+03 1.43350900e+02 1.04058400e+00 1.37760100e+01 1.05993300e+03 1.46034700e+02 1.41375400e-01 1.61306800e-01 3.38358000e+03 1.04213400e-02 8.16074300e-01 4.50911500e-01 7.33560300e+01 6.37288000e+02 8.35786700e+01 1.51950700e+03 9.03670000e+01 1.96813800e+03 9.60443700e+01 2.28999400e+03 2.38127200e+02 5.71848100e+03 4.61988400e-01 7.55385300e-01 4.80130500e-01 6.69413600e-01 4.78525400e-01 6.26385700e-01 4.73377500e-01 5.95973300e-01 3.00413600e-01 3.09652300e-01 3.33886900e+01 1.07334900e+02 3.38942100e+01 9.12612100e+00 3.95997600e+02 2.25029500e+01 1.15073600e+04 7.06796200e+02 5.66715000e-02 1.09677200e+00 5.06888200e+00 5.07642800e+00 1.19349900e+04 6.22232600e+00
1.22141600e+00 6.33023200e+03 2.20589100e-02 1.16097400e-01 1.04110300e+00 6.48263900e-02 2.88719800e+00 3.05548600e+00 9.62406200e-01 1.00106900e+00 2.12641900e+02 2.65140100e+01 1.02615300e+02 3.45214700e+01 4.07881800e+00 4.54412700e-01 9.40471800e-01 2.60785700e-01 6.10443800e+00 1.15348500e+00 9.46813100e-01 1.03011500e+00 8.45778000e-01 9.96892100e-01 1.00005800e+00 9.97613100e-01 9.93270800e-01 6.66839600e+01 6.87858700e-01 3.12141300e-01 1.38801400e-01 9.25583000e-02 8.08018800e-01 8.24207200e-01 4.51436900e-01 6.03961500e-01 9.89488500e-01 9.95650300e+01 2.45536800e+00 8.70819100e+00 2.12315000e+00 1.86497600e+00 1.23251000e+03 5.71950000e+03 2.53430000e+03 8.16617100e+02 2.31037900e+02 9.62406200e-01 2.43116700e-01 2.44434900e-01 2.58898200e+00 1.39751600e+01 1.08981100e+03 1.46507700e+02 1.04142400e+00 1.40680100e+01 1.05878800e+03 1.49308800e+02 1.38932500e-01 1.60736000e-01 3.37341700e+03 1.01857100e-02 8.17623000e-01 4.51874300e-01 7.19034400e+01 6.50094600e+02 8.18997800e+01 1.55026800e+03 8.85392100e+01 2.00812800e+03 9.40927100e+01 2.33664400e+03 2.33143400e+02 5.83754900e+03 4.55994700e-01 7.46592800e-01 4.74138400e-01 6.61729600e-01 4.72664000e-01 6.19241100e-01 4.67652500e-01 5.89204200e-01 2.97081600e-01 3.06233500e-01 2.59983200e+01 1.04484200e+02 2.88038900e+01 8.40135300e+00 3.99696800e+02 2.37435400e+01 1.15110700e+04 7.06767600e+02 3.51328700e-02 1.21731700e+00 4.43964200e+00 5.09178200e+00 1.19429100e+04 5.69209200e+00
9.35522200e-01 6.33140100e+03 2.24913500e-02 1.22144900e-01 1.04042700e+00 5.92215600e-02 3.24195200e+00 3.06006300e+00 9.74542000e-01 1.00082800e+00 2.49114100e+02 3.58166400e+01 1.20445900e+02 2.64453100e+01 7.60963000e-01 4.24463900e-01 9.96207500e-01 8.00659200e-01 8.66812900e+00 1.12665000e+00 8.38752400e-01 1.03867600e+00 5.74666600e-01 9.97808800e-01 1.00067300e+00 9.96995000e-01 9.88379000e-01 6.88079800e+01 6.93145500e-01 3.06854500e-01 1.45281400e-01 9.99652200e-02 8.20961200e-01 8.30287000e-01 4.54766900e-01 6.11020400e-01 9.89699200e-01 1.00070100e+02 2.43350300e+00 8.20770300e+00 2.13289000e+00 1.89465100e+00 1.21785200e+03 5.72865700e+03 2.54291400e+03 8.17079100e+02 2.30143200e+02 9.74542000e-01 2.48027100e-01 2.49363100e-01 2.63062300e+00 1.36088800e+01 1.09014300e+03 1.42832200e+02 1.04046800e+00 1.37276800e+01 1.06050500e+03 1.45433800e+02 1.41981200e-01 1.61183900e-01 3.36776300e+03 1.04130900e-02 8.19595800e-01 4.52570900e-01 7.41058200e+01 6.30396800e+02 8.42669800e+01 1.50455300e+03 9.10240600e+01 1.94973400e+03 9.66797800e+01 2.26937100e+03 2.38692400e+02 5.68395700e+03 4.59786100e-01 7.59078200e-01 4.79413700e-01 6.73373400e-01 4.78545000e-01 6.30376100e-01 4.73882500e-01 5.99946400e-01 3.02659900e-01 3.12250900e-01 2.82885000e+01 1.07326500e+02 2.91922600e+01 9.07138700e+00 3.97177400e+02 2.22196300e+01 1.15148900e+04 7.06630900e+02 7.60777900e-03 1.47275900e+00 3.92415300e+00 7.41118200e+00 1.19433500e+04 5.40452000e+00
3.36032000e-01 6.33236400e+03 2.20198400e-02 1.18476400e-01 1.04113600e+00 4.74735300e-02 3.00821900e+00 3.02109200e+00 9.65688500e-01 1.00020900e+00 2.55350500e+02 3.70059500e+01 1.00797300e+02 4.55197700e+01 3.22672400e+00 7.14662700e-01 5.20796400e-01 3.03764900e-01 6.70749500e+00 8.52213900e-01 1.21188900e+00 8.49035400e-01 9.91465100e-01 9.95830200e-01 1.00178400e+00 1.00110300e+00 9.96076800e-01 6.72332800e+01 6.87762000e-01 3.12238000e-01 1.41141400e-01 9.48939600e-02 7.99793500e-01 8.15943600e-01 4.46910700e-01 5.97859800e-01 9.75406700e-01 9.95595500e+01 2.40943800e+00 7.01446500e+00 2.05136800e+00 1.86555700e+00 1.21637600e+03 5.67371700e+03 2.52354700e+03 8.11584600e+02 2.28583800e+02 9.65688500e-01 2.44741900e-01 2.46066000e-01 2.63911800e+00 1.38595400e+01 1.09019700e+03 1.45285600e+02 1.04138000e+00 1.39512600e+01 1.05897900e+03 1.48080800e+02 1.39704600e-01 1.61185500e-01 3.37453500e+03 1.02733000e-02 8.17435800e-01 4.51809700e-01 7.24996200e+01 6.44754200e+02 8.25807600e+01 1.53751500e+03 8.92764200e+01 1.99159700e+03 9.48768900e+01 2.31739900e+03 2.35098300e+02 5.78926400e+03 4.51385100e-01 7.38983300e-01 4.69324400e-01 6.54974000e-01 4.67855000e-01 6.12914400e-01 4.62887800e-01 5.83181100e-01 2.94022900e-01 3.03088500e-01 3.21031900e+01 1.10994000e+02 3.62122100e+01 1.09795400e+01 3.95828700e+02 2.25194800e+01 1.15148900e+04 7.06770600e+02 3.52210900e-02 1.21731700e+00 4.43250400e+00 8.05489100e+00 1.19442200e+04 5.68504200e+00
3.33274500e-01 6.33259100e+03 2.20765800e-02 1.18561800e-01 1.04100800e+00 4.85201300e-02 3.05490500e+00 3.02083700e+00 9.69844300e-01 9.97275000e-01 2.34260600e+02 3.35920700e+01 1.05361000e+02 3.35114400e+01 4.05160700e+00 7.28079900e-01 1.92380400e-01 5.60970600e-01 8.35567400e+00 8.70615300e-01 8.35870800e-01 1.03246900e+00 1.17581600e+00 9.97090400e-01 1.00164700e+00 1.00889900e+00 9.99091100e-01 6.77533000e+01 6.92227000e-01 3.07773000e-01 1.41283500e-01 9.57242200e-02 7.99484800e-01 8.09775900e-01 4.43532500e-01 5.95480900e-01 9.71281200e-01 1.00109200e+02 2.39372500e+00 7.12127700e+00 2.05084500e+00 1.86118200e+00 1.20514400e+03 5.65344200e+03 2.51766500e+03 8.10119800e+02 2.28070500e+02 9.69844300e-01 2.45393100e-01 2.46719600e-01 2.64469600e+00 1.38091400e+01 1.09017600e+03 1.44984100e+02 1.04121500e+00 1.39245100e+01 1.05917000e+03 1.47755400e+02 1.39906600e-01 1.61261800e-01 3.35679800e+03 1.02514500e-02 8.20751400e-01 4.53496800e-01 7.29849600e+01 6.40144700e+02 8.30166900e+01 1.52759500e+03 8.96862900e+01 1.97944900e+03 9.52681300e+01 2.30383800e+03 2.35356000e+02 5.76770700e+03 4.48371100e-01 7.39133800e-01 4.67287000e-01 6.55586200e-01 4.66335700e-01 6.13685900e-01 4.61723100e-01 5.84038100e-01 2.94625200e-01 3.03906500e-01 2.92718300e+01 1.06878200e+02 3.17833000e+01 1.11151900e+01 3.95771600e+02 2.21016300e+01 1.15150400e+04 7.06651400e+02 5.82819800e-03 1.53969800e+00 3.71859500e+00 9.23992700e+00 1.19440300e+04 5.26412200e+00
7.91645300e-01 6.33356700e+03 2.21909000e-02 1.14442400e-01 1.04110800e+00 5.86601400e-02 2.85540100e+00 3.03986300e+00 9.61683000e-01 1.00179500e+00 2.05988400e+02 4.73037100e+01 1.18995000e+02 3.43940400e+01 5.91962500e+00 6.36549800e-01 9.54333400e-01 7.74281200e-01 9.81584800e-01 1.05454400e+00 1.37782900e+00 1.07173600e+00 1.16814800e+00 9.96869600e-01 1.00024000e+00 9.85284500e-01 9.90726300e-01 6.70098900e+01 6.94279600e-01 3.05720400e-01 1.37278400e-01 9.19901000e-02 7.96149700e-01 8.03704300e-01 4.40207000e-01 5.92005600e-01 9.72579900e-01 1.00367600e+02 2.42563100e+00 8.03985600e+00 2.09023800e+00 1.85885000e+00 1.23319500e+03 5.74930800e+03 2.53384000e+03 8.17176900e+02 2.31248900e+02 9.61683000e-01 2.42734000e-01 2.44050800e-01 2.55300400e+00 1.39884800e+01 1.08946700e+03 1.47017300e+02 1.04143500e+00 1.41168000e+01 1.05897900e+03 1.49780200e+02 1.38672000e-01 1.60481500e-01 3.35083600e+03 1.00954600e-02 8.22081200e-01 4.54101800e-01 7.21519600e+01 6.47383700e+02 8.20152900e+01 1.54537600e+03 8.85760300e+01 2.00282100e+03 9.40682300e+01 2.33131200e+03 2.32060700e+02 5.84236000e+03 4.45200600e-01 7.36257300e-01 4.64497200e-01 6.53263900e-01 4.63792800e-01 6.11607800e-01 4.59365300e-01 5.82120100e-01 2.93768500e-01 3.03098200e-01 3.02122100e+01 1.07747900e+02 3.14104700e+01 9.42873100e+00 3.97047600e+02 2.35318100e+01 1.15170100e+04 7.06607600e+02 5.38850000e-04 1.67729600e+00 3.50970600e+00 8.31583900e+00 1.19470200e+04 5.18754100e+00
1.09782400e+00 6.32884300e+03 2.22731300e-02 1.20454300e-01 1.04060000e+00 5.91035400e-02 3.14992900e+00 3.05861500e+00 9.66161200e-01 1.00324500e+00 2.78747900e+02 4.99437600e+01 9.45050900e+01 4.50450100e+01 4.32502600e+00 6.53134500e-01 7.37624000e-01 7.62274500e-01 4.38827400e+00 7.90193000e-01 1.02046000e+00 1.02246100e+00 1.20344600e+00 9.98839300e-01 1.00218400e+00 9.93901200e-01 9.91183500e-01 6.82147200e+01 6.91887100e-01 3.08112900e-01 1.43372600e-01 9.78012100e-02 8.15911700e-01 8.26870500e-01 4.52895600e-01 6.07883900e-01 9.87879800e-01 9.99766900e+01 2.44860900e+00 8.20770300e+00 2.12980400e+00 1.89235600e+00 1.23779200e+03 5.76403900e+03 2.54358900e+03 8.15009900e+02 2.29217500e+02 9.66161200e-01 2.46738100e-01 2.48069400e-01 2.64001400e+00 1.37112700e+01 1.09018500e+03 1.43872600e+02 1.04073300e+00 1.38241500e+01 1.05981800e+03 1.46561700e+02 1.40956100e-01 1.61223100e-01 3.36380400e+03 1.03380800e-02 8.19782300e-01 4.52834900e-01 7.34899100e+01 6.35769200e+02 8.35994800e+01 1.51707800e+03 9.03203400e+01 1.96577000e+03 9.59448600e+01 2.28787600e+03 2.37079500e+02 5.72686500e+03 4.57780200e-01 7.54286700e-01 4.77010300e-01 6.68988200e-01 4.76000500e-01 6.26215300e-01 4.71266500e-01 5.95952100e-01 3.00608700e-01 3.10071100e-01 3.30299500e+01 1.09076300e+02 3.38976200e+01 8.72303000e+00 3.97332100e+02 2.34573800e+01 1.15101200e+04 7.06659300e+02 1.08853300e-02 1.40705700e+00 3.95464100e+00 6.02348600e+00 1.19396300e+04 5.37258400e+00
1.08037500e+00 6.33201600e+03 2.23309700e-02 1.16576600e-01 1.04103800e+00 5.44015300e-02 2.95629100e+00 3.03841800e+00 9.61019500e-01 1.00038900e+00 2.59278600e+02 4.66099100e+01 1.19496000e+02 3.48528800e+01 2.49262500e+00 7.10999200e-01 4.33894400e-01 5.75096700e-01 2.75287600e+00 8.47620200e-01 9.30435400e-01 8.34301800e-01 7.44371400e-01 9.99166900e-01 9.98397700e-01 1.00373100e+00 9.94685200e-01 6.75225800e+01 6.93916300e-01 3.06083700e-01 1.39552700e-01 9.42296100e-02 7.99019700e-01 8.07080700e-01 4.42056300e-01 5.94316200e-01 9.72373200e-01 1.00277800e+02 2.42800200e+00 7.63397200e+00 2.08721900e+00 1.87204200e+00 1.24099800e+03 5.77859200e+03 2.53784400e+03 8.16295400e+02 2.30482100e+02 9.61019500e-01 2.44171200e-01 2.45493300e-01 2.56174400e+00 1.38776500e+01 1.08958100e+03 1.45811000e+02 1.04128100e+00 1.40030400e+01 1.05951300e+03 1.48510000e+02 1.39698700e-01 1.60596200e-01 3.35991400e+03 1.01929100e-02 8.20836300e-01 4.53346700e-01 7.27099400e+01 6.42442200e+02 8.26591200e+01 1.53349100e+03 8.92764000e+01 1.98736000e+03 9.48156900e+01 2.31326800e+03 2.33963500e+02 5.79611300e+03 4.47026000e-01 7.38873200e-01 4.66308900e-01 6.55542100e-01 4.65558000e-01 6.13722500e-01 4.61084500e-01 5.84121500e-01 2.94746900e-01 3.04100600e-01 2.94546300e+01 1.05288000e+02 3.15293400e+01 8.79958300e+00 3.96045800e+02 2.42551600e+01 1.15182800e+04 7.06614800e+02 1.79503200e-03 1.60798500e+00 3.61189100e+00 4.81223300e+00 1.19473800e+04 5.22167100e+00
4.23421000e-01 6.32933400e+03 2.22537000e-02 1.17333500e-01 1.04098800e+00 5.03435000e-02 3.02868700e+00 3.02960500e+00 9.66183200e-01 1.00066300e+00 2.40316400e+02 4.22387800e+01 1.14894000e+02 3.43106500e+01 1.51005900e+00 5.63188300e-01 4.37793300e-01 6.23884900e-02 7.13783100e+00 8.82716500e-01 7.37522100e-01 8.87904600e-01 7.50879900e-01 9.97542000e-01 9.98508600e-01 9.91445400e-01 9.94767400e-01 6.80242900e+01 6.96945900e-01 3.03054100e-01 1.40232400e-01 9.53920800e-02 7.97726200e-01 8.01776500e-01 4.39151100e-01 5.91880300e-01 9.67212400e-01 1.00688500e+02 2.40265600e+00 7.25555400e+00 2.06890700e+00 1.87073900e+00 1.22543900e+03 5.74033700e+03 2.53317700e+03 8.14543000e+02 2.29488800e+02 9.66183200e-01 2.45115900e-01 2.46441400e-01 2.60158500e+00 1.38136100e+01 1.08981700e+03 1.45301700e+02 1.04120200e+00 1.39552000e+01 1.05947500e+03 1.48018500e+02 1.39870000e-01 1.60949400e-01 3.34345900e+03 1.01927700e-02 8.23661700e-01 4.54880100e-01 7.32014600e+01 6.37908300e+02 8.31371100e+01 1.52340600e+03 8.97500500e+01 1.97477300e+03 9.52878700e+01 2.29901400e+03 2.34631100e+02 5.76899600e+03 4.44332600e-01 7.37977300e-01 4.64252700e-01 6.55078800e-01 4.63858600e-01 6.13426900e-01 4.59636000e-01 5.83925800e-01 2.94762100e-01 3.04259100e-01 3.20762100e+01 1.07853400e+02 3.28434500e+01 1.07266800e+01 3.95692600e+02 2.28966600e+01 1.15111900e+04 7.06561100e+02 1.79707900e-03 1.89191900e+00 3.38236400e+00 6.32046800e+00 1.19405100e+04 5.27607900e+00
1.03133100e+00 6.33298800e+03 2.22776200e-02 1.19170700e-01 1.04125000e+00 5.73829100e-02 3.02288200e+00 3.05026400e+00 9.64591800e-01 1.00240400e+00 2.65334500e+02 3.69248700e+01 6.67280300e+01 6.12788100e+01 2.99125600e+00 5.74731600e-01 5.91685800e-01 5.12921400e-03 2.51937000e+00 9.82809900e-01 9.73875600e-01 8.13897600e-01 1.06369900e+00 9.97611700e-01 1.00234300e+00 9.87465400e-01 9.95907800e-01 6.74090600e+01 6.87292900e-01 3.12707100e-01 1.42093500e-01 9.57838900e-02 8.12110300e-01 8.29131200e-01 4.54133800e-01 6.07294600e-01 9.89135700e-01 9.94502000e+01 2.44922500e+00 7.99713100e+00 2.11209200e+00 1.88308900e+00 1.23427700e+03 5.74186600e+03 2.54260400e+03 8.18009600e+02 2.31029900e+02 9.64591800e-01 2.45047800e-01 2.46373100e-01 2.59498700e+00 1.38175800e+01 1.08994000e+03 1.44832600e+02 1.04146000e+00 1.39066900e+01 1.05962800e+03 1.47532400e+02 1.40421400e-01 1.60876500e-01 3.39070000e+03 1.03327000e-02 8.15340800e-01 4.50525200e-01 7.26967900e+01 6.43039500e+02 8.28176000e+01 1.53331300e+03 8.95388900e+01 1.98608000e+03 9.51604500e+01 2.31091800e+03 2.35875000e+02 5.77178500e+03 4.58634100e-01 7.50316100e-01 4.76742800e-01 6.64966100e-01 4.75195000e-01 6.22243000e-01 4.70113500e-01 5.92043600e-01 2.98467600e-01 3.07651600e-01 3.01109700e+01 1.06152900e+02 3.22131900e+01 8.72235500e+00 3.96793600e+02 2.34217400e+01 1.15186700e+04 7.06785000e+02 4.45107500e-02 1.15641700e+00 4.70024000e+00 5.68494800e+00 1.19476000e+04 5.90116700e+00
7.99109200e-01 6.33576800e+03 2.22115400e-02 1.15246500e-01 1.04141600e+00 5.01001700e-02 2.65515300e+00 3.01639700e+00 9.50243600e-01 9.98445800e-01 2.54680600e+02 3.64830900e+01 1.04735000e+02 3.58803400e+01 1.10314300e+00 6.80248500e-01 4.12180300e-01 7.58444700e-01 3.33023600e+00 8.14037900e-01 8.37993900e-01 9.72653300e-01 9.38712300e-01 9.98449600e-01 1.00200100e+00 9.91425600e-01 9.78722500e-01 6.44720500e+01 6.67753200e-01 3.32246800e-01 1.38103200e-01 8.90379500e-02 7.92621400e-01 8.34133500e-01 4.56873800e-01 6.01770700e-01 9.87143000e-01 9.70956500e+01 2.46356100e+00 7.15789800e+00 2.04176000e+00 1.84709000e+00 1.24206600e+03 5.70215300e+03 2.52146300e+03 8.16522700e+02 2.32563400e+02 9.50243600e-01 2.39945200e-01 2.41251700e-01 2.47903500e+00 1.42014600e+01 1.08931200e+03 1.47842500e+02 1.04187300e+00 1.41900700e+01 1.05890300e+03 1.50601200e+02 1.38641800e-01 1.59687600e-01 3.46673600e+03 1.02994600e-02 8.01637700e-01 4.43405100e-01 6.98353600e+01 6.70856600e+02 8.00418000e+01 1.59478500e+03 8.67905400e+01 2.06256400e+03 9.24214500e+01 2.39735700e+03 2.31978200e+02 5.93401200e+03 4.59641000e-01 7.30461000e-01 4.73009300e-01 6.45366900e-01 4.69285200e-01 6.03082300e-01 4.62834900e-01 5.73308000e-01 2.88346100e-01 2.96420300e-01 2.42885300e+01 1.02997000e+02 2.87102400e+01 8.32515100e+00 3.95692200e+02 2.53823200e+01 1.15137800e+04 7.07692400e+02 4.77356500e-01 1.97290300e-01 1.28919700e+01 7.09284800e+00 1.19431800e+04 1.35666100e+01
7.72008900e-01 6.33648300e+03 2.21523300e-02 1.14055400e-01 1.04111000e+00 4.94233700e-02 2.64020300e+00 3.01089900e+00 9.51113900e-01 9.98413600e-01 1.78505200e+02 2.50805900e+01 1.01024100e+02 4.14976700e+01 9.34010800e+00 9.70887500e-01 8.54454900e-01 7.06468600e-01 2.85554400e+00 8.07715400e-01 1.19610200e+00 8.37064400e-01 8.41315400e-01 9.95997900e-01 9.99478500e-01 9.93816500e-01 9.81074000e-01 6.45672600e+01 6.71731600e-01 3.28268400e-01 1.36852800e-01 8.83621300e-02 7.87105800e-01 8.23354800e-01 4.50970000e-01 5.95786100e-01 9.79550700e-01 9.75526300e+01 2.44702200e+00 7.08160400e+00 2.03056400e+00 1.83945000e+00 1.23680400e+03 5.69486100e+03 2.51654000e+03 8.15002900e+02 2.31963900e+02 9.51113900e-01 2.39708600e-01 2.41014200e-01 2.48464200e+00 1.42292900e+01 1.08926200e+03 1.48299500e+02 1.04157700e+00 1.42379800e+01 1.05867400e+03 1.51086800e+02 1.38163000e-01 1.59701700e-01 3.44248600e+03 1.02166000e-02 8.05419700e-01 4.45419300e-01 6.98744200e+01 6.70185100e+02 7.99893900e+01 1.59416200e+03 8.66834500e+01 2.06238500e+03 9.22714100e+01 2.39765700e+03 2.31033700e+02 5.94530600e+03 4.54083600e-01 7.25746500e-01 4.68230600e-01 6.41598900e-01 4.64974000e-01 5.99723600e-01 4.58863700e-01 5.70214900e-01 2.86937200e-01 2.95117900e-01 2.38656400e+01 1.03498800e+02 3.03444100e+01 8.62658200e+00 3.95692900e+02 2.48897200e+01 1.15085500e+04 7.07459900e+02 3.58347600e-01 3.45745400e-01 1.07407500e+01 1.62987900e+01 1.19377600e+04 1.14448400e+01
6.01502000e-01 6.32942600e+03 2.23585200e-02 1.20079300e-01 1.04075100e+00 4.42692000e-02 3.06788500e+00 3.01871700e+00 9.61925900e-01 9.98148700e-01 2.49835400e+02 4.19880500e+01 7.92714500e+01 4.89946400e+01 2.90922100e+00 7.94388900e-01 3.58249400e-01 5.86511300e-01 5.54466900e+00 9.96357300e-01 8.93747900e-01 9.43224700e-01 1.21326300e+00 9.97373300e-01 1.00327800e+00 1.00097300e+00 9.92253000e-01 6.75152600e+01 6.86105300e-01 3.13894700e-01 1.43082900e-01 9.66028000e-02 7.99473700e-01 8.17778200e-01 4.47915600e-01 5.98411800e-01 9.72978400e-01 9.92296200e+01 2.41781700e+00 6.62994400e+00 2.04650200e+00 1.87309700e+00 1.23030900e+03 5.72248900e+03 2.52251900e+03 8.09948300e+02 2.28095300e+02 9.61925900e-01 2.45683400e-01 2.47011000e-01 2.59521500e+00 1.37814600e+01 1.08996300e+03 1.44310400e+02 1.04091600e+00 1.38638000e+01 1.05993300e+03 1.46973600e+02 1.40898700e-01 1.60827600e-01 3.39385100e+03 1.03735900e-02 8.14639800e-01 4.50088000e-01 7.28273000e+01 6.41975700e+02 8.29982400e+01 1.53048200e+03 8.97509400e+01 1.98222100e+03 9.53979100e+01 2.30627100e+03 2.36657200e+02 5.75682900e+03 4.52265300e-01 7.38520900e-01 4.69819900e-01 6.54381000e-01 4.68153800e-01 6.12283300e-01 4.63054700e-01 5.82533500e-01 2.93618300e-01 3.02605500e-01 3.07778300e+01 1.05514300e+02 3.34353700e+01 9.76265300e+00 3.96223600e+02 2.37740400e+01 1.15092200e+04 7.06823000e+02 6.68388300e-02 1.03858200e+00 5.28014900e+00 6.66719000e+00 1.19389800e+04 6.38556900e+00
7.29356600e-01 6.33492700e+03 2.24352300e-02 1.19813400e-01 1.04045200e+00 5.12680200e-02 3.05165900e+00 3.02691000e+00 9.65695100e-01 9.96392900e-01 2.30663500e+02 3.54461400e+01 1.17779600e+02 2.95164500e+01 1.15388200e+00 4.57821900e-01 8.47266900e-01 8.84109000e-01 7.69020900e+00 1.09546900e+00 1.24494600e+00 8.74960300e-01 6.74397100e-01 9.96460300e-01 9.97365000e-01 9.99735700e-01 9.93718800e-01 6.73834200e+01 6.85292300e-01 3.14707700e-01 1.42893800e-01 9.62867500e-02 8.02900100e-01 8.22346000e-01 4.50417400e-01 6.01365300e-01 9.78103900e-01 9.90800800e+01 2.42082000e+00 7.35015900e+00 2.06333700e+00 1.86225600e+00 1.21575100e+03 5.67811500e+03 2.51235600e+03 8.09034500e+02 2.28451100e+02 9.65695100e-01 2.45496500e-01 2.46823400e-01 2.57540200e+00 1.37983800e+01 1.08982900e+03 1.44401300e+02 1.04061900e+00 1.38764700e+01 1.06008500e+03 1.47039300e+02 1.40950500e-01 1.60621600e-01 3.39672400e+03 1.03710900e-02 8.14092000e-01 4.49737500e-01 7.26983200e+01 6.43173700e+02 8.28724400e+01 1.53314200e+03 8.96260200e+01 1.98553800e+03 9.52731300e+01 2.31002700e+03 2.36475800e+02 5.76398000e+03 4.54721500e-01 7.41606900e-01 4.72170400e-01 6.57028800e-01 4.70402700e-01 6.14725100e-01 4.65217700e-01 5.84834500e-01 2.94749500e-01 3.03734800e-01 2.85591800e+01 1.04860700e+02 2.82061400e+01 9.34983500e+00 3.95705500e+02 2.30086900e+01 1.15164000e+04 7.06850400e+02 8.41021600e-02 9.26576500e-01 5.71574800e+00 1.18179100e+01 1.19444600e+04 6.72642700e+00
5.15118200e-01 6.33803000e+03 2.19936300e-02 1.15112900e-01 1.04104400e+00 4.71524100e-02 2.74418500e+00 3.00986200e+00 9.55435900e-01 9.99393700e-01 1.97668200e+02 2.86095100e+01 9.74223500e+01 3.59633000e+01 8.93831800e+00 8.39618000e-01 8.05085100e-01 8.50851200e-01 4.52762900e+00 1.06195100e+00 1.04342700e+00 9.64177100e-01 9.48763300e-01 9.97830200e-01 9.98844300e-01 9.92538000e-01 9.87178400e-01 6.52777100e+01 6.76728800e-01 3.23271200e-01 1.37751600e-01 8.99211200e-02 7.88897000e-01 8.18923200e-01 4.48542700e-01 5.94856300e-01 9.76422700e-01 9.81863500e+01 2.43002100e+00 6.90460200e+00 2.02845900e+00 1.84590900e+00 1.22894000e+03 5.67905400e+03 2.51765900e+03 8.13167900e+02 2.30462700e+02 9.55435900e-01 2.41108500e-01 2.42419300e-01 2.55063000e+00 1.41358900e+01 1.08966200e+03 1.47577200e+02 1.04146300e+00 1.41701800e+01 1.05844500e+03 1.50413300e+02 1.38313600e-01 1.60291100e-01 3.41478200e+03 1.02089400e-02 8.09880800e-01 4.47870600e-01 7.05624300e+01 6.63280500e+02 8.06528800e+01 1.57895600e+03 8.73380700e+01 2.04350000e+03 9.29220300e+01 2.37634300e+03 2.31931300e+02 5.90583300e+03 4.52094900e-01 7.27864100e-01 4.67368100e-01 6.43975000e-01 4.64662900e-01 6.02151000e-01 4.58913900e-01 5.72649700e-01 2.88332200e-01 2.96752500e-01 2.50422000e+01 1.00760100e+02 2.77351500e+01 9.69366100e+00 3.95803100e+02 2.39006200e+01 1.15185700e+04 7.07202100e+02 2.20237900e-01 5.37244800e-01 8.09736000e+00 1.20305800e+01 1.19479700e+04 8.85484300e+00
6.48445700e-01 6.33079100e+03 2.21426200e-02 1.16527900e-01 1.04080100e+00 4.44485000e-02 2.83099400e+00 3.01586500e+00 9.58571600e-01 1.00259600e+00 2.29497600e+02 3.41400500e+01 9.15389700e+01 4.65693200e+01 4.78793200e+00 6.18437400e-01 6.84382700e-01 3.16152900e-01 4.04763200e+00 7.50920900e-01 1.17579700e+00 8.92914300e-01 9.97406200e-01 9.96128500e-01 1.00023400e+00 9.87598500e-01 9.79414200e-01 6.58380100e+01 6.78599400e-01 3.21400600e-01 1.39315700e-01 9.17226900e-02 7.93561300e-01 8.21378200e-01 4.49887400e-01 5.97505800e-01 9.78007300e-01 9.83541900e+01 2.42913900e+00 6.61468500e+00 2.04067300e+00 1.86709300e+00 1.23427200e+03 5.72755300e+03 2.53817500e+03 8.19336300e+02 2.32055200e+02 9.58571600e-01 2.42377900e-01 2.43693400e-01 2.55349300e+00 1.40384800e+01 1.08968900e+03 1.46618700e+02 1.04114900e+00 1.40824000e+01 1.05897900e+03 1.49388200e+02 1.39134900e-01 1.60338200e-01 3.41229200e+03 1.02632600e-02 8.10615800e-01 4.48141400e-01 7.11395500e+01 6.57760500e+02 8.12649500e+01 1.56627500e+03 8.79761100e+01 2.02738600e+03 9.35830800e+01 2.35784600e+03 2.33298600e+02 5.86495700e+03 4.53600000e-01 7.32345000e-01 4.69377900e-01 6.48131400e-01 4.66869800e-01 6.06116200e-01 4.61230400e-01 5.76469000e-01 2.90311900e-01 2.98872400e-01 2.92733500e+01 1.06289200e+02 3.14013400e+01 9.31994100e+00 3.96199300e+02 2.35025600e+01 1.15075500e+04 7.07115400e+02 1.89878600e-01 6.25207500e-01 7.63930300e+00 9.43504500e+00 1.19365800e+04 8.45439000e+00
6.27619800e-01 6.33783100e+03 2.22011200e-02 1.20165900e-01 1.04076000e+00 5.13994600e-02 3.01881300e+00 3.04838700e+00 9.66265800e-01 1.00524000e+00 1.97909500e+02 4.17185100e+01 8.56358100e+01 5.12361100e+01 6.83926100e+00 6.55287900e-01 8.69715500e-01 5.30452400e-01 1.13991900e+00 8.28714900e-01 6.17220800e-01 8.51554300e-01 7.87326900e-01 9.96380000e-01 1.00177600e+00 1.00163500e+00 1.00150800e+00 6.67865000e+01 6.79376200e-01 3.20623800e-01 1.43012200e-01 9.55128500e-02 8.15151900e-01 8.42705400e-01 4.61568800e-01 6.13391100e-01 9.97457000e-01 9.84241200e+01 2.45605100e+00 7.41729700e+00 2.10813200e+00 1.90218500e+00 1.23618100e+03 5.75836200e+03 2.56637300e+03 8.26782300e+02 2.33741800e+02 9.66265800e-01 2.44961400e-01 2.46286400e-01 2.60820700e+00 1.38482200e+01 1.09012100e+03 1.44653500e+02 1.04098400e+00 1.38958400e+01 1.05955100e+03 1.47371300e+02 1.40544000e-01 1.60861700e-01 3.41460100e+03 1.04026600e-02 8.10489700e-01 4.48035900e-01 7.21553100e+01 6.48441800e+02 8.24044400e+01 1.54428100e+03 8.91988500e+01 1.99904300e+03 9.48759400e+01 2.32498700e+03 2.36397600e+02 5.78539800e+03 4.65404600e-01 7.52345900e-01 4.81791400e-01 6.65913800e-01 4.79308100e-01 6.22778800e-01 4.73578100e-01 5.92336600e-01 2.98307300e-01 3.07151600e-01 2.80574900e+01 1.04556900e+02 2.94921700e+01 9.41959400e+00 3.95776500e+02 2.29680800e+01 1.15168400e+04 7.07081100e+02 1.77076300e-01 6.71532900e-01 7.43899300e+00 1.52905300e+01 1.19450000e+04 8.28760200e+00
7.05325700e-01 6.33508000e+03 2.24131700e-02 1.20043000e-01 1.04037900e+00 4.31290600e-02 3.14607600e+00 3.03748700e+00 9.71330300e-01 1.00893800e+00 2.68197100e+02 4.14335200e+01 9.38961100e+01 4.08517500e+01 3.11761000e+00 7.93706700e-01 2.83016800e-01 9.34246800e-01 7.69436500e+00 1.23911900e+00 9.75568800e-01 9.93043900e-01 1.24104200e+00 9.97641600e-01 1.00081300e+00 9.98283900e-01 9.90041700e-01 6.83575400e+01 6.93753700e-01 3.06246300e-01 1.43101400e-01 9.78205800e-02 8.06896300e-01 8.15253200e-01 4.46532600e-01 6.00254500e-01 9.75943100e-01 1.00165700e+02 2.40897600e+00 6.50177000e+00 2.08527700e+00 1.91294400e+00 1.23492900e+03 5.81952600e+03 2.57797800e+03 8.29110200e+02 2.33579600e+02 9.71330300e-01 2.46741900e-01 2.48073300e-01 2.61199300e+00 1.37060800e+01 1.08996600e+03 1.43890600e+02 1.04049900e+00 1.38290000e+01 1.06012300e+03 1.46532100e+02 1.41108100e-01 1.60993100e-01 3.35912500e+03 1.03210700e-02 8.20845800e-01 4.53278400e-01 7.36117700e+01 6.34583300e+02 8.36886800e+01 1.51469300e+03 9.03906900e+01 1.96297300e+03 9.60007700e+01 2.28486000e+03 2.36914700e+02 5.72447700e+03 4.51517600e-01 7.46137200e-01 4.70949500e-01 6.61964300e-01 4.70169800e-01 6.19725300e-01 4.65637900e-01 5.89828300e-01 2.97593200e-01 3.07045300e-01 3.07535300e+01 1.07311400e+02 3.30460100e+01 9.64906200e+00 3.96623700e+02 2.20144100e+01 1.15112900e+04 7.06618100e+02 4.48329800e-03 1.53969800e+00 3.80033700e+00 1.86177500e+01 1.19395800e+04 5.34451800e+00
9.46368700e-01 6.33319000e+03 2.21862300e-02 1.19815100e-01 1.04095000e+00 4.92917700e-02 3.01799300e+00 3.04216700e+00 9.59045900e-01 1.00453300e+00 2.21622500e+02 4.50680400e+01 1.05847200e+02 3.72005600e+01 4.58867400e+00 7.32466100e-01 6.51160500e-01 9.08351100e-01 9.17784400e+00 1.14132600e+00 7.44715300e-01 8.66070800e-01 7.30591000e-01 9.99113000e-01 9.99073300e-01 9.96137300e-01 9.88646200e-01 6.69512900e+01 6.81768500e-01 3.18231500e-01 1.42646500e-01 9.55036900e-02 8.09537600e-01 8.33773300e-01 4.56676500e-01 6.08027000e-01 9.89367300e-01 9.87441300e+01 2.45905700e+00 7.19451900e+00 2.09505900e+00 1.89837500e+00 1.25340800e+03 5.79322400e+03 2.55708300e+03 8.20419200e+02 2.31255600e+02 9.59045900e-01 2.44944300e-01 2.46269100e-01 2.61076700e+00 1.38437000e+01 1.09011000e+03 1.44759700e+02 1.04116800e+00 1.39035900e+01 1.05947500e+03 1.47486500e+02 1.40416900e-01 1.60917600e-01 3.40620400e+03 1.03765100e-02 8.12079100e-01 4.48881900e-01 7.22913100e+01 6.47050200e+02 8.24990200e+01 1.54153500e+03 8.92695400e+01 1.99585700e+03 9.49283400e+01 2.32158300e+03 2.36165200e+02 5.78327600e+03 4.60710900e-01 7.47394400e-01 4.77516400e-01 6.61781800e-01 4.75324800e-01 6.19017600e-01 4.69819800e-01 5.88823000e-01 2.96628200e-01 3.05520600e-01 3.33595800e+01 1.08007000e+02 3.44070100e+01 8.69814700e+00 3.95734500e+02 2.45686500e+01 1.15091600e+04 7.06981100e+02 1.26759300e-01 7.68898900e-01 6.41314700e+00 1.39259200e+01 1.19381600e+04 7.30880600e+00
9.29643100e-01 6.33507300e+03 2.23830700e-02 1.19136300e-01 1.04106000e+00 4.94288600e-02 2.97166100e+00 3.04430200e+00 9.56057300e-01 1.00461400e+00 2.55979000e+02 4.45299600e+01 1.06321700e+02 3.53417800e+01 3.30968800e+00 7.47303000e-01 3.27043500e-01 7.44412000e-01 5.54308200e+00 1.12249300e+00 6.68849800e-01 1.15071100e+00 1.21546000e+00 9.98923100e-01 1.00294800e+00 1.00297700e+00 9.99491900e-01 6.68487500e+01 6.81870000e-01 3.18130000e-01 1.42164500e-01 9.50352100e-02 8.07904500e-01 8.31958500e-01 4.55682400e-01 6.06751900e-01 9.88128300e-01 9.87229900e+01 2.46742400e+00 7.15179400e+00 2.09953600e+00 1.90191000e+00 1.26563600e+03 5.84186600e+03 2.56501200e+03 8.23880000e+02 2.32770100e+02 9.56057300e-01 2.44400700e-01 2.45723600e-01 2.55735200e+00 1.38662000e+01 1.08975700e+03 1.45018900e+02 1.04129000e+00 1.39268400e+01 1.05985600e+03 1.47681100e+02 1.40543100e-01 1.60504700e-01 3.41597100e+03 1.03737200e-02 8.10941300e-01 4.48143700e-01 7.21789400e+01 6.48050100e+02 8.23681500e+01 1.54394200e+03 8.91265600e+01 1.99899000e+03 9.47753000e+01 2.32523900e+03 2.35768500e+02 5.79266200e+03 4.59720100e-01 7.45896900e-01 4.76515100e-01 6.60467200e-01 4.74340100e-01 6.17792700e-01 4.68854300e-01 5.87660800e-01 2.96050200e-01 3.04927100e-01 2.98341900e+01 1.08802000e+02 3.34719800e+01 8.73787600e+00 3.95712800e+02 2.55827400e+01 1.15147600e+04 7.06977000e+02 1.30314700e-01 7.68898900e-01 6.54146600e+00 1.09358700e+01 1.19447900e+04 7.44068000e+00
8.39738800e-01 6.33611300e+03 2.20879500e-02 1.16117100e-01 1.04173100e+00 5.03739200e-02 2.74521500e+00 3.03571300e+00 9.51775800e-01 1.00527200e+00 2.77808700e+02 4.38366300e+01 1.04653500e+02 3.57832300e+01 9.50463700e-01 6.44246900e-01 2.41241100e-01 5.85510400e-01 7.41688300e+00 7.93487600e-01 5.52247400e-01 8.82932500e-01 8.03280400e-01 9.97819500e-01 9.99924500e-01 9.98091100e-01 9.97619300e-01 6.52337600e+01 6.73711700e-01 3.26288300e-01 1.38850200e-01 9.05771900e-02 8.01780500e-01 8.36172000e-01 4.57990300e-01 6.05976600e-01 9.92702900e-01 9.78621300e+01 2.47660700e+00 7.24029500e+00 2.08158100e+00 1.88208400e+00 1.26200900e+03 5.79302100e+03 2.56024600e+03 8.25983700e+02 2.34437000e+02 9.51775800e-01 2.41163400e-01 2.42474400e-01 2.53348700e+00 1.41082900e+01 1.08963500e+03 1.47223000e+02 1.04213200e+00 1.41270900e+01 1.05875000e+03 1.50017600e+02 1.38785100e-01 1.60233800e-01 3.44165400e+03 1.02899900e-02 8.05952100e-01 4.45761600e-01 7.05623400e+01 6.63506000e+02 8.07281600e+01 1.57875300e+03 8.74587900e+01 2.04275800e+03 9.30786200e+01 2.37509100e+03 2.32768200e+02 5.89457900e+03 4.61335900e-01 7.39461200e-01 4.76182000e-01 6.53921600e-01 4.73086600e-01 6.11322800e-01 4.67011200e-01 5.81292900e-01 2.92567100e-01 3.00993500e-01 3.07916700e+01 1.04848600e+02 3.14887400e+01 8.56515400e+00 3.95739000e+02 2.55465800e+01 1.15120000e+04 7.07353200e+02 2.85983700e-01 4.17245800e-01 9.23710100e+00 1.30831400e+01 1.19418500e+04 9.94033100e+00
7.91915300e-01 6.33104400e+03 2.24933400e-02 1.21978900e-01 1.04105300e+00 5.24670700e-02 3.20260600e+00 3.04314400e+00 9.75573700e-01 9.99364000e-01 2.37936900e+02 2.67962900e+01 1.03674600e+02 3.36280600e+01 1.11665900e+00 7.15754900e-01 1.06997400e-01 2.26360100e-01 9.30751500e+00 1.35372000e+00 8.11658200e-01 9.48669200e-01 8.73216900e-01 9.97369800e-01 1.00042200e+00 1.00235000e+00 9.91963200e-01 6.86248800e+01 6.91854100e-01 3.08145900e-01 1.45117400e-01 9.95866500e-02 8.15558900e-01 8.26557200e-01 4.52724000e-01 6.07637300e-01 9.84497400e-01 9.99631000e+01 2.41430100e+00 7.51495400e+00 2.09710600e+00 1.88820100e+00 1.20832600e+03 5.69736600e+03 2.53907500e+03 8.17776800e+02 2.30652600e+02 9.75573700e-01 2.47514200e-01 2.48848400e-01 2.61678100e+00 1.36289300e+01 1.09009100e+03 1.43062700e+02 1.04112200e+00 1.37412000e+01 1.06046700e+03 1.45666000e+02 1.41884100e-01 1.61135600e-01 3.38135000e+03 1.04281500e-02 8.17606900e-01 4.51546400e-01 7.39323100e+01 6.31967200e+02 8.41036100e+01 1.50799700e+03 9.08654600e+01 1.95399900e+03 9.65242500e+01 2.27417300e+03 2.38516300e+02 5.69247400e+03 4.57594300e-01 7.53955600e-01 4.76806500e-01 6.68688800e-01 4.75792200e-01 6.25932200e-01 4.71057000e-01 5.95681000e-01 3.00458500e-01 3.09920900e-01 2.66620200e+01 1.05440500e+02 3.09973400e+01 9.37552700e+00 3.95818600e+02 2.18174700e+01 1.15162400e+04 7.06660100e+02 1.15113500e-02 1.40705700e+00 3.98209500e+00 6.77871300e+00 1.19432500e+04 5.40066400e+00
1.03736100e+00 6.32742300e+03 2.23800400e-02 1.17065000e-01 1.04150400e+00 6.02895800e-02 2.92020600e+00 3.04278200e+00 9.64861500e-01 9.98200900e-01 2.36428600e+02 4.13458900e+01 1.12765800e+02 3.49964700e+01 5.20500200e+00 6.80175500e-01 7.10196900e-01 4.76022900e-01 2.14560200e+00 1.35088400e+00 8.58712000e-01 1.01649600e+00 9.31819100e-01 9.98041200e-01 1.00106000e+00 9.93980800e-01 9.81992800e-01 6.71197500e+01 6.89038200e-01 3.10961800e-01 1.40090200e-01 9.40281700e-02 8.04931500e-01 8.19505400e-01 4.48861600e-01 6.01084700e-01 9.82502800e-01 9.96763900e+01 2.43523800e+00 8.21075400e+00 2.09634900e+00 1.85821800e+00 1.22127800e+03 5.69769200e+03 2.52307000e+03 8.14985300e+02 2.31032900e+02 9.64861500e-01 2.43701000e-01 2.45021400e-01 2.54012600e+00 1.38989100e+01 1.08952500e+03 1.45828600e+02 1.04177600e+00 1.39980800e+01 1.05966600e+03 1.48505300e+02 1.39876500e-01 1.60448800e-01 3.38954300e+03 1.02575200e-02 8.15954500e-01 4.50773000e-01 7.23576000e+01 6.45925600e+02 8.23854500e+01 1.54062100e+03 8.90476600e+01 1.99582500e+03 9.46210600e+01 2.32248600e+03 2.34260200e+02 5.80555500e+03 4.53466900e-01 7.43858400e-01 4.71810400e-01 6.59435300e-01 4.70483000e-01 6.17147500e-01 4.65586900e-01 5.87245000e-01 2.96131200e-01 3.05311700e-01 2.82544400e+01 1.05516500e+02 3.12955200e+01 8.76249300e+00 3.97582400e+02 2.32235100e+01 1.15064800e+04 7.06733200e+02 2.69732300e-02 1.27934900e+00 4.29665500e+00 6.46451200e+00 1.19360500e+04 5.60297700e+00
1.06405200e+00 6.33493000e+03 2.23342900e-02 1.13574200e-01 1.04201100e+00 5.69924400e-02 2.66824600e+00 3.02971700e+00 9.57429600e-01 9.99505200e-01 2.42952700e+02 3.52605700e+01 1.14552200e+02 2.98412400e+01 1.73293400e+00 5.52792800e-01 5.40489400e-01 8.50247500e-01 4.67108800e+00 1.06726300e+00 5.46907600e-01 9.62490600e-01 8.05585300e-01 9.99098900e-01 1.00017800e+00 1.00300400e+00 9.83528300e-01 6.55084200e+01 6.81793500e-01 3.18206500e-01 1.36553700e-01 8.94541600e-02 7.93849900e-01 8.17583900e-01 4.47809200e-01 5.96232600e-01 9.80821200e-01 9.88261700e+01 2.44332400e+00 7.80487100e+00 2.06913800e+00 1.84623300e+00 1.23177800e+03 5.71687100e+03 2.53012000e+03 8.21417100e+02 2.34312200e+02 9.57429600e-01 2.40184200e-01 2.41491600e-01 2.46118700e+00 1.41487600e+01 1.08902200e+03 1.48136700e+02 1.04245000e+00 1.42104400e+01 1.05909300e+03 1.50860300e+02 1.38415200e-01 1.59719700e-01 3.42129700e+03 1.01739300e-02 8.10365300e-01 4.47893800e-01 7.07351600e+01 6.61281400e+02 8.07218700e+01 1.57545200e+03 8.73458800e+01 2.03977800e+03 9.28822600e+01 2.37267800e+03 2.31066800e+02 5.91070000e+03 4.51790100e-01 7.32921700e-01 4.68289000e-01 6.48980300e-01 4.66149100e-01 6.07049700e-01 4.60756700e-01 5.77443200e-01 2.90943400e-01 2.99640900e-01 2.34379600e+01 1.02695100e+02 2.54865200e+01 8.46479600e+00 3.96616000e+02 2.40273100e+01 1.15191700e+04 7.06980000e+02 1.13586100e-01 8.20176000e-01 6.02187400e+00 7.64626300e+00 1.19482800e+04 6.95563600e+00
7.07706800e-01 6.33172000e+03 2.22718100e-02 1.15782500e-01 1.04187800e+00 5.18425800e-02 2.85281700e+00 3.02748100e+00 9.63756200e-01 1.00022700e+00 1.94834800e+02 3.09333500e+01 8.95521300e+01 4.74394100e+01 7.27287800e+00 9.50132500e-01 4.33913000e-01 6.24136500e-01 2.18759100e+00 8.46291100e-01 1.15729700e+00 8.94467400e-01 1.26263000e+00 9.97618300e-01 1.00126200e+00 9.94535400e-01 9.95121300e-01 6.68158000e+01 6.89317700e-01 3.10682300e-01 1.38699500e-01 9.26731400e-02 7.96930900e-01 8.10995200e-01 4.44200400e-01 5.94976500e-01 9.74947200e-01 9.97771200e+01 2.41774800e+00 7.36236600e+00 2.06451700e+00 1.86118000e+00 1.22394100e+03 5.71690500e+03 2.53535100e+03 8.19898000e+02 2.32520700e+02 9.63756200e-01 2.42732400e-01 2.44049200e-01 2.53690300e+00 1.39655600e+01 1.08948100e+03 1.46604600e+02 1.04220400e+00 1.40667900e+01 1.05924600e+03 1.49331600e+02 1.39204800e-01 1.60435600e-01 3.38690300e+03 1.02022700e-02 8.16366300e-01 4.51076000e-01 7.20265400e+01 6.48873100e+02 8.20009600e+01 1.54772300e+03 8.86281100e+01 2.00507100e+03 9.41723900e+01 2.33328400e+03 2.33103400e+02 5.83336100e+03 4.48782600e-01 7.36494600e-01 4.67009800e-01 6.52940400e-01 4.65730100e-01 6.11083000e-01 4.60906100e-01 5.81483000e-01 2.93246000e-01 3.02345000e-01 2.54109700e+01 1.04540000e+02 3.02040300e+01 9.53514100e+00 3.95767600e+02 2.30109800e+01 1.15157300e+04 7.06725300e+02 2.01753300e-02 1.34256300e+00 4.06197200e+00 7.24846000e+00 1.19440400e+04 5.42471000e+00
1.11471100e+00 6.32641700e+03 2.24114700e-02 1.18013700e-01 1.04118800e+00 6.17096500e-02 3.02995600e+00 3.05619400e+00 9.69892100e-01 1.00209500e+00 2.15585500e+02 4.08896600e+01 1.19154100e+02 3.29841100e+01 5.53219600e+00 9.09117400e-01 6.32463200e-02 7.89752400e-01 2.76922400e+00 7.93044300e-01 9.12290100e-01 9.71260100e-01 1.18452000e+00 9.96437300e-01 9.99059800e-01 9.98037700e-01 9.94586600e-01 6.79913300e+01 6.94839400e-01 3.05160600e-01 1.41070300e-01 9.59155700e-02 8.11343900e-01 8.18292500e-01 4.48197300e-01 6.03027500e-01 9.83961700e-01 1.00390700e+02 2.43241100e+00 8.37249800e+00 2.12465300e+00 1.87796600e+00 1.22337300e+03 5.73964400e+03 2.54298700e+03 8.20131100e+02 2.31990000e+02 9.69892100e-01 2.45196900e-01 2.46522700e-01 2.57225600e+00 1.37936500e+01 1.08967800e+03 1.44995700e+02 1.04137700e+00 1.39234600e+01 1.05989500e+03 1.47652300e+02 1.40367100e-01 1.60745000e-01 3.36296100e+03 1.02530800e-02 8.20683400e-01 4.53211700e-01 7.31995200e+01 6.38078600e+02 8.31911800e+01 1.52329900e+03 8.98381500e+01 1.97429700e+03 9.54029400e+01 2.29818400e+03 2.35261900e+02 5.76091700e+03 4.53307400e-01 7.50361000e-01 4.73092700e-01 6.65834600e-01 4.72439200e-01 6.23400000e-01 4.67971400e-01 5.93357900e-01 2.99434300e-01 3.08984500e-01 2.71180400e+01 1.06127700e+02 3.15112000e+01 8.75499500e+00 3.97963600e+02 2.25483800e+01 1.15049400e+04 7.06596800e+02 3.75188900e-04 1.67729600e+00 3.53522500e+00 6.81410100e+00 1.19342100e+04 5.21289600e+00
2.87708200e-01 6.33189000e+03 2.22349500e-02 1.17320900e-01 1.04122100e+00 4.60061300e-02 2.94881500e+00 3.01476000e+00 9.63462200e-01 9.99131500e-01 2.28987500e+02 2.11898300e+01 9.84346300e+01 4.25924700e+01 2.74036000e+00 4.24741200e-01 8.82473200e-01 1.67793500e-01 9.16184100e+00 1.09294600e+00 1.15377100e+00 7.51763500e-01 5.46529100e-01 9.96347000e-01 9.99049600e-01 9.90641600e-01 9.88066500e-01 6.71527100e+01 6.89097500e-01 3.10902500e-01 1.40201000e-01 9.41488000e-02 7.93687000e-01 8.07980200e-01 4.42549000e-01 5.92659600e-01 9.68539900e-01 9.96901800e+01 2.40340100e+00 6.78863500e+00 2.03842000e+00 1.85923100e+00 1.22043100e+03 5.69729600e+03 2.52151100e+03 8.12578200e+02 2.29466300e+02 9.63462200e-01 2.44029500e-01 2.45351000e-01 2.57732900e+00 1.38931400e+01 1.08975800e+03 1.45726700e+02 1.04147900e+00 1.39922800e+01 1.05936100e+03 1.48452900e+02 1.39710700e-01 1.60705900e-01 3.37903400e+03 1.02456900e-02 8.17236200e-01 4.51544200e-01 7.23887800e+01 6.45645500e+02 8.24203000e+01 1.53995900e+03 8.90849900e+01 1.99497200e+03 9.46604900e+01 2.32149600e+03 2.34354000e+02 5.80314900e+03 4.47114600e-01 7.33469400e-01 4.65207000e-01 6.50228000e-01 4.63900900e-01 6.08531600e-01 4.59075100e-01 5.79047200e-01 2.91995500e-01 3.01051300e-01 2.72450600e+01 1.07499700e+02 3.01848600e+01 1.13291300e+01 3.95969300e+02 2.29227100e+01 1.15076800e+04 7.06731500e+02 2.63828000e-02 1.27934900e+00 4.27676900e+00 1.35654200e+01 1.19379000e+04 5.58250000e+00
4.05008700e-01 6.33190900e+03 2.23840500e-02 1.16902400e-01 1.04142300e+00 5.05705800e-02 2.98786400e+00 3.02603400e+00 9.67903500e-01 9.98703200e-01 1.92867300e+02 3.88248900e+01 1.29021500e+02 2.85578500e+01 7.46213500e+00 8.30485200e-01 7.95507900e-01 9.50477500e-01 2.79930900e+00 1.02917200e+00 9.28433900e-01 9.61611300e-01 7.85430400e-01 9.97746500e-01 1.00035400e+00 9.92536700e-01 9.95405100e-01 6.79510500e+01 6.96943500e-01 3.03056500e-01 1.39931600e-01 9.50850100e-02 7.96413600e-01 8.00460300e-01 4.38430200e-01 5.90907600e-01 9.66141200e-01 1.00701900e+02 2.39569400e+00 7.24029500e+00 2.06153200e+00 1.86322400e+00 1.21702500e+03 5.71885700e+03 2.52890000e+03 8.15802600e+02 2.30539400e+02 9.67903500e-01 2.44620000e-01 2.45943700e-01 2.56277100e+00 1.38284900e+01 1.08957600e+03 1.45522100e+02 1.04164800e+00 1.39703800e+01 1.05970400e+03 1.48197700e+02 1.39940200e-01 1.60693900e-01 3.35468600e+03 1.01988600e-02 8.22275600e-01 4.54067600e-01 7.31226600e+01 6.38595800e+02 8.30476700e+01 1.52504700e+03 8.96535200e+01 1.97690000e+03 9.51854000e+01 2.30149000e+03 2.34378900e+02 5.77520700e+03 4.43605000e-01 7.36763100e-01 4.63492300e-01 6.54001100e-01 4.63098800e-01 6.12417800e-01 4.58883200e-01 5.82965300e-01 2.94279900e-01 3.03759300e-01 2.62257600e+01 1.06170500e+02 3.06781600e+01 1.08155700e+01 3.95693500e+02 2.25806500e+01 1.15167500e+04 7.06561100e+02 2.05903100e-03 1.89191900e+00 3.37088900e+00 6.14862300e+00 1.19458400e+04 5.26486700e+00
3.58281000e-01 6.33224600e+03 2.24628900e-02 1.17344700e-01 1.04137600e+00 4.73995500e-02 3.02096100e+00 3.02569400e+00 9.72050700e-01 1.00104700e+00 2.03300600e+02 4.63111200e+01 1.14099700e+02 3.69844800e+01 5.96491800e+00 5.26165900e-01 9.10882400e-01 5.30633000e-01 6.96167500e-01 1.13784400e+00 1.07090300e+00 1.03277300e+00 1.08943400e+00 9.97374000e-01 1.00125400e+00 9.93461100e-01 9.94533000e-01 6.82293700e+01 6.98291500e-01 3.01708500e-01 1.40452700e-01 9.58300200e-02 7.97654900e-01 7.99922900e-01 4.38135800e-01 5.91169300e-01 9.65671300e-01 1.00858000e+02 2.38542100e+00 6.90155000e+00 2.06083000e+00 1.87443900e+00 1.21333900e+03 5.73548000e+03 2.54398900e+03 8.21887700e+02 2.32420400e+02 9.72050700e-01 2.45095600e-01 2.46421000e-01 2.55987500e+00 1.37892800e+01 1.08954800e+03 1.45176600e+02 1.04156600e+00 1.39383000e+01 1.05993300e+03 1.47822000e+02 1.40265500e-01 1.60690100e-01 3.35222500e+03 1.02141700e-02 8.22932000e-01 4.54349600e-01 7.33998900e+01 6.36086500e+02 8.33265200e+01 1.51938100e+03 8.99355100e+01 1.96977000e+03 9.54710000e+01 2.29336600e+03 2.34859200e+02 5.75865700e+03 4.43417100e-01 7.38044900e-01 4.63631100e-01 6.55286500e-01 4.63395000e-01 6.13683100e-01 4.59281200e-01 5.84207900e-01 2.94956700e-01 3.04522700e-01 3.00738200e+01 1.06973700e+02 2.88614400e+01 1.10797100e+01 3.95888900e+02 2.18729400e+01 1.15204100e+04 7.06542200e+02 5.92199200e-03 1.96545900e+00 3.36245700e+00 3.36268200e+00 1.19492500e+04 5.33383800e+00
6.23068400e-01 6.33266000e+03 2.23809100e-02 1.20271800e-01 1.04064700e+00 5.00753100e-02 3.13728100e+00 3.03745400e+00 9.67353500e-01 1.00290700e+00 2.37633600e+02 4.27000300e+01 1.03157900e+02 4.00800600e+01 2.24688000e+00 6.59562400e-01 5.17862900e-01 4.99543100e-01 9.01123300e+00 6.71010800e-01 8.86401300e-01 9.81410100e-01 1.01189700e+00 9.95973100e-01 1.00155200e+00 9.87272500e-01 9.95758400e-01 6.82366900e+01 6.92246000e-01 3.07754000e-01 1.43297900e-01 9.77817300e-02 8.07049300e-01 8.17412600e-01 4.47715300e-01 6.01105900e-01 9.76992200e-01 1.00002700e+02 2.41995600e+00 7.25555400e+00 2.08520800e+00 1.88649000e+00 1.22895600e+03 5.75006900e+03 2.53915200e+03 8.15177700e+02 2.29445200e+02 9.67353500e-01 2.46613500e-01 2.47944400e-01 2.61499300e+00 1.37115600e+01 1.09001800e+03 1.43900000e+02 1.04076800e+00 1.38263300e+01 1.06004700e+03 1.46552700e+02 1.41096100e-01 1.61037900e-01 3.36768400e+03 1.03413300e-02 8.19395500e-01 4.52552400e-01 7.35053800e+01 6.35611100e+02 8.36081300e+01 1.51678100e+03 9.03249700e+01 1.96543900e+03 9.59463700e+01 2.28753500e+03 2.37028300e+02 5.72694600e+03 4.52589500e-01 7.46127200e-01 4.71686000e-01 6.61788400e-01 4.70726800e-01 6.19491100e-01 4.66071400e-01 5.89562400e-01 2.97398700e-01 3.06775400e-01 3.38582500e+01 1.11684800e+02 3.69390000e+01 9.86425700e+00 3.95695900e+02 2.27599200e+01 1.15144100e+04 7.06650900e+02 1.00257200e-02 1.40705700e+00 3.95061000e+00 1.05713200e+01 1.19427300e+04 5.36769300e+00
7.72277900e-01 6.33481900e+03 2.25667300e-02 1.23716800e-01 1.04066500e+00 4.72963900e-02 3.27936400e+00 3.03967900e+00 9.73885200e-01 1.00047600e+00 2.55401500e+02 3.66027700e+01 1.09177600e+02 3.23036300e+01 4.06998400e+00 7.57643100e-01 1.01027100e-01 8.56608300e-01 8.07346000e+00 9.55308400e-01 8.59783600e-01 1.10936700e+00 1.38320600e+00 9.98284200e-01 1.00296200e+00 1.00060100e+00 9.85112000e-01 6.88372800e+01 6.89930500e-01 3.10069500e-01 1.46928700e-01 1.01141700e-01 8.16379400e-01 8.29967200e-01 4.54591800e-01 6.09195700e-01 9.83966200e-01 9.96550600e+01 2.41753400e+00 6.99005100e+00 2.08985200e+00 1.90122900e+00 1.21796000e+03 5.73101700e+03 2.54541900e+03 8.17642600e+02 2.30094400e+02 9.73885200e-01 2.48541500e-01 2.49879400e-01 2.62968800e+00 1.35633600e+01 1.09022000e+03 1.42205700e+02 1.04067800e+00 1.36647200e+01 1.06084800e+03 1.44769000e+02 1.42614600e-01 1.61207400e-01 3.38953700e+03 1.05060100e-02 8.16090100e-01 4.50693000e-01 7.41909000e+01 6.29903200e+02 8.44498800e+01 1.50261000e+03 9.12669900e+01 1.94671500e+03 9.69706000e+01 2.26544700e+03 2.39937800e+02 5.66530800e+03 4.59316600e-01 7.54517100e-01 4.78106100e-01 6.68969700e-01 4.76858000e-01 6.26104900e-01 4.71959400e-01 5.95789200e-01 3.00423300e-01 3.09803700e-01 2.89455500e+01 1.08713300e+02 3.16789900e+01 9.37720900e+00 3.95901900e+02 2.21843200e+01 1.15187900e+04 7.06708600e+02 2.96529700e-02 1.21731700e+00 4.52174500e+00 1.09051500e+01 1.19462500e+04 5.76871500e+00
6.98026400e-01 6.33078900e+03 2.23941300e-02 1.15429500e-01 1.04186200e+00 4.95242700e-02 2.82221800e+00 3.02517500e+00 9.64758800e-01 1.00191900e+00 2.51317100e+02 2.46510800e+01 1.22002500e+02 3.16007900e+01 5.83482400e+00 8.02169900e-01 3.43740600e-01 3.51554100e-01 1.99069000e+00 1.23360100e+00 1.01714700e+00 9.85849700e-01 1.04314900e+00 9.99432800e-01 9.99457300e-01 9.94518200e-01 9.90645800e-01 6.66729700e+01 6.88504300e-01 3.11495700e-01 1.38468700e-01 9.23212200e-02 7.95467200e-01 8.10564700e-01 4.43964600e-01 5.94272100e-01 9.74198300e-01 9.96435000e+01 2.41404600e+00 7.08770800e+00 2.05976000e+00 1.86552200e+00 1.22418300e+03 5.73577000e+03 2.54544500e+03 8.25150200e+02 2.34565600e+02 9.64758800e-01 2.42362200e-01 2.43677700e-01 2.50369300e+00 1.39855400e+01 1.08926900e+03 1.46763600e+02 1.04218100e+00 1.40823600e+01 1.05947500e+03 1.49451100e+02 1.39294600e-01 1.60154900e-01 3.39556500e+03 1.02067700e-02 8.15104800e-01 4.50324800e-01 7.18822900e+01 6.50237500e+02 8.18586700e+01 1.55077000e+03 8.84858300e+01 2.00888300e+03 9.40295300e+01 2.33760900e+03 2.32883100e+02 5.84180000e+03 4.48497300e-01 7.35059600e-01 4.66504500e-01 6.51577800e-01 4.65129100e-01 6.09770400e-01 4.60247300e-01 5.80210900e-01 2.92573900e-01 3.01614000e-01 2.21818900e+01 1.05660900e+02 2.78609900e+01 9.53954600e+00 3.95679800e+02 2.26753400e+01 1.15185500e+04 7.06748500e+02 2.92676100e-02 1.21731700e+00 4.31052500e+00 2.83108200e+00 1.19464400e+04 5.55711000e+00
7.00120800e-01 6.33195800e+03 2.23987500e-02 1.14835000e-01 1.04194100e+00 4.96693700e-02 2.79823200e+00 3.02768400e+00 9.63212300e-01 1.00408400e+00 2.18094400e+02 4.04183200e+01 1.01097200e+02 4.35738900e+01 5.34657500e+00 7.43959600e-01 8.96307400e-01 9.64215600e-01 2.82981300e+00 1.06384200e+00 7.68226900e-01 9.66229100e-01 8.96175800e-01 9.98439000e-01 1.00232000e+00 9.99024800e-01 9.84155100e-01 6.66326900e+01 6.89455900e-01 3.10544100e-01 1.37878900e-01 9.18724500e-02 7.94665500e-01 8.08509900e-01 4.42839100e-01 5.93219100e-01 9.73510600e-01 9.97732200e+01 2.41821500e+00 7.08770800e+00 2.06493600e+00 1.86966700e+00 1.23202500e+03 5.76619900e+03 2.55355500e+03 8.27651000e+02 2.35347200e+02 9.63212300e-01 2.42032100e-01 2.43346300e-01 2.49457400e+00 1.40059200e+01 1.08918500e+03 1.47047300e+02 1.04228600e+00 1.41081500e+01 1.05943700e+03 1.49736100e+02 1.39096300e-01 1.60090000e-01 3.39229400e+03 1.01800000e-02 8.15754100e-01 4.50661800e-01 7.18246600e+01 6.50688400e+02 8.17681300e+01 1.55208100e+03 8.83748900e+01 2.01073600e+03 9.39021900e+01 2.33989100e+03 2.32416200e+02 5.85020600e+03 4.47438600e-01 7.34413000e-01 4.65640500e-01 6.51108400e-01 4.64378200e-01 6.09374100e-01 4.59577400e-01 5.79860400e-01 2.92438300e-01 3.01513700e-01 2.55304200e+01 1.08053300e+02 3.05659300e+01 9.56053300e+00 3.95692900e+02 2.28854400e+01 1.15162000e+04 7.06721500e+02 2.07352000e-02 1.34256300e+00 4.09952800e+00 7.39067200e+00 1.19443400e+04 5.46282600e+00
1.13830500e+00 6.32771300e+03 2.23296900e-02 1.17875200e-01 1.04098600e+00 5.26977400e-02 2.97787500e+00 3.04337900e+00 9.62614200e-01 1.00421400e+00 2.58385700e+02 3.13074200e+01 1.06357100e+02 3.82179000e+01 3.76943600e+00 4.70600300e-01 8.33405600e-01 2.43982000e-01 6.88547100e+00 8.05886800e-01 8.82689700e-01 1.00622200e+00 8.95559500e-01 9.97916200e-01 1.00108200e+00 9.96452200e-01 9.94375600e-01 6.72955300e+01 6.88982700e-01 3.11017300e-01 1.40850100e-01 9.47858100e-02 8.05238700e-01 8.19891400e-01 4.49073000e-01 6.01341000e-01 9.81593200e-01 9.96302800e+01 2.44012700e+00 7.48443600e+00 2.09759900e+00 1.88777300e+00 1.24338500e+03 5.79114300e+03 2.55456100e+03 8.22251100e+02 2.32354900e+02 9.62614200e-01 2.44462900e-01 2.45786000e-01 2.56946900e+00 1.38618900e+01 1.08971700e+03 1.45358800e+02 1.04122400e+00 1.39603700e+01 1.05962800e+03 1.48048900e+02 1.40093500e-01 1.60633000e-01 3.38138400e+03 1.02730500e-02 8.16921900e-01 4.51304500e-01 7.25480100e+01 6.44234300e+02 8.26037100e+01 1.53657400e+03 8.92843500e+01 1.99057300e+03 9.48731200e+01 2.31636700e+03 2.34893300e+02 5.79010200e+03 4.53670500e-01 7.44136000e-01 4.72007400e-01 6.59674400e-01 4.70672500e-01 6.17368200e-01 4.65769800e-01 5.87453000e-01 2.96227100e-01 3.05412500e-01 2.87590000e+01 1.09881800e+02 3.13137000e+01 8.57518300e+00 3.95860000e+02 2.37016900e+01 1.15077000e+04 7.06734700e+02 3.04111500e-02 1.21731700e+00 4.42310800e+00 7.18720200e+00 1.19358300e+04 5.67083700e+00
9.97113600e-01 6.32889000e+03 2.21870900e-02 1.13702600e-01 1.04201900e+00 5.37427500e-02 2.71983600e+00 3.03161500e+00 9.55215800e-01 1.00338500e+00 2.46995900e+02 4.90205400e+01 9.94315900e+01 3.87031600e+01 2.20519400e+00 5.88864200e-01 6.46573100e-01 7.03433400e-01 3.19516500e+00 9.06428000e-01 8.74823700e-01 1.10140300e+00 1.10433300e+00 9.96038800e-01 1.00235800e+00 9.91890200e-01 9.89384500e-01 6.59625200e+01 6.86202800e-01 3.13797200e-01 1.36534900e-01 9.00618600e-02 7.93478600e-01 8.11519900e-01 4.44487700e-01 5.93878400e-01 9.76982100e-01 9.94164700e+01 2.44310500e+00 7.52105700e+00 2.07306900e+00 1.86180100e+00 1.24791800e+03 5.77567500e+03 2.54567100e+03 8.22880200e+02 2.33732800e+02 9.55215800e-01 2.40847700e-01 2.42157500e-01 2.50621400e+00 1.41067000e+01 1.08926700e+03 1.47941600e+02 1.04244200e+00 1.41918200e+01 1.05878800e+03 1.50716600e+02 1.38248100e-01 1.60122500e-01 3.39604100e+03 1.01356200e-02 8.14495300e-01 4.50162000e-01 7.11552700e+01 6.57050300e+02 8.10890100e+01 1.56645500e+03 8.76844500e+01 2.02883600e+03 9.32000000e+01 2.36052600e+03 2.31182100e+02 5.89266400e+03 4.48823300e-01 7.33003200e-01 4.66286600e-01 6.49515900e-01 4.64653300e-01 6.07742100e-01 4.59606000e-01 5.78220000e-01 2.91498500e-01 3.00399300e-01 3.03510300e+01 1.05756400e+02 3.09872200e+01 8.75503000e+00 3.96007700e+02 2.45860400e+01 1.15062100e+04 7.06819800e+02 4.64692100e-02 1.15641700e+00 4.60977300e+00 9.58878000e+00 1.19355600e+04 5.81266000e+00
8.48995500e-01 6.33277000e+03 2.21549800e-02 1.12123400e-01 1.04174300e+00 4.96341100e-02 2.62453700e+00 3.01551300e+00 9.51635000e-01 1.00048500e+00 2.18750500e+02 1.65343100e+01 8.76621700e+01 3.68885200e+01 1.35834000e+00 5.46156400e-01 4.52892200e-01 1.88274000e-01 8.26205100e+00 9.66978800e-01 9.97694900e-01 1.01706900e+00 9.67954600e-01 9.97617500e-01 1.00214500e+00 9.87205300e-01 9.84195000e-01 6.52777100e+01 6.83365800e-01 3.16634200e-01 1.34923500e-01 8.80749800e-02 7.83466400e-01 8.04893900e-01 4.40858600e-01 5.87705600e-01 9.69701200e-01 9.90413700e+01 2.43301700e+00 7.07244900e+00 2.03995500e+00 1.84717900e+00 1.24688600e+03 5.76215400e+03 2.53541800e+03 8.20760800e+02 2.33452100e+02 9.51635000e-01 2.39486800e-01 2.40791500e-01 2.47864500e+00 1.42189400e+01 1.08906900e+03 1.48923100e+02 1.04222000e+00 1.42890200e+01 1.05852100e+03 1.51723100e+02 1.37586700e-01 1.59797900e-01 3.40127800e+03 1.00831100e-02 8.13167700e-01 4.49483000e-01 7.04578900e+01 6.63768800e+02 8.03667700e+01 1.58175900e+03 8.69414400e+01 2.04819100e+03 9.24376300e+01 2.38266600e+03 2.29728700e+02 5.93986200e+03 4.44945200e-01 7.23482400e-01 4.61565200e-01 6.40783100e-01 4.59627800e-01 5.99448800e-01 4.54424000e-01 5.70254200e-01 2.87388500e-01 2.96037700e-01 2.22930400e+01 1.01802300e+02 2.69360200e+01 8.97706300e+00 3.95674500e+02 2.51511000e+01 1.15185500e+04 7.06919300e+02 8.63187000e-02 9.26576500e-01 5.45383900e+00 3.79792300e+00 1.19483600e+04 6.46673400e+00
1.17886300e+00 6.33108400e+03 2.22246600e-02 1.16556900e-01 1.04186800e+00 6.16010200e-02 2.90831800e+00 3.05177000e+00 9.63389700e-01 1.00167400e+00 2.24127900e+02 3.42294900e+01 1.19941000e+02 3.66138900e+01 3.45577800e+00 8.10527900e-01 1.10712500e-01 1.06246800e-01 3.76850800e+00 1.23296500e+00 1.07054300e+00 9.15461000e-01 1.09169600e+00 9.96943400e-01 9.99874100e-01 9.90479200e-01 9.91604200e-01 6.71563700e+01 6.90848500e-01 3.09151500e-01 1.39426700e-01 9.36338900e-02 8.07725800e-01 8.19953000e-01 4.49106800e-01 6.02291600e-01 9.85644500e-01 9.99838900e+01 2.44636200e+00 8.36639400e+00 2.11527600e+00 1.87008400e+00 1.23357700e+03 5.73818800e+03 2.54004600e+03 8.19147900e+02 2.31939200e+02 9.63389700e-01 2.43473600e-01 2.44793100e-01 2.56514500e+00 1.39143500e+01 1.08966300e+03 1.46146000e+02 1.04216200e+00 1.40233400e+01 1.05924600e+03 1.48882200e+02 1.39415200e-01 1.60689700e-01 3.37889600e+03 1.02170100e-02 8.17714100e-01 4.51816200e-01 7.23654200e+01 6.45725100e+02 8.23477200e+01 1.54057900e+03 8.89823700e+01 1.99605400e+03 9.45339900e+01 2.32298600e+03 2.33760500e+02 5.81180200e+03 4.53890900e-01 7.46618500e-01 4.72698900e-01 6.62077700e-01 4.71577700e-01 6.19701700e-01 4.66808200e-01 5.89725700e-01 2.97456500e-01 3.06755400e-01 2.81376500e+01 1.09711400e+02 3.38497800e+01 8.55522600e+00 3.98166000e+02 2.35861000e+01 1.15148300e+04 7.06684700e+02 1.01329300e-02 1.47275900e+00 3.79634300e+00 5.06529200e+00 1.19451400e+04 5.27923500e+00
1.13037700e+00 6.33405700e+03 2.21752600e-02 1.18086900e-01 1.04145300e+00 6.54811900e-02 3.02069400e+00 3.06429600e+00 9.68440200e-01 1.00278200e+00 2.59448400e+02 3.75588800e+01 9.08102100e+01 4.63061200e+01 1.91712300e+00 6.21140600e-01 4.91947700e-01 1.66128700e-01 3.22549400e+00 1.02278300e+00 9.67848300e-01 9.57949200e-01 1.02768200e+00 9.95909000e-01 1.00210700e+00 1.00373700e+00 9.98376800e-01 6.77496300e+01 6.93013200e-01 3.06986800e-01 1.40907300e-01 9.54642000e-02 8.15998400e-01 8.25445700e-01 4.52115200e-01 6.07392200e-01 9.91370100e-01 1.00233400e+02 2.44854600e+00 8.79669200e+00 2.14193800e+00 1.87901700e+00 1.22694200e+03 5.72628600e+03 2.54304000e+03 8.18691400e+02 2.31247200e+02 9.68440200e-01 2.44976100e-01 2.46301100e-01 2.61380500e+00 1.38194900e+01 1.08997400e+03 1.45205000e+02 1.04167500e+00 1.39395700e+01 1.05932200e+03 1.47946700e+02 1.39916400e-01 1.61076400e-01 3.36324900e+03 1.02475700e-02 8.20175900e-01 4.53131500e-01 7.29715200e+01 6.40203200e+02 8.29797600e+01 1.52793400e+03 8.96349900e+01 1.98001700e+03 9.52054000e+01 2.30460600e+03 2.35068200e+02 5.77193000e+03 4.57097500e-01 7.54483700e-01 4.76589700e-01 6.69292400e-01 4.75716900e-01 6.26554100e-01 4.71076000e-01 5.96308200e-01 3.00852500e-01 3.10363800e-01 2.81159100e+01 1.06258800e+02 3.11442200e+01 8.69013100e+00 3.99805000e+02 2.28311000e+01 1.15171400e+04 7.06633800e+02 2.43859700e-03 1.60798500e+00 3.57914300e+00 7.81924200e+00 1.19484700e+04 5.18956700e+00
1.03458400e+00 6.33132600e+03 2.22396700e-02 1.19337600e-01 1.04046700e+00 6.40997600e-02 3.09855400e+00 3.06567600e+00 9.70839100e-01 1.00215600e+00 2.33941200e+02 2.89773100e+01 1.21906500e+02 2.47851700e+01 4.47748900e+00 6.91323400e-01 2.70774500e-01 6.26966000e-01 6.50713200e+00 9.24788300e-01 8.10528300e-01 1.21032000e+00 1.24245500e+00 9.98731400e-01 1.00171600e+00 9.96886700e-01 9.96383200e-01 6.79400600e+01 6.91882700e-01 3.08117300e-01 1.42222400e-01 9.66259800e-02 8.18031900e-01 8.29025000e-01 4.54075700e-01 6.09465700e-01 9.92446800e-01 9.99723300e+01 2.44655100e+00 8.68072500e+00 2.14489600e+00 1.88681800e+00 1.22441200e+03 5.73257400e+03 2.54600200e+03 8.18866700e+02 2.31002800e+02 9.70839100e-01 2.46043700e-01 2.47372600e-01 2.62861200e+00 1.37669700e+01 1.09007800e+03 1.44439400e+02 1.04062700e+00 1.38800300e+01 1.05962800e+03 1.47147800e+02 1.40504700e-01 1.61089900e-01 3.35954700e+03 1.02898200e-02 8.20310800e-01 4.53131300e-01 7.31906800e+01 6.38371100e+02 8.32600900e+01 1.52327700e+03 8.99541900e+01 1.97379700e+03 9.55562900e+01 2.29721400e+03 2.36125500e+02 5.75013400e+03 4.59001500e-01 7.56244100e-01 4.78274800e-01 6.70721800e-01 4.77258500e-01 6.27837100e-01 4.72509600e-01 5.97495000e-01 3.01394500e-01 3.10874900e-01 2.49966600e+01 1.07847500e+02 2.95379900e+01 8.84158700e+00 3.99136300e+02 2.26238000e+01 1.15125100e+04 7.06659400e+02 1.13244800e-02 1.40705700e+00 3.97217400e+00 7.48649500e+00 1.19431200e+04 5.39055500e+00
1.06442600e+00 6.33423800e+03 2.22165600e-02 1.15532600e-01 1.04075600e+00 5.83693300e-02 2.90589300e+00 3.04543800e+00 9.67107600e-01 1.00302100e+00 2.26530000e+02 3.77520300e+01 1.03602000e+02 4.40329900e+01 4.33405700e+00 7.36263800e-01 4.86730900e-01 7.80085600e-02 3.05913500e-01 7.54309700e-01 7.58253700e-01 8.41326900e-01 7.41335200e-01 9.96732200e-01 9.99895900e-01 1.00349500e+00 9.89237400e-01 6.71160900e+01 6.92769200e-01 3.07230800e-01 1.38394300e-01 9.28848200e-02 8.01825600e-01 8.11431200e-01 4.44439200e-01 5.96961200e-01 9.78738400e-01 1.00128300e+02 2.42437300e+00 8.03070100e+00 2.10192300e+00 1.87032800e+00 1.22495800e+03 5.74296200e+03 2.54619500e+03 8.22360700e+02 2.32869400e+02 9.67107600e-01 2.43437100e-01 2.44756400e-01 2.56583000e+00 1.39469400e+01 1.08958200e+03 1.46439000e+02 1.04104500e+00 1.40665300e+01 1.05913200e+03 1.49186700e+02 1.39107300e-01 1.60550900e-01 3.35486600e+03 1.01426900e-02 8.21177100e-01 4.53603200e-01 7.22919900e+01 6.46239700e+02 8.22137000e+01 1.54227800e+03 8.88110100e+01 1.99856500e+03 9.43327500e+01 2.32616100e+03 2.32954500e+02 5.82519200e+03 4.49337500e-01 7.41356600e-01 4.68437900e-01 6.57623100e-01 4.67551800e-01 6.15620200e-01 4.62971900e-01 5.85896300e-01 2.95607100e-01 3.04931800e-01 2.69202200e+01 1.04769100e+02 3.09214200e+01 8.80500500e+00 3.96874700e+02 2.25778300e+01 1.15180000e+04 7.06639100e+02 5.27256400e-03 1.53969800e+00 3.74578500e+00 1.02925500e+01 1.19462500e+04 5.29075600e+00
7.80842000e-01 6.33269000e+03 2.20726200e-02 1.18781700e-01 1.04101800e+00 4.91977800e-02 2.91787600e+00 3.03807800e+00 9.56547600e-01 1.00409500e+00 1.90818900e+02 3.60395200e+01 1.16054000e+02 2.98399200e+01 5.40354500e+00 6.64683300e-01 4.68362500e-01 5.39981700e-01 6.09414500e+00 8.35734000e-01 8.71522000e-01 1.08669200e+00 1.14546600e+00 9.97597000e-01 9.98705300e-01 9.91329700e-01 9.91339400e-01 6.60760500e+01 6.75909200e-01 3.24090800e-01 1.41499500e-01 9.34972600e-02 8.07219900e-01 8.39005100e-01 4.59542000e-01 6.09057800e-01 9.93047100e-01 9.80577000e+01 2.46730500e+00 7.17926000e+00 2.08651000e+00 1.89098400e+00 1.25318600e+03 5.77298200e+03 2.55504600e+03 8.21315100e+02 2.32011800e+02 9.56547600e-01 2.43541700e-01 2.44861400e-01 2.59720900e+00 1.39548600e+01 1.09006300e+03 1.45624700e+02 1.04131300e+00 1.39847200e+01 1.05905500e+03 1.48401300e+02 1.39759300e-01 1.60736800e-01 3.42489900e+03 1.03628300e-02 8.08433800e-01 4.47059000e-01 7.14407500e+01 6.55184500e+02 8.16769500e+01 1.55949100e+03 8.84575100e+01 2.01818300e+03 9.41205800e+01 2.34680000e+03 2.35042500e+02 5.83027800e+03 4.63068600e-01 7.44688900e-01 4.78512400e-01 6.58772200e-01 4.75650400e-01 6.15950400e-01 4.69704800e-01 5.85750200e-01 2.94871700e-01 3.03465500e-01 2.91197800e+01 1.07162200e+02 3.13135300e+01 8.82202300e+00 3.95732600e+02 2.48053700e+01 1.15096300e+04 7.07241700e+02 2.45399500e-01 4.95667100e-01 8.62932700e+00 9.77648100e+00 1.19389900e+04 9.37039400e+00
8.81589800e-01 6.33295200e+03 2.23819700e-02 1.19341100e-01 1.04123900e+00 5.97616000e-02 3.01130000e+00 3.06022400e+00 9.59873000e-01 1.00303000e+00 3.20444300e+02 3.92305300e+01 8.16742500e+01 4.76038800e+01 5.01796800e-01 4.47294700e-01 5.91968600e-01 3.01007200e-01 6.71487600e+00 9.02220300e-01 9.03558300e-01 1.00097500e+00 1.14713000e+00 9.98371000e-01 1.00298300e+00 9.96766800e-01 9.94605600e-01 6.72955300e+01 6.85630500e-01 3.14369500e-01 1.42368200e-01 9.58074200e-02 8.15184200e-01 8.34478800e-01 4.57062900e-01 6.10401900e-01 9.93716800e-01 9.92119100e+01 2.47393900e+00 8.21075400e+00 2.13323300e+00 1.89291000e+00 1.25390000e+03 5.79917400e+03 2.55210300e+03 8.19885700e+02 2.31659800e+02 9.59873000e-01 2.44934800e-01 2.46259700e-01 2.57125600e+00 1.38201600e+01 1.08981400e+03 1.44766600e+02 1.04144500e+00 1.39005500e+01 1.05989500e+03 1.47427200e+02 1.40655700e-01 1.60679500e-01 3.40259500e+03 1.03608500e-02 8.13485200e-01 4.49478200e-01 7.26025100e+01 6.43994500e+02 8.27532300e+01 1.53519100e+03 8.94918500e+01 1.98825200e+03 9.51267300e+01 2.31323400e+03 2.36051900e+02 5.77303500e+03 4.61434700e-01 7.52991700e-01 4.79238200e-01 6.67157400e-01 4.77489200e-01 6.24219000e-01 4.72255700e-01 5.93877700e-01 2.99326600e-01 3.08465100e-01 3.07737300e+01 1.07506400e+02 3.18823700e+01 8.98222600e+00 3.97723100e+02 2.49640100e+01 1.15151500e+04 7.06838800e+02 6.75378100e-02 1.03858200e+00 5.23266300e+00 5.90484300e+00 1.19468200e+04 6.33878300e+00
1.03058600e+00 6.33591900e+03 2.22823600e-02 1.17353900e-01 1.04113500e+00 6.89112300e-02 2.91222000e+00 3.06383800e+00 9.61414300e-01 1.00063900e+00 2.59961100e+02 3.64579700e+01 1.04502000e+02 4.17991900e+01 8.32514900e-01 5.92715600e-01 8.44887900e-01 9.22196100e-01 4.38443300e+00 7.97809500e-01 1.45025300e+00 9.20060100e-01 8.48245800e-01 9.94062200e-01 1.00091100e+00 9.94340300e-01 9.90239700e-01 6.67205800e+01 6.84876800e-01 3.15123200e-01 1.40281400e-01 9.35965400e-02 8.13723000e-01 8.33981000e-01 4.56790200e-01 6.09672600e-01 9.96200400e-01 9.91333900e+01 2.47414100e+00 9.06524700e+00 2.14095700e+00 1.86531600e+00 1.23588600e+03 5.72063400e+03 2.52841900e+03 8.15018800e+02 2.30970800e+02 9.61414300e-01 2.43551200e-01 2.44871000e-01 2.55559600e+00 1.39299600e+01 1.08966600e+03 1.45868700e+02 1.04141400e+00 1.40068000e+01 1.05943700e+03 1.48579900e+02 1.39758500e-01 1.60484400e-01 3.39789700e+03 1.02771900e-02 8.13886400e-01 4.49756700e-01 7.19932400e+01 6.49500600e+02 8.20785200e+01 1.54813000e+03 8.87725400e+01 2.00488900e+03 9.43695900e+01 2.33249100e+03 2.34292300e+02 5.81898600e+03 4.61112300e-01 7.51568400e-01 4.78713900e-01 6.65816600e-01 4.76879100e-01 6.22931800e-01 4.71594700e-01 5.92633000e-01 2.98686100e-01 3.07762700e-01 2.73444500e+01 1.08403600e+02 3.21599400e+01 8.64402200e+00 4.01885700e+02 2.41677400e+01 1.15060100e+04 7.06864700e+02 7.61854000e-02 9.81866700e-01 5.39028400e+00 1.78216300e+01 1.19407000e+04 6.44833600e+00
2.89003100e-01 6.33482800e+03 2.20893700e-02 1.18319700e-01 1.04122600e+00 6.49832300e-02 2.89120200e+00 3.06547400e+00 9.63296600e-01 1.00289200e+00 2.35326200e+02 2.52173900e+01 9.95680300e+01 3.79285200e+01 6.46429800e-01 5.72254900e-01 1.96567200e-01 2.49251200e-01 8.18919300e+00 1.07892800e+00 6.53093700e-01 8.53801700e-01 8.63383500e-01 9.97574300e-01 1.00013300e+00 9.94417700e-01 9.87911100e-01 6.60101300e+01 6.76283500e-01 3.23716500e-01 1.41054200e-01 9.31100500e-02 8.19790900e-01 8.51578800e-01 4.66428900e-01 6.18364100e-01 1.00901500e+00 9.81197100e+01 2.48716200e+00 8.75701900e+00 2.14446200e+00 1.88310600e+00 1.23569600e+03 5.71815200e+03 2.55178900e+03 8.23783500e+02 2.33715000e+02 9.63296600e-01 2.43184300e-01 2.44502700e-01 2.58465600e+00 1.39736000e+01 1.08997700e+03 1.45870200e+02 1.04153200e+00 1.40053500e+01 1.05905500e+03 1.48643400e+02 1.39625300e-01 1.60654100e-01 3.42655700e+03 1.03489400e-02 8.08326600e-01 4.46994800e-01 7.13612600e+01 6.55888500e+02 8.15772000e+01 1.56125100e+03 8.83448700e+01 2.02051600e+03 9.39974200e+01 2.34955800e+03 2.34682300e+02 5.83807200e+03 4.70062100e-01 7.56321000e-01 4.85827400e-01 6.69100200e-01 4.82962300e-01 6.25622600e-01 4.76951900e-01 5.94957800e-01 2.99525400e-01 3.08265600e-01 2.44187200e+01 1.04743400e+02 2.70997500e+01 1.08281500e+01 3.99976100e+02 2.36675100e+01 1.15113900e+04 7.07223500e+02 2.33430300e-01 5.37244800e-01 8.37116200e+00 7.43108000e+00 1.19458600e+04 9.14183700e+00
9.28946400e-01 6.33203100e+03 2.23632000e-02 1.21902200e-01 1.04018400e+00 6.51141000e-02 3.26968700e+00 3.07437000e+00 9.75187600e-01 1.00250400e+00 2.45803900e+02 5.25397500e+01 1.02282300e+02 4.79351900e+01 3.66617500e+00 6.54229800e-01 5.52025100e-01 2.64600900e-02 2.93604000e-01 1.06092200e+00 9.71454800e-01 8.11637500e-01 9.16730900e-01 9.97547200e-01 1.00022400e+00 9.90352300e-01 9.92574300e-01 6.90240500e+01 6.95842000e-01 3.04158000e-01 1.44910600e-01 1.00023100e-01 8.25735200e-01 8.31437800e-01 4.55397200e-01 6.13219000e-01 9.93895100e-01 1.00429400e+02 2.44421700e+00 8.81500200e+00 2.16362600e+00 1.89943600e+00 1.22205000e+03 5.74217800e+03 2.54797300e+03 8.17139900e+02 2.29770500e+02 9.75187600e-01 2.48340000e-01 2.49677200e-01 2.66411300e+00 1.35995500e+01 1.09031100e+03 1.42854800e+02 1.04023500e+00 1.37329300e+01 1.06023800e+03 1.45499100e+02 1.41704400e-01 1.61437100e-01 3.34697900e+03 1.03676100e-02 8.22876800e-01 4.54373800e-01 7.42969000e+01 6.28581000e+02 8.44107700e+01 1.50087000e+03 9.11406200e+01 1.94538800e+03 9.67755500e+01 2.26466300e+03 2.38477100e+02 5.67973700e+03 4.60640300e-01 7.63771700e-01 4.81004900e-01 6.77845500e-01 4.80461700e-01 6.34691100e-01 4.75998200e-01 6.04132900e-01 3.04885300e-01 3.14674100e-01 3.42796900e+01 1.07261300e+02 3.48336200e+01 9.13749600e+00 3.99531700e+02 2.22740800e+01 1.15159800e+04 7.06578900e+02 1.53179800e-04 1.67729600e+00 3.58279500e+00 5.30382900e+00 1.19469200e+04 5.26024400e+00
9.06166100e-01 6.33313400e+03 2.24277800e-02 1.23338700e-01 1.04010200e+00 6.49043600e-02 3.35254500e+00 3.07538900e+00 9.76450300e-01 1.00234900e+00 2.60878500e+02 5.28684500e+01 1.05658700e+02 4.42679100e+01 7.13607200e-01 6.88232400e-01 4.00541300e-01 9.48330800e-01 5.35890900e+00 1.20029100e+00 1.19996700e+00 8.66247100e-01 1.09536100e+00 9.95661900e-01 1.00164900e+00 9.97627900e-01 9.98936800e-01 6.95001200e+01 6.96887100e-01 3.03112900e-01 1.46411600e-01 1.01756300e-01 8.28542900e-01 8.32830500e-01 4.56160000e-01 6.14774900e-01 9.93853100e-01 1.00542800e+02 2.44263900e+00 8.81805400e+00 2.16583100e+00 1.90217100e+00 1.22011900e+03 5.73682500e+03 2.54337400e+03 8.14346700e+02 2.28590500e+02 9.76450300e-01 2.49432300e-01 2.50773400e-01 2.68036700e+00 1.35196300e+01 1.09043400e+03 1.42053300e+02 1.04008700e+00 1.36578300e+01 1.06054300e+03 1.44665700e+02 1.42344400e-01 1.61595000e-01 3.34567500e+03 1.04193700e-02 8.23291400e-01 4.54540700e-01 7.47894800e+01 6.24368400e+02 8.49425900e+01 1.49105400e+03 9.17001500e+01 1.93282500e+03 9.73590300e+01 2.25016900e+03 2.39743100e+02 5.64623200e+03 4.61509300e-01 7.66472800e-01 4.82175000e-01 6.80357200e-01 4.81753800e-01 6.37090500e-01 4.77360100e-01 6.06446300e-01 3.06084100e-01 3.15966200e-01 3.48488800e+01 1.11072200e+02 3.62185800e+01 9.20405100e+00 3.99418900e+02 2.21453600e+01 1.15136900e+04 7.06562000e+02 9.38756100e-05 1.74777200e+00 3.53615500e+00 9.96114400e+00 1.19444600e+04 5.28402100e+00
7.02904200e-01 6.32952500e+03 2.24058500e-02 1.20391300e-01 1.04029300e+00 6.07129600e-02 3.06207200e+00 3.05968400e+00 9.64491200e-01 1.00162800e+00 2.60014800e+02 4.67425800e+01 1.17848200e+02 2.87358000e+01 1.50440700e+00 6.25015000e-01 4.16181800e-01 9.94705300e-01 6.85909600e+00 9.86236000e-01 8.21052400e-01 1.03488100e+00 9.55605600e-01 9.98111800e-01 1.00030700e+00 9.98672000e-01 9.86996500e-01 6.72222900e+01 6.82568100e-01 3.17431900e-01 1.43442300e-01 9.64251900e-02 8.17385300e-01 8.40797700e-01 4.60523900e-01 6.13535200e-01 9.96942700e-01 9.87289300e+01 2.46786800e+00 8.32061800e+00 2.13208100e+00 1.88829200e+00 1.23725500e+03 5.75014900e+03 2.54253300e+03 8.17703500e+02 2.31082200e+02 9.64491200e-01 2.45624400e-01 2.46951700e-01 2.58437100e+00 1.37974600e+01 1.08992300e+03 1.44223300e+02 1.04046500e+00 1.38614300e+01 1.06004700e+03 1.46869300e+02 1.41068100e-01 1.60661900e-01 3.40506700e+03 1.04038100e-02 8.12412100e-01 4.48879000e-01 7.25732200e+01 6.44477000e+02 8.27994000e+01 1.53560300e+03 8.95834400e+01 1.98830500e+03 9.52541100e+01 2.31290300e+03 2.36847800e+02 5.76387500e+03 4.64646000e-01 7.54720300e-01 4.81800600e-01 6.68356100e-01 4.79684400e-01 6.25203000e-01 4.74191300e-01 5.94728900e-01 2.99630500e-01 3.08650000e-01 3.10206600e+01 1.06587100e+02 3.19630900e+01 9.32436600e+00 3.97977500e+02 2.37732700e+01 1.15108000e+04 7.06949700e+02 1.29986900e-01 7.68898900e-01 6.67371900e+00 2.65730500e+00 1.19418700e+04 7.57260400e+00
6.52259800e-01 6.33588000e+03 2.24008000e-02 1.16708500e-01 1.04148400e+00 7.10726300e-02 2.89143000e+00 3.08027600e+00 9.59836000e-01 1.00517700e+00 2.23380200e+02 3.40310400e+01 1.23969800e+02 3.05990400e+01 5.69690600e+00 7.39699300e-01 1.72187500e-01 1.56343100e-02 2.14725500e+00 6.20896100e-01 8.19579600e-01 1.00220600e+00 9.49468900e-01 9.96204100e-01 1.00052700e+00 9.94510400e-01 9.89407300e-01 6.69183300e+01 6.87913300e-01 3.12086700e-01 1.39754400e-01 9.35213300e-02 8.18152200e-01 8.34470700e-01 4.57058500e-01 6.11509100e-01 1.00014200e+00 9.95262100e+01 2.49322800e+00 9.22088600e+00 2.17644100e+00 1.88805200e+00 1.25846900e+03 5.81981000e+03 2.56112600e+03 8.25633400e+02 2.34330200e+02 9.59836000e-01 2.43316600e-01 2.44635500e-01 2.52639200e+00 1.39269300e+01 1.08944100e+03 1.46055400e+02 1.04176200e+00 1.40200400e+01 1.05966600e+03 1.48727900e+02 1.39773500e-01 1.60315600e-01 3.39472200e+03 1.02529900e-02 8.15037100e-01 4.50277200e-01 7.21552600e+01 6.47821700e+02 8.21851700e+01 1.54486200e+03 8.88469800e+01 2.00113400e+03 9.44192300e+01 2.32851300e+03 2.33943400e+02 5.81739000e+03 4.61672400e-01 7.55960200e-01 4.80054800e-01 6.70036800e-01 4.78568000e-01 6.27016700e-01 4.73497800e-01 5.96603500e-01 3.00808600e-01 3.10079900e-01 2.75520500e+01 1.06061700e+02 3.07565000e+01 9.65767000e+00 4.03135300e+02 2.50775600e+01 1.15082300e+04 7.06766000e+02 3.85071500e-02 1.15641700e+00 4.57133300e+00 1.31316300e+01 1.19461000e+04 5.76625700e+00
1.22706400e+00 6.32976800e+03 2.25094600e-02 1.16112300e-01 1.04152400e+00 7.67541700e-02 2.94788300e+00 3.08688100e+00 9.69773900e-01 1.00426700e+00 2.44772400e+02 3.77538800e+01 1.17909700e+02 3.33082600e+01 3.66543700e+00 6.57885200e-01 2.87033700e-01 5.56531800e-03 1.52025100e+00 1.19010200e+00 9.92352100e-01 1.06177800e+00 1.11318200e+00 9.98121800e-01 1.00130300e+00 9.97598400e-01 9.91655500e-01 6.78997800e+01 6.97927600e-01 3.02072400e-01 1.39266900e-01 9.45618900e-02 8.19539700e-01 8.22365500e-01 4.50428200e-01 6.07572000e-01 9.94571100e-01 1.00815900e+02 2.46399600e+00 9.70611600e+00 2.19086400e+00 1.87909000e+00 1.23368000e+03 5.77754600e+03 2.55466700e+03 8.25935900e+02 2.34621000e+02 9.69773900e-01 2.44126100e-01 2.45448000e-01 2.52660800e+00 1.38517700e+01 1.08931200e+03 1.45838800e+02 1.04175400e+00 1.39993500e+01 1.05989500e+03 1.48477500e+02 1.39897900e-01 1.60409800e-01 3.35683400e+03 1.01777500e-02 8.22276000e-01 4.53974200e-01 7.30490300e+01 6.39169600e+02 8.29384600e+01 1.52665200e+03 8.95220900e+01 1.97913400e+03 9.50360700e+01 2.30421800e+03 2.33852700e+02 5.78480300e+03 4.55849400e-01 7.58256000e-01 4.76532800e-01 6.73189400e-01 4.76244600e-01 6.30432000e-01 4.71986600e-01 6.00141600e-01 3.02997900e-01 3.12798200e-01 2.77332800e+01 1.06538300e+02 3.07132900e+01 8.61277700e+00 4.05770500e+02 2.30267300e+01 1.15040200e+04 7.06547000e+02 4.58051700e-03 1.96545900e+00 3.36270200e+00 6.22655400e+00 1.19414300e+04 5.33274200e+00
7.36014600e-01 6.33890800e+03 2.25128300e-02 1.19556000e-01 1.04135900e+00 7.08433000e-02 3.08471200e+00 3.08395800e+00 9.72099100e-01 1.00442400e+00 2.40352300e+02 4.61915300e+01 1.27375800e+02 2.91427900e+01 2.18532700e+00 4.98827500e-01 7.14920800e-01 2.78896700e-01 1.05719600e+00 1.36171700e+00 1.21023000e+00 1.26784100e+00 1.25246400e+00 9.96804000e-01 1.00403900e+00 9.94628200e-01 9.87482700e-01 6.82257100e+01 6.93401200e-01 3.06598800e-01 1.42714000e-01 9.73676200e-02 8.26769400e-01 8.35812700e-01 4.57793500e-01 6.15215100e-01 1.00094500e+00 1.00192800e+02 2.46667900e+00 9.25445600e+00 2.18446900e+00 1.89588600e+00 1.23125000e+03 5.76784300e+03 2.55968500e+03 8.25503500e+02 2.33820900e+02 9.72099100e-01 2.45965500e-01 2.47294100e-01 2.57291100e+00 1.37281600e+01 1.08974100e+03 1.44243800e+02 1.04150000e+00 1.38496200e+01 1.06027600e+03 1.46854900e+02 1.41076200e-01 1.60789700e-01 3.37744900e+03 1.03350900e-02 8.18511400e-01 4.52008100e-01 7.34755900e+01 6.35784800e+02 8.35432200e+01 1.51747700e+03 9.02385100e+01 1.96652400e+03 9.58427100e+01 2.28894800e+03 2.36581800e+02 5.73373800e+03 4.62877100e-01 7.64478300e-01 4.82708000e-01 6.78197200e-01 4.81866900e-01 6.34906000e-01 4.77194500e-01 6.04266700e-01 3.04870300e-01 3.14531700e-01 2.92107600e+01 1.10510900e+02 3.04309600e+01 9.55656800e+00 4.02418000e+02 2.27064500e+01 1.15105600e+04 7.06625400e+02 3.61150400e-03 1.53969800e+00 3.70252200e+00 2.07081700e+01 1.19452400e+04 5.24583200e+00
9.74507100e-01 6.33090200e+03 2.24720600e-02 1.19594400e-01 1.04095300e+00 5.54550400e-02 3.05928700e+00 3.05454600e+00 9.71338600e-01 1.00663400e+00 2.54386600e+02 3.27099800e+01 1.02775800e+02 3.68301100e+01 4.39806700e+00 7.28851500e-01 5.16974400e-01 8.54010200e-01 5.20386100e+00 9.68637800e-01 1.18911600e+00 1.02153600e+00 1.17661200e+00 9.97293400e-01 1.00118500e+00 9.95973300e-01 9.92106100e-01 6.77459700e+01 6.89048600e-01 3.10951400e-01 1.42711600e-01 9.66813900e-02 8.15171000e-01 8.29916400e-01 4.54563900e-01 6.08726000e-01 9.90391700e-01 9.95986100e+01 2.43829400e+00 7.77130100e+00 2.12115600e+00 1.89847500e+00 1.22748800e+03 5.76799800e+03 2.56495800e+03 8.27956100e+02 2.34407300e+02 9.71338600e-01 2.45611900e-01 2.46939300e-01 2.57142000e+00 1.37706600e+01 1.08976800e+03 1.44391800e+02 1.04112100e+00 1.38688800e+01 1.06016200e+03 1.47017800e+02 1.40970000e-01 1.60687300e-01 3.38890400e+03 1.03525100e-02 8.15999000e-01 4.50717700e-01 7.30313800e+01 6.39966400e+02 8.31526400e+01 1.52640800e+03 8.98769100e+01 1.97741200e+03 9.55022300e+01 2.30105900e+03 2.36442100e+02 5.75198800e+03 4.59220400e-01 7.53318400e-01 4.77793500e-01 6.67818000e-01 4.76447600e-01 6.24990800e-01 4.71488200e-01 5.94706900e-01 2.99874300e-01 3.09182000e-01 2.59333900e+01 1.05731900e+02 2.90534500e+01 8.88778100e+00 3.96186600e+02 2.20654900e+01 1.15101800e+04 7.06732900e+02 3.31190400e-02 1.21731700e+00 4.53545700e+00 1.19652400e+01 1.19373200e+04 5.78589300e+00
8.22720300e-01 6.33384000e+03 2.25848300e-02 1.22197800e-01 1.04035600e+00 5.96340800e-02 3.22068300e+00 3.06324000e+00 9.78049400e-01 1.00376600e+00 1.86086200e+02 3.53565400e+01 1.04266500e+02 3.81307700e+01 6.24538800e+00 4.46919000e-01 6.98364900e-01 2.23995300e-02 1.44915200e+00 8.70307800e-01 7.84333600e-01 1.11675300e+00 1.21188800e+00 9.96823500e-01 1.00197500e+00 9.94080800e-01 9.88486400e-01 6.85992400e+01 6.90964200e-01 3.09035800e-01 1.45427800e-01 9.97623700e-02 8.23748800e-01 8.36062200e-01 4.57930100e-01 6.14181900e-01 9.94569500e-01 9.97565700e+01 2.43417900e+00 8.22296100e+00 2.13967600e+00 1.89911200e+00 1.21145100e+03 5.72465900e+03 2.55295400e+03 8.23041500e+02 2.32526200e+02 9.78049400e-01 2.47784800e-01 2.49120000e-01 2.60646500e+00 1.36228800e+01 1.09000900e+03 1.42851900e+02 1.04041500e+00 1.37302900e+01 1.06073400e+03 1.45419300e+02 1.42146200e-01 1.60966300e-01 3.38058000e+03 1.04381600e-02 8.17472200e-01 4.51391600e-01 7.39205900e+01 6.32130300e+02 8.41137600e+01 1.50817700e+03 9.08887700e+01 1.95409400e+03 9.65579500e+01 2.27417000e+03 2.38743200e+02 5.69004700e+03 4.62768800e-01 7.61437500e-01 4.81973400e-01 6.75226100e-01 4.80843000e-01 6.32010700e-01 4.75988100e-01 6.01440400e-01 3.03327000e-01 3.12840100e-01 2.84680400e+01 1.06060000e+02 2.85668100e+01 9.27749800e+00 3.97204900e+02 2.14332500e+01 1.15177400e+04 7.06681800e+02 2.27660600e-02 1.27934900e+00 4.38490900e+00 9.65105400e+00 1.19456600e+04 5.68702400e+00
6.71655400e-01 6.33729200e+03 2.26441800e-02 1.25649000e-01 1.03964400e+00 4.77697700e-02 3.37362800e+00 3.04091300e+00 9.75827500e-01 1.00015100e+00 2.33601200e+02 1.96994800e+01 8.33955400e+01 4.58083200e+01 4.10079900e+00 6.26159600e-01 5.61450700e-01 1.04356600e-01 9.25547000e+00 9.39739600e-01 9.74950300e-01 9.09235400e-01 1.01507200e+00 9.98294300e-01 1.00201400e+00 9.90935000e-01 9.95106400e-01 6.89654500e+01 6.86856500e-01 3.13143500e-01 1.48938400e-01 1.02716000e-01 8.19725500e-01 8.37489800e-01 4.58712100e-01 6.13203100e-01 9.87080700e-01 9.91411800e+01 2.41997400e+00 7.06024200e+00 2.09243500e+00 1.90177700e+00 1.21159100e+03 5.70903100e+03 2.53610200e+03 8.13538700e+02 2.28604600e+02 9.75827500e-01 2.49786400e-01 2.51128800e-01 2.64738900e+00 1.35003200e+01 1.09037600e+03 1.41230600e+02 1.03959700e+00 1.35851300e+01 1.06123000e+03 1.43754800e+02 1.43427200e-01 1.61233200e-01 3.39445600e+03 1.05856000e-02 8.14699300e-01 4.49887900e-01 7.43836900e+01 6.28486600e+02 8.47507500e+01 1.49851100e+03 9.16349000e+01 1.94093600e+03 9.73923700e+01 2.25833800e+03 2.41476600e+02 5.63931100e+03 4.63172400e-01 7.57302900e-01 4.81345500e-01 6.71102800e-01 4.79728700e-01 6.27961600e-01 4.74562800e-01 5.97469400e-01 3.01137800e-01 3.10412200e-01 2.77028400e+01 1.07087200e+02 3.27339500e+01 9.56632800e+00 3.95856600e+02 2.18523100e+01 1.15269100e+04 7.06798700e+02 7.75812800e-02 9.81866700e-01 5.78346200e+00 6.76154500e+00 1.19541800e+04 6.84291000e+00
6.32433400e-01 6.33343600e+03 2.26602600e-02 1.24077900e-01 1.04064200e+00 5.74099200e-02 3.25535600e+00 3.05645800e+00 9.75524900e-01 1.00003700e+00 2.12489500e+02 2.92765600e+01 9.30688400e+01 4.75666900e+01 8.96651200e+00 6.86180700e-01 7.10639900e-01 2.53107600e-01 1.30366600e+00 1.29588000e+00 9.64247600e-01 8.85007500e-01 1.10220600e+00 9.98311900e-01 9.99335100e-01 9.98577500e-01 9.86540900e-01 6.85076900e+01 6.85971100e-01 3.14028900e-01 1.47383300e-01 1.00968900e-01 8.25244400e-01 8.44319300e-01 4.62452800e-01 6.17767400e-01 9.97040800e-01 9.91271600e+01 2.44168100e+00 8.02154500e+00 2.12521500e+00 1.89468600e+00 1.21115700e+03 5.69597300e+03 2.53782400e+03 8.17212000e+02 2.30753400e+02 9.75524900e-01 2.48266000e-01 2.49602900e-01 2.60454900e+00 1.35798700e+01 1.09011000e+03 1.42162100e+02 1.04066600e+00 1.36606800e+01 1.06103900e+03 1.44694900e+02 1.42860500e-01 1.60977500e-01 3.41073600e+03 1.05551600e-02 8.12529600e-01 4.48765600e-01 7.39034700e+01 6.32634500e+02 8.42273600e+01 1.50818800e+03 9.10814500e+01 1.95333200e+03 9.68131300e+01 2.27264700e+03 2.40184000e+02 5.67262800e+03 4.66886100e-01 7.62312700e-01 4.84978300e-01 6.75445700e-01 4.83244400e-01 6.31985500e-01 4.77971300e-01 6.01273500e-01 3.03032100e-01 3.12317400e-01 2.74023500e+01 1.05218100e+02 3.02940400e+01 9.65792500e+00 3.96650900e+02 2.19371300e+01 1.15167900e+04 7.06827400e+02 7.83808300e-02 9.81866700e-01 5.65155600e+00 8.29601000e+00 1.19450400e+04 6.71180400e+00
4.86630000e-01 6.33400100e+03 2.25682900e-02 1.24021900e-01 1.04057500e+00 6.18056600e-02 3.23071300e+00 3.06136100e+00 9.72779400e-01 9.98174300e-01 2.30739900e+02 3.58684300e+01 9.91461900e+01 3.99316600e+01 4.02950400e+00 6.55231700e-01 5.15441100e-01 3.08435600e-01 5.35836000e+00 9.58814400e-01 7.50656200e-01 9.65448800e-01 9.45154000e-01 9.97139200e-01 1.00103100e+00 1.00509900e+00 9.94896800e-01 6.81414800e+01 6.82905400e-01 3.17094600e-01 1.47235300e-01 1.00328300e-01 8.27235400e-01 8.50477700e-01 4.65825800e-01 6.20763800e-01 1.00212800e+00 9.87552900e+01 2.45761000e+00 8.47625700e+00 2.13566000e+00 1.88733300e+00 1.21328500e+03 5.67539700e+03 2.52691000e+03 8.12886600e+02 2.29482300e+02 9.72779400e-01 2.47909500e-01 2.49245100e-01 2.61285500e+00 1.36155300e+01 1.09019900e+03 1.42362100e+02 1.04061600e+00 1.36805500e+01 1.06081000e+03 1.44926800e+02 1.42632600e-01 1.61000600e-01 3.41829800e+03 1.05615200e-02 8.10860800e-01 4.47960100e-01 7.35588700e+01 6.35818000e+02 8.39153800e+01 1.51504800e+03 9.07863800e+01 1.96174100e+03 9.65299700e+01 2.28204300e+03 2.39968700e+02 5.68784200e+03 4.70012500e-01 7.63844200e-01 4.87444000e-01 6.76466600e-01 4.85339200e-01 6.32802000e-01 4.79804900e-01 6.01964600e-01 3.03262500e-01 3.12419400e-01 2.88887900e+01 1.06066800e+02 3.15738100e+01 1.00727400e+01 3.98262200e+02 2.24735500e+01 1.15174600e+04 7.06936800e+02 1.26603100e-01 7.68898900e-01 6.63309500e+00 5.26748000e+00 1.19482700e+04 7.52859700e+00
7.61944500e-01 6.33148200e+03 2.23833800e-02 1.24448600e-01 1.03987800e+00 5.76307000e-02 3.36721900e+00 3.05669100e+00 9.76797500e-01 9.99735100e-01 2.34301600e+02 4.18736100e+01 9.45239500e+01 4.21171100e+01 2.19358100e+00 7.10530100e-01 4.56779600e-01 5.93211900e-01 7.98046600e+00 1.12130100e+00 8.19796000e-01 8.68197400e-01 8.19449000e-01 9.97564500e-01 1.00197300e+00 1.00050200e+00 9.96813000e-01 6.91668700e+01 6.91732000e-01 3.08268000e-01 1.47477100e-01 1.02005300e-01 8.24123300e-01 8.35402500e-01 4.57568800e-01 6.14079100e-01 9.90930300e-01 9.98521800e+01 2.42826600e+00 8.12530500e+00 2.12571000e+00 1.89429000e+00 1.20857100e+03 5.68561700e+03 2.52971100e+03 8.10168100e+02 2.27255100e+02 9.76797500e-01 2.49604000e-01 2.50945800e-01 2.69390100e+00 1.35205900e+01 1.09060200e+03 1.41744200e+02 1.03986200e+00 1.36310500e+01 1.06054300e+03 1.44364200e+02 1.42582500e-01 1.61642000e-01 3.36377100e+03 1.04856100e-02 8.19696900e-01 4.52695000e-01 7.45182900e+01 6.27006400e+02 8.47735300e+01 1.49613100e+03 9.15909900e+01 1.93860400e+03 9.72962300e+01 2.25623900e+03 2.40444600e+02 5.64724500e+03 4.62467000e-01 7.61858500e-01 4.81850200e-01 6.75681300e-01 4.80809200e-01 6.32470500e-01 4.76013400e-01 6.01898600e-01 3.03573200e-01 3.13137900e-01 3.20370100e+01 1.06550900e+02 3.40725800e+01 9.44975600e+00 3.96795400e+02 2.18228400e+01 1.15172700e+04 7.06663000e+02 1.73530900e-02 1.34256300e+00 4.24552300e+00 5.36240200e+00 1.19453300e+04 5.60543900e+00
7.25997200e-01 6.33403600e+03 2.21189200e-02 1.22049900e-01 1.04036900e+00 5.60804900e-02 3.16738500e+00 3.04848100e+00 9.68206300e-01 9.98120600e-01 2.83828800e+02 5.46978100e+01 1.07023400e+02 4.22666100e+01 4.66120300e-01 6.58474400e-01 5.21437900e-01 3.61389800e-01 3.96586900e-01 1.02421700e+00 1.08003900e+00 1.00818900e+00 1.04736600e+00 9.98432100e-01 1.00292300e+00 9.96775100e-01 9.99250800e-01 6.76507600e+01 6.83579100e-01 3.16420900e-01 1.44814000e-01 9.79677500e-02 8.17555700e-01 8.39632600e-01 4.59885700e-01 6.13173800e-01 9.93987700e-01 9.89265000e+01 2.44653600e+00 7.96661400e+00 2.10832900e+00 1.88463600e+00 1.22088700e+03 5.68277900e+03 2.52881100e+03 8.10775800e+02 2.27941800e+02 9.68206300e-01 2.46903600e-01 2.48235600e-01 2.67601100e+00 1.37227100e+01 1.09053800e+03 1.43498200e+02 1.04049700e+00 1.37913100e+01 1.05958900e+03 1.46231200e+02 1.41118200e-01 1.61421400e-01 3.38994800e+03 1.04304300e-02 8.14458300e-01 4.50165100e-01 7.30159000e+01 6.40499200e+02 8.32789900e+01 1.52635800e+03 9.00890000e+01 1.97648700e+03 9.57820900e+01 2.29928000e+03 2.38007800e+02 5.73255300e+03 4.64107400e-01 7.54973000e-01 4.81485700e-01 6.68683600e-01 4.79483500e-01 6.25552000e-01 4.74066700e-01 5.95087100e-01 2.99837700e-01 3.08912100e-01 3.18553900e+01 1.08046000e+02 3.46865100e+01 9.29793600e+00 3.96589400e+02 2.31004500e+01 1.15138700e+04 7.06911500e+02 1.02336500e-01 8.72797100e-01 5.99551800e+00 1.13369400e+01 1.19428500e+04 6.97065100e+00
3.52972500e-01 6.32957900e+03 2.23599200e-02 1.13616800e-01 1.04140800e+00 4.94093000e-02 2.77735500e+00 3.01820300e+00 9.56440400e-01 1.00118300e+00 2.33963200e+02 4.70116300e+01 9.18239300e+01 4.73514500e+01 6.33975600e+00 8.86892200e-01 5.41955400e-01 8.60426700e-01 1.51668000e+00 8.63197500e-01 1.04533100e+00 9.43008100e-01 1.27322600e+00 9.97545200e-01 1.00279500e+00 9.97396600e-01 9.89848300e-01 6.66143800e+01 6.92118000e-01 3.07882000e-01 1.36621900e-01 9.10098100e-02 7.85120700e-01 7.95367600e-01 4.35640800e-01 5.84833800e-01 9.61949800e-01 1.00076000e+02 2.41349100e+00 7.04803500e+00 2.04544900e+00 1.85298700e+00 1.24117200e+03 5.77430100e+03 2.53115200e+03 8.17434500e+02 2.31767500e+02 9.56440400e-01 2.41725900e-01 2.43038900e-01 2.49437600e+00 1.40437800e+01 1.08910400e+03 1.47521300e+02 1.04176400e+00 1.41607200e+01 1.05924600e+03 1.50231800e+02 1.38641100e-01 1.60019400e-01 3.37098700e+03 1.01014100e-02 8.19049100e-01 4.52396900e-01 7.17609200e+01 6.51071000e+02 8.16269200e+01 1.55364500e+03 8.81861800e+01 2.01318800e+03 9.36756100e+01 2.34309400e+03 2.31436700e+02 5.86571300e+03 4.40404400e-01 7.25848900e-01 4.58965500e-01 6.43798600e-01 4.58022700e-01 6.02650500e-01 4.53487000e-01 5.73535400e-01 2.89357700e-01 2.98448800e-01 2.93227400e+01 1.05818900e+02 3.25009100e+01 1.09978600e+01 3.95646800e+02 2.42640300e+01 1.15094000e+04 7.06653900e+02 6.90865500e-03 1.47275900e+00 3.76983900e+00 6.94364700e+00 1.19403100e+04 5.24950600e+00
5.19033400e-01 6.33452900e+03 2.23949300e-02 1.14544700e-01 1.04144500e+00 5.15376000e-02 2.83611700e+00 3.02887700e+00 9.60812100e-01 1.00331200e+00 2.03342200e+02 2.44271700e+01 1.26924500e+02 2.31803100e+01 4.73084600e+00 6.24250800e-01 5.44985600e-01 2.28128700e-01 5.62016000e+00 9.61762900e-01 9.58888000e-01 1.10761300e+00 9.41378300e-01 9.97411300e-01 9.98802600e-01 9.86096000e-01 9.82390800e-01 6.70208700e+01 6.93697800e-01 3.06302200e-01 1.37584800e-01 9.22105100e-02 7.91887100e-01 8.00161600e-01 4.38266600e-01 5.89116000e-01 9.67293400e-01 1.00277300e+02 2.41614300e+00 7.27996800e+00 2.06740000e+00 1.86491700e+00 1.23801400e+03 5.78238100e+03 2.54333700e+03 8.21668600e+02 2.32963000e+02 9.60812100e-01 2.42554500e-01 2.43870600e-01 2.50835100e+00 1.39788700e+01 1.08920300e+03 1.46929900e+02 1.04176100e+00 1.41039900e+01 1.05943700e+03 1.49621000e+02 1.39063800e-01 1.60174600e-01 3.36730000e+03 1.01315700e-02 8.19895500e-01 4.52814600e-01 7.21720800e+01 6.47246800e+02 8.20536400e+01 1.54490400e+03 8.86256200e+01 2.00211300e+03 9.41268000e+01 2.33041000e+03 2.32300300e+02 5.83841300e+03 4.43194100e-01 7.32256900e-01 4.62257300e-01 6.49649900e-01 4.61487600e-01 6.08197300e-01 4.57036600e-01 5.78857300e-01 2.92096300e-01 3.01347300e-01 2.45305500e+01 1.05688300e+02 2.86263600e+01 1.02613200e+01 3.95677300e+02 2.34993900e+01 1.15207900e+04 7.06619300e+02 1.79337700e-03 1.60798500e+00 3.58933900e+00 7.01385300e+00 1.19502200e+04 5.19911800e+00
9.53358700e-01 6.33279400e+03 2.24882300e-02 1.21530300e-01 1.04071600e+00 5.99771500e-02 3.25154300e+00 3.06097600e+00 9.76421600e-01 1.00173400e+00 2.27958400e+02 4.71240800e+01 1.06055500e+02 4.25632100e+01 3.25743400e+00 6.22603500e-01 5.35774500e-01 4.61769000e-01 3.56943500e+00 8.22163600e-01 1.01673300e+00 7.55438100e-01 8.40899200e-01 9.95384700e-01 9.98361100e-01 9.91847800e-01 9.95739100e-01 6.92327900e+01 6.98188400e-01 3.01811600e-01 1.44663700e-01 1.00154700e-01 8.19872800e-01 8.22344500e-01 4.50416600e-01 6.07687700e-01 9.85350000e-01 1.00766600e+02 2.42260000e+00 8.27484100e+00 2.13483700e+00 1.89351700e+00 1.21500000e+03 5.73217300e+03 2.54430500e+03 8.17650700e+02 2.30208100e+02 9.76421600e-01 2.48150700e-01 2.49487200e-01 2.63447800e+00 1.35883100e+01 1.09010300e+03 1.42942100e+02 1.04075800e+00 1.37344300e+01 1.06046700e+03 1.45547500e+02 1.41819100e-01 1.61289000e-01 3.34917200e+03 1.03621300e-02 8.23222900e-01 4.54471600e-01 7.44788200e+01 6.26880700e+02 8.45547700e+01 1.49736200e+03 9.12629700e+01 1.94120400e+03 9.68814700e+01 2.26009100e+03 2.38350200e+02 5.67475000e+03 4.55827500e-01 7.58585600e-01 4.76570900e-01 6.73504400e-01 4.76310800e-01 6.30735500e-01 4.72070600e-01 6.00435600e-01 3.03115100e-01 3.12956000e-01 3.20564800e+01 1.05768000e+02 3.10439800e+01 9.12100800e+00 3.97332700e+02 2.18793200e+01 1.15157300e+04 7.06543500e+02 3.14674000e-03 1.89191900e+00 3.41765400e+00 9.67247100e+00 1.19440600e+04 5.31272000e+00
1.04583000e+00 6.33094100e+03 2.22937400e-02 1.18983600e-01 1.04124800e+00 5.66224300e-02 3.09264600e+00 3.04749100e+00 9.68300300e-01 9.99881600e-01 2.21065300e+02 4.45167700e+01 1.00402200e+02 4.29302600e+01 4.99333600e+00 5.36539600e-01 9.29020500e-01 2.75200100e-01 4.95224900e-01 1.08721400e+00 1.09068900e+00 1.09501000e+00 1.08980400e+00 9.97389300e-01 1.00310200e+00 1.00650300e+00 1.00839700e+00 6.83026100e+01 6.95787900e-01 3.04212100e-01 1.41922400e-01 9.69367400e-02 8.09309700e-01 8.14971300e-01 4.46378200e-01 6.01047600e-01 9.79255600e-01 1.00547700e+02 2.42435700e+00 7.92388900e+00 2.10624400e+00 1.88073200e+00 1.22650000e+03 5.73935700e+03 2.53862200e+03 8.15804800e+02 2.29856800e+02 9.68300300e-01 2.45987300e-01 2.47315900e-01 2.61614100e+00 1.37426500e+01 1.08997300e+03 1.44519100e+02 1.04141200e+00 1.38772200e+01 1.05974200e+03 1.47209100e+02 1.40502900e-01 1.61124700e-01 3.35507000e+03 1.02720700e-02 8.21895500e-01 4.53936000e-01 7.35201100e+01 6.35227000e+02 8.35299400e+01 1.51672300e+03 9.01904700e+01 1.96592600e+03 9.57673100e+01 2.28856400e+03 2.36002800e+02 5.73950100e+03 4.51536400e-01 7.48575100e-01 4.71485100e-01 6.64355100e-01 4.70946700e-01 6.22058500e-01 4.66567800e-01 5.92108100e-01 2.98834700e-01 3.08414700e-01 3.04665800e+01 1.07557300e+02 3.20814800e+01 8.89956000e+00 3.96519000e+02 2.30860300e+01 1.15162900e+04 7.06579800e+02 1.88761600e-04 1.74777200e+00 3.42314100e+00 5.33164900e+00 1.19448000e+04 5.17110100e+00
6.82237600e-01 6.33096400e+03 2.21593600e-02 1.17749100e-01 1.04179800e+00 4.50159800e-02 2.90867000e+00 3.01817800e+00 9.58843700e-01 9.99791000e-01 2.34441800e+02 3.53284100e+01 8.76417500e+01 4.86483600e+01 6.81799900e+00 4.85018200e-01 9.19499000e-01 6.98845500e-02 2.34960100e+00 9.58275100e-01 1.22254000e+00 1.02095000e+00 1.14012700e+00 9.97551300e-01 1.00192000e+00 9.92239300e-01 9.96626700e-01 6.66583300e+01 6.83675200e-01 3.16324800e-01 1.40553600e-01 9.36907000e-02 7.97165200e-01 8.18567200e-01 4.48347700e-01 5.97835400e-01 9.76385000e-01 9.90747000e+01 2.42691500e+00 6.70013400e+00 2.04540000e+00 1.86929500e+00 1.23572200e+03 5.72497500e+03 2.53286500e+03 8.15528300e+02 2.30402300e+02 9.58843700e-01 2.43451600e-01 2.44771100e-01 2.57760000e+00 1.39281500e+01 1.08985200e+03 1.45877600e+02 1.04208600e+00 1.39986100e+01 1.05917000e+03 1.48630600e+02 1.39625900e-01 1.60730700e-01 3.40617900e+03 1.02997300e-02 8.12580400e-01 4.49181000e-01 7.19442800e+01 6.50031600e+02 8.20539400e+01 1.54910100e+03 8.87623100e+01 2.00595400e+03 9.43705000e+01 2.33357300e+03 2.34482900e+02 5.81835300e+03 4.52488800e-01 7.36157600e-01 4.69462900e-01 6.52035500e-01 4.67525300e-01 6.09985200e-01 4.62253400e-01 5.80283300e-01 2.92411900e-01 3.01249600e-01 3.18265200e+01 1.07513400e+02 3.34768100e+01 9.42587400e+00 3.96032300e+02 2.40712500e+01 1.15131400e+04 7.06907900e+02 8.21908700e-02 9.26576500e-01 5.37832000e+00 5.95933000e+00 1.19426700e+04 6.38708800e+00
8.18265700e-01 6.33204700e+03 2.21299800e-02 1.18586000e-01 1.04135800e+00 4.87693200e-02 2.95460700e+00 3.03146200e+00 9.61374600e-01 1.00297200e+00 1.91411700e+02 4.27377700e+01 1.00811900e+02 4.42774600e+01 5.56538600e+00 8.90761100e-01 6.59700000e-01 9.31622500e-01 2.79935600e+00 1.08768300e+00 1.22092500e+00 9.54742400e-01 1.06242300e+00 9.96786000e-01 1.00232000e+00 9.96134200e-01 9.89104900e-01 6.67315700e+01 6.82555800e-01 3.17444200e-01 1.41361200e-01 9.43325200e-02 8.04341900e-01 8.27396700e-01 4.53183900e-01 6.03750600e-01 9.84634500e-01 9.88964500e+01 2.43964500e+00 7.12432900e+00 2.07275200e+00 1.88012500e+00 1.23597600e+03 5.73347100e+03 2.54294600e+03 8.18390900e+02 2.31114400e+02 9.61374600e-01 2.44065000e-01 2.45386700e-01 2.59926800e+00 1.38990000e+01 1.09001000e+03 1.45444400e+02 1.04161900e+00 1.39633100e+01 1.05920800e+03 1.48200400e+02 1.39871000e-01 1.60854800e-01 3.40444900e+03 1.03267900e-02 8.12500200e-01 4.49151700e-01 7.20413700e+01 6.49237500e+02 8.21935200e+01 1.54693700e+03 8.89283900e+01 2.00297500e+03 9.45579400e+01 2.32996300e+03 2.35122100e+02 5.80629500e+03 4.57265300e-01 7.42675400e-01 4.74140800e-01 6.57688500e-01 4.72055400e-01 6.15224100e-01 4.66647800e-01 5.85236400e-01 2.94860200e-01 3.03727600e-01 2.83730000e+01 1.08332700e+02 3.36591400e+01 9.01996800e+00 3.95750300e+02 2.35126400e+01 1.15142200e+04 7.06950200e+02 1.04886900e-01 8.72797100e-01 5.89042600e+00 7.77623400e+00 1.19425000e+04 6.86811000e+00
8.98725400e-01 6.33036400e+03 2.21705900e-02 1.17895800e-01 1.04148200e+00 4.97165800e-02 2.87432400e+00 3.03013900e+00 9.56992100e-01 1.00199100e+00 2.22335500e+02 4.14534800e+01 1.06510400e+02 4.10679300e+01 6.34710800e+00 5.91817200e-01 9.81378400e-01 4.85404100e-01 7.60354600e-01 6.08370100e-01 1.18437500e+00 1.02545200e+00 1.03808300e+00 9.95606600e-01 1.00075400e+00 9.86418600e-01 9.83767800e-01 6.61090100e+01 6.78035100e-01 3.21964900e-01 1.40711600e-01 9.30230200e-02 8.02576900e-01 8.31438800e-01 4.55397800e-01 6.04559100e-01 9.87089100e-01 9.83416000e+01 2.45359900e+00 7.19451900e+00 2.07001200e+00 1.87408600e+00 1.24299400e+03 5.73779800e+03 2.53912500e+03 8.18045800e+02 2.31534800e+02 9.56992100e-01 2.42985900e-01 2.44303600e-01 2.56344700e+00 1.39737900e+01 1.08981700e+03 1.46006700e+02 1.04179700e+00 1.40148900e+01 1.05917000e+03 1.48756700e+02 1.39638400e-01 1.60529600e-01 3.42612300e+03 1.03356600e-02 8.08814900e-01 4.47196100e-01 7.14436200e+01 6.55000900e+02 8.16260100e+01 1.55957300e+03 8.83741400e+01 2.01862500e+03 9.40116100e+01 2.34758800e+03 2.34448500e+02 5.83798100e+03 4.59082100e-01 7.40611600e-01 4.74916600e-01 6.55389000e-01 4.72317100e-01 6.12879100e-01 4.66571200e-01 5.82886100e-01 2.93514300e-01 3.02151600e-01 2.90778700e+01 1.07367600e+02 3.10194300e+01 8.64159000e+00 3.95694200e+02 2.44024800e+01 1.15048100e+04 7.07141000e+02 1.90534600e-01 6.25207500e-01 7.54164000e+00 1.16811500e+01 1.19335500e+04 8.35738200e+00
9.75867900e-01 6.32926400e+03 2.21986700e-02 1.18831100e-01 1.04118700e+00 5.54743000e-02 3.04979300e+00 3.04321900e+00 9.65362400e-01 1.00035100e+00 2.42650600e+02 4.63138800e+01 1.12544700e+02 3.67964400e+01 5.30866500e+00 5.39770000e-01 8.38824300e-01 3.00595600e-01 4.72595500e+00 8.47834900e-01 8.31557400e-01 1.01762600e+00 9.57926300e-01 9.99591300e-01 1.00017600e+00 1.00096600e+00 1.00141600e+00 6.77569600e+01 6.91407700e-01 3.08592300e-01 1.41674900e-01 9.59946000e-02 8.07812300e-01 8.19298900e-01 4.48748500e-01 6.02083500e-01 9.81371600e-01 9.99902600e+01 2.43175900e+00 7.82012900e+00 2.09726500e+00 1.87702000e+00 1.22923300e+03 5.72813100e+03 2.53451200e+03 8.14278300e+02 2.29451300e+02 9.65362400e-01 2.45376100e-01 2.46702600e-01 2.61949500e+00 1.37980000e+01 1.09003800e+03 1.44846000e+02 1.04138400e+00 1.39089900e+01 1.05947500e+03 1.47571900e+02 1.40212700e-01 1.61089300e-01 3.36845200e+03 1.02835100e-02 8.19105800e-01 4.52549300e-01 7.30034600e+01 6.40041100e+02 8.30590400e+01 1.52715300e+03 8.97432600e+01 1.97874700e+03 9.53367600e+01 2.30291600e+03 2.35655900e+02 5.76314500e+03 4.53563600e-01 7.46751800e-01 4.72495500e-01 6.62254000e-01 4.71438700e-01 6.19890500e-01 4.66712800e-01 5.89920000e-01 2.97558700e-01 3.06896400e-01 3.39495300e+01 1.09524200e+02 3.38013600e+01 8.94705400e+00 3.96319500e+02 2.33416400e+01 1.15149500e+04 7.06670800e+02 1.01111400e-02 1.47275900e+00 3.85862600e+00 2.95421700e+00 1.19435600e+04 5.34149600e+00
1.28113300e+00 6.33115100e+03 2.22262300e-02 1.16130500e-01 1.04173100e+00 5.96237300e-02 2.90341200e+00 3.04755000e+00 9.59539900e-01 1.00071600e+00 2.62635100e+02 3.32023000e+01 9.94229300e+01 4.24314500e+01 2.10112100e+00 7.84447600e-01 2.46347800e-01 7.69608400e-01 7.62416000e+00 9.29777400e-01 9.28927900e-01 8.47519400e-01 1.09495400e+00 9.99309100e-01 1.00116600e+00 9.93759200e-01 9.91364200e-01 6.72039800e+01 6.92226900e-01 3.07773100e-01 1.39001900e-01 9.34148000e-02 8.03404600e-01 8.13746300e-01 4.45707200e-01 5.98400600e-01 9.80024300e-01 1.00149600e+02 2.44589400e+00 8.16497800e+00 2.10636700e+00 1.86958700e+00 1.24384500e+03 5.76717000e+03 2.53821700e+03 8.16868700e+02 2.30940400e+02 9.59539900e-01 2.43407200e-01 2.44726400e-01 2.56313600e+00 1.39218300e+01 1.08961800e+03 1.46284100e+02 1.04202400e+00 1.40384600e+01 1.05920800e+03 1.49023300e+02 1.39290300e-01 1.60660700e-01 3.37081400e+03 1.01891600e-02 8.19066600e-01 4.52517700e-01 7.23954500e+01 6.45355700e+02 8.23455600e+01 1.54003600e+03 8.89609100e+01 1.99557300e+03 9.44973800e+01 2.32260700e+03 2.33447900e+02 5.81476500e+03 4.50569100e-01 7.42762100e-01 4.69585900e-01 6.58809700e-01 4.68633900e-01 6.16705900e-01 4.64001300e-01 5.86913900e-01 2.96095000e-01 3.05412400e-01 2.75066700e+01 1.08283100e+02 3.20291000e+01 8.42215000e+00 3.97511200e+02 2.46312900e+01 1.15177800e+04 7.06651400e+02 4.43395700e-03 1.53969800e+00 3.63689300e+00 2.12671700e+00 1.19483400e+04 5.18102500e+00
5.60239600e-01 6.33300000e+03 2.21688200e-02 1.19239200e-01 1.04163100e+00 4.55841100e-02 2.95326500e+00 3.01594200e+00 9.60374500e-01 9.97712900e-01 2.55859900e+02 4.81912000e+01 7.95153900e+01 4.86291900e+01 4.09096200e+00 4.65482800e-01 9.55230300e-01 6.35669200e-01 5.65760100e+00 1.13512700e+00 8.32649100e-01 1.00555800e+00 1.04298800e+00 9.98103500e-01 1.00184600e+00 9.95619700e-01 9.86400100e-01 6.66107200e+01 6.79843300e-01 3.20156700e-01 1.42053100e-01 9.46226200e-02 8.00101300e-01 8.26543400e-01 4.52716500e-01 6.01846400e-01 9.80331500e-01 9.85773300e+01 2.42830400e+00 6.78558300e+00 2.04083100e+00 1.86300100e+00 1.22491700e+03 5.67363300e+03 2.51786900e+03 8.10616100e+02 2.28921900e+02 9.60374500e-01 2.44062700e-01 2.45384300e-01 2.59143300e+00 1.38909500e+01 1.09001700e+03 1.45250000e+02 1.04188700e+00 1.39410500e+01 1.05932200e+03 1.47990200e+02 1.40128000e-01 1.60816000e-01 3.42182000e+03 1.03785100e-02 8.09741000e-01 4.47686800e-01 7.19533600e+01 6.50231000e+02 8.21630300e+01 1.54864400e+03 8.89319200e+01 2.00475700e+03 9.45879800e+01 2.33168600e+03 2.35615600e+02 5.80320200e+03 4.56555000e-01 7.38496300e-01 4.72734000e-01 6.53700400e-01 4.70345300e-01 6.11375100e-01 4.64754000e-01 5.81502000e-01 2.92872600e-01 3.01569400e-01 3.36051800e+01 1.06629600e+02 3.18997200e+01 9.66697800e+00 3.95993000e+02 2.36595000e+01 1.15168600e+04 7.07060800e+02 1.51462000e-01 7.19420900e-01 6.77155500e+00 5.11395000e+00 1.19461800e+04 7.64243800e+00
6.57878700e-01 6.33623200e+03 2.23175000e-02 1.25138200e-01 1.04057800e+00 4.81430200e-02 3.31384900e+00 3.03820200e+00 9.68978000e-01 9.95764200e-01 2.24388800e+02 4.94709700e+01 8.57479700e+01 5.25381000e+01 8.51926800e+00 8.18920600e-01 9.68871400e-01 6.59007300e-01 1.84721200e-01 1.40006000e+00 1.01301200e+00 9.19119000e-01 1.00135000e+00 9.98620200e-01 1.00239700e+00 9.93520800e-01 9.99457900e-01 6.85003700e+01 6.84374800e-01 3.15625200e-01 1.48100800e-01 1.01449600e-01 8.18669400e-01 8.39718600e-01 4.59932800e-01 6.13622800e-01 9.89149900e-01 9.89951200e+01 2.43499300e+00 7.15484600e+00 2.08676800e+00 1.89521200e+00 1.22226200e+03 5.69356100e+03 2.52656700e+03 8.07850300e+02 2.26442800e+02 9.68978000e-01 2.48894100e-01 2.50233300e-01 2.68823700e+00 1.35621300e+01 1.09069200e+03 1.41877000e+02 1.04059200e+00 1.36342500e+01 1.06039000e+03 1.44517600e+02 1.42562700e-01 1.61626500e-01 3.40143300e+03 1.05665000e-02 8.13231200e-01 4.49384700e-01 7.39197400e+01 6.32610800e+02 8.42888100e+01 1.50774800e+03 9.11703800e+01 1.95251100e+03 9.69238700e+01 2.27148800e+03 2.40718100e+02 5.66539000e+03 4.64207900e-01 7.56077300e-01 4.81786800e-01 6.69743800e-01 4.79874200e-01 6.26577200e-01 4.74512800e-01 5.96082700e-01 3.00346900e-01 3.09483800e-01 3.18628000e+01 1.06306100e+02 3.53268800e+01 9.52395400e+00 3.95787900e+02 2.34043700e+01 1.15188500e+04 7.06882500e+02 9.39029600e-02 9.26576500e-01 5.87209300e+00 1.11272500e+01 1.19475600e+04 6.89257300e+00
5.12864700e-01 6.33474000e+03 2.23527600e-02 1.26097100e-01 1.03997400e+00 4.89962400e-02 3.43138200e+00 3.04106600e+00 9.77021900e-01 9.99591900e-01 2.13848300e+02 3.57989400e+01 8.91350000e+01 5.11292700e+01 6.50153500e+00 7.26585500e-01 7.39872700e-01 4.50707700e-01 6.44873700e+00 9.24343700e-01 1.35839000e+00 7.93088300e-01 1.00245900e+00 9.96231900e-01 1.00073400e+00 1.00410600e+00 9.96039300e-01 6.93316700e+01 6.89829900e-01 3.10170100e-01 1.49095000e-01 1.03370100e-01 8.21424800e-01 8.35232000e-01 4.57475400e-01 6.13010300e-01 9.86511100e-01 9.96205000e+01 2.41378200e+00 7.26776100e+00 2.09275300e+00 1.89740600e+00 1.20515900e+03 5.66962100e+03 2.52608700e+03 8.07732400e+02 2.26020300e+02 9.77021900e-01 2.50410500e-01 2.51755100e-01 2.72198200e+00 1.34650700e+01 1.09084500e+03 1.41065800e+02 1.03991500e+00 1.35651200e+01 1.06061900e+03 1.43686900e+02 1.43059800e-01 1.61885700e-01 3.37298600e+03 1.05576500e-02 8.18060700e-01 4.51868100e-01 7.47288600e+01 6.25373500e+02 8.50640900e+01 1.49178800e+03 9.19317400e+01 1.93268500e+03 9.76776100e+01 2.24911100e+03 2.41698800e+02 5.62426600e+03 4.62187700e-01 7.59171400e-01 4.81075200e-01 6.73086200e-01 4.79810100e-01 6.29953200e-01 4.74874900e-01 5.99448300e-01 3.02250600e-01 3.11694100e-01 3.32796800e+01 1.09746200e+02 3.58329700e+01 1.01931400e+01 3.95825800e+02 2.16229800e+01 1.15150500e+04 7.06711400e+02 3.18851400e-02 1.21731700e+00 4.60099400e+00 1.42212000e+01 1.19427000e+04 5.85019600e+00
5.16235900e-01 6.32978400e+03 2.21975000e-02 1.19225700e-01 1.04075900e+00 4.43003700e-02 2.98786700e+00 3.01002600e+00 9.61392100e-01 9.95328700e-01 2.28205200e+02 3.73922200e+01 1.00639300e+02 3.97085500e+01 2.06236100e+00 7.04521500e-01 4.04090700e-01 6.39166900e-01 6.91236100e+00 7.52883400e-01 9.10571800e-01 9.05867100e-01 9.96691700e-01 9.95576200e-01 1.00184100e+00 9.97616200e-01 9.91363900e-01 6.67535400e+01 6.81177700e-01 3.18822300e-01 1.42068300e-01 9.48356500e-02 7.96062100e-01 8.20655100e-01 4.49491300e-01 5.98183100e-01 9.74338300e-01 9.86506200e+01 2.41508100e+00 6.64215100e+00 2.02879300e+00 1.85677400e+00 1.21889000e+03 5.66138000e+03 2.50792100e+03 8.06809100e+02 2.27530200e+02 9.61392100e-01 2.44542900e-01 2.45866300e-01 2.59808700e+00 1.38776700e+01 1.09001400e+03 1.45056200e+02 1.04099000e+00 1.39344500e+01 1.05943700e+03 1.47783400e+02 1.40230800e-01 1.60774400e-01 3.40616200e+03 1.03553000e-02 8.11940600e-01 4.48795800e-01 7.20850400e+01 6.48946600e+02 8.22794200e+01 1.54590400e+03 8.90401700e+01 2.00141800e+03 9.46903600e+01 2.32797200e+03 2.35667800e+02 5.79752800e+03 4.53427700e-01 7.34894900e-01 4.69818100e-01 6.50650600e-01 4.67592900e-01 6.08579600e-01 4.62132000e-01 5.78878100e-01 2.91599200e-01 3.00313600e-01 2.90032500e+01 1.06763100e+02 3.25700600e+01 9.88643800e+00 3.96197100e+02 2.35372200e+01 1.15039000e+04 7.07005000e+02 1.41591800e-01 7.19420900e-01 6.74204600e+00 1.14364900e+01 1.19335200e+04 7.60305900e+00
5.31118400e-01 6.33162700e+03 2.26355900e-02 1.20117900e-01 1.04084300e+00 5.14004500e-02 3.12994900e+00 3.03114400e+00 9.73352800e-01 9.97509100e-01 2.28547500e+02 3.29937100e+01 1.10576800e+02 3.15517500e+01 5.06730700e+00 6.25525900e-01 7.29579700e-01 1.10554100e-01 2.72568300e+00 1.09405600e+00 1.04668200e+00 1.20133300e+00 1.07934000e+00 9.97474500e-01 1.00342700e+00 1.00022000e+00 9.93239400e-01 6.84857200e+01 6.94265000e-01 3.05735000e-01 1.43398700e-01 9.82076200e-02 8.05182500e-01 8.12842200e-01 4.45212000e-01 5.98729400e-01 9.72958500e-01 1.00227500e+02 2.39802300e+00 7.33795200e+00 2.07209300e+00 1.86966300e+00 1.20515500e+03 5.69014200e+03 2.52291100e+03 8.13961900e+02 2.29972800e+02 9.73352800e-01 2.46610500e-01 2.47941400e-01 2.56661000e+00 1.36869700e+01 1.08967900e+03 1.43782500e+02 1.04094700e+00 1.38126600e+01 1.06061900e+03 1.46348000e+02 1.41534900e-01 1.60697400e-01 3.37334600e+03 1.03536700e-02 8.19228500e-01 4.52278700e-01 7.37401600e+01 6.33442400e+02 8.38212700e+01 1.51209000e+03 9.05268300e+01 1.95967800e+03 9.61402500e+01 2.28109000e+03 2.37176400e+02 5.71643200e+03 4.50232200e-01 7.44602000e-01 4.69734000e-01 6.60656900e-01 4.69015000e-01 6.18523900e-01 4.64533000e-01 5.88698900e-01 2.97042600e-01 3.06499400e-01 2.74252300e+01 1.05525800e+02 3.18657200e+01 1.02267000e+01 3.95723100e+02 2.18978400e+01 1.15162300e+04 7.06607800e+02 3.00023800e-03 1.53969800e+00 3.74682000e+00 7.28224800e+00 1.19440700e+04 5.28951800e+00
4.97904300e-01 6.33394400e+03 2.23922100e-02 1.24640200e-01 1.04046000e+00 6.25876700e-02 3.33850400e+00 3.07384100e+00 9.73894000e-01 1.00168200e+00 2.23469200e+02 4.65867200e+01 8.62772000e+01 5.08886300e+01 3.07673100e+00 8.75147900e-01 3.42457900e-01 5.10236900e-01 5.52738400e+00 9.84194400e-01 7.47760700e-01 8.66591200e-01 1.07468500e+00 9.97657900e-01 1.00278500e+00 9.88630300e-01 9.98303900e-01 6.89764400e+01 6.89606300e-01 3.10393700e-01 1.47677500e-01 1.01862700e-01 8.32248500e-01 8.46542600e-01 4.63670500e-01 6.21199700e-01 1.00208100e+00 9.96325300e+01 2.45998600e+00 8.61969000e+00 2.16248100e+00 1.90804900e+00 1.22531500e+03 5.73091500e+03 2.54640100e+03 8.15210800e+02 2.28978300e+02 9.73894000e-01 2.49239100e-01 2.50579500e-01 2.68230200e+00 1.35317900e+01 1.09057600e+03 1.41826900e+02 1.04045700e+00 1.36312000e+01 1.06054300e+03 1.44444300e+02 1.42609100e-01 1.61610000e-01 3.38086100e+03 1.05193800e-02 8.17056800e-01 4.51324100e-01 7.43485700e+01 6.28588900e+02 8.46374700e+01 1.49940300e+03 9.14739800e+01 1.94251300e+03 9.71936100e+01 2.26051900e+03 2.40539200e+02 5.65216000e+03 4.68442100e-01 7.69152100e-01 4.87526500e-01 6.81910700e-01 4.86217100e-01 6.38202200e-01 4.81198100e-01 6.07291700e-01 3.06207300e-01 3.15756600e-01 3.28861900e+01 1.08868200e+02 3.72235600e+01 1.02462900e+01 3.98647400e+02 2.26445600e+01 1.15174800e+04 7.06717400e+02 3.08790600e-02 1.21731700e+00 4.52749400e+00 6.37506400e+00 1.19490200e+04 5.77569100e+00
8.63323300e-01 6.33490100e+03 2.23305300e-02 1.21227600e-01 1.04103000e+00 6.49072800e-02 3.18208300e+00 3.07121900e+00 9.73183000e-01 1.00246700e+00 2.10846700e+02 2.01116600e+01 8.78475300e+01 4.90184900e+01 6.16483200e+00 6.28671800e-01 6.97544600e-01 5.37819500e-02 6.01625300e+00 7.72539800e-01 8.20432700e-01 7.49240900e-01 7.38742500e-01 9.97507000e-01 1.00002500e+00 1.00243000e+00 9.88622600e-01 6.85076900e+01 6.92746800e-01 3.07253200e-01 1.44203200e-01 9.87903100e-02 8.25067800e-01 8.34982100e-01 4.57338600e-01 6.14276300e-01 9.96827400e-01 1.00115000e+02 2.45064900e+00 8.78143300e+00 2.15681700e+00 1.89424300e+00 1.22252000e+03 5.72709100e+03 2.54725900e+03 8.18652700e+02 2.30775100e+02 9.73183000e-01 2.47184200e-01 2.48517200e-01 2.64008500e+00 1.36633500e+01 1.09021100e+03 1.43474700e+02 1.04113400e+00 1.37806200e+01 1.06004700e+03 1.46136900e+02 1.41329000e-01 1.61305800e-01 3.36904100e+03 1.03761800e-02 8.19352300e-01 4.52578200e-01 7.37912700e+01 6.33111000e+02 8.39193600e+01 1.51094100e+03 9.06538600e+01 1.95795300e+03 9.62904100e+01 2.27888900e+03 2.37792800e+02 5.70674900e+03 4.62342900e-01 7.62837900e-01 4.81984200e-01 6.76667800e-01 4.81066300e-01 6.33443200e-01 4.76349700e-01 6.02855200e-01 3.04120400e-01 3.13735400e-01 2.66768700e+01 1.05903400e+02 3.12486000e+01 9.22330900e+00 3.99482400e+02 2.24055900e+01 1.15139700e+04 7.06639600e+02 5.70202200e-03 1.53969800e+00 3.76955300e+00 1.27663800e+01 1.19450800e+04 5.31495400e+00
9.22251800e-01 6.33392500e+03 2.23270800e-02 1.21857400e-01 1.04076200e+00 6.10875300e-02 3.30282300e+00 3.06258800e+00 9.72380900e-01 1.00112800e+00 2.10213000e+02 3.40695800e+01 8.65306300e+01 4.36558300e+01 2.58564700e+00 5.60921400e-01 6.79039000e-01 4.28549400e-01 9.84580800e+00 8.69489900e-01 1.12894900e+00 1.00747800e+00 1.08006300e+00 9.95551400e-01 1.00167600e+00 1.00797300e+00 1.00674600e+00 6.95880100e+01 7.00919300e-01 2.99080700e-01 1.44829600e-01 1.00784000e-01 8.19507200e-01 8.18250700e-01 4.48174400e-01 6.06038100e-01 9.82393700e-01 1.01174600e+02 2.42797300e+00 8.43658400e+00 2.13828200e+00 1.89236600e+00 1.22508000e+03 5.74227600e+03 2.53503500e+03 8.10499100e+02 2.27139500e+02 9.72380900e-01 2.48755400e-01 2.50094100e-01 2.68255500e+00 1.35532200e+01 1.09038600e+03 1.42733200e+02 1.04078300e+00 1.37140200e+01 1.06016200e+03 1.45390900e+02 1.41669500e-01 1.61699500e-01 3.33071200e+03 1.03394900e-02 8.26252700e-01 4.56176100e-01 7.48160800e+01 6.23860300e+02 8.48628300e+01 1.49080100e+03 9.15558700e+01 1.93312800e+03 9.71637000e+01 2.25104200e+03 2.38579700e+02 5.65974800e+03 4.53783100e-01 7.58528300e-01 4.75135300e-01 6.73765000e-01 4.75206700e-01 6.31109800e-01 4.71196400e-01 6.00872900e-01 3.03446800e-01 3.13432600e-01 3.23142800e+01 1.08960400e+02 3.49231900e+01 9.21682900e+00 3.97868200e+02 2.27149200e+01 1.15165300e+04 7.06514100e+02 1.98463200e-02 2.19351700e+00 3.42571900e+00 9.36230700e+00 1.19463300e+04 5.63908300e+00
6.19469500e-01 6.32721600e+03 2.26363500e-02 1.21487900e-01 1.04052000e+00 5.03485600e-02 3.24756500e+00 3.03986100e+00 9.71905500e-01 1.00074400e+00 2.40376200e+02 3.73238500e+01 9.55261600e+01 4.80920200e+01 5.18361100e+00 6.13689400e-01 7.46925400e-01 1.21503800e-01 2.60815000e+00 1.14354300e+00 1.20858500e+00 9.39968800e-01 9.93393600e-01 9.96876600e-01 1.00208100e+00 9.92814100e-01 9.92509400e-01 6.92584200e+01 6.98191400e-01 3.01808600e-01 1.44769400e-01 1.00265000e-01 8.09032900e-01 8.11468000e-01 4.44459300e-01 5.99651800e-01 9.72142400e-01 1.00712300e+02 2.40548600e+00 7.26165800e+00 2.09023400e+00 1.89000400e+00 1.22246400e+03 5.75829600e+03 2.53739400e+03 8.14450600e+02 2.29070500e+02 9.71905500e-01 2.48155300e-01 2.49491800e-01 2.60626800e+00 1.35830100e+01 1.08991300e+03 1.42860600e+02 1.04055300e+00 1.37293000e+01 1.06081000e+03 1.45415200e+02 1.42090500e-01 1.61041000e-01 3.35337400e+03 1.03724300e-02 8.22712600e-01 4.54088700e-01 7.45097500e+01 6.26618000e+02 8.45889200e+01 1.49674300e+03 9.12993300e+01 1.94040700e+03 9.69197100e+01 2.25916800e+03 2.38438400e+02 5.67253100e+03 4.49776600e-01 7.48559500e-01 4.70253300e-01 6.64606400e-01 4.70000600e-01 6.22404100e-01 4.65819300e-01 5.92505300e-01 2.99111300e-01 3.08824900e-01 3.11441300e+01 1.09112000e+02 3.40800300e+01 9.98330600e+00 3.95706100e+02 2.24440600e+01 1.15086100e+04 7.06543500e+02 2.03258200e-03 1.89191900e+00 3.46414600e+00 5.79216100e+00 1.19367400e+04 5.35809700e+00
1.02424400e+00 6.33290800e+03 2.24507000e-02 1.17422500e-01 1.04110300e+00 6.51711600e-02 3.00587300e+00 3.05815000e+00 9.68456700e-01 1.00197300e+00 2.24161300e+02 4.72999800e+01 1.03239400e+02 3.39649600e+01 5.93724800e+00 7.23485600e-01 5.73934400e-01 9.24255100e-01 5.10444300e+00 9.18886800e-01 8.59494400e-01 1.01615000e+00 1.11115500e+00 9.97280800e-01 9.98361600e-01 9.91648500e-01 9.89216000e-01 6.79254200e+01 6.95443100e-01 3.04556900e-01 1.40518300e-01 9.54476700e-02 8.10132100e-01 8.16261800e-01 4.47085000e-01 6.01828800e-01 9.82968800e-01 1.00456300e+02 2.43592400e+00 8.68377700e+00 2.12881400e+00 1.86866200e+00 1.22326900e+03 5.73035600e+03 2.53248700e+03 8.16831100e+02 2.31186700e+02 9.68456700e-01 2.44888300e-01 2.46213000e-01 2.55685400e+00 1.38149200e+01 1.08955400e+03 1.45242200e+02 1.04130200e+00 1.39481300e+01 1.05989500e+03 1.47892000e+02 1.40240700e-01 1.60605300e-01 3.36063000e+03 1.02293600e-02 8.21130900e-01 4.53412700e-01 7.31163500e+01 6.38762100e+02 8.30812300e+01 1.52507200e+03 8.97112600e+01 1.97668800e+03 9.52623000e+01 2.30104200e+03 2.34819900e+02 5.76972800e+03 4.52252100e-01 7.49299200e-01 4.72138700e-01 6.64957700e-01 4.71555600e-01 6.22606300e-01 4.67142100e-01 5.92619400e-01 2.99089200e-01 3.08652800e-01 3.13458500e+01 1.03032900e+02 3.08052100e+01 8.93527300e+00 3.99415900e+02 2.26610000e+01 1.15154900e+04 7.06585800e+02 4.82975700e-05 1.74777200e+00 3.50785500e+00 7.47543300e+00 1.19465000e+04 5.25567500e+00
4.54937300e-01 6.33087200e+03 2.24264500e-02 1.15146400e-01 1.04137800e+00 5.42336200e-02 2.88536100e+00 3.03380800e+00 9.66693800e-01 1.00301100e+00 2.36106300e+02 4.39953400e+01 1.12945700e+02 3.54231600e+01 4.84660200e+00 6.67024100e-01 8.42632100e-01 4.48301300e-01 1.60012300e+00 1.01843600e+00 1.25119300e+00 1.02836500e+00 9.34921600e-01 9.95703800e-01 9.99660300e-01 9.97328700e-01 9.90073700e-01 6.73907500e+01 6.95656400e-01 3.04343600e-01 1.38218000e-01 9.31461500e-02 7.95964400e-01 8.01705900e-01 4.39112400e-01 5.91200300e-01 9.69602000e-01 1.00520200e+02 2.40769200e+00 7.56378200e+00 2.07762000e+00 1.86405800e+00 1.22310300e+03 5.74794900e+03 2.54105900e+03 8.22122400e+02 2.33186100e+02 9.66693800e-01 2.43243700e-01 2.44562300e-01 2.51967700e+00 1.39270500e+01 1.08926500e+03 1.46485400e+02 1.04166200e+00 1.40626600e+01 1.05958900e+03 1.49160200e+02 1.39368800e-01 1.60293800e-01 3.36001400e+03 1.01439700e-02 8.21299300e-01 4.53522700e-01 7.25395800e+01 6.43823800e+02 8.24196500e+01 1.53721500e+03 8.89936100e+01 1.99246400e+03 9.44978700e+01 2.31943800e+03 2.32897300e+02 5.81652800e+03 4.44204300e-01 7.36220900e-01 4.63797800e-01 6.53380200e-01 4.63253800e-01 6.11778400e-01 4.58937000e-01 5.82320800e-01 2.93916700e-01 3.03317200e-01 3.02246500e+01 1.05733100e+02 3.28946300e+01 1.05621200e+01 3.95928000e+02 2.24078800e+01 1.15130000e+04 7.06582100e+02 5.68790800e-05 1.74777200e+00 3.44411600e+00 8.07173800e+00 1.19419000e+04 5.19194500e+00
1.07425500e+00 6.32728200e+03 2.22619700e-02 1.15296400e-01 1.04155800e+00 5.74571900e-02 2.79853400e+00 3.03790800e+00 9.64038500e-01 1.00059100e+00 2.29232100e+02 2.95924500e+01 1.05792600e+02 3.46374100e+01 4.61602800e+00 6.15189600e-01 5.36679400e-01 7.03185700e-02 1.98326500e+00 1.01075800e+00 8.94086100e-01 1.09963400e+00 1.06314000e+00 9.97731900e-01 1.00364700e+00 9.96981900e-01 9.88629100e-01 6.62335200e+01 6.84961700e-01 3.15038300e-01 1.38203500e-01 9.15370400e-02 8.00896900e-01 8.20725000e-01 4.49529600e-01 6.00022400e-01 9.84096500e-01 9.91943200e+01 2.43564700e+00 7.91473400e+00 2.08615500e+00 1.85968700e+00 1.22270100e+03 5.70746600e+03 2.53805900e+03 8.22546500e+02 2.33901100e+02 9.64038500e-01 2.41977800e-01 2.43291800e-01 2.51982600e+00 1.40335900e+01 1.08939500e+03 1.47028100e+02 1.04190800e+00 1.41114300e+01 1.05913200e+03 1.49764500e+02 1.38966000e-01 1.60202800e-01 3.40017700e+03 1.02038600e-02 8.13657000e-01 4.49659100e-01 7.14651900e+01 6.54294300e+02 8.14746100e+01 1.55957500e+03 8.81183900e+01 2.01972200e+03 9.36734800e+01 2.34975700e+03 2.32552600e+02 5.86226400e+03 4.53810100e-01 7.39731300e-01 4.71153300e-01 6.55340700e-01 4.69357100e-01 6.13135400e-01 4.64162500e-01 5.83316100e-01 2.94007800e-01 3.02937600e-01 2.47991300e+01 1.03590800e+02 2.86519800e+01 8.56399900e+00 3.96700100e+02 2.29494400e+01 1.15076200e+04 7.06861800e+02 6.91694600e-02 9.81866700e-01 5.17327200e+00 5.64579400e+00 1.19358300e+04 6.22430800e+00
9.57842900e-01 6.33093100e+03 2.22139000e-02 1.16421700e-01 1.04145700e+00 5.81601200e-02 2.81578100e+00 3.04183800e+00 9.62756100e-01 1.00100500e+00 2.61554300e+02 3.08742000e+01 9.26755800e+01 4.08116200e+01 1.72598600e+00 4.26797700e-01 7.47075400e-01 2.33312700e-01 4.93051000e+00 9.84287600e-01 1.11842900e+00 1.00243900e+00 9.02633600e-01 9.96148500e-01 1.00242700e+00 9.99382100e-01 9.86746700e-01 6.59698500e+01 6.79963000e-01 3.20037000e-01 1.39280800e-01 9.18833100e-02 8.05561700e-01 8.32028700e-01 4.55720900e-01 6.05897100e-01 9.91804500e-01 9.85691400e+01 2.45191200e+00 8.01544200e+00 2.09437000e+00 1.86438800e+00 1.22619700e+03 5.70131600e+03 2.53847400e+03 8.21840100e+02 2.33595600e+02 9.62756100e-01 2.42196500e-01 2.43511300e-01 2.53483100e+00 1.40272700e+01 1.08957300e+03 1.46671100e+02 1.04180900e+00 1.40785000e+01 1.05913200e+03 1.49415400e+02 1.39219500e-01 1.60285300e-01 3.41862300e+03 1.02714800e-02 8.10191900e-01 4.47882200e-01 7.12602900e+01 6.56545300e+02 8.13682800e+01 1.56371500e+03 8.80699400e+01 2.02428700e+03 9.36699200e+01 2.35441900e+03 2.33308800e+02 5.86013900e+03 4.59605800e-01 7.43551800e-01 4.75928500e-01 6.58193200e-01 4.73540400e-01 6.15584700e-01 4.67922200e-01 5.85510800e-01 2.94918300e-01 3.03669000e-01 2.64098900e+01 1.04365500e+02 2.79066300e+01 8.59948000e+00 3.96984900e+02 2.32145400e+01 1.15115600e+04 7.07055700e+02 1.52815500e-01 7.19420900e-01 6.83794400e+00 6.74025200e+00 1.19403600e+04 7.71018000e+00
8.80310600e-01 6.32958800e+03 2.24120800e-02 1.22717800e-01 1.04086100e+00 6.13357400e-02 3.28996400e+00 3.05820200e+00 9.73419300e-01 9.98126800e-01 2.48076200e+02 4.05879700e+01 7.70697100e+01 5.21051700e+01 7.78064400e-01 4.06391400e-01 7.90325000e-01 4.76431000e-01 9.13433800e+00 8.97171500e-01 9.94683900e-01 8.49301100e-01 8.25554400e-01 9.95689500e-01 1.00330800e+00 9.99506300e-01 9.99689700e-01 6.92437700e+01 6.95966300e-01 3.04033700e-01 1.45775000e-01 1.00940100e-01 8.20959800e-01 8.26460400e-01 4.52671000e-01 6.09610300e-01 9.86578200e-01 1.00499800e+02 2.43019500e+00 8.45184300e+00 2.12892500e+00 1.88315000e+00 1.21418100e+03 5.69257300e+03 2.52226600e+03 8.08212000e+02 2.26993100e+02 9.73419300e-01 2.48620800e-01 2.49958900e-01 2.66179200e+00 1.35583900e+01 1.09034000e+03 1.42517300e+02 1.04088000e+00 1.36919900e+01 1.06042900e+03 1.45139100e+02 1.42054200e-01 1.61521000e-01 3.35816300e+03 1.04159800e-02 8.21504700e-01 4.53637800e-01 7.45267700e+01 6.26636300e+02 8.46697200e+01 1.49624600e+03 9.14190500e+01 1.93940700e+03 9.70703500e+01 2.25771100e+03 2.39189700e+02 5.66253100e+03 4.57917200e-01 7.59362100e-01 4.78181300e-01 6.73939900e-01 4.77650500e-01 6.31037400e-01 4.73219300e-01 6.00657100e-01 3.03128200e-01 3.12867500e-01 3.39026700e+01 1.08908700e+02 3.36066800e+01 9.24716400e+00 3.97972800e+02 2.24751000e+01 1.15080300e+04 7.06576800e+02 2.37802000e-06 1.74777200e+00 3.50230800e+00 9.62199500e+00 1.19377300e+04 5.25008200e+00
8.95913100e-01 6.33105200e+03 2.26140900e-02 1.24188800e-01 1.04083700e+00 6.17920900e-02 3.38367700e+00 3.06748700e+00 9.76616600e-01 1.00002200e+00 2.78137100e+02 4.58493200e+01 8.73887600e+01 5.18620300e+01 2.87034200e+00 4.47246000e-01 9.75812200e-01 7.40073200e-02 6.12816500e+00 1.01445100e+00 8.65708900e-01 8.62657500e-01 6.46697500e-01 9.98386600e-01 1.00247400e+00 9.90575200e-01 9.89684400e-01 6.99725300e+01 6.98849400e-01 3.01150600e-01 1.47448000e-01 1.03173100e-01 8.27157000e-01 8.28741700e-01 4.53920600e-01 6.12750800e-01 9.88835700e-01 1.00831300e+02 2.43223800e+00 8.48541300e+00 2.14878400e+00 1.89898200e+00 1.21753400e+03 5.73076000e+03 2.53625900e+03 8.12409100e+02 2.28126100e+02 9.76616600e-01 2.49902800e-01 2.51245600e-01 2.65636200e+00 1.34526900e+01 1.09029900e+03 1.41560200e+02 1.04079000e+00 1.36012200e+01 1.06107700e+03 1.44101300e+02 1.42984100e-01 1.61541600e-01 3.35599400e+03 1.04724500e-02 8.22527500e-01 4.54020100e-01 7.52657100e+01 6.20278800e+02 8.54294000e+01 1.48175400e+03 9.21970900e+01 1.92107600e+03 9.78659300e+01 2.23674400e+03 2.40656100e+02 5.61802900e+03 4.59401100e-01 7.65393200e-01 4.80480700e-01 6.79622800e-01 4.80299900e-01 6.36496200e-01 4.76078200e-01 6.05938400e-01 3.05902000e-01 3.15876700e-01 3.57479800e+01 1.10757900e+02 3.63804600e+01 9.25359900e+00 3.98036700e+02 2.22566400e+01 1.15137500e+04 7.06535200e+02 4.85488400e-03 1.96545900e+00 3.41863700e+00 6.88290900e+00 1.19433000e+04 5.38895100e+00
8.16320500e-01 6.32889900e+03 2.26163600e-02 1.23101700e-01 1.04082900e+00 6.03226600e-02 3.35768500e+00 3.06148200e+00 9.77828500e-01 1.00000100e+00 2.58255400e+02 3.81918200e+01 8.88072300e+01 4.64980500e+01 4.29186400e+00 4.49588200e-01 8.91850000e-01 1.96798500e-01 5.71896600e+00 1.16430500e+00 1.10092900e+00 1.03106800e+00 1.03769900e+00 9.98573600e-01 1.00361200e+00 9.89703200e-01 9.95157500e-01 7.00531000e+01 7.01752200e-01 2.98247800e-01 1.46363200e-01 1.02532000e-01 8.22202600e-01 8.19798000e-01 4.49021900e-01 6.07607600e-01 9.82347600e-01 1.01224400e+02 2.41655900e+00 8.31756600e+00 2.13591900e+00 1.89316800e+00 1.21229800e+03 5.72565400e+03 2.53444900e+03 8.12762100e+02 2.28323400e+02 9.77828500e-01 2.49570900e-01 2.50912400e-01 2.64715400e+00 1.34738500e+01 1.09018100e+03 1.41947400e+02 1.04078800e+00 1.36384500e+01 1.06096300e+03 1.44496700e+02 1.42655000e-01 1.61472100e-01 3.34234800e+03 1.04124600e-02 8.25007900e-01 4.55309500e-01 7.53008200e+01 6.19786200e+02 8.53900100e+01 1.48126000e+03 9.21126200e+01 1.92088600e+03 9.77458200e+01 2.23689200e+03 2.39867500e+02 5.62649200e+03 4.54711100e-01 7.61106700e-01 4.76317500e-01 6.76147600e-01 4.76488400e-01 6.33380000e-01 4.72533300e-01 6.03058200e-01 3.04574400e-01 3.14642800e-01 3.27448600e+01 1.09316300e+02 3.35931100e+01 9.46732500e+00 3.97387300e+02 2.19006500e+01 1.15107200e+04 7.06507600e+02 2.23795000e-02 2.19351700e+00 3.46267600e+00 6.14048100e+00 1.19394700e+04 5.67857300e+00
8.72880400e-01 6.33168100e+03 2.24552500e-02 1.23143700e-01 1.04061700e+00 6.08639900e-02 3.34124300e+00 3.06278700e+00 9.78251300e-01 9.99801400e-01 2.65580900e+02 5.88604600e+01 9.36898900e+01 4.21042500e+01 6.85310100e-01 5.85515600e-01 7.56715700e-01 8.41803400e-01 4.75123600e+00 9.79237000e-01 9.00588500e-01 1.09444100e+00 1.03281400e+00 9.97492400e-01 1.00432700e+00 9.98716400e-01 9.97064200e-01 6.96392800e+01 6.98442700e-01 3.01557300e-01 1.46244100e-01 1.01843400e-01 8.23976300e-01 8.26112100e-01 4.52480300e-01 6.10600500e-01 9.87387400e-01 1.00795400e+02 2.42223500e+00 8.40911900e+00 2.13870800e+00 1.89358900e+00 1.20935000e+03 5.70553800e+03 2.53562300e+03 8.13179000e+02 2.28392700e+02 9.78251300e-01 2.49297400e-01 2.50638000e-01 2.67132200e+00 1.35122700e+01 1.09037000e+03 1.42134800e+02 1.04060300e+00 1.36588900e+01 1.06058100e+03 1.44739300e+02 1.42328000e-01 1.61600900e-01 3.34670700e+03 1.04149900e-02 8.23573500e-01 4.54679000e-01 7.49107100e+01 6.23249200e+02 8.50384400e+01 1.48874600e+03 9.17815000e+01 1.93007200e+03 9.74293800e+01 2.24716200e+03 2.39657100e+02 5.64296700e+03 4.57936200e-01 7.62406000e-01 4.78836600e-01 6.76922000e-01 4.78604000e-01 6.33946700e-01 4.74362300e-01 6.03499000e-01 3.04660400e-01 3.14569600e-01 3.60563800e+01 1.07712900e+02 3.63720600e+01 9.30066700e+00 3.97676100e+02 2.17943600e+01 1.15144600e+04 7.06540300e+02 3.78806600e-03 1.89191900e+00 3.41541300e+00 8.27516400e+00 1.19432400e+04 5.31111900e+00
7.71721900e-01 6.32755700e+03 2.23293100e-02 1.21132200e-01 1.04092500e+00 5.55234600e-02 3.19962400e+00 3.04508400e+00 9.71704400e-01 9.98921500e-01 2.09586000e+02 3.36724000e+01 8.73818300e+01 4.30630200e+01 2.98994400e+00 5.21465000e-01 6.12942500e-01 2.76220900e-01 8.90443800e+00 9.04328800e-01 8.49771400e-01 9.94149500e-01 1.08615000e+00 9.96155700e-01 1.00218200e+00 1.00199400e+00 9.94008900e-01 6.87091100e+01 6.94750200e-01 3.05249800e-01 1.44106600e-01 9.90143800e-02 8.12968000e-01 8.20050300e-01 4.49160000e-01 6.04278700e-01 9.80768000e-01 1.00368300e+02 2.41799700e+00 7.85064700e+00 2.10118100e+00 1.88034000e+00 1.21517600e+03 5.69973000e+03 2.52768600e+03 8.11297900e+02 2.28133300e+02 9.71704400e-01 2.47413800e-01 2.48747600e-01 2.64639600e+00 1.36484100e+01 1.09022000e+03 1.43414200e+02 1.04101900e+00 1.37763300e+01 1.06004700e+03 1.46077100e+02 1.41324900e-01 1.61360700e-01 3.35900300e+03 1.03572300e-02 8.21107100e-01 4.53492600e-01 7.39737800e+01 6.31406400e+02 8.40735400e+01 1.50734900e+03 9.07922800e+01 1.95361100e+03 9.64170900e+01 2.27409200e+03 2.37777800e+02 5.70027400e+03 4.54255500e-01 7.51851000e-01 4.74056200e-01 6.67142900e-01 4.73389000e-01 6.24618800e-01 4.68903800e-01 5.94513800e-01 2.99991200e-01 3.09568200e-01 3.12205100e+01 1.07642700e+02 3.31691400e+01 9.48875700e+00 3.96271000e+02 2.24181600e+01 1.15070000e+04 7.06598500e+02 5.83734300e-04 1.67729600e+00 3.55942300e+00 8.09892000e+00 1.19351800e+04 5.23730300e+00
3.23545100e-01 6.33064800e+03 2.25245500e-02 1.16573800e-01 1.04105100e+00 5.57635500e-02 3.00683200e+00 3.03408000e+00 9.70449600e-01 9.99185700e-01 2.35365000e+02 3.59554600e+01 1.09830100e+02 3.60753200e+01 5.91295900e+00 8.23472100e-01 3.10206900e-01 6.03252100e-01 4.54037700e+00 8.77392600e-01 9.43939700e-01 1.06111700e+00 1.31546600e+00 9.97501100e-01 1.00104700e+00 9.91755000e-01 9.85525800e-01 6.82843000e+01 7.00298000e-01 2.99702000e-01 1.39743400e-01 9.54228400e-02 7.97713400e-01 7.97317100e-01 4.36708600e-01 5.90227300e-01 9.65353600e-01 1.01082900e+02 2.39384500e+00 7.73468000e+00 2.07818500e+00 1.85886800e+00 1.21173200e+03 5.71689900e+03 2.52434000e+03 8.15131300e+02 2.30570400e+02 9.70449600e-01 2.44927700e-01 2.46252600e-01 2.54418300e+00 1.38040200e+01 1.08939000e+03 1.45403700e+02 1.04124800e+00 1.39643600e+01 1.06000900e+03 1.48032400e+02 1.40144400e-01 1.60528900e-01 3.34157400e+03 1.01720400e-02 8.24798800e-01 4.55267500e-01 7.34246500e+01 6.35727600e+02 8.33012000e+01 1.51900800e+03 8.98799000e+01 1.96960600e+03 9.53914600e+01 2.29343700e+03 2.34331500e+02 5.76455500e+03 4.42151100e-01 7.38298800e-01 4.62805700e-01 6.55733600e-01 4.62804900e-01 6.14194500e-01 4.58852600e-01 5.84752500e-01 2.95317300e-01 3.04985500e-01 2.80661200e+01 1.08335300e+02 3.26937600e+01 1.13062100e+01 3.96139200e+02 2.21502100e+01 1.15117300e+04 7.06519600e+02 1.48625900e-02 2.11648900e+00 3.40230800e+00 7.92213300e+00 1.19413200e+04 5.53365900e+00
6.46775500e-01 6.33003200e+03 2.22951800e-02 1.13355400e-01 1.04126500e+00 4.94550800e-02 2.73692700e+00 3.01846100e+00 9.56822000e-01 1.00077700e+00 2.12121700e+02 3.65301400e+01 1.16475200e+02 3.39340200e+01 8.71034700e+00 8.30837200e-01 3.29001700e-01 4.85074000e-01 5.80690400e-01 9.44528600e-01 6.03051200e-01 1.01375700e+00 1.15341300e+00 9.99939300e-01 1.00066200e+00 9.89112500e-01 9.83831300e-01 6.61309800e+01 6.88346200e-01 3.11653800e-01 1.36295700e-01 9.01337100e-02 7.85845800e-01 8.00963700e-01 4.38705900e-01 5.87158600e-01 9.66350800e-01 9.95926900e+01 2.41846700e+00 7.05719000e+00 2.04597800e+00 1.85329600e+00 1.23872300e+03 5.76317100e+03 2.53528400e+03 8.20030700e+02 2.32839200e+02 9.56822000e-01 2.41133500e-01 2.42444400e-01 2.49220400e+00 1.40981400e+01 1.08911900e+03 1.47860100e+02 1.04166100e+00 1.41946500e+01 1.05901700e+03 1.50599100e+02 1.38381100e-01 1.59936900e-01 3.38194600e+03 1.01056700e-02 8.16746900e-01 4.51239700e-01 7.13004800e+01 6.55555200e+02 8.12001700e+01 1.56341300e+03 8.77761600e+01 2.02523600e+03 9.32769400e+01 2.35661600e+03 2.31044000e+02 5.88885400e+03 4.43184100e-01 7.26155700e-01 4.60941900e-01 6.43671500e-01 4.59566300e-01 6.02366000e-01 4.54732000e-01 5.73162200e-01 2.89029200e-01 2.97944800e-01 2.59703900e+01 1.04662200e+02 2.94138400e+01 9.68743000e+00 3.95666400e+02 2.41500200e+01 1.15095600e+04 7.06753100e+02 3.31389300e-02 1.21731700e+00 4.43541100e+00 8.56304900e+00 1.19390600e+04 5.68586700e+00
1.06450200e+00 6.33115700e+03 2.19918400e-02 1.14091000e-01 1.04124100e+00 5.72285900e-02 2.72992700e+00 3.03277400e+00 9.55627200e-01 1.00064800e+00 2.70736000e+02 4.39185000e+01 8.40514200e+01 4.93318200e+01 4.05445300e+00 6.25234100e-01 8.50480400e-01 5.64553700e-01 2.84228700e+00 1.27346600e+00 6.89117700e-01 9.34342200e-01 8.49438200e-01 9.98758100e-01 1.00399600e+00 9.88016400e-01 9.89179500e-01 6.55340600e+01 6.81636500e-01 3.18363500e-01 1.36728000e-01 8.96034000e-02 7.95274600e-01 8.19253200e-01 4.48723500e-01 5.97376300e-01 9.82389200e-01 9.88111900e+01 2.44934600e+00 7.92388900e+00 2.07547200e+00 1.85101000e+00 1.23765500e+03 5.71583500e+03 2.52831600e+03 8.16410100e+02 2.31550900e+02 9.55627200e-01 2.40908000e-01 2.42218000e-01 2.54590600e+00 1.41413300e+01 1.08955700e+03 1.47935700e+02 1.04167400e+00 1.42017200e+01 1.05836900e+03 1.50778400e+02 1.37997200e-01 1.60301800e-01 3.39605600e+03 1.01428400e-02 8.13348200e-01 4.49689700e-01 7.07642300e+01 6.61022400e+02 8.07593400e+01 1.57479300e+03 8.73886700e+01 2.03889800e+03 9.29293700e+01 2.37163200e+03 2.31210100e+02 5.90762200e+03 4.52704500e-01 7.34220700e-01 4.69195300e-01 6.50112600e-01 4.67032000e-01 6.08101500e-01 4.61616700e-01 5.78439200e-01 2.91436700e-01 3.00144300e-01 2.90615700e+01 1.05283900e+02 3.15271700e+01 8.45762600e+00 3.96821000e+02 2.44238500e+01 1.15085700e+04 7.06986400e+02 1.15858200e-01 8.20176000e-01 6.05940300e+00 1.00607800e+01 1.19382700e+04 6.99543700e+00
1.09383900e+00 6.32904300e+03 2.20812800e-02 1.16746100e-01 1.04105400e+00 5.14758300e-02 2.85367100e+00 3.03585600e+00 9.55022000e-01 1.00278000e+00 2.51242800e+02 4.37845200e+01 9.39657800e+01 4.26941300e+01 2.39858800e+00 5.79152100e-01 5.58277500e-01 4.60339300e-01 4.77734600e+00 1.22350200e+00 8.55217900e-01 1.05315900e+00 1.21006100e+00 9.98575100e-01 1.00235100e+00 9.98378800e-01 9.99535900e-01 6.60614000e+01 6.80410100e-01 3.19589900e-01 1.39472500e-01 9.21375000e-02 8.01049600e-01 8.26790100e-01 4.52851600e-01 6.02292800e-01 9.85565500e-01 9.86163200e+01 2.45866400e+00 7.37762500e+00 2.08187900e+00 1.87821000e+00 1.25320700e+03 5.77669600e+03 2.54764700e+03 8.19597900e+02 2.31722200e+02 9.55022000e-01 2.42665700e-01 2.43982300e-01 2.57295800e+00 1.40132300e+01 1.08980700e+03 1.46490200e+02 1.04140000e+00 1.40666600e+01 1.05886500e+03 1.49279800e+02 1.39109800e-01 1.60546600e-01 3.40547300e+03 1.02588000e-02 8.11875900e-01 4.48852200e-01 7.13532100e+01 6.55656500e+02 8.14627200e+01 1.56171000e+03 8.81660900e+01 2.02176400e+03 9.37678100e+01 2.35154300e+03 2.33483100e+02 5.85423000e+03 4.56742500e-01 7.39430900e-01 4.73075700e-01 6.54593200e-01 4.70753600e-01 6.12237400e-01 4.65202500e-01 5.82339100e-01 2.93334800e-01 3.02059700e-01 3.07230600e+01 1.07590500e+02 3.22872300e+01 8.35287500e+00 3.95807100e+02 2.51320300e+01 1.15080200e+04 7.07036700e+02 1.45187500e-01 7.19420900e-01 6.70364700e+00 6.16717800e+00 1.19373100e+04 7.56825500e+00
1.10728100e+00 6.33058900e+03 2.20523800e-02 1.16256800e-01 1.04100400e+00 5.47337600e-02 2.85990100e+00 3.03652200e+00 9.53546200e-01 1.00197500e+00 2.67427100e+02 4.84826000e+01 7.07158000e+01 5.58145400e+01 4.28892900e+00 6.30247000e-01 9.11202600e-01 9.40779400e-01 5.11560100e+00 1.21410100e+00 1.08664200e+00 9.33709600e-01 1.17786700e+00 9.98811200e-01 1.00297500e+00 9.92623500e-01 9.91471600e-01 6.62664800e+01 6.83565100e-01 3.16434900e-01 1.38954400e-01 9.20801700e-02 7.99111100e-01 8.20708100e-01 4.49520300e-01 5.99346900e-01 9.81658000e-01 9.90106100e+01 2.45680800e+00 7.71026600e+00 2.08326600e+00 1.86725500e+00 1.25247600e+03 5.76300500e+03 2.53284600e+03 8.13536900e+02 2.29680100e+02 9.53546200e-01 2.42739300e-01 2.44056100e-01 2.58058100e+00 1.40090000e+01 1.08980600e+03 1.46611800e+02 1.04134500e+00 1.40790800e+01 1.05878800e+03 1.49412800e+02 1.38924500e-01 1.60618900e-01 3.38984800e+03 1.02161200e-02 8.14547500e-01 4.50269100e-01 7.15242600e+01 6.53856100e+02 8.15774400e+01 1.55819100e+03 8.82481800e+01 2.01770900e+03 9.38248400e+01 2.34723500e+03 2.33142400e+02 5.85214400e+03 4.53664900e-01 7.37946700e-01 4.70660600e-01 6.53611900e-01 4.68707800e-01 6.11456800e-01 4.63416000e-01 5.81681400e-01 2.93124900e-01 3.01973500e-01 3.25395600e+01 1.07562900e+02 3.32570400e+01 8.45321700e+00 3.96300600e+02 2.53847700e+01 1.15110700e+04 7.06912000e+02 9.02126100e-02 9.26576500e-01 5.61458900e+00 6.42354700e+00 1.19412100e+04 6.63137800e+00
1.10584700e+00 6.33387600e+03 2.22930000e-02 1.18753800e-01 1.04048300e+00 5.85675500e-02 3.03369200e+00 3.04751400e+00 9.64812600e-01 9.99999600e-01 2.31003400e+02 2.65612900e+01 9.47200600e+01 3.62040300e+01 3.24073600e+00 6.27873600e-01 6.23047900e-01 8.07245900e-01 8.43654600e+00 7.69892100e-01 9.56964900e-01 1.08808700e+00 1.14126000e+00 9.97869800e-01 1.00215500e+00 9.94296300e-01 1.00408500e+00 6.74383500e+01 6.88447500e-01 3.11552500e-01 1.41691900e-01 9.55547100e-02 8.08556600e-01 8.23977500e-01 4.51311100e-01 6.04078300e-01 9.84593400e-01 9.95183100e+01 2.44135600e+00 8.10394300e+00 2.10629200e+00 1.87347300e+00 1.22904000e+03 5.72601200e+03 2.53013700e+03 8.13599100e+02 2.29604200e+02 9.64812600e-01 2.45199300e-01 2.46525200e-01 2.59580500e+00 1.38259400e+01 1.08989700e+03 1.44874700e+02 1.04068300e+00 1.39211200e+01 1.05966600e+03 1.47569300e+02 1.40351600e-01 1.60789800e-01 3.37615500e+03 1.02958800e-02 8.17409100e-01 4.51575500e-01 7.27095800e+01 6.42842500e+02 8.28019900e+01 1.53312200e+03 8.95061800e+01 1.98601500e+03 9.51142700e+01 2.31099200e+03 2.35577600e+02 5.77515200e+03 4.55887100e-01 7.47147200e-01 4.74176000e-01 6.62283400e-01 4.72770800e-01 6.19784700e-01 4.67803900e-01 5.89736900e-01 2.97351900e-01 3.06551300e-01 2.52221900e+01 1.05877000e+02 2.95176200e+01 8.61762700e+00 3.97121100e+02 2.34326100e+01 1.15195800e+04 7.06750200e+02 3.93959700e-02 1.15641700e+00 4.68549500e+00 6.36944800e+00 1.19487500e+04 5.88130800e+00
4.73016100e-01 6.33658500e+03 2.23454400e-02 1.17655600e-01 1.04067200e+00 4.49137100e-02 2.89864500e+00 3.00901400e+00 9.54940800e-01 9.97142000e-01 2.35728700e+02 3.57776300e+01 1.28072800e+02 2.54063800e+01 3.28866800e+00 7.23156800e-01 4.34001400e-02 1.43244300e-01 6.01343400e+00 8.98724500e-01 1.08429400e+00 1.03506400e+00 1.02225700e+00 9.97307800e-01 9.98701100e-01 9.92990400e-01 9.81056100e-01 6.63543700e+01 6.80560200e-01 3.19439800e-01 1.40646200e-01 9.33249100e-02 7.90565200e-01 8.15777200e-01 4.46819600e-01 5.94340000e-01 9.70516500e-01 9.85345500e+01 2.42606200e+00 6.64825400e+00 2.02674000e+00 1.85262100e+00 1.23536900e+03 5.71061200e+03 2.50828300e+03 8.07223100e+02 2.28113800e+02 9.54940800e-01 2.43392500e-01 2.44711700e-01 2.53905900e+00 1.39532100e+01 1.08959900e+03 1.45809600e+02 1.04095600e+00 1.40072800e+01 1.05958900e+03 1.48497500e+02 1.39945000e-01 1.60265100e-01 3.41311400e+03 1.03136100e-02 8.10984000e-01 4.48182800e-01 7.16672300e+01 6.52772600e+02 8.18174000e+01 1.55487700e+03 8.85479500e+01 2.01294300e+03 9.41724900e+01 2.34130200e+03 2.34467800e+02 5.82914300e+03 4.50664700e-01 7.29766200e-01 4.66815500e-01 6.46051200e-01 4.64540200e-01 6.04253600e-01 4.59072800e-01 5.74748600e-01 2.89507800e-01 2.98129900e-01 2.97566100e+01 1.07212200e+02 3.32233200e+01 1.00358200e+01 3.96039900e+02 2.46935600e+01 1.15219800e+04 7.07030400e+02 1.59715400e-01 6.71532900e-01 7.16821000e+00 5.38794600e+00 1.19527500e+04 7.99945800e+00
9.91839500e-01 6.33666600e+03 2.24478200e-02 1.21025800e-01 1.04025700e+00 5.09335700e-02 3.13349600e+00 3.03551000e+00 9.60704200e-01 9.98379700e-01 2.29853300e+02 4.99063000e+01 7.97660800e+01 5.57471500e+01 5.74182800e+00 8.41902300e-01 5.91060200e-01 5.57687300e-01 3.86211000e+00 1.09221200e+00 8.61815100e-01 7.49381100e-01 9.21571100e-01 9.98705500e-01 1.00029700e+00 9.99250300e-01 9.95674100e-01 6.78521700e+01 6.86964900e-01 3.13035100e-01 1.44118800e-01 9.77877300e-02 8.06091400e-01 8.23417700e-01 4.51004500e-01 6.02951700e-01 9.78593700e-01 9.92669700e+01 2.43917700e+00 7.34100300e+00 2.08115900e+00 1.87959800e+00 1.23992600e+03 5.75133800e+03 2.52252600e+03 8.07822500e+02 2.27190900e+02 9.60704200e-01 2.46588700e-01 2.47919600e-01 2.60129000e+00 1.37231800e+01 1.08999800e+03 1.43675700e+02 1.04038200e+00 1.38099000e+01 1.06027600e+03 1.46298900e+02 1.41431600e-01 1.60847000e-01 3.38877100e+03 1.04034500e-02 8.15471600e-01 4.50445700e-01 7.31811800e+01 6.38806000e+02 8.33777700e+01 1.52314200e+03 9.01489000e+01 1.97285600e+03 9.58119200e+01 2.29549100e+03 2.37540500e+02 5.73238600e+03 4.55425300e-01 7.44721900e-01 4.73326200e-01 6.59971500e-01 4.71751600e-01 6.17553700e-01 4.66681700e-01 5.87572100e-01 2.96185800e-01 3.05294500e-01 3.44628400e+01 1.06676300e+02 3.56681800e+01 8.79014500e+00 3.95745200e+02 2.45614200e+01 1.15263200e+04 7.06795200e+02 6.28579600e-02 1.03858200e+00 5.29426000e+00 4.72273200e+00 1.19554200e+04 6.39570000e+00
8.76510400e-01 6.33345900e+03 2.23604700e-02 1.19448400e-01 1.04073800e+00 5.19996000e-02 3.12033600e+00 3.03825400e+00 9.68847900e-01 9.99452100e-01 2.39279100e+02 3.88626300e+01 1.07043600e+02 3.58673500e+01 7.04969000e+00 7.76881900e-01 5.87551000e-01 4.64451500e-01 2.92501400e+00 5.21410400e-01 6.76160800e-01 9.96024700e-01 9.04316700e-01 9.98838400e-01 9.99828700e-01 1.00414200e+00 9.96808000e-01 6.83429000e+01 6.95008300e-01 3.04991700e-01 1.42454000e-01 9.73572200e-02 8.05741000e-01 8.12416700e-01 4.44979000e-01 5.98780300e-01 9.74650200e-01 1.00378700e+02 2.41276800e+00 7.44781500e+00 2.08687700e+00 1.88074700e+00 1.22353000e+03 5.73812200e+03 2.53608000e+03 8.14901200e+02 2.29466000e+02 9.68847900e-01 2.46381400e-01 2.47711500e-01 2.61299400e+00 1.37248000e+01 1.08995600e+03 1.44210400e+02 1.04087000e+00 1.38547900e+01 1.05993300e+03 1.46875200e+02 1.40802900e-01 1.61041800e-01 3.35530000e+03 1.02917300e-02 8.21653400e-01 4.53747300e-01 7.35752400e+01 6.34808000e+02 8.36136900e+01 1.51553200e+03 9.02920400e+01 1.96425700e+03 9.58832300e+01 2.28651800e+03 2.36418800e+02 5.73214600e+03 4.50058100e-01 7.45194700e-01 4.69742300e-01 6.61267000e-01 4.69112400e-01 6.19130400e-01 4.64688600e-01 5.89298100e-01 2.97380800e-01 3.06880300e-01 2.85389800e+01 1.04104700e+02 3.17104600e+01 9.23892400e+00 3.95776800e+02 2.28650400e+01 1.15157000e+04 7.06593700e+02 5.03584200e-04 1.67729600e+00 3.57168600e+00 1.14975500e+01 1.19435800e+04 5.24948600e+00
8.16453900e-01 6.32820800e+03 2.21265500e-02 1.14238100e-01 1.04140000e+00 5.24209300e-02 2.77831100e+00 3.03074300e+00 9.61490500e-01 1.00407900e+00 2.27770700e+02 4.42184600e+01 1.02068800e+02 3.92763900e+01 3.53533800e+00 6.57034400e-01 5.80745100e-01 8.51788200e-01 5.50040100e+00 1.06440200e+00 6.32912200e-01 9.31394800e-01 8.84030900e-01 9.97608200e-01 1.00116700e+00 9.91461600e-01 9.88665400e-01 6.62152100e+01 6.87510000e-01 3.12490000e-01 1.37009800e-01 9.07213200e-02 7.94722000e-01 8.11096700e-01 4.44256000e-01 5.94188500e-01 9.76644100e-01 9.95350600e+01 2.42636200e+00 7.41729700e+00 2.07126300e+00 1.86510300e+00 1.23278000e+03 5.74789900e+03 2.54847000e+03 8.24391400e+02 2.33936600e+02 9.61490500e-01 2.41640900e-01 2.42953600e-01 2.53797300e+00 1.40697000e+01 1.08944900e+03 1.47530700e+02 1.04178500e+00 1.41613500e+01 1.05875000e+03 1.50320500e+02 1.38372300e-01 1.60323100e-01 3.38015600e+03 1.01295500e-02 8.16737500e-01 4.51365300e-01 7.14035500e+01 6.54671600e+02 8.13393300e+01 1.56109700e+03 8.79380200e+01 2.02210000e+03 9.34571900e+01 2.35285500e+03 2.31622800e+02 5.87707300e+03 4.48721600e-01 7.34274800e-01 4.66492200e-01 6.50777100e-01 4.65002800e-01 6.08977800e-01 4.60047000e-01 5.79430000e-01 2.92152600e-01 3.01130900e-01 2.92380300e+01 1.06197200e+02 2.99740300e+01 9.19634600e+00 3.95815100e+02 2.30910600e+01 1.15066400e+04 7.06778200e+02 3.73706800e-02 1.21731700e+00 4.47228700e+00 9.16741500e+00 1.19347400e+04 5.72697500e+00
7.98180500e-01 6.33784700e+03 2.21213100e-02 1.13875300e-01 1.04138900e+00 4.88930500e-02 2.73112100e+00 3.02382500e+00 9.54339000e-01 1.00468300e+00 2.03053500e+02 3.39423600e+01 1.01159000e+02 4.50373200e+01 7.29889800e+00 7.98255400e-01 5.06134000e-01 3.97342300e-01 2.23305400e+00 1.65277700e+00 1.01981700e+00 8.53628400e-01 1.11279100e+00 9.99883800e-01 9.99778200e-01 9.87489900e-01 9.84053000e-01 6.57757600e+01 6.84171100e-01 3.15828900e-01 1.36641800e-01 8.98771700e-02 7.90133100e-01 8.10710000e-01 4.44044200e-01 5.92329300e-01 9.74243100e-01 9.91118800e+01 2.43722900e+00 7.04193100e+00 2.05698200e+00 1.86535900e+00 1.25012500e+03 5.78426700e+03 2.54828900e+03 8.22811300e+02 2.33362600e+02 9.54339000e-01 2.40979500e-01 2.42289800e-01 2.52234300e+00 1.41209300e+01 1.08937800e+03 1.47885700e+02 1.04181200e+00 1.41950500e+01 1.05867400e+03 1.50681500e+02 1.38188800e-01 1.60154900e-01 3.39333600e+03 1.01355700e-02 8.14314600e-01 4.50102000e-01 7.09872300e+01 6.58755900e+02 8.09489100e+01 1.57002300e+03 8.75598800e+01 2.03313200e+03 9.30870100e+01 2.36525900e+03 2.31212500e+02 5.89883300e+03 4.48190400e-01 7.29718600e-01 4.65136600e-01 6.46393200e-01 4.63279000e-01 6.04732500e-01 4.58096200e-01 5.75302400e-01 2.89950700e-01 2.98720400e-01 2.79948500e+01 1.06657600e+02 3.15364700e+01 9.13005900e+00 3.95662700e+02 2.44839900e+01 1.15149200e+04 7.06889800e+02 7.75080500e-02 9.81866700e-01 5.31848300e+00 1.82308700e+01 1.19442000e+04 6.37785800e+00
7.55231900e-01 6.33766400e+03 2.22358400e-02 1.16718500e-01 1.04123200e+00 5.83210800e-02 2.81627700e+00 3.04884800e+00 9.51560300e-01 1.00176200e+00 2.58961500e+02 3.19930800e+01 7.75480600e+01 4.75395400e+01 2.03386300e+00 6.20801000e-01 5.45871300e-01 9.11611200e-01 9.88968300e+00 7.16195200e-01 5.53853100e-01 7.47254800e-01 7.64634100e-01 1.00012100e+00 1.00095000e+00 9.92535600e-01 9.90318400e-01 6.58123800e+01 6.77693800e-01 3.22306200e-01 1.39599500e-01 9.18737500e-02 8.05774400e-01 8.35193600e-01 4.57454400e-01 6.07128500e-01 9.93252500e-01 9.82617100e+01 2.48671100e+00 8.03070100e+00 2.10910400e+00 1.87689900e+00 1.26369000e+03 5.79573600e+03 2.54567000e+03 8.19413700e+02 2.32244000e+02 9.51560300e-01 2.42212600e-01 2.43527500e-01 2.53090000e+00 1.40326800e+01 1.08957200e+03 1.46571500e+02 1.04157700e+00 1.40720800e+01 1.05920800e+03 1.49305800e+02 1.39346300e-01 1.60212400e-01 3.42624900e+03 1.02947400e-02 8.08730000e-01 4.47096600e-01 7.11273400e+01 6.57939500e+02 8.12735800e+01 1.56648300e+03 8.79972200e+01 2.02751400e+03 9.36139900e+01 2.35788000e+03 2.33509900e+02 5.86262000e+03 4.61138700e-01 7.43529200e-01 4.76958500e-01 6.57935300e-01 4.74308500e-01 6.15245700e-01 4.68512700e-01 5.85128100e-01 2.94639100e-01 3.03289900e-01 2.74554500e+01 1.03465600e+02 2.90456700e+01 8.97379600e+00 3.97371400e+02 2.65267300e+01 1.15140600e+04 7.07156700e+02 2.06056200e-01 5.80430900e-01 7.91206300e+00 1.25466600e+01 1.19469300e+04 8.69855000e+00
1.16747900e+00 6.33510100e+03 2.26096800e-02 1.21564300e-01 1.04043700e+00 5.49115900e-02 3.23403500e+00 3.05418500e+00 9.67335700e-01 1.00185000e+00 2.23015800e+02 3.32881000e+01 9.94873200e+01 4.28548300e+01 6.21307000e+00 8.19962300e-01 2.72523900e-01 3.91028500e-01 5.61874000e+00 1.05986000e+00 1.16599200e+00 9.16064900e-01 1.34108800e+00 9.99215700e-01 1.00048700e+00 9.91477000e-01 9.96991700e-01 6.90240500e+01 6.96034100e-01 3.03965900e-01 1.44819100e-01 9.99599900e-02 8.14096100e-01 8.19459500e-01 4.48836500e-01 6.04480000e-01 9.79885800e-01 1.00424100e+02 2.43521800e+00 7.73773200e+00 2.12039000e+00 1.89985400e+00 1.24105700e+03 5.80500600e+03 2.54672300e+03 8.15705700e+02 2.29343400e+02 9.67335700e-01 2.47968600e-01 2.49304400e-01 2.60651700e+00 1.36019800e+01 1.08993800e+03 1.42927100e+02 1.04048300e+00 1.37366200e+01 1.06073400e+03 1.45491500e+02 1.42039600e-01 1.61012900e-01 3.36047500e+03 1.03851900e-02 8.21263700e-01 4.53351600e-01 7.42936700e+01 6.28594600e+02 8.44019000e+01 1.50094800e+03 9.11283000e+01 1.94552000e+03 9.67604800e+01 2.26484100e+03 2.38407600e+02 5.68072300e+03 4.54020500e-01 7.53025500e-01 4.74141100e-01 6.68329600e-01 4.73628500e-01 6.25789900e-01 4.69243700e-01 5.95665800e-01 3.00619700e-01 3.10280300e-01 3.05314900e+01 1.08230800e+02 3.36483700e+01 8.68365100e+00 3.96165200e+02 2.36879500e+01 1.15208900e+04 7.06575700e+02 1.96440900e-04 1.67729600e+00 3.61201900e+00 8.90786000e+00 1.19494300e+04 5.28951200e+00
1.01305400e+00 6.33396000e+03 2.25090500e-02 1.22257900e-01 1.04057800e+00 4.98515300e-02 3.22866200e+00 3.04661900e+00 9.65201600e-01 1.00336300e+00 3.07018200e+02 5.36896000e+01 9.03505600e+01 5.39846300e+01 5.36772900e+00 8.07881700e-01 4.89883100e-01 2.53486700e-01 1.66452200e+00 1.00944600e+00 9.35701400e-01 7.70715500e-01 1.00084700e+00 9.98092900e-01 1.00010500e+00 9.95447100e-01 9.93061600e-01 6.86798100e+01 6.91722200e-01 3.08277800e-01 1.45412100e-01 9.98687300e-02 8.13351400e-01 8.24496300e-01 4.51595200e-01 6.06057500e-01 9.81439900e-01 9.98949500e+01 2.43819100e+00 7.24639900e+00 2.10440800e+00 1.90471300e+00 1.24530400e+03 5.80437800e+03 2.54995200e+03 8.15988100e+02 2.29221100e+02 9.65201600e-01 2.47860500e-01 2.49195900e-01 2.62285800e+00 1.36164900e+01 1.09011700e+03 1.42855000e+02 1.04062600e+00 1.37278000e+01 1.06054300e+03 1.45450200e+02 1.42027200e-01 1.61130400e-01 3.37667700e+03 1.04315700e-02 8.18137100e-01 4.51800300e-01 7.39925500e+01 6.31462900e+02 8.41759700e+01 1.50676000e+03 9.09456500e+01 1.95237300e+03 9.66109000e+01 2.27226200e+03 2.38753900e+02 5.68729600e+03 4.56446600e-01 7.51900100e-01 4.75574200e-01 6.66849500e-01 4.74545400e-01 6.24203700e-01 4.69811300e-01 5.94031800e-01 2.99618100e-01 3.09049400e-01 3.62858000e+01 1.08115400e+02 3.75791000e+01 8.87984400e+00 3.95755900e+02 2.38052900e+01 1.15228800e+04 7.06663200e+02 1.50174500e-02 1.40705700e+00 4.13406600e+00 4.37625600e+00 1.19513200e+04 5.55614100e+00
5.14749900e-01 6.33757700e+03 2.24503200e-02 1.17848500e-01 1.04157600e+00 5.60988700e-02 3.05140200e+00 3.04053000e+00 9.68847800e-01 1.00020000e+00 2.58298000e+02 4.35498900e+01 1.06542500e+02 3.47558400e+01 4.08798100e+00 8.47623200e-01 3.36425600e-01 9.32738400e-01 8.88896800e+00 9.96763800e-01 7.46545600e-01 1.09867500e+00 1.19097200e+00 9.98257500e-01 1.00203200e+00 1.00558000e+00 9.99024400e-01 6.84637500e+01 6.99305700e-01 3.00694300e-01 1.40944000e-01 9.64955300e-02 8.03646900e-01 8.04576300e-01 4.40684600e-01 5.95109100e-01 9.71258700e-01 1.01015400e+02 2.40880800e+00 7.81097400e+00 2.09163300e+00 1.86964300e+00 1.22091900e+03 5.73288900e+03 2.53098300e+03 8.15238300e+02 2.30178100e+02 9.68847800e-01 2.45498700e-01 2.46825600e-01 2.57259000e+00 1.37550200e+01 1.08963600e+03 1.44900900e+02 1.04174900e+00 1.39093900e+01 1.05997100e+03 1.47545900e+02 1.40427000e-01 1.60839000e-01 3.35026600e+03 1.02291100e-02 8.23438500e-01 4.54628800e-01 7.36352000e+01 6.33980600e+02 8.35664400e+01 1.51459600e+03 9.01800600e+01 1.96372800e+03 9.57201600e+01 2.28646500e+03 2.35303100e+02 5.74421900e+03 4.46079300e-01 7.43690400e-01 4.66668900e-01 6.60411100e-01 4.66551000e-01 6.18529100e-01 4.62488700e-01 5.88850200e-01 2.97338400e-01 3.07030800e-01 3.20848800e+01 1.10396400e+02 3.71319900e+01 1.03672300e+01 3.96293100e+02 2.26364900e+01 1.15253700e+04 7.06529900e+02 1.20167600e-02 2.04033800e+00 3.36363600e+00 8.54596900e+00 1.19546600e+04 5.41599000e+00
6.66796500e-01 6.33015400e+03 2.24118600e-02 1.19089700e-01 1.04146500e+00 5.71153200e-02 3.10153000e+00 3.04483800e+00 9.70962700e-01 9.99989000e-01 2.85017000e+02 5.75026500e+01 9.04088400e+01 4.99042300e+01 4.85845400e+00 6.63726600e-01 9.29715500e-01 5.32854900e-01 5.97735000e-01 1.11766200e+00 1.13123700e+00 9.35859000e-01 9.24597600e-01 9.98392700e-01 1.00171800e+00 1.00216900e+00 9.92663100e-01 6.85406500e+01 6.97419800e-01 3.02580200e-01 1.42146700e-01 9.74283000e-02 8.08846600e-01 8.12317400e-01 4.44924600e-01 5.99896500e-01 9.76994400e-01 1.00759500e+02 2.41397800e+00 7.94830300e+00 2.10066300e+00 1.87390100e+00 1.21646900e+03 5.71423500e+03 2.53111500e+03 8.14856500e+02 2.29892300e+02 9.70962700e-01 2.46151900e-01 2.47481200e-01 2.59687400e+00 1.37154600e+01 1.08984200e+03 1.44357200e+02 1.04161800e+00 1.38589400e+01 1.06000900e+03 1.47006900e+02 1.40774600e-01 1.61025800e-01 3.35641900e+03 1.02822900e-02 8.22161500e-01 4.53990900e-01 7.37503700e+01 6.33125600e+02 8.37475100e+01 1.51210100e+03 9.04021200e+01 1.96019500e+03 9.59752000e+01 2.28210600e+03 2.36242900e+02 5.72794100e+03 4.50197000e-01 7.48311800e-01 4.70500500e-01 6.64303800e-01 4.70157600e-01 6.22086600e-01 4.65915100e-01 5.92182000e-01 2.98936600e-01 3.08597100e-01 3.51624900e+01 1.06608200e+02 3.53881300e+01 9.82546100e+00 3.96545600e+02 2.23590200e+01 1.15170700e+04 7.06554100e+02 3.29962400e-03 1.89191900e+00 3.36246600e+00 2.69334800e+00 1.19458000e+04 5.25768400e+00
5.32198900e-01 6.33364600e+03 2.25782100e-02 1.19096900e-01 1.04111600e+00 5.90997100e-02 3.18343500e+00 3.04962000e+00 9.79863900e-01 9.99260700e-01 1.76691700e+02 3.87282400e+01 1.04494300e+02 3.91790900e+01 7.62580200e+00 7.95360300e-01 9.08507600e-01 7.81346900e-01 2.68369200e+00 1.40576300e+00 1.08111900e+00 1.00768900e+00 9.33052200e-01 9.97179500e-01 1.00217700e+00 9.98911300e-01 9.97173500e-01 6.95184300e+01 7.05512700e-01 2.94487300e-01 1.42320200e-01 9.89387800e-02 8.10046000e-01 8.02568900e-01 4.39585100e-01 5.96727900e-01 9.71537700e-01 1.01783200e+02 2.38832400e+00 8.11615000e+00 2.11073200e+00 1.87542600e+00 1.19973200e+03 5.70708300e+03 2.53504100e+03 8.17797500e+02 2.30802700e+02 9.79863900e-01 2.47294400e-01 2.48627800e-01 2.59499000e+00 1.36254200e+01 1.08971400e+03 1.43823100e+02 1.04119900e+00 1.38132200e+01 1.06046700e+03 1.46411800e+02 1.41217600e-01 1.61052100e-01 3.32424400e+03 1.02391700e-02 8.28356500e-01 4.57085500e-01 7.46649400e+01 6.24795100e+02 8.45654300e+01 1.49413800e+03 9.11681500e+01 1.93818500e+03 9.67036700e+01 2.25753200e+03 2.36661000e+02 5.68926800e+03 4.45475600e-01 7.50243500e-01 4.67608000e-01 6.66932600e-01 4.68233100e-01 6.24931200e-01 4.64651700e-01 5.95128300e-01 3.00754200e-01 3.10867100e-01 2.78406600e+01 1.06108800e+02 3.18539300e+01 1.03372700e+01 3.96823900e+02 2.12755500e+01 1.15149200e+04 7.06493200e+02 7.06353600e-02 2.59136600e+00 3.87925500e+00 1.09001500e+01 1.19433600e+04 6.54125600e+00
1.24167900e-01 6.33130000e+03 2.25437200e-02 1.14736700e-01 1.04161700e+00 4.82878000e-02 2.85547800e+00 3.01319800e+00 9.66720300e-01 9.99013100e-01 2.55213700e+02 2.72675800e+01 1.00027300e+02 3.45272300e+01 1.62898300e-01 6.18982900e-01 2.34717100e-01 8.17158800e-01 8.54680000e+00 1.17894400e+00 9.67799200e-01 9.33103500e-01 8.68015500e-01 9.97246400e-01 1.00068000e+00 1.00146800e+00 9.83803800e-01 6.73577900e+01 6.96003100e-01 3.03996900e-01 1.37925600e-01 9.29036200e-02 7.86995200e-01 7.92220400e-01 4.33917000e-01 5.84372000e-01 9.58910700e-01 1.00562300e+02 2.38258200e+00 6.92291300e+00 2.03523800e+00 1.84787700e+00 1.21175900e+03 5.71006100e+03 2.52334500e+03 8.17996300e+02 2.32297100e+02 9.66720300e-01 2.42875600e-01 2.44192900e-01 2.48903900e+00 1.39384400e+01 1.08905600e+03 1.46659600e+02 1.04190200e+00 1.40761500e+01 1.05981800e+03 1.49295700e+02 1.39431300e-01 1.60068500e-01 3.36667700e+03 1.01432300e-02 8.20573000e-01 4.53060500e-01 7.24973000e+01 6.44174700e+02 8.23627700e+01 1.53813500e+03 8.89275200e+01 1.99371100e+03 9.44243100e+01 2.32093400e+03 2.32661300e+02 5.82124000e+03 4.38986200e-01 7.27957900e-01 4.58432100e-01 6.46083600e-01 4.57933200e-01 6.04961700e-01 4.53691800e-01 5.75841800e-01 2.90661400e-01 2.99971800e-01 2.57088700e+01 1.03653400e+02 2.87839100e+01 1.31651000e+01 3.95773200e+02 2.22261100e+01 1.15154300e+04 7.06576200e+02 2.47314900e-04 1.74777200e+00 3.42861400e+00 4.25536000e+00 1.19465900e+04 5.17663300e+00
9.35054200e-01 6.33443600e+03 2.25274600e-02 1.21292300e-01 1.04027600e+00 5.18019000e-02 3.17876100e+00 3.03814600e+00 9.68876900e-01 9.97941300e-01 2.23201700e+02 3.28578900e+01 1.10348700e+02 3.02935000e+01 5.30484200e+00 7.63866400e-01 7.04275300e-02 4.12777000e-01 7.24984900e+00 7.71156100e-01 6.39653500e-01 1.02683100e+00 1.04667700e+00 9.97979300e-01 1.00182000e+00 1.00336900e+00 9.92252800e-01 6.83575400e+01 6.90835700e-01 3.09164300e-01 1.44464900e-01 9.87526500e-02 8.09000200e-01 8.21263800e-01 4.49824700e-01 6.03248100e-01 9.78487800e-01 9.97472500e+01 2.42050000e+00 7.42340100e+00 2.08665300e+00 1.88129000e+00 1.22164800e+03 5.72515000e+03 2.52775800e+03 8.11914400e+02 2.28652300e+02 9.68876900e-01 2.47214200e-01 2.48547300e-01 2.60248000e+00 1.36696600e+01 1.08996500e+03 1.43326200e+02 1.04036200e+00 1.37765700e+01 1.06050500e+03 1.45919900e+02 1.41725300e-01 1.60901900e-01 3.37666200e+03 1.03973700e-02 8.17922800e-01 4.51666500e-01 7.36600100e+01 6.34377300e+02 8.38212500e+01 1.51350200e+03 9.05748100e+01 1.96097000e+03 9.62259200e+01 2.28215300e+03 2.37946800e+02 5.70960500e+03 4.54585400e-01 7.47790300e-01 4.73413400e-01 6.63108800e-01 4.72286000e-01 6.20662600e-01 4.67506100e-01 5.90637300e-01 2.97878200e-01 3.07211000e-01 2.86242400e+01 1.04923100e+02 3.07883100e+01 9.01827900e+00 3.95760800e+02 2.29688000e+01 1.15170800e+04 7.06685000e+02 2.35314300e-02 1.27934900e+00 4.39703100e+00 1.16560200e+01 1.19448300e+04 5.69991200e+00
8.04242300e-01 6.33705900e+03 2.28814600e-02 1.26954900e-01 1.03954200e+00 5.37861900e-02 3.55780600e+00 3.06557500e+00 9.82146700e-01 1.00423900e+00 2.28976200e+02 4.17994900e+01 9.27685500e+01 4.52232400e+01 3.41074600e+00 6.78363200e-01 5.99984900e-01 5.99273700e-01 9.38363700e+00 9.43137000e-01 6.64514100e-01 8.53529500e-01 8.85486700e-01 9.97947400e-01 1.00064800e+00 1.00373800e+00 9.98567800e-01 7.07855200e+01 6.99673000e-01 3.00327000e-01 1.50481500e-01 1.06519100e-01 8.29866700e-01 8.30318800e-01 4.54784400e-01 6.14337400e-01 9.86361600e-01 1.00748400e+02 2.41825600e+00 7.68280000e+00 2.14468000e+00 1.92594700e+00 1.21831800e+03 5.78705500e+03 2.55883100e+03 8.18681400e+02 2.29436500e+02 9.82146700e-01 2.52215100e-01 2.53566100e-01 2.66404300e+00 1.33085600e+01 1.09036200e+03 1.39894900e+02 1.03935800e+00 1.34597500e+01 1.06199300e+03 1.42329100e+02 1.44502000e-01 1.61524700e-01 3.35041900e+03 1.05713100e-02 8.23400000e-01 4.54244600e-01 7.61238100e+01 6.13230700e+02 8.63811000e+01 1.46510500e+03 9.32124000e+01 1.89961400e+03 9.89351200e+01 2.21185700e+03 2.43147000e+02 5.55773900e+03 4.60344200e-01 7.67981200e-01 4.81672400e-01 6.82009400e-01 4.81587600e-01 6.38768000e-01 4.77418600e-01 6.08123800e-01 3.07017200e-01 3.17079900e-01 3.33774200e+01 1.09706000e+02 3.57747500e+01 9.47877700e+00 3.95937500e+02 2.14837900e+01 1.15242300e+04 7.06525900e+02 2.35420000e-03 1.89191900e+00 3.56250700e+00 1.10016100e+01 1.19511300e+04 5.45678000e+00
1.08416600e+00 6.33636000e+03 2.28840200e-02 1.18574200e-01 1.04088100e+00 5.68109200e-02 3.04849000e+00 3.04663700e+00 9.71675500e-01 1.00046100e+00 1.79118400e+02 2.24139800e+01 1.15655200e+02 3.70101400e+01 9.08579100e+00 7.61991100e-01 5.89904700e-01 1.23300000e-01 7.05991300e-02 9.07932900e-01 9.18738800e-01 8.62342700e-01 8.57145700e-01 9.97691200e-01 9.99937300e-01 9.91241100e-01 9.88747900e-01 6.82989500e+01 6.95367500e-01 3.04632500e-01 1.42103400e-01 9.70551000e-02 8.07096500e-01 8.13304100e-01 4.45465000e-01 5.99610900e-01 9.76603900e-01 1.00322900e+02 2.41699000e+00 7.79571500e+00 2.10444500e+00 1.87841800e+00 1.21991800e+03 5.76280200e+03 2.54284300e+03 8.22674900e+02 2.33470500e+02 9.71675500e-01 2.45626900e-01 2.46954300e-01 2.49444300e+00 1.37382100e+01 1.08916600e+03 1.44394500e+02 1.04101100e+00 1.38706000e+01 1.06100100e+03 1.46887900e+02 1.41456600e-01 1.60114800e-01 3.37928000e+03 1.03156500e-02 8.18813600e-01 4.51875900e-01 7.35219500e+01 6.35242100e+02 8.35435300e+01 1.51665500e+03 9.02112000e+01 1.96577000e+03 9.57937100e+01 2.28832600e+03 2.36138400e+02 5.73769400e+03 4.50583300e-01 7.46484600e-01 4.70381300e-01 6.62451800e-01 4.69793200e-01 6.20256300e-01 4.65391200e-01 5.90380200e-01 2.97945200e-01 3.07475800e-01 2.34835500e+01 1.03700500e+02 2.75121800e+01 8.82022900e+00 3.96340600e+02 2.23564800e+01 1.15271600e+04 7.06587200e+02 1.27854000e-03 1.60798500e+00 3.70575500e+00 6.13567400e+00 1.19546800e+04 5.31501900e+00
1.19996000e+00 6.33259400e+03 2.26907000e-02 1.17238200e-01 1.04101100e+00 5.80598100e-02 2.92272900e+00 3.04545600e+00 9.65536000e-01 1.00076200e+00 2.54414000e+02 3.40762600e+01 1.03788800e+02 3.72890400e+01 3.95073600e+00 6.65812700e-01 5.99806500e-01 6.35220200e-01 2.20883500e+00 1.13373800e+00 1.02087400e+00 9.65073600e-01 9.91401200e-01 9.97667500e-01 1.00143400e+00 9.86929800e-01 9.75110500e-01 6.71783400e+01 6.88508300e-01 3.11491700e-01 1.40574000e-01 9.44353100e-02 8.04927600e-01 8.20199400e-01 4.49241700e-01 6.01337700e-01 9.82069400e-01 9.94891200e+01 2.43753800e+00 7.92388900e+00 2.10196100e+00 1.87152000e+00 1.22906000e+03 5.75750600e+03 2.54079800e+03 8.22381600e+02 2.33753600e+02 9.65536000e-01 2.43846700e-01 2.45167600e-01 2.48674800e+00 1.38805900e+01 1.08916400e+03 1.45528800e+02 1.04123200e+00 1.39765900e+01 1.06039000e+03 1.48097000e+02 1.40526000e-01 1.59952800e-01 3.40013600e+03 1.02913400e-02 8.14523600e-01 4.49783700e-01 7.24248300e+01 6.45367900e+02 8.24769900e+01 1.53915200e+03 8.91544700e+01 1.99383000e+03 9.47402400e+01 2.32009000e+03 2.34646400e+02 5.79796700e+03 4.53830800e-01 7.43797600e-01 4.72045200e-01 6.59318500e-01 4.70650200e-01 6.17012000e-01 4.65708100e-01 5.87099800e-01 2.96032300e-01 3.05186100e-01 2.41884400e+01 1.02718800e+02 2.70770100e+01 8.45608600e+00 3.96779500e+02 2.31808800e+01 1.15194800e+04 7.06748300e+02 4.25502000e-02 1.15641700e+00 4.80683000e+00 4.53799400e+00 1.19479000e+04 6.00579700e+00
1.37380300e+00 6.33628300e+03 2.24924100e-02 1.15780700e-01 1.04083100e+00 6.78795200e-02 2.86170500e+00 3.05679400e+00 9.59132700e-01 9.99280700e-01 2.15038900e+02 2.93247900e+01 9.81302500e+01 3.95347900e+01 2.42192400e+00 8.39813800e-01 2.64945400e-01 4.22749300e-01 5.76845300e+00 1.34858900e+00 8.77143500e-01 8.99453900e-01 9.05363200e-01 9.97164700e-01 9.99721900e-01 9.94134500e-01 9.87919100e-01 6.67535400e+01 6.88246900e-01 3.11753100e-01 1.38918300e-01 9.27328700e-02 8.05094600e-01 8.20713700e-01 4.49523400e-01 6.01588600e-01 9.85393700e-01 9.94852100e+01 2.46252200e+00 8.87603800e+00 2.12592900e+00 1.85604900e+00 1.23952900e+03 5.74830600e+03 2.52284000e+03 8.14233100e+02 2.31129000e+02 9.59132700e-01 2.42943600e-01 2.44261200e-01 2.49997900e+00 1.39651700e+01 1.08921800e+03 1.46386000e+02 1.04112100e+00 1.40604100e+01 1.05978000e+03 1.49033600e+02 1.39641800e-01 1.60006000e-01 3.38812100e+03 1.02121900e-02 8.15943400e-01 4.50665800e-01 7.19755800e+01 6.49411900e+02 8.19709900e+01 1.54874400e+03 8.86104500e+01 2.00622100e+03 9.41642600e+01 2.33448000e+03 2.33253900e+02 5.83332400e+03 4.54073400e-01 7.43932300e-01 4.72245600e-01 6.59416800e-01 4.70826000e-01 6.17095600e-01 4.65866300e-01 5.87174200e-01 2.96074200e-01 3.05212900e-01 2.52453300e+01 1.04298200e+02 3.12761600e+01 8.17782100e+00 4.01143300e+02 2.46906900e+01 1.15193900e+04 7.06756000e+02 4.20345200e-02 1.15641700e+00 4.75509000e+00 6.45688600e+00 1.19534000e+04 5.95354100e+00
1.07199900e+00 6.34054500e+03 2.24462300e-02 1.15169400e-01 1.04079400e+00 7.01262900e-02 2.80673700e+00 3.06249600e+00 9.57055700e-01 9.99307500e-01 1.86342300e+02 2.60333700e+01 1.01098600e+02 4.02637300e+01 3.19601700e+00 7.20765000e-01 1.93718800e-01 1.78104000e-01 3.83704000e+00 8.36364300e-01 8.42643300e-01 9.44433100e-01 1.12422600e+00 9.96074600e-01 1.00175500e+00 9.96795300e-01 9.93702900e-01 6.62738000e+01 6.85214100e-01 3.14785900e-01 1.38260800e-01 9.16306900e-02 8.06504500e-01 8.26140200e-01 4.52495600e-01 6.04102400e-01 9.90685600e-01 9.91079200e+01 2.47803900e+00 9.07745400e+00 2.13808500e+00 1.85829200e+00 1.24658500e+03 5.76324800e+03 2.52959500e+03 8.16953700e+02 2.32233300e+02 9.57055700e-01 2.42168700e-01 2.43483400e-01 2.48908500e+00 1.40283400e+01 1.08916500e+03 1.46874400e+02 1.04111800e+00 1.41073700e+01 1.05958900e+03 1.49543100e+02 1.39295400e-01 1.59870000e-01 3.39772200e+03 1.02023000e-02 8.14015600e-01 4.49691700e-01 7.15034900e+01 6.53926100e+02 8.15121000e+01 1.55875600e+03 8.81557100e+01 2.01870000e+03 9.37108200e+01 2.34859900e+03 2.32608100e+02 5.86004400e+03 4.56834000e-01 7.44934100e-01 4.74352500e-01 6.59975500e-01 4.72571900e-01 6.17482300e-01 4.67360000e-01 5.87458200e-01 2.96105200e-01 3.05108300e-01 2.35237400e+01 1.05422400e+02 2.79818200e+01 8.57694100e+00 4.02589500e+02 2.53955200e+01 1.15244300e+04 7.06853000e+02 8.02311600e-02 9.81866700e-01 5.57671900e+00 6.60825400e+00 1.19609900e+04 6.63881700e+00
2.29427600e-01 6.33453500e+03 2.22557200e-02 1.10295900e-01 1.04167500e+00 5.77451900e-02 2.59616100e+00 3.01880600e+00 9.60889700e-01 9.99577500e-01 2.08455300e+02 1.94806800e+01 1.03223200e+02 3.52378300e+01 3.83509200e+00 7.45840300e-01 2.35198500e-02 1.66665200e-01 5.94146500e+00 8.28861400e-01 8.59768300e-01 1.02945000e+00 1.28220200e+00 9.96874900e-01 1.00139800e+00 9.92333100e-01 9.82520000e-01 6.56585700e+01 6.91034000e-01 3.08966000e-01 1.33196700e-01 8.74550600e-02 7.81180800e-01 7.92768300e-01 4.34217100e-01 5.82410600e-01 9.64064000e-01 9.99931300e+01 2.40403700e+00 7.82928500e+00 2.04668300e+00 1.82345000e+00 1.21422500e+03 5.68579500e+03 2.51742500e+03 8.19439700e+02 2.33909500e+02 9.60889700e-01 2.39124300e-01 2.40427700e-01 2.45031800e+00 1.42343000e+01 1.08875200e+03 1.49515600e+02 1.04216500e+00 1.43466300e+01 1.05859800e+03 1.52292600e+02 1.37204400e-01 1.59599600e-01 3.37114100e+03 9.97360900e-03 8.18794800e-01 4.52344600e-01 7.07473300e+01 6.60480800e+02 8.05019600e+01 1.57582600e+03 8.69855600e+01 2.04175100e+03 9.24109000e+01 2.37619100e+03 2.28483200e+02 5.94541700e+03 4.38903400e-01 7.22104800e-01 4.57139500e-01 6.40366800e-01 4.56078600e-01 5.99392500e-01 4.51481700e-01 5.70406900e-01 2.87765600e-01 2.96743400e-01 2.27636600e+01 1.05267100e+02 2.73974500e+01 1.18333500e+01 3.96572600e+02 2.26561900e+01 1.15182000e+04 7.06680000e+02 9.88782200e-03 1.47275900e+00 3.80395700e+00 7.84412400e+00 1.19492600e+04 5.28660400e+00
3.72631100e-01 6.33126800e+03 2.22882200e-02 1.11431500e-01 1.04149100e+00 5.33557800e-02 2.67933500e+00 3.02066900e+00 9.61196300e-01 1.00114500e+00 2.32471700e+02 3.07254700e+01 1.07915400e+02 3.28395000e+01 3.90288200e+00 6.17014100e-01 6.73083900e-01 7.95615800e-01 5.59619900e+00 9.24326600e-01 9.49941100e-01 1.02583300e+00 9.61745600e-01 9.98410200e-01 1.00273200e+00 9.91750900e-01 9.86695600e-01 6.62078900e+01 6.93474800e-01 3.06525200e-01 1.34364900e-01 8.89601300e-02 7.83156200e-01 7.91627500e-01 4.33592200e-01 5.82726700e-01 9.62484000e-01 1.00283100e+02 2.40253600e+00 7.41729700e+00 2.05050100e+00 1.84295900e+00 1.22518900e+03 5.74063900e+03 2.53475300e+03 8.22804300e+02 2.34222000e+02 9.61196300e-01 2.40320600e-01 2.41628500e-01 2.47342400e+00 1.41474100e+01 1.08889800e+03 1.48712200e+02 1.04192600e+00 1.42728100e+01 1.05882600e+03 1.51467000e+02 1.37724500e-01 1.59819300e-01 3.36090900e+03 1.00022500e-02 8.20673100e-01 4.53298100e-01 7.13024100e+01 6.55156100e+02 8.10700800e+01 1.56373300e+03 8.75660100e+01 2.02648200e+03 9.30034000e+01 2.35874800e+03 2.29559500e+02 5.90883000e+03 4.38454300e-01 7.24167400e-01 4.57268400e-01 6.42456100e-01 4.56486100e-01 6.01456000e-01 4.52069700e-01 5.72437400e-01 2.88873900e-01 2.98000300e-01 2.45978300e+01 1.04697500e+02 2.72354300e+01 1.09194500e+01 3.95809300e+02 2.30010700e+01 1.15168300e+04 7.06623900e+02 1.58103900e-03 1.60798500e+00 3.55094900e+00 4.18735400e+00 1.19465600e+04 5.16051500e+00
1.04827900e+00 6.33400600e+03 2.27584900e-02 1.21072100e-01 1.04084200e+00 6.20133300e-02 3.26034700e+00 3.06692200e+00 9.74364800e-01 1.00306600e+00 2.89799700e+02 3.89063200e+01 1.01172400e+02 3.85823200e+01 6.86403700e-01 6.05493700e-01 3.63565600e-01 1.88534700e-01 6.59980400e+00 1.48959400e+00 1.10969000e+00 1.00733400e+00 1.11673200e+00 9.99189800e-01 1.00201700e+00 9.97827600e-01 9.89939000e-01 6.97674600e+01 7.03182700e-01 2.96817300e-01 1.44475800e-01 1.00797100e-01 8.18793800e-01 8.14439000e-01 4.46086600e-01 6.04361600e-01 9.80275400e-01 1.01390100e+02 2.42559100e+00 8.40301500e+00 2.14757000e+00 1.89706900e+00 1.22735400e+03 5.79058500e+03 2.54858800e+03 8.18707400e+02 2.30683200e+02 9.74364800e-01 2.48370100e-01 2.49707400e-01 2.58815000e+00 1.35469900e+01 1.08973500e+03 1.42811700e+02 1.04085300e+00 1.37206400e+01 1.06107700e+03 1.45325800e+02 1.42226900e-01 1.60988100e-01 3.34095700e+03 1.03426600e-02 8.25600900e-01 4.55508200e-01 7.49718300e+01 6.22403000e+02 8.49771100e+01 1.48786000e+03 9.16460500e+01 1.92967300e+03 9.72353700e+01 2.24731400e+03 2.38365400e+02 5.65683700e+03 4.51855900e-01 7.58102400e-01 4.73701500e-01 6.73647300e-01 4.74048800e-01 6.31108900e-01 4.70232100e-01 6.00940000e-01 3.03578400e-01 3.13677800e-01 3.08010500e+01 1.07678800e+02 3.34662400e+01 8.97546800e+00 3.97948700e+02 2.24069400e+01 1.15163000e+04 7.06499200e+02 3.37923300e-02 2.34993600e+00 3.54989700e+00 9.94641500e+00 1.19456300e+04 5.93362600e+00
9.08632500e-01 6.32718900e+03 2.24616200e-02 1.18208600e-01 1.04081300e+00 5.50475300e-02 3.04060700e+00 3.03879500e+00 9.66696200e-01 9.98887300e-01 2.44941600e+02 3.88966100e+01 1.04913700e+02 3.54898600e+01 2.26563400e+00 5.83420400e-01 4.42169400e-01 7.94292600e-01 5.94434300e+00 1.00411000e+00 9.76582200e-01 1.00634600e+00 1.14599800e+00 9.98265300e-01 1.00035500e+00 9.93608800e-01 9.97337700e-01 6.79620400e+01 6.94045700e-01 3.05954300e-01 1.41315300e-01 9.60407900e-02 8.03136500e-01 8.11067500e-01 4.44240000e-01 5.97315100e-01 9.74218000e-01 1.00238800e+02 2.41829400e+00 7.70721400e+00 2.08800800e+00 1.87033100e+00 1.22448000e+03 5.73564400e+03 2.52935600e+03 8.14465100e+02 2.30002300e+02 9.66696200e-01 2.45358400e-01 2.46684800e-01 2.56685700e+00 1.37895500e+01 1.08964500e+03 1.44852400e+02 1.04098800e+00 1.39149000e+01 1.06000900e+03 1.47492400e+02 1.40535700e-01 1.60650900e-01 3.36400900e+03 1.02636200e-02 8.20344400e-01 4.52988200e-01 7.31810300e+01 6.38297200e+02 8.31912400e+01 1.52362900e+03 8.98493100e+01 1.97459900e+03 9.54228300e+01 2.29843100e+03 2.35440600e+02 5.75930100e+03 4.49235200e-01 7.42691200e-01 4.68643800e-01 6.58941400e-01 4.67903300e-01 6.16909700e-01 4.63416600e-01 5.87157700e-01 2.96271400e-01 3.05686300e-01 2.82393700e+01 1.05797000e+02 2.89492900e+01 9.14843400e+00 3.96168500e+02 2.31155700e+01 1.15123800e+04 7.06612200e+02 2.63781000e-03 1.60798500e+00 3.69632300e+00 1.65031000e+00 1.19408100e+04 5.30694600e+00
6.90833100e-01 6.33203900e+03 2.23982500e-02 1.22670100e-01 1.04065200e+00 5.99673400e-02 3.22612600e+00 3.06031200e+00 9.76640500e-01 1.00006200e+00 2.39132000e+02 3.10220700e+01 1.18049600e+02 3.30941300e+01 5.49664700e+00 6.74460000e-01 7.14580900e-01 4.82489000e-01 1.48583600e+00 9.37365000e-01 1.04776200e+00 1.08628200e+00 1.09957200e+00 9.99486900e-01 1.00189400e+00 9.97196500e-01 9.93005000e-01 6.84417700e+01 6.88930600e-01 3.11069400e-01 1.45713500e-01 9.97289100e-02 8.24537500e-01 8.39611700e-01 4.59874300e-01 6.15778800e-01 9.96666400e-01 9.95655900e+01 2.43758300e+00 8.31146200e+00 2.13342100e+00 1.89229800e+00 1.20839600e+03 5.68586800e+03 2.54074200e+03 8.17713200e+02 2.30593800e+02 9.76640500e-01 2.47786400e-01 2.49121600e-01 2.64239600e+00 1.36294000e+01 1.09029300e+03 1.42846900e+02 1.04071600e+00 1.37258300e+01 1.06035200e+03 1.45474900e+02 1.41923000e-01 1.61271800e-01 3.38483500e+03 1.04550300e-02 8.16418900e-01 4.50988600e-01 7.37811700e+01 6.33472900e+02 8.40100900e+01 1.51088600e+03 9.08056600e+01 1.95728200e+03 9.64905400e+01 2.27761600e+03 2.38912000e+02 5.69300300e+03 4.64572100e-01 7.61957200e-01 4.83322700e-01 6.75456900e-01 4.81942800e-01 6.32131300e-01 4.76913900e-01 6.01496000e-01 3.03271000e-01 3.12689600e-01 2.37520100e+01 1.06857000e+02 2.88416100e+01 9.57248200e+00 3.97409700e+02 2.17911600e+01 1.15209300e+04 7.06736200e+02 3.60285000e-02 1.21731700e+00 4.62650400e+00 1.76158200e+00 1.19497000e+04 5.87985000e+00
6.97726400e-01 6.33481500e+03 2.26230600e-02 1.25162600e-01 1.04026500e+00 5.83443700e-02 3.40352300e+00 3.06379100e+00 9.82113400e-01 1.00127100e+00 2.41225600e+02 5.23995900e+01 1.17702800e+02 2.94705200e+01 4.00534100e+00 6.05820700e-01 8.53096000e-01 9.17195600e-01 2.44942000e+00 8.51908900e-01 1.30924300e+00 1.18598200e+00 1.24307700e+00 9.95423500e-01 9.98948600e-01 9.99024800e-01 9.93487500e-01 6.96722400e+01 6.94223200e-01 3.05776800e-01 1.48430800e-01 1.03415100e-01 8.29470500e-01 8.37418500e-01 4.58673000e-01 6.16810900e-01 9.93736000e-01 1.00159800e+02 2.42465300e+00 8.15887500e+00 2.14085700e+00 1.90506800e+00 1.20377600e+03 5.70332400e+03 2.54480700e+03 8.17462500e+02 2.29919400e+02 9.82113400e-01 2.50159800e-01 2.51503500e-01 2.66140200e+00 1.34533300e+01 1.09038900e+03 1.41223900e+02 1.04019900e+00 1.35766200e+01 1.06115300e+03 1.43758500e+02 1.43295400e-01 1.61482700e-01 3.36987600e+03 1.05291500e-02 8.19580600e-01 4.52464100e-01 7.50184800e+01 6.22651400e+02 8.52755000e+01 1.48632100e+03 9.20980100e+01 1.92627500e+03 9.78093000e+01 2.24220300e+03 2.41301300e+02 5.61886200e+03 4.63813200e-01 7.67053700e-01 4.83887300e-01 6.80566300e-01 4.83138900e-01 6.37158400e-01 4.78516500e-01 6.06431300e-01 3.05953400e-01 3.15711300e-01 3.19393500e+01 1.06166800e+02 3.16877500e+01 9.68017500e+00 3.96830200e+02 2.12450900e+01 1.15186400e+04 7.06608700e+02 4.86679300e-03 1.53969800e+00 3.87729100e+00 1.12059000e+01 1.19463900e+04 5.42185600e+00
4.33513800e-01 6.33422700e+03 2.23626600e-02 1.12118100e-01 1.04186200e+00 6.10172600e-02 2.73087000e+00 3.03641100e+00 9.69790200e-01 1.00167800e+00 2.09425200e+02 2.65862700e+01 1.17595300e+02 2.68596900e+01 5.92119000e+00 8.51032600e-01 5.10729900e-01 9.16672400e-01 2.05896800e+00 1.18281700e+00 9.97311400e-01 1.14136200e+00 1.06999600e+00 9.96706900e-01 1.00181700e+00 1.00114700e+00 9.83434500e-01 6.67572000e+01 6.96790700e-01 3.03209300e-01 1.35125900e-01 9.02063000e-02 7.92642700e-01 7.96871100e-01 4.36464300e-01 5.88183800e-01 9.70126600e-01 1.00739100e+02 2.40056200e+00 8.17413300e+00 2.08303400e+00 1.84373000e+00 1.20646700e+03 5.69801800e+03 2.53575200e+03 8.25530400e+02 2.35454300e+02 9.69790200e-01 2.41078000e-01 2.42388700e-01 2.47777900e+00 1.40740600e+01 1.08892000e+03 1.48181900e+02 1.04225200e+00 1.42174700e+01 1.05909300e+03 1.50903700e+02 1.38143600e-01 1.59954600e-01 3.35562000e+03 1.00227800e-02 8.22180000e-01 4.54038100e-01 7.18381400e+01 6.50027300e+02 8.15933500e+01 1.55230400e+03 8.80859200e+01 2.01220500e+03 9.35228200e+01 2.34256800e+03 2.30313000e+02 5.87778100e+03 4.41647200e-01 7.33262300e-01 4.61408900e-01 6.50881200e-01 4.60999900e-01 6.09491900e-01 4.56792100e-01 5.80177600e-01 2.92903700e-01 3.02309300e-01 1.98116000e+01 1.02399900e+02 2.58201700e+01 1.06772100e+01 3.97390900e+02 2.16517300e+01 1.15203500e+04 7.06563500e+02 2.83607200e-03 1.89191900e+00 3.33203200e+00 6.59320500e+00 1.19500700e+04 5.22678700e+00
3.23506000e-01 6.34001200e+03 2.25699500e-02 1.17370700e-01 1.04144800e+00 4.77714400e-02 3.00922400e+00 3.03108600e+00 9.77609000e-01 1.00510600e+00 2.40130500e+02 3.52363300e+01 1.27090300e+02 3.02108300e+01 7.04553900e+00 8.94909400e-01 7.30445900e-02 4.95928100e-01 1.59330800e-01 6.44166000e-01 7.94027700e-01 1.09646200e+00 1.16796400e+00 9.98289400e-01 1.00235800e+00 9.88731800e-01 9.89050200e-01 6.81964100e+01 6.97713700e-01 3.02286300e-01 1.40585800e-01 9.58744900e-02 8.01561400e-01 8.04609900e-01 4.40703000e-01 5.94348800e-01 9.70635200e-01 1.00764300e+02 2.38242400e+00 6.91986100e+00 2.07197200e+00 1.88317300e+00 1.20495500e+03 5.73707200e+03 2.56072400e+03 8.30652400e+02 2.35697700e+02 9.77609000e-01 2.44975800e-01 2.46300800e-01 2.53709800e+00 1.37886800e+01 1.08940500e+03 1.45146900e+02 1.04163800e+00 1.39344900e+01 1.06016200e+03 1.47756000e+02 1.40460000e-01 1.60511600e-01 3.36073100e+03 1.02319900e-02 8.21724200e-01 4.53640600e-01 7.33728300e+01 6.36363600e+02 8.33115200e+01 1.51990000e+03 8.99276400e+01 1.97034900e+03 9.54686700e+01 2.29396300e+03 2.34950800e+02 5.75848000e+03 4.45973300e-01 7.41600500e-01 4.66156100e-01 6.58378200e-01 4.65849300e-01 6.16551200e-01 4.61667700e-01 5.86921300e-01 2.96302700e-01 3.05884800e-01 2.43318000e+01 1.07132800e+02 2.98191800e+01 1.12761600e+01 3.95913600e+02 2.09256700e+01 1.15275900e+04 7.06549900e+02 3.25643300e-03 1.89191900e+00 3.38209500e+00 1.24886900e+01 1.19557100e+04 5.27727000e+00
1.09611000e+00 6.33337500e+03 2.23342200e-02 1.13062100e-01 1.04196900e+00 5.76952600e-02 2.70811600e+00 3.04147600e+00 9.63404500e-01 1.00544700e+00 2.12289300e+02 2.72954300e+01 1.05260200e+02 3.72340400e+01 2.51227400e+00 8.91834000e-01 2.89692100e-02 5.59541300e-01 5.13556900e+00 1.24113400e+00 5.25722200e-01 8.69336400e-01 8.86060600e-01 9.97803400e-01 1.00101000e+00 9.91134500e-01 9.80921600e-01 6.61529500e+01 6.89134200e-01 3.10865800e-01 1.36041500e-01 8.99954700e-02 7.97156800e-01 8.11464600e-01 4.44457500e-01 5.95233000e-01 9.80097200e-01 9.97517800e+01 2.43321300e+00 7.87200900e+00 2.09361300e+00 1.86544700e+00 1.23225500e+03 5.76715300e+03 2.55917800e+03 8.31556100e+02 2.37170200e+02 9.63404500e-01 2.40746400e-01 2.42055800e-01 2.47504200e+00 1.41032800e+01 1.08901700e+03 1.48064500e+02 1.04238100e+00 1.42044500e+01 1.05909300e+03 1.50789600e+02 1.38327700e-01 1.59888200e-01 3.38928600e+03 1.01071400e-02 8.16064700e-01 4.50870500e-01 7.13138200e+01 6.55372400e+02 8.11945300e+01 1.56317700e+03 8.77591300e+01 2.02506100e+03 9.32509400e+01 2.35652000e+03 2.30852800e+02 5.89090500e+03 4.49050400e-01 7.36687100e-01 4.67243600e-01 6.53093900e-01 4.65942500e-01 6.11219900e-01 4.61102900e-01 5.81609300e-01 2.93323300e-01 3.02404200e-01 2.18927900e+01 1.04108700e+02 2.81901200e+01 8.65504200e+00 3.96638400e+02 2.27909300e+01 1.15113100e+04 7.06730400e+02 2.17971000e-02 1.34256300e+00 4.10342200e+00 1.51566800e+01 1.19393900e+04 5.46778200e+00
1.04080700e+00 6.33052700e+03 2.22192700e-02 1.16307300e-01 1.04167700e+00 5.85328100e-02 2.85429600e+00 3.05305700e+00 9.66519300e-01 1.00566300e+00 2.14920500e+02 3.26163000e+01 1.10189700e+02 3.30153700e+01 3.78018700e+00 7.63120700e-01 6.02290100e-01 9.86468900e-01 5.62423300e+00 1.20011900e+00 8.35545800e-01 9.41165800e-01 7.49025500e-01 9.97319800e-01 1.00040700e+00 9.98201800e-01 9.89793900e-01 6.65374800e+01 6.85646500e-01 3.14353500e-01 1.39171700e-01 9.26013300e-02 8.09838000e-01 8.28985000e-01 4.54053800e-01 6.06391000e-01 9.92807400e-01 9.92995900e+01 2.44939700e+00 8.05511500e+00 2.11799900e+00 1.88401700e+00 1.23154500e+03 5.75444700e+03 2.56551200e+03 8.30629600e+02 2.36011000e+02 9.66519300e-01 2.42730500e-01 2.44047300e-01 2.54729100e+00 1.39777000e+01 1.08959500e+03 1.46496900e+02 1.04200600e+00 1.40591200e+01 1.05917000e+03 1.49238600e+02 1.39254500e-01 1.60465900e-01 3.39779900e+03 1.02361300e-02 8.14110500e-01 4.49932200e-01 7.17855600e+01 6.51321400e+02 8.18213300e+01 1.55266400e+03 8.84836900e+01 2.01088700e+03 9.40548200e+01 2.33957200e+03 2.33387600e+02 5.83884300e+03 4.58410300e-01 7.48059500e-01 4.76107600e-01 6.62794900e-01 4.74375100e-01 6.20140900e-01 4.69179400e-01 5.90000200e-01 2.97397000e-01 3.06464900e-01 2.41271000e+01 1.04206200e+02 2.84193100e+01 8.65072800e+00 3.96989500e+02 2.26579200e+01 1.15088200e+04 7.06838300e+02 5.75847800e-02 1.03858200e+00 4.90432600e+00 1.10997100e+01 1.19371100e+04 6.00049200e+00
9.54960200e-01 6.33483600e+03 2.21154100e-02 1.18510800e-01 1.04074600e+00 5.33377300e-02 3.01628000e+00 3.04963000e+00 9.71157000e-01 1.00493500e+00 2.34837300e+02 3.66803500e+01 1.18320200e+02 3.38760700e+01 2.85718300e+00 7.28999900e-01 3.64177400e-01 7.67626000e-01 3.47917800e+00 9.71171100e-01 8.00259000e-01 8.77401300e-01 8.08718500e-01 9.97635600e-01 1.00023800e+00 1.00247900e+00 9.93270600e-01 6.72625700e+01 6.87746600e-01 3.12253400e-01 1.41271300e-01 9.50227400e-02 8.12053300e-01 8.28471300e-01 4.53772400e-01 6.07031600e-01 9.90142700e-01 9.94968700e+01 2.43261900e+00 7.60955800e+00 2.11075300e+00 1.89718100e+00 1.22495700e+03 5.74956200e+03 2.56873200e+03 8.28464600e+02 2.34115000e+02 9.71157000e-01 2.44891900e-01 2.46216600e-01 2.62368800e+00 1.38533100e+01 1.09008500e+03 1.45162300e+02 1.04097300e+00 1.39448700e+01 1.05920800e+03 1.47923100e+02 1.39912800e-01 1.61019300e-01 3.37398700e+03 1.02772200e-02 8.17498600e-01 4.51761500e-01 7.25314600e+01 6.44472200e+02 8.26174400e+01 1.53683900e+03 8.93162800e+01 1.99071900e+03 9.49194000e+01 2.31637500e+03 2.35206100e+02 5.78666300e+03 4.58314000e-01 7.50309300e-01 4.76524700e-01 6.65010700e-01 4.75030900e-01 6.22305800e-01 4.69986400e-01 5.92116500e-01 2.98527200e-01 3.07730900e-01 2.45693500e+01 1.05376400e+02 2.80452000e+01 8.89014300e+00 3.95896500e+02 2.21553300e+01 1.15221500e+04 7.06771000e+02 4.06512500e-02 1.15641700e+00 4.62842000e+00 7.97976100e+00 1.19491000e+04 5.82548800e+00
9.91514800e-01 6.33901300e+03 2.21255100e-02 1.15161500e-01 1.04116600e+00 4.85449200e-02 2.77865700e+00 3.02554400e+00 9.62651900e-01 1.00265100e+00 2.20203500e+02 2.67729100e+01 1.05487200e+02 3.16716800e+01 9.07339300e-01 5.43924900e-01 3.86036100e-01 6.84744600e-01 4.67900600e+00 1.44521900e+00 7.27872300e-01 1.11157600e+00 1.03992800e+00 9.98261700e-01 1.00421000e+00 1.00369900e+00 1.00090800e+00 6.58087200e+01 6.81508000e-01 3.18492000e-01 1.37932100e-01 9.07713500e-02 7.95934400e-01 8.20098300e-01 4.49186300e-01 5.97932100e-01 9.81150300e-01 9.87550900e+01 2.42762000e+00 7.02972400e+00 2.06052100e+00 1.86987000e+00 1.22854600e+03 5.73244300e+03 2.55279600e+03 8.26889800e+02 2.34880100e+02 9.62651900e-01 2.41645300e-01 2.42958000e-01 2.53829000e+00 1.40808200e+01 1.08953700e+03 1.47276900e+02 1.04154100e+00 1.41402900e+01 1.05878800e+03 1.50063800e+02 1.38636200e-01 1.60256300e-01 3.40286100e+03 1.01978100e-02 8.12478300e-01 4.49134800e-01 7.10617100e+01 6.58265500e+02 8.11023900e+01 1.56819100e+03 8.77617400e+01 2.03032800e+03 9.33274400e+01 2.36164400e+03 2.32221800e+02 5.88235900e+03 4.53160000e-01 7.34815100e-01 4.69631700e-01 6.50622600e-01 4.67449700e-01 6.08571700e-01 4.62018600e-01 5.78882000e-01 2.91645100e-01 3.00358400e-01 2.07625400e+01 1.03383900e+02 2.47745500e+01 8.59452000e+00 3.95705200e+02 2.29585600e+01 1.15217700e+04 7.06991500e+02 1.24599700e-01 8.20176000e-01 6.29767800e+00 1.47663300e+01 1.19490300e+04 7.24245400e+00
9.80198400e-01 6.33413700e+03 2.21460800e-02 1.15956600e-01 1.04111100e+00 4.94149500e-02 2.83504700e+00 3.02998100e+00 9.64268500e-01 1.00336600e+00 2.17038900e+02 1.89626900e+01 1.20630200e+02 2.59788400e+01 2.19192700e+00 7.35831000e-01 2.89599800e-01 8.38522800e-01 6.48573400e+00 1.06337400e+00 8.29445700e-01 1.06862100e+00 8.97722600e-01 9.98646500e-01 1.00211800e+00 1.00004200e+00 9.96016100e-01 6.61895800e+01 6.83300900e-01 3.16699100e-01 1.38747800e-01 9.18365600e-02 7.99056200e-01 8.20994200e-01 4.49677000e-01 5.99430700e-01 9.82160600e-01 9.89675100e+01 2.42769500e+00 7.13348400e+00 2.06968400e+00 1.87492000e+00 1.22798100e+03 5.73636400e+03 2.55441000e+03 8.26489900e+02 2.34472000e+02 9.64268500e-01 2.42435300e-01 2.43751000e-01 2.55426900e+00 1.40221000e+01 1.08963600e+03 1.46749000e+02 1.04144900e+00 1.40908500e+01 1.05894100e+03 1.49521300e+02 1.38984400e-01 1.60415600e-01 3.39640900e+03 1.02183600e-02 8.13689300e-01 4.49752400e-01 7.14443400e+01 6.54607900e+02 8.14933200e+01 1.55991500e+03 8.81608700e+01 2.01989800e+03 9.37346600e+01 2.34974600e+03 2.32960600e+02 5.85764400e+03 4.53808600e-01 7.37869600e-01 4.70742300e-01 6.53514900e-01 4.68758000e-01 6.11354200e-01 4.63445000e-01 5.81576500e-01 2.93063400e-01 3.01897600e-01 1.88018100e+01 1.05551300e+02 2.51355900e+01 8.68720000e+00 3.95687600e+02 2.27608000e+01 1.15228400e+04 7.06921800e+02 9.59387800e-02 8.72797100e-01 5.74607200e+00 4.66603200e+00 1.19499700e+04 6.71480800e+00
8.55886800e-01 6.33300400e+03 2.23011400e-02 1.19424300e-01 1.04073200e+00 4.68398500e-02 3.00408100e+00 3.03392000e+00 9.67717800e-01 1.00407800e+00 1.89109500e+02 2.96299000e+01 1.07619000e+02 3.68231400e+01 7.30654800e+00 9.79304100e-01 1.72407600e-01 7.39787200e-01 1.14959800e+00 1.14260800e+00 8.35990800e-01 9.85673300e-01 1.28494400e+00 9.98188700e-01 1.00109700e+00 9.98409200e-01 9.89348900e-01 6.69476300e+01 6.82349200e-01 3.17650800e-01 1.42370600e-01 9.53137600e-02 8.07260000e-01 8.30668600e-01 4.54975900e-01 6.06039500e-01 9.86610800e-01 9.87693000e+01 2.43010200e+00 6.90155000e+00 2.07785200e+00 1.89203900e+00 1.22688000e+03 5.74260600e+03 2.55792900e+03 8.25453500e+02 2.33528500e+02 9.67717800e-01 2.44804700e-01 2.46129000e-01 2.58396800e+00 1.38517100e+01 1.08991500e+03 1.44843300e+02 1.04094300e+00 1.39146200e+01 1.05970400e+03 1.47532200e+02 1.40511000e-01 1.60682300e-01 3.40597100e+03 1.03660700e-02 8.12252800e-01 4.48882000e-01 7.22768400e+01 6.47138200e+02 8.24678100e+01 1.54188200e+03 8.92281000e+01 1.99639600e+03 9.48787400e+01 2.32228200e+03 2.35953700e+02 5.78656200e+03 4.59056600e-01 7.45347600e-01 4.75943100e-01 6.60030400e-01 4.73824100e-01 6.17404500e-01 4.68379400e-01 5.87304100e-01 2.95886600e-01 3.04779700e-01 2.16333000e+01 1.03415700e+02 2.72439900e+01 8.92204300e+00 3.95900300e+02 2.24489100e+01 1.15158700e+04 7.06958200e+02 1.24002600e-01 8.20176000e-01 6.43884600e+00 8.52733900e+00 1.19431400e+04 7.38302500e+00
8.43202400e-01 6.32965100e+03 2.22225100e-02 1.19858200e-01 1.04096500e+00 5.56493500e-02 3.02374300e+00 3.04996300e+00 9.65748900e-01 1.00367200e+00 2.28331300e+02 4.60493300e+01 9.56478900e+01 4.27686300e+01 4.92354300e+00 7.06086400e-01 6.81850900e-01 4.62418100e-01 2.20470800e+00 1.20774100e+00 9.45345200e-01 1.07583300e+00 1.17275300e+00 9.96346500e-01 1.00302800e+00 9.96522500e-01 9.91738900e-01 6.70391800e+01 6.82425900e-01 3.17574100e-01 1.42725800e-01 9.56822300e-02 8.14578100e-01 8.38097700e-01 4.59045000e-01 6.11496500e-01 9.94874600e-01 9.88204000e+01 2.45437100e+00 7.84454300e+00 2.11145500e+00 1.88905900e+00 1.23183100e+03 5.73246600e+03 2.54913200e+03 8.20723000e+02 2.31918400e+02 9.65748900e-01 2.45036500e-01 2.46361700e-01 2.60583800e+00 1.38336200e+01 1.09007400e+03 1.44691900e+02 1.04117900e+00 1.38969300e+01 1.05955100e+03 1.47406900e+02 1.40508500e-01 1.60889700e-01 3.40546800e+03 1.03782900e-02 8.12329400e-01 4.48986400e-01 7.23755800e+01 6.46249000e+02 8.25781900e+01 1.53978500e+03 8.93463300e+01 1.99369400e+03 9.50036000e+01 2.31915100e+03 2.36250500e+02 5.77899700e+03 4.63159900e-01 7.52112600e-01 4.80219100e-01 6.66030100e-01 4.78091100e-01 6.23020400e-01 4.72603900e-01 5.92648500e-01 2.98580700e-01 3.07559200e-01 3.10172800e+01 1.06486000e+02 3.41140600e+01 8.95488700e+00 3.96401300e+02 2.30210200e+01 1.15067600e+04 7.06955200e+02 1.15963900e-01 8.20176000e-01 6.20792600e+00 1.00683000e+01 1.19351300e+04 7.14406600e+00
7.77042400e-01 6.33267400e+03 2.20571100e-02 1.19790600e-01 1.04103400e+00 5.91520500e-02 3.03437200e+00 3.05445300e+00 9.65481500e-01 1.00135100e+00 2.16035800e+02 4.89771700e+01 1.29042500e+02 2.53628400e+01 4.72046800e+00 6.14346600e-01 8.51621600e-01 5.10806700e-01 2.70881900e+00 1.33401600e+00 1.00926900e+00 1.24461300e+00 1.07271100e+00 9.98063100e-01 1.00162900e+00 9.97457700e-01 9.93273600e-01 6.70721400e+01 6.83255700e-01 3.16744300e-01 1.42492900e-01 9.55730400e-02 8.16549800e-01 8.39028000e-01 4.59554600e-01 6.12575900e-01 9.97037700e-01 9.89691500e+01 2.45895200e+00 8.23822000e+00 2.12095800e+00 1.88431400e+00 1.22996300e+03 5.70984100e+03 2.54150400e+03 8.16885000e+02 2.30420300e+02 9.65481500e-01 2.45109700e-01 2.46435200e-01 2.64120400e+00 1.38369000e+01 1.09028800e+03 1.44782700e+02 1.04126000e+00 1.39045700e+01 1.05917000e+03 1.47556300e+02 1.40180100e-01 1.61178000e-01 3.39502300e+03 1.03538700e-02 8.13797900e-01 4.49878700e-01 7.23988600e+01 6.45979900e+02 8.25829900e+01 1.53934700e+03 8.93401600e+01 1.99325900e+03 9.49888500e+01 2.31875200e+03 2.36083200e+02 5.78028500e+03 4.63743000e-01 7.54016600e-01 4.81034800e-01 6.67807100e-01 4.79000900e-01 6.24720300e-01 4.73567700e-01 5.94288700e-01 2.99441000e-01 3.08480700e-01 3.17554600e+01 1.08743600e+02 3.34119000e+01 9.14999800e+00 3.97524600e+02 2.33448500e+01 1.15152100e+04 7.06923500e+02 9.54106000e-02 8.72797100e-01 5.72344300e+00 6.50676000e+00 1.19452300e+04 6.69165000e+00
6.04081500e-01 6.32912200e+03 2.20284300e-02 1.17017900e-01 1.04112300e+00 5.45076300e-02 2.95616700e+00 3.03579500e+00 9.63113000e-01 1.00221000e+00 2.45118500e+02 3.87706000e+01 9.29446200e+01 4.29627500e+01 3.90640100e+00 6.82656100e-01 7.61157300e-01 8.22805400e-01 7.85958600e+00 9.89237100e-01 1.13267500e+00 9.50780000e-01 9.63168800e-01 9.96807400e-01 9.99981700e-01 9.92716600e-01 9.95470700e-01 6.71453900e+01 6.90159900e-01 3.09840100e-01 1.39691500e-01 9.37964000e-02 8.01520700e-01 8.14559700e-01 4.46152700e-01 5.97997200e-01 9.78152700e-01 9.98660800e+01 2.42699300e+00 7.71942100e+00 2.08175200e+00 1.86674200e+00 1.22825400e+03 5.71396000e+03 2.53054700e+03 8.13718200e+02 2.29434000e+02 9.63113000e-01 2.44043000e-01 2.45364600e-01 2.61909500e+00 1.39077900e+01 1.09000300e+03 1.45929300e+02 1.04140200e+00 1.40127800e+01 1.05886500e+03 1.48731100e+02 1.39235400e-01 1.61018600e-01 3.36332900e+03 1.02031800e-02 8.19440300e-01 4.52848900e-01 7.23659200e+01 6.45770200e+02 8.23659900e+01 1.54052100e+03 8.90114300e+01 1.99587100e+03 9.45715900e+01 2.32268500e+03 2.33961800e+02 5.80914700e+03 4.50836400e-01 7.40816000e-01 4.69349000e-01 6.56858600e-01 4.68157000e-01 6.14786000e-01 4.63370000e-01 5.85028900e-01 2.95057900e-01 3.04254600e-01 3.10900900e+01 1.08188400e+02 3.36831300e+01 9.87458400e+00 3.96148700e+02 2.31087200e+01 1.15106700e+04 7.06702500e+02 1.56075300e-02 1.34256300e+00 3.96909600e+00 6.41186400e+00 1.19398000e+04 5.32726700e+00
7.34127200e-01 6.33077800e+03 2.23145700e-02 1.15514400e-01 1.04114500e+00 6.17808500e-02 2.94012400e+00 3.04802000e+00 9.66651300e-01 1.00176400e+00 2.10298000e+02 3.72165600e+01 1.08962400e+02 3.25941000e+01 3.96720800e+00 8.36219400e-01 1.17215400e-01 7.39063700e-01 6.45750700e+00 1.09570000e+00 8.34757900e-01 1.09167000e+00 1.23825800e+00 9.98062100e-01 1.00179800e+00 1.00224200e+00 1.00195900e+00 6.77386500e+01 6.98216400e-01 3.01783600e-01 1.38474100e-01 9.38005100e-02 8.01496000e-01 8.03875100e-01 4.40300500e-01 5.94053100e-01 9.73829900e-01 1.00863400e+02 2.42046500e+00 8.34808300e+00 2.10735700e+00 1.86241300e+00 1.22476300e+03 5.73918300e+03 2.53311600e+03 8.17065700e+02 2.31132000e+02 9.66651300e-01 2.43944900e-01 2.45266100e-01 2.55922000e+00 1.38884100e+01 1.08949000e+03 1.46190300e+02 1.04140500e+00 1.40378000e+01 1.05939900e+03 1.48900800e+02 1.39340600e-01 1.60610200e-01 3.34116000e+03 1.01249000e-02 8.24304300e-01 4.55170300e-01 7.28709500e+01 6.40710600e+02 8.27286300e+01 1.53040300e+03 8.92915500e+01 1.98404300e+03 9.47884000e+01 2.30997100e+03 2.33196000e+02 5.80007400e+03 4.45627800e-01 7.41591200e-01 4.65920500e-01 6.58427200e-01 4.65673000e-01 6.16621300e-01 4.61532400e-01 5.87003200e-01 2.96379900e-01 3.05978700e-01 2.81776300e+01 1.07044800e+02 3.27908300e+01 9.64400200e+00 3.97945200e+02 2.28019800e+01 1.15132700e+04 7.06543100e+02 6.01950500e-03 1.96545900e+00 3.35502600e+00 6.02127000e+00 1.19436700e+04 5.32650400e+00
7.27972900e-01 6.33546600e+03 2.23491000e-02 1.18187000e-01 1.04102200e+00 5.02787900e-02 2.93449000e+00 3.02682000e+00 9.54580600e-01 1.00067200e+00 3.19893000e+02 4.78527200e+01 9.40186700e+01 4.37436100e+01 1.77924300e+00 5.44871700e-01 7.26680300e-01 3.69549300e-01 8.33961200e+00 1.03769100e+00 9.67459800e-01 9.96745100e-01 9.64711800e-01 9.98586600e-01 1.00184700e+00 9.90957400e-01 9.84786700e-01 6.67059300e+01 6.82716100e-01 3.17283900e-01 1.41181200e-01 9.41762600e-02 7.98530700e-01 8.21211500e-01 4.49796100e-01 5.99312900e-01 9.77708500e-01 9.88348400e+01 2.44644500e+00 7.22808800e+00 2.06315200e+00 1.86577600e+00 1.24683700e+03 5.74986800e+03 2.52128800e+03 8.10058400e+02 2.28758900e+02 9.54580600e-01 2.43882700e-01 2.45203700e-01 2.55079600e+00 1.39062200e+01 1.08967700e+03 1.45482900e+02 1.04128300e+00 1.39715000e+01 1.05966600e+03 1.48165000e+02 1.40154500e-01 1.60435200e-01 3.40942000e+03 1.03277100e-02 8.11950800e-01 4.48694200e-01 7.20122400e+01 6.49487500e+02 8.21558500e+01 1.54757400e+03 8.88853200e+01 2.00382800e+03 9.45104700e+01 2.33097700e+03 2.34977400e+02 5.80929200e+03 4.53854800e-01 7.37326400e-01 4.70646800e-01 6.52969800e-01 4.68596300e-01 6.10817600e-01 4.63241300e-01 5.81049300e-01 2.92758400e-01 3.01568700e-01 3.63480600e+01 1.10766700e+02 3.70240200e+01 9.26000100e+00 3.95718100e+02 2.50302300e+01 1.15242200e+04 7.06944000e+02 1.13983900e-01 8.20176000e-01 6.20371500e+00 2.61723700e+00 1.19542300e+04 7.13787400e+00
8.12843300e-01 6.32794200e+03 2.22542400e-02 1.17918700e-01 1.04095500e+00 5.13835800e-02 2.98450400e+00 3.03253500e+00 9.65472800e-01 1.00068600e+00 2.45433200e+02 3.19650000e+01 1.08506200e+02 3.33266000e+01 3.65761800e+00 6.33127900e-01 6.56840000e-01 4.36321300e-01 8.34322500e+00 1.04893500e+00 1.01649900e+00 9.58254000e-01 8.06167700e-01 9.97438100e-01 1.00067200e+00 9.99359300e-01 9.92164600e-01 6.72845500e+01 6.88951900e-01 3.11048100e-01 1.40818000e-01 9.47487700e-02 8.01986700e-01 8.16620600e-01 4.47281500e-01 5.98927200e-01 9.77708700e-01 9.96395600e+01 2.42112400e+00 7.36541700e+00 2.07497700e+00 1.87232800e+00 1.22484800e+03 5.72275600e+03 2.53567900e+03 8.16967200e+02 2.30770500e+02 9.65472800e-01 2.44521000e-01 2.45844300e-01 2.58609600e+00 1.38636500e+01 1.08982400e+03 1.45371700e+02 1.04119600e+00 1.39619900e+01 1.05947500e+03 1.48086800e+02 1.39970600e-01 1.60755400e-01 3.37757700e+03 1.02660900e-02 8.17380500e-01 4.51599900e-01 7.25378100e+01 6.44326400e+02 8.25926100e+01 1.53678900e+03 8.92726100e+01 1.99084800e+03 9.48608500e+01 2.31668500e+03 2.34866100e+02 5.79084100e+03 4.51851000e-01 7.41128900e-01 4.70109500e-01 6.57006600e-01 4.68777700e-01 6.14870600e-01 4.63893200e-01 5.85076000e-01 2.95027800e-01 3.04175400e-01 2.95203500e+01 1.06605400e+02 3.24065500e+01 9.24781900e+00 3.95747000e+02 2.29320400e+01 1.15101100e+04 7.06735600e+02 2.95386000e-02 1.21731700e+00 4.38653600e+00 5.48278400e+00 1.19380300e+04 5.63339200e+00
1.05749100e+00 6.33126800e+03 2.22694900e-02 1.19078600e-01 1.04083200e+00 5.76862300e-02 3.03996400e+00 3.05068100e+00 9.65123300e-01 1.00273500e+00 2.59882500e+02 4.47225900e+01 9.89898100e+01 4.58469000e+01 1.04661100e+00 5.56856900e-01 4.37895100e-01 1.66437000e-01 7.07464000e+00 7.39599100e-01 1.01430700e+00 7.69333100e-01 9.02893000e-01 9.95178900e-01 9.98742900e-01 9.96002400e-01 9.89539600e-01 6.74932900e+01 6.88293000e-01 3.11707000e-01 1.41993200e-01 9.58359100e-02 8.11259100e-01 8.26936500e-01 4.52931800e-01 6.06172400e-01 9.87482200e-01 9.95380900e+01 2.44597500e+00 8.03070100e+00 2.11297300e+00 1.88273100e+00 1.23332400e+03 5.74394700e+03 2.54138600e+03 8.17151600e+02 2.30608700e+02 9.65123300e-01 2.45273700e-01 2.46599800e-01 2.60248500e+00 1.38128800e+01 1.08996100e+03 1.44776800e+02 1.04102400e+00 1.39071400e+01 1.05962800e+03 1.47478500e+02 1.40405800e-01 1.60889200e-01 3.38051800e+03 1.03135200e-02 8.16830400e-01 4.51299400e-01 7.27701900e+01 6.42319100e+02 8.28753500e+01 1.53183400e+03 8.95877500e+01 1.98432000e+03 9.52026000e+01 2.30899800e+03 2.35822700e+02 5.76971200e+03 4.57516200e-01 7.49627700e-01 4.75828500e-01 6.64463700e-01 4.74398900e-01 6.21817400e-01 4.69402000e-01 5.91666300e-01 2.98316100e-01 3.07539100e-01 3.43845200e+01 1.09243100e+02 3.37556500e+01 8.70252200e+00 3.96864900e+02 2.32711300e+01 1.15101100e+04 7.06754700e+02 3.76691100e-02 1.15641700e+00 4.59697300e+00 1.10454300e+01 1.19389500e+04 5.79105900e+00
6.28630900e-01 6.33153600e+03 2.23206600e-02 1.20389700e-01 1.04087900e+00 4.84525200e-02 3.15140300e+00 3.03429000e+00 9.72938800e-01 1.00120100e+00 2.78083200e+02 3.49902700e+01 1.05544100e+02 4.18592600e+01 1.41256900e+00 5.71352400e-01 6.80584100e-01 2.28639300e-01 5.99760200e+00 1.14468900e+00 1.01862800e+00 8.06535600e-01 6.60095200e-01 9.97789200e-01 9.99000500e-01 9.88782900e-01 9.88561400e-01 6.83868400e+01 6.93472700e-01 3.06527300e-01 1.43355500e-01 9.80362800e-02 8.07942700e-01 8.16684900e-01 4.47316800e-01 6.01170800e-01 9.76999400e-01 1.00199000e+02 2.40378600e+00 7.09991500e+00 2.07862200e+00 1.88664500e+00 1.21404100e+03 5.71637900e+03 2.54277000e+03 8.18083200e+02 2.30401900e+02 9.72938800e-01 2.46776500e-01 2.48108000e-01 2.63135100e+00 1.36966800e+01 1.09011900e+03 1.43845900e+02 1.04099900e+00 1.38180600e+01 1.05993300e+03 1.46518000e+02 1.41032500e-01 1.61206900e-01 3.36274500e+03 1.03358300e-02 8.20322100e-01 4.53087200e-01 7.36479600e+01 6.34291600e+02 8.37373300e+01 1.51393000e+03 9.04471800e+01 1.96193800e+03 9.60636200e+01 2.28362000e+03 2.37115800e+02 5.72058800e+03 4.52285200e-01 7.47076600e-01 4.71679300e-01 6.62766500e-01 4.70865400e-01 6.20463200e-01 4.66304700e-01 5.90522600e-01 2.97931300e-01 3.07381600e-01 2.87876100e+01 1.08141800e+02 3.22000300e+01 9.87346300e+00 3.95814300e+02 2.19342000e+01 1.15167100e+04 7.06624000e+02 3.46622400e-03 1.53969800e+00 3.69957000e+00 6.87154100e+00 1.19443300e+04 5.24273500e+00
7.41786700e-01 6.33228200e+03 2.22882200e-02 1.20070100e-01 1.04091200e+00 4.75944900e-02 3.13271100e+00 3.03773800e+00 9.70018300e-01 1.00407900e+00 2.40579500e+02 4.17136500e+01 1.07668100e+02 3.83213500e+01 7.06687000e+00 7.08722900e-01 2.29241100e-01 1.46891000e-01 2.58156900e+00 8.81586300e-01 6.49213900e-01 1.11449200e+00 1.33893500e+00 9.98711600e-01 1.00170800e+00 9.99921300e-01 9.96877500e-01 6.82659900e+01 6.93141800e-01 3.06858200e-01 1.43003500e-01 9.76227200e-02 8.08093100e-01 8.17277700e-01 4.47641400e-01 6.01444900e-01 9.78045900e-01 1.00167100e+02 2.41384600e+00 7.01141400e+00 2.08580100e+00 1.89641300e+00 1.22760000e+03 5.76128400e+03 2.55542700e+03 8.21180900e+02 2.31176200e+02 9.70018300e-01 2.46516600e-01 2.47847200e-01 2.63111600e+00 1.37164600e+01 1.09011400e+03 1.44044500e+02 1.04105700e+00 1.38363700e+01 1.05981800e+03 1.46730500e+02 1.40852900e-01 1.61198800e-01 3.36277100e+03 1.03231200e-02 8.20245500e-01 4.53072300e-01 7.35266800e+01 6.35359300e+02 8.36073600e+01 1.51640600e+03 9.03109800e+01 1.96510100e+03 9.59219900e+01 2.28726300e+03 2.36814900e+02 5.72888100e+03 4.52565300e-01 7.47186300e-01 4.71896900e-01 6.62831400e-01 4.71047700e-01 6.20510600e-01 4.66462300e-01 5.90559400e-01 2.97940400e-01 3.07376200e-01 3.17396800e+01 1.08753500e+02 3.28726700e+01 9.53539500e+00 3.95845100e+02 2.23843700e+01 1.15123100e+04 7.06631000e+02 4.10865600e-03 1.53969800e+00 3.71292300e+00 1.25973800e+01 1.19400800e+04 5.25673000e+00
8.14932600e-01 6.33260400e+03 2.20583500e-02 1.16306900e-01 1.04110300e+00 5.23894500e-02 2.90042800e+00 3.02970100e+00 9.60307600e-01 1.00025000e+00 2.65050300e+02 5.52349800e+01 1.02724100e+02 4.36190900e+01 2.45403000e+00 7.62140900e-01 5.15353200e-01 8.70829000e-01 3.02749300e+00 1.16463800e+00 1.19428800e+00 8.15291600e-01 9.64003400e-01 9.96594800e-01 1.00016600e+00 9.93513900e-01 9.92253700e-01 6.67608600e+01 6.88108600e-01 3.11891400e-01 1.39010400e-01 9.28045400e-02 7.97367600e-01 8.13017000e-01 4.45307800e-01 5.95880900e-01 9.75882700e-01 9.95949100e+01 2.42780100e+00 7.47528100e+00 2.06910400e+00 1.86327700e+00 1.23277900e+03 5.72401100e+03 2.53002300e+03 8.14195300e+02 2.29850800e+02 9.60307600e-01 2.43297400e-01 2.44616300e-01 2.59375500e+00 1.39621000e+01 1.08984300e+03 1.46383300e+02 1.04140900e+00 1.40562800e+01 1.05882600e+03 1.49181600e+02 1.39009900e-01 1.60780700e-01 3.37239800e+03 1.01918700e-02 8.17811100e-01 4.51973200e-01 7.19834700e+01 6.49352600e+02 8.19841600e+01 1.54856300e+03 8.86268900e+01 2.00596100e+03 9.41833200e+01 2.33415600e+03 2.33326800e+02 5.83206200e+03 4.49816100e-01 7.36776500e-01 4.67778000e-01 6.53056800e-01 4.66353100e-01 6.11136500e-01 4.61428200e-01 5.81499700e-01 2.93203900e-01 3.02249800e-01 3.36388900e+01 1.05981000e+02 3.47129000e+01 9.21816200e+00 3.95876300e+02 2.37996900e+01 1.15175200e+04 7.06760100e+02 3.27530000e-02 1.21731700e+00 4.38784100e+00 6.39786300e+00 1.19464100e+04 5.63791100e+00
2.90027300e-01 6.34352500e+03 2.20685900e-02 1.17791900e-01 1.04107700e+00 5.09463700e-02 3.06899800e+00 3.03332500e+00 9.68509500e-01 1.00278400e+00 1.83562300e+02 4.58704600e+01 1.08988400e+02 4.05968500e+01 4.45231300e+00 6.02525600e-01 6.31215100e-01 1.78847500e-01 4.79400600e+00 1.07857200e+00 1.17480800e+00 9.55844500e-01 9.94804800e-01 9.97338500e-01 1.00006800e+00 9.93510200e-01 9.96238000e-01 6.82110600e+01 6.98015900e-01 3.01984100e-01 1.40505600e-01 9.58403700e-02 8.01137400e-01 8.03782200e-01 4.40249700e-01 5.93885900e-01 9.70017500e-01 1.00884300e+02 2.40123600e+00 7.36846900e+00 2.07661700e+00 1.87544700e+00 1.22158200e+03 5.72603200e+03 2.53698400e+03 8.14646500e+02 2.29028900e+02 9.68509500e-01 2.45577700e-01 2.46904900e-01 2.65119100e+00 1.37895300e+01 1.09013300e+03 1.45120200e+02 1.04128200e+00 1.39366900e+01 1.05909300e+03 1.47900200e+02 1.39697700e-01 1.61362000e-01 3.33192800e+03 1.01851400e-02 8.25373600e-01 4.55918100e-01 7.33836400e+01 6.36248100e+02 8.33157500e+01 1.51969800e+03 8.99279500e+01 1.97013400e+03 9.54659300e+01 2.29375200e+03 2.34894600e+02 5.75880600e+03 4.45539700e-01 7.41238500e-01 4.65778500e-01 6.58090300e-01 4.65507500e-01 6.16295600e-01 4.61352400e-01 5.86686700e-01 2.96195800e-01 3.05790000e-01 3.53337500e+01 1.10357800e+02 3.54404700e+01 1.14987500e+01 3.95768200e+02 2.23261300e+01 1.15408400e+04 7.06545800e+02 6.90650900e-03 1.96545900e+00 3.33199200e+00 4.76973800e+00 1.19704300e+04 5.30435800e+00
7.03348500e-01 6.32917600e+03 2.24434100e-02 1.17324900e-01 1.04065100e+00 5.66967400e-02 2.98877300e+00 3.03999300e+00 9.71378400e-01 1.00121500e+00 2.44134500e+02 5.32596400e+01 1.11313300e+02 3.89051500e+01 4.41592500e+00 6.37141800e-01 8.28974400e-01 9.78723000e-01 1.41793200e+00 9.54218800e-01 1.13392600e+00 9.79363100e-01 1.06485700e+00 9.96842800e-01 1.00027800e+00 9.94972500e-01 9.83963700e-01 6.75994900e+01 6.92728700e-01 3.07271300e-01 1.40413500e-01 9.49187800e-02 8.03530000e-01 8.13209500e-01 4.45413200e-01 5.98249800e-01 9.77305600e-01 1.00056600e+02 2.41136400e+00 7.85369900e+00 2.09050900e+00 1.86640500e+00 1.21043600e+03 5.70475300e+03 2.53355500e+03 8.19189400e+02 2.32067000e+02 9.71378400e-01 2.44655300e-01 2.45979100e-01 2.55227200e+00 1.38467000e+01 1.08953700e+03 1.45360400e+02 1.04086500e+00 1.39653500e+01 1.05985600e+03 1.48013900e+02 1.40173500e-01 1.60484200e-01 3.36588000e+03 1.02335100e-02 8.19786400e-01 4.52705800e-01 7.28133100e+01 6.41615700e+02 8.28076400e+01 1.53123300e+03 8.94531700e+01 1.98424500e+03 9.50152400e+01 2.30948900e+03 2.34646400e+02 5.78332900e+03 4.50306900e-01 7.42926400e-01 4.69436300e-01 6.59008400e-01 4.68542300e-01 6.16913700e-01 4.63948700e-01 5.87125200e-01 2.96210800e-01 3.05560600e-01 3.07533500e+01 1.07146100e+02 3.03378000e+01 9.63279100e+00 3.96386900e+02 2.18410100e+01 1.15142900e+04 7.06640000e+02 7.83204300e-03 1.47275900e+00 3.89129900e+00 4.18506500e+00 1.19421600e+04 5.37189000e+00
3.66709200e-01 6.33034300e+03 2.23765900e-02 1.18860300e-01 1.04099800e+00 5.13245100e-02 3.10255800e+00 3.02932600e+00 9.70696900e-01 9.98068000e-01 2.34003400e+02 4.46226100e+01 1.20158500e+02 3.05917100e+01 4.58381800e+00 5.36752400e-01 8.21611600e-01 1.48156800e-01 2.77378900e+00 5.95478200e-01 9.53917000e-01 1.10577800e+00 9.22416600e-01 9.96133800e-01 9.99883200e-01 9.96889200e-01 9.94759500e-01 6.84491000e+01 6.97174900e-01 3.02825100e-01 1.41882000e-01 9.71169400e-02 8.01443200e-01 8.05207900e-01 4.41030500e-01 5.94525800e-01 9.68699000e-01 1.00688400e+02 2.39488100e+00 7.36236600e+00 2.06832900e+00 1.86655000e+00 1.21072300e+03 5.69607400e+03 2.52191700e+03 8.11624800e+02 2.28700300e+02 9.70696900e-01 2.46152000e-01 2.47481200e-01 2.60380600e+00 1.37307900e+01 1.08986700e+03 1.44438200e+02 1.04115500e+00 1.38728900e+01 1.05993300e+03 1.47099700e+02 1.40643600e-01 1.61013800e-01 3.34967900e+03 1.02623500e-02 8.22930700e-01 4.54407400e-01 7.36547900e+01 6.33965600e+02 8.36458400e+01 1.51404500e+03 9.02960000e+01 1.96267500e+03 9.58651600e+01 2.28496000e+03 2.36014600e+02 5.73437900e+03 4.46244300e-01 7.41437200e-01 4.66305700e-01 6.58173100e-01 4.65935900e-01 6.16333900e-01 4.61711600e-01 5.86698700e-01 2.96159400e-01 3.05718200e-01 3.16622500e+01 1.07011800e+02 3.19557700e+01 1.10177100e+01 3.95752100e+02 2.22372100e+01 1.15107800e+04 7.06557700e+02 1.74841100e-03 1.89191900e+00 3.40123000e+00 9.04573500e+00 1.19397900e+04 5.29489700e+00
1.01276600e+00 6.33651100e+03 2.17382700e-02 1.11688400e-01 1.04139600e+00 5.69136200e-02 2.58677800e+00 3.02362700e+00 9.47417000e-01 9.99665500e-01 2.17679700e+02 3.54903900e+01 1.13941500e+02 3.58113100e+01 2.43089900e+00 7.15561700e-01 2.26533300e-01 5.81163000e-01 6.02672600e+00 7.07980400e-01 8.49393300e-01 8.50060000e-01 9.32872100e-01 9.97811700e-01 1.00025500e+00 1.00584000e+00 9.95683600e-01 6.45489500e+01 6.78220000e-01 3.21780000e-01 1.34071800e-01 8.65419300e-02 7.86721400e-01 8.14779000e-01 4.46272900e-01 5.92530500e-01 9.79211200e-01 9.84694300e+01 2.45807100e+00 7.89032000e+00 2.05657500e+00 1.83531200e+00 1.24872300e+03 5.71419900e+03 2.51933200e+03 8.12887500e+02 2.30575800e+02 9.47417000e-01 2.38751400e-01 2.40053500e-01 2.54187700e+00 1.43140600e+01 1.08951300e+03 1.49590300e+02 1.04195800e+00 1.43566500e+01 1.05745300e+03 1.52550000e+02 1.36598800e-01 1.60195400e-01 3.39795900e+03 1.00461800e-02 8.12312400e-01 4.49337100e-01 6.97525800e+01 6.70868200e+02 7.96899700e+01 1.59739300e+03 8.62759700e+01 2.06760400e+03 9.17781000e+01 2.40456900e+03 2.28854900e+02 5.98012700e+03 4.49955000e-01 7.26002300e-01 4.65520900e-01 6.42486600e-01 4.62994700e-01 6.00825100e-01 4.57377000e-01 5.71429600e-01 2.87800500e-01 2.96249700e-01 2.72623900e+01 1.07063000e+02 3.03165800e+01 8.41108900e+00 3.96923800e+02 2.60196800e+01 1.15220300e+04 7.07132500e+02 1.67396900e-01 6.71532900e-01 6.90980700e+00 4.75601800e+00 1.19533800e+04 7.74873600e+00
7.79227500e-01 6.33618100e+03 2.19218800e-02 1.16595900e-01 1.04093300e+00 4.50642500e-02 2.85927800e+00 3.01401600e+00 9.54052700e-01 9.98717500e-01 2.46288500e+02 2.62681000e+01 9.81504900e+01 4.07484300e+01 2.91367900e+00 3.88615800e-01 8.53132800e-01 1.29827000e-01 7.26333000e+00 1.11258900e+00 9.46955200e-01 1.03648100e+00 9.19052300e-01 9.97986200e-01 1.00493600e+00 9.94569200e-01 1.00248300e+00 6.60101300e+01 6.80623900e-01 3.19376100e-01 1.39162900e-01 9.18616400e-02 7.91978500e-01 8.17154100e-01 4.47573700e-01 5.95372800e-01 9.74783300e-01 9.86680500e+01 2.43281200e+00 6.72760000e+00 2.03690400e+00 1.86135100e+00 1.24215400e+03 5.72206200e+03 2.52483300e+03 8.10995900e+02 2.28633700e+02 9.54052700e-01 2.42669000e-01 2.43985600e-01 2.60497600e+00 1.40265200e+01 1.09000400e+03 1.46625900e+02 1.04129300e+00 1.40811400e+01 1.05848300e+03 1.49474100e+02 1.38765200e-01 1.60779800e-01 3.39525300e+03 1.02319700e-02 8.13167500e-01 4.49643500e-01 7.12967000e+01 6.56158700e+02 8.13921800e+01 1.56296400e+03 8.80866000e+01 2.02342600e+03 9.36810100e+01 2.35350600e+03 2.33231100e+02 5.85976300e+03 4.51424900e-01 7.31080600e-01 4.67625800e-01 6.47226000e-01 4.65357200e-01 6.05357300e-01 4.59887200e-01 5.75801400e-01 2.90051600e-01 2.98688500e-01 2.72012700e+01 1.09576800e+02 3.04024400e+01 9.04010300e+00 3.96010800e+02 2.50320000e+01 1.15191600e+04 7.07027800e+02 1.36322400e-01 7.68898900e-01 6.48628100e+00 8.69502500e+00 1.19492500e+04 7.39150200e+00
1.07686100e+00 6.32615900e+03 2.22054600e-02 1.16264500e-01 1.04096400e+00 5.72660300e-02 2.89815200e+00 3.03901000e+00 9.60640800e-01 1.00001100e+00 2.35660500e+02 3.18835000e+01 1.02148200e+02 3.96213800e+01 1.13761300e+00 6.27601500e-01 3.22657400e-01 2.73500800e-01 7.83319200e+00 1.07827200e+00 9.29857200e-01 9.09361400e-01 9.79943000e-01 9.97039000e-01 1.00074000e+00 9.97880000e-01 9.97581500e-01 6.68231200e+01 6.88455100e-01 3.11544900e-01 1.39115100e-01 9.29610400e-02 8.00344500e-01 8.15599000e-01 4.46722000e-01 5.97939300e-01 9.79069600e-01 9.95912500e+01 2.43773300e+00 7.93609600e+00 2.08845600e+00 1.86245100e+00 1.23391700e+03 5.73261400e+03 2.52915200e+03 8.14729200e+02 2.30395300e+02 9.60640800e-01 2.43326600e-01 2.44645600e-01 2.56522100e+00 1.39533400e+01 1.08965400e+03 1.46291400e+02 1.04126100e+00 1.40494500e+01 1.05917000e+03 1.49037100e+02 1.39281800e-01 1.60544800e-01 3.37600300e+03 1.02011700e-02 8.17462300e-01 4.51677200e-01 7.20461300e+01 6.48761700e+02 8.20462500e+01 1.54724100e+03 8.86891300e+01 2.00430500e+03 9.42459500e+01 2.33227700e+03 2.33425500e+02 5.82836500e+03 4.51267200e-01 7.39562100e-01 4.69375400e-01 6.55564100e-01 4.67986800e-01 6.13498700e-01 4.63071900e-01 5.83757100e-01 2.94355800e-01 3.03452500e-01 2.83252900e+01 1.08272400e+02 3.18122000e+01 8.67098200e+00 3.96775400e+02 2.39433700e+01 1.15076200e+04 7.06749900e+02 3.32083300e-02 1.21731700e+00 4.45477500e+00 2.84883500e+00 1.19370100e+04 5.70530100e+00
4.97292300e-01 6.32853100e+03 2.21833900e-02 1.16803900e-01 1.04106800e+00 5.14070700e-02 2.93081000e+00 3.02192300e+00 9.63490800e-01 9.97248400e-01 2.29486500e+02 4.87091400e+01 1.20827500e+02 3.13197500e+01 5.52078100e+00 7.44186000e-01 7.24439400e-01 8.65793200e-01 3.36878800e+00 1.03226800e+00 9.79296700e-01 9.96884100e-01 9.60869000e-01 9.97388900e-01 1.00003300e+00 1.00186000e+00 9.92414600e-01 6.70318600e+01 6.89241000e-01 3.10759000e-01 1.39632400e-01 9.35982200e-02 7.95421600e-01 8.09559200e-01 4.43413900e-01 5.93886300e-01 9.71531200e-01 9.97075300e+01 2.41078700e+00 7.35931400e+00 2.05307300e+00 1.85247700e+00 1.21768700e+03 5.67997200e+03 2.51464400e+03 8.10450200e+02 2.28937300e+02 9.63490800e-01 2.43763300e-01 2.45083900e-01 2.58081300e+00 1.39196600e+01 1.08975900e+03 1.45996300e+02 1.04135300e+00 1.40198700e+01 1.05917000e+03 1.48746500e+02 1.39438300e-01 1.60702900e-01 3.37352700e+03 1.02164600e-02 8.17960900e-01 4.51957500e-01 7.22595800e+01 6.46786900e+02 8.22685900e+01 1.54272500e+03 8.89185900e+01 1.99858300e+03 9.44819200e+01 2.32572100e+03 2.33883900e+02 5.81420500e+03 4.47982800e-01 7.35090200e-01 4.66154600e-01 6.51684600e-01 4.64866500e-01 6.09903200e-01 4.60044400e-01 5.80357400e-01 2.92667500e-01 3.01749500e-01 3.09157100e+01 1.06366900e+02 3.32834700e+01 1.02386800e+01 3.95768100e+02 2.31019500e+01 1.15117300e+04 7.06727500e+02 2.48876600e-02 1.27934900e+00 4.24104400e+00 3.95508300e+00 1.19408300e+04 5.54528100e+00
8.25844300e-01 6.33271700e+03 2.23033800e-02 1.17189000e-01 1.04103600e+00 6.30620000e-02 3.01245900e+00 3.05074000e+00 9.68634300e-01 1.00014500e+00 1.86354800e+02 4.68678400e+01 1.10873600e+02 3.57539500e+01 8.20131300e+00 6.64705000e-01 8.11706200e-01 6.66619800e-01 1.27017800e+00 1.37108400e+00 1.14087200e+00 1.17260900e+00 1.39575700e+00 9.97045000e-01 1.00057300e+00 9.99785700e-01 9.97038100e-01 6.79400600e+01 6.96399500e-01 3.03600500e-01 1.40137500e-01 9.52095100e-02 8.06763500e-01 8.11590200e-01 4.44526300e-01 5.98855200e-01 9.78775800e-01 1.00609600e+02 2.42428200e+00 8.51287800e+00 2.11309800e+00 1.86270700e+00 1.21798900e+03 5.70633500e+03 2.52500800e+03 8.13524700e+02 2.29813800e+02 9.68634300e-01 2.44918400e-01 2.46243200e-01 2.58645200e+00 1.38236600e+01 1.08972400e+03 1.45383900e+02 1.04125300e+00 1.39624000e+01 1.05955100e+03 1.48085800e+02 1.39900400e-01 1.60831300e-01 3.34850000e+03 1.01969800e-02 8.22896500e-01 4.54443800e-01 7.31209400e+01 6.38649600e+02 8.30598900e+01 1.52504600e+03 8.96742000e+01 1.97681400e+03 9.52127900e+01 2.30131900e+03 2.34534200e+02 5.77325900e+03 4.49718800e-01 7.46284100e-01 4.69745800e-01 6.62393200e-01 4.69283900e-01 6.20251600e-01 4.64970100e-01 5.90406900e-01 2.98014700e-01 3.07589600e-01 3.14478400e+01 1.07706300e+02 3.18372900e+01 9.38204700e+00 3.98543900e+02 2.25922200e+01 1.15095700e+04 7.06569700e+02 7.00659400e-04 1.81943000e+00 3.41028400e+00 1.35489900e+01 1.19400900e+04 5.23041500e+00
3.32301400e-01 6.32989200e+03 2.20951000e-02 1.11286100e-01 1.04198000e+00 5.56847000e-02 2.61710900e+00 3.02033200e+00 9.55311000e-01 1.00135800e+00 2.45285900e+02 3.56716000e+01 1.06040600e+02 3.61250900e+01 3.03688800e+00 6.94118400e-01 2.63302800e-01 4.10412500e-01 4.07059200e+00 1.05778500e+00 1.23945400e+00 9.77482700e-01 1.17874000e+00 9.96066900e-01 9.98916900e-01 9.98343700e-01 9.89006200e-01 6.55230700e+01 6.87822400e-01 3.12177600e-01 1.34026400e-01 8.78181900e-02 7.84120500e-01 7.99876700e-01 4.38110500e-01 5.86115600e-01 9.68691900e-01 9.96464800e+01 2.42388900e+00 7.68280000e+00 2.04981000e+00 1.83377700e+00 1.23200200e+03 5.71506100e+03 2.52296700e+03 8.17806200e+02 2.32724100e+02 9.55311000e-01 2.39356600e-01 2.40660900e-01 2.48697700e+00 1.42224600e+01 1.08906200e+03 1.49248600e+02 1.04247000e+00 1.43168200e+01 1.05829200e+03 1.52078500e+02 1.37219200e-01 1.59914800e-01 3.38212200e+03 1.00210500e-02 8.16615800e-01 4.51334900e-01 7.06510700e+01 6.61621800e+02 8.04744900e+01 1.57774500e+03 8.69990100e+01 2.04371300e+03 9.24563400e+01 2.37804400e+03 2.29095700e+02 5.94084500e+03 4.42567000e-01 7.24511500e-01 4.60170100e-01 6.42159800e-01 4.58736600e-01 6.00929100e-01 4.53871400e-01 5.71781500e-01 2.88330700e-01 2.97191100e-01 2.79050200e+01 1.04589300e+02 3.00023500e+01 1.10037400e+01 3.96291300e+02 2.38237900e+01 1.15092600e+04 7.06768700e+02 2.87603000e-02 1.27934900e+00 4.19742600e+00 7.12923900e+00 1.19403800e+04 5.50553600e+00
1.26952400e-01 6.33890500e+03 2.23362600e-02 1.14264000e-01 1.04158700e+00 4.95655200e-02 2.81855700e+00 3.01496800e+00 9.61998900e-01 1.00042600e+00 2.64510300e+02 4.09129400e+01 7.29980700e+01 5.67270200e+01 3.00556900e+00 4.47711600e-01 9.48746100e-01 6.22084800e-01 3.64601200e+00 1.02744700e+00 1.10014900e+00 8.00503000e-01 8.07777600e-01 9.96930800e-01 1.00285700e+00 1.00539300e+00 9.97474500e-01 6.69110100e+01 6.93449200e-01 3.06550800e-01 1.37245400e-01 9.18322600e-02 7.86690800e-01 7.95233600e-01 4.35567400e-01 5.85369000e-01 9.61734700e-01 1.00273500e+02 2.39732300e+00 7.08465600e+00 2.03884400e+00 1.84642600e+00 1.22178600e+03 5.71587800e+03 2.52160200e+03 8.15530200e+02 2.31227300e+02 9.61998900e-01 2.42287300e-01 2.43602500e-01 2.51299300e+00 1.39984100e+01 1.08923400e+03 1.47144800e+02 1.04192100e+00 1.41224500e+01 1.05924600e+03 1.49860900e+02 1.38845500e-01 1.60216800e-01 3.36712200e+03 1.01187400e-02 8.19862300e-01 4.52844500e-01 7.20600600e+01 6.48269600e+02 8.19321900e+01 1.54729000e+03 8.84975500e+01 2.00516900e+03 9.39930400e+01 2.33393700e+03 2.32006400e+02 5.84660300e+03 4.40431600e-01 7.27430300e-01 4.59320900e-01 6.45344000e-01 4.58530400e-01 6.04156300e-01 4.54090900e-01 5.75005200e-01 2.90146200e-01 2.99324100e-01 2.95455300e+01 1.05415600e+02 2.93319900e+01 1.30724600e+01 3.95690100e+02 2.28602900e+01 1.15275700e+04 7.06624400e+02 1.75169000e-03 1.60798500e+00 3.56379300e+00 6.82251300e+00 1.19591900e+04 5.17353000e+00
3.84594100e-01 6.33019300e+03 2.20501100e-02 1.12882900e-01 1.04150600e+00 4.95094200e-02 2.69665200e+00 3.01225900e+00 9.54795300e-01 9.99865100e-01 2.52672900e+02 4.57201500e+01 9.58832200e+01 4.55297200e+01 4.64890300e+00 6.40794700e-01 5.85570600e-01 3.71645500e-01 9.77147600e-01 7.26203500e-01 7.35758600e-01 9.63098900e-01 1.11994800e+00 9.97936100e-01 1.00144800e+00 9.90570200e-01 9.82880600e-01 6.57061800e+01 6.85965600e-01 3.14034400e-01 1.35578100e-01 8.90832100e-02 7.83737300e-01 8.01859900e-01 4.39196800e-01 5.86698300e-01 9.66868500e-01 9.93712600e+01 2.41861100e+00 7.09991500e+00 2.03332700e+00 1.84163700e+00 1.23441700e+03 5.71869500e+03 2.52245700e+03 8.15181300e+02 2.31190600e+02 9.54795300e-01 2.40465800e-01 2.41774200e-01 2.52333800e+00 1.41589300e+01 1.08934100e+03 1.48403200e+02 1.04195600e+00 1.42427500e+01 1.05836900e+03 1.51235800e+02 1.37713300e-01 1.60169600e-01 3.38313900e+03 1.00806800e-02 8.16006300e-01 4.51041100e-01 7.08802700e+01 6.59619000e+02 8.07822500e+01 1.57251500e+03 8.73562100e+01 2.03664100e+03 9.28536300e+01 2.36957300e+03 2.30363200e+02 5.91451600e+03 4.43480300e-01 7.23980500e-01 4.60673800e-01 6.41495000e-01 4.59031400e-01 6.00226500e-01 4.54026300e-01 5.71063100e-01 2.87887200e-01 2.96663900e-01 2.95784100e+01 1.05807500e+02 3.08518200e+01 1.06525300e+01 3.95642200e+02 2.41972200e+01 1.15105000e+04 7.06827600e+02 5.10139300e-02 1.09677200e+00 4.72619500e+00 6.69094100e+00 1.19409900e+04 5.87398100e+00
2.55916300e-01 6.33150700e+03 2.23662900e-02 1.14352200e-01 1.04172000e+00 4.52891700e-02 2.81501700e+00 3.01111700e+00 9.60262500e-01 9.99962000e-01 1.82056100e+02 3.04223500e+01 9.29026700e+01 3.96307800e+01 4.33047400e+00 4.88037000e-01 8.36352500e-01 3.26110800e-01 5.22119900e+00 1.01275700e+00 9.86230300e-01 9.93361100e-01 9.15934500e-01 9.96782100e-01 1.00096200e+00 9.96417400e-01 9.94267500e-01 6.69073500e+01 6.93151500e-01 3.06848500e-01 1.37363600e-01 9.19063500e-02 7.85079400e-01 7.93989900e-01 4.34886200e-01 5.84311700e-01 9.59791000e-01 1.00240900e+02 2.39708600e+00 6.62994400e+00 2.03100600e+00 1.85512700e+00 1.23090900e+03 5.75174800e+03 2.53247000e+03 8.18631900e+02 2.32058400e+02 9.60262500e-01 2.42251100e-01 2.43566100e-01 2.50625600e+00 1.39954900e+01 1.08920000e+03 1.47115800e+02 1.04205700e+00 1.41178300e+01 1.05932200e+03 1.49820400e+02 1.38921800e-01 1.60181200e-01 3.37169000e+03 1.01299800e-02 8.19220400e-01 4.52490100e-01 7.20598000e+01 6.48294700e+02 8.19399500e+01 1.54727400e+03 8.85101700e+01 2.00509800e+03 9.40095100e+01 2.33381400e+03 2.32096500e+02 5.84541700e+03 4.39723900e-01 7.25910200e-01 4.58507300e-01 6.43962200e-01 4.57682800e-01 6.02848900e-01 4.53228100e-01 5.73752200e-01 2.89500800e-01 2.98645300e-01 2.72296700e+01 1.03438300e+02 2.88118000e+01 1.16640600e+01 3.96125800e+02 2.35105900e+01 1.15159800e+04 7.06630800e+02 2.38100400e-03 1.60798500e+00 3.58608800e+00 3.90149100e+00 1.19472800e+04 5.19645400e+00
4.76834800e-01 6.33385500e+03 2.26842800e-02 1.17261000e-01 1.04126600e+00 5.69378100e-02 2.98348800e+00 3.03795700e+00 9.71202000e-01 1.00047900e+00 2.37310900e+02 2.99757200e+01 8.57767500e+01 4.37741200e+01 3.95495200e+00 5.74027800e-01 8.32685600e-01 6.95627500e-01 5.89551200e+00 1.28694400e+00 1.12914400e+00 9.99601500e-01 1.01679100e+00 9.96204600e-01 1.00244000e+00 9.90881000e-01 9.73995600e-01 6.79657000e+01 6.95648000e-01 3.04352000e-01 1.40590400e-01 9.55532600e-02 8.02113900e-01 8.07910900e-01 4.42511000e-01 5.95772000e-01 9.72951400e-01 1.00443900e+02 2.40615900e+00 7.82318100e+00 2.08625700e+00 1.86171100e+00 1.21028400e+03 5.71200100e+03 2.52837600e+03 8.18665700e+02 2.32346100e+02 9.71202000e-01 2.44669100e-01 2.45993000e-01 2.50844400e+00 1.38090300e+01 1.08923100e+03 1.45218000e+02 1.04146300e+00 1.39436600e+01 1.06042900e+03 1.47786200e+02 1.40609500e-01 1.60235400e-01 3.37255500e+03 1.02501300e-02 8.19730100e-01 4.52510500e-01 7.31597300e+01 6.38366200e+02 8.31241900e+01 1.52418400e+03 8.97543100e+01 1.97557500e+03 9.53055900e+01 2.29977800e+03 2.34887500e+02 5.76723400e+03 4.47620800e-01 7.41906600e-01 4.67363100e-01 6.58423200e-01 4.66813800e-01 6.16498800e-01 4.62463100e-01 5.86812700e-01 2.96167200e-01 3.05648600e-01 2.61071400e+01 1.04929900e+02 2.90582900e+01 1.04679600e+01 3.96338200e+02 2.19000600e+01 1.15168700e+04 7.06582200e+02 8.22036100e-05 1.67729600e+00 3.54245800e+00 1.03318200e+01 1.19455800e+04 5.21983600e+00
7.82461700e-01 6.33321600e+03 2.25109800e-02 1.21225800e-01 1.04038600e+00 7.26969500e-02 3.16735700e+00 3.07854700e+00 9.70411500e-01 9.99283100e-01 1.95541400e+02 3.45233400e+01 8.55438800e+01 5.04972100e+01 9.43615500e+00 7.21273100e-01 8.89406200e-01 4.83920100e-01 1.49507700e+00 7.21580400e-01 1.25116000e+00 9.64691100e-01 1.24606400e+00 9.96563100e-01 1.00120400e+00 9.95334700e-01 9.92030100e-01 6.82696500e+01 6.90217000e-01 3.09783000e-01 1.44382000e-01 9.85690700e-02 8.26263700e-01 8.39627800e-01 4.59883100e-01 6.16429000e-01 1.00001100e+00 9.96828800e+01 2.46813800e+00 9.47113000e+00 2.17268100e+00 1.87867700e+00 1.22289200e+03 5.70635900e+03 2.52457500e+03 8.11461000e+02 2.29106500e+02 9.70411500e-01 2.47058200e-01 2.48390800e-01 2.60153300e+00 1.36795800e+01 1.08996900e+03 1.43411200e+02 1.04047400e+00 1.37832600e+01 1.06042900e+03 1.46013500e+02 1.41658600e-01 1.60899600e-01 3.37980000e+03 1.03992000e-02 8.17381900e-01 4.51398900e-01 7.35755100e+01 6.35150300e+02 8.37415100e+01 1.51519800e+03 9.04972900e+01 1.96307000e+03 9.61498000e+01 2.28451800e+03 2.37858700e+02 5.71381800e+03 4.64696600e-01 7.63685000e-01 4.83785300e-01 6.77134600e-01 4.82559400e-01 6.33762100e-01 4.77626800e-01 6.03085500e-01 3.04134500e-01 3.13632600e-01 2.92990900e+01 1.06410900e+02 3.24080500e+01 9.35862100e+00 4.03773900e+02 2.30929600e+01 1.15034500e+04 7.06701000e+02 2.76567100e-02 1.27934900e+00 4.48301800e+00 1.42604400e+01 1.19396800e+04 5.79002400e+00
7.64122300e-01 6.33789500e+03 2.23211200e-02 1.21744600e-01 1.04004900e+00 5.35109400e-02 3.15180300e+00 3.04253000e+00 9.65771900e-01 1.00204900e+00 2.38357300e+02 3.03580200e+01 7.65697800e+01 5.07092600e+01 5.50696100e+00 5.27632200e-01 7.82040300e-01 2.22947800e-01 8.64629800e+00 6.74077700e-01 1.33098300e+00 8.90189800e-01 1.03345700e+00 9.94618900e-01 9.99276300e-01 9.98039500e-01 9.88234000e-01 6.76361100e+01 6.83667400e-01 3.16332600e-01 1.44710900e-01 9.78768100e-02 8.12709600e-01 8.34539200e-01 4.57096000e-01 6.09496800e-01 9.88202800e-01 9.88581200e+01 2.44308100e+00 7.64923100e+00 2.09581900e+00 1.88310600e+00 1.22705000e+03 5.71146200e+03 2.52721500e+03 8.10616200e+02 2.28140900e+02 9.65771900e-01 2.46781900e-01 2.48113500e-01 2.63140300e+00 1.37263300e+01 1.09023800e+03 1.43499300e+02 1.04017400e+00 1.37956900e+01 1.06004700e+03 1.46161800e+02 1.41409700e-01 1.61037600e-01 3.39451300e+03 1.04337200e-02 8.13943400e-01 4.49737800e-01 7.30031600e+01 6.40601300e+02 8.32609600e+01 1.52663400e+03 9.00676600e+01 1.97686500e+03 9.57580800e+01 2.29973600e+03 2.37927000e+02 5.73405300e+03 4.61271200e-01 7.50511100e-01 4.78576800e-01 6.64746200e-01 4.76602200e-01 6.21874600e-01 4.71228300e-01 5.91592400e-01 2.98082500e-01 3.07109100e-01 3.37919200e+01 1.07735900e+02 3.47600000e+01 9.19884300e+00 3.96026600e+02 2.29441100e+01 1.15123100e+04 7.06908200e+02 1.11478500e-01 8.20176000e-01 6.31002000e+00 2.11570300e+01 1.19404800e+04 7.24167500e+00
3.90191300e-01 6.34077200e+03 2.20094400e-02 1.18814600e-01 1.04058300e+00 4.47463900e-02 3.03156500e+00 3.02126100e+00 9.64648700e-01 1.00254600e+00 2.39871200e+02 4.59679500e+01 9.36648100e+01 5.40116400e+01 8.49577100e+00 7.81411400e-01 6.69933400e-01 1.94633200e-01 2.97972600e-01 6.17710400e-01 1.11597500e+00 7.36358600e-01 8.55655500e-01 9.96463800e-01 1.00021300e+00 1.00798100e+00 9.94802700e-01 6.71929900e+01 6.86661400e-01 3.13338600e-01 1.41469200e-01 9.50573800e-02 7.99523700e-01 8.17104500e-01 4.47546600e-01 5.98184000e-01 9.75369800e-01 9.93658900e+01 2.41251400e+00 6.72760000e+00 2.05171500e+00 1.87607800e+00 1.22468400e+03 5.70835100e+03 2.53406200e+03 8.13808300e+02 2.28930900e+02 9.64648700e-01 2.45050500e-01 2.46375800e-01 2.64936300e+00 1.38540100e+01 1.09026100e+03 1.45087300e+02 1.04081800e+00 1.39397400e+01 1.05901700e+03 1.47881300e+02 1.39811000e-01 1.61195900e-01 3.37178700e+03 1.02810900e-02 8.17491500e-01 4.51834200e-01 7.24751900e+01 6.45050800e+02 8.25813100e+01 1.53795800e+03 8.92919000e+01 1.99199900e+03 9.49040800e+01 2.31772600e+03 2.35337800e+02 5.78707300e+03 4.51921900e-01 7.38627300e-01 4.69613000e-01 6.54541700e-01 4.68017400e-01 6.12461400e-01 4.62965900e-01 5.82720100e-01 2.93746100e-01 3.02757900e-01 3.50204200e+01 1.07664600e+02 3.60947200e+01 1.06463100e+01 3.96153600e+02 2.26798600e+01 1.15264500e+04 7.06804900e+02 5.19486800e-02 1.09677200e+00 4.86730700e+00 1.27922200e+01 1.19559300e+04 6.01602700e+00
5.70438400e-01 6.32972200e+03 2.20662800e-02 1.16790300e-01 1.04102800e+00 4.41971000e-02 2.91205800e+00 3.01228700e+00 9.60851000e-01 9.97981000e-01 2.44117500e+02 3.57786000e+01 1.00059100e+02 3.93313300e+01 4.17709900e+00 6.81523500e-01 3.85060100e-01 2.90281700e-01 2.94945600e+00 9.37403600e-01 1.04166900e+00 9.85249400e-01 1.18706800e+00 9.97520000e-01 1.00044000e+00 9.99022000e-01 9.90694700e-01 6.67095900e+01 6.86525000e-01 3.13475000e-01 1.39501700e-01 9.30610200e-02 7.91801100e-01 8.09388300e-01 4.43320300e-01 5.92470600e-01 9.69442300e-01 9.93828800e+01 2.40850800e+00 6.61468500e+00 2.03338400e+00 1.86136000e+00 1.22677800e+03 5.70679100e+03 2.52617100e+03 8.13240800e+02 2.29445700e+02 9.60851000e-01 2.43459600e-01 2.44779100e-01 2.59635800e+00 1.39531600e+01 1.08988900e+03 1.46187600e+02 1.04132600e+00 1.40386100e+01 1.05890300e+03 1.48978400e+02 1.39179300e-01 1.60787100e-01 3.37899500e+03 1.02199200e-02 8.16592300e-01 4.51329000e-01 7.19514500e+01 6.49759500e+02 8.19892400e+01 1.54914100e+03 8.86541800e+01 2.00645400e+03 9.42280500e+01 2.33452000e+03 2.33689600e+02 5.82850500e+03 4.47682700e-01 7.31477300e-01 4.65165500e-01 6.48188900e-01 4.63565500e-01 6.06510400e-01 4.58549200e-01 5.77054100e-01 2.90897400e-01 2.99805800e-01 2.77746300e+01 1.04076800e+02 3.01998800e+01 9.88240400e+00 3.96267200e+02 2.36173700e+01 1.15134400e+04 7.06809300e+02 5.07731400e-02 1.09677200e+00 4.79885600e+00 3.48076200e+00 1.19432100e+04 5.94640100e+00
4.16025100e-01 6.33200300e+03 2.22646300e-02 1.16327500e-01 1.04117200e+00 4.87921800e-02 2.89464600e+00 3.01497000e+00 9.60011700e-01 9.96673000e-01 2.68219100e+02 2.38171800e+01 8.08531500e+01 4.73688400e+01 5.29316300e-01 8.46883700e-01 7.62539000e-02 5.56853600e-01 9.15296600e+00 1.02089200e+00 1.06826500e+00 8.08400900e-01 1.18044100e+00 9.98474200e-01 1.00164900e+00 1.00555700e+00 9.95595800e-01 6.68780500e+01 6.88693300e-01 3.11306700e-01 1.39237300e-01 9.31192000e-02 7.90854900e-01 8.05620200e-01 4.41256400e-01 5.90736600e-01 9.67063500e-01 9.96280100e+01 2.41004800e+00 7.05719000e+00 2.03884900e+00 1.84928900e+00 1.22462000e+03 5.69813700e+03 2.51208900e+03 8.09620600e+02 2.28841900e+02 9.60011700e-01 2.43303500e-01 2.44622400e-01 2.55282400e+00 1.39450000e+01 1.08958000e+03 1.46246700e+02 1.04146800e+00 1.40423600e+01 1.05932200e+03 1.48969700e+02 1.39407700e-01 1.60480700e-01 3.38060800e+03 1.02126300e-02 8.16957500e-01 4.51374100e-01 7.21003600e+01 6.48257000e+02 8.21021100e+01 1.54609300e+03 8.87464300e+01 2.00285400e+03 9.43046000e+01 2.33061800e+03 2.33534900e+02 5.82485300e+03 4.45772500e-01 7.30815000e-01 4.63715600e-01 6.47834300e-01 4.62369400e-01 6.06274800e-01 4.57530400e-01 5.76889500e-01 2.90899800e-01 2.99900500e-01 2.61785300e+01 1.05317300e+02 3.15883900e+01 1.05800200e+01 3.95738600e+02 2.37561600e+01 1.15165100e+04 7.06743000e+02 3.06149200e-02 1.21731700e+00 4.38778500e+00 5.04533600e+00 1.19465800e+04 5.63571700e+00
6.41194300e-01 6.32737600e+03 2.23492200e-02 1.14171500e-01 1.04148400e+00 5.11026700e-02 2.79384700e+00 3.02162400e+00 9.62865200e-01 9.99225800e-01 2.05045100e+02 3.57952700e+01 1.09546300e+02 3.64226900e+01 6.46650900e+00 7.74611700e-01 5.85912100e-01 4.90172100e-01 2.22044700e-01 1.09121000e+00 7.80313700e-01 9.80376400e-01 1.00868400e+00 9.98745200e-01 1.00045100e+00 9.98911700e-01 9.85877900e-01 6.66290300e+01 6.91028000e-01 3.08972000e-01 1.37165900e-01 9.13922900e-02 7.89880200e-01 8.01604600e-01 4.39056900e-01 5.88899300e-01 9.67675000e-01 9.99457900e+01 2.40725400e+00 7.23419200e+00 2.05246000e+00 1.85305200e+00 1.22354900e+03 5.72842200e+03 2.53297800e+03 8.20468200e+02 2.33042600e+02 9.62865200e-01 2.41950500e-01 2.43264400e-01 2.50204300e+00 1.40267700e+01 1.08918400e+03 1.47290300e+02 1.04183600e+00 1.41375800e+01 1.05924600e+03 1.50003400e+02 1.38805700e-01 1.60091300e-01 3.37671900e+03 1.01301900e-02 8.18058800e-01 4.51890600e-01 7.17942700e+01 6.50848900e+02 8.16931200e+01 1.55284700e+03 8.82725800e+01 2.01197900e+03 9.37781500e+01 2.34154200e+03 2.31863000e+02 5.85873700e+03 4.43762400e-01 7.30142700e-01 4.62197000e-01 6.47489800e-01 4.61122500e-01 6.06056900e-01 4.56473300e-01 5.76747100e-01 2.90932700e-01 3.00027200e-01 2.45116100e+01 1.02931700e+02 2.91459700e+01 9.77769500e+00 3.95707500e+02 2.31093500e+01 1.15115600e+04 7.06680200e+02 1.20092400e-02 1.40705700e+00 3.90708300e+00 2.59492800e+00 1.19401500e+04 5.32614900e+00
7.33470900e-01 6.33025200e+03 2.24141900e-02 1.18703900e-01 1.04102900e+00 5.05221500e-02 2.94358300e+00 3.02049700e+00 9.62021500e-01 9.95180100e-01 2.09875700e+02 4.09684600e+01 9.70744900e+01 3.96705700e+01 3.92425800e+00 6.08351800e-01 6.37868600e-01 6.21368400e-01 3.83361100e+00 9.89592600e-01 8.95760200e-01 1.01113300e+00 1.12319300e+00 9.95946900e-01 1.00213100e+00 9.99290400e-01 9.84414300e-01 6.66876200e+01 6.81233200e-01 3.18766800e-01 1.41763200e-01 9.45385100e-02 7.99359800e-01 8.23982900e-01 4.51314000e-01 6.00634900e-01 9.78858000e-01 9.86355900e+01 2.42685800e+00 7.24945100e+00 2.05014900e+00 1.85311500e+00 1.21810500e+03 5.66600300e+03 2.50794100e+03 8.09301000e+02 2.29145500e+02 9.62021500e-01 2.44032600e-01 2.45354200e-01 2.54196200e+00 1.38918700e+01 1.08965000e+03 1.45250600e+02 1.04127600e+00 1.39492900e+01 1.05985600e+03 1.47906900e+02 1.40439000e-01 1.60365200e-01 3.41930300e+03 1.03640600e-02 8.10391900e-01 4.47832400e-01 7.20152000e+01 6.49570100e+02 8.21976600e+01 1.54740900e+03 8.89506300e+01 2.00337800e+03 9.45943700e+01 2.33026200e+03 2.35416500e+02 5.80344900e+03 4.55259100e-01 7.37947100e-01 4.71735500e-01 6.53361600e-01 4.69510400e-01 6.11118900e-01 4.64033200e-01 5.81295700e-01 2.92823300e-01 3.01574900e-01 2.84970400e+01 1.04404800e+02 2.96879000e+01 9.18628200e+00 3.95700100e+02 2.35262800e+01 1.15071400e+04 7.07002700e+02 1.43660600e-01 7.19420900e-01 6.82051700e+00 1.02660800e+01 1.19355500e+04 7.68359800e+00
7.32912600e-01 6.33498500e+03 2.22485400e-02 1.20989500e-01 1.04119900e+00 5.03274000e-02 3.09436100e+00 3.02541800e+00 9.63159600e-01 9.94068300e-01 2.48126900e+02 3.54438200e+01 9.55898800e+01 4.14771000e+01 1.67085600e+00 7.27493000e-01 1.77333200e-01 2.49066400e-01 6.76146200e+00 9.20776200e-01 1.27646900e+00 9.62595400e-01 1.21838800e+00 9.96428100e-01 1.00256300e+00 1.00073300e+00 9.99488500e-01 6.75628700e+01 6.84794400e-01 3.15205600e-01 1.43883200e-01 9.72116100e-02 8.05601200e-01 8.25764900e-01 4.52290100e-01 6.03626900e-01 9.80090200e-01 9.91303100e+01 2.42736800e+00 7.31658900e+00 2.06026100e+00 1.86298100e+00 1.21997900e+03 5.66103100e+03 2.50524500e+03 8.03885200e+02 2.26232200e+02 9.63159600e-01 2.45991600e-01 2.47320300e-01 2.62544200e+00 1.37554900e+01 1.09020700e+03 1.44029200e+02 1.04136000e+00 1.38308700e+01 1.05978000e+03 1.46723100e+02 1.40975100e-01 1.61123200e-01 3.40087000e+03 1.04134400e-02 8.13454400e-01 4.49561900e-01 7.29011800e+01 6.41419100e+02 8.31164100e+01 1.52884200e+03 8.98965200e+01 1.97989400e+03 9.55654800e+01 2.30339800e+03 2.37278100e+02 5.74611800e+03 4.56554900e-01 7.44053100e-01 4.73952300e-01 6.59142700e-01 4.72121400e-01 6.16680600e-01 4.66880100e-01 5.86681200e-01 2.95654600e-01 3.04650500e-01 3.06343400e+01 1.07183800e+02 3.35027600e+01 9.32283100e+00 3.95762400e+02 2.38347800e+01 1.15139700e+04 7.06867600e+02 7.68713900e-02 9.81866700e-01 5.39477000e+00 1.37595000e+01 1.19428900e+04 6.45350900e+00
4.36833700e-01 6.33200400e+03 2.21473800e-02 1.21362500e-01 1.04080400e+00 4.77141900e-02 3.19785600e+00 3.02802200e+00 9.65697800e-01 9.98599600e-01 2.38864400e+02 4.74988700e+01 1.04192300e+02 4.08958900e+01 6.47644500e+00 5.89278800e-01 7.01725600e-01 2.27379400e-05 4.35014500e+00 9.66111500e-01 1.17178100e+00 1.10865200e+00 1.22194100e+00 9.97177200e-01 1.00226400e+00 9.99947800e-01 9.97067600e-01 6.84124800e+01 6.91994000e-01 3.08006000e-01 1.44155000e-01 9.86200300e-02 8.05644800e-01 8.16324000e-01 4.47119100e-01 6.00182600e-01 9.74038100e-01 1.00038300e+02 2.41325600e+00 7.07855200e+00 2.06563400e+00 1.87762700e+00 1.22439500e+03 5.70178500e+03 2.51882700e+03 8.05349900e+02 2.25613600e+02 9.65697800e-01 2.47316400e-01 2.48649900e-01 2.68114300e+00 1.36731700e+01 1.09047400e+03 1.43501300e+02 1.04090600e+00 1.37861900e+01 1.05962800e+03 1.46228100e+02 1.41030900e-01 1.61581400e-01 3.36091800e+03 1.03619300e-02 8.20147300e-01 4.53126200e-01 7.36989200e+01 6.33960000e+02 8.38350000e+01 1.51278100e+03 9.05736100e+01 1.96021600e+03 9.62130400e+01 2.28142300e+03 2.37728500e+02 5.71094500e+03 4.51959800e-01 7.44802900e-01 4.70965700e-01 6.60585200e-01 4.69978000e-01 6.18352800e-01 4.65310100e-01 5.88471600e-01 2.96831800e-01 3.06183500e-01 3.84649000e+01 1.11155900e+02 3.85160900e+01 1.05686000e+01 3.95781100e+02 2.32259200e+01 1.15135400e+04 7.06656800e+02 8.38950300e-03 1.47275900e+00 3.83538600e+00 8.92015100e+00 1.19431100e+04 5.31653500e+00
1.73351400e-01 6.32899200e+03 2.22064100e-02 1.20002000e-01 1.04093000e+00 4.28881900e-02 3.13711900e+00 3.01479600e+00 9.69192500e-01 9.98645000e-01 2.73050000e+02 4.43072600e+01 1.00137600e+02 4.39516900e+01 2.82816700e+00 7.49075600e-01 3.55526200e-01 3.16482200e-01 4.92519800e+00 1.10792300e+00 1.00380200e+00 9.30030300e-01 1.09081800e+00 9.97444000e-01 1.00141600e+00 9.95348900e-01 9.94216200e-01 6.82806400e+01 6.93594900e-01 3.06405100e-01 1.42853600e-01 9.75413300e-02 7.98617300e-01 8.07097500e-01 4.42065500e-01 5.94172700e-01 9.66473400e-01 1.00247800e+02 2.38699700e+00 6.51397700e+00 2.03849300e+00 1.87092800e+00 1.21182000e+03 5.68452800e+03 2.52125000e+03 8.09481300e+02 2.27404400e+02 9.69192500e-01 2.46541500e-01 2.47872200e-01 2.64847800e+00 1.37196200e+01 1.09021800e+03 1.44102100e+02 1.04106800e+00 1.38417500e+01 1.05962800e+03 1.46817300e+02 1.40681800e-01 1.61332200e-01 3.35726400e+03 1.03092300e-02 8.21031000e-01 4.53544400e-01 7.35304400e+01 6.35297400e+02 8.36007500e+01 1.51635700e+03 9.02980900e+01 1.96510200e+03 9.59041500e+01 2.28731600e+03 2.36704100e+02 5.73015700e+03 4.46995500e-01 7.38465100e-01 4.66190800e-01 6.55139600e-01 4.65399500e-01 6.13328500e-01 4.60900500e-01 5.83735500e-01 2.94514000e-01 3.03859900e-01 3.25683600e+01 1.09194500e+02 3.57410300e+01 1.24524600e+01 3.96616300e+02 2.22436400e+01 1.15116300e+04 7.06621400e+02 2.36827900e-03 1.60798500e+00 3.62770200e+00 3.18614900e+00 1.19429400e+04 5.23805500e+00
9.57818100e-01 6.33391900e+03 2.19340900e-02 1.15672900e-01 1.04161200e+00 4.99922500e-02 2.75765600e+00 3.02853300e+00 9.55542500e-01 1.00211500e+00 1.74485400e+02 3.27943600e+01 1.14209000e+02 3.51934300e+01 5.88468300e+00 7.11554700e-01 4.42462000e-01 1.55601600e-01 1.76730600e+00 1.03704900e+00 9.48210200e-01 8.97904900e-01 8.92059600e-01 9.97339400e-01 9.98392300e-01 9.95907400e-01 9.86628800e-01 6.53765900e+01 6.76534900e-01 3.23465100e-01 1.38252200e-01 9.03845500e-02 7.98684400e-01 8.29331700e-01 4.54243700e-01 6.02326600e-01 9.87788700e-01 9.82297700e+01 2.45477200e+00 7.22808800e+00 2.06668900e+00 1.87004600e+00 1.24432700e+03 5.73679300e+03 2.54730700e+03 8.22091800e+02 2.33018900e+02 9.55542500e-01 2.41267800e-01 2.42579100e-01 2.56651700e+00 1.41122300e+01 1.08980100e+03 1.47399700e+02 1.04202600e+00 1.41455000e+01 1.05836900e+03 1.50252200e+02 1.38376800e-01 1.60497600e-01 3.42080200e+03 1.02365600e-02 8.09104400e-01 4.47521700e-01 7.06712400e+01 6.62274700e+02 8.07824100e+01 1.57651100e+03 8.74810200e+01 2.04030300e+03 9.30760500e+01 2.37259800e+03 2.32346300e+02 5.89596900e+03 4.57828200e-01 7.36874100e-01 4.73244300e-01 6.51924500e-01 4.70481700e-01 6.09575100e-01 4.64645400e-01 5.79704400e-01 2.91873500e-01 3.00390500e-01 2.68000400e+01 1.03621200e+02 2.96161600e+01 8.44385100e+00 3.95728300e+02 2.45681600e+01 1.15187100e+04 7.07211300e+02 2.11169900e-01 5.80430900e-01 7.79459700e+00 4.58825200e+00 1.19474500e+04 8.58619800e+00
8.86433700e-01 6.33117400e+03 2.19987500e-02 1.17304300e-01 1.04141400e+00 5.16497900e-02 2.86012400e+00 3.03586100e+00 9.59087900e-01 1.00457800e+00 2.22024900e+02 3.39067300e+01 8.31137800e+01 4.48582700e+01 5.21818500e-01 6.00527100e-01 3.29085100e-01 2.90870900e-01 9.02731300e+00 1.05518000e+00 1.09792100e+00 1.00738800e+00 1.23565700e+00 9.95601600e-01 1.00308600e+00 9.98831700e-01 9.95983500e-01 6.59918200e+01 6.78643500e-01 3.21356500e-01 1.39948200e-01 9.23543800e-02 8.04607800e-01 8.32754900e-01 4.56118600e-01 6.05802500e-01 9.90465100e-01 9.84515600e+01 2.45455400e+00 7.42340100e+00 2.08189000e+00 1.87756700e+00 1.24005100e+03 5.73300600e+03 2.54765100e+03 8.21048700e+02 2.32319800e+02 9.59087900e-01 2.42718600e-01 2.44035400e-01 2.59075000e+00 1.40065200e+01 1.08996800e+03 1.46371600e+02 1.04175200e+00 1.40505300e+01 1.05871200e+03 1.49187500e+02 1.39115400e-01 1.60724500e-01 3.41410900e+03 1.02893700e-02 8.10392600e-01 4.48145800e-01 7.13027900e+01 6.56253200e+02 8.14509000e+01 1.56269100e+03 8.81771500e+01 2.02275000e+03 9.37967400e+01 2.35245700e+03 2.33828200e+02 5.85160600e+03 4.59898100e-01 7.42540700e-01 4.75899400e-01 6.57156000e-01 4.73358400e-01 6.14556200e-01 4.67641900e-01 5.84496400e-01 2.94351400e-01 3.03033800e-01 3.10070500e+01 1.07818600e+02 3.36573900e+01 8.69665900e+00 3.95827700e+02 2.36995700e+01 1.15067000e+04 7.07113400e+02 1.72114700e-01 6.71532900e-01 7.12760300e+00 1.23347000e+01 1.19349300e+04 7.97125000e+00
7.56140500e-01 6.33232800e+03 2.23060900e-02 1.17644500e-01 1.04147200e+00 5.48912500e-02 3.01235400e+00 3.04425200e+00 9.70813600e-01 1.00375800e+00 2.48960000e+02 5.03957100e+01 9.04201200e+01 4.79119600e+01 5.16937800e+00 6.63296000e-01 8.55114400e-01 7.24457200e-01 3.98080700e+00 1.22648200e+00 6.69129400e-01 9.74089700e-01 9.55105000e-01 9.99883000e-01 1.00299600e+00 1.00551000e+00 9.95248500e-01 6.79254200e+01 6.95275400e-01 3.04724600e-01 1.40595700e-01 9.55002200e-02 8.06785600e-01 8.13113600e-01 4.45360700e-01 5.99425200e-01 9.78908300e-01 1.00503000e+02 2.41546500e+00 7.71331800e+00 2.09943200e+00 1.88115200e+00 1.22058900e+03 5.73948900e+03 2.55075600e+03 8.23103200e+02 2.32722500e+02 9.70813600e-01 2.44918100e-01 2.46242900e-01 2.58590000e+00 1.38123500e+01 1.08976000e+03 1.45262600e+02 1.04169300e+00 1.39448600e+01 1.05958900e+03 1.47960800e+02 1.40033300e-01 1.60880800e-01 3.35955000e+03 1.02305500e-02 8.21228300e-01 4.53582200e-01 7.31236500e+01 6.38707400e+02 8.30928100e+01 1.52491100e+03 8.97255000e+01 1.97646000e+03 9.52786800e+01 2.30076100e+03 2.34880600e+02 5.76867100e+03 4.50464000e-01 7.46191600e-01 4.70240700e-01 6.62186100e-01 4.69645300e-01 6.20005500e-01 4.65239900e-01 5.90140200e-01 2.97831400e-01 3.07350500e-01 3.23291300e+01 1.08622500e+02 3.36167200e+01 9.53924400e+00 3.96061000e+02 2.20705600e+01 1.15156600e+04 7.06588800e+02 2.88492400e-05 1.74777200e+00 3.42628200e+00 9.56661500e+00 1.19433300e+04 5.17408200e+00
5.04592600e-01 6.33584700e+03 2.25003100e-02 1.17237700e-01 1.04135900e+00 5.51676600e-02 3.03858400e+00 3.04464000e+00 9.69677100e-01 1.00436200e+00 3.12309700e+02 4.21615700e+01 7.69291200e+01 5.30831400e+01 1.15461600e+00 3.52485000e-01 8.47063200e-01 1.55419400e-01 6.50302000e+00 1.35503300e+00 9.68173600e-01 8.12187700e-01 7.38895000e-01 9.98999100e-01 1.00044300e+00 9.87125800e-01 9.91765700e-01 6.85003700e+01 7.00822200e-01 2.99177800e-01 1.40383200e-01 9.61630000e-02 8.03419600e-01 8.02317900e-01 4.39447600e-01 5.94189200e-01 9.70724500e-01 1.01186800e+02 2.40850600e+00 7.69500700e+00 2.10024600e+00 1.88084100e+00 1.22732100e+03 5.77854800e+03 2.54924900e+03 8.21813100e+02 2.32237800e+02 9.69677100e-01 2.45345300e-01 2.46671700e-01 2.55931200e+00 1.37668900e+01 1.08951000e+03 1.45086600e+02 1.04154000e+00 1.39300000e+01 1.06004700e+03 1.47717100e+02 1.40333700e-01 1.60707700e-01 3.34262000e+03 1.01970000e-02 8.24809400e-01 4.55299900e-01 7.36516900e+01 6.33727800e+02 8.35438100e+01 1.51436500e+03 9.01337300e+01 1.96367400e+03 9.56551100e+01 2.28660300e+03 2.34885800e+02 5.74897500e+03 4.44943100e-01 7.43635400e-01 4.65867500e-01 6.60534700e-01 4.65932400e-01 6.18717100e-01 4.61997100e-01 5.89074100e-01 2.97517500e-01 3.07286900e-01 3.32703800e+01 1.06596000e+02 3.17989500e+01 1.04221500e+01 3.96057600e+02 2.23539500e+01 1.15208700e+04 7.06514900e+02 2.10026900e-02 2.19351700e+00 3.42422700e+00 9.83789700e+00 1.19497000e+04 5.63874700e+00
7.42917400e-01 6.32987400e+03 2.26504000e-02 1.19967200e-01 1.04107700e+00 5.33062600e-02 3.19405000e+00 3.04811300e+00 9.73102900e-01 1.00275400e+00 2.48380700e+02 3.85414900e+01 8.72344300e+01 4.57184000e+01 5.93183200e-03 3.62837200e-01 6.35828800e-01 3.22183900e-01 7.90736600e+00 1.17474500e+00 1.05515600e+00 9.59419300e-01 1.04837200e+00 9.96843000e-01 1.00289800e+00 9.94186400e-01 9.93112300e-01 6.93792700e+01 7.02371900e-01 2.97628100e-01 1.43262800e-01 9.93946800e-02 8.09642400e-01 8.06435400e-01 4.41702900e-01 5.98014500e-01 9.72027100e-01 1.01331000e+02 2.40588700e+00 7.53631600e+00 2.10755300e+00 1.89442400e+00 1.22594000e+03 5.78888400e+03 2.55207800e+03 8.20749300e+02 2.31309800e+02 9.73102900e-01 2.47461000e-01 2.48795000e-01 2.58564100e+00 1.36126300e+01 1.08971000e+03 1.43494400e+02 1.04114100e+00 1.37824200e+01 1.06069600e+03 1.46053700e+02 1.41615300e-01 1.60958500e-01 3.34169000e+03 1.03000900e-02 8.25297300e-01 4.55436600e-01 7.45660500e+01 6.25849300e+02 8.45398900e+01 1.49589900e+03 9.11865800e+01 1.93996800e+03 9.67566400e+01 2.25919400e+03 2.37334100e+02 5.68436000e+03 4.47368100e-01 7.49545600e-01 4.68786000e-01 6.65951100e-01 4.69030300e-01 6.23859900e-01 4.65187900e-01 5.94013500e-01 3.00052800e-01 3.09990300e-01 3.20362700e+01 1.08468300e+02 3.16136900e+01 9.65981700e+00 3.95821300e+02 2.23176900e+01 1.15124200e+04 7.06503500e+02 2.95356000e-02 2.27128100e+00 3.50430300e+00 7.22467200e+00 1.19402200e+04 5.80511900e+00
6.23941300e-01 6.33144700e+03 2.24432600e-02 1.16299000e-01 1.04140600e+00 4.79726300e-02 2.93964700e+00 3.02685200e+00 9.61087100e-01 1.00166400e+00 2.06818800e+02 3.01403100e+01 9.55403000e+01 4.21573400e+01 3.13214400e+00 5.38094100e-01 6.19355800e-01 1.60294600e-01 5.10308000e+00 1.15587800e+00 8.07980400e-01 9.63723100e-01 9.67053000e-01 9.97373300e-01 1.00250000e+00 9.90573500e-01 9.89996800e-01 6.76397700e+01 6.95337200e-01 3.04662800e-01 1.39387500e-01 9.42813500e-02 7.93821000e-01 7.99966200e-01 4.38159600e-01 5.89762900e-01 9.65209400e-01 1.00475100e+02 2.41222700e+00 6.94122300e+00 2.06321800e+00 1.87446200e+00 1.24191100e+03 5.79792600e+03 2.54407000e+03 8.19398800e+02 2.31586900e+02 9.61087100e-01 2.43990400e-01 2.45311700e-01 2.53538200e+00 1.38717000e+01 1.08940000e+03 1.45883100e+02 1.04164700e+00 1.40050400e+01 1.05974200e+03 1.48544500e+02 1.39810400e-01 1.60445000e-01 3.36352500e+03 1.01923100e-02 8.20767400e-01 4.53234500e-01 7.28128600e+01 6.41430700e+02 8.27385900e+01 1.53142300e+03 8.93424500e+01 1.98490600e+03 9.48715000e+01 2.31059800e+03 2.33870200e+02 5.79345100e+03 4.43206000e-01 7.34205600e-01 4.62675100e-01 6.51555300e-01 4.62094600e-01 6.10054400e-01 4.57763500e-01 5.80670100e-01 2.93061500e-01 3.02425500e-01 2.65889000e+01 1.06294600e+02 2.99758400e+01 9.92470200e+00 3.95767400e+02 2.39573300e+01 1.15156000e+04 7.06587700e+02 3.02273100e-06 1.74777200e+00 3.46935500e+00 5.83405300e+00 1.19452500e+04 5.21712900e+00
7.91072100e-01 6.33823000e+03 2.23319700e-02 1.15626400e-01 1.04164600e+00 5.82195200e-02 2.93272100e+00 3.04375200e+00 9.60832700e-01 1.00167300e+00 3.02890600e+02 4.54066500e+01 1.00650000e+02 4.79128200e+01 3.37233100e+00 8.69368700e-01 3.91278900e-01 3.40800700e-01 2.25917400e+00 1.24296000e+00 8.88843900e-01 7.88481400e-01 8.97351700e-01 9.98251700e-01 1.00088200e+00 9.90812200e-01 9.91855200e-01 6.77899200e+01 6.98391100e-01 3.01608900e-01 1.38603600e-01 9.39592400e-02 7.99030600e-01 8.01170400e-01 4.38819100e-01 5.92140100e-01 9.70467300e-01 1.00931900e+02 2.42785700e+00 7.99713100e+00 2.09838300e+00 1.86773800e+00 1.24240300e+03 5.78419600e+03 2.53662800e+03 8.16084900e+02 2.30524800e+02 9.60832700e-01 2.43851500e-01 2.45172400e-01 2.55338400e+00 1.38799500e+01 1.08947200e+03 1.46184800e+02 1.04190900e+00 1.40304800e+01 1.05943700e+03 1.48889300e+02 1.39395900e-01 1.60630300e-01 3.34767400e+03 1.01395100e-02 8.23545600e-01 4.54773400e-01 7.29255000e+01 6.40217000e+02 8.27853300e+01 1.52927200e+03 8.93499900e+01 1.98260900e+03 9.48484300e+01 2.30832700e+03 2.33311200e+02 5.79651100e+03 4.44127900e-01 7.39329500e-01 4.64401100e-01 6.56440500e-01 4.64177400e-01 6.14769600e-01 4.60065300e-01 5.85246000e-01 2.95499100e-01 3.05079200e-01 3.06910000e+01 1.07866800e+02 3.63445600e+01 9.49685000e+00 3.96894400e+02 2.42051000e+01 1.15286100e+04 7.06540900e+02 8.68442700e-03 2.04033800e+00 3.33614900e+00 5.32819000e+00 1.19592100e+04 5.38517100e+00
2.11445400e-01 6.33782300e+03 2.25342500e-02 1.18706900e-01 1.04083200e+00 5.39530100e-02 3.15510900e+00 3.03696100e+00 9.71014000e-01 1.00026900e+00 2.46326000e+02 3.99323000e+01 1.03585600e+02 3.60264700e+01 3.46764100e+00 6.99847000e-01 1.43236400e-01 3.34429500e-01 7.88120300e+00 9.70036000e-01 1.02045100e+00 1.02661400e+00 1.23806500e+00 9.96373900e-01 1.00130700e+00 9.96478100e-01 9.78526200e-01 6.91925000e+01 7.03638100e-01 2.96361900e-01 1.41886300e-01 9.81746900e-02 8.01634500e-01 7.96759000e-01 4.36402900e-01 5.91469000e-01 9.63711200e-01 1.01507800e+02 2.39237000e+00 7.60345500e+00 2.08418200e+00 1.87099500e+00 1.21744900e+03 5.73927600e+03 2.52528000e+03 8.11515400e+02 2.28424400e+02 9.71014000e-01 2.46905500e-01 2.48237500e-01 2.59318400e+00 1.36655100e+01 1.08970700e+03 1.44096400e+02 1.04093100e+00 1.38430300e+01 1.06031400e+03 1.46703500e+02 1.40982300e-01 1.60973400e-01 3.32648400e+03 1.02269200e-02 8.27562600e-01 4.56697900e-01 7.43452200e+01 6.27617000e+02 8.42547500e+01 1.50043200e+03 9.08605700e+01 1.94604800e+03 9.63973100e+01 2.26644300e+03 2.36235000e+02 5.70626800e+03 4.42105200e-01 7.42262400e-01 4.63594000e-01 6.59625400e-01 4.63988300e-01 6.17995100e-01 4.60289100e-01 5.88467400e-01 2.97312900e-01 3.07216700e-01 3.31806000e+01 1.07908100e+02 3.40593300e+01 1.21792600e+01 3.95882900e+02 2.22890900e+01 1.15246100e+04 7.06497300e+02 4.35065900e-02 2.42950100e+00 3.61808300e+00 8.09242700e+00 1.19549600e+04 6.09109100e+00
5.53781700e-01 6.33193000e+03 2.25060400e-02 1.18239800e-01 1.04073200e+00 5.53190300e-02 3.09218100e+00 3.04166100e+00 9.66681200e-01 1.00124900e+00 2.39585900e+02 3.49992400e+01 1.07456900e+02 4.51592200e+01 7.97730600e+00 6.49777600e-01 6.07927000e-01 5.79812000e-02 1.92379200e+00 7.37411000e-01 9.91481200e-01 8.97813600e-01 1.10590200e+00 9.97792200e-01 9.98872100e-01 9.97319900e-01 9.95790000e-01 6.85662800e+01 6.99253500e-01 3.00746500e-01 1.41391000e-01 9.69465600e-02 8.02553300e-01 8.03551200e-01 4.40123100e-01 5.94325000e-01 9.69211500e-01 1.00911500e+02 2.41309500e+00 7.73162800e+00 2.09399900e+00 1.87468000e+00 1.22992900e+03 5.76597000e+03 2.53178400e+03 8.13554400e+02 2.29277200e+02 9.66681200e-01 2.46062400e-01 2.47391400e-01 2.57667100e+00 1.37337600e+01 1.08964200e+03 1.44551600e+02 1.04087900e+00 1.38874600e+01 1.06016200e+03 1.47173600e+02 1.40705200e-01 1.60774500e-01 3.34265300e+03 1.02337500e-02 8.24365000e-01 4.55049900e-01 7.37463700e+01 6.33028800e+02 8.36940100e+01 1.51231000e+03 9.03184700e+01 1.96075500e+03 9.58676200e+01 2.28299600e+03 2.35674500e+02 5.73535400e+03 4.45503700e-01 7.42672700e-01 4.66053100e-01 6.59501000e-01 4.65928800e-01 6.17673900e-01 4.61867600e-01 5.88034300e-01 2.96920600e-01 3.06599300e-01 3.12812100e+01 1.10171900e+02 3.37016700e+01 1.02204600e+01 3.96182400e+02 2.30895300e+01 1.15153600e+04 7.06530500e+02 7.49677500e-03 1.96545900e+00 3.39842000e+00 7.10556400e+00 1.19448500e+04 5.37137600e+00
8.20283600e-01 6.33850600e+03 2.21423300e-02 1.17941300e-01 1.04079200e+00 6.38069500e-02 3.07939000e+00 3.05364400e+00 9.69437100e-01 9.99704900e-01 2.58913700e+02 3.49712200e+01 1.04804800e+02 4.12782000e+01 6.41841000e+00 9.90219400e-01 2.05298700e-01 8.02232600e-01 5.33811000e+00 1.15386500e+00 1.14879700e+00 9.35463600e-01 1.34254500e+00 9.98039400e-01 1.00142300e+00 1.00469000e+00 1.00112900e+00 6.82440200e+01 6.97828300e-01 3.02171700e-01 1.40728800e-01 9.60389900e-02 8.09218700e-01 8.12142300e-01 4.44828700e-01 5.99969700e-01 9.79565700e-01 1.00813200e+02 2.42387000e+00 8.64715600e+00 2.11924200e+00 1.86534300e+00 1.21702100e+03 5.69589600e+03 2.52209100e+03 8.10143500e+02 2.28067000e+02 9.69437100e-01 2.45748100e-01 2.47075900e-01 2.64066000e+00 1.37803600e+01 1.09006200e+03 1.44972200e+02 1.04098700e+00 1.39264200e+01 1.05928400e+03 1.47724600e+02 1.39898400e-01 1.61249300e-01 3.33261000e+03 1.01943000e-02 8.25239500e-01 4.55784900e-01 7.34233400e+01 6.35916900e+02 8.33655500e+01 1.51886400e+03 8.99842000e+01 1.96902500e+03 9.55274500e+01 2.29243800e+03 2.35075300e+02 5.75500200e+03 4.50150000e-01 7.48697500e-01 4.70553400e-01 6.64692600e-01 4.70258500e-01 6.22470200e-01 4.66047100e-01 5.92559500e-01 2.99153400e-01 3.08834700e-01 2.81677000e+01 1.09235600e+02 3.35219300e+01 9.41685700e+00 3.98934700e+02 2.26036500e+01 1.15243100e+04 7.06548400e+02 4.63473600e-03 1.96545900e+00 3.35655900e+00 9.86706500e+00 1.19552700e+04 5.32665300e+00
1.05168300e+00 6.33438500e+03 2.23252800e-02 1.16788600e-01 1.04103600e+00 4.90616400e-02 2.93244900e+00 3.03650600e+00 9.60219000e-01 1.00558100e+00 2.25096200e+02 4.09615400e+01 1.08886700e+02 3.28300800e+01 4.35713000e+00 5.88298200e-01 9.16567100e-01 8.07263200e-01 6.67930000e+00 1.29650500e+00 9.90247300e-01 1.14276500e+00 9.88667700e-01 9.97316800e-01 1.00044300e+00 9.88660200e-01 9.94332700e-01 6.71600300e+01 6.90145400e-01 3.09854600e-01 1.39759000e-01 9.38621800e-02 7.99513000e-01 8.12538300e-01 4.45045600e-01 5.96506300e-01 9.75596200e-01 9.97866300e+01 2.43363100e+00 7.08465600e+00 2.08323300e+00 1.88852800e+00 1.25071300e+03 5.82145900e+03 2.56060600e+03 8.24262600e+02 2.32965600e+02 9.60219000e-01 2.43845000e-01 2.45165900e-01 2.55454400e+00 1.39045900e+01 1.08958400e+03 1.45881400e+02 1.04129500e+00 1.40096200e+01 1.05951300e+03 1.48580400e+02 1.39712600e-01 1.60504800e-01 3.37584400e+03 1.02246200e-02 8.17906400e-01 4.51821600e-01 7.23819300e+01 6.45628400e+02 8.23845700e+01 1.54017900e+03 8.90317000e+01 1.99542700e+03 9.45932600e+01 2.32216500e+03 2.34017500e+02 5.80781000e+03 4.49715700e-01 7.38958700e-01 4.68178600e-01 6.55210100e-01 4.66987900e-01 6.13242400e-01 4.62211700e-01 5.83559500e-01 2.94315500e-01 3.03488400e-01 3.04113100e+01 1.08461500e+02 3.19427100e+01 8.76534200e+00 3.95707300e+02 2.40056200e+01 1.15161900e+04 7.06702900e+02 2.03412400e-02 1.34256300e+00 4.17114800e+00 1.18611000e+01 1.19446700e+04 5.53405300e+00
1.56217800e-01 6.33529300e+03 2.22573300e-02 1.11578000e-01 1.04181100e+00 4.80842600e-02 2.69743000e+00 3.01287200e+00 9.58079500e-01 1.00241600e+00 1.91881900e+02 1.81792800e+01 1.09252300e+02 3.43409900e+01 5.15011800e+00 8.32561700e-01 9.33388600e-02 8.87105900e-02 4.29661200e+00 1.18245000e+00 1.07133100e+00 9.98058600e-01 1.22573700e+00 9.95303300e-01 1.00062400e+00 9.93521700e-01 9.90090500e-01 6.64532500e+01 6.95472400e-01 3.04527600e-01 1.34480400e-01 8.93666100e-02 7.79586100e-01 7.85446800e-01 4.30207000e-01 5.79122900e-01 9.56326000e-01 1.00584500e+02 2.39703800e+00 6.89239500e+00 2.03457500e+00 1.84802700e+00 1.23570700e+03 5.77210500e+03 2.53817300e+03 8.21849000e+02 2.33414500e+02 9.58079500e-01 2.40562300e-01 2.41871100e-01 2.48540600e+00 1.41211500e+01 1.08896700e+03 1.48597800e+02 1.04223900e+00 1.42575500e+01 1.05878800e+03 1.51361300e+02 1.37735600e-01 1.59977500e-01 3.35524000e+03 9.99813000e-03 8.21890000e-01 4.53964700e-01 7.15333900e+01 6.52893500e+02 8.12811900e+01 1.55882400e+03 8.77668700e+01 2.02044300e+03 9.31970700e+01 2.35198400e+03 2.29720700e+02 5.89761300e+03 4.35202400e-01 7.21057800e-01 4.54358200e-01 6.39908700e-01 4.53806400e-01 5.99159100e-01 4.49565400e-01 5.70305900e-01 2.87872600e-01 2.97056800e-01 2.27861400e+01 1.04953300e+02 2.83590300e+01 1.26967200e+01 3.95781600e+02 2.35587800e+01 1.15166300e+04 7.06585300e+02 4.98089800e-04 1.81943000e+00 3.35726500e+00 1.01547600e+01 1.19486700e+04 5.17719300e+00
5.39313700e-01 6.33089200e+03 2.25432700e-02 1.17296100e-01 1.04153700e+00 5.90854500e-02 3.08119600e+00 3.04759800e+00 9.71146200e-01 1.00003800e+00 2.66939500e+02 3.96650400e+01 1.14881900e+02 3.48133500e+01 4.74473700e+00 6.30357300e-01 5.39284500e-01 1.12486600e-01 7.99533100e-01 9.70492000e-01 9.89803400e-01 1.09308100e+00 1.15175200e+00 9.98881500e-01 1.00151400e+00 9.93666500e-01 9.91653900e-01 6.90789800e+01 7.05600900e-01 2.94399100e-01 1.40484500e-01 9.70452300e-02 8.03888100e-01 7.96348500e-01 4.36178100e-01 5.92147200e-01 9.67214100e-01 1.01849700e+02 2.40167600e+00 8.07952900e+00 2.10646800e+00 1.87169000e+00 1.22098100e+03 5.75644500e+03 2.53522300e+03 8.16576900e+02 2.30502100e+02 9.71146200e-01 2.45929700e-01 2.47258100e-01 2.56633600e+00 1.37132600e+01 1.08950400e+03 1.44823500e+02 1.04168500e+00 1.39028100e+01 1.06016200e+03 1.47439500e+02 1.40495700e-01 1.60836400e-01 3.32599200e+03 1.01753000e-02 8.28184900e-01 4.57030800e-01 7.41914700e+01 6.28776100e+02 8.40267600e+01 1.50368000e+03 9.05861300e+01 1.95057700e+03 9.60853800e+01 2.27197700e+03 2.35132500e+02 5.72592900e+03 4.42040300e-01 7.44550900e-01 4.64026300e-01 6.61884500e-01 4.64658300e-01 6.20206400e-01 4.61112000e-01 5.90632300e-01 2.98499000e-01 3.08532900e-01 2.84037400e+01 1.06573900e+02 3.14044100e+01 1.03107500e+01 3.96897600e+02 2.25551100e+01 1.15167000e+04 7.06493200e+02 7.86057200e-02 2.67357500e+00 3.96332500e+00 2.11366300e+00 1.19464600e+04 6.71550600e+00
6.97896200e-01 6.33526700e+03 2.24495200e-02 1.17509900e-01 1.04155900e+00 5.37447000e-02 3.04215400e+00 3.03958800e+00 9.69335000e-01 1.00060500e+00 2.51206000e+02 4.21221700e+01 9.22537200e+01 4.66006100e+01 4.77454000e+00 5.98961500e-01 9.09176700e-01 4.62645700e-01 1.99268500e+00 1.41706200e+00 7.45805700e-01 9.25184100e-01 8.46379000e-01 9.98129100e-01 1.00344900e+00 9.97030400e-01 9.98426800e-01 6.84710700e+01 7.00094100e-01 2.99905900e-01 1.40604500e-01 9.62734200e-02 8.02514200e-01 8.02388300e-01 4.39486200e-01 5.93880400e-01 9.69837900e-01 1.01121300e+02 2.40504100e+00 7.56683300e+00 2.08966400e+00 1.87669800e+00 1.22416400e+03 5.75764500e+03 2.54258300e+03 8.19346700e+02 2.31398400e+02 9.69335000e-01 2.45374700e-01 2.46701100e-01 2.56955200e+00 1.37638600e+01 1.08959900e+03 1.45036500e+02 1.04173300e+00 1.39226200e+01 1.05993300e+03 1.47684700e+02 1.40317100e-01 1.60811900e-01 3.34631000e+03 1.02107000e-02 8.24139500e-01 4.54994100e-01 7.36277300e+01 6.33989700e+02 8.35373600e+01 1.51480400e+03 9.01377600e+01 1.96411900e+03 9.56673600e+01 2.28702000e+03 2.35045100e+02 5.74781200e+03 4.44948200e-01 7.42719500e-01 4.65678600e-01 6.59634900e-01 4.65651800e-01 6.17838000e-01 4.61657900e-01 5.88214700e-01 2.97050600e-01 3.06768900e-01 2.85222100e+01 1.05384000e+02 3.13034100e+01 9.76676900e+00 3.95855900e+02 2.26907500e+01 1.15195400e+04 7.06521600e+02 1.70475200e-02 2.11648900e+00 3.38909100e+00 1.06322700e+01 1.19478600e+04 5.52262700e+00
4.91442400e-01 6.33389400e+03 2.22166300e-02 1.17150900e-01 1.04139000e+00 5.78754800e-02 2.99828900e+00 3.04346700e+00 9.72781800e-01 1.00278600e+00 2.15606500e+02 2.00853500e+01 9.46963900e+01 4.68334100e+01 7.07362200e+00 8.96190700e-01 3.96888100e-01 1.89519900e-01 2.83511300e+00 1.26131800e+00 1.16669200e+00 9.06758900e-01 1.20255400e+00 9.97093200e-01 1.00164700e+00 9.99031700e-01 9.91162400e-01 6.78375200e+01 6.95752300e-01 3.04247700e-01 1.40012700e-01 9.49811200e-02 8.06097300e-01 8.11784000e-01 4.44632400e-01 5.98679300e-01 9.78706400e-01 1.00581000e+02 2.40907600e+00 8.02459700e+00 2.09778500e+00 1.86849100e+00 1.20829700e+03 5.69101200e+03 2.53731600e+03 8.19464200e+02 2.31727100e+02 9.72781800e-01 2.44691400e-01 2.46015400e-01 2.59808000e+00 1.38367400e+01 1.08981500e+03 1.45533100e+02 1.04162000e+00 1.39718100e+01 1.05932200e+03 1.48267600e+02 1.39700400e-01 1.60953100e-01 3.35190900e+03 1.01976000e-02 8.22292400e-01 4.54202700e-01 7.30166700e+01 6.39611700e+02 8.29597800e+01 1.52717600e+03 8.95758000e+01 1.97946400e+03 9.51153200e+01 2.30431400e+03 2.34407200e+02 5.77880800e+03 4.49800300e-01 7.45598800e-01 4.69657300e-01 6.61708800e-01 4.69114000e-01 6.19578900e-01 4.64747700e-01 5.89746900e-01 2.97654600e-01 3.07185800e-01 2.44459200e+01 1.07099500e+02 3.06242800e+01 1.04093900e+01 3.96640900e+02 2.15534900e+01 1.15171200e+04 7.06580400e+02 4.05437800e-04 1.81943000e+00 3.38660300e+00 1.02803300e+01 1.19457200e+04 5.20643900e+00
5.35877500e-01 6.33407800e+03 2.22185400e-02 1.14492200e-01 1.04129300e+00 4.76633100e-02 2.78563800e+00 3.01851300e+00 9.59958300e-01 1.00231600e+00 1.71430800e+02 2.52048100e+01 9.80643700e+01 4.37868000e+01 6.71120600e+00 7.06086300e-01 9.06912700e-01 5.93757200e-01 3.71596200e+00 7.84195000e-01 1.22681700e+00 8.57486100e-01 8.15045400e-01 9.97247800e-01 1.00096800e+00 9.94851300e-01 9.88492600e-01 6.62481700e+01 6.87032300e-01 3.12967700e-01 1.37355900e-01 9.09957600e-02 7.89489100e-01 8.06371700e-01 4.41668000e-01 5.90501500e-01 9.69972000e-01 9.94420600e+01 2.41546500e+00 6.90765400e+00 2.04608500e+00 1.86004600e+00 1.23232000e+03 5.74432500e+03 2.53973800e+03 8.21312900e+02 2.32971700e+02 9.59958300e-01 2.41780200e-01 2.43093500e-01 2.52342200e+00 1.40565500e+01 1.08936400e+03 1.47349500e+02 1.04166300e+00 1.41456100e+01 1.05897900e+03 1.50105400e+02 1.38633400e-01 1.60199200e-01 3.38528300e+03 1.01500800e-02 8.15992200e-01 4.50904700e-01 7.14478700e+01 6.54300000e+02 8.14017800e+01 1.56009600e+03 8.80118200e+01 2.02072800e+03 9.35401500e+01 2.35119900e+03 2.31900900e+02 5.87163000e+03 4.46056800e-01 7.29394600e-01 4.63607700e-01 6.46402100e-01 4.62074400e-01 6.04863200e-01 4.57114900e-01 5.75502300e-01 2.90151600e-01 2.99050100e-01 2.42953200e+01 1.05547900e+02 2.86646900e+01 1.00236100e+01 3.95776600e+02 2.33263900e+01 1.15164300e+04 7.06793100e+02 4.51828100e-02 1.15641700e+00 4.68368400e+00 9.92355200e+00 1.19455500e+04 5.88528400e+00
5.03014600e-01 6.33588300e+03 2.23962900e-02 1.17139100e-01 1.04083900e+00 4.88790100e-02 2.92784800e+00 3.01787200e+00 9.58181200e-01 9.97393900e-01 2.04453400e+02 3.04264300e+01 8.07181700e+01 4.77680300e+01 5.81982500e+00 5.70468200e-01 9.78001000e-01 4.10109000e-01 6.18886800e+00 8.64879600e-01 1.11330000e+00 1.06776600e+00 1.13340300e+00 9.95934300e-01 1.00351900e+00 1.00131600e+00 9.90895400e-01 6.69769300e+01 6.87509200e-01 3.12490800e-01 1.40180500e-01 9.38886000e-02 7.92349100e-01 8.08676000e-01 4.42930100e-01 5.92414800e-01 9.68175200e-01 9.94127900e+01 2.41932700e+00 7.05719000e+00 2.04477300e+00 1.85434000e+00 1.23243000e+03 5.72326900e+03 2.51255900e+03 8.08780600e+02 2.28519300e+02 9.58181200e-01 2.43811700e-01 2.45132400e-01 2.53978700e+00 1.39096700e+01 1.08952200e+03 1.45756900e+02 1.04109500e+00 1.40003500e+01 1.05970400e+03 1.48428400e+02 1.39941600e-01 1.60348300e-01 3.38820300e+03 1.02588200e-02 8.15719600e-01 4.50622400e-01 7.22249900e+01 6.47225800e+02 8.22751000e+01 1.54334200e+03 8.89497100e+01 1.99910100e+03 9.45323900e+01 2.32609500e+03 2.34287700e+02 5.81022800e+03 4.47362700e-01 7.32079000e-01 4.65075700e-01 6.48826500e-01 4.63588800e-01 6.07150100e-01 4.58646700e-01 5.77689400e-01 2.91251000e-01 3.00214600e-01 2.95019500e+01 1.08087200e+02 3.42728000e+01 1.01650200e+01 3.95667900e+02 2.42629100e+01 1.15150000e+04 7.06778300e+02 4.86571900e-02 1.09677200e+00 4.87727400e+00 1.38643700e+01 1.19451000e+04 6.02270300e+00
4.84914000e-01 6.33934400e+03 2.24933200e-02 1.25135600e-01 1.04021700e+00 4.28414500e-02 3.37445500e+00 3.02705100e+00 9.77574700e-01 9.97782100e-01 2.01614100e+02 4.44263600e+01 1.39447900e+02 2.26337600e+01 1.68845100e+00 5.10753000e-01 2.88718400e-01 1.34383400e-01 6.03733100e+00 1.01620000e+00 8.18320900e-01 1.05121700e+00 9.65114500e-01 9.96180900e-01 9.98956800e-01 1.00576500e+00 1.00212900e+00 6.92181400e+01 6.90525200e-01 3.09474800e-01 1.48274100e-01 1.02632500e-01 8.14122600e-01 8.26878800e-01 4.52900200e-01 6.07220100e-01 9.78542800e-01 9.97019200e+01 2.39453700e+00 6.54754600e+00 2.06362900e+00 1.89417400e+00 1.20180100e+03 5.67617100e+03 2.52939100e+03 8.11297900e+02 2.27589300e+02 9.77574700e-01 2.49737200e-01 2.51079400e-01 2.67561600e+00 1.34955700e+01 1.09052400e+03 1.41462000e+02 1.04018600e+00 1.35996900e+01 1.06084800e+03 1.44040200e+02 1.42993600e-01 1.61549000e-01 3.37888600e+03 1.05376200e-02 8.17532800e-01 4.51491900e-01 7.45959800e+01 6.26437400e+02 8.48938200e+01 1.49449300e+03 9.17377400e+01 1.93629800e+03 9.74642500e+01 2.25340500e+03 2.41054800e+02 5.63692400e+03 4.57623500e-01 7.52493900e-01 4.76503400e-01 6.67244500e-01 4.75333700e-01 6.24518500e-01 4.70499800e-01 5.94297000e-01 2.99686200e-01 3.09078300e-01 3.12664600e+01 1.09997600e+02 3.08956700e+01 1.03235900e+01 3.96739600e+02 2.15723600e+01 1.15317900e+04 7.06693000e+02 2.61385900e-02 1.27934900e+00 4.46822200e+00 5.79208400e+00 1.19604300e+04 5.77371000e+00
3.49097700e-01 6.33721400e+03 2.24885100e-02 1.22858700e-01 1.04093200e+00 4.41258000e-02 3.26547600e+00 3.02292400e+00 9.78826600e-01 9.97179500e-01 2.15607800e+02 3.43743600e+01 1.12216000e+02 3.52931400e+01 4.36285400e+00 7.84251800e-01 2.35377800e-01 3.69970200e-01 6.06066200e+00 1.62974900e+00 7.81330500e-01 8.63618400e-01 8.81466600e-01 9.98750200e-01 9.99687000e-01 9.93171300e-01 9.97490100e-01 6.89984100e+01 6.93343700e-01 3.06656300e-01 1.45992400e-01 1.00732400e-01 8.09351000e-01 8.18280500e-01 4.48190700e-01 6.02282000e-01 9.74355300e-01 1.00144000e+02 2.38195600e+00 6.64825400e+00 2.05512900e+00 1.88153300e+00 1.19349200e+03 5.65565100e+03 2.52715500e+03 8.13766300e+02 2.29052600e+02 9.78826600e-01 2.48331800e-01 2.49668900e-01 2.63920000e+00 1.35733700e+01 1.09023100e+03 1.42543000e+02 1.04097000e+00 1.36932800e+01 1.06058100e+03 1.45139600e+02 1.42206200e-01 1.61333200e-01 3.37393600e+03 1.04482100e-02 8.18892900e-01 4.52219500e-01 7.43121400e+01 6.28629400e+02 8.44950800e+01 1.50039200e+03 9.12670200e+01 1.94438000e+03 9.69353600e+01 2.26317000e+03 2.39283400e+02 5.66909400e+03 4.53121800e-01 7.48366700e-01 4.72524900e-01 6.63897000e-01 4.71696600e-01 6.21515400e-01 4.67119300e-01 5.91520000e-01 2.98412400e-01 3.07883400e-01 2.85713300e+01 1.06109100e+02 3.20787500e+01 1.10471300e+01 3.96487500e+02 2.12293900e+01 1.15185700e+04 7.06626700e+02 4.86096100e-03 1.53969800e+00 3.78423300e+00 1.51397800e+01 1.19473300e+04 5.32879200e+00
3.43506100e-01 6.34178300e+03 2.27197400e-02 1.27556900e-01 1.04030900e+00 4.34778100e-02 3.55900400e+00 3.03491200e+00 9.82927600e-01 9.98883000e-01 2.26465000e+02 3.83607500e+01 1.05897700e+02 3.80861300e+01 2.10011800e+00 4.51460000e-01 4.06132700e-01 9.59833800e-03 6.47315700e+00 1.26246600e+00 1.15703900e+00 1.06535300e+00 1.33636500e+00 9.97706600e-01 1.00190400e+00 1.00732500e+00 9.97689700e-01 7.07159400e+01 6.98201400e-01 3.01798600e-01 1.50921800e-01 1.06725700e-01 8.20729400e-01 8.23186000e-01 4.50877500e-01 6.08316100e-01 9.75981000e-01 1.00662200e+02 2.38438700e+00 6.62689200e+00 2.07991400e+00 1.90669400e+00 1.19903200e+03 5.69792300e+03 2.53351600e+03 8.10774000e+02 2.26805400e+02 9.82927600e-01 2.52162800e-01 2.53513700e-01 2.69537100e+00 1.33033600e+01 1.09061800e+03 1.39864300e+02 1.04013900e+00 1.34466900e+01 1.06168700e+03 1.42347300e+02 1.44352500e-01 1.61849100e-01 3.35975900e+03 1.06015600e-02 8.21847400e-01 4.53577300e-01 7.60753200e+01 6.13723500e+02 8.63666000e+01 1.46594000e+03 9.32182000e+01 1.90047200e+03 9.89568300e+01 2.21267100e+03 2.43452200e+02 5.55574900e+03 4.56253500e-01 7.59375100e-01 4.77016000e-01 6.74200100e-01 4.76755000e-01 6.31384200e-01 4.72510200e-01 6.01050800e-01 3.03382700e-01 3.13258000e-01 3.21778300e+01 1.10355700e+02 3.16755500e+01 1.11627400e+01 3.96690500e+02 2.11736100e+01 1.15348000e+04 7.06543400e+02 1.10122500e-03 1.81943000e+00 3.51904000e+00 7.85494800e+00 1.19638300e+04 5.33957100e+00
4.53647200e-01 6.33487200e+03 2.25437900e-02 1.23402200e-01 1.04101900e+00 5.37622300e-02 3.40931700e+00 3.05003500e+00 9.75514200e-01 1.00010000e+00 2.68839500e+02 5.58744300e+01 9.69437300e+01 4.89364300e+01 3.41071500e+00 5.12872000e-01 9.54378400e-01 3.74458700e-01 5.68773100e+00 5.65254800e-01 1.18518500e+00 8.85024100e-01 8.85959300e-01 9.97094700e-01 1.00115700e+00 1.00243500e+00 1.00066000e+00 7.05474900e+01 7.05459700e-01 2.94540300e-01 1.46591200e-01 1.03416400e-01 8.16686600e-01 8.09221000e-01 4.43228600e-01 6.01646800e-01 9.72332200e-01 1.01768100e+02 2.40154300e+00 7.68585200e+00 2.11160800e+00 1.89634000e+00 1.21909600e+03 5.74753800e+03 2.53322400e+03 8.09497000e+02 2.26513800e+02 9.75514200e-01 2.50201600e-01 2.51545400e-01 2.67811600e+00 1.34262900e+01 1.09034500e+03 1.41683300e+02 1.04095400e+00 1.36109100e+01 1.06084800e+03 1.44254800e+02 1.42669000e-01 1.61783100e-01 3.32544700e+03 1.03942300e-02 8.28127400e-01 4.56995500e-01 7.57676800e+01 6.15707600e+02 8.58167400e+01 1.47238600e+03 9.25184000e+01 1.90995600e+03 9.81368200e+01 2.22464000e+03 2.40183200e+02 5.60613600e+03 4.49159900e-01 7.56381200e-01 4.71449400e-01 6.72373500e-01 4.72066900e-01 6.30022500e-01 4.68447600e-01 5.99972100e-01 3.03167200e-01 3.13374700e-01 3.94343300e+01 1.12284900e+02 3.78336800e+01 1.06566200e+01 3.95954900e+02 2.22646400e+01 1.15188600e+04 7.06493300e+02 6.83552000e-02 2.59136600e+00 3.85614900e+00 9.00096700e+00 1.19477300e+04 6.51586900e+00
7.49027300e-01 6.33847300e+03 2.26643600e-02 1.27139700e-01 1.04094600e+00 5.83726700e-02 3.58311500e+00 3.07302700e+00 9.81861000e-01 1.00152200e+00 2.48788500e+02 4.06365500e+01 1.03424000e+02 4.50584700e+01 7.64653600e+00 5.43992800e-01 9.77237500e-01 1.12225700e-01 3.76274300e+00 1.21774300e+00 1.15827800e+00 9.68269700e-01 9.99195200e-01 9.97540800e-01 1.00152600e+00 1.00089700e+00 1.00466600e+00 7.13092000e+01 7.04131600e-01 2.95868400e-01 1.50449200e-01 1.07284100e-01 8.34908300e-01 8.29139200e-01 4.54138200e-01 6.15762800e-01 9.88703300e-01 1.01542400e+02 2.42329800e+00 8.20770300e+00 2.16072100e+00 1.92263500e+00 1.21837800e+03 5.76243500e+03 2.55224300e+03 8.14612700e+02 2.27726900e+02 9.81861000e-01 2.52439900e-01 2.53791700e-01 2.71407100e+00 1.32662200e+01 1.09067400e+03 1.39892900e+02 1.04076100e+00 1.34414100e+01 1.06153500e+03 1.42397300e+02 1.44165200e-01 1.62123000e-01 3.33907600e+03 1.05522600e-02 8.26011700e-01 4.55803900e-01 7.66087800e+01 6.09040000e+02 8.68067400e+01 1.45613100e+03 9.36055800e+01 1.88866300e+03 9.93044600e+01 2.19967000e+03 2.43276100e+02 5.53947700e+03 4.60081400e-01 7.73113700e-01 4.82559600e-01 6.87086600e-01 4.83024200e-01 6.43740800e-01 4.79208800e-01 6.12993400e-01 3.09664500e-01 3.20036600e-01 3.53390200e+01 1.11392400e+02 3.68053000e+01 9.65130600e+00 3.96854900e+02 2.18836800e+01 1.15268900e+04 7.06495700e+02 4.59589400e-02 2.42950100e+00 3.64584100e+00 9.04822500e+00 1.19552800e+04 6.12130100e+00
1.03800600e+00 6.33016100e+03 2.25155700e-02 1.21101200e-01 1.04116000e+00 6.09200300e-02 3.16721000e+00 3.06554700e+00 9.68553100e-01 1.00301300e+00 2.57820100e+02 4.99310000e+01 9.65303800e+01 4.40181800e+01 3.10636900e+00 6.00143000e-01 6.53606600e-01 3.26664000e-01 2.31755100e+00 7.79774800e-01 9.56997100e-01 9.44311000e-01 1.04671400e+00 9.96755000e-01 9.99328700e-01 9.97254300e-01 9.91971800e-01 6.85772700e+01 6.93245200e-01 3.06754800e-01 1.44261900e-01 9.89309000e-02 8.20624000e-01 8.29811100e-01 4.54506300e-01 6.10719900e-01 9.90955400e-01 1.00151300e+02 2.45246800e+00 8.34503200e+00 2.14461900e+00 1.89861000e+00 1.23733700e+03 5.77980000e+03 2.55126700e+03 8.19283600e+02 2.31023500e+02 9.68553100e-01 2.47058000e-01 2.48390500e-01 2.60066000e+00 1.36558300e+01 1.08995000e+03 1.43440200e+02 1.04124900e+00 1.37757900e+01 1.06042900e+03 1.46041500e+02 1.41631300e-01 1.61018000e-01 3.37704200e+03 1.03906100e-02 8.18500900e-01 4.51997700e-01 7.38568000e+01 6.32514300e+02 8.39808500e+01 1.50963300e+03 9.07134100e+01 1.95633500e+03 9.63487000e+01 2.27706900e+03 2.37856600e+02 5.70354600e+03 4.59530000e-01 7.58778500e-01 4.79175900e-01 6.73121100e-01 4.78321400e-01 6.30145700e-01 4.73670300e-01 5.99730800e-01 3.02563000e-01 3.12151400e-01 3.26272200e+01 1.05530200e+02 3.29960400e+01 8.86563400e+00 3.97901100e+02 2.33353000e+01 1.15119700e+04 7.06628800e+02 4.75838400e-03 1.53969800e+00 3.76339200e+00 6.31273200e+00 1.19420700e+04 5.30784900e+00
8.18157900e-01 6.33235700e+03 2.24284800e-02 1.16427900e-01 1.04151200e+00 5.42347900e-02 2.96840700e+00 3.03784300e+00 9.67794500e-01 1.00042000e+00 2.57873300e+02 3.20141500e+01 1.22577800e+02 3.19824800e+01 4.49636200e+00 6.16867400e-01 6.50541200e-01 2.69678500e-01 1.19142200e+00 7.43241900e-01 8.81200500e-01 1.01305800e+00 9.74852100e-01 9.98809200e-01 9.99614400e-01 9.94047600e-01 9.97090500e-01 6.79583700e+01 6.97940200e-01 3.02059800e-01 1.39501500e-01 9.48029600e-02 7.99919900e-01 8.02661300e-01 4.39635700e-01 5.93020500e-01 9.70342400e-01 1.00835000e+02 2.40828500e+00 7.59429900e+00 2.08602000e+00 1.87159000e+00 1.22493600e+03 5.75562500e+03 2.54260400e+03 8.20709500e+02 2.32225800e+02 9.67794500e-01 2.44374600e-01 2.45697300e-01 2.54793900e+00 1.38399800e+01 1.08945700e+03 1.45712900e+02 1.04173900e+00 1.39874600e+01 1.05974200e+03 1.48377600e+02 1.39860900e-01 1.60588600e-01 3.35315300e+03 1.01807800e-02 8.22730100e-01 4.54272400e-01 7.31118700e+01 6.38619400e+02 8.30094700e+01 1.52534100e+03 8.95985700e+01 1.97743600e+03 9.51171300e+01 2.30224300e+03 2.34050200e+02 5.77987900e+03 4.44925500e-01 7.40104300e-01 4.65116000e-01 6.57075100e-01 4.64835800e-01 6.15341500e-01 4.60680500e-01 5.85776500e-01 2.95741400e-01 3.05311000e-01 2.37640900e+01 1.06083300e+02 2.82555500e+01 9.42359200e+00 3.95940200e+02 2.28335600e+01 1.15219600e+04 7.06546800e+02 5.17030400e-03 1.96545900e+00 3.35210300e+00 2.68870700e+00 1.19501600e+04 5.32273300e+00
5.38916900e-01 6.33156800e+03 2.23492200e-02 1.17661100e-01 1.04095700e+00 4.56145000e-02 2.99134600e+00 3.02506100e+00 9.71632400e-01 1.00289500e+00 2.45817400e+02 3.48830500e+01 1.19903900e+02 3.22411300e+01 3.32801100e+00 7.01218900e-01 5.17950700e-01 6.22304600e-01 1.19742500e+00 9.41721200e-01 1.12400800e+00 1.01238800e+00 9.65603300e-01 9.98393700e-01 1.00207500e+00 9.96130200e-01 9.91048000e-01 6.75372300e+01 6.91631400e-01 3.08368600e-01 1.40655500e-01 9.49948300e-02 7.99372100e-01 8.10444800e-01 4.43898900e-01 5.95684800e-01 9.72696500e-01 9.99658200e+01 2.39562100e+00 6.73370400e+00 2.05952700e+00 1.87995400e+00 1.21398900e+03 5.72899200e+03 2.55164500e+03 8.24952100e+02 2.33453000e+02 9.71632400e-01 2.44652800e-01 2.45976600e-01 2.57046600e+00 1.38457200e+01 1.08968700e+03 1.45331600e+02 1.04118200e+00 1.39583200e+01 1.05966600e+03 1.48015900e+02 1.40090700e-01 1.60659800e-01 3.37053700e+03 1.02494500e-02 8.18923600e-01 4.52334100e-01 7.27630500e+01 6.42139500e+02 8.27796400e+01 1.53221400e+03 8.94382700e+01 1.98534000e+03 9.50105200e+01 2.31061900e+03 2.34813400e+02 5.78304900e+03 4.48687100e-01 7.38972700e-01 4.67471900e-01 6.55380800e-01 4.66452800e-01 6.13467700e-01 4.61794500e-01 5.83814400e-01 2.94494500e-01 3.03742400e-01 2.35056800e+01 1.05130700e+02 2.77719100e+01 1.01400100e+01 3.96134800e+02 2.17227600e+01 1.15183200e+04 7.06665400e+02 1.13492500e-02 1.40705700e+00 3.94618800e+00 4.78805300e+00 1.19463200e+04 5.36459500e+00
2.34017700e-01 6.33542100e+03 2.24385800e-02 1.16103600e-01 1.04135300e+00 5.76596000e-02 3.01616300e+00 3.04324900e+00 9.75098100e-01 1.00353500e+00 2.59885400e+02 2.05067100e+01 9.66183200e+01 4.36680700e+01 4.28700000e+00 6.51404700e-01 6.65824000e-01 1.51956200e-01 7.27017700e+00 8.46184300e-01 1.01314000e+00 8.72414500e-01 7.83955700e-01 9.96552700e-01 1.00116200e+00 9.96292400e-01 9.86475700e-01 6.85955800e+01 7.04193600e-01 2.95806400e-01 1.39187400e-01 9.54763800e-02 8.01481600e-01 7.95860000e-01 4.35910500e-01 5.91078900e-01 9.67710600e-01 1.01664600e+02 2.38928500e+00 7.93609600e+00 2.09732800e+00 1.86889000e+00 1.20825900e+03 5.72933400e+03 2.54210700e+03 8.21818500e+02 2.32534700e+02 9.75098100e-01 2.45022100e-01 2.46347300e-01 2.56257100e+00 1.37915400e+01 1.08946300e+03 1.45547000e+02 1.04155800e+00 1.39739700e+01 1.05978000e+03 1.48208700e+02 1.39859800e-01 1.60744900e-01 3.32402400e+03 1.01250000e-02 8.28061100e-01 4.57040700e-01 7.36957200e+01 6.33107500e+02 8.35033800e+01 1.51369500e+03 9.00421500e+01 1.96334200e+03 9.55231000e+01 2.28665900e+03 2.33996400e+02 5.75881700e+03 4.41661300e-01 7.42180800e-01 4.63274100e-01 6.59620300e-01 4.63737300e-01 6.18019000e-01 4.60086300e-01 5.88508300e-01 2.97377300e-01 3.07299400e-01 2.60564300e+01 1.08374900e+02 3.15632600e+01 1.19782500e+01 3.96480100e+02 2.13330600e+01 1.15178800e+04 7.06495500e+02 5.88228300e-02 2.50994400e+00 3.75449500e+00 1.03503000e+01 1.19476700e+04 6.32326100e+00
1.13750700e+00 6.32937300e+03 2.25022100e-02 1.19095900e-01 1.04115700e+00 5.75794200e-02 3.07596100e+00 3.05529300e+00 9.69823600e-01 1.00354900e+00 2.50132300e+02 4.14654600e+01 1.13799300e+02 3.79035200e+01 4.56118600e+00 6.40835700e-01 4.89955000e-01 1.67215500e-01 4.78672200e-01 1.01369000e+00 8.30559100e-01 9.36192000e-01 9.25226900e-01 9.96913200e-01 1.00147700e+00 9.96690700e-01 9.90631800e-01 6.82110600e+01 6.94281200e-01 3.05718800e-01 1.42243300e-01 9.70256500e-02 8.12862900e-01 8.20574000e-01 4.49446900e-01 6.04432600e-01 9.84214800e-01 1.00292700e+02 2.43356400e+00 7.96966600e+00 2.12274000e+00 1.89183800e+00 1.23057100e+03 5.77571900e+03 2.55555400e+03 8.23487700e+02 2.32792000e+02 9.69823600e-01 2.45845200e-01 2.47173400e-01 2.57179100e+00 1.37421800e+01 1.08970600e+03 1.44414000e+02 1.04130900e+00 1.38685100e+01 1.06020000e+03 1.47033000e+02 1.40914400e-01 1.60755100e-01 3.37019500e+03 1.03068700e-02 8.19634500e-01 4.52596800e-01 7.34452900e+01 6.35983600e+02 8.34853700e+01 1.51816300e+03 9.01636800e+01 1.96755300e+03 9.57543000e+01 2.29026000e+03 2.36219800e+02 5.73948700e+03 4.54515900e-01 7.51708400e-01 4.74211400e-01 6.66966600e-01 4.73489400e-01 6.24433300e-01 4.68967300e-01 5.94324700e-01 2.99891000e-01 3.09434800e-01 2.81576000e+01 1.05573900e+02 2.97434300e+01 8.70380200e+00 3.96667800e+02 2.27012500e+01 1.15123400e+04 7.06607500e+02 1.59183200e-03 1.60798500e+00 3.62899000e+00 6.48414400e+00 1.19404200e+04 5.23856600e+00
4.69576600e-01 6.33618500e+03 2.23642700e-02 1.15855700e-01 1.04137700e+00 6.16236400e-02 2.97190500e+00 3.05100400e+00 9.74218300e-01 1.00443200e+00 2.57828500e+02 4.19336400e+01 1.09396800e+02 3.06246100e+01 2.66824900e+00 5.87207800e-01 6.15825100e-01 9.92567900e-01 8.47643300e+00 7.57421200e-01 1.24183600e+00 1.03955200e+00 1.04727500e+00 9.97359900e-01 9.99531600e-01 1.00086200e+00 9.88429000e-01 6.81085200e+01 7.00642400e-01 2.99357600e-01 1.38865100e-01 9.45789800e-02 8.05186100e-01 8.04323600e-01 4.40546200e-01 5.95585100e-01 9.75653400e-01 1.01201000e+02 2.40597700e+00 8.32977300e+00 2.11365600e+00 1.86856700e+00 1.20991400e+03 5.72128500e+03 2.54428300e+03 8.23212500e+02 2.33255800e+02 9.74218300e-01 2.44396400e-01 2.45719300e-01 2.56092300e+00 1.38440900e+01 1.08948900e+03 1.45896900e+02 1.04161300e+00 1.40068200e+01 1.05955100e+03 1.48587900e+02 1.39580500e-01 1.60688800e-01 3.33619700e+03 1.01317200e-02 8.25571300e-01 4.55799500e-01 7.32299600e+01 6.37392900e+02 8.30711000e+01 1.52307100e+03 8.96267500e+01 1.97492900e+03 9.51192500e+01 2.29968100e+03 2.33605400e+02 5.78124300e+03 4.46071000e-01 7.45250600e-01 4.66996700e-01 6.61947900e-01 4.67037500e-01 6.20032000e-01 4.63076700e-01 5.90320700e-01 2.98150600e-01 3.07924000e-01 3.19711400e+01 1.06200200e+02 3.14105000e+01 1.05644100e+01 3.97642800e+02 2.13912000e+01 1.15211500e+04 7.06516400e+02 2.17273500e-02 2.19351700e+00 3.41722400e+00 9.47581000e+00 1.19507500e+04 5.63246800e+00
4.74748700e-02 6.34133100e+03 2.21017400e-02 1.16582100e-01 1.04119700e+00 4.62086100e-02 2.94481300e+00 3.00510200e+00 9.69000000e-01 9.96865500e-01 2.25893800e+02 4.14822100e+01 6.11285800e+01 6.33711000e+01 8.06376800e+00 8.60543800e-01 8.26821900e-01 5.53450300e-01 1.60403800e+00 1.07212300e+00 1.30077200e+00 8.39382700e-01 1.24060800e+00 9.96995300e-01 1.00231000e+00 9.97620500e-01 9.81806400e-01 6.72515900e+01 6.91939300e-01 3.08060700e-01 1.39328900e-01 9.37009200e-02 7.89679400e-01 8.00218000e-01 4.38297400e-01 5.88314900e-01 9.62940700e-01 1.00088400e+02 2.37542000e+00 6.82830800e+00 2.01882900e+00 1.84061600e+00 1.19499100e+03 5.61643100e+03 2.50303900e+03 8.08234300e+02 2.28211500e+02 9.69000000e-01 2.43920400e-01 2.45241600e-01 2.60118100e+00 1.39082000e+01 1.08985700e+03 1.46046900e+02 1.04148000e+00 1.40230200e+01 1.05897900e+03 1.48826800e+02 1.39237700e-01 1.60898300e-01 3.35974100e+03 1.01844300e-02 8.20349200e-01 4.53269700e-01 7.24525700e+01 6.44867200e+02 8.24177700e+01 1.53880300e+03 8.90427500e+01 1.99393100e+03 9.45870700e+01 2.32066000e+03 2.33714000e+02 5.80910700e+03 4.43044700e-01 7.30045800e-01 4.61675600e-01 6.47500800e-01 4.60707800e-01 6.06107300e-01 4.56132400e-01 5.76819600e-01 2.90988000e-01 3.00135600e-01 3.17722900e+01 1.05303200e+02 3.51318400e+01 1.50060400e+01 3.96024800e+02 2.16373100e+01 1.15248700e+04 7.06658100e+02 6.26845700e-03 1.47275900e+00 3.71679100e+00 1.32738300e+01 1.19575300e+04 5.19581800e+00
6.52990300e-01 6.33614600e+03 2.19739500e-02 1.17225400e-01 1.04108300e+00 5.61232300e-02 2.93381800e+00 3.02948600e+00 9.63456300e-01 9.96733400e-01 2.59977000e+02 6.31880800e+01 9.57184000e+01 4.14657600e+01 2.01398500e+00 5.48256300e-01 6.53815300e-01 8.94959900e-01 2.68959200e+00 6.25954600e-01 7.58237600e-01 1.06575300e+00 1.25156700e+00 9.97279200e-01 1.00189200e+00 9.93962400e-01 9.95508100e-01 6.67535400e+01 6.86168400e-01 3.13831600e-01 1.39844500e-01 9.33511300e-02 8.00671000e-01 8.18920600e-01 4.48541300e-01 5.99277900e-01 9.79979400e-01 9.93653800e+01 2.42518700e+00 7.89642300e+00 2.06865900e+00 1.84901700e+00 1.21409100e+03 5.64231400e+03 2.50769700e+03 8.07257600e+02 2.27777000e+02 9.63456300e-01 2.43714400e-01 2.45034700e-01 2.62155600e+00 1.39395000e+01 1.09006700e+03 1.46031400e+02 1.04137600e+00 1.40229300e+01 1.05871200e+03 1.48854100e+02 1.39153700e-01 1.60996500e-01 3.37728900e+03 1.02299500e-02 8.16704400e-01 4.51458800e-01 7.20046100e+01 6.49306000e+02 8.20590400e+01 1.54797200e+03 8.87344800e+01 2.00488400e+03 9.43168800e+01 2.33264800e+03 2.33965800e+02 5.82284200e+03 4.52922400e-01 7.39636300e-01 4.70521500e-01 6.55380400e-01 4.68862100e-01 6.13223600e-01 4.63761400e-01 5.83431400e-01 2.94097500e-01 3.03089000e-01 3.51497100e+01 1.05533300e+02 3.15743100e+01 9.60045700e+00 3.96524600e+02 2.30862700e+01 1.15176500e+04 7.06820900e+02 5.21653100e-02 1.09677200e+00 4.79237400e+00 1.26736800e+01 1.19468600e+04 5.94131100e+00
1.05024200e+00 6.33506600e+03 2.19692700e-02 1.13975600e-01 1.04159900e+00 6.42019800e-02 2.70971900e+00 3.03764400e+00 9.57171900e-01 9.97152100e-01 2.46066400e+02 2.71769200e+01 1.01344700e+02 4.25444700e+01 3.05996100e+00 9.82626900e-01 9.99680700e-03 5.40952500e-01 6.81954100e+00 1.15616500e+00 7.75067900e-01 7.37890600e-01 1.00039700e+00 9.97251000e-01 1.00009300e+00 9.94436300e-01 9.92063200e-01 6.54351800e+01 6.80995700e-01 3.19004300e-01 1.36590100e-01 8.93779500e-02 7.98297700e-01 8.23194500e-01 4.50882200e-01 5.99948500e-01 9.86868300e-01 9.87717400e+01 2.45388600e+00 8.60748300e+00 2.08560500e+00 1.83428500e+00 1.22434100e+03 5.65153200e+03 2.50833400e+03 8.11157200e+02 2.30384900e+02 9.57171900e-01 2.40613600e-01 2.41922600e-01 2.54292300e+00 1.41545600e+01 1.08955500e+03 1.48093700e+02 1.04205300e+00 1.42117200e+01 1.05829200e+03 1.50945900e+02 1.37890200e-01 1.60313400e-01 3.40225400e+03 1.01469400e-02 8.12447300e-01 4.49243400e-01 7.06687000e+01 6.61962800e+02 8.06661700e+01 1.57687800e+03 8.72961200e+01 2.04149700e+03 9.28369200e+01 2.37457200e+03 2.31075000e+02 5.91321100e+03 4.54819400e-01 7.36951200e-01 4.71233500e-01 6.52464700e-01 4.68989800e-01 6.10274500e-01 4.63505200e-01 5.80489500e-01 2.92448500e-01 3.01158600e-01 2.48769700e+01 1.06306800e+02 3.14301600e+01 8.45858700e+00 3.99537100e+02 2.41473100e+01 1.15163900e+04 7.07012400e+02 1.20626000e-01 8.20176000e-01 6.08631200e+00 7.56148100e+00 1.19485300e+04 7.02711400e+00
8.49578200e-01 6.33178200e+03 2.26082600e-02 1.19473600e-01 1.04057800e+00 5.58740500e-02 3.13116900e+00 3.04485400e+00 9.71405300e-01 1.00009400e+00 2.65783700e+02 4.60534600e+01 1.14328800e+02 3.17788600e+01 2.96833000e+00 4.95034600e-01 7.62064900e-01 7.03241100e-01 4.37593300e+00 7.75989100e-01 9.66487100e-01 1.11107400e+00 1.05854000e+00 9.98243100e-01 1.00101400e+00 9.87340700e-01 9.90848200e-01 6.86138900e+01 6.96832900e-01 3.03167100e-01 1.42727000e-01 9.79305500e-02 8.07765700e-01 8.12018300e-01 4.44760700e-01 5.99385100e-01 9.75167900e-01 1.00547600e+02 2.41276400e+00 7.78656000e+00 2.10069600e+00 1.87858800e+00 1.21891700e+03 5.74159200e+03 2.53461900e+03 8.16232900e+02 2.30407000e+02 9.71405300e-01 2.46616500e-01 2.47947500e-01 2.57187800e+00 1.36933900e+01 1.08965900e+03 1.43961900e+02 1.04069000e+00 1.38333100e+01 1.06050500e+03 1.46541100e+02 1.41304300e-01 1.60719400e-01 3.35692600e+03 1.03041200e-02 8.21939000e-01 4.53705500e-01 7.38389300e+01 6.32408400e+02 8.38638500e+01 1.51024700e+03 9.05360400e+01 1.95769900e+03 9.61234100e+01 2.27912300e+03 2.36705400e+02 5.71879600e+03 4.49977800e-01 7.47252200e-01 4.70122700e-01 6.63297100e-01 4.69710200e-01 6.21116200e-01 4.65425300e-01 5.91241100e-01 2.98433700e-01 3.08052900e-01 3.03511200e+01 1.07126700e+02 2.90159200e+01 9.33220600e+00 3.96221900e+02 2.24013900e+01 1.15204400e+04 7.06562800e+02 1.34753300e-04 1.74777200e+00 3.52230500e+00 3.33231600e+00 1.19484000e+04 5.27021200e+00
6.11945400e-01 6.33131500e+03 2.24956600e-02 1.18202000e-01 1.04137000e+00 5.11004800e-02 3.05235100e+00 3.03531900e+00 9.69212100e-01 1.00126000e+00 2.23989500e+02 4.36750000e+01 9.95384800e+01 3.63915500e+01 6.30983500e+00 7.73226700e-01 7.85344900e-01 9.96321100e-01 2.51370900e+00 1.03038200e+00 1.00263500e+00 1.12610900e+00 1.20902000e+00 9.98687800e-01 1.00129900e+00 9.94399500e-01 1.00016900e+00 6.83172600e+01 6.97160200e-01 3.02839800e-01 1.41342800e-01 9.65615500e-02 8.02484900e-01 8.06274000e-01 4.41614500e-01 5.95305800e-01 9.70893600e-01 1.00698100e+02 2.40533400e+00 7.29827900e+00 2.08076100e+00 1.87861100e+00 1.22343900e+03 5.75366100e+03 2.54238900e+03 8.19505500e+02 2.31504800e+02 9.69212100e-01 2.45527800e-01 2.46854800e-01 2.56485300e+00 1.37571200e+01 1.08961100e+03 1.44769200e+02 1.04153900e+00 1.38995500e+01 1.06008500e+03 1.47397700e+02 1.40615000e-01 1.60737600e-01 3.35936500e+03 1.02575400e-02 8.21737900e-01 4.53703000e-01 7.35131600e+01 6.35188100e+02 8.34853700e+01 1.51696100e+03 9.01229700e+01 1.96645300e+03 9.56816100e+01 2.28935600e+03 2.35564900e+02 5.74537200e+03 4.46837100e-01 7.42399900e-01 4.66922100e-01 6.59026700e-01 4.66550400e-01 6.17132900e-01 4.62319600e-01 5.87459100e-01 2.96546900e-01 3.06114700e-01 2.75347200e+01 1.03486100e+02 3.04867500e+01 9.99335400e+00 3.95744300e+02 2.25412300e+01 1.15187300e+04 7.06557900e+02 1.93676500e-03 1.89191900e+00 3.39149400e+00 3.77216300e+00 1.19470100e+04 5.28535000e+00
3.07921100e-01 6.33117000e+03 2.20888700e-02 1.18579000e-01 1.04118500e+00 4.56517100e-02 2.99203600e+00 3.01513500e+00 9.62597900e-01 9.98815400e-01 2.40091500e+02 4.36463600e+01 1.03103500e+02 4.25449700e+01 5.71531300e+00 7.39315000e-01 4.65158800e-01 2.45661600e-01 4.79186800e+00 1.00990600e+00 1.02616200e+00 8.60750700e-01 1.00668300e+00 9.98668300e-01 9.99276100e-01 9.99388500e-01 9.90876400e-01 6.70831300e+01 6.85981300e-01 3.14018700e-01 1.41313000e-01 9.47972000e-02 7.97066400e-01 8.15476900e-01 4.46655100e-01 5.96668900e-01 9.73168100e-01 9.93220600e+01 2.41149300e+00 6.80389400e+00 2.03918400e+00 1.86124600e+00 1.22070000e+03 5.67616500e+03 2.51646500e+03 8.08997900e+02 2.27904500e+02 9.62597900e-01 2.44554200e-01 2.45877700e-01 2.62023200e+00 1.38684700e+01 1.09009800e+03 1.45287800e+02 1.04143700e+00 1.39507100e+01 1.05913200e+03 1.48058200e+02 1.39843000e-01 1.61032200e-01 3.38605500e+03 1.02971000e-02 8.15578500e-01 4.50788200e-01 7.23654300e+01 6.46080400e+02 8.24745000e+01 1.54024300e+03 8.91859700e+01 1.99484700e+03 9.47983900e+01 2.32094900e+03 2.35185900e+02 5.79318700e+03 4.50977800e-01 7.36289100e-01 4.68459300e-01 6.52395000e-01 4.66787500e-01 6.10421900e-01 4.61696400e-01 5.80760600e-01 2.92733400e-01 3.01682600e-01 3.45136400e+01 1.07675200e+02 3.59466300e+01 1.10977200e+01 3.95996500e+02 2.30830100e+01 1.15155800e+04 7.06827100e+02 5.61060900e-02 1.09677200e+00 4.90101900e+00 3.70018800e+00 1.19457600e+04 6.05389700e+00
7.98262500e-01 6.33002400e+03 2.24210300e-02 1.17597300e-01 1.04134500e+00 4.68395500e-02 2.91863600e+00 3.02547200e+00 9.63362600e-01 1.00204000e+00 2.49836300e+02 4.23418500e+01 8.30661500e+01 5.01280300e+01 6.08439200e+00 4.69466400e-01 9.45222600e-01 1.51972200e-01 1.66408000e+00 9.63141000e-01 7.67639000e-01 9.48131100e-01 9.06898100e-01 9.97946000e-01 1.00229900e+00 9.89600800e-01 9.91499700e-01 6.68927000e+01 6.85642500e-01 3.14357500e-01 1.40663400e-01 9.40935800e-02 7.99081400e-01 8.17979200e-01 4.48025700e-01 5.98338500e-01 9.77015900e-01 9.92183200e+01 2.42287000e+00 6.84356700e+00 2.06037300e+00 1.87612400e+00 1.23131400e+03 5.75002300e+03 2.54517800e+03 8.22192500e+02 2.33009300e+02 9.63362600e-01 2.43696000e-01 2.45016300e-01 2.53212300e+00 1.39037600e+01 1.08952100e+03 1.45663800e+02 1.04160200e+00 1.39846000e+01 1.05978000e+03 1.48324600e+02 1.40104100e-01 1.60342700e-01 3.40421100e+03 1.03007900e-02 8.13310400e-01 4.49358100e-01 7.21654500e+01 6.47895600e+02 8.22553300e+01 1.54448800e+03 8.89535500e+01 2.00029100e+03 9.45546500e+01 2.32723900e+03 2.34633800e+02 5.80795900e+03 4.52336200e-01 7.38118000e-01 4.69787700e-01 6.53980400e-01 4.68072900e-01 6.11890800e-01 4.62942500e-01 5.82149200e-01 2.93426000e-01 3.02378000e-01 3.16589800e+01 1.04785200e+02 3.15536600e+01 9.18122300e+00 3.95880300e+02 2.31466500e+01 1.15131200e+04 7.06838400e+02 6.72011700e-02 1.03858200e+00 5.21970300e+00 5.56074700e+00 1.19413200e+04 6.32548600e+00
9.77729600e-01 6.33685500e+03 2.23861100e-02 1.18137800e-01 1.04156700e+00 5.42699700e-02 2.97434200e+00 3.04859700e+00 9.69887700e-01 1.00620500e+00 2.78867400e+02 3.23916600e+01 1.13096800e+02 3.81845800e+01 3.64206400e+00 8.01590700e-01 1.86496600e-01 1.09518000e-01 1.30383000e+00 9.75009300e-01 1.05613300e+00 8.14024500e-01 9.05298200e-01 9.97304300e-01 9.98902600e-01 9.93594400e-01 9.96386300e-01 6.74017300e+01 6.89259800e-01 3.10740200e-01 1.41169100e-01 9.51503900e-02 8.10842200e-01 8.25228900e-01 4.51996500e-01 6.05390600e-01 9.87644900e-01 9.97090800e+01 2.43332900e+00 7.63702400e+00 2.10857400e+00 1.89169200e+00 1.22712000e+03 5.76069800e+03 2.56512100e+03 8.29344400e+02 2.35148100e+02 9.69887700e-01 2.44438200e-01 2.45761200e-01 2.55771700e+00 1.38438600e+01 1.08966600e+03 1.45264300e+02 1.04179200e+00 1.39436900e+01 1.05978000e+03 1.47932500e+02 1.40271400e-01 1.60621200e-01 3.39070300e+03 1.02988900e-02 8.15847300e-01 4.50715100e-01 7.26545700e+01 6.43271700e+02 8.27186700e+01 1.53433700e+03 8.94052400e+01 1.98771400e+03 9.49991700e+01 2.31307100e+03 2.35166500e+02 5.78254200e+03 4.56668800e-01 7.49338300e-01 4.75187700e-01 6.64312300e-01 4.73872100e-01 6.21719500e-01 4.68954700e-01 5.91600100e-01 2.98326200e-01 3.07588100e-01 2.52566800e+01 1.03844000e+02 2.96917800e+01 8.88711600e+00 3.95973900e+02 2.21449400e+01 1.15242000e+04 7.06726900e+02 2.51517100e-02 1.27934900e+00 4.24965500e+00 1.02193500e+01 1.19512100e+04 5.55415600e+00
7.65264400e-01 6.33716000e+03 2.24313100e-02 1.20892900e-01 1.04100900e+00 5.86183500e-02 3.13396400e+00 3.06340400e+00 9.78968800e-01 1.00629200e+00 2.30502200e+02 2.88352800e+01 1.18658400e+02 2.77263100e+01 4.39059300e+00 6.88329100e-01 2.92311800e-01 5.57550500e-01 4.30150500e+00 9.98533600e-01 8.25400700e-01 1.08517500e+00 1.07484900e+00 9.98384900e-01 1.00166200e+00 9.89171400e-01 9.85301300e-01 6.81451400e+01 6.89972500e-01 3.10027500e-01 1.43969300e-01 9.81081100e-02 8.23564600e-01 8.37215300e-01 4.58561700e-01 6.14536500e-01 9.97654600e-01 9.97317500e+01 2.43414900e+00 8.12835700e+00 2.14002800e+00 1.90328700e+00 1.21081100e+03 5.72672200e+03 2.56849800e+03 8.30182200e+02 2.35042100e+02 9.78968800e-01 2.46588800e-01 2.47919600e-01 2.60446900e+00 1.37017600e+01 1.09000500e+03 1.43719900e+02 1.04112700e+00 1.38042700e+01 1.06020000e+03 1.46352000e+02 1.41361500e-01 1.60992400e-01 3.38503000e+03 1.03922900e-02 8.16680400e-01 4.51106600e-01 7.34430800e+01 6.36314800e+02 8.35978400e+01 1.51791200e+03 9.03457300e+01 1.96654500e+03 9.59914600e+01 2.28852700e+03 2.37510000e+02 5.72311100e+03 4.63356500e-01 7.61163800e-01 4.82322500e-01 6.74870200e-01 4.81068800e-01 6.31630800e-01 4.76130600e-01 6.01050000e-01 3.03099400e-01 3.12552300e-01 2.33236900e+01 1.04638100e+02 2.67866100e+01 9.39658700e+00 3.96867200e+02 2.11346100e+01 1.15246400e+04 7.06707500e+02 2.42031700e-02 1.27934900e+00 4.30488100e+00 9.96489000e+00 1.19520400e+04 5.60843300e+00
3.74579400e-01 6.33682500e+03 2.21246000e-02 1.19934100e-01 1.04125400e+00 4.57988500e-02 3.07571000e+00 3.02460700e+00 9.77363900e-01 1.00147000e+00 2.37237500e+02 3.41990900e+01 9.82181100e+01 4.63685200e+01 4.27701700e+00 8.54632900e-01 3.74001600e-01 4.86582200e-01 3.35364100e+00 1.35999700e+00 9.70710100e-01 7.56181700e-01 9.50605500e-01 9.97924000e-01 9.99619700e-01 1.00286000e+00 9.98342600e-01 6.76324500e+01 6.88020900e-01 3.11979100e-01 1.42703900e-01 9.65141200e-02 8.07279100e-01 8.23238800e-01 4.50906500e-01 6.03330200e-01 9.81626200e-01 9.95766000e+01 2.39256000e+00 6.84051500e+00 2.05859000e+00 1.87840600e+00 1.19354200e+03 5.64195800e+03 2.54137700e+03 8.21240400e+02 2.31929000e+02 9.77363900e-01 2.45691500e-01 2.47019100e-01 2.64277800e+00 1.37812900e+01 1.09025500e+03 1.44487200e+02 1.04143900e+00 1.38738000e+01 1.05939900e+03 1.47232000e+02 1.40412400e-01 1.61268300e-01 3.38127500e+03 1.03405700e-02 8.16652000e-01 4.51325700e-01 7.29224200e+01 6.40999600e+02 8.30564500e+01 1.52861600e+03 8.97875800e+01 1.98010500e+03 9.54178800e+01 2.30405600e+03 2.36402900e+02 5.75655000e+03 4.55456800e-01 7.45920500e-01 4.73612400e-01 6.61144900e-01 4.72154800e-01 6.18698100e-01 4.67158500e-01 5.88689700e-01 2.96798100e-01 3.05964900e-01 2.65864300e+01 1.05691700e+02 3.14328800e+01 1.07701400e+01 3.96161300e+02 2.09202100e+01 1.15270000e+04 7.06762800e+02 3.44482500e-02 1.21731700e+00 4.43550200e+00 6.34916200e+00 1.19548500e+04 5.68726800e+00
2.55846700e-01 6.34338200e+03 2.21043400e-02 1.16718800e-01 1.04104800e+00 4.89682000e-02 2.96560300e+00 3.02030000e+00 9.73569700e-01 9.99548800e-01 2.13587200e+02 4.08410500e+01 1.19239100e+02 3.19707100e+01 5.81419200e+00 5.63778100e-01 9.54270200e-01 1.23128900e-01 1.77077200e-01 1.08228500e+00 8.08060500e-01 1.06807300e+00 8.06383200e-01 9.94580500e-01 1.00163800e+00 9.90842100e-01 9.94177100e-01 6.74017300e+01 6.93003500e-01 3.06996500e-01 1.39468300e-01 9.40040500e-02 7.96758700e-01 8.05995900e-01 4.41462200e-01 5.93075700e-01 9.70490500e-01 1.00212000e+02 2.38280900e+00 7.12432900e+00 2.04974400e+00 1.85851600e+00 1.19597200e+03 5.64889500e+03 2.52840100e+03 8.17604900e+02 2.31128100e+02 9.73569700e-01 2.44203500e-01 2.45525600e-01 2.60799500e+00 1.38910200e+01 1.08988800e+03 1.45901500e+02 1.04131100e+00 1.40113300e+01 1.05901700e+03 1.48678600e+02 1.39313200e-01 1.60945400e-01 3.35362700e+03 1.01802800e-02 8.21368900e-01 4.53797000e-01 7.25935700e+01 6.43539400e+02 8.25511200e+01 1.53588500e+03 8.91725700e+01 1.99031500e+03 9.47146700e+01 2.31658600e+03 2.33863600e+02 5.80181200e+03 4.46355300e-01 7.36691600e-01 4.65380300e-01 6.53506600e-01 4.64523800e-01 6.11775500e-01 4.59989300e-01 5.82242600e-01 2.93763100e-01 3.03044500e-01 2.83206700e+01 1.04751600e+02 3.04463300e+01 1.16613700e+01 3.95770900e+02 2.12641200e+01 1.15357900e+04 7.06634000e+02 3.05386400e-03 1.53969800e+00 3.62081800e+00 1.04838200e+01 1.19644800e+04 5.16357000e+00
4.76947600e-01 6.33780500e+03 2.20262700e-02 1.13908000e-01 1.04189600e+00 5.34818300e-02 2.79141400e+00 3.02709800e+00 9.69152900e-01 1.00151600e+00 2.22507800e+02 4.64128500e+01 9.81574800e+01 4.37062800e+01 4.05922200e+00 7.31389900e-01 8.19997900e-01 8.53327100e-01 1.03110200e+00 1.21496300e+00 9.38307200e-01 1.06365400e+00 1.02007000e+00 9.98138200e-01 1.00589900e+00 9.99672300e-01 9.93219500e-01 6.65704300e+01 6.91807300e-01 3.08192700e-01 1.36579400e-01 9.09214900e-02 7.94829400e-01 8.05609300e-01 4.41250400e-01 5.92215200e-01 9.74166600e-01 1.00162500e+02 2.40036500e+00 7.54547100e+00 2.06372500e+00 1.85437700e+00 1.20714200e+03 5.67642600e+03 2.53992800e+03 8.23856100e+02 2.33910800e+02 9.69152900e-01 2.41781500e-01 2.43094800e-01 2.56127200e+00 1.40490600e+01 1.08955900e+03 1.47631300e+02 1.04228100e+00 1.41642500e+01 1.05848300e+03 1.50460900e+02 1.38103600e-01 1.60602100e-01 3.36334600e+03 1.00883800e-02 8.19902200e-01 4.53106100e-01 7.17186000e+01 6.51478200e+02 8.15868400e+01 1.55454000e+03 8.81471200e+01 2.01429800e+03 9.36371900e+01 2.34434400e+03 2.31391200e+02 5.86795700e+03 4.46049900e-01 7.34794600e-01 4.64772300e-01 6.51699900e-01 4.63781900e-01 6.10033000e-01 4.59165500e-01 5.80552800e-01 2.92887100e-01 3.02075100e-01 2.74171200e+01 1.07159400e+02 3.18844900e+01 1.03885300e+01 3.95872300e+02 2.17247400e+01 1.15240100e+04 7.06661200e+02 3.98075800e-03 1.53969800e+00 3.56528000e+00 1.18450900e+01 1.19519900e+04 5.10895900e+00
8.87336300e-01 6.32944800e+03 2.20975700e-02 1.15458800e-01 1.04129300e+00 5.07703900e-02 2.77497700e+00 3.02434900e+00 9.62017100e-01 1.00058300e+00 2.11762200e+02 2.66309500e+01 1.12367600e+02 3.41478300e+01 6.45003400e+00 8.72568500e-01 2.31207700e-01 5.29614200e-01 7.55713000e-01 1.12630200e+00 1.05979900e+00 9.03542300e-01 1.15542600e+00 9.98447600e-01 9.98046300e-01 9.94699400e-01 9.88701400e-01 6.56805400e+01 6.79639200e-01 3.20360800e-01 1.38201500e-01 9.07715100e-02 7.96642900e-01 8.23233000e-01 4.50903300e-01 5.99340400e-01 9.82981500e-01 9.85416600e+01 2.43092600e+00 7.27081300e+00 2.05806000e+00 1.85934300e+00 1.22274100e+03 5.69297700e+03 2.53739300e+03 8.21803900e+02 2.33431700e+02 9.62017100e-01 2.41582700e-01 2.42895300e-01 2.54218900e+00 1.40849100e+01 1.08959400e+03 1.47237400e+02 1.04168200e+00 1.41345800e+01 1.05875000e+03 1.50031700e+02 1.38660700e-01 1.60292600e-01 3.41129000e+03 1.02204400e-02 8.11006300e-01 4.48389000e-01 7.09540500e+01 6.59402200e+02 8.10264800e+01 1.57044200e+03 8.77041100e+01 2.03294700e+03 9.32837900e+01 2.36445000e+03 2.32394100e+02 5.88425300e+03 4.54717000e-01 7.35290700e-01 4.70791200e-01 6.50849500e-01 4.68394300e-01 6.08703800e-01 4.62814600e-01 5.78958400e-01 2.91613300e-01 3.00249900e-01 2.15238000e+01 1.00993400e+02 2.61002700e+01 8.73847000e+00 3.95731800e+02 2.29929600e+01 1.15130000e+04 7.07069600e+02 1.56751800e-01 7.19420900e-01 6.89083700e+00 3.60123700e+00 1.19404600e+04 7.76700900e+00
8.85237600e-01 6.33356200e+03 2.21139300e-02 1.16537800e-01 1.04117600e+00 5.44866900e-02 2.79351700e+00 3.03178400e+00 9.58300900e-01 9.99989400e-01 2.38235300e+02 4.26053100e+01 1.02418500e+02 4.25448400e+01 5.67723700e+00 9.80956400e-01 2.24679000e-01 5.43734700e-01 1.87024600e+00 9.01180400e-01 7.72678900e-01 8.07598600e-01 9.22850200e-01 9.98153400e-01 9.98659300e-01 1.00209000e+00 9.94761700e-01 6.54937700e+01 6.75255900e-01 3.24744100e-01 1.39296800e-01 9.12307500e-02 8.01443000e-01 8.33839800e-01 4.56712900e-01 6.05003600e-01 9.90313300e-01 9.79874800e+01 2.45521100e+00 7.66754200e+00 2.07341900e+00 1.85934700e+00 1.23114200e+03 5.69266200e+03 2.52951100e+03 8.17534900e+02 2.32056700e+02 9.58300900e-01 2.41847200e-01 2.43160800e-01 2.54567200e+00 1.40708100e+01 1.08968600e+03 1.46834700e+02 1.04155700e+00 1.40976200e+01 1.05890300e+03 1.49613400e+02 1.39025300e-01 1.60291400e-01 3.42960000e+03 1.02885400e-02 8.07750800e-01 4.46672200e-01 7.08226300e+01 6.60950300e+02 8.09863400e+01 1.57305800e+03 8.77179300e+01 2.03563900e+03 9.33396500e+01 2.36701600e+03 2.33187300e+02 5.87877800e+03 4.60164700e-01 7.39300400e-01 4.75357700e-01 6.53942100e-01 4.72444000e-01 6.11408500e-01 4.66492400e-01 5.81415400e-01 2.92683200e-01 3.01177700e-01 2.84917300e+01 1.03607700e+02 3.33156800e+01 8.53871500e+00 3.96205800e+02 2.39126600e+01 1.15173400e+04 7.07274100e+02 2.59263000e-01 4.95667100e-01 8.86999600e+00 4.22649600e+00 1.19460000e+04 9.62492600e+00
3.10163300e-01 6.32870400e+03 2.23286700e-02 1.17915700e-01 1.04091400e+00 5.05393800e-02 2.98553100e+00 3.02127400e+00 9.65172000e-01 9.98174100e-01 2.55652600e+02 3.60560700e+01 6.71136200e+01 5.52645800e+01 3.09464200e+00 4.40793000e-01 8.22215400e-01 1.84876000e-01 5.84931700e+00 8.28474800e-01 1.24141800e+00 9.21829700e-01 1.05409600e+00 9.95723800e-01 1.00269100e+00 9.97657400e-01 9.88231000e-01 6.73468000e+01 6.89368900e-01 3.10631100e-01 1.40889600e-01 9.48846100e-02 7.96996300e-01 8.10994900e-01 4.44200200e-01 5.95000800e-01 9.71175700e-01 9.96736600e+01 2.40746900e+00 7.26165800e+00 2.05174200e+00 1.85449100e+00 1.21431700e+03 5.67667400e+03 2.51181700e+03 8.09561300e+02 2.28671700e+02 9.65172000e-01 2.44565900e-01 2.45889400e-01 2.57231600e+00 1.38563900e+01 1.08973100e+03 1.45310000e+02 1.04114200e+00 1.39567800e+01 1.05962800e+03 1.48000600e+02 1.40114800e-01 1.60649900e-01 3.37883100e+03 1.02706200e-02 8.17325400e-01 4.51514200e-01 7.25947300e+01 6.43793200e+02 8.26474000e+01 1.53561000e+03 8.93265700e+01 1.98938200e+03 9.49143800e+01 2.31502800e+03 2.34937600e+02 5.78776600e+03 4.48795300e-01 7.36554600e-01 4.67024700e-01 6.52992400e-01 4.65745600e-01 6.11130900e-01 4.60921800e-01 5.81527900e-01 2.93252800e-01 3.02362300e-01 3.22741200e+01 1.05881800e+02 3.32169600e+01 1.11864000e+01 3.95718100e+02 2.26701200e+01 1.15055500e+04 7.06723900e+02 2.76791400e-02 1.27934900e+00 4.36624000e+00 9.88159400e+00 1.19351300e+04 5.67326800e+00
4.43614600e-01 6.32989400e+03 2.18436200e-02 1.14910000e-01 1.04100900e+00 4.71224700e-02 2.75901600e+00 3.00870000e+00 9.56848700e-01 9.98791500e-01 2.28881500e+02 3.92535700e+01 9.32280400e+01 4.08082400e+01 2.60821100e+00 5.40372500e-01 9.46742700e-01 9.24379100e-01 7.14487300e+00 8.46559500e-01 1.03029000e+00 1.00668800e+00 8.87924300e-01 9.97329100e-01 1.00149800e+00 9.99013100e-01 9.93826600e-01 6.53949000e+01 6.78711500e-01 3.21288500e-01 1.37398800e-01 8.98517900e-02 7.88336400e-01 8.15827800e-01 4.46847300e-01 5.93520000e-01 9.74854100e-01 9.84607900e+01 2.42222500e+00 6.92901600e+00 2.02610300e+00 1.84387500e+00 1.22399600e+03 5.66181500e+03 2.51548100e+03 8.11699600e+02 2.29650100e+02 9.56848700e-01 2.41238600e-01 2.42549800e-01 2.58398300e+00 1.41351000e+01 1.08985000e+03 1.47672800e+02 1.04143800e+00 1.41797100e+01 1.05810200e+03 1.50563400e+02 1.37986200e-01 1.60563500e-01 3.39893600e+03 1.01721200e-02 8.12266400e-01 4.49229600e-01 7.06578600e+01 6.62237200e+02 8.07121900e+01 1.57696000e+03 8.73764000e+01 2.04123200e+03 9.29442000e+01 2.37396200e+03 2.31691100e+02 5.90531600e+03 4.50563700e-01 7.27534600e-01 4.66262200e-01 6.43887100e-01 4.63783100e-01 6.02152600e-01 4.58189100e-01 5.72703000e-01 2.88432900e-01 2.96934800e-01 2.94388400e+01 1.06738700e+02 3.13541300e+01 1.00841900e+01 3.95799700e+02 2.36109400e+01 1.15112800e+04 7.07110400e+02 1.70227600e-01 6.71532900e-01 7.08938200e+00 3.96980100e+00 1.19407800e+04 7.93114300e+00
6.55300000e-01 6.33657300e+03 2.24964800e-02 1.22551400e-01 1.04035400e+00 5.28664800e-02 3.18590100e+00 3.04854300e+00 9.73783800e-01 9.99889900e-01 2.00891600e+02 3.97906200e+01 1.13205400e+02 3.49715700e+01 2.93256400e+00 7.05166300e-01 3.80445800e-01 4.93392400e-01 2.55097200e+00 1.06127800e+00 3.75862300e-01 9.38375000e-01 7.54394100e-01 9.97707800e-01 1.00184200e+00 9.93071100e-01 9.88694900e-01 6.79986600e+01 6.84907400e-01 3.15092600e-01 1.45693100e-01 9.90693200e-02 8.18880400e-01 8.39226000e-01 4.59663000e-01 6.13521800e-01 9.93048200e-01 9.90040000e+01 2.43458900e+00 7.56073000e+00 2.10846000e+00 1.89690800e+00 1.21565700e+03 5.71529600e+03 2.54797100e+03 8.20740600e+02 2.31726700e+02 9.73783800e-01 2.47296500e-01 2.48629900e-01 2.61049100e+00 1.36683900e+01 1.09011700e+03 1.42998200e+02 1.04043800e+00 1.37440400e+01 1.06050500e+03 1.45597000e+02 1.42022200e-01 1.60945700e-01 3.40230200e+03 1.04812200e-02 8.13299600e-01 4.49279700e-01 7.33729600e+01 6.37284300e+02 8.36504300e+01 1.51902200e+03 9.04720800e+01 1.96719900e+03 9.61758800e+01 2.28864800e+03 2.38770500e+02 5.70971700e+03 4.63975700e-01 7.56330800e-01 4.81691100e-01 6.70033000e-01 4.79846500e-01 6.26874800e-01 4.74530100e-01 5.96382700e-01 3.00537300e-01 3.09694700e-01 2.48949100e+01 1.04499400e+02 2.85821100e+01 9.55064700e+00 3.95885000e+02 2.21991900e+01 1.15170800e+04 7.06863700e+02 9.27771900e-02 9.26576500e-01 5.93881000e+00 1.46051300e+01 1.19447200e+04 6.95816300e+00
3.46847000e-01 6.33571700e+03 2.24522500e-02 1.15128200e-01 1.04187400e+00 5.08166300e-02 2.85733800e+00 3.02470600e+00 9.66706700e-01 1.00151400e+00 2.18203500e+02 3.18558900e+01 1.12683100e+02 3.27455500e+01 5.33707600e+00 8.80449100e-01 9.07316100e-02 2.09516400e-01 4.27251100e+00 1.28113400e+00 7.91806300e-01 8.61347400e-01 8.01067300e-01 9.98335100e-01 9.97893200e-01 9.99419300e-01 9.84022300e-01 6.72515900e+01 6.94378900e-01 3.05621100e-01 1.38225600e-01 9.29589000e-02 7.93479900e-01 8.00879200e-01 4.38659600e-01 5.89972500e-01 9.67575100e-01 1.00394900e+02 2.39993500e+00 7.20672600e+00 2.05879500e+00 1.85983500e+00 1.21874400e+03 5.73006900e+03 2.53800500e+03 8.22365300e+02 2.33544300e+02 9.66706700e-01 2.42869100e-01 2.44186400e-01 2.50545600e+00 1.39397300e+01 1.08920700e+03 1.46615700e+02 1.04216700e+00 1.40683600e+01 1.05962800e+03 1.49282600e+02 1.39372900e-01 1.60224200e-01 3.37317200e+03 1.01640900e-02 8.19342000e-01 4.52493600e-01 7.24083000e+01 6.45086200e+02 8.23046200e+01 1.53991100e+03 8.88874300e+01 1.99575000e+03 9.43981500e+01 2.32309200e+03 2.32861800e+02 5.82198300e+03 4.43652700e-01 7.33795000e-01 4.62900300e-01 6.51086100e-01 4.62206600e-01 6.09571700e-01 4.57799800e-01 5.80183800e-01 2.92787300e-01 3.02092600e-01 2.72391400e+01 1.02213900e+02 3.14302700e+01 1.10811500e+01 3.95677700e+02 2.23330300e+01 1.15220200e+04 7.06605600e+02 3.28462100e-04 1.67729600e+00 3.48368100e+00 8.55648900e+00 1.19511100e+04 5.16130600e+00
6.31460800e-01 6.33363300e+03 2.21435800e-02 1.16278400e-01 1.04161400e+00 4.68690200e-02 2.83248400e+00 3.01602700e+00 9.61220100e-01 9.99256800e-01 2.52050000e+02 4.58512300e+01 9.60982300e+01 4.58720600e+01 3.96851200e+00 7.82606900e-01 6.76986800e-01 6.75165500e-01 2.25413200e+00 1.13120200e+00 9.55884800e-01 1.02421600e+00 1.13961400e+00 9.97455500e-01 1.00420700e+00 9.92156400e-01 9.88889200e-01 6.62115500e+01 6.82782700e-01 3.17217300e-01 1.39067100e-01 9.20784800e-02 7.94249500e-01 8.16722900e-01 4.47337600e-01 5.96068500e-01 9.76090500e-01 9.89509600e+01 2.41914600e+00 6.87103300e+00 2.04100500e+00 1.85837800e+00 1.22371900e+03 5.69344200e+03 2.52960400e+03 8.17506600e+02 2.31660300e+02 9.61220100e-01 2.42398900e-01 2.43714400e-01 2.55383600e+00 1.40112200e+01 1.08966500e+03 1.46677600e+02 1.04195500e+00 1.40771500e+01 1.05897900e+03 1.49446700e+02 1.39066900e-01 1.60476400e-01 3.40547000e+03 1.02438000e-02 8.12458100e-01 4.49122600e-01 7.14740700e+01 6.54375600e+02 8.15410700e+01 1.55922900e+03 8.82197500e+01 2.01892400e+03 9.38024800e+01 2.34854200e+03 2.33212200e+02 5.85315400e+03 4.51414600e-01 7.33378500e-01 4.68126400e-01 6.49479900e-01 4.66091700e-01 6.07555900e-01 4.60768600e-01 5.77948500e-01 2.91212500e-01 2.99969500e-01 2.94276900e+01 1.08629300e+02 3.50987900e+01 9.54701700e+00 3.95865600e+02 2.32504200e+01 1.15173100e+04 7.06941400e+02 9.79626600e-02 8.72797100e-01 5.71302700e+00 7.66467900e+00 1.19459800e+04 6.68378700e+00
6.38132300e-01 6.32808000e+03 2.23901000e-02 1.16911000e-01 1.04168000e+00 5.06147200e-02 2.93932400e+00 3.02788200e+00 9.68244900e-01 9.99627100e-01 2.48589200e+02 4.12996300e+01 1.05697400e+02 3.94681600e+01 3.76823700e+00 7.13982300e-01 5.35863200e-01 4.06626000e-01 1.44485600e-01 8.70256500e-01 9.51008900e-01 1.04667700e+00 1.11273700e+00 9.97419900e-01 1.00290400e+00 9.88299000e-01 9.86998100e-01 6.74676500e+01 6.92553100e-01 3.07446900e-01 1.39946200e-01 9.44184400e-02 7.98980500e-01 8.08836200e-01 4.43017800e-01 5.94947600e-01 9.72721200e-01 1.00148700e+02 2.40504200e+00 7.23724400e+00 2.06534500e+00 1.86650500e+00 1.21639200e+03 5.71430100e+03 2.53683600e+03 8.20311300e+02 2.32424700e+02 9.68244900e-01 2.43965200e-01 2.45286500e-01 2.54488500e+00 1.38715600e+01 1.08951800e+03 1.45763600e+02 1.04193900e+00 1.39896500e+01 1.05966600e+03 1.48439600e+02 1.39880700e-01 1.60540800e-01 3.37722400e+03 1.02335900e-02 8.18356300e-01 4.52023600e-01 7.26741600e+01 6.42857000e+02 8.26539900e+01 1.53415300e+03 8.92896100e+01 1.98800100e+03 9.48432600e+01 2.31383800e+03 2.34249700e+02 5.79372700e+03 4.47872700e-01 7.38703200e-01 4.66855600e-01 6.55243700e-01 4.65946400e-01 6.13381900e-01 4.61365000e-01 5.83759200e-01 2.94508800e-01 3.03795000e-01 2.64558300e+01 1.05351400e+02 3.08617300e+01 9.82349400e+00 3.95699800e+02 2.24198100e+01 1.15097100e+04 7.06643900e+02 4.56409800e-03 1.53969800e+00 3.67876000e+00 6.64167000e+00 1.19376500e+04 5.22302300e+00
2.36420200e-01 6.33103000e+03 2.23356300e-02 1.16505900e-01 1.04159400e+00 4.51906300e-02 2.95148600e+00 3.01581000e+00 9.69252900e-01 9.99818100e-01 2.05860600e+02 2.81825400e+01 1.14299000e+02 3.84748800e+01 4.86935200e+00 8.35468000e-01 2.25967300e-01 6.60302300e-02 6.81644000e-01 1.11461000e+00 1.17955200e+00 8.34267600e-01 1.03918500e+00 9.97037800e-01 9.98244400e-01 9.96427300e-01 9.94347000e-01 6.76800500e+01 6.95483000e-01 3.04517000e-01 1.39486700e-01 9.44046900e-02 7.92871400e-01 7.98818000e-01 4.37530600e-01 5.88986900e-01 9.63767700e-01 1.00538000e+02 2.38308600e+00 6.67266800e+00 2.04056100e+00 1.86422200e+00 1.21211200e+03 5.71053400e+03 2.53534800e+03 8.19466000e+02 2.31831000e+02 9.69252900e-01 2.44108000e-01 2.45429800e-01 2.55920300e+00 1.38649700e+01 1.08956200e+03 1.45851000e+02 1.04185100e+00 1.39992200e+01 1.05951300e+03 1.48548900e+02 1.39679200e-01 1.60662400e-01 3.36051200e+03 1.01913900e-02 8.21182400e-01 4.53537300e-01 7.28572400e+01 6.41027000e+02 8.27843000e+01 1.53050300e+03 8.93893100e+01 1.98374200e+03 9.49194600e+01 2.30926600e+03 2.33959300e+02 5.79061900e+03 4.42560600e-01 7.33344900e-01 4.62045400e-01 6.50810900e-01 4.61486300e-01 6.09365500e-01 4.57174600e-01 5.80019400e-01 2.92739300e-01 3.02101800e-01 2.45012300e+01 1.04483100e+02 3.02017500e+01 1.18681800e+01 3.96219700e+02 2.20602700e+01 1.15151200e+04 7.06585100e+02 1.70560800e-04 1.74777200e+00 3.40409300e+00 5.05798800e+00 1.19452600e+04 5.15203600e+00
3.44101200e-01 6.32771800e+03 2.22065400e-02 1.17218400e-01 1.04075600e+00 5.23932900e-02 2.99870800e+00 3.02547300e+00 9.64946800e-01 9.98111500e-01 2.58880700e+02 4.27228900e+01 1.00753500e+02 4.23481700e+01 4.44879100e+00 5.37623400e-01 8.75194500e-01 3.12181700e-01 4.59515200e+00 1.01944500e+00 9.25299300e-01 9.55860900e-01 8.56450300e-01 9.97935500e-01 1.00154000e+00 1.00612300e+00 9.99652800e-01 6.75958300e+01 6.93446900e-01 3.06553100e-01 1.40070100e-01 9.46815400e-02 7.96216800e-01 8.04865900e-01 4.40843200e-01 5.92458300e-01 9.68437100e-01 1.00215500e+02 2.40513000e+00 7.46917700e+00 2.06037400e+00 1.85540100e+00 1.21772600e+03 5.69119600e+03 2.51381400e+03 8.08636800e+02 2.27926900e+02 9.64946800e-01 2.44692900e-01 2.46016900e-01 2.60015200e+00 1.38566400e+01 1.08983600e+03 1.45520900e+02 1.04098600e+00 1.39791400e+01 1.05932200e+03 1.48256900e+02 1.39701200e-01 1.60867800e-01 3.35310100e+03 1.02015200e-02 8.21545800e-01 4.53805500e-01 7.27965000e+01 6.41712400e+02 8.27699100e+01 1.53163500e+03 8.94025900e+01 1.98488000e+03 9.49544300e+01 2.31031900e+03 2.34382100e+02 5.78739800e+03 4.45756300e-01 7.36234600e-01 4.64867500e-01 6.53149500e-01 4.64064100e-01 6.11461100e-01 4.59568800e-01 5.81955800e-01 2.93631600e-01 3.02931500e-01 3.22528400e+01 1.08166300e+02 3.31286800e+01 1.10781400e+01 3.95805300e+02 2.29105400e+01 1.15102300e+04 7.06624500e+02 3.04120700e-03 1.53969800e+00 3.66590900e+00 3.57996900e+00 1.19400200e+04 5.20864900e+00
3.07193600e-01 6.32892200e+03 2.22863700e-02 1.18742100e-01 1.04049700e+00 4.87496000e-02 3.07670900e+00 3.02286000e+00 9.66322700e-01 9.98563900e-01 2.70554600e+02 3.94598600e+01 9.58168500e+01 3.99002100e+01 3.04019200e+00 6.03456600e-01 7.20435200e-01 6.11729800e-01 8.39371600e+00 8.19291300e-01 9.69860000e-01 9.46986700e-01 8.85217600e-01 9.97474800e-01 9.99968800e-01 1.00017200e+00 9.88927400e-01 6.79437300e+01 6.93104700e-01 3.06895300e-01 1.41673600e-01 9.62583400e-02 7.97840600e-01 8.06957500e-01 4.41988800e-01 5.93832100e-01 9.67924400e-01 1.00124700e+02 2.40087300e+00 7.10601800e+00 2.05499800e+00 1.86409500e+00 1.21786300e+03 5.70037100e+03 2.51698000e+03 8.08660500e+02 2.27596200e+02 9.66322700e-01 2.45772000e-01 2.47099900e-01 2.61202000e+00 1.37810400e+01 1.08994600e+03 1.44666800e+02 1.04067800e+00 1.39012000e+01 1.05966600e+03 1.47364200e+02 1.40398600e-01 1.60966300e-01 3.35629700e+03 1.02649000e-02 8.21050600e-01 4.53482500e-01 7.31802100e+01 6.38370100e+02 8.32143700e+01 1.52358300e+03 8.98869900e+01 1.97439600e+03 9.54720300e+01 2.29807600e+03 2.35710100e+02 5.75586200e+03 4.46854700e-01 7.37704100e-01 4.65934500e-01 6.54417400e-01 4.65092500e-01 6.12633000e-01 4.60562700e-01 5.83061700e-01 2.94165600e-01 3.03475200e-01 3.19657500e+01 1.06991200e+02 3.35296400e+01 1.12977600e+01 3.95740600e+02 2.27452800e+01 1.15110500e+04 7.06631800e+02 5.39490600e-03 1.53969800e+00 3.79216500e+00 5.03894700e+00 1.19408400e+04 5.33725900e+00
6.76722200e-01 6.32987900e+03 2.20863300e-02 1.16213700e-01 1.04138600e+00 5.11043700e-02 2.86597900e+00 3.02730800e+00 9.58373600e-01 1.00182800e+00 2.20631900e+02 3.95796800e+01 1.02565000e+02 3.66412100e+01 2.90194000e+00 4.88575000e-01 6.40463000e-01 3.89566200e-01 6.15649000e+00 1.16536800e+00 1.16945000e+00 9.83871100e-01 1.08158900e+00 9.97043200e-01 9.98477600e-01 9.97566700e-01 9.91620900e-01 6.65081800e+01 6.85881700e-01 3.14118300e-01 1.38945100e-01 9.24098800e-02 7.96715200e-01 8.15246800e-01 4.46529100e-01 5.96453300e-01 9.76934800e-01 9.93329800e+01 2.43294400e+00 7.33184800e+00 2.06415800e+00 1.86360700e+00 1.23696400e+03 5.73081900e+03 2.53187600e+03 8.15320600e+02 2.30429600e+02 9.58373600e-01 2.42837100e-01 2.44154200e-01 2.57634500e+00 1.39872400e+01 1.08976700e+03 1.46565100e+02 1.04171600e+00 1.40695800e+01 1.05886500e+03 1.49354500e+02 1.38988300e-01 1.60653500e-01 3.38678700e+03 1.02111700e-02 8.15493000e-01 4.50747000e-01 7.17456600e+01 6.51669800e+02 8.17710000e+01 1.55354100e+03 8.84267200e+01 2.01205200e+03 9.39924300e+01 2.34095200e+03 2.33203600e+02 5.84280900e+03 4.50863400e-01 7.35956200e-01 4.68315800e-01 6.52091500e-01 4.66633300e-01 6.10134700e-01 4.61536600e-01 5.80485500e-01 2.92608300e-01 3.01538800e-01 3.13775700e+01 1.05586000e+02 3.04069800e+01 9.51958200e+00 3.95759500e+02 2.39183000e+01 1.15124800e+04 7.06830400e+02 5.50287000e-02 1.09677200e+00 4.84750200e+00 5.25228300e+00 1.19416800e+04 5.99930300e+00
5.43909700e-01 6.33564200e+03 2.21293500e-02 1.18862200e-01 1.04131200e+00 4.88401300e-02 2.98390500e+00 3.02239100e+00 9.59496000e-01 9.98637600e-01 2.44262700e+02 3.31853400e+01 7.74232200e+01 4.93473000e+01 4.41737100e+00 3.99972700e-01 8.94165800e-01 3.41770500e-01 9.20054400e+00 1.09917600e+00 1.09476600e+00 8.75570900e-01 9.70126000e-01 9.96994700e-01 9.98002200e-01 9.89984800e-01 9.95008300e-01 6.69622800e+01 6.84124900e-01 3.15875100e-01 1.41636700e-01 9.48431600e-02 8.00151000e-01 8.21048900e-01 4.49707000e-01 5.99861200e-01 9.77815400e-01 9.90891500e+01 2.43001000e+00 7.13958700e+00 2.05403500e+00 1.86288400e+00 1.22999400e+03 5.69223300e+03 2.51581200e+03 8.08009100e+02 2.27687600e+02 9.59496000e-01 2.44461400e-01 2.45784500e-01 2.60966900e+00 1.38705800e+01 1.09006300e+03 1.45223700e+02 1.04155600e+00 1.39429600e+01 1.05924600e+03 1.47977600e+02 1.39989200e-01 1.60953500e-01 3.39758400e+03 1.03264700e-02 8.13710900e-01 4.49784500e-01 7.22639500e+01 6.47124100e+02 8.24072100e+01 1.54227800e+03 8.91385400e+01 1.99718800e+03 9.47662400e+01 2.32343200e+03 2.35398100e+02 5.79426200e+03 4.53901200e-01 7.38956500e-01 4.71034900e-01 6.54559500e-01 4.69140100e-01 6.12364900e-01 4.63882500e-01 5.82558400e-01 2.93567200e-01 3.02462800e-01 3.31152100e+01 1.07048700e+02 3.29527600e+01 9.89547100e+00 3.95711100e+02 2.39255400e+01 1.15185400e+04 7.06891500e+02 8.11597500e-02 9.81866700e-01 5.41962000e+00 9.83564000e+00 1.19480700e+04 6.48264700e+00
4.36758400e-01 6.33038500e+03 2.26450900e-02 1.20292000e-01 1.04095400e+00 4.83391700e-02 3.15540800e+00 3.02938100e+00 9.70577300e-01 9.99174000e-01 2.46140400e+02 4.25776000e+01 9.14774900e+01 3.80356600e+01 2.91265000e+00 6.72240300e-01 4.18718700e-01 7.95660000e-01 7.87000600e+00 9.76874000e-01 7.20109900e-01 1.08624100e+00 1.21407300e+00 9.97187000e-01 1.00156300e+00 9.97983500e-01 9.92238300e-01 6.87640400e+01 6.96346700e-01 3.03653300e-01 1.43582200e-01 9.87329400e-02 8.03503100e-01 8.08380700e-01 4.42768300e-01 5.96461000e-01 9.68962300e-01 1.00510800e+02 2.39826500e+00 7.02362100e+00 2.06844300e+00 1.87783200e+00 1.21748700e+03 5.73314100e+03 2.52977600e+03 8.14194700e+02 2.29588900e+02 9.70577300e-01 2.46950500e-01 2.48282700e-01 2.57353200e+00 1.36572600e+01 1.08970800e+03 1.43605600e+02 1.04104800e+00 1.37943300e+01 1.06065800e+03 1.46167600e+02 1.41639200e-01 1.60792600e-01 3.36630400e+03 1.03495100e-02 8.20647400e-01 4.53014500e-01 7.40097300e+01 6.30983000e+02 8.40706200e+01 1.50672900e+03 9.07660100e+01 1.95306400e+03 9.63724700e+01 2.27366500e+03 2.37397600e+02 5.70376600e+03 4.47908600e-01 7.43260600e-01 4.67840700e-01 6.59700300e-01 4.67373700e-01 6.17725600e-01 4.63072600e-01 5.87999500e-01 2.96771900e-01 3.06319200e-01 3.10431500e+01 1.05604400e+02 3.24439300e+01 1.06552500e+01 3.95797800e+02 2.24068300e+01 1.15128900e+04 7.06570500e+02 2.42814900e-05 1.74777200e+00 3.52005600e+00 7.18289600e+00 1.19417500e+04 5.26785200e+00
4.79799500e-01 6.32888700e+03 2.24800100e-02 1.16212300e-01 1.04170800e+00 5.46178900e-02 2.93680400e+00 3.03106300e+00 9.64432900e-01 9.98615700e-01 2.37916100e+02 2.97537700e+01 1.06977300e+02 3.74330200e+01 2.18937100e+00 7.33625200e-01 1.47249600e-01 7.24152700e-02 7.41011600e+00 1.06251500e+00 8.26922400e-01 8.72503900e-01 9.34421300e-01 9.96765600e-01 1.00052700e+00 1.00141300e+00 9.94845000e-01 6.77679400e+01 6.96597400e-01 3.03402600e-01 1.39337500e-01 9.44261300e-02 7.96386800e-01 8.00890300e-01 4.38665700e-01 5.91056300e-01 9.67413000e-01 1.00663400e+02 2.40918500e+00 7.61566200e+00 2.07192400e+00 1.85751900e+00 1.22446400e+03 5.73185000e+03 2.52407100e+03 8.14587500e+02 2.30589700e+02 9.64432900e-01 2.43965200e-01 2.45286500e-01 2.52793400e+00 1.38612200e+01 1.08934500e+03 1.45892100e+02 1.04195700e+00 1.40017400e+01 1.05981800e+03 1.48541300e+02 1.39852800e-01 1.60434100e-01 3.36361500e+03 1.01906100e-02 8.21097600e-01 4.53386500e-01 7.29335600e+01 6.40275200e+02 8.28414900e+01 1.52897900e+03 8.94354700e+01 1.98194500e+03 9.49571800e+01 2.30732100e+03 2.33869900e+02 5.78891400e+03 4.43803700e-01 7.36706700e-01 4.63620000e-01 6.53916300e-01 4.63189000e-01 6.12324000e-01 4.58947700e-01 5.82867000e-01 2.94222500e-01 3.03681800e-01 2.78681300e+01 1.07224800e+02 3.23227400e+01 1.04713000e+01 3.96038400e+02 2.32478500e+01 1.15116100e+04 7.06566500e+02 1.47237200e-03 1.81943000e+00 3.37478800e+00 4.64511900e+00 1.19413700e+04 5.19569000e+00
7.22591300e-01 6.32857900e+03 2.24004700e-02 1.22503000e-01 1.04078000e+00 5.32199100e-02 3.28038900e+00 3.05075700e+00 9.78747600e-01 1.00269800e+00 2.60304200e+02 4.59587100e+01 9.94148500e+01 4.41833600e+01 3.56854800e+00 5.82559100e-01 8.05154600e-01 6.80098500e-01 4.33832600e+00 1.00533800e+00 7.46482500e-01 9.99253200e-01 9.78149800e-01 9.98386300e-01 1.00342100e+00 9.95750800e-01 9.97130900e-01 6.91705300e+01 6.95795300e-01 3.04204700e-01 1.45548600e-01 1.00676800e-01 8.19267400e-01 8.24988600e-01 4.51864900e-01 6.08439100e-01 9.85065500e-01 1.00473700e+02 2.41068600e+00 7.63092000e+00 2.11313400e+00 1.89976900e+00 1.20860300e+03 5.71560900e+03 2.55026700e+03 8.19770700e+02 2.30604600e+02 9.78747600e-01 2.48492600e-01 2.49830300e-01 2.66069100e+00 1.35701800e+01 1.09032800e+03 1.42625300e+02 1.04081800e+00 1.37031900e+01 1.06035200e+03 1.45255100e+02 1.41959000e-01 1.61497300e-01 3.35710300e+03 1.04062100e-02 8.21604500e-01 4.53696700e-01 7.44553400e+01 6.27246700e+02 8.45920300e+01 1.49767300e+03 9.13370000e+01 1.94123600e+03 9.69845500e+01 2.25982400e+03 2.38999700e+02 5.66747400e+03 4.57059500e-01 7.57784000e-01 4.77253000e-01 6.72525300e-01 4.76708100e-01 6.29707000e-01 4.72275500e-01 5.99387100e-01 3.02483100e-01 3.12195400e-01 3.04264500e+01 1.09935200e+02 3.21123100e+01 9.63912100e+00 3.95916800e+02 2.13689700e+01 1.15119300e+04 7.06579700e+02 5.69499000e-06 1.74777200e+00 3.51467000e+00 6.46062100e+00 1.19388600e+04 5.26244700e+00
